2.000000000000000111e-01,1.423425292968750200e-01,1.324987030029297075e-01,3.779999999999999805e+00,0.000000000000000000e+00
2.000395439904906758e-01,1.324987030029297075e-01,1.719808197021484575e-01,3.779999999999999805e+00,0.000000000000000000e+00
2.002358883661010391e-01,1.324987030029297075e-01,5.646695709228515270e-01,3.779999999999999805e+00,3.750000000000000000e+05
2.006687372859356777e-01,2.402524566650390825e-01,1.324987030029297075e-01,3.779999999999999805e+00,0.000000000000000000e+00
2.007176912959454385e-01,3.381604766845703325e-01,1.324987030029297075e-01,3.779999999999999805e+00,3.750000000000000000e+05
2.015438446966957009e-01,1.324987030029297075e-01,9.573583221435546520e-01,3.779999999999999805e+00,0.000000000000000000e+00
2.017401890723060642e-01,1.324987030029297075e-01,1.350047073364257777e+00,3.779999999999999805e+00,3.750000000000000000e+05
2.029596469539729220e-01,4.360684967041015825e-01,1.324987030029297075e-01,3.779999999999999805e+00,0.000000000000000000e+00
2.030086009639826827e-01,5.339765167236327770e-01,1.324987030029297075e-01,3.779999999999999805e+00,3.750000000000000000e+05
2.046213633265663856e-01,1.324987030029297075e-01,1.742735824584960902e+00,3.779999999999999805e+00,0.000000000000000000e+00
2.048177072253395681e-01,1.324987030029297075e-01,2.135423622131347621e+00,3.779999999999999805e+00,3.750000000000000000e+05
2.068237731695729276e-01,6.318845367431640270e-01,1.324987030029297075e-01,3.779999999999999805e+00,0.000000000000000000e+00
2.068727271795826883e-01,7.297925567626952770e-01,1.324987030029297075e-01,3.779999999999999805e+00,3.750000000000000000e+05
2.092720976047330317e-01,1.324987030029297075e-01,2.528112373352050746e+00,3.779999999999999805e+00,0.000000000000000000e+00
2.094684419803433950e-01,1.324987030029297075e-01,2.920801124572753871e+00,3.779999999999999805e+00,3.750000000000000000e+05
2.122611168864107778e-01,8.277005767822265270e-01,1.324987030029297075e-01,3.779999999999999805e+00,0.000000000000000000e+00
2.123100718500948725e-01,9.256105041503905895e-01,1.324987030029297075e-01,3.779999999999999805e+00,3.750000000000000000e+05
2.154960516855047303e-01,1.324987030029297075e-01,3.313489875793456996e+00,3.779999999999999805e+00,0.000000000000000000e+00
2.156923960611150937e-01,1.324987030029297075e-01,3.706178627014160121e+00,3.779999999999999805e+00,3.750000000000000000e+05
2.192716803774418799e-01,1.023518524169921839e+00,1.324987030029297075e-01,3.779999999999999805e+00,0.000000000000000000e+00
2.193206343874516406e-01,1.121426544189453089e+00,1.324987030029297075e-01,3.779999999999999805e+00,3.750000000000000000e+05
2.232932231846953552e-01,1.324987030029297075e-01,4.098867378234863246e+00,3.779999999999999805e+00,0.000000000000000000e+00
2.234895675603057186e-01,1.324987030029297075e-01,4.491556129455566371e+00,3.779999999999999805e+00,3.750000000000000000e+05
2.278554608384664171e-01,1.219334564208984339e+00,1.324987030029297075e-01,3.779999999999999805e+00,0.000000000000000000e+00
2.279044148484761778e-01,1.317242584228515589e+00,1.324987030029297075e-01,3.779999999999999805e+00,3.750000000000000000e+05
2.326636126075538880e-01,1.324987030029297075e-01,4.884244880676269496e+00,3.779999999999999805e+00,0.000000000000000000e+00
2.328599569831642513e-01,1.324987030029297075e-01,5.276933631896972621e+00,3.779999999999999805e+00,3.750000000000000000e+05
2.380124592231590008e-01,1.415150604248046839e+00,1.324987030029297075e-01,3.779999999999999805e+00,0.000000000000000000e+00
2.380614132331687616e-01,1.513058624267578089e+00,1.324987030029297075e-01,3.779999999999999805e+00,3.750000000000000000e+05
2.436072199540805505e-01,1.324987030029297075e-01,5.669622383117675746e+00,3.779999999999999805e+00,0.000000000000000000e+00
2.438035643296909138e-01,1.324987030029297075e-01,6.062311134338378871e+00,3.779999999999999805e+00,3.750000000000000000e+05
2.497426759799450113e-01,1.610968551635742152e+00,1.324987030029297075e-01,3.779999999999999805e+00,0.000000000000000000e+00
2.497916299899547721e-01,1.708876571655273402e+00,1.324987030029297075e-01,3.779999999999999805e+00,3.750000000000000000e+05
2.561240461211258257e-01,1.324987030029297075e-01,6.454999885559081996e+00,3.779999999999999805e+00,0.000000000000000000e+00
2.563203904967361613e-01,1.324987030029297075e-01,6.847688636779785121e+00,3.779999999999999805e+00,3.750000000000000000e+05
2.630461111088241988e-01,1.806784591674804652e+00,1.324987030029297075e-01,3.779999999999999805e+00,0.000000000000000000e+00
2.630950651188339595e-01,1.904692611694335902e+00,1.324987030029297075e-01,3.779999999999999805e+00,3.750000000000000000e+05
2.702140902118390087e-01,1.324987030029297075e-01,7.240377388000488246e+00,3.779999999999999805e+00,0.000000000000000000e+00
2.704104345874493442e-01,1.324987030029297075e-01,7.633066139221191371e+00,3.779999999999999805e+00,3.750000000000000000e+05
2.779227641613714606e-01,2.002600631713867152e+00,1.324987030029297075e-01,3.779999999999999805e+00,0.000000000000000000e+00
2.779717181713812213e-01,2.100508651733398402e+00,1.324987030029297075e-01,3.779999999999999805e+00,3.750000000000000000e+05
2.858773522262203493e-01,1.324987030029297075e-01,8.025754890441895384e+00,3.779999999999999805e+00,0.000000000000000000e+00
2.860736966018306848e-01,1.324987030029297075e-01,8.418443641662598509e+00,3.779999999999999805e+00,3.750000000000000000e+05
2.943726351375868799e-01,2.198416671752929652e+00,1.324987030029297075e-01,3.779999999999999805e+00,0.000000000000000000e+00
2.944215901012709469e-01,2.296326599121093714e+00,1.324987030029297075e-01,3.779999999999999805e+00,3.750000000000000000e+05
3.031138335663693395e-01,1.324987030029297075e-01,8.811132392883301634e+00,3.779999999999999805e+00,0.000000000000000000e+00
3.033101779419796751e-01,1.324987030029297075e-01,9.203821144104004759e+00,3.779999999999999805e+00,3.750000000000000000e+05
3.123957258879950794e-01,2.394234619140624964e+00,1.324987030029297075e-01,3.779999999999999805e+00,0.000000000000000000e+00
3.124446798980048401e-01,2.492142639160156214e+00,1.324987030029297075e-01,3.779999999999999805e+00,3.750000000000000000e+05
3.219235323249372560e-01,1.324987030029297075e-01,9.596509895324707884e+00,3.779999999999999805e+00,0.000000000000000000e+00
3.221198764621290289e-01,1.324987030029297075e-01,9.989198169708252806e+00,3.779999999999999805e+00,3.750000000000000000e+05
3.319920329203447928e-01,2.590050659179687464e+00,1.324987030029297075e-01,3.779999999999999805e+00,0.000000000000000000e+00
3.320409869303545536e-01,2.687958679199218714e+00,1.324987030029297075e-01,3.779999999999999805e+00,3.750000000000000000e+05
3.423064478694873847e-01,1.324987030029297075e-01,1.038188692092895593e+01,3.779999999999999805e+00,0.000000000000000000e+00
3.424353914676870891e-01,1.666764831542968950e-01,1.063749929428100671e+01,3.779999999999999805e+00,3.750000000000000000e+05
3.529568653649177712e-01,2.785866699218749964e+00,1.324987030029297075e-01,3.779999999999999805e+00,0.000000000000000000e+00
3.530058193749275319e-01,2.883774719238281214e+00,1.324987030029297075e-01,3.779999999999999805e+00,3.750000000000000000e+05
3.635272932721582140e-01,2.645845031738281450e-01,1.063749929428100671e+01,3.779999999999999805e+00,0.000000000000000000e+00
3.635762472821679747e-01,3.624925231933593950e-01,1.063749929428100671e+01,3.779999999999999805e+00,3.750000000000000000e+05
3.740977216278237871e-01,2.981684646606445277e+00,1.324987030029297075e-01,3.779999999999999805e+00,0.000000000000000000e+00
3.741466756378335479e-01,3.079592666625976527e+00,1.324987030029297075e-01,3.779999999999999805e+00,3.750000000000000000e+05
3.846681495350642299e-01,4.604024505615234575e-01,1.063749929428100671e+01,3.779999999999999805e+00,0.000000000000000000e+00
3.847171035450739907e-01,5.583104705810546520e-01,1.063749929428100671e+01,3.779999999999999805e+00,3.750000000000000000e+05
3.952385774423046727e-01,3.177500686645507777e+00,1.324987030029297075e-01,3.779999999999999805e+00,0.000000000000000000e+00
3.952875314523144334e-01,3.275408706665039027e+00,1.324987030029297075e-01,3.779999999999999805e+00,3.750000000000000000e+05
4.058090053495451155e-01,6.562184906005859020e-01,1.063749929428100671e+01,3.779999999999999805e+00,0.000000000000000000e+00
4.058579593595548762e-01,7.541265106201171520e-01,1.063749929428100671e+01,3.779999999999999805e+00,3.750000000000000000e+05
4.163794332567855583e-01,3.373316726684570277e+00,1.324987030029297075e-01,3.779999999999999805e+00,0.000000000000000000e+00
4.164283872667953190e-01,3.471224746704101527e+00,1.324987030029297075e-01,3.779999999999999805e+00,3.750000000000000000e+05
4.269498611640260011e-01,8.520345306396484020e-01,1.063749929428100671e+01,3.779999999999999805e+00,0.000000000000000000e+00
4.269988151740357618e-01,9.499425506591796520e-01,1.063749929428100671e+01,3.779999999999999805e+00,3.750000000000000000e+05
4.375202890712664439e-01,3.569132766723632777e+00,1.324987030029297075e-01,3.779999999999999805e+00,0.000000000000000000e+00
4.375692440349505108e-01,3.667042694091796839e+00,1.324987030029297075e-01,3.779999999999999805e+00,3.750000000000000000e+05
4.480907183806063232e-01,1.047850570678710902e+00,1.063749929428100671e+01,3.779999999999999805e+00,0.000000000000000000e+00
4.481396723906160839e-01,1.145758590698242152e+00,1.063749929428100671e+01,3.779999999999999805e+00,3.750000000000000000e+05
4.586611467362718964e-01,3.764950714111328089e+00,1.324987030029297075e-01,3.779999999999999805e+00,0.000000000000000000e+00
4.587101007462816571e-01,3.862858734130859339e+00,1.324987030029297075e-01,3.779999999999999805e+00,3.750000000000000000e+05
4.692315746435123391e-01,1.243668518066406214e+00,1.063749929428100671e+01,3.779999999999999805e+00,0.000000000000000000e+00
4.692805286535220999e-01,1.341576538085937464e+00,1.063749929428100671e+01,3.779999999999999805e+00,3.750000000000000000e+05
4.798020025507527819e-01,3.960766754150390589e+00,1.324987030029297075e-01,3.779999999999999805e+00,0.000000000000000000e+00
4.798509565607625427e-01,4.058674774169921839e+00,1.324987030029297075e-01,3.779999999999999805e+00,3.750000000000000000e+05
4.903724304579932247e-01,1.439484558105468714e+00,1.063749929428100671e+01,3.779999999999999805e+00,0.000000000000000000e+00
4.904213844680029855e-01,1.537392578124999964e+00,1.063749929428100671e+01,3.779999999999999805e+00,3.750000000000000000e+05
5.009428583652336675e-01,4.156582794189453089e+00,1.324987030029297075e-01,3.779999999999999805e+00,0.000000000000000000e+00
5.009918123752434838e-01,4.254490814208984339e+00,1.324987030029297075e-01,3.779999999999999805e+00,3.750000000000000000e+05
5.115132862724741658e-01,1.635300598144531214e+00,1.063749929428100671e+01,3.779999999999999805e+00,0.000000000000000000e+00
5.115622402824839821e-01,1.733208618164062464e+00,1.063749929428100671e+01,3.779999999999999805e+00,3.750000000000000000e+05
5.220837146281397390e-01,4.352400741577148402e+00,1.324987030029297075e-01,3.779999999999999805e+00,0.000000000000000000e+00
5.221326686381495552e-01,4.450308761596679652e+00,1.324987030029297075e-01,3.779999999999999805e+00,3.750000000000000000e+05
5.326541425353802373e-01,1.831118545532226527e+00,1.063749929428100671e+01,3.779999999999999805e+00,0.000000000000000000e+00
5.327030965453900535e-01,1.929026565551757777e+00,1.063749929428100671e+01,3.779999999999999805e+00,3.750000000000000000e+05
5.432245704426207356e-01,4.548216781616210902e+00,1.324987030029297075e-01,3.779999999999999805e+00,0.000000000000000000e+00
5.432735244526305518e-01,4.646124801635742152e+00,1.324987030029297075e-01,3.779999999999999805e+00,3.750000000000000000e+05
5.537949983498612339e-01,2.026934585571289027e+00,1.063749929428100671e+01,3.779999999999999805e+00,0.000000000000000000e+00
5.538439523598710501e-01,2.124842605590820277e+00,1.063749929428100671e+01,3.779999999999999805e+00,3.750000000000000000e+05
5.643654262571017322e-01,4.744032821655273402e+00,1.324987030029297075e-01,3.779999999999999805e+00,0.000000000000000000e+00
5.644143802671115484e-01,4.841940841674804652e+00,1.324987030029297075e-01,3.779999999999999805e+00,3.750000000000000000e+05
5.749358541643422305e-01,2.222750625610351527e+00,1.063749929428100671e+01,3.779999999999999805e+00,0.000000000000000000e+00
5.749848081743520467e-01,2.320658645629882777e+00,1.063749929428100671e+01,3.779999999999999805e+00,3.750000000000000000e+05
5.855062820715827288e-01,4.939848861694335902e+00,1.324987030029297075e-01,3.779999999999999805e+00,0.000000000000000000e+00
5.855552370352667957e-01,5.037758789062499964e+00,1.324987030029297075e-01,3.779999999999999805e+00,3.750000000000000000e+05
5.960767113809225526e-01,2.418566665649414027e+00,1.063749929428100671e+01,3.779999999999999805e+00,0.000000000000000000e+00
5.961256663446066195e-01,2.516476593017578089e+00,1.063749929428100671e+01,3.779999999999999805e+00,3.750000000000000000e+05
6.066471402418373016e-01,5.135666809082031214e+00,1.324987030029297075e-01,3.779999999999999805e+00,0.000000000000000000e+00
6.066960942518471178e-01,5.233574829101562464e+00,1.324987030029297075e-01,3.779999999999999805e+00,3.750000000000000000e+05
6.172175681490777999e-01,2.614384613037109339e+00,1.063749929428100671e+01,3.779999999999999805e+00,0.000000000000000000e+00
6.172665221590876161e-01,2.712292633056640589e+00,1.063749929428100671e+01,3.779999999999999805e+00,3.750000000000000000e+05
6.277879960563182982e-01,5.331482849121093714e+00,1.324987030029297075e-01,3.779999999999999805e+00,0.000000000000000000e+00
6.278369500663281144e-01,5.429390869140624964e+00,1.324987030029297075e-01,3.779999999999999805e+00,3.750000000000000000e+05
6.383584239635587965e-01,2.810200653076171839e+00,1.063749929428100671e+01,3.779999999999999805e+00,0.000000000000000000e+00
6.384073779735686127e-01,2.908108673095703089e+00,1.063749929428100671e+01,3.779999999999999805e+00,3.750000000000000000e+05
6.489288518707992948e-01,5.527298889160156214e+00,1.324987030029297075e-01,3.779999999999999805e+00,0.000000000000000000e+00
6.489778058808091110e-01,5.625206909179687464e+00,1.324987030029297075e-01,3.779999999999999805e+00,3.750000000000000000e+05
6.594992797780397931e-01,3.006016693115234339e+00,1.063749929428100671e+01,3.779999999999999805e+00,0.000000000000000000e+00
6.595482337880496093e-01,3.103924713134765589e+00,1.063749929428100671e+01,3.779999999999999805e+00,3.750000000000000000e+05
6.700697081337053662e-01,5.723116836547851527e+00,1.324987030029297075e-01,3.779999999999999805e+00,0.000000000000000000e+00
6.701186621437151825e-01,5.821024856567382777e+00,1.324987030029297075e-01,3.779999999999999805e+00,3.750000000000000000e+05
6.806401360409458645e-01,3.201834640502929652e+00,1.063749929428100671e+01,3.779999999999999805e+00,0.000000000000000000e+00
6.806890900509556808e-01,3.299742660522460902e+00,1.063749929428100671e+01,3.779999999999999805e+00,3.750000000000000000e+05
6.912105639481863628e-01,5.918932876586914027e+00,1.324987030029297075e-01,3.779999999999999805e+00,0.000000000000000000e+00
6.912595179581961791e-01,6.016840896606445277e+00,1.324987030029297075e-01,3.779999999999999805e+00,3.750000000000000000e+05
7.017809918554268611e-01,3.397650680541992152e+00,1.063749929428100671e+01,3.779999999999999805e+00,0.000000000000000000e+00
7.018299458654366774e-01,3.495558700561523402e+00,1.063749929428100671e+01,3.779999999999999805e+00,3.750000000000000000e+05
7.123514197626673594e-01,6.114748916625976527e+00,1.324987030029297075e-01,3.779999999999999805e+00,0.000000000000000000e+00
7.124003737726771757e-01,6.212656936645507777e+00,1.324987030029297075e-01,3.779999999999999805e+00,3.750000000000000000e+05
7.229218476699078577e-01,3.593466720581054652e+00,1.063749929428100671e+01,3.779999999999999805e+00,0.000000000000000000e+00
7.229708016799176740e-01,3.691374740600585902e+00,1.063749929428100671e+01,3.779999999999999805e+00,3.750000000000000000e+05
7.334922755771483560e-01,6.310564956665039027e+00,1.324987030029297075e-01,3.779999999999999805e+00,0.000000000000000000e+00
7.335412305408324229e-01,6.408474884033203089e+00,1.324987030029297075e-01,3.779999999999999805e+00,3.750000000000000000e+05
7.440627048864881798e-01,3.789282760620117152e+00,1.063749929428100671e+01,3.779999999999999805e+00,0.000000000000000000e+00
7.441116598501722468e-01,3.887192687988281214e+00,1.063749929428100671e+01,3.779999999999999805e+00,3.750000000000000000e+05
7.546331335231905024e-01,6.506381950378417933e+00,1.324987030029297075e-01,3.779999999999999805e+00,0.000000000000000000e+00
7.546820880100374440e-01,6.604290924072265589e+00,1.324987030029297075e-01,3.779999999999999805e+00,3.750000000000000000e+05
7.652035619072681261e-01,3.985100708007812464e+00,1.063749929428100671e+01,3.779999999999999805e+00,0.000000000000000000e+00
7.652525159172779423e-01,4.083008728027343714e+00,1.063749929428100671e+01,3.779999999999999805e+00,3.750000000000000000e+05
7.757739898145086244e-01,6.702198944091796839e+00,1.324987030029297075e-01,3.779999999999999805e+00,0.000000000000000000e+00
7.758229438245184406e-01,6.800106964111328089e+00,1.324987030029297075e-01,3.779999999999999805e+00,3.750000000000000000e+05
7.863444177217491227e-01,4.180916748046874964e+00,1.063749929428100671e+01,3.779999999999999805e+00,0.000000000000000000e+00
7.863933717317589389e-01,4.278824768066406214e+00,1.063749929428100671e+01,3.779999999999999805e+00,3.750000000000000000e+05
7.969148458532021584e-01,6.898015937805175746e+00,1.324987030029297075e-01,3.779999999999999805e+00,0.000000000000000000e+00
7.969637998632119746e-01,6.995923957824706996e+00,1.324987030029297075e-01,3.779999999999999805e+00,3.750000000000000000e+05
8.074852739846551941e-01,4.376732788085937464e+00,1.063749929428100671e+01,3.779999999999999805e+00,0.000000000000000000e+00
8.075342279946650104e-01,4.474640808105468714e+00,1.063749929428100671e+01,3.779999999999999805e+00,3.750000000000000000e+05
8.180557021161082298e-01,7.093831977844238246e+00,1.324987030029297075e-01,3.779999999999999805e+00,0.000000000000000000e+00
8.181046561261180461e-01,7.191739997863769496e+00,1.324987030029297075e-01,3.779999999999999805e+00,3.750000000000000000e+05
8.286261297991363017e-01,4.572550735473632777e+00,1.063749929428100671e+01,3.779999999999999805e+00,0.000000000000000000e+00
8.286750838091461180e-01,4.670458755493164027e+00,1.063749929428100671e+01,3.779999999999999805e+00,3.750000000000000000e+05
8.391965577063768000e-01,7.289648971557617152e+00,1.324987030029297075e-01,3.779999999999999805e+00,0.000000000000000000e+00
8.392455117163866163e-01,7.387556991577148402e+00,1.324987030029297075e-01,3.779999999999999805e+00,3.750000000000000000e+05
8.497669856136172983e-01,4.768366775512695277e+00,1.063749929428100671e+01,3.779999999999999805e+00,0.000000000000000000e+00
8.498159396236271146e-01,4.866274795532226527e+00,1.063749929428100671e+01,3.779999999999999805e+00,3.750000000000000000e+05
8.603374135208577966e-01,7.485465011596679652e+00,1.324987030029297075e-01,3.779999999999999805e+00,0.000000000000000000e+00
8.603863680077047382e-01,7.583373985290527308e+00,1.324987030029297075e-01,3.779999999999999805e+00,3.750000000000000000e+05
8.709078421291479577e-01,4.964182815551757777e+00,1.063749929428100671e+01,3.779999999999999805e+00,0.000000000000000000e+00
8.709567961391577740e-01,5.062090835571289027e+00,1.063749929428100671e+01,3.779999999999999805e+00,3.750000000000000000e+05
8.814782702606009934e-01,7.681282005310058558e+00,1.324987030029297075e-01,3.779999999999999805e+00,0.000000000000000000e+00
8.815272242706108097e-01,7.779190025329589808e+00,1.324987030029297075e-01,3.779999999999999805e+00,3.750000000000000000e+05
8.920486983920540291e-01,5.159998855590820277e+00,1.063749929428100671e+01,3.779999999999999805e+00,0.000000000000000000e+00
8.920976533557380961e-01,5.257908782958984339e+00,1.063749929428100671e+01,3.779999999999999805e+00,3.750000000000000000e+05
9.026191272529687781e-01,7.877098999023437464e+00,1.324987030029297075e-01,3.779999999999999805e+00,0.000000000000000000e+00
9.026680812629785944e-01,7.975007019042968714e+00,1.324987030029297075e-01,3.779999999999999805e+00,3.750000000000000000e+05
9.131895551602092764e-01,5.355816802978515589e+00,1.063749929428100671e+01,3.779999999999999805e+00,0.000000000000000000e+00
9.132385091702190927e-01,5.453724822998046839e+00,1.063749929428100671e+01,3.779999999999999805e+00,3.750000000000000000e+05
9.237599830674497747e-01,8.072915039062500853e+00,1.324987030029297075e-01,3.779999999999999805e+00,0.000000000000000000e+00
9.238089375542967163e-01,8.170824012756348509e+00,1.324987030029297075e-01,3.779999999999999805e+00,3.750000000000000000e+05
9.343304116757399358e-01,5.551632843017578089e+00,1.063749929428100671e+01,3.779999999999999805e+00,0.000000000000000000e+00
9.343793656857497520e-01,5.649540863037109339e+00,1.063749929428100671e+01,3.779999999999999805e+00,3.750000000000000000e+05
9.449008398071929715e-01,8.268732032775879759e+00,1.324987030029297075e-01,3.779999999999999805e+00,0.000000000000000000e+00
9.449497938172027878e-01,8.366640052795411009e+00,1.324987030029297075e-01,3.779999999999999805e+00,3.750000000000000000e+05
9.554712679386460072e-01,5.747448883056640589e+00,1.063749929428100671e+01,3.779999999999999805e+00,0.000000000000000000e+00
9.555202219486558235e-01,5.845356903076171839e+00,1.063749929428100671e+01,3.779999999999999805e+00,3.750000000000000000e+05
9.660416960700990430e-01,8.464548072814942259e+00,1.324987030029297075e-01,3.779999999999999805e+00,0.000000000000000000e+00
9.660906505569459846e-01,8.562457046508789915e+00,1.324987030029297075e-01,3.779999999999999805e+00,3.750000000000000000e+05
9.766121244541766666e-01,5.943266830444335902e+00,1.063749929428100671e+01,3.779999999999999805e+00,0.000000000000000000e+00
9.766610784641864829e-01,6.041174850463867152e+00,1.063749929428100671e+01,3.779999999999999805e+00,3.750000000000000000e+05
9.871825523614171649e-01,8.660365066528321165e+00,1.324987030029297075e-01,3.779999999999999805e+00,0.000000000000000000e+00
9.872315063714269812e-01,8.758273086547852415e+00,1.324987030029297075e-01,3.779999999999999805e+00,3.750000000000000000e+05
9.977529802686576632e-01,6.139082870483398402e+00,1.063749929428100671e+01,3.779999999999999805e+00,0.000000000000000000e+00
9.978019342786674795e-01,6.236990890502929652e+00,1.063749929428100671e+01,3.779999999999999805e+00,3.750000000000000000e+05
1.008323408400110699e+00,8.856182060241700071e+00,1.324987030029297075e-01,3.779999999999999805e+00,0.000000000000000000e+00
1.008372362410120404e+00,8.954090080261231321e+00,1.324987030029297075e-01,3.779999999999999805e+00,3.750000000000000000e+05
1.018893836531563624e+00,6.334898910522460902e+00,1.063749929428100671e+01,3.779999999999999805e+00,0.000000000000000000e+00
1.018942790541573329e+00,6.432806930541992152e+00,1.063749929428100671e+01,3.779999999999999805e+00,3.750000000000000000e+05
1.029464264663016548e+00,9.051998100280762571e+00,1.324987030029297075e-01,3.779999999999999805e+00,0.000000000000000000e+00
1.029513219149863490e+00,9.149907073974610228e+00,1.324987030029297075e-01,3.779999999999999805e+00,3.750000000000000000e+05
1.040034693271306709e+00,6.530715904235839808e+00,1.063749929428100671e+01,3.779999999999999805e+00,0.000000000000000000e+00
1.040083647281316415e+00,6.628623924255371058e+00,1.063749929428100671e+01,3.779999999999999805e+00,3.750000000000000000e+05
1.050605121402759634e+00,9.247815093994141478e+00,1.324987030029297075e-01,3.779999999999999805e+00,0.000000000000000000e+00
1.050654075412769339e+00,9.345723114013672728e+00,1.324987030029297075e-01,3.779999999999999805e+00,3.750000000000000000e+05
1.061175549534212559e+00,6.726531944274902308e+00,1.063749929428100671e+01,3.779999999999999805e+00,0.000000000000000000e+00
1.061224504021059500e+00,6.824440917968749964e+00,1.063749929428100671e+01,3.779999999999999805e+00,3.750000000000000000e+05
1.071745977918290071e+00,9.443631134033203978e+00,1.324987030029297075e-01,3.779999999999999805e+00,0.000000000000000000e+00
1.071794932405137013e+00,9.541540107727051634e+00,1.324987030029297075e-01,3.779999999999999805e+00,3.750000000000000000e+05
1.082316406526580232e+00,6.922348937988281214e+00,1.063749929428100671e+01,3.779999999999999805e+00,0.000000000000000000e+00
1.082365360536589938e+00,7.020256958007812464e+00,1.063749929428100671e+01,3.779999999999999805e+00,3.750000000000000000e+05
1.092886834658033157e+00,9.639448127746582884e+00,1.324987030029297075e-01,3.779999999999999805e+00,0.000000000000000000e+00
1.092935788668042862e+00,9.737356147766114134e+00,1.324987030029297075e-01,3.779999999999999805e+00,3.750000000000000000e+05
1.103457262565273433e+00,7.118165931701660121e+00,1.063749929428100671e+01,3.779999999999999805e+00,0.000000000000000000e+00
1.103506216575283139e+00,7.216073951721191371e+00,1.063749929428100671e+01,3.779999999999999805e+00,3.750000000000000000e+05
1.114027690696726358e+00,9.835265121459961790e+00,1.324987030029297075e-01,3.779999999999999805e+00,0.000000000000000000e+00
1.114076644706736063e+00,9.933173141479493040e+00,1.324987030029297075e-01,3.779999999999999805e+00,3.750000000000000000e+05
1.124598118828179283e+00,7.313981971740722621e+00,1.063749929428100671e+01,3.779999999999999805e+00,0.000000000000000000e+00
1.124647072838188988e+00,7.411889991760253871e+00,1.063749929428100671e+01,3.779999999999999805e+00,3.750000000000000000e+05
1.135168546959632208e+00,1.003108116149902429e+01,1.324987030029297075e-01,3.779999999999999805e+00,0.000000000000000000e+00
1.135217500969641913e+00,1.012898918151855554e+01,1.324987030029297075e-01,3.779999999999999805e+00,3.750000000000000000e+05
1.145738974866872484e+00,7.509798965454101527e+00,1.063749929428100671e+01,3.779999999999999805e+00,0.000000000000000000e+00
1.145787928876882189e+00,7.607706985473632777e+00,1.063749929428100671e+01,3.779999999999999805e+00,3.750000000000000000e+05
1.156309402998325409e+00,1.022689815521240320e+01,1.324987030029297075e-01,3.779999999999999805e+00,0.000000000000000000e+00
1.156358357008335114e+00,1.032480617523193445e+01,1.324987030029297075e-01,3.779999999999999805e+00,3.750000000000000000e+05
1.166879831129778333e+00,7.705615005493164027e+00,1.063749929428100671e+01,3.779999999999999805e+00,0.000000000000000000e+00
1.166928785616625275e+00,7.803523979187011683e+00,1.063749929428100671e+01,3.779999999999999805e+00,3.750000000000000000e+05
1.177450259513855846e+00,1.042271419525146570e+01,1.324987030029297075e-01,3.779999999999999805e+00,0.000000000000000000e+00
1.177499214000702787e+00,1.052062316894531335e+01,1.324987030029297075e-01,3.779999999999999805e+00,3.750000000000000000e+05
1.188020688122146007e+00,7.901431999206542933e+00,1.063749929428100671e+01,3.779999999999999805e+00,0.000000000000000000e+00
1.188069642132155712e+00,7.999340019226074183e+00,1.063749929428100671e+01,3.779999999999999805e+00,3.750000000000000000e+05
1.198591116253598932e+00,1.061853118896484460e+01,1.324987030029297075e-01,3.779999999999999805e+00,0.000000000000000000e+00
1.198640070263608637e+00,1.071643920898437585e+01,1.324987030029297075e-01,3.779999999999999805e+00,3.750000000000000000e+05
1.209161544385051856e+00,8.097248039245606321e+00,1.063749929428100671e+01,3.779999999999999805e+00,0.000000000000000000e+00
1.209210498871898798e+00,8.195157012939453978e+00,1.063749929428100671e+01,3.779999999999999805e+00,3.750000000000000000e+05
1.219731972769129369e+00,1.081434722900390710e+01,1.324987030029297075e-01,3.779999999999999805e+00,0.000000000000000000e+00
1.219780927255976311e+00,1.091225620269775476e+01,1.324987030029297075e-01,3.779999999999999805e+00,3.750000000000000000e+05
1.230302401377419530e+00,8.293065032958985228e+00,1.063749929428100671e+01,3.779999999999999805e+00,0.000000000000000000e+00
1.230351355864266472e+00,8.390974006652832884e+00,1.063749929428100671e+01,3.779999999999999805e+00,3.750000000000000000e+05
1.240872829761497043e+00,1.101016422271728601e+01,1.324987030029297075e-01,3.779999999999999805e+00,0.000000000000000000e+00
1.240921783771506748e+00,1.110807224273681726e+01,1.324987030029297075e-01,3.779999999999999805e+00,3.750000000000000000e+05
1.251443257668737319e+00,8.488882026672364134e+00,1.063749929428100671e+01,3.779999999999999805e+00,0.000000000000000000e+00
1.251492211678747024e+00,8.586790046691895384e+00,1.063749929428100671e+01,3.779999999999999805e+00,3.750000000000000000e+05
1.262013685800190244e+00,1.120598121643066492e+01,1.324987030029297075e-01,3.779999999999999805e+00,0.000000000000000000e+00
1.262062639810199949e+00,1.130388923645019617e+01,1.324987030029297075e-01,3.779999999999999805e+00,3.750000000000000000e+05
1.272584113931643168e+00,8.684698066711426634e+00,1.063749929428100671e+01,3.779999999999999805e+00,0.000000000000000000e+00
1.272633068418490110e+00,8.782607040405274290e+00,1.063749929428100671e+01,3.779999999999999805e+00,3.750000000000000000e+05
1.283154542315720681e+00,1.140179725646972742e+01,1.324987030029297075e-01,3.779999999999999805e+00,0.000000000000000000e+00
1.283203496325730386e+00,1.149970527648925867e+01,1.324987030029297075e-01,3.779999999999999805e+00,3.750000000000000000e+05
1.293724970222960957e+00,8.880515060424805540e+00,1.063749929428100671e+01,3.779999999999999805e+00,0.000000000000000000e+00
1.293773924232970662e+00,8.978423080444336790e+00,1.063749929428100671e+01,3.779999999999999805e+00,3.750000000000000000e+05
1.304295398354413882e+00,1.159761425018310632e+01,1.324987030029297075e-01,3.779999999999999805e+00,0.000000000000000000e+00
1.304344352364423587e+00,1.169552227020263757e+01,1.324987030029297075e-01,3.779999999999999805e+00,3.750000000000000000e+05
1.314865826261654158e+00,9.076332054138184446e+00,1.063749929428100671e+01,3.779999999999999805e+00,0.000000000000000000e+00
1.314914780271663863e+00,9.174240074157715696e+00,1.063749929428100671e+01,3.779999999999999805e+00,3.750000000000000000e+05
1.325436254168894434e+00,1.179343029022216882e+01,1.324987030029297075e-01,3.779999999999999805e+00,0.000000000000000000e+00
1.325485208655741376e+00,1.189133926391601648e+01,1.324987030029297075e-01,3.779999999999999805e+00,3.750000000000000000e+05
1.336006682777184595e+00,9.272148094177246946e+00,1.063749929428100671e+01,3.779999999999999805e+00,0.000000000000000000e+00
1.336055636787194301e+00,9.370056114196778196e+00,1.063749929428100671e+01,3.779999999999999805e+00,3.750000000000000000e+05
1.346577110908637520e+00,1.198924728393554773e+01,1.324987030029297075e-01,3.779999999999999805e+00,0.000000000000000000e+00
1.346626064918647225e+00,1.208715530395507898e+01,1.324987030029297075e-01,3.779999999999999805e+00,3.750000000000000000e+05
1.357147538815877796e+00,9.467965087890625853e+00,1.063749929428100671e+01,3.779999999999999805e+00,0.000000000000000000e+00
1.357196492825887502e+00,9.565873107910157103e+00,1.063749929428100671e+01,3.779999999999999805e+00,3.750000000000000000e+05
1.367717966723118073e+00,1.218506332397461023e+01,1.324987030029297075e-01,3.779999999999999805e+00,0.000000000000000000e+00
1.367766921209965014e+00,1.228297229766845788e+01,1.324987030029297075e-01,3.779999999999999805e+00,3.750000000000000000e+05
1.378288395331408234e+00,9.663781127929688353e+00,1.063749929428100671e+01,3.779999999999999805e+00,0.000000000000000000e+00
1.378337349818255175e+00,9.761690101623536009e+00,1.063749929428100671e+01,3.779999999999999805e+00,3.750000000000000000e+05
1.388858823715485746e+00,1.238088031768798913e+01,1.324987030029297075e-01,3.779999999999999805e+00,0.000000000000000000e+00
1.388907777725495452e+00,1.247878833770752038e+01,1.324987030029297075e-01,3.779999999999999805e+00,3.750000000000000000e+05
1.399429251622726023e+00,9.859598121643067259e+00,1.063749929428100671e+01,3.779999999999999805e+00,0.000000000000000000e+00
1.399478205632735728e+00,9.957506141662598509e+00,1.063749929428100671e+01,3.779999999999999805e+00,3.750000000000000000e+05
1.409999679754178947e+00,1.257669731140136804e+01,1.324987030029297075e-01,3.779999999999999805e+00,0.000000000000000000e+00
1.410048633764188653e+00,1.267460533142089929e+01,1.324987030029297075e-01,3.779999999999999805e+00,3.750000000000000000e+05
1.420570107885631872e+00,1.005541416168212976e+01,1.063749929428100671e+01,3.779999999999999805e+00,0.000000000000000000e+00
1.420619062372478814e+00,1.015332313537597742e+01,1.063749929428100671e+01,3.779999999999999805e+00,3.750000000000000000e+05
1.431140536269709385e+00,1.277251335144043054e+01,1.324987030029297075e-01,3.779999999999999805e+00,0.000000000000000000e+00
1.431189490279719090e+00,1.287042137145996179e+01,1.324987030029297075e-01,3.779999999999999805e+00,3.750000000000000000e+05
1.441710964176949661e+00,1.025123115539550867e+01,1.063749929428100671e+01,3.779999999999999805e+00,0.000000000000000000e+00
1.441759918186959366e+00,1.034913917541503992e+01,1.063749929428100671e+01,3.779999999999999805e+00,3.750000000000000000e+05
1.452281392308402586e+00,1.296833034515380945e+01,1.324987030029297075e-01,3.779999999999999805e+00,0.000000000000000000e+00
1.452330346318412291e+00,1.306623836517334070e+01,1.324987030029297075e-01,3.779999999999999805e+00,3.750000000000000000e+05
1.462851820215642862e+00,1.044704814910888757e+01,1.063749929428100671e+01,3.779999999999999805e+00,0.000000000000000000e+00
1.462900774225652567e+00,1.054495616912841882e+01,1.063749929428100671e+01,3.779999999999999805e+00,3.750000000000000000e+05
1.473422248122883138e+00,1.316414638519287195e+01,1.324987030029297075e-01,3.779999999999999805e+00,0.000000000000000000e+00
1.473471202609730080e+00,1.326205535888671960e+01,1.324987030029297075e-01,3.779999999999999805e+00,3.750000000000000000e+05
1.483992676731173299e+00,1.064286418914795007e+01,1.063749929428100671e+01,3.779999999999999805e+00,0.000000000000000000e+00
1.484041630741183004e+00,1.074077220916748132e+01,1.063749929428100671e+01,3.779999999999999805e+00,3.750000000000000000e+05
1.494563104862626224e+00,1.335996337890625085e+01,1.324987030029297075e-01,3.779999999999999805e+00,0.000000000000000000e+00
1.494612058872635929e+00,1.345787139892578210e+01,1.324987030029297075e-01,3.779999999999999805e+00,3.750000000000000000e+05
1.505133532769866500e+00,1.083868118286132898e+01,1.063749929428100671e+01,3.779999999999999805e+00,0.000000000000000000e+00
1.505182486779876205e+00,1.093658920288086023e+01,1.063749929428100671e+01,3.779999999999999805e+00,3.750000000000000000e+05
1.515703960677106776e+00,1.355577941894531335e+01,1.324987030029297075e-01,3.779999999999999805e+00,0.000000000000000000e+00
1.515752915163953718e+00,1.365368839263916101e+01,1.324987030029297075e-01,3.779999999999999805e+00,3.750000000000000000e+05
1.526274389285396937e+00,1.103449722290039148e+01,1.063749929428100671e+01,3.779999999999999805e+00,0.000000000000000000e+00
1.526323343772243879e+00,1.113240619659423913e+01,1.063749929428100671e+01,3.779999999999999805e+00,3.750000000000000000e+05
1.536844817669474450e+00,1.375159641265869226e+01,1.324987030029297075e-01,3.779999999999999805e+00,0.000000000000000000e+00
1.536893771679484155e+00,1.384950443267822351e+01,1.324987030029297075e-01,3.779999999999999805e+00,3.750000000000000000e+05
1.547415245576714726e+00,1.123031421661377038e+01,1.063749929428100671e+01,3.779999999999999805e+00,0.000000000000000000e+00
1.547464199586724432e+00,1.132822223663330163e+01,1.063749929428100671e+01,3.779999999999999805e+00,3.750000000000000000e+05
1.557985673708167651e+00,1.394741340637207117e+01,1.324987030029297075e-01,3.779999999999999805e+00,0.000000000000000000e+00
1.558034627718177356e+00,1.404532142639160242e+01,1.324987030029297075e-01,3.779999999999999805e+00,3.750000000000000000e+05
1.568556101839620576e+00,1.142613025665283288e+01,1.063749929428100671e+01,3.779999999999999805e+00,0.000000000000000000e+00
1.568605056326467517e+00,1.152403923034668054e+01,1.063749929428100671e+01,3.779999999999999805e+00,3.750000000000000000e+05
1.579126530223698088e+00,1.414322944641113367e+01,1.324987030029297075e-01,3.779999999999999805e+00,0.000000000000000000e+00
1.579175484233707794e+00,1.424113746643066492e+01,1.324987030029297075e-01,3.779999999999999805e+00,3.750000000000000000e+05
1.589696958130938365e+00,1.162194725036621179e+01,1.063749929428100671e+01,3.779999999999999805e+00,0.000000000000000000e+00
1.589745912140948070e+00,1.171985527038574304e+01,1.063749929428100671e+01,3.779999999999999805e+00,3.750000000000000000e+05
1.600267386262391289e+00,1.433904644012451257e+01,1.324987030029297075e-01,3.779999999999999805e+00,0.000000000000000000e+00
1.600316340272400994e+00,1.443695446014404382e+01,1.324987030029297075e-01,3.779999999999999805e+00,3.750000000000000000e+05
1.610837814169631566e+00,1.181776424407959070e+01,1.063749929428100671e+01,3.779999999999999805e+00,0.000000000000000000e+00
1.610886768179641271e+00,1.191567226409912195e+01,1.063749929428100671e+01,3.779999999999999805e+00,3.750000000000000000e+05
1.621408242076871842e+00,1.453486248016357507e+01,1.324987030029297075e-01,3.779999999999999805e+00,0.000000000000000000e+00
1.621457196563718783e+00,1.463277145385742273e+01,1.324987030029297075e-01,3.779999999999999805e+00,3.750000000000000000e+05
1.631978670685162003e+00,1.201358028411865320e+01,1.063749929428100671e+01,3.779999999999999805e+00,0.000000000000000000e+00
1.632027624695171708e+00,1.211148830413818445e+01,1.063749929428100671e+01,3.779999999999999805e+00,3.750000000000000000e+05
1.642549098816614928e+00,1.473067947387695398e+01,1.324987030029297075e-01,3.779999999999999805e+00,0.000000000000000000e+00
1.642598052826624633e+00,1.482858749389648523e+01,1.324987030029297075e-01,3.779999999999999805e+00,3.750000000000000000e+05
1.653119526723855204e+00,1.220939727783203210e+01,1.063749929428100671e+01,3.779999999999999805e+00,0.000000000000000000e+00
1.653168480733864909e+00,1.230730529785156335e+01,1.063749929428100671e+01,3.779999999999999805e+00,3.750000000000000000e+05
1.663689954855308129e+00,1.492649646759033288e+01,1.324987030029297075e-01,3.779999999999999805e+00,0.000000000000000000e+00
1.663738908865317834e+00,1.502440448760986413e+01,1.324987030029297075e-01,3.779999999999999805e+00,3.750000000000000000e+05
1.674260382986761053e+00,1.240521331787109460e+01,1.063749929428100671e+01,3.779999999999999805e+00,0.000000000000000000e+00
1.674309337473607995e+00,1.250312229156494226e+01,1.063749929428100671e+01,3.779999999999999805e+00,3.750000000000000000e+05
1.684830811370838566e+00,1.512231250762939538e+01,1.324987030029297075e-01,3.779999999999999805e+00,0.000000000000000000e+00
1.684879765380848271e+00,1.522022052764892663e+01,1.324987030029297075e-01,3.779999999999999805e+00,3.750000000000000000e+05
1.695401239278078842e+00,1.260103031158447351e+01,1.063749929428100671e+01,3.779999999999999805e+00,0.000000000000000000e+00
1.695450193288088547e+00,1.269893833160400476e+01,1.063749929428100671e+01,3.779999999999999805e+00,3.750000000000000000e+05
1.705971667409531767e+00,1.531812950134277429e+01,1.324987030029297075e-01,3.779999999999999805e+00,0.000000000000000000e+00
1.706020621419541472e+00,1.541603752136230554e+01,1.324987030029297075e-01,3.779999999999999805e+00,3.750000000000000000e+05
1.716542095540984691e+00,1.279684635162353601e+01,1.063749929428100671e+01,3.779999999999999805e+00,0.000000000000000000e+00
1.716591050027831633e+00,1.289475532531738367e+01,1.063749929428100671e+01,3.779999999999999805e+00,3.750000000000000000e+05
1.727112523925062204e+00,1.551394554138183679e+01,1.324987030029297075e-01,3.779999999999999805e+00,0.000000000000000000e+00
1.727161478411909146e+00,1.561185451507568445e+01,1.324987030029297075e-01,3.779999999999999805e+00,3.750000000000000000e+05
1.737682952533352365e+00,1.299266334533691492e+01,1.063749929428100671e+01,3.779999999999999805e+00,0.000000000000000000e+00
1.737731906543362070e+00,1.309057136535644617e+01,1.063749929428100671e+01,3.779999999999999805e+00,3.750000000000000000e+05
1.748253380664805290e+00,1.570976253509521570e+01,1.324987030029297075e-01,3.779999999999999805e+00,0.000000000000000000e+00
1.748302334674814995e+00,1.580767055511474695e+01,1.324987030029297075e-01,3.779999999999999805e+00,3.750000000000000000e+05
1.758823808572045566e+00,1.318848033905029382e+01,1.063749929428100671e+01,3.779999999999999805e+00,0.000000000000000000e+00
1.758872762582055271e+00,1.328638835906982507e+01,1.063749929428100671e+01,3.779999999999999805e+00,3.750000000000000000e+05
1.769394236479285842e+00,1.590557857513427820e+01,1.324987030029297075e-01,3.779999999999999805e+00,0.000000000000000000e+00
1.769443190966132784e+00,1.600348754882812585e+01,1.324987030029297075e-01,3.779999999999999805e+00,3.750000000000000000e+05
1.779964665087576003e+00,1.338429637908935632e+01,1.063749929428100671e+01,3.779999999999999805e+00,0.000000000000000000e+00
1.780013619097585709e+00,1.348220439910888757e+01,1.063749929428100671e+01,3.779999999999999805e+00,3.750000000000000000e+05
1.790535093219028928e+00,1.610139556884765710e+01,1.324987030029297075e-01,3.779999999999999805e+00,0.000000000000000000e+00
1.790584047705875870e+00,1.619930454254150476e+01,1.324987030029297075e-01,3.779999999999999805e+00,3.750000000000000000e+05
1.801105521827319089e+00,1.358011337280273523e+01,1.063749929428100671e+01,3.779999999999999805e+00,0.000000000000000000e+00
1.801154475837328794e+00,1.367802139282226648e+01,1.063749929428100671e+01,3.779999999999999805e+00,3.750000000000000000e+05
1.811675949958772014e+00,1.629721256256103601e+01,1.324987030029297075e-01,3.779999999999999805e+00,0.000000000000000000e+00
1.811724903968781719e+00,1.639512058258056726e+01,1.324987030029297075e-01,3.779999999999999805e+00,3.750000000000000000e+05
1.822246378090224939e+00,1.377592941284179773e+01,1.063749929428100671e+01,3.779999999999999805e+00,0.000000000000000000e+00
1.822295332577071880e+00,1.387383838653564538e+01,1.063749929428100671e+01,3.779999999999999805e+00,3.750000000000000000e+05
1.832816806474302451e+00,1.649302860260009851e+01,1.324987030029297075e-01,3.779999999999999805e+00,0.000000000000000000e+00
1.832865760484312156e+00,1.659093662261962976e+01,1.324987030029297075e-01,3.779999999999999805e+00,3.750000000000000000e+05
1.843387234381542727e+00,1.397174640655517663e+01,1.063749929428100671e+01,3.779999999999999805e+00,0.000000000000000000e+00
1.843436188391552433e+00,1.406965442657470788e+01,1.063749929428100671e+01,3.779999999999999805e+00,3.750000000000000000e+05
1.853957662288783004e+00,1.668884464263916101e+01,1.324987030029297075e-01,3.779999999999999805e+00,0.000000000000000000e+00
1.854006616298792709e+00,1.678675266265869226e+01,1.324987030029297075e-01,3.779999999999999805e+00,3.750000000000000000e+05
1.864528089971810854e+00,1.416756340026855554e+01,1.063749929428100671e+01,3.779999999999999805e+00,0.000000000000000000e+00
1.864577043981820559e+00,1.426547142028808679e+01,1.063749929428100671e+01,3.779999999999999805e+00,3.750000000000000000e+05
1.875098518103263778e+00,1.688466259002685632e+01,1.324987030029297075e-01,3.779999999999999805e+00,0.000000000000000000e+00
1.875147472113273484e+00,1.698257061004638757e+01,1.324987030029297075e-01,3.779999999999999805e+00,3.750000000000000000e+05
1.885668946234716703e+00,1.436337944030761804e+01,1.063749929428100671e+01,3.779999999999999805e+00,0.000000000000000000e+00
1.885717900244726408e+00,1.446128746032714929e+01,1.063749929428100671e+01,3.779999999999999805e+00,3.750000000000000000e+05
1.896239374366169628e+00,1.708047863006591882e+01,1.324987030029297075e-01,3.779999999999999805e+00,0.000000000000000000e+00
1.896288328376179333e+00,1.717838665008545007e+01,1.324987030029297075e-01,3.779999999999999805e+00,3.750000000000000000e+05
1.906809802273409904e+00,1.455919643402099695e+01,1.063749929428100671e+01,3.779999999999999805e+00,0.000000000000000000e+00
1.906858756283419609e+00,1.465710445404052820e+01,1.063749929428100671e+01,3.779999999999999805e+00,3.750000000000000000e+05
1.917380230180650180e+00,1.727629467010498132e+01,1.324987030029297075e-01,3.779999999999999805e+00,0.000000000000000000e+00
1.917429184190659885e+00,1.737420269012451257e+01,1.324987030029297075e-01,3.779999999999999805e+00,3.750000000000000000e+05
1.927950658087890456e+00,1.475501247406005945e+01,1.063749929428100671e+01,3.779999999999999805e+00,0.000000000000000000e+00
1.927999612574737398e+00,1.485292144775390710e+01,1.063749929428100671e+01,3.779999999999999805e+00,3.750000000000000000e+05
1.938521086247755543e+00,1.747211071014404382e+01,1.324987030029297075e-01,3.779999999999999805e+00,0.000000000000000000e+00
1.938570041211439721e+00,1.757002063751220788e+01,1.324987030029297075e-01,3.779999999999999805e+00,3.750000000000000000e+05
1.949091515332882940e+00,1.495082946777343835e+01,1.063749929428100671e+01,3.779999999999999805e+00,0.000000000000000000e+00
1.949140469342892645e+00,1.504873748779296960e+01,1.063749929428100671e+01,3.779999999999999805e+00,3.750000000000000000e+05
1.959661943464335865e+00,1.766792865753173913e+01,1.324987030029297075e-01,3.779999999999999805e+00,0.000000000000000000e+00
1.959710897474345570e+00,1.776583667755127038e+01,1.324987030029297075e-01,3.779999999999999805e+00,3.750000000000000000e+05
1.970232371595788790e+00,1.514664550781250085e+01,1.063749929428100671e+01,3.779999999999999805e+00,0.000000000000000000e+00
1.970281326082635731e+00,1.524455448150634851e+01,1.063749929428100671e+01,3.779999999999999805e+00,3.750000000000000000e+05
1.980802799979866302e+00,1.786374469757080163e+01,1.324987030029297075e-01,3.779999999999999805e+00,0.000000000000000000e+00
1.980851753989876007e+00,1.796165271759033288e+01,1.324987030029297075e-01,3.779999999999999805e+00,3.750000000000000000e+05
1.991373227887106578e+00,1.534246250152587976e+01,1.063749929428100671e+01,3.779999999999999805e+00,0.000000000000000000e+00
1.991422181897116284e+00,1.544037052154541101e+01,1.063749929428100671e+01,3.779999999999999805e+00,3.750000000000000000e+05
2.001943655794347077e+00,1.805956073760986413e+01,1.324987030029297075e-01,3.779999999999999805e+00,0.000000000000000000e+00
2.001992610758031255e+00,1.815747066497802820e+01,1.324987030029297075e-01,3.779999999999999805e+00,3.750000000000000000e+05
2.012514084879474474e+00,1.553827949523925867e+01,1.063749929428100671e+01,3.779999999999999805e+00,0.000000000000000000e+00
2.012563038889484179e+00,1.563618751525878992e+01,1.063749929428100671e+01,3.779999999999999805e+00,3.750000000000000000e+05
2.023084513010927399e+00,1.825537868499755945e+01,1.324987030029297075e-01,3.779999999999999805e+00,0.000000000000000000e+00
2.023133467020937104e+00,1.835328670501709070e+01,1.324987030029297075e-01,3.779999999999999805e+00,3.750000000000000000e+05
2.033654941142380324e+00,1.573409553527832117e+01,1.063749929428100671e+01,3.779999999999999805e+00,0.000000000000000000e+00
2.033703895152390029e+00,1.583200355529785242e+01,1.063749929428100671e+01,3.779999999999999805e+00,3.750000000000000000e+05
2.044225369273833248e+00,1.845119472503662195e+01,1.324987030029297075e-01,3.779999999999999805e+00,0.000000000000000000e+00
2.044274323164633866e+00,1.854910250663757409e+01,1.324987030029297075e-01,3.779999999999999805e+00,3.750000000000000000e+05
2.054795797005811497e+00,1.592991252899170007e+01,1.063749929428100671e+01,3.779999999999999805e+00,0.000000000000000000e+00
2.054844751015821203e+00,1.602782054901123132e+01,1.063749929428100671e+01,3.779999999999999805e+00,3.750000000000000000e+05
2.065366224856998834e+00,1.864701052665710534e+01,1.324987030029297075e-01,3.779999999999999805e+00,0.000000000000000000e+00
2.065415178867008539e+00,1.874491854667663659e+01,1.324987030029297075e-01,3.779999999999999805e+00,3.750000000000000000e+05
2.075936652708186170e+00,1.612572856903076257e+01,1.063749929428100671e+01,3.779999999999999805e+00,0.000000000000000000e+00
2.075985606718195875e+00,1.622363658905029382e+01,1.063749929428100671e+01,3.779999999999999805e+00,3.750000000000000000e+05
2.086507081007798359e+00,1.884282847404480066e+01,1.324987030029297075e-01,3.779999999999999805e+00,0.000000000000000000e+00
2.086556035017808064e+00,1.894073649406433191e+01,1.324987030029297075e-01,3.779999999999999805e+00,3.750000000000000000e+05
2.097077509307410548e+00,1.632154460906982507e+01,1.063749929428100671e+01,3.779999999999999805e+00,0.000000000000000000e+00
2.097126464271094726e+00,1.641945453643798913e+01,1.063749929428100671e+01,3.779999999999999805e+00,3.750000000000000000e+05
2.107647938112272357e+00,1.903864451408386316e+01,1.324987030029297075e-01,3.779999999999999805e+00,0.000000000000000000e+00
2.107696892122282062e+00,1.913655253410339441e+01,1.324987030029297075e-01,3.779999999999999805e+00,3.750000000000000000e+05
2.118218365963459693e+00,1.651736255645752038e+01,1.063749929428100671e+01,3.779999999999999805e+00,0.000000000000000000e+00
2.118267319973469398e+00,1.661527057647705163e+01,1.063749929428100671e+01,3.779999999999999805e+00,3.750000000000000000e+05
2.128788793814647029e+00,1.923446055412292566e+01,1.324987030029297075e-01,3.779999999999999805e+00,0.000000000000000000e+00
2.128837747824656734e+00,1.933236857414245691e+01,1.324987030029297075e-01,3.779999999999999805e+00,3.750000000000000000e+05
2.139359221665834365e+00,1.671317859649658288e+01,1.063749929428100671e+01,3.779999999999999805e+00,0.000000000000000000e+00
2.139408175675844070e+00,1.681108661651611413e+01,1.063749929428100671e+01,3.779999999999999805e+00,3.750000000000000000e+05
2.149929649517021701e+00,1.943027659416198816e+01,1.324987030029297075e-01,3.779999999999999805e+00,0.000000000000000000e+00
2.149978604480705879e+00,1.952818652153015222e+01,1.324987030029297075e-01,3.779999999999999805e+00,3.750000000000000000e+05
2.160500078770308363e+00,1.690899463653564538e+01,1.063749929428100671e+01,3.779999999999999805e+00,0.000000000000000000e+00
2.160549032780318068e+00,1.700690265655517663e+01,1.063749929428100671e+01,3.779999999999999805e+00,3.750000000000000000e+05
2.171070507069920552e+00,1.962609454154968347e+01,1.324987030029297075e-01,3.779999999999999805e+00,0.000000000000000000e+00
2.171119461079930257e+00,1.972400256156921472e+01,1.324987030029297075e-01,3.779999999999999805e+00,3.750000000000000000e+05
2.181640934921107888e+00,1.710481258392334070e+01,1.063749929428100671e+01,3.779999999999999805e+00,0.000000000000000000e+00
2.181689888931117594e+00,1.720272060394287195e+01,1.063749929428100671e+01,3.779999999999999805e+00,3.750000000000000000e+05
2.192211362772295224e+00,1.982191058158874597e+01,1.324987030029297075e-01,3.779999999999999805e+00,0.000000000000000000e+00
2.192260316782304930e+00,1.991981860160827722e+01,1.324987030029297075e-01,3.779999999999999805e+00,3.750000000000000000e+05
2.202781790623482561e+00,1.730062862396240320e+01,1.063749929428100671e+01,3.779999999999999805e+00,0.000000000000000000e+00
2.202830744633492266e+00,1.739853664398193445e+01,1.063749929428100671e+01,3.779999999999999805e+00,3.750000000000000000e+05
2.213352218474669897e+00,2.001772662162780847e+01,1.324987030029297075e-01,3.779999999999999805e+00,0.000000000000000000e+00
2.213401172484679602e+00,2.011563464164733972e+01,1.324987030029297075e-01,3.779999999999999805e+00,3.750000000000000000e+05
2.223922646325857233e+00,1.749644466400146570e+01,1.063749929428100671e+01,3.779999999999999805e+00,0.000000000000000000e+00
2.223971600335866938e+00,1.759435268402099695e+01,1.063749929428100671e+01,3.779999999999999805e+00,3.750000000000000000e+05
2.234493074625469422e+00,2.021354456901550378e+01,1.324987030029297075e-01,3.779999999999999805e+00,0.000000000000000000e+00
2.234542028635479127e+00,2.031145258903503503e+01,1.324987030029297075e-01,3.779999999999999805e+00,3.750000000000000000e+05
2.245063502925081611e+00,1.769226070404052820e+01,1.063749929428100671e+01,3.779999999999999805e+00,0.000000000000000000e+00
2.245112457888765789e+00,1.779017063140869226e+01,1.063749929428100671e+01,3.779999999999999805e+00,3.750000000000000000e+05
2.255633931729943420e+00,2.040936060905456628e+01,1.324987030029297075e-01,3.779999999999999805e+00,0.000000000000000000e+00
2.255682885799557891e+00,2.050726874828338708e+01,1.324987030029297075e-01,3.779999999999999805e+00,3.750000000000000000e+05
2.266204359668761992e+00,1.788807865142822351e+01,1.063749929428100671e+01,3.779999999999999805e+00,0.000000000000000000e+00
2.266253313678771697e+00,1.798598667144775476e+01,1.063749929428100671e+01,3.779999999999999805e+00,3.750000000000000000e+05
2.276774787547975798e+00,2.060517676830291833e+01,1.324987030029297075e-01,3.779999999999999805e+00,0.000000000000000000e+00
2.276823741557985503e+00,2.070308478832244958e+01,1.324987030029297075e-01,3.779999999999999805e+00,3.750000000000000000e+05
2.287345215427189604e+00,1.808389469146728601e+01,1.063749929428100671e+01,3.779999999999999805e+00,0.000000000000000000e+00
2.287394169437199309e+00,1.818180271148681726e+01,1.063749929428100671e+01,3.779999999999999805e+00,3.750000000000000000e+05
2.297915643306403410e+00,2.080099280834198083e+01,1.324987030029297075e-01,3.779999999999999805e+00,0.000000000000000000e+00
2.297964598270087588e+00,2.089890273571014490e+01,1.324987030029297075e-01,3.779999999999999805e+00,3.750000000000000000e+05
2.308486072587716986e+00,1.827971073150634851e+01,1.063749929428100671e+01,3.779999999999999805e+00,0.000000000000000000e+00
2.308535026597726691e+00,1.837761875152587976e+01,1.063749929428100671e+01,3.779999999999999805e+00,3.750000000000000000e+05
2.319056500915356089e+00,2.099681075572967615e+01,1.324987030029297075e-01,3.779999999999999805e+00,0.000000000000000000e+00
2.319105454925365795e+00,2.109471877574920740e+01,1.324987030029297075e-01,3.779999999999999805e+00,3.750000000000000000e+05
2.329626928794569896e+00,1.847552867889404382e+01,1.063749929428100671e+01,3.779999999999999805e+00,0.000000000000000000e+00
2.329675882685370514e+00,1.857343646049499597e+01,1.063749929428100671e+01,3.779999999999999805e+00,3.750000000000000000e+05
2.340197356610627555e+00,2.119262679576873865e+01,1.324987030029297075e-01,3.779999999999999805e+00,0.000000000000000000e+00
2.340246310620637260e+00,2.129053481578826990e+01,1.324987030029297075e-01,3.779999999999999805e+00,3.750000000000000000e+05
2.350767784545894301e+00,1.867134448051452722e+01,1.063749929428100671e+01,3.779999999999999805e+00,0.000000000000000000e+00
2.350816738555904006e+00,1.876925250053405847e+01,1.063749929428100671e+01,3.779999999999999805e+00,3.750000000000000000e+05
2.361338212481161047e+00,2.138844283580780115e+01,1.324987030029297075e-01,3.779999999999999805e+00,0.000000000000000000e+00
2.361387166491170753e+00,2.148635085582733240e+01,1.324987030029297075e-01,3.779999999999999805e+00,3.750000000000000000e+05
2.371908640416427794e+00,1.886716052055358972e+01,1.063749929428100671e+01,3.779999999999999805e+00,0.000000000000000000e+00
2.371957594426437499e+00,1.896506854057312097e+01,1.063749929428100671e+01,3.779999999999999805e+00,3.750000000000000000e+05
2.382479068800119837e+00,2.158426078319549646e+01,1.324987030029297075e-01,3.779999999999999805e+00,0.000000000000000000e+00
2.382528022810129542e+00,2.168216880321502771e+01,1.324987030029297075e-01,3.779999999999999805e+00,3.750000000000000000e+05
2.393049497183811880e+00,1.906297656059265222e+01,1.063749929428100671e+01,3.779999999999999805e+00,0.000000000000000000e+00
2.393098452147496058e+00,1.916088648796081628e+01,1.063749929428100671e+01,3.779999999999999805e+00,3.750000000000000000e+05
2.403619926072753099e+00,2.178007682323455896e+01,1.324987030029297075e-01,3.779999999999999805e+00,0.000000000000000000e+00
2.403668880082762804e+00,2.187798484325409021e+01,1.324987030029297075e-01,3.779999999999999805e+00,3.750000000000000000e+05
2.414190354008019845e+00,1.925879450798034753e+01,1.063749929428100671e+01,3.779999999999999805e+00,0.000000000000000000e+00
2.414239308018029551e+00,1.935670252799987878e+01,1.063749929428100671e+01,3.779999999999999805e+00,3.750000000000000000e+05
2.424760781943286592e+00,2.197589286327362146e+01,1.324987030029297075e-01,3.779999999999999805e+00,0.000000000000000000e+00
2.424809735938395328e+00,2.207380085349083032e+01,1.324987030029297075e-01,3.779999999999999805e+00,3.750000000000000000e+05
2.435331209856645973e+00,1.945461054801941003e+01,1.063749929428100671e+01,3.779999999999999805e+00,0.000000000000000000e+00
2.435380163866655678e+00,1.955251856803894128e+01,1.063749929428100671e+01,3.779999999999999805e+00,3.750000000000000000e+05
2.445901637784906324e+00,2.217170887351036157e+01,1.324987030029297075e-01,3.779999999999999805e+00,0.000000000000000000e+00
2.445950592756040987e+00,2.226961881577968683e+01,1.324987030029297075e-01,3.779999999999999805e+00,3.750000000000000000e+05
2.456472067126219905e+00,1.965042658805847253e+01,1.063749929428100671e+01,3.779999999999999805e+00,0.000000000000000000e+00
2.456521021136229610e+00,1.974833460807800378e+01,1.063749929428100671e+01,3.779999999999999805e+00,3.750000000000000000e+05
2.467042495506408528e+00,2.236752683579921808e+01,1.324987030029297075e-01,3.779999999999999805e+00,0.000000000000000000e+00
2.467091449514555723e+00,2.246543485209345903e+01,1.324987030029297075e-01,3.779999999999999805e+00,3.750000000000000000e+05
2.477612923435433601e+00,1.984624453544616784e+01,1.063749929428100671e+01,3.779999999999999805e+00,0.000000000000000000e+00
2.477661877445443306e+00,1.994415255546569909e+01,1.063749929428100671e+01,3.779999999999999805e+00,3.750000000000000000e+05
2.488183351367197371e+00,2.256334287583828058e+01,1.324987030029297075e-01,3.779999999999999805e+00,0.000000000000000000e+00
2.488232305377207076e+00,2.266125089585781183e+01,1.324987030029297075e-01,3.779999999999999805e+00,3.750000000000000000e+05
2.498753779298961142e+00,2.004206057548523034e+01,1.063749929428100671e+01,3.779999999999999805e+00,0.000000000000000000e+00
2.498802733308970847e+00,2.013996859550476159e+01,1.063749929428100671e+01,3.779999999999999805e+00,3.750000000000000000e+05
2.509324207227221493e+00,2.275915890097618188e+01,1.324987030029297075e-01,3.779999999999999805e+00,0.000000000000000000e+00
2.509373161237231198e+00,2.285706692099571313e+01,1.324987030029297075e-01,3.779999999999999805e+00,3.750000000000000000e+05
2.519894635155481843e+00,2.023787661552429284e+01,1.063749929428100671e+01,3.779999999999999805e+00,0.000000000000000000e+00
2.519943589165491549e+00,2.033578463554382409e+01,1.063749929428100671e+01,3.779999999999999805e+00,3.750000000000000000e+05
2.530465063532167491e+00,2.295497684836387720e+01,1.324987030029297075e-01,3.779999999999999805e+00,0.000000000000000000e+00
2.530514017557078610e+00,2.305288489818573083e+01,1.324987030029297075e-01,3.779999999999999805e+00,3.750000000000000000e+05
2.541035491930760948e+00,2.043369265556335534e+01,1.063749929428100671e+01,3.779999999999999805e+00,0.000000000000000000e+00
2.541084446954049891e+00,2.053160270214080896e+01,1.063749929428100671e+01,3.779999999999999805e+00,3.750000000000000000e+05
2.551605920851280462e+00,2.315079291820526208e+01,1.324987030029297075e-01,3.779999999999999805e+00,0.000000000000000000e+00
2.551654874861290168e+00,2.324870093822479333e+01,1.324987030029297075e-01,3.779999999999999805e+00,3.750000000000000000e+05
2.562176348758520739e+00,2.062951072216034021e+01,1.063749929428100671e+01,3.779999999999999805e+00,0.000000000000000000e+00
2.562225302768530444e+00,2.072741874217987146e+01,1.063749929428100671e+01,3.779999999999999805e+00,3.750000000000000000e+05
2.572746776665761015e+00,2.334660895824432458e+01,1.324987030029297075e-01,3.779999999999999805e+00,0.000000000000000000e+00
2.572795730675770720e+00,2.344451697826385583e+01,1.324987030029297075e-01,3.779999999999999805e+00,3.750000000000000000e+05
2.583317204573001291e+00,2.082532676219940271e+01,1.063749929428100671e+01,3.779999999999999805e+00,0.000000000000000000e+00
2.583366158583010996e+00,2.092323478221893396e+01,1.063749929428100671e+01,3.779999999999999805e+00,3.750000000000000000e+05
2.593887632480241567e+00,2.354242499828338708e+01,1.324987030029297075e-01,3.779999999999999805e+00,0.000000000000000000e+00
2.593936587443925745e+00,2.364033492565155115e+01,1.324987030029297075e-01,3.779999999999999805e+00,3.750000000000000000e+05
2.604458061789581613e+00,2.102114280223846521e+01,1.063749929428100671e+01,3.779999999999999805e+00,0.000000000000000000e+00
2.604507015799591318e+00,2.111905082225799646e+01,1.063749929428100671e+01,3.779999999999999805e+00,3.750000000000000000e+05
2.615028490145247186e+00,2.373824294567108240e+01,1.324987030029297075e-01,3.779999999999999805e+00,0.000000000000000000e+00
2.615077444155256892e+00,2.383615096569061365e+01,1.324987030029297075e-01,3.779999999999999805e+00,3.750000000000000000e+05
2.625598918052487463e+00,2.121696074962616052e+01,1.063749929428100671e+01,3.779999999999999805e+00,0.000000000000000000e+00
2.625647872062497168e+00,2.131486876964569177e+01,1.063749929428100671e+01,3.779999999999999805e+00,3.750000000000000000e+05
2.636169345959727739e+00,2.393405898571014490e+01,1.324987030029297075e-01,3.779999999999999805e+00,0.000000000000000000e+00
2.636218299969737444e+00,2.403196700572967615e+01,1.324987030029297075e-01,3.779999999999999805e+00,3.750000000000000000e+05
2.646739773866968015e+00,2.141277678966522302e+01,1.063749929428100671e+01,3.779999999999999805e+00,0.000000000000000000e+00
2.646788727876977720e+00,2.151068480968475427e+01,1.063749929428100671e+01,3.779999999999999805e+00,3.750000000000000000e+05
2.657310201774208291e+00,2.412987502574920740e+01,1.324987030029297075e-01,3.779999999999999805e+00,0.000000000000000000e+00
2.657359155784217997e+00,2.422778304576873865e+01,1.324987030029297075e-01,3.779999999999999805e+00,3.750000000000000000e+05
2.667880629681448568e+00,2.160859282970428552e+01,1.063749929428100671e+01,3.779999999999999805e+00,0.000000000000000000e+00
2.667929583691458273e+00,2.170650084972381677e+01,1.063749929428100671e+01,3.779999999999999805e+00,3.750000000000000000e+05
2.678451058037114141e+00,2.432569297313690271e+01,1.324987030029297075e-01,3.779999999999999805e+00,0.000000000000000000e+00
2.678500012047123846e+00,2.442360099315643396e+01,1.324987030029297075e-01,3.779999999999999805e+00,3.750000000000000000e+05
2.689021486392779714e+00,2.180440886974334802e+01,1.063749929428100671e+01,3.779999999999999805e+00,0.000000000000000000e+00
2.689070441356463892e+00,2.190231879711151208e+01,1.063749929428100671e+01,3.779999999999999805e+00,3.750000000000000000e+05
2.699591915225667993e+00,2.452150889396667566e+01,1.324987030029297075e-01,3.779999999999999805e+00,0.000000000000000000e+00
2.699640869235677698e+00,2.461941691398620691e+01,1.324987030029297075e-01,3.779999999999999805e+00,3.750000000000000000e+05
2.710162343111888639e+00,2.200022678732872095e+01,1.063749929428100671e+01,3.779999999999999805e+00,0.000000000000000000e+00
2.710211297121898344e+00,2.209813480734825220e+01,1.063749929428100671e+01,3.779999999999999805e+00,3.750000000000000000e+05
2.720732770998109284e+00,2.471732493400573816e+01,1.324987030029297075e-01,3.779999999999999805e+00,0.000000000000000000e+00
2.720781725008118990e+00,2.481523295402526941e+01,1.324987030029297075e-01,3.779999999999999805e+00,3.750000000000000000e+05
2.731303198884329930e+00,2.219604282736778345e+01,1.063749929428100671e+01,3.779999999999999805e+00,0.000000000000000000e+00
2.731352152901790120e+00,2.229395086228847589e+01,1.063749929428100671e+01,3.779999999999999805e+00,3.750000000000000000e+05
2.741873626774497641e+00,2.491314097404480066e+01,1.324987030029297075e-01,3.779999999999999805e+00,0.000000000000000000e+00
2.741922581738181819e+00,2.501105090141296472e+01,1.324987030029297075e-01,3.779999999999999805e+00,3.750000000000000000e+05
2.752444056059314192e+00,2.239185888230800714e+01,1.063749929428100671e+01,3.779999999999999805e+00,0.000000000000000000e+00
2.752493010067694090e+00,2.248976689906790938e+01,1.063749929428100671e+01,3.779999999999999805e+00,3.750000000000000000e+05
2.763014484389592962e+00,2.510895892143249597e+01,1.324987030029297075e-01,3.779999999999999805e+00,0.000000000000000000e+00
2.763063438399602667e+00,2.520686694145202722e+01,1.324987030029297075e-01,3.779999999999999805e+00,3.750000000000000000e+05
2.773584912272310188e+00,2.258767682969570245e+01,1.063749929428100671e+01,3.779999999999999805e+00,0.000000000000000000e+00
2.773633866282319893e+00,2.268558484971523370e+01,1.063749929428100671e+01,3.779999999999999805e+00,3.750000000000000000e+05
2.784155340155027414e+00,2.530477496147155847e+01,1.324987030029297075e-01,3.779999999999999805e+00,0.000000000000000000e+00
2.784204294165037119e+00,2.540268298149108972e+01,1.324987030029297075e-01,3.779999999999999805e+00,3.750000000000000000e+05
2.794725768041248060e+00,2.278349285483360376e+01,1.063749929428100671e+01,3.779999999999999805e+00,0.000000000000000000e+00
2.794774722051257765e+00,2.288140087485313501e+01,1.063749929428100671e+01,3.779999999999999805e+00,3.750000000000000000e+05
2.805296195927468705e+00,2.550059100151062097e+01,1.324987030029297075e-01,3.779999999999999805e+00,0.000000000000000000e+00
2.805345149937478411e+00,2.559849902153015222e+01,1.324987030029297075e-01,3.779999999999999805e+00,3.750000000000000000e+05
2.815866623813689351e+00,2.297930889487266626e+01,1.063749929428100671e+01,3.779999999999999805e+00,0.000000000000000000e+00
2.815915577838600470e+00,2.307721694469451990e+01,1.063749929428100671e+01,3.779999999999999805e+00,3.750000000000000000e+05
2.826437052156229868e+00,2.569640894889831628e+01,1.324987030029297075e-01,3.779999999999999805e+00,0.000000000000000000e+00
2.826486006166239573e+00,2.579431696891784753e+01,1.324987030029297075e-01,3.779999999999999805e+00,3.750000000000000000e+05
2.837007480035443674e+00,2.317512687206268396e+01,1.063749929428100671e+01,3.779999999999999805e+00,0.000000000000000000e+00
2.837056434045453379e+00,2.327303489208221521e+01,1.063749929428100671e+01,3.779999999999999805e+00,3.750000000000000000e+05
2.847577907914657480e+00,2.589222498893737878e+01,1.324987030029297075e-01,3.779999999999999805e+00,0.000000000000000000e+00
2.847626861924667185e+00,2.599013300895691003e+01,1.324987030029297075e-01,3.779999999999999805e+00,3.750000000000000000e+05
2.858148335793871286e+00,2.337094291210174646e+01,1.063749929428100671e+01,3.779999999999999805e+00,0.000000000000000000e+00
2.858197289803880992e+00,2.346885093212127771e+01,1.063749929428100671e+01,3.779999999999999805e+00,3.750000000000000000e+05
2.868718763673085093e+00,2.608804102897644128e+01,1.324987030029297075e-01,3.779999999999999805e+00,0.000000000000000000e+00
2.868767717683094798e+00,2.618594904899597253e+01,1.324987030029297075e-01,3.779999999999999805e+00,3.750000000000000000e+05
2.879289191552298899e+00,2.356675895214080896e+01,1.063749929428100671e+01,3.779999999999999805e+00,0.000000000000000000e+00
2.879338145562308604e+00,2.366466697216034021e+01,1.063749929428100671e+01,3.779999999999999805e+00,3.750000000000000000e+05
2.889859619431512705e+00,2.628385706901550378e+01,1.324987030029297075e-01,3.779999999999999805e+00,0.000000000000000000e+00
2.889908574395196883e+00,2.638176699638366784e+01,1.324987030029297075e-01,3.779999999999999805e+00,3.750000000000000000e+05
2.900430048712826281e+00,2.376257499217987146e+01,1.063749929428100671e+01,3.779999999999999805e+00,0.000000000000000000e+00
2.900479003676510459e+00,2.386048491954803552e+01,1.063749929428100671e+01,3.779999999999999805e+00,3.750000000000000000e+05
2.911000477545714560e+00,2.647967501640319909e+01,1.324987030029297075e-01,3.779999999999999805e+00,0.000000000000000000e+00
2.911049431674933796e+00,2.657758327484130945e+01,1.324987030029297075e-01,3.779999999999999805e+00,3.750000000000000000e+05
2.921570905600190837e+00,2.395839293956756677e+01,1.063749929428100671e+01,3.779999999999999805e+00,0.000000000000000000e+00
2.921619859610200542e+00,2.405630095958709802e+01,1.063749929428100671e+01,3.779999999999999805e+00,3.750000000000000000e+05
2.932141333535457584e+00,2.667549129486084070e+01,1.324987030029297075e-01,3.779999999999999805e+00,0.000000000000000000e+00
2.932190287545467289e+00,2.677339931488037195e+01,1.324987030029297075e-01,3.779999999999999805e+00,3.750000000000000000e+05
2.942711761470724330e+00,2.415420897960662927e+01,1.063749929428100671e+01,3.779999999999999805e+00,0.000000000000000000e+00
2.942760715480734035e+00,2.425211699962616052e+01,1.063749929428100671e+01,3.779999999999999805e+00,3.750000000000000000e+05
2.953282189405991076e+00,2.687130733489990320e+01,1.324987030029297075e-01,3.779999999999999805e+00,0.000000000000000000e+00
2.953331143416000781e+00,2.696921535491943445e+01,1.324987030029297075e-01,3.779999999999999805e+00,3.750000000000000000e+05
2.963852617341257822e+00,2.435002501964569177e+01,1.063749929428100671e+01,3.779999999999999805e+00,0.000000000000000000e+00
2.963901571351267528e+00,2.444793303966522302e+01,1.063749929428100671e+01,3.779999999999999805e+00,3.750000000000000000e+05
2.974423045724949866e+00,2.706712528228759851e+01,1.324987030029297075e-01,3.779999999999999805e+00,0.000000000000000000e+00
2.974471999734959571e+00,2.716503330230712976e+01,1.324987030029297075e-01,3.779999999999999805e+00,3.750000000000000000e+05
2.984993473688243526e+00,2.454584284782409753e+01,1.063749929428100671e+01,3.779999999999999805e+00,0.000000000000000000e+00
2.985042427698253231e+00,2.464375086784362878e+01,1.063749929428100671e+01,3.779999999999999805e+00,3.750000000000000000e+05
2.995563901651537186e+00,2.726294132232666101e+01,1.324987030029297075e-01,3.779999999999999805e+00,0.000000000000000000e+00
2.995612855661546892e+00,2.736084934234619226e+01,1.324987030029297075e-01,3.779999999999999805e+00,3.750000000000000000e+05
3.006134329614830847e+00,2.474165888786316003e+01,1.063749929428100671e+01,3.779999999999999805e+00,0.000000000000000000e+00
3.006183283624840552e+00,2.483956690788269128e+01,1.063749929428100671e+01,3.779999999999999805e+00,3.750000000000000000e+05
3.016704757578124507e+00,2.745875736236572351e+01,1.324987030029297075e-01,3.779999999999999805e+00,0.000000000000000000e+00
3.016753711588134212e+00,2.755666538238525476e+01,1.324987030029297075e-01,3.779999999999999805e+00,3.750000000000000000e+05
3.027275185541418168e+00,2.493747492790222253e+01,1.063749929428100671e+01,3.779999999999999805e+00,0.000000000000000000e+00
3.027324139551427873e+00,2.503538294792175378e+01,1.063749929428100671e+01,3.779999999999999805e+00,3.750000000000000000e+05
3.037845613504711828e+00,2.765457340240478601e+01,1.324987030029297075e-01,3.779999999999999805e+00,0.000000000000000000e+00
3.037894568468396006e+00,2.775248332977295007e+01,1.324987030029297075e-01,3.779999999999999805e+00,3.750000000000000000e+05
3.048416042870104814e+00,2.513329096794128503e+01,1.063749929428100671e+01,3.779999999999999805e+00,0.000000000000000000e+00
3.048464997833788992e+00,2.523120089530944909e+01,1.063749929428100671e+01,3.779999999999999805e+00,3.750000000000000000e+05
3.058986471787072947e+00,2.785039134979248132e+01,1.324987030029297075e-01,3.779999999999999805e+00,0.000000000000000000e+00
3.059035425797082652e+00,2.794829936981201257e+01,1.324987030029297075e-01,3.779999999999999805e+00,3.750000000000000000e+05
3.069556899750366608e+00,2.532910891532898034e+01,1.063749929428100671e+01,3.779999999999999805e+00,0.000000000000000000e+00
3.069605853760376313e+00,2.542701693534851159e+01,1.063749929428100671e+01,3.779999999999999805e+00,3.750000000000000000e+05
3.080127327713660268e+00,2.804620738983154382e+01,1.324987030029297075e-01,3.779999999999999805e+00,0.000000000000000000e+00
3.080176281723669973e+00,2.814411540985107507e+01,1.324987030029297075e-01,3.779999999999999805e+00,3.750000000000000000e+05
3.090697755676953928e+00,2.552492495536804284e+01,1.063749929428100671e+01,3.779999999999999805e+00,0.000000000000000000e+00
3.090746709686963634e+00,2.562283297538757409e+01,1.063749929428100671e+01,3.779999999999999805e+00,3.750000000000000000e+05
3.101268183640247589e+00,2.824202342987060632e+01,1.324987030029297075e-01,3.779999999999999805e+00,0.000000000000000000e+00
3.101317137650257294e+00,2.833993144989013757e+01,1.324987030029297075e-01,3.779999999999999805e+00,3.750000000000000000e+05
3.111838611603541249e+00,2.572074099540710534e+01,1.063749929428100671e+01,3.779999999999999805e+00,0.000000000000000000e+00
3.111887565613550954e+00,2.581864901542663659e+01,1.063749929428100671e+01,3.779999999999999805e+00,3.750000000000000000e+05
3.122409040015259762e+00,2.843784137725830163e+01,1.324987030029297075e-01,3.779999999999999805e+00,0.000000000000000000e+00
3.122457994025269468e+00,2.853574939727783288e+01,1.324987030029297075e-01,3.779999999999999805e+00,3.750000000000000000e+05
3.132979467978553423e+00,2.591655894279480066e+01,1.063749929428100671e+01,3.779999999999999805e+00,0.000000000000000000e+00
3.133028421988563128e+00,2.601446696281433191e+01,1.063749929428100671e+01,3.779999999999999805e+00,3.750000000000000000e+05
3.143549895941847083e+00,2.863365741729736413e+01,1.324987030029297075e-01,3.779999999999999805e+00,0.000000000000000000e+00
3.143598849951856788e+00,2.873156543731689538e+01,1.324987030029297075e-01,3.779999999999999805e+00,3.750000000000000000e+05
3.154120323905140744e+00,2.611237498283386316e+01,1.063749929428100671e+01,3.779999999999999805e+00,0.000000000000000000e+00
3.154169277915150449e+00,2.621028300285339441e+01,1.063749929428100671e+01,3.779999999999999805e+00,3.750000000000000000e+05
3.164690751868434404e+00,2.882947345733642663e+01,1.324987030029297075e-01,3.779999999999999805e+00,0.000000000000000000e+00
3.164739705878444109e+00,2.892738147735595788e+01,1.324987030029297075e-01,3.779999999999999805e+00,3.750000000000000000e+05
3.175261179831728064e+00,2.630819102287292566e+01,1.063749929428100671e+01,3.779999999999999805e+00,0.000000000000000000e+00
3.175310133841737770e+00,2.640609904289245691e+01,1.063749929428100671e+01,3.779999999999999805e+00,3.750000000000000000e+05
3.185831607795021725e+00,2.902528949737548913e+01,1.324987030029297075e-01,3.779999999999999805e+00,0.000000000000000000e+00
3.185880562758705903e+00,2.912319942474365320e+01,1.324987030029297075e-01,3.779999999999999805e+00,3.750000000000000000e+05
3.196402037104361771e+00,2.650400730133056726e+01,1.063749929428100671e+01,3.779999999999999805e+00,0.000000000000000000e+00
3.196450992068045949e+00,2.660191722869873132e+01,1.063749929428100671e+01,3.779999999999999805e+00,3.750000000000000000e+05
3.206972465965276520e+00,2.922110744476318445e+01,1.324987030029297075e-01,3.779999999999999805e+00,0.000000000000000000e+00
3.207021419975286225e+00,2.931901546478271570e+01,1.324987030029297075e-01,3.779999999999999805e+00,3.750000000000000000e+05
3.217542893872516796e+00,2.669982524871826257e+01,1.063749929428100671e+01,3.779999999999999805e+00,0.000000000000000000e+00
3.217591847882526501e+00,2.679773326873779382e+01,1.063749929428100671e+01,3.779999999999999805e+00,3.750000000000000000e+05
3.228113321779757072e+00,2.941692348480224695e+01,1.324987030029297075e-01,3.779999999999999805e+00,0.000000000000000000e+00
3.228162275789766777e+00,2.951483150482177820e+01,1.324987030029297075e-01,3.779999999999999805e+00,3.750000000000000000e+05
3.238683749686997349e+00,2.689564128875732507e+01,1.063749929428100671e+01,3.779999999999999805e+00,0.000000000000000000e+00
3.238732703697007054e+00,2.699354930877685632e+01,1.063749929428100671e+01,3.779999999999999805e+00,3.750000000000000000e+05
3.249254177594237625e+00,2.961273952484130945e+01,1.324987030029297075e-01,3.779999999999999805e+00,0.000000000000000000e+00
3.249303132557921803e+00,2.971064945220947351e+01,1.324987030029297075e-01,3.779999999999999805e+00,3.750000000000000000e+05
3.259824606903577671e+00,2.709145732879638757e+01,1.063749929428100671e+01,3.779999999999999805e+00,0.000000000000000000e+00
3.259873560913587376e+00,2.718936534881591882e+01,1.063749929428100671e+01,3.779999999999999805e+00,3.750000000000000000e+05
3.270395035259243244e+00,2.980855747222900476e+01,1.324987030029297075e-01,3.779999999999999805e+00,0.000000000000000000e+00
3.270443989269252949e+00,2.990646549224853601e+01,1.324987030029297075e-01,3.779999999999999805e+00,3.750000000000000000e+05
3.280965463166483520e+00,2.728727527618408288e+01,1.063749929428100671e+01,3.779999999999999805e+00,0.000000000000000000e+00
3.281014417176493225e+00,2.738518329620361413e+01,1.063749929428100671e+01,3.779999999999999805e+00,3.750000000000000000e+05
3.291535891073723796e+00,3.000437351226806726e+01,1.324987030029297075e-01,3.779999999999999805e+00,0.000000000000000000e+00
3.291584845083733502e+00,3.010228153228759851e+01,1.324987030029297075e-01,3.779999999999999805e+00,3.750000000000000000e+05
3.302106318980964073e+00,2.748309131622314538e+01,1.063749929428100671e+01,3.779999999999999805e+00,0.000000000000000000e+00
3.302155272990973778e+00,2.758099933624267663e+01,1.063749929428100671e+01,3.779999999999999805e+00,3.750000000000000000e+05
3.312676746888204349e+00,3.020018955230712976e+01,1.324987030029297075e-01,3.779999999999999805e+00,0.000000000000000000e+00
3.312725700898214054e+00,3.029809757232666101e+01,1.324987030029297075e-01,3.779999999999999805e+00,3.750000000000000000e+05
3.323247174795444625e+00,2.767890735626220788e+01,1.063749929428100671e+01,3.779999999999999805e+00,0.000000000000000000e+00
3.323296128805454330e+00,2.777681537628173913e+01,1.063749929428100671e+01,3.779999999999999805e+00,3.750000000000000000e+05
3.333817603151110198e+00,3.039600749969482507e+01,1.324987030029297075e-01,3.779999999999999805e+00,0.000000000000000000e+00
3.333866557161119903e+00,3.049391551971435632e+01,1.324987030029297075e-01,3.779999999999999805e+00,3.750000000000000000e+05
3.344388031506775771e+00,2.787472339630127038e+01,1.063749929428100671e+01,3.779999999999999805e+00,0.000000000000000000e+00
3.344436986470459949e+00,2.797263332366943445e+01,1.063749929428100671e+01,3.779999999999999805e+00,3.750000000000000000e+05
3.354958460367690520e+00,3.059182353973388757e+01,1.324987030029297075e-01,3.779999999999999805e+00,0.000000000000000000e+00
3.355007414377700226e+00,3.068973155975341882e+01,1.324987030029297075e-01,3.779999999999999805e+00,3.750000000000000000e+05
3.365528888274930797e+00,2.807054134368896570e+01,1.063749929428100671e+01,3.779999999999999805e+00,0.000000000000000000e+00
3.365577842284940502e+00,2.816844936370849695e+01,1.063749929428100671e+01,3.779999999999999805e+00,3.750000000000000000e+05
3.376099316182171073e+00,3.078763957977295007e+01,1.324987030029297075e-01,3.779999999999999805e+00,0.000000000000000000e+00
3.376148270192180778e+00,3.088554759979248132e+01,1.324987030029297075e-01,3.779999999999999805e+00,3.750000000000000000e+05
3.386669744089411349e+00,2.826635738372802820e+01,1.063749929428100671e+01,3.779999999999999805e+00,0.000000000000000000e+00
3.386718698099421054e+00,2.836426540374755945e+01,1.063749929428100671e+01,3.779999999999999805e+00,3.750000000000000000e+05
3.397240171996651625e+00,3.098345561981201257e+01,1.324987030029297075e-01,3.779999999999999805e+00,0.000000000000000000e+00
3.397289126960335803e+00,3.108136554718017663e+01,1.324987030029297075e-01,3.779999999999999805e+00,3.750000000000000000e+05
3.407810601305991671e+00,2.846217342376709070e+01,1.063749929428100671e+01,3.779999999999999805e+00,0.000000000000000000e+00
3.407859555316001376e+00,2.856008144378662195e+01,1.063749929428100671e+01,3.779999999999999805e+00,3.750000000000000000e+05
3.418381029661657244e+00,3.117927356719970788e+01,1.324987030029297075e-01,3.779999999999999805e+00,0.000000000000000000e+00
3.418429983671666950e+00,3.127718158721923913e+01,1.324987030029297075e-01,3.779999999999999805e+00,3.750000000000000000e+05
3.428951457568897521e+00,2.865799137115478601e+01,1.063749929428100671e+01,3.779999999999999805e+00,0.000000000000000000e+00
3.429000411578907226e+00,2.875589939117431726e+01,1.063749929428100671e+01,3.779999999999999805e+00,3.750000000000000000e+05
3.439521885476137797e+00,3.137508960723877038e+01,1.324987030029297075e-01,3.779999999999999805e+00,0.000000000000000000e+00
3.439570839486147502e+00,3.147299762725830163e+01,1.324987030029297075e-01,3.779999999999999805e+00,3.750000000000000000e+05
3.450092313383378073e+00,2.885380741119384851e+01,1.063749929428100671e+01,3.779999999999999805e+00,0.000000000000000000e+00
3.450141267393387778e+00,2.895171543121337976e+01,1.063749929428100671e+01,3.779999999999999805e+00,3.750000000000000000e+05
3.460662741290618349e+00,3.157090564727783288e+01,1.324987030029297075e-01,3.779999999999999805e+00,0.000000000000000000e+00
3.460711695300628055e+00,3.166881366729736413e+01,1.324987030029297075e-01,3.779999999999999805e+00,3.750000000000000000e+05
3.471233169197858626e+00,2.904962345123291101e+01,1.063749929428100671e+01,3.779999999999999805e+00,0.000000000000000000e+00
3.471282123207868331e+00,2.914753147125244226e+01,1.063749929428100671e+01,3.779999999999999805e+00,3.750000000000000000e+05
3.481803597553524199e+00,3.176672359466552820e+01,1.324987030029297075e-01,3.779999999999999805e+00,0.000000000000000000e+00
3.481852551563533904e+00,3.186463161468505945e+01,1.324987030029297075e-01,3.779999999999999805e+00,3.750000000000000000e+05
3.492374025909189772e+00,2.924543949127197351e+01,1.063749929428100671e+01,3.779999999999999805e+00,0.000000000000000000e+00
3.492422980872873950e+00,2.934334941864013757e+01,1.063749929428100671e+01,3.779999999999999805e+00,3.750000000000000000e+05
3.502944454770104521e+00,3.196253963470459070e+01,1.324987030029297075e-01,3.779999999999999805e+00,0.000000000000000000e+00
3.502993408780114226e+00,3.206044765472412195e+01,1.324987030029297075e-01,3.779999999999999805e+00,3.750000000000000000e+05
3.513514882677344797e+00,2.944125743865966882e+01,1.063749929428100671e+01,3.779999999999999805e+00,0.000000000000000000e+00
3.513563836687354502e+00,2.953916545867920007e+01,1.063749929428100671e+01,3.779999999999999805e+00,3.750000000000000000e+05
3.524085311033010370e+00,3.215835758209228601e+01,1.324987030029297075e-01,3.779999999999999805e+00,0.000000000000000000e+00
3.524134265043020076e+00,3.225626560211181726e+01,1.324987030029297075e-01,3.779999999999999805e+00,3.750000000000000000e+05
3.534655739388675944e+00,2.963707347869873132e+01,1.063749929428100671e+01,3.779999999999999805e+00,0.000000000000000000e+00
3.534704693398685649e+00,2.973498149871826257e+01,1.063749929428100671e+01,3.779999999999999805e+00,3.750000000000000000e+05
3.545226167744341517e+00,3.235417362213134851e+01,1.324987030029297075e-01,3.779999999999999805e+00,0.000000000000000000e+00
3.545275121754351222e+00,3.245208164215087976e+01,1.324987030029297075e-01,3.779999999999999805e+00,3.750000000000000000e+05
3.555796596100007090e+00,2.983288951873779382e+01,1.063749929428100671e+01,3.779999999999999805e+00,0.000000000000000000e+00
3.555845550110016795e+00,2.993079753875732507e+01,1.063749929428100671e+01,3.779999999999999805e+00,3.750000000000000000e+05
3.566367024455672663e+00,3.254998966217041101e+01,1.324987030029297075e-01,3.779999999999999805e+00,0.000000000000000000e+00
3.566415978465682368e+00,3.264789768218994226e+01,1.324987030029297075e-01,3.779999999999999805e+00,3.750000000000000000e+05
3.576937452362912939e+00,3.002870746612548913e+01,1.063749929428100671e+01,3.779999999999999805e+00,0.000000000000000000e+00
3.576986406372922644e+00,3.012661548614502038e+01,1.063749929428100671e+01,3.779999999999999805e+00,3.750000000000000000e+05
3.587507880270153215e+00,3.274580570220947351e+01,1.324987030029297075e-01,3.779999999999999805e+00,0.000000000000000000e+00
3.587556834280162921e+00,3.284371372222900476e+01,1.324987030029297075e-01,3.779999999999999805e+00,3.750000000000000000e+05
3.598078308177393492e+00,3.022452350616455163e+01,1.063749929428100671e+01,3.779999999999999805e+00,0.000000000000000000e+00
3.598127262187403197e+00,3.032243152618408288e+01,1.063749929428100671e+01,3.779999999999999805e+00,3.750000000000000000e+05
3.608648736084633768e+00,3.294162174224853601e+01,1.324987030029297075e-01,3.779999999999999805e+00,0.000000000000000000e+00
3.608697690094643473e+00,3.303952976226806726e+01,1.324987030029297075e-01,3.779999999999999805e+00,3.750000000000000000e+05
3.619219163991874044e+00,3.042033954620361413e+01,1.063749929428100671e+01,3.779999999999999805e+00,0.000000000000000000e+00
3.619268118001883749e+00,3.051824756622314538e+01,1.063749929428100671e+01,3.779999999999999805e+00,3.750000000000000000e+05
3.629789591899114320e+00,3.313743778228759851e+01,1.324987030029297075e-01,3.779999999999999805e+00,0.000000000000000000e+00
3.629838545909124026e+00,3.323534580230712976e+01,1.324987030029297075e-01,3.779999999999999805e+00,3.750000000000000000e+05
3.640360019806354597e+00,3.061615558624267663e+01,1.063749929428100671e+01,3.779999999999999805e+00,0.000000000000000000e+00
3.640408974770038775e+00,3.071406551361084070e+01,1.063749929428100671e+01,3.779999999999999805e+00,3.750000000000000000e+05
3.650930448218844493e+00,3.333325382232666101e+01,1.324987030029297075e-01,3.779999999999999805e+00,0.000000000000000000e+00
3.650979402228854198e+00,3.343116184234619226e+01,1.324987030029297075e-01,3.779999999999999805e+00,3.750000000000000000e+05
3.661500875677659916e+00,3.081197353363037195e+01,1.063749929428100671e+01,3.779999999999999805e+00,0.000000000000000000e+00
3.661549829687669622e+00,3.090988155364990320e+01,1.063749929428100671e+01,3.779999999999999805e+00,3.750000000000000000e+05
3.672071304033325490e+00,3.352907367706298913e+01,1.324987030029297075e-01,3.779999999999999805e+00,0.000000000000000000e+00
3.672120258043335195e+00,3.362698169708252038e+01,1.324987030029297075e-01,3.779999999999999805e+00,3.750000000000000000e+05
3.682641732388991063e+00,3.100778957366943445e+01,1.063749929428100671e+01,3.779999999999999805e+00,0.000000000000000000e+00
3.682690686399000768e+00,3.110569759368896570e+01,1.063749929428100671e+01,3.779999999999999805e+00,3.750000000000000000e+05
3.693212160744656636e+00,3.372488971710205163e+01,1.324987030029297075e-01,3.779999999999999805e+00,0.000000000000000000e+00
3.693261114754666341e+00,3.382279773712158288e+01,1.324987030029297075e-01,3.779999999999999805e+00,3.750000000000000000e+05
3.703782589100322209e+00,3.120360561370849695e+01,1.063749929428100671e+01,3.779999999999999805e+00,0.000000000000000000e+00
3.703831543110331914e+00,3.130151363372802820e+01,1.063749929428100671e+01,3.779999999999999805e+00,3.750000000000000000e+05
3.714353017455987782e+00,3.392070575714111413e+01,1.324987030029297075e-01,3.779999999999999805e+00,0.000000000000000000e+00
3.714401971465997487e+00,3.401861377716064538e+01,1.324987030029297075e-01,3.779999999999999805e+00,3.750000000000000000e+05
3.724923445363228058e+00,3.139942356109619226e+01,1.063749929428100671e+01,3.779999999999999805e+00,0.000000000000000000e+00
3.724972399373237764e+00,3.149733158111572351e+01,1.063749929428100671e+01,3.779999999999999805e+00,3.750000000000000000e+05
3.735493873270468335e+00,3.411652179718017663e+01,1.324987030029297075e-01,3.779999999999999805e+00,0.000000000000000000e+00
3.735542827280478040e+00,3.421442981719970788e+01,1.324987030029297075e-01,3.779999999999999805e+00,3.750000000000000000e+05
3.746064301177708611e+00,3.159523960113525476e+01,1.063749929428100671e+01,3.779999999999999805e+00,0.000000000000000000e+00
3.746113255187718316e+00,3.169314762115478601e+01,1.063749929428100671e+01,3.779999999999999805e+00,3.750000000000000000e+05
3.756634729084948887e+00,3.431233783721923913e+01,1.324987030029297075e-01,3.779999999999999805e+00,0.000000000000000000e+00
3.756683683094958592e+00,3.441024585723877038e+01,1.324987030029297075e-01,3.779999999999999805e+00,3.750000000000000000e+05
3.767205156992189163e+00,3.179105564117431726e+01,1.063749929428100671e+01,3.779999999999999805e+00,0.000000000000000000e+00
3.767254111002198869e+00,3.188896366119384851e+01,1.063749929428100671e+01,3.779999999999999805e+00,3.750000000000000000e+05
3.777775584899429440e+00,3.450815387725830163e+01,1.324987030029297075e-01,3.779999999999999805e+00,0.000000000000000000e+00
3.777824538909439145e+00,3.460606189727783288e+01,1.324987030029297075e-01,3.779999999999999805e+00,3.750000000000000000e+05
3.788346012806669716e+00,3.198687168121337976e+01,1.063749929428100671e+01,3.779999999999999805e+00,0.000000000000000000e+00
3.788394967770353894e+00,3.208478160858154382e+01,1.063749929428100671e+01,3.779999999999999805e+00,3.750000000000000000e+05
3.798916441219159612e+00,3.470396991729736413e+01,1.324987030029297075e-01,3.779999999999999805e+00,0.000000000000000000e+00
3.798965395229169317e+00,3.480187793731689538e+01,1.324987030029297075e-01,3.779999999999999805e+00,3.750000000000000000e+05
3.809486869126399888e+00,3.218268772125244226e+01,1.063749929428100671e+01,3.779999999999999805e+00,0.000000000000000000e+00
3.809535823136409594e+00,3.228059574127197351e+01,1.063749929428100671e+01,3.779999999999999805e+00,3.750000000000000000e+05
3.820057297930490758e+00,3.489978977203369226e+01,1.324987030029297075e-01,3.779999999999999805e+00,0.000000000000000000e+00
3.820106251940500464e+00,3.499769779205322351e+01,1.324987030029297075e-01,3.779999999999999805e+00,3.750000000000000000e+05
3.830627725837731035e+00,3.237850757598877038e+01,1.063749929428100671e+01,3.779999999999999805e+00,0.000000000000000000e+00
3.830676679847740740e+00,3.247641559600830163e+01,1.063749929428100671e+01,3.779999999999999805e+00,3.750000000000000000e+05
3.841198153744971311e+00,3.509560581207275476e+01,1.324987030029297075e-01,3.779999999999999805e+00,0.000000000000000000e+00
3.841247107754981016e+00,3.519351383209228601e+01,1.324987030029297075e-01,3.779999999999999805e+00,3.750000000000000000e+05
3.851768581652211587e+00,3.257432361602783288e+01,1.063749929428100671e+01,3.779999999999999805e+00,0.000000000000000000e+00
3.851817535662221292e+00,3.267223163604736413e+01,1.063749929428100671e+01,3.779999999999999805e+00,3.750000000000000000e+05
3.862339009559451863e+00,3.529142185211181726e+01,1.324987030029297075e-01,3.779999999999999805e+00,0.000000000000000000e+00
3.862387963569461569e+00,3.538932987213134851e+01,1.324987030029297075e-01,3.779999999999999805e+00,3.750000000000000000e+05
3.872909437466692140e+00,3.277013965606689538e+01,1.063749929428100671e+01,3.779999999999999805e+00,0.000000000000000000e+00
3.872958391476701845e+00,3.286804767608642663e+01,1.063749929428100671e+01,3.779999999999999805e+00,3.750000000000000000e+05
3.883479865373932416e+00,3.548723789215087976e+01,1.324987030029297075e-01,3.779999999999999805e+00,0.000000000000000000e+00
3.883528819383942121e+00,3.558514591217041101e+01,1.324987030029297075e-01,3.779999999999999805e+00,3.750000000000000000e+05
3.894050293281172692e+00,3.296595569610595788e+01,1.063749929428100671e+01,3.779999999999999805e+00,0.000000000000000000e+00
3.894099247291182397e+00,3.306386371612548913e+01,1.063749929428100671e+01,3.779999999999999805e+00,3.750000000000000000e+05
3.904620721188412968e+00,3.568305393218994226e+01,1.324987030029297075e-01,3.779999999999999805e+00,0.000000000000000000e+00
3.904669675198422674e+00,3.578096195220947351e+01,1.324987030029297075e-01,3.779999999999999805e+00,3.750000000000000000e+05
3.915191149095653245e+00,3.316177173614502038e+01,1.063749929428100671e+01,3.779999999999999805e+00,0.000000000000000000e+00
3.915240103105662950e+00,3.325967975616455163e+01,1.063749929428100671e+01,3.779999999999999805e+00,3.750000000000000000e+05
3.925761577002893521e+00,3.587886997222900476e+01,1.324987030029297075e-01,3.779999999999999805e+00,0.000000000000000000e+00
3.925810531012903226e+00,3.597677799224853601e+01,1.324987030029297075e-01,3.779999999999999805e+00,3.750000000000000000e+05
3.936332004910133797e+00,3.335758777618408288e+01,1.063749929428100671e+01,3.779999999999999805e+00,0.000000000000000000e+00
3.936380958920143502e+00,3.345549579620361413e+01,1.063749929428100671e+01,3.779999999999999805e+00,3.750000000000000000e+05
3.946902432817374073e+00,3.607468601226806726e+01,1.324987030029297075e-01,3.779999999999999805e+00,0.000000000000000000e+00
3.946951388734732280e+00,3.617259784698486413e+01,1.324987030029297075e-01,3.779999999999999805e+00,3.750000000000000000e+05
3.957472863528813445e+00,3.355340381622314538e+01,1.063749929428100671e+01,3.779999999999999805e+00,0.000000000000000000e+00
3.957521817538823150e+00,3.365131183624267663e+01,1.063749929428100671e+01,3.779999999999999805e+00,3.750000000000000000e+05
3.968043292332904315e+00,3.627050586700439538e+01,1.324987030029297075e-01,3.779999999999999805e+00,0.000000000000000000e+00
3.968092246342914020e+00,3.636841388702392663e+01,1.324987030029297075e-01,3.779999999999999805e+00,3.750000000000000000e+05
3.978613720240144591e+00,3.374922367095947351e+01,1.063749929428100671e+01,3.779999999999999805e+00,0.000000000000000000e+00
3.978662674250154296e+00,3.384713169097900476e+01,1.063749929428100671e+01,3.779999999999999805e+00,3.750000000000000000e+05
3.989184148147384867e+00,3.646632190704345788e+01,1.324987030029297075e-01,3.779999999999999805e+00,0.000000000000000000e+00
3.989233102157394573e+00,3.656422992706298913e+01,1.324987030029297075e-01,3.779999999999999805e+00,3.750000000000000000e+05
3.999754576054625144e+00,3.394503971099853601e+01,1.063749929428100671e+01,3.779999999999999805e+00,0.000000000000000000e+00
3.999803530064634849e+00,3.404294773101806726e+01,1.063749929428100671e+01,3.779999999999999805e+00,3.750000000000000000e+05
4.010325003961865420e+00,3.666213794708252038e+01,1.324987030029297075e-01,3.779999999999999805e+00,0.000000000000000000e+00
4.010373957971875569e+00,3.676004596710205163e+01,1.324987030029297075e-01,3.779999999999999805e+00,3.750000000000000000e+05
4.020895431869106140e+00,3.414085575103759851e+01,1.063749929428100671e+01,3.779999999999999805e+00,0.000000000000000000e+00
4.020944385879116290e+00,3.423876377105712976e+01,1.063749929428100671e+01,3.779999999999999805e+00,3.750000000000000000e+05
4.031465859776346861e+00,3.685795398712158288e+01,1.324987030029297075e-01,3.779999999999999805e+00,0.000000000000000000e+00
4.031514813786357010e+00,3.695586200714111413e+01,1.324987030029297075e-01,3.779999999999999805e+00,3.750000000000000000e+05
4.042036287683587581e+00,3.433667179107666101e+01,1.063749929428100671e+01,3.779999999999999805e+00,0.000000000000000000e+00
4.042085241693597730e+00,3.443457981109619226e+01,1.063749929428100671e+01,3.779999999999999805e+00,3.750000000000000000e+05
4.052606715590828301e+00,3.705377002716064538e+01,1.324987030029297075e-01,3.779999999999999805e+00,0.000000000000000000e+00
4.052655669600838451e+00,3.715167804718017663e+01,1.324987030029297075e-01,3.779999999999999805e+00,3.750000000000000000e+05
4.063177143498069022e+00,3.453248783111572351e+01,1.063749929428100671e+01,3.779999999999999805e+00,0.000000000000000000e+00
4.063226097508079171e+00,3.463039585113525476e+01,1.063749929428100671e+01,3.779999999999999805e+00,3.750000000000000000e+05
4.073747571405309742e+00,3.724958606719970788e+01,1.324987030029297075e-01,3.779999999999999805e+00,0.000000000000000000e+00
4.073796525415319891e+00,3.734749408721923913e+01,1.324987030029297075e-01,3.779999999999999805e+00,3.750000000000000000e+05
4.084317999312550462e+00,3.472830387115478601e+01,1.063749929428100671e+01,3.779999999999999805e+00,0.000000000000000000e+00
4.084366953322560612e+00,3.482621189117431726e+01,1.063749929428100671e+01,3.779999999999999805e+00,3.750000000000000000e+05
4.094888427219791183e+00,3.744540210723877038e+01,1.324987030029297075e-01,3.779999999999999805e+00,0.000000000000000000e+00
4.094937383137149389e+00,3.754331394195556726e+01,1.324987030029297075e-01,3.779999999999999805e+00,3.750000000000000000e+05
4.105458857931230554e+00,3.492411991119384851e+01,1.063749929428100671e+01,3.779999999999999805e+00,0.000000000000000000e+00
4.105507811941240703e+00,3.502202793121337976e+01,1.063749929428100671e+01,3.779999999999999805e+00,3.750000000000000000e+05
4.116029286735321868e+00,3.764122196197509851e+01,1.324987030029297075e-01,3.779999999999999805e+00,0.000000000000000000e+00
4.116078240745332018e+00,3.773912998199462976e+01,1.324987030029297075e-01,3.779999999999999805e+00,3.750000000000000000e+05
4.126599714642562589e+00,3.511993976593017663e+01,1.063749929428100671e+01,3.779999999999999805e+00,0.000000000000000000e+00
4.126648668652572738e+00,3.521784778594970788e+01,1.063749929428100671e+01,3.779999999999999805e+00,3.750000000000000000e+05
4.137170142549803309e+00,3.783703800201416101e+01,1.324987030029297075e-01,3.779999999999999805e+00,0.000000000000000000e+00
4.137219096559813458e+00,3.793494602203369226e+01,1.324987030029297075e-01,3.779999999999999805e+00,3.750000000000000000e+05
4.147740570457044029e+00,3.531575580596923913e+01,1.063749929428100671e+01,3.779999999999999805e+00,0.000000000000000000e+00
4.147789524467054179e+00,3.541366382598877038e+01,1.063749929428100671e+01,3.779999999999999805e+00,3.750000000000000000e+05
4.158310998364284750e+00,3.803285404205322351e+01,1.324987030029297075e-01,3.779999999999999805e+00,0.000000000000000000e+00
4.158359952374294899e+00,3.813076206207275476e+01,1.324987030029297075e-01,3.779999999999999805e+00,3.750000000000000000e+05
4.168881426271525470e+00,3.551157184600830163e+01,1.063749929428100671e+01,3.779999999999999805e+00,0.000000000000000000e+00
4.168930380281535619e+00,3.560947986602783288e+01,1.063749929428100671e+01,3.779999999999999805e+00,3.750000000000000000e+05
4.179451854178766190e+00,3.822867008209228601e+01,1.324987030029297075e-01,3.779999999999999805e+00,0.000000000000000000e+00
4.179500808188776340e+00,3.832657810211181726e+01,1.324987030029297075e-01,3.779999999999999805e+00,3.750000000000000000e+05
4.190022282086006911e+00,3.570738788604736413e+01,1.063749929428100671e+01,3.779999999999999805e+00,0.000000000000000000e+00
4.190071236096017060e+00,3.580529590606689538e+01,1.063749929428100671e+01,3.779999999999999805e+00,3.750000000000000000e+05
4.200592709993247631e+00,3.842448612213134851e+01,1.324987030029297075e-01,3.779999999999999805e+00,0.000000000000000000e+00
4.200641663526420544e+00,3.852239318847656335e+01,1.324987030029297075e-01,3.779999999999999805e+00,3.750000000000000000e+05
4.211163137199438466e+00,3.590320392608642663e+01,1.063749929428100671e+01,3.779999999999999805e+00,0.000000000000000000e+00
4.211212091209448616e+00,3.600111194610595788e+01,1.063749929428100671e+01,3.779999999999999805e+00,3.750000000000000000e+05
4.221733564882466538e+00,3.862030120849609460e+01,1.324987030029297075e-01,3.779999999999999805e+00,0.000000000000000000e+00
4.221782518892476688e+00,3.871820922851562585e+01,1.324987030029297075e-01,3.779999999999999805e+00,3.750000000000000000e+05
4.232303992565494610e+00,3.609901996612548913e+01,1.063749929428100671e+01,3.779999999999999805e+00,0.000000000000000000e+00
4.232352946575504760e+00,3.619692798614502038e+01,1.063749929428100671e+01,3.779999999999999805e+00,3.750000000000000000e+05
4.242874420248522682e+00,3.881611724853515710e+01,1.324987030029297075e-01,3.779999999999999805e+00,0.000000000000000000e+00
4.242923376165880889e+00,3.891402908325195398e+01,1.324987030029297075e-01,3.779999999999999805e+00,3.750000000000000000e+05
4.253444850735749405e+00,3.629483600616455163e+01,1.063749929428100671e+01,3.779999999999999805e+00,0.000000000000000000e+00
4.253493804745759554e+00,3.639274402618408288e+01,1.063749929428100671e+01,3.779999999999999805e+00,3.750000000000000000e+05
4.264015279315628071e+00,3.901193710327148523e+01,1.324987030029297075e-01,3.779999999999999805e+00,0.000000000000000000e+00
4.264064233325638220e+00,3.910984512329101648e+01,1.324987030029297075e-01,3.779999999999999805e+00,3.750000000000000000e+05
4.274585706998656143e+00,3.649065586090087976e+01,1.063749929428100671e+01,3.779999999999999805e+00,0.000000000000000000e+00
4.274634661008666292e+00,3.658856388092041101e+01,1.063749929428100671e+01,3.779999999999999805e+00,3.750000000000000000e+05
4.285156134681684215e+00,3.920775314331054773e+01,1.324987030029297075e-01,3.779999999999999805e+00,0.000000000000000000e+00
4.285205088691694364e+00,3.930566116333007898e+01,1.324987030029297075e-01,3.779999999999999805e+00,3.750000000000000000e+05
4.295726562364712287e+00,3.668647190093994226e+01,1.063749929428100671e+01,3.779999999999999805e+00,0.000000000000000000e+00
4.295775516374722436e+00,3.678437992095947351e+01,1.063749929428100671e+01,3.779999999999999805e+00,3.750000000000000000e+05
4.306296990047740358e+00,3.940356918334961023e+01,1.324987030029297075e-01,3.779999999999999805e+00,0.000000000000000000e+00
4.306345944057750508e+00,3.950147720336914148e+01,1.324987030029297075e-01,3.779999999999999805e+00,3.750000000000000000e+05
4.316867417730768430e+00,3.688228794097900476e+01,1.063749929428100671e+01,3.779999999999999805e+00,0.000000000000000000e+00
4.316916371740778580e+00,3.698019596099853601e+01,1.063749929428100671e+01,3.779999999999999805e+00,3.750000000000000000e+05
4.327437845413796502e+00,3.959938522338867273e+01,1.324987030029297075e-01,3.779999999999999805e+00,0.000000000000000000e+00
4.327486799423806652e+00,3.969729324340820398e+01,1.324987030029297075e-01,3.779999999999999805e+00,3.750000000000000000e+05
4.338008273096824574e+00,3.707810398101806726e+01,1.063749929428100671e+01,3.779999999999999805e+00,0.000000000000000000e+00
4.338057227106834723e+00,3.717601200103759851e+01,1.063749929428100671e+01,3.779999999999999805e+00,3.750000000000000000e+05
4.348578700779852646e+00,3.979520126342773523e+01,1.324987030029297075e-01,3.779999999999999805e+00,0.000000000000000000e+00
4.348627654789862795e+00,3.989310928344726648e+01,1.324987030029297075e-01,3.779999999999999805e+00,3.750000000000000000e+05
4.359149128462880718e+00,3.727392002105712976e+01,1.063749929428100671e+01,3.779999999999999805e+00,0.000000000000000000e+00
4.359198082472890867e+00,3.737182804107666101e+01,1.063749929428100671e+01,3.779999999999999805e+00,3.750000000000000000e+05
4.369719556145908790e+00,3.999101730346679773e+01,1.324987030029297075e-01,3.779999999999999805e+00,0.000000000000000000e+00
4.369768510155918939e+00,4.008892532348632898e+01,1.324987030029297075e-01,3.779999999999999805e+00,3.750000000000000000e+05
4.380289983828936862e+00,3.746973606109619226e+01,1.063749929428100671e+01,3.779999999999999805e+00,0.000000000000000000e+00
4.380338937838947011e+00,3.756764408111572351e+01,1.063749929428100671e+01,3.779999999999999805e+00,3.750000000000000000e+05
4.390860411511964934e+00,4.018683334350586023e+01,1.324987030029297075e-01,3.779999999999999805e+00,0.000000000000000000e+00
4.390909367429323140e+00,4.028474517822265710e+01,1.324987030029297075e-01,3.779999999999999805e+00,3.750000000000000000e+05
4.401430841999191657e+00,3.766555210113525476e+01,1.063749929428100671e+01,3.779999999999999805e+00,0.000000000000000000e+00
4.401479796009201806e+00,3.776346012115478601e+01,1.063749929428100671e+01,3.779999999999999805e+00,3.750000000000000000e+05
4.412001270579070322e+00,4.038265319824218835e+01,1.324987030029297075e-01,3.779999999999999805e+00,0.000000000000000000e+00
4.412050224589080472e+00,4.048056121826171960e+01,1.324987030029297075e-01,3.779999999999999805e+00,3.750000000000000000e+05
4.422571698262098394e+00,3.786137195587158288e+01,1.063749929428100671e+01,3.779999999999999805e+00,0.000000000000000000e+00
4.422620652272108543e+00,3.795927997589111413e+01,1.063749929428100671e+01,3.779999999999999805e+00,3.750000000000000000e+05
4.433142125945126466e+00,4.057846923828125085e+01,1.324987030029297075e-01,3.779999999999999805e+00,0.000000000000000000e+00
4.433191079955136615e+00,4.067637725830078210e+01,1.324987030029297075e-01,3.779999999999999805e+00,3.750000000000000000e+05
4.443712553628154538e+00,3.805718799591064538e+01,1.063749929428100671e+01,3.779999999999999805e+00,0.000000000000000000e+00
4.443761507638164687e+00,3.815509601593017663e+01,1.063749929428100671e+01,3.779999999999999805e+00,3.750000000000000000e+05
4.454282981311182610e+00,4.077428527832031335e+01,1.324987030029297075e-01,3.779999999999999805e+00,0.000000000000000000e+00
4.454331935321192759e+00,4.087219329833984460e+01,1.324987030029297075e-01,3.779999999999999805e+00,3.750000000000000000e+05
4.464853408994210682e+00,3.825300403594970788e+01,1.063749929428100671e+01,3.779999999999999805e+00,0.000000000000000000e+00
4.464902363004220831e+00,3.835091205596923913e+01,1.063749929428100671e+01,3.779999999999999805e+00,3.750000000000000000e+05
4.475423836677238754e+00,4.097010131835937585e+01,1.324987030029297075e-01,3.779999999999999805e+00,0.000000000000000000e+00
4.475472790687248903e+00,4.106800933837890710e+01,1.324987030029297075e-01,3.779999999999999805e+00,3.750000000000000000e+05
4.485994264360266826e+00,3.844882007598877038e+01,1.063749929428100671e+01,3.779999999999999805e+00,0.000000000000000000e+00
4.486043217893439738e+00,3.854672714233398523e+01,1.063749929428100671e+01,3.779999999999999805e+00,3.750000000000000000e+05
4.496564691790670310e+00,4.116591735839843835e+01,1.324987030029297075e-01,3.779999999999999805e+00,0.000000000000000000e+00
4.496613645800680459e+00,4.126382537841796960e+01,1.324987030029297075e-01,3.779999999999999805e+00,3.750000000000000000e+05
4.507135119697911030e+00,3.864463516235351648e+01,1.063749929428100671e+01,3.779999999999999805e+00,0.000000000000000000e+00
4.507184073707921179e+00,3.874254318237304773e+01,1.063749929428100671e+01,3.779999999999999805e+00,3.750000000000000000e+05
4.517705547605151750e+00,4.136173339843750085e+01,1.324987030029297075e-01,3.779999999999999805e+00,0.000000000000000000e+00
4.517754501615161900e+00,4.145964141845703210e+01,1.324987030029297075e-01,3.779999999999999805e+00,3.750000000000000000e+05
4.528275975512392471e+00,3.884045120239257898e+01,1.063749929428100671e+01,3.779999999999999805e+00,0.000000000000000000e+00
4.528324929522402620e+00,3.893835922241211023e+01,1.063749929428100671e+01,3.779999999999999805e+00,3.750000000000000000e+05
4.538846403419633191e+00,4.155754943847656335e+01,1.324987030029297075e-01,3.779999999999999805e+00,0.000000000000000000e+00
4.538895359336991397e+00,4.165546127319336023e+01,1.324987030029297075e-01,3.779999999999999805e+00,3.750000000000000000e+05
4.549416834131072562e+00,3.903626724243164148e+01,1.063749929428100671e+01,3.779999999999999805e+00,0.000000000000000000e+00
4.549465788141082712e+00,3.913417526245117273e+01,1.063749929428100671e+01,3.779999999999999805e+00,3.750000000000000000e+05
4.559987262935163876e+00,4.175336929321289148e+01,1.324987030029297075e-01,3.779999999999999805e+00,0.000000000000000000e+00
4.560036216945174026e+00,4.185127731323242273e+01,1.324987030029297075e-01,3.779999999999999805e+00,3.750000000000000000e+05
4.570557690842404597e+00,3.923208709716796960e+01,1.063749929428100671e+01,3.779999999999999805e+00,0.000000000000000000e+00
4.570606644852414746e+00,3.932999511718750085e+01,1.063749929428100671e+01,3.779999999999999805e+00,3.750000000000000000e+05
4.581128118749645317e+00,4.194918533325195398e+01,1.324987030029297075e-01,3.779999999999999805e+00,0.000000000000000000e+00
4.581177072759655466e+00,4.204709335327148523e+01,1.324987030029297075e-01,3.779999999999999805e+00,3.750000000000000000e+05
4.591698546656886037e+00,3.942790313720703210e+01,1.063749929428100671e+01,3.779999999999999805e+00,0.000000000000000000e+00
4.591747500666896187e+00,3.952581115722656335e+01,1.063749929428100671e+01,3.779999999999999805e+00,3.750000000000000000e+05
4.602268974564126758e+00,4.214500137329101648e+01,1.324987030029297075e-01,3.779999999999999805e+00,0.000000000000000000e+00
4.602317928574136907e+00,4.224290939331054773e+01,1.324987030029297075e-01,3.779999999999999805e+00,3.750000000000000000e+05
4.612839402471367478e+00,3.962371917724609460e+01,1.063749929428100671e+01,3.779999999999999805e+00,0.000000000000000000e+00
4.612888356481377627e+00,3.972162719726562585e+01,1.063749929428100671e+01,3.779999999999999805e+00,3.750000000000000000e+05
4.623409830378608198e+00,4.234081741333007898e+01,1.324987030029297075e-01,3.779999999999999805e+00,0.000000000000000000e+00
4.623458784388618348e+00,4.243872543334961023e+01,1.324987030029297075e-01,3.779999999999999805e+00,3.750000000000000000e+05
4.633980258285848919e+00,3.981953521728515710e+01,1.063749929428100671e+01,3.779999999999999805e+00,0.000000000000000000e+00
4.634029212295859068e+00,3.991744323730468835e+01,1.063749929428100671e+01,3.779999999999999805e+00,3.750000000000000000e+05
4.644550686193089639e+00,4.253663345336914148e+01,1.324987030029297075e-01,3.779999999999999805e+00,0.000000000000000000e+00
4.644599640203099788e+00,4.263454147338867273e+01,1.324987030029297075e-01,3.779999999999999805e+00,3.750000000000000000e+05
4.655121114100330360e+00,4.001535125732421960e+01,1.063749929428100671e+01,3.779999999999999805e+00,0.000000000000000000e+00
4.655170068110340509e+00,4.011325927734375085e+01,1.063749929428100671e+01,3.779999999999999805e+00,3.750000000000000000e+05
4.665691542007571080e+00,4.273244949340820398e+01,1.324987030029297075e-01,3.779999999999999805e+00,0.000000000000000000e+00
4.665740496017581229e+00,4.283035751342773523e+01,1.324987030029297075e-01,3.779999999999999805e+00,3.750000000000000000e+05
4.676261969914811800e+00,4.021116729736328210e+01,1.063749929428100671e+01,3.779999999999999805e+00,0.000000000000000000e+00
4.676310923924821950e+00,4.030907531738281335e+01,1.063749929428100671e+01,3.779999999999999805e+00,3.750000000000000000e+05
4.686832397822052521e+00,4.292826553344726648e+01,1.324987030029297075e-01,3.779999999999999805e+00,0.000000000000000000e+00
4.686881353739410727e+00,4.302617736816406335e+01,1.324987030029297075e-01,3.779999999999999805e+00,3.750000000000000000e+05
4.697402828533491892e+00,4.040698333740234460e+01,1.063749929428100671e+01,3.779999999999999805e+00,0.000000000000000000e+00
4.697451784450850099e+00,4.050489517211914148e+01,1.063749929428100671e+01,3.779999999999999805e+00,3.750000000000000000e+05
4.707973258348080670e+00,4.312408538818359460e+01,1.324987030029297075e-01,3.779999999999999805e+00,0.000000000000000000e+00
4.708022212358090819e+00,4.322199340820312585e+01,1.324987030029297075e-01,3.779999999999999805e+00,3.750000000000000000e+05
4.718543686255321390e+00,4.060280319213867273e+01,1.063749929428100671e+01,3.779999999999999805e+00,0.000000000000000000e+00
4.718592640265331539e+00,4.070071121215820398e+01,1.063749929428100671e+01,3.779999999999999805e+00,3.750000000000000000e+05
4.729114114162562110e+00,4.331990142822265710e+01,1.324987030029297075e-01,3.779999999999999805e+00,0.000000000000000000e+00
4.729163068172572260e+00,4.341780944824218835e+01,1.324987030029297075e-01,3.779999999999999805e+00,3.750000000000000000e+05
4.739684542069802831e+00,4.079861923217773523e+01,1.063749929428100671e+01,3.779999999999999805e+00,0.000000000000000000e+00
4.739733496079812980e+00,4.089652725219726648e+01,1.063749929428100671e+01,3.779999999999999805e+00,3.750000000000000000e+05
4.750254969977043551e+00,4.351571746826171960e+01,1.324987030029297075e-01,3.779999999999999805e+00,0.000000000000000000e+00
4.750303923987053700e+00,4.361362548828125085e+01,1.324987030029297075e-01,3.779999999999999805e+00,3.750000000000000000e+05
4.760825397884284271e+00,4.099443527221679773e+01,1.063749929428100671e+01,3.779999999999999805e+00,0.000000000000000000e+00
4.760874351894294421e+00,4.109234329223632898e+01,1.063749929428100671e+01,3.779999999999999805e+00,3.750000000000000000e+05
4.771395825791524992e+00,4.371153350830078210e+01,1.324987030029297075e-01,3.779999999999999805e+00,0.000000000000000000e+00
4.771444779801535141e+00,4.380944152832031335e+01,1.324987030029297075e-01,3.779999999999999805e+00,3.750000000000000000e+05
4.781966253698765712e+00,4.119025131225586023e+01,1.063749929428100671e+01,3.779999999999999805e+00,0.000000000000000000e+00
4.782015207708775861e+00,4.128815933227539148e+01,1.063749929428100671e+01,3.779999999999999805e+00,3.750000000000000000e+05
4.792536681606006432e+00,4.390734954833984460e+01,1.324987030029297075e-01,3.779999999999999805e+00,0.000000000000000000e+00
4.792585635616016582e+00,4.400525756835937585e+01,1.324987030029297075e-01,3.779999999999999805e+00,3.750000000000000000e+05
4.803107109513247153e+00,4.138606735229492273e+01,1.063749929428100671e+01,3.779999999999999805e+00,0.000000000000000000e+00
4.803156063523257302e+00,4.148397537231445398e+01,1.063749929428100671e+01,3.779999999999999805e+00,3.750000000000000000e+05
4.813677537420487873e+00,4.410316558837890710e+01,1.324987030029297075e-01,3.779999999999999805e+00,0.000000000000000000e+00
4.813726491430498022e+00,4.420107360839843835e+01,1.324987030029297075e-01,3.779999999999999805e+00,3.750000000000000000e+05
4.824247965327728593e+00,4.158188339233398523e+01,1.063749929428100671e+01,3.779999999999999805e+00,0.000000000000000000e+00
4.824296919337738743e+00,4.167979141235351648e+01,1.063749929428100671e+01,3.779999999999999805e+00,3.750000000000000000e+05
4.834818393234969314e+00,4.429898162841796960e+01,1.324987030029297075e-01,3.779999999999999805e+00,0.000000000000000000e+00
4.834867349152327520e+00,4.439689346313476648e+01,1.324987030029297075e-01,3.779999999999999805e+00,3.750000000000000000e+05
4.845388823946408685e+00,4.177769943237304773e+01,1.063749929428100671e+01,3.779999999999999805e+00,0.000000000000000000e+00
4.845437779863766892e+00,4.187561126708984460e+01,1.063749929428100671e+01,3.779999999999999805e+00,3.750000000000000000e+05
4.855959253760997463e+00,4.449480148315429773e+01,1.324987030029297075e-01,3.779999999999999805e+00,0.000000000000000000e+00
4.856008207771007612e+00,4.459270950317382898e+01,1.324987030029297075e-01,3.779999999999999805e+00,3.750000000000000000e+05
4.866529681668238183e+00,4.197351928710937585e+01,1.063749929428100671e+01,3.779999999999999805e+00,0.000000000000000000e+00
4.866578635678248332e+00,4.207142730712890710e+01,1.063749929428100671e+01,3.779999999999999805e+00,3.750000000000000000e+05
4.877100109575478903e+00,4.469061752319336023e+01,1.324987030029297075e-01,3.779999999999999805e+00,0.000000000000000000e+00
4.877149063585489053e+00,4.478852554321289148e+01,1.324987030029297075e-01,3.779999999999999805e+00,3.750000000000000000e+05
4.887670537482719624e+00,4.216933532714843835e+01,1.063749929428100671e+01,3.779999999999999805e+00,0.000000000000000000e+00
4.887719491492729773e+00,4.226724334716796960e+01,1.063749929428100671e+01,3.779999999999999805e+00,3.750000000000000000e+05
4.898044391373676198e+00,4.483749862670898523e+01,3.287648773193359575e-01,3.779999999999999805e+00,0.000000000000000000e+00
4.898240735749286756e+00,4.483749862670898523e+01,7.214536285400390270e-01,3.779999999999999805e+00,3.750000000000000000e+05
4.908172331149316392e+00,4.236515136718750085e+01,1.063749929428100671e+01,3.779999999999999805e+00,0.000000000000000000e+00
4.908221285159326541e+00,4.246305938720703210e+01,1.063749929428100671e+01,3.779999999999999805e+00,3.750000000000000000e+05
4.917759576078438499e+00,4.483749862670898523e+01,1.114142379760742152e+00,3.779999999999999805e+00,0.000000000000000000e+00
4.917955920454049057e+00,4.483749862670898523e+01,1.506831130981445277e+00,3.779999999999999805e+00,3.750000000000000000e+05
4.927100906892244225e+00,4.256096740722656335e+01,1.063749929428100671e+01,3.779999999999999805e+00,0.000000000000000000e+00
4.927149860902254375e+00,4.265887542724609460e+01,1.063749929428100671e+01,3.779999999999999805e+00,3.750000000000000000e+05
4.935901542859532753e+00,4.483749862670898523e+01,1.899519882202148402e+00,3.779999999999999805e+00,0.000000000000000000e+00
4.936097887235143311e+00,4.483749862670898523e+01,2.292208633422851527e+00,3.779999999999999805e+00,3.750000000000000000e+05
4.944456264711504012e+00,4.275678344726562585e+01,1.063749929428100671e+01,3.779999999999999805e+00,0.000000000000000000e+00
4.944505218721514161e+00,4.285469146728515710e+01,1.063749929428100671e+01,3.779999999999999805e+00,3.750000000000000000e+05
4.952470291716958073e+00,4.483749862670898523e+01,2.684897384643554652e+00,3.779999999999999805e+00,0.000000000000000000e+00
4.952666636092568631e+00,4.483749862670898523e+01,3.077586135864257777e+00,3.779999999999999805e+00,3.750000000000000000e+05
4.960238404607095752e+00,4.295259948730468835e+01,1.063749929428100671e+01,3.779999999999999805e+00,0.000000000000000000e+00
4.960287358617105902e+00,4.305050750732421960e+01,1.063749929428100671e+01,3.779999999999999805e+00,3.750000000000000000e+05
4.967465822650716234e+00,4.483749862670898523e+01,3.470274887084960902e+00,3.779999999999999805e+00,0.000000000000000000e+00
4.967662166549489555e+00,4.483749862670898523e+01,3.862962684631347621e+00,3.779999999999999805e+00,3.750000000000000000e+05
4.974447327001449537e+00,4.314841552734375085e+01,1.063749929428100671e+01,3.779999999999999805e+00,0.000000000000000000e+00
4.974496282918807744e+00,4.324632736206054773e+01,1.063749929428100671e+01,3.779999999999999805e+00,3.750000000000000000e+05
4.980888137093733903e+00,4.483749862670898523e+01,4.255652389526367152e+00,3.779999999999999805e+00,0.000000000000000000e+00
4.981084481469344460e+00,4.483749862670898523e+01,4.648341140747070277e+00,3.779999999999999805e+00,3.750000000000000000e+05
4.987083031163352942e+00,4.334423538208007898e+01,1.063749929428100671e+01,3.779999999999999805e+00,0.000000000000000000e+00
4.987131985173363091e+00,4.344214340209961023e+01,1.063749929428100671e+01,3.779999999999999805e+00,3.750000000000000000e+05
4.992737230386454783e+00,4.483749862670898523e+01,5.041029891967773402e+00,3.779999999999999805e+00,0.000000000000000000e+00
4.992933574285228104e+00,4.483749862670898523e+01,5.433717689514160121e+00,3.779999999999999805e+00,3.750000000000000000e+05
4.998145515916670334e+00,4.354005142211914148e+01,1.063749929428100671e+01,3.779999999999999805e+00,0.000000000000000000e+00
4.998194469926680483e+00,4.363795944213867273e+01,1.063749929428100671e+01,3.779999999999999805e+00,3.750000000000000000e+05
5.003013107077205923e+00,4.483749862670898523e+01,5.826406440734863246e+00,3.779999999999999805e+00,0.000000000000000000e+00
5.003209451452816481e+00,4.483749862670898523e+01,6.219095191955566371e+00,3.779999999999999805e+00,3.750000000000000000e+05
5.007634784122424243e+00,4.373586746215820398e+01,1.063749929428100671e+01,3.779999999999999805e+00,0.000000000000000000e+00
5.007683738132434392e+00,4.383377548217773523e+01,1.063749929428100671e+01,3.779999999999999805e+00,3.750000000000000000e+05
5.011715766321125365e+00,4.483749862670898523e+01,6.611783943176269496e+00,3.779999999999999805e+00,0.000000000000000000e+00
5.011912110696735922e+00,4.483749862670898523e+01,7.004472694396972621e+00,3.779999999999999805e+00,3.750000000000000000e+05
5.015550834404510105e+00,4.393168350219726648e+01,1.063749929428100671e+01,3.779999999999999805e+00,0.000000000000000000e+00
5.015599788414520255e+00,4.402959152221679773e+01,1.063749929428100671e+01,3.779999999999999805e+00,3.750000000000000000e+05
5.018845207641376760e+00,4.483749862670898523e+01,7.397161445617675746e+00,3.779999999999999805e+00,0.000000000000000000e+00
5.019041552016987318e+00,4.483749862670898523e+01,7.789850196838378871e+00,3.779999999999999805e+00,3.750000000000000000e+05
5.021893666762927033e+00,4.412749954223632898e+01,1.063749929428100671e+01,3.779999999999999805e+00,0.000000000000000000e+00
5.021942620772937182e+00,4.422540756225586023e+01,1.063749929428100671e+01,3.779999999999999805e+00,3.750000000000000000e+05
5.024401430138692781e+00,4.483749862670898523e+01,8.182539901733399290e+00,3.779999999999999805e+00,0.000000000000000000e+00
5.024597774037466102e+00,4.483749862670898523e+01,8.575227699279786009e+00,3.779999999999999805e+00,3.750000000000000000e+05
5.026663279821572239e+00,4.432331558227539148e+01,1.063749929428100671e+01,3.779999999999999805e+00,0.000000000000000000e+00
5.026712233831582388e+00,4.442122360229492273e+01,1.063749929428100671e+01,3.779999999999999805e+00,3.750000000000000000e+05
5.028384435134771735e+00,4.483749862670898523e+01,8.967916450500489134e+00,3.779999999999999805e+00,0.000000000000000000e+00
5.028580779510382293e+00,4.483749862670898523e+01,9.360605201721192259e+00,3.779999999999999805e+00,3.750000000000000000e+05
5.029859676332654850e+00,4.451913162231445398e+01,1.063749929428100671e+01,3.779999999999999805e+00,0.000000000000000000e+00
5.029908632250013056e+00,4.461704345703125085e+01,1.063749929428100671e+01,3.779999999999999805e+00,3.750000000000000000e+05
5.030794223694519118e+00,4.483749862670898523e+01,9.753293952941895384e+00,3.779999999999999805e+00,0.000000000000000000e+00
5.030990567831710614e+00,4.483749862670898523e+01,1.014598222732544031e+01,3.779999999999999805e+00,3.750000000000000000e+05
5.031482855244934882e+00,4.471495147705078210e+01,1.063749929428100671e+01,3.779999999999999805e+00,0.000000000000000000e+00
5.031531809254945031e+00,4.481285949707031335e+01,1.063749929428100671e+01,3.779999999999999805e+00,3.750000000000000000e+05
5.031630792187259615e+00,4.483749862670898523e+01,1.053867097854614343e+01,3.779999999999999805e+00,0.000000000000000000e+00
5.054576082553696281e+00,1.423425292968750200e-01,1.324987030029297075e-01,3.779999999999999805e+00,3.750000000000000000e+05
5.054615626544187279e+00,1.324987030029297075e-01,1.719808197021484575e-01,3.779999999999999805e+00,0.000000000000000000e+00
5.054811970919797837e+00,1.324987030029297075e-01,5.646695709228515270e-01,3.779999999999999805e+00,3.750000000000000000e+05
5.055244819839632697e+00,2.402524566650390825e-01,1.324987030029297075e-01,3.779999999999999805e+00,0.000000000000000000e+00
5.055293773849642847e+00,3.381604766845703325e-01,1.324987030029297075e-01,3.779999999999999805e+00,3.750000000000000000e+05
5.056119927250392720e+00,1.324987030029297075e-01,9.573583221435546520e-01,3.779999999999999805e+00,0.000000000000000000e+00
5.056316271626003278e+00,1.324987030029297075e-01,1.350047073364257777e+00,3.779999999999999805e+00,3.750000000000000000e+05
5.057535729507669942e+00,4.360684967041015825e-01,1.324987030029297075e-01,3.779999999999999805e+00,0.000000000000000000e+00
5.057584683517680091e+00,5.339765167236327770e-01,1.324987030029297075e-01,3.779999999999999805e+00,3.750000000000000000e+05
5.059197445880263544e+00,1.324987030029297075e-01,1.742735824584960902e+00,3.779999999999999805e+00,0.000000000000000000e+00
5.059393789779036865e+00,1.324987030029297075e-01,2.135423622131347621e+00,3.779999999999999805e+00,3.750000000000000000e+05
5.061399855723270669e+00,6.318845367431640270e-01,1.324987030029297075e-01,3.779999999999999805e+00,0.000000000000000000e+00
5.061448809733280818e+00,7.297925567626952770e-01,1.324987030029297075e-01,3.779999999999999805e+00,3.750000000000000000e+05
5.063848180158431411e+00,1.324987030029297075e-01,2.528112373352050746e+00,3.779999999999999805e+00,0.000000000000000000e+00
5.064044524534041969e+00,1.324987030029297075e-01,2.920801124572753871e+00,3.779999999999999805e+00,3.750000000000000000e+05
5.066837199440109352e+00,8.277005767822265270e-01,1.324987030029297075e-01,3.779999999999999805e+00,0.000000000000000000e+00
5.066886154403793086e+00,9.256105041503905895e-01,1.324987030029297075e-01,3.779999999999999805e+00,3.750000000000000000e+05
5.070072134239202555e+00,1.324987030029297075e-01,3.313489875793456996e+00,3.779999999999999805e+00,0.000000000000000000e+00
5.070268478614813112e+00,1.324987030029297075e-01,3.706178627014160121e+00,3.779999999999999805e+00,3.750000000000000000e+05
5.073847762931140259e+00,1.023518524169921839e+00,1.324987030029297075e-01,3.779999999999999805e+00,0.000000000000000000e+00
5.073896716941150409e+00,1.121426544189453089e+00,1.324987030029297075e-01,3.779999999999999805e+00,3.750000000000000000e+05
5.077869305738394345e+00,1.324987030029297075e-01,4.098867378234863246e+00,3.779999999999999805e+00,0.000000000000000000e+00
5.078065650114004903e+00,1.324987030029297075e-01,4.491556129455566371e+00,3.779999999999999805e+00,3.750000000000000000e+05
5.082431543392165629e+00,1.219334564208984339e+00,1.324987030029297075e-01,3.779999999999999805e+00,0.000000000000000000e+00
5.082480497402175779e+00,1.317242584228515589e+00,1.324987030029297075e-01,3.779999999999999805e+00,3.750000000000000000e+05
5.087239695161253294e+00,1.324987030029297075e-01,4.884244880676269496e+00,3.779999999999999805e+00,0.000000000000000000e+00
5.087436039536863852e+00,1.324987030029297075e-01,5.276933631896972621e+00,3.779999999999999805e+00,3.750000000000000000e+05
5.092588541776858158e+00,1.415150604248046839e+00,1.324987030029297075e-01,3.779999999999999805e+00,0.000000000000000000e+00
5.092637495786868307e+00,1.513058624267578089e+00,1.324987030029297075e-01,3.779999999999999805e+00,3.750000000000000000e+05
5.098183302507780290e+00,1.324987030029297075e-01,5.669622383117675746e+00,3.779999999999999805e+00,0.000000000000000000e+00
5.098379646883390848e+00,1.324987030029297075e-01,6.062311134338378871e+00,3.779999999999999805e+00,3.750000000000000000e+05
5.104318758533644917e+00,1.610968551635742152e+00,1.324987030029297075e-01,3.779999999999999805e+00,0.000000000000000000e+00
5.104367712543655067e+00,1.708876571655273402e+00,1.324987030029297075e-01,3.779999999999999805e+00,3.750000000000000000e+05
5.110700128674825926e+00,1.324987030029297075e-01,6.454999885559081996e+00,3.779999999999999805e+00,0.000000000000000000e+00
5.110896473050436484e+00,1.324987030029297075e-01,6.847688636779785121e+00,3.779999999999999805e+00,3.750000000000000000e+05
5.117622193662524133e+00,1.806784591674804652e+00,1.324987030029297075e-01,3.779999999999999805e+00,0.000000000000000000e+00
5.117671147672534282e+00,1.904692611694335902e+00,1.324987030029297075e-01,3.779999999999999805e+00,3.750000000000000000e+05
5.124790172765539609e+00,1.324987030029297075e-01,7.240377388000488246e+00,3.779999999999999805e+00,0.000000000000000000e+00
5.124986517141150166e+00,1.324987030029297075e-01,7.633066139221191371e+00,3.779999999999999805e+00,3.750000000000000000e+05
5.132498846715072283e+00,2.002600631713867152e+00,1.324987030029297075e-01,3.779999999999999805e+00,0.000000000000000000e+00
5.132547800725082432e+00,2.100508651733398402e+00,1.324987030029297075e-01,3.779999999999999805e+00,3.750000000000000000e+05
5.140453434779921338e+00,1.324987030029297075e-01,8.025754890441895384e+00,3.779999999999999805e+00,0.000000000000000000e+00
5.140649779155531895e+00,1.324987030029297075e-01,8.418443641662598509e+00,3.779999999999999805e+00,3.750000000000000000e+05
5.148948717691288479e+00,2.198416671752929652e+00,1.324987030029297075e-01,3.779999999999999805e+00,0.000000000000000000e+00
5.148997672654972213e+00,2.296326599121093714e+00,1.324987030029297075e-01,3.779999999999999805e+00,3.750000000000000000e+05
5.157689916120070883e+00,1.324987030029297075e-01,8.811132392883301634e+00,3.779999999999999805e+00,0.000000000000000000e+00
5.157886260495681441e+00,1.324987030029297075e-01,9.203821144104004759e+00,3.779999999999999805e+00,3.750000000000000000e+05
5.166971808441696901e+00,2.394234619140624964e+00,1.324987030029297075e-01,3.779999999999999805e+00,0.000000000000000000e+00
5.167020762451707050e+00,2.492142639160156214e+00,1.324987030029297075e-01,3.779999999999999805e+00,3.750000000000000000e+05
5.176499614878639299e+00,1.324987030029297075e-01,9.596509895324707884e+00,3.779999999999999805e+00,0.000000000000000000e+00
5.176695959015830795e+00,1.324987030029297075e-01,9.989198169708252806e+00,3.779999999999999805e+00,3.750000000000000000e+05
5.186568115474046614e+00,2.590050659179687464e+00,1.324987030029297075e-01,3.779999999999999805e+00,0.000000000000000000e+00
5.186617069484056763e+00,2.687958679199218714e+00,1.324987030029297075e-01,3.779999999999999805e+00,3.750000000000000000e+05
5.196882530423189372e+00,1.324987030029297075e-01,1.038188692092895593e+01,3.779999999999999805e+00,0.000000000000000000e+00
5.197011474021389077e+00,1.666764831542968950e-01,1.063749929428100671e+01,3.779999999999999805e+00,3.750000000000000000e+05
5.207532947918619648e+00,2.785866699218749964e+00,1.324987030029297075e-01,3.779999999999999805e+00,0.000000000000000000e+00
5.207581901928629797e+00,2.883774719238281214e+00,1.324987030029297075e-01,3.779999999999999805e+00,3.750000000000000000e+05
5.218103375825860368e+00,2.645845031738281450e-01,1.063749929428100671e+01,3.779999999999999805e+00,0.000000000000000000e+00
5.218152329835870518e+00,3.624925231933593950e-01,1.063749929428100671e+01,3.779999999999999805e+00,3.750000000000000000e+05
5.228673804181526386e+00,2.981684646606445277e+00,1.324987030029297075e-01,3.779999999999999805e+00,0.000000000000000000e+00
5.228722758191536535e+00,3.079592666625976527e+00,1.324987030029297075e-01,3.779999999999999805e+00,3.750000000000000000e+05
5.239244232088767106e+00,4.604024505615234575e-01,1.063749929428100671e+01,3.779999999999999805e+00,0.000000000000000000e+00
5.239293186098777255e+00,5.583104705810546520e-01,1.063749929428100671e+01,3.779999999999999805e+00,3.750000000000000000e+05
5.249814659996007826e+00,3.177500686645507777e+00,1.324987030029297075e-01,3.779999999999999805e+00,0.000000000000000000e+00
5.249863614006017976e+00,3.275408706665039027e+00,1.324987030029297075e-01,3.779999999999999805e+00,3.750000000000000000e+05
5.260385087903248547e+00,6.562184906005859020e-01,1.063749929428100671e+01,3.779999999999999805e+00,0.000000000000000000e+00
5.260434041913258696e+00,7.541265106201171520e-01,1.063749929428100671e+01,3.779999999999999805e+00,3.750000000000000000e+05
5.270955515810489267e+00,3.373316726684570277e+00,1.324987030029297075e-01,3.779999999999999805e+00,0.000000000000000000e+00
5.271004469820499416e+00,3.471224746704101527e+00,1.324987030029297075e-01,3.779999999999999805e+00,3.750000000000000000e+05
5.281525943717729987e+00,8.520345306396484020e-01,1.063749929428100671e+01,3.779999999999999805e+00,0.000000000000000000e+00
5.281574897727740137e+00,9.499425506591796520e-01,1.063749929428100671e+01,3.779999999999999805e+00,3.750000000000000000e+05
5.292096371624970708e+00,3.569132766723632777e+00,1.324987030029297075e-01,3.779999999999999805e+00,0.000000000000000000e+00
5.292145326588654441e+00,3.667042694091796839e+00,1.324987030029297075e-01,3.779999999999999805e+00,3.750000000000000000e+05
5.302666800934310309e+00,1.047850570678710902e+00,1.063749929428100671e+01,3.779999999999999805e+00,0.000000000000000000e+00
5.302715754944320459e+00,1.145758590698242152e+00,1.063749929428100671e+01,3.779999999999999805e+00,3.750000000000000000e+05
5.313237229289976327e+00,3.764950714111328089e+00,1.324987030029297075e-01,3.779999999999999805e+00,0.000000000000000000e+00
5.313286183299986476e+00,3.862858734130859339e+00,1.324987030029297075e-01,3.779999999999999805e+00,3.750000000000000000e+05
5.323807657197217047e+00,1.243668518066406214e+00,1.063749929428100671e+01,3.779999999999999805e+00,0.000000000000000000e+00
5.323856611207227196e+00,1.341576538085937464e+00,1.063749929428100671e+01,3.779999999999999805e+00,3.750000000000000000e+05
5.334378085104457767e+00,3.960766754150390589e+00,1.324987030029297075e-01,3.779999999999999805e+00,0.000000000000000000e+00
5.334427039114467917e+00,4.058674774169921839e+00,1.324987030029297075e-01,3.779999999999999805e+00,3.750000000000000000e+05
5.344948513011698488e+00,1.439484558105468714e+00,1.063749929428100671e+01,3.779999999999999805e+00,0.000000000000000000e+00
5.344997467021708637e+00,1.537392578124999964e+00,1.063749929428100671e+01,3.779999999999999805e+00,3.750000000000000000e+05
5.355518940918939208e+00,4.156582794189453089e+00,1.324987030029297075e-01,3.779999999999999805e+00,0.000000000000000000e+00
5.355567894928949357e+00,4.254490814208984339e+00,1.324987030029297075e-01,3.779999999999999805e+00,3.750000000000000000e+05
5.366089368826179928e+00,1.635300598144531214e+00,1.063749929428100671e+01,3.779999999999999805e+00,0.000000000000000000e+00
5.366138322836190078e+00,1.733208618164062464e+00,1.063749929428100671e+01,3.779999999999999805e+00,3.750000000000000000e+05
5.376659797181845946e+00,4.352400741577148402e+00,1.324987030029297075e-01,3.779999999999999805e+00,0.000000000000000000e+00
5.376708751191856095e+00,4.450308761596679652e+00,1.324987030029297075e-01,3.779999999999999805e+00,3.750000000000000000e+05
5.387230225089086666e+00,1.831118545532226527e+00,1.063749929428100671e+01,3.779999999999999805e+00,0.000000000000000000e+00
5.387279179099096815e+00,1.929026565551757777e+00,1.063749929428100671e+01,3.779999999999999805e+00,3.750000000000000000e+05
5.397800652996327386e+00,4.548216781616210902e+00,1.324987030029297075e-01,3.779999999999999805e+00,0.000000000000000000e+00
5.397849607006337536e+00,4.646124801635742152e+00,1.324987030029297075e-01,3.779999999999999805e+00,3.750000000000000000e+05
5.408371080903568107e+00,2.026934585571289027e+00,1.063749929428100671e+01,3.779999999999999805e+00,0.000000000000000000e+00
5.408420034913578256e+00,2.124842605590820277e+00,1.063749929428100671e+01,3.779999999999999805e+00,3.750000000000000000e+05
5.418941508810808827e+00,4.744032821655273402e+00,1.324987030029297075e-01,3.779999999999999805e+00,0.000000000000000000e+00
5.418990462820818976e+00,4.841940841674804652e+00,1.324987030029297075e-01,3.779999999999999805e+00,3.750000000000000000e+05
5.429511936718049547e+00,2.222750625610351527e+00,1.063749929428100671e+01,3.779999999999999805e+00,0.000000000000000000e+00
5.429560890728059697e+00,2.320658645629882777e+00,1.063749929428100671e+01,3.779999999999999805e+00,3.750000000000000000e+05
5.440082364625290268e+00,4.939848861694335902e+00,1.324987030029297075e-01,3.779999999999999805e+00,0.000000000000000000e+00
5.440131319588974002e+00,5.037758789062499964e+00,1.324987030029297075e-01,3.779999999999999805e+00,3.750000000000000000e+05
5.450652793934629869e+00,2.418566665649414027e+00,1.063749929428100671e+01,3.779999999999999805e+00,0.000000000000000000e+00
5.450701748898313603e+00,2.516476593017578089e+00,1.063749929428100671e+01,3.779999999999999805e+00,3.750000000000000000e+05
5.461223222795544174e+00,5.135666809082031214e+00,1.324987030029297075e-01,3.779999999999999805e+00,0.000000000000000000e+00
5.461272176805554324e+00,5.233574829101562464e+00,1.324987030029297075e-01,3.779999999999999805e+00,3.750000000000000000e+05
5.471793650702784895e+00,2.614384613037109339e+00,1.063749929428100671e+01,3.779999999999999805e+00,0.000000000000000000e+00
5.471842604712795044e+00,2.712292633056640589e+00,1.063749929428100671e+01,3.779999999999999805e+00,3.750000000000000000e+05
5.482364078610025615e+00,5.331482849121093714e+00,1.324987030029297075e-01,3.779999999999999805e+00,0.000000000000000000e+00
5.482413032620035764e+00,5.429390869140624964e+00,1.324987030029297075e-01,3.779999999999999805e+00,3.750000000000000000e+05
5.492934506517266335e+00,2.810200653076171839e+00,1.063749929428100671e+01,3.779999999999999805e+00,0.000000000000000000e+00
5.492983460527276485e+00,2.908108673095703089e+00,1.063749929428100671e+01,3.779999999999999805e+00,3.750000000000000000e+05
5.503504934424507056e+00,5.527298889160156214e+00,1.324987030029297075e-01,3.779999999999999805e+00,0.000000000000000000e+00
5.503553888434517205e+00,5.625206909179687464e+00,1.324987030029297075e-01,3.779999999999999805e+00,3.750000000000000000e+05
5.514075362331747776e+00,3.006016693115234339e+00,1.063749929428100671e+01,3.779999999999999805e+00,0.000000000000000000e+00
5.514124316341757925e+00,3.103924713134765589e+00,1.063749929428100671e+01,3.779999999999999805e+00,3.750000000000000000e+05
5.524645790687413793e+00,5.723116836547851527e+00,1.324987030029297075e-01,3.779999999999999805e+00,0.000000000000000000e+00
5.524694744697423943e+00,5.821024856567382777e+00,1.324987030029297075e-01,3.779999999999999805e+00,3.750000000000000000e+05
5.535216218594654514e+00,3.201834640502929652e+00,1.063749929428100671e+01,3.779999999999999805e+00,0.000000000000000000e+00
5.535265172604664663e+00,3.299742660522460902e+00,1.063749929428100671e+01,3.779999999999999805e+00,3.750000000000000000e+05
5.545786646501895234e+00,5.918932876586914027e+00,1.324987030029297075e-01,3.779999999999999805e+00,0.000000000000000000e+00
5.545835600511905383e+00,6.016840896606445277e+00,1.324987030029297075e-01,3.779999999999999805e+00,3.750000000000000000e+05
5.556357074409135954e+00,3.397650680541992152e+00,1.063749929428100671e+01,3.779999999999999805e+00,0.000000000000000000e+00
5.556406028419146104e+00,3.495558700561523402e+00,1.063749929428100671e+01,3.779999999999999805e+00,3.750000000000000000e+05
5.566927502316376675e+00,6.114748916625976527e+00,1.324987030029297075e-01,3.779999999999999805e+00,0.000000000000000000e+00
5.566976456326386824e+00,6.212656936645507777e+00,1.324987030029297075e-01,3.779999999999999805e+00,3.750000000000000000e+05
5.577497930223617395e+00,3.593466720581054652e+00,1.063749929428100671e+01,3.779999999999999805e+00,0.000000000000000000e+00
5.577546884233627544e+00,3.691374740600585902e+00,1.063749929428100671e+01,3.779999999999999805e+00,3.750000000000000000e+05
5.588068358130858115e+00,6.310564956665039027e+00,1.324987030029297075e-01,3.779999999999999805e+00,0.000000000000000000e+00
5.588117313094541849e+00,6.408474884033203089e+00,1.324987030029297075e-01,3.779999999999999805e+00,3.750000000000000000e+05
5.598638787440197717e+00,3.789282760620117152e+00,1.063749929428100671e+01,3.779999999999999805e+00,0.000000000000000000e+00
5.598687742403881451e+00,3.887192687988281214e+00,1.063749929428100671e+01,3.779999999999999805e+00,3.750000000000000000e+05
5.609209216076899374e+00,6.506381950378417933e+00,1.324987030029297075e-01,3.779999999999999805e+00,0.000000000000000000e+00
5.609258170563745871e+00,6.604290924072265589e+00,1.324987030029297075e-01,3.779999999999999805e+00,3.750000000000000000e+05
5.619779644460976442e+00,3.985100708007812464e+00,1.063749929428100671e+01,3.779999999999999805e+00,0.000000000000000000e+00
5.619828598470986591e+00,4.083008728027343714e+00,1.063749929428100671e+01,3.779999999999999805e+00,3.750000000000000000e+05
5.630350072368217162e+00,6.702198944091796839e+00,1.324987030029297075e-01,3.779999999999999805e+00,0.000000000000000000e+00
5.630399026378227312e+00,6.800106964111328089e+00,1.324987030029297075e-01,3.779999999999999805e+00,3.750000000000000000e+05
5.640920500275457883e+00,4.180916748046874964e+00,1.063749929428100671e+01,3.779999999999999805e+00,0.000000000000000000e+00
5.640969454285468032e+00,4.278824768066406214e+00,1.063749929428100671e+01,3.779999999999999805e+00,3.750000000000000000e+05
5.651490928406911252e+00,6.898015937805175746e+00,1.324987030029297075e-01,3.779999999999999805e+00,0.000000000000000000e+00
5.651539882416921401e+00,6.995923957824706996e+00,1.324987030029297075e-01,3.779999999999999805e+00,3.750000000000000000e+05
5.662061356538364620e+00,4.376732788085937464e+00,1.063749929428100671e+01,3.779999999999999805e+00,0.000000000000000000e+00
5.662110310548374770e+00,4.474640808105468714e+00,1.063749929428100671e+01,3.779999999999999805e+00,3.750000000000000000e+05
5.672631784669817989e+00,7.093831977844238246e+00,1.324987030029297075e-01,3.779999999999999805e+00,0.000000000000000000e+00
5.672680738679828139e+00,7.191739997863769496e+00,1.324987030029297075e-01,3.779999999999999805e+00,3.750000000000000000e+05
5.683202212352846061e+00,4.572550735473632777e+00,1.063749929428100671e+01,3.779999999999999805e+00,0.000000000000000000e+00
5.683251166362856210e+00,4.670458755493164027e+00,1.063749929428100671e+01,3.779999999999999805e+00,3.750000000000000000e+05
5.693772640260086781e+00,7.289648971557617152e+00,1.324987030029297075e-01,3.779999999999999805e+00,0.000000000000000000e+00
5.693821594270096931e+00,7.387556991577148402e+00,1.324987030029297075e-01,3.779999999999999805e+00,3.750000000000000000e+05
5.704343068167327502e+00,4.768366775512695277e+00,1.063749929428100671e+01,3.779999999999999805e+00,0.000000000000000000e+00
5.704392022177337651e+00,4.866274795532226527e+00,1.063749929428100671e+01,3.779999999999999805e+00,3.750000000000000000e+05
5.714913496074568222e+00,7.485465011596679652e+00,1.324987030029297075e-01,3.779999999999999805e+00,0.000000000000000000e+00
5.714962450561414720e+00,7.583373985290527308e+00,1.324987030029297075e-01,3.779999999999999805e+00,3.750000000000000000e+05
5.725483924682857939e+00,4.964182815551757777e+00,1.063749929428100671e+01,3.779999999999999805e+00,0.000000000000000000e+00
5.725532878692868088e+00,5.062090835571289027e+00,1.063749929428100671e+01,3.779999999999999805e+00,3.750000000000000000e+05
5.736054352814311308e+00,7.681282005310058558e+00,1.324987030029297075e-01,3.779999999999999805e+00,0.000000000000000000e+00
5.736103306824321457e+00,7.779190025329589808e+00,1.324987030029297075e-01,3.779999999999999805e+00,3.750000000000000000e+05
5.746624780945764677e+00,5.159998855590820277e+00,1.063749929428100671e+01,3.779999999999999805e+00,0.000000000000000000e+00
5.746673735909448411e+00,5.257908782958984339e+00,1.063749929428100671e+01,3.779999999999999805e+00,3.750000000000000000e+05
5.757195209806678982e+00,7.877098999023437464e+00,1.324987030029297075e-01,3.779999999999999805e+00,0.000000000000000000e+00
5.757244163816689131e+00,7.975007019042968714e+00,1.324987030029297075e-01,3.779999999999999805e+00,3.750000000000000000e+05
5.767765637713919702e+00,5.355816802978515589e+00,1.063749929428100671e+01,3.779999999999999805e+00,0.000000000000000000e+00
5.767814591723929851e+00,5.453724822998046839e+00,1.063749929428100671e+01,3.779999999999999805e+00,3.750000000000000000e+05
5.778336065621160422e+00,8.072915039062500853e+00,1.324987030029297075e-01,3.779999999999999805e+00,0.000000000000000000e+00
5.778385020108006920e+00,8.170824012756348509e+00,1.324987030029297075e-01,3.779999999999999805e+00,3.750000000000000000e+05
5.788906494229450139e+00,5.551632843017578089e+00,1.063749929428100671e+01,3.779999999999999805e+00,0.000000000000000000e+00
5.788955448239460289e+00,5.649540863037109339e+00,1.063749929428100671e+01,3.779999999999999805e+00,3.750000000000000000e+05
5.799476922360903508e+00,8.268732032775879759e+00,1.324987030029297075e-01,3.779999999999999805e+00,0.000000000000000000e+00
5.799525876370913657e+00,8.366640052795411009e+00,1.324987030029297075e-01,3.779999999999999805e+00,3.750000000000000000e+05
5.810047350492356877e+00,5.747448883056640589e+00,1.063749929428100671e+01,3.779999999999999805e+00,0.000000000000000000e+00
5.810096304502367026e+00,5.845356903076171839e+00,1.063749929428100671e+01,3.779999999999999805e+00,3.750000000000000000e+05
5.820617778623810246e+00,8.464548072814942259e+00,1.324987030029297075e-01,3.779999999999999805e+00,0.000000000000000000e+00
5.820666733110656743e+00,8.562457046508789915e+00,1.324987030029297075e-01,3.779999999999999805e+00,3.750000000000000000e+05
5.831188207007887314e+00,5.943266830444335902e+00,1.063749929428100671e+01,3.779999999999999805e+00,0.000000000000000000e+00
5.831237161017897463e+00,6.041174850463867152e+00,1.063749929428100671e+01,3.779999999999999805e+00,3.750000000000000000e+05
5.841758634915128034e+00,8.660365066528321165e+00,1.324987030029297075e-01,3.779999999999999805e+00,0.000000000000000000e+00
5.841807588925138184e+00,8.758273086547852415e+00,1.324987030029297075e-01,3.779999999999999805e+00,3.750000000000000000e+05
5.852329062822368755e+00,6.139082870483398402e+00,1.063749929428100671e+01,3.779999999999999805e+00,0.000000000000000000e+00
5.852378016832378904e+00,6.236990890502929652e+00,1.063749929428100671e+01,3.779999999999999805e+00,3.750000000000000000e+05
5.862899490953822124e+00,8.856182060241700071e+00,1.324987030029297075e-01,3.779999999999999805e+00,0.000000000000000000e+00
5.862948444963832273e+00,8.954090080261231321e+00,1.324987030029297075e-01,3.779999999999999805e+00,3.750000000000000000e+05
5.873469919085275492e+00,6.334898910522460902e+00,1.063749929428100671e+01,3.779999999999999805e+00,0.000000000000000000e+00
5.873518873095285642e+00,6.432806930541992152e+00,1.063749929428100671e+01,3.779999999999999805e+00,3.750000000000000000e+05
5.884040347216728861e+00,9.051998100280762571e+00,1.324987030029297075e-01,3.779999999999999805e+00,0.000000000000000000e+00
5.884089301703575359e+00,9.149907073974610228e+00,1.324987030029297075e-01,3.779999999999999805e+00,3.750000000000000000e+05
5.894610775825018578e+00,6.530715904235839808e+00,1.063749929428100671e+01,3.779999999999999805e+00,0.000000000000000000e+00
5.894659729835028728e+00,6.628623924255371058e+00,1.063749929428100671e+01,3.779999999999999805e+00,3.750000000000000000e+05
5.905181203956471947e+00,9.247815093994141478e+00,1.324987030029297075e-01,3.779999999999999805e+00,0.000000000000000000e+00
5.905230157966482096e+00,9.345723114013672728e+00,1.324987030029297075e-01,3.779999999999999805e+00,3.750000000000000000e+05
5.915751632087925316e+00,6.726531944274902308e+00,1.063749929428100671e+01,3.779999999999999805e+00,0.000000000000000000e+00
5.915800586574771813e+00,6.824440917968749964e+00,1.063749929428100671e+01,3.779999999999999805e+00,3.750000000000000000e+05
5.926322060472002384e+00,9.443631134033203978e+00,1.324987030029297075e-01,3.779999999999999805e+00,0.000000000000000000e+00
5.926371014958848882e+00,9.541540107727051634e+00,1.324987030029297075e-01,3.779999999999999805e+00,3.750000000000000000e+05
5.936892489080292101e+00,6.922348937988281214e+00,1.063749929428100671e+01,3.779999999999999805e+00,0.000000000000000000e+00
5.936941443090302251e+00,7.020256958007812464e+00,1.063749929428100671e+01,3.779999999999999805e+00,3.750000000000000000e+05
5.947462917211745470e+00,9.639448127746582884e+00,1.324987030029297075e-01,3.779999999999999805e+00,0.000000000000000000e+00
5.947511871221755619e+00,9.737356147766114134e+00,1.324987030029297075e-01,3.779999999999999805e+00,3.750000000000000000e+05
5.958033345118986190e+00,7.118165931701660121e+00,1.063749929428100671e+01,3.779999999999999805e+00,0.000000000000000000e+00
5.958082299128996340e+00,7.216073951721191371e+00,1.063749929428100671e+01,3.779999999999999805e+00,3.750000000000000000e+05
5.968603773250439559e+00,9.835265121459961790e+00,1.324987030029297075e-01,3.779999999999999805e+00,0.000000000000000000e+00
5.968652727260449709e+00,9.933173141479493040e+00,1.324987030029297075e-01,3.779999999999999805e+00,3.750000000000000000e+05
5.979174201381892928e+00,7.313981971740722621e+00,1.063749929428100671e+01,3.779999999999999805e+00,0.000000000000000000e+00
5.979223155391903077e+00,7.411889991760253871e+00,1.063749929428100671e+01,3.779999999999999805e+00,3.750000000000000000e+05
5.989744629513346297e+00,1.003108116149902429e+01,1.324987030029297075e-01,3.779999999999999805e+00,0.000000000000000000e+00
5.989793583523356446e+00,1.012898918151855554e+01,1.324987030029297075e-01,3.779999999999999805e+00,3.750000000000000000e+05
6.000315057420587017e+00,7.509798965454101527e+00,1.063749929428100671e+01,3.779999999999999805e+00,0.000000000000000000e+00
6.000364011430597166e+00,7.607706985473632777e+00,1.063749929428100671e+01,3.779999999999999805e+00,3.750000000000000000e+05
6.010885485552040386e+00,1.022689815521240320e+01,1.324987030029297075e-01,3.779999999999999805e+00,0.000000000000000000e+00
6.010934439562050535e+00,1.032480617523193445e+01,1.324987030029297075e-01,3.779999999999999805e+00,3.750000000000000000e+05
6.021455913683493755e+00,7.705615005493164027e+00,1.063749929428100671e+01,3.779999999999999805e+00,0.000000000000000000e+00
6.021504868170340252e+00,7.803523979187011683e+00,1.063749929428100671e+01,3.779999999999999805e+00,3.750000000000000000e+05
6.032026342067570823e+00,1.042271419525146570e+01,1.324987030029297075e-01,3.779999999999999805e+00,0.000000000000000000e+00
6.032075296554417321e+00,1.052062316894531335e+01,1.324987030029297075e-01,3.779999999999999805e+00,3.750000000000000000e+05
6.042596770675860540e+00,7.901431999206542933e+00,1.063749929428100671e+01,3.779999999999999805e+00,0.000000000000000000e+00
6.042645724685870690e+00,7.999340019226074183e+00,1.063749929428100671e+01,3.779999999999999805e+00,3.750000000000000000e+05
6.053167198807313909e+00,1.061853118896484460e+01,1.324987030029297075e-01,3.779999999999999805e+00,0.000000000000000000e+00
6.053216152817324058e+00,1.071643920898437585e+01,1.324987030029297075e-01,3.779999999999999805e+00,3.750000000000000000e+05
6.063737626938767278e+00,8.097248039245606321e+00,1.063749929428100671e+01,3.779999999999999805e+00,0.000000000000000000e+00
6.063786581425613775e+00,8.195157012939453978e+00,1.063749929428100671e+01,3.779999999999999805e+00,3.750000000000000000e+05
6.074308055322844346e+00,1.081434722900390710e+01,1.324987030029297075e-01,3.779999999999999805e+00,0.000000000000000000e+00
6.074357009809690844e+00,1.091225620269775476e+01,1.324987030029297075e-01,3.779999999999999805e+00,3.750000000000000000e+05
6.084878483931134063e+00,8.293065032958985228e+00,1.063749929428100671e+01,3.779999999999999805e+00,0.000000000000000000e+00
6.084927438417980561e+00,8.390974006652832884e+00,1.063749929428100671e+01,3.779999999999999805e+00,3.750000000000000000e+05
6.095448912315211132e+00,1.101016422271728601e+01,1.324987030029297075e-01,3.779999999999999805e+00,0.000000000000000000e+00
6.095497866325221281e+00,1.110807224273681726e+01,1.324987030029297075e-01,3.779999999999999805e+00,3.750000000000000000e+05
6.106019340222451852e+00,8.488882026672364134e+00,1.063749929428100671e+01,3.779999999999999805e+00,0.000000000000000000e+00
6.106068294232462002e+00,8.586790046691895384e+00,1.063749929428100671e+01,3.779999999999999805e+00,3.750000000000000000e+05
6.116589768353905221e+00,1.120598121643066492e+01,1.324987030029297075e-01,3.779999999999999805e+00,0.000000000000000000e+00
6.116638722363915370e+00,1.130388923645019617e+01,1.324987030029297075e-01,3.779999999999999805e+00,3.750000000000000000e+05
6.127160196485358590e+00,8.684698066711426634e+00,1.063749929428100671e+01,3.779999999999999805e+00,0.000000000000000000e+00
6.127209150972205087e+00,8.782607040405274290e+00,1.063749929428100671e+01,3.779999999999999805e+00,3.750000000000000000e+05
6.137730624869435658e+00,1.140179725646972742e+01,1.324987030029297075e-01,3.779999999999999805e+00,0.000000000000000000e+00
6.137779578879445808e+00,1.149970527648925867e+01,1.324987030029297075e-01,3.779999999999999805e+00,3.750000000000000000e+05
6.148301052776676379e+00,8.880515060424805540e+00,1.063749929428100671e+01,3.779999999999999805e+00,0.000000000000000000e+00
6.148350006786686528e+00,8.978423080444336790e+00,1.063749929428100671e+01,3.779999999999999805e+00,3.750000000000000000e+05
6.158871480908129747e+00,1.159761425018310632e+01,1.324987030029297075e-01,3.779999999999999805e+00,0.000000000000000000e+00
6.158920434918139897e+00,1.169552227020263757e+01,1.324987030029297075e-01,3.779999999999999805e+00,3.750000000000000000e+05
6.169441908815370468e+00,9.076332054138184446e+00,1.063749929428100671e+01,3.779999999999999805e+00,0.000000000000000000e+00
6.169490862825380617e+00,9.174240074157715696e+00,1.063749929428100671e+01,3.779999999999999805e+00,3.750000000000000000e+05
6.180012336722611188e+00,1.179343029022216882e+01,1.324987030029297075e-01,3.779999999999999805e+00,0.000000000000000000e+00
6.180061291209457686e+00,1.189133926391601648e+01,1.324987030029297075e-01,3.779999999999999805e+00,3.750000000000000000e+05
6.190582765330900905e+00,9.272148094177246946e+00,1.063749929428100671e+01,3.779999999999999805e+00,0.000000000000000000e+00
6.190631719340911054e+00,9.370056114196778196e+00,1.063749929428100671e+01,3.779999999999999805e+00,3.750000000000000000e+05
6.201153193462354274e+00,1.198924728393554773e+01,1.324987030029297075e-01,3.779999999999999805e+00,0.000000000000000000e+00
6.201202147472364423e+00,1.208715530395507898e+01,1.324987030029297075e-01,3.779999999999999805e+00,3.750000000000000000e+05
6.211723621369594994e+00,9.467965087890625853e+00,1.063749929428100671e+01,3.779999999999999805e+00,0.000000000000000000e+00
6.211772575379605144e+00,9.565873107910157103e+00,1.063749929428100671e+01,3.779999999999999805e+00,3.750000000000000000e+05
6.222294049276835715e+00,1.218506332397461023e+01,1.324987030029297075e-01,3.779999999999999805e+00,0.000000000000000000e+00
6.222343003763682212e+00,1.228297229766845788e+01,1.324987030029297075e-01,3.779999999999999805e+00,3.750000000000000000e+05
6.232864477885125432e+00,9.663781127929688353e+00,1.063749929428100671e+01,3.779999999999999805e+00,0.000000000000000000e+00
6.232913432371971929e+00,9.761690101623536009e+00,1.063749929428100671e+01,3.779999999999999805e+00,3.750000000000000000e+05
6.243434906269202500e+00,1.238088031768798913e+01,1.324987030029297075e-01,3.779999999999999805e+00,0.000000000000000000e+00
6.243483860279212649e+00,1.247878833770752038e+01,1.324987030029297075e-01,3.779999999999999805e+00,3.750000000000000000e+05
6.254005334176443220e+00,9.859598121643067259e+00,1.063749929428100671e+01,3.779999999999999805e+00,0.000000000000000000e+00
6.254054288186453370e+00,9.957506141662598509e+00,1.063749929428100671e+01,3.779999999999999805e+00,3.750000000000000000e+05
6.264575762307896589e+00,1.257669731140136804e+01,1.324987030029297075e-01,3.779999999999999805e+00,0.000000000000000000e+00
6.264624716317906739e+00,1.267460533142089929e+01,1.324987030029297075e-01,3.779999999999999805e+00,3.750000000000000000e+05
6.275146190439349958e+00,1.005541416168212976e+01,1.063749929428100671e+01,3.779999999999999805e+00,0.000000000000000000e+00
6.275195144926196456e+00,1.015332313537597742e+01,1.063749929428100671e+01,3.779999999999999805e+00,3.750000000000000000e+05
6.285716618823427027e+00,1.277251335144043054e+01,1.324987030029297075e-01,3.779999999999999805e+00,0.000000000000000000e+00
6.285765572833437176e+00,1.287042137145996179e+01,1.324987030029297075e-01,3.779999999999999805e+00,3.750000000000000000e+05
6.296287046730667747e+00,1.025123115539550867e+01,1.063749929428100671e+01,3.779999999999999805e+00,0.000000000000000000e+00
6.296336000740677896e+00,1.034913917541503992e+01,1.063749929428100671e+01,3.779999999999999805e+00,3.750000000000000000e+05
6.306857474862121116e+00,1.296833034515380945e+01,1.324987030029297075e-01,3.779999999999999805e+00,0.000000000000000000e+00
6.306906428872131265e+00,1.306623836517334070e+01,1.324987030029297075e-01,3.779999999999999805e+00,3.750000000000000000e+05
6.317427902769361836e+00,1.044704814910888757e+01,1.063749929428100671e+01,3.779999999999999805e+00,0.000000000000000000e+00
6.317476856779371985e+00,1.054495616912841882e+01,1.063749929428100671e+01,3.779999999999999805e+00,3.750000000000000000e+05
6.327998330676602556e+00,1.316414638519287195e+01,1.324987030029297075e-01,3.779999999999999805e+00,0.000000000000000000e+00
6.328047285163449054e+00,1.326205535888671960e+01,1.324987030029297075e-01,3.779999999999999805e+00,3.750000000000000000e+05
6.338568759284892273e+00,1.064286418914795007e+01,1.063749929428100671e+01,3.779999999999999805e+00,0.000000000000000000e+00
6.338617713294902423e+00,1.074077220916748132e+01,1.063749929428100671e+01,3.779999999999999805e+00,3.750000000000000000e+05
6.349139187416345642e+00,1.335996337890625085e+01,1.324987030029297075e-01,3.779999999999999805e+00,0.000000000000000000e+00
6.349188141426355791e+00,1.345787139892578210e+01,1.324987030029297075e-01,3.779999999999999805e+00,3.750000000000000000e+05
6.359709615323586362e+00,1.083868118286132898e+01,1.063749929428100671e+01,3.779999999999999805e+00,0.000000000000000000e+00
6.359758569333596512e+00,1.093658920288086023e+01,1.063749929428100671e+01,3.779999999999999805e+00,3.750000000000000000e+05
6.370280043230827083e+00,1.355577941894531335e+01,1.324987030029297075e-01,3.779999999999999805e+00,0.000000000000000000e+00
6.370328997717673580e+00,1.365368839263916101e+01,1.324987030029297075e-01,3.779999999999999805e+00,3.750000000000000000e+05
6.380850471839116800e+00,1.103449722290039148e+01,1.063749929428100671e+01,3.779999999999999805e+00,0.000000000000000000e+00
6.380899426325963297e+00,1.113240619659423913e+01,1.063749929428100671e+01,3.779999999999999805e+00,3.750000000000000000e+05
6.391420900223193868e+00,1.375159641265869226e+01,1.324987030029297075e-01,3.779999999999999805e+00,0.000000000000000000e+00
6.391469854233204018e+00,1.384950443267822351e+01,1.324987030029297075e-01,3.779999999999999805e+00,3.750000000000000000e+05
6.401991328130434589e+00,1.123031421661377038e+01,1.063749929428100671e+01,3.779999999999999805e+00,0.000000000000000000e+00
6.402040282140444738e+00,1.132822223663330163e+01,1.063749929428100671e+01,3.779999999999999805e+00,3.750000000000000000e+05
6.412561756261887957e+00,1.394741340637207117e+01,1.324987030029297075e-01,3.779999999999999805e+00,0.000000000000000000e+00
6.412610710271898107e+00,1.404532142639160242e+01,1.324987030029297075e-01,3.779999999999999805e+00,3.750000000000000000e+05
6.423132184393341326e+00,1.142613025665283288e+01,1.063749929428100671e+01,3.779999999999999805e+00,0.000000000000000000e+00
6.423181138880187824e+00,1.152403923034668054e+01,1.063749929428100671e+01,3.779999999999999805e+00,3.750000000000000000e+05
6.433702612777418395e+00,1.414322944641113367e+01,1.324987030029297075e-01,3.779999999999999805e+00,0.000000000000000000e+00
6.433751566787428544e+00,1.424113746643066492e+01,1.324987030029297075e-01,3.779999999999999805e+00,3.750000000000000000e+05
6.444273040684659115e+00,1.162194725036621179e+01,1.063749929428100671e+01,3.779999999999999805e+00,0.000000000000000000e+00
6.444321994694669264e+00,1.171985527038574304e+01,1.063749929428100671e+01,3.779999999999999805e+00,3.750000000000000000e+05
6.454843468816112484e+00,1.433904644012451257e+01,1.324987030029297075e-01,3.779999999999999805e+00,0.000000000000000000e+00
6.454892422826122633e+00,1.443695446014404382e+01,1.324987030029297075e-01,3.779999999999999805e+00,3.750000000000000000e+05
6.465413896723353204e+00,1.181776424407959070e+01,1.063749929428100671e+01,3.779999999999999805e+00,0.000000000000000000e+00
6.465462850733363354e+00,1.191567226409912195e+01,1.063749929428100671e+01,3.779999999999999805e+00,3.750000000000000000e+05
6.475984324630593925e+00,1.453486248016357507e+01,1.324987030029297075e-01,3.779999999999999805e+00,0.000000000000000000e+00
6.476033279117440422e+00,1.463277145385742273e+01,1.324987030029297075e-01,3.779999999999999805e+00,3.750000000000000000e+05
6.486554753238883642e+00,1.201358028411865320e+01,1.063749929428100671e+01,3.779999999999999805e+00,0.000000000000000000e+00
6.486603707248893791e+00,1.211148830413818445e+01,1.063749929428100671e+01,3.779999999999999805e+00,3.750000000000000000e+05
6.497125181370337010e+00,1.473067947387695398e+01,1.324987030029297075e-01,3.779999999999999805e+00,0.000000000000000000e+00
6.497174135380347160e+00,1.482858749389648523e+01,1.324987030029297075e-01,3.779999999999999805e+00,3.750000000000000000e+05
6.507695609277577731e+00,1.220939727783203210e+01,1.063749929428100671e+01,3.779999999999999805e+00,0.000000000000000000e+00
6.507744563287587880e+00,1.230730529785156335e+01,1.063749929428100671e+01,3.779999999999999805e+00,3.750000000000000000e+05
6.518266037409031100e+00,1.492649646759033288e+01,1.324987030029297075e-01,3.779999999999999805e+00,0.000000000000000000e+00
6.518314991419041249e+00,1.502440448760986413e+01,1.324987030029297075e-01,3.779999999999999805e+00,3.750000000000000000e+05
6.528836465540484468e+00,1.240521331787109460e+01,1.063749929428100671e+01,3.779999999999999805e+00,0.000000000000000000e+00
6.528885420027330966e+00,1.250312229156494226e+01,1.063749929428100671e+01,3.779999999999999805e+00,3.750000000000000000e+05
6.539406893924561537e+00,1.512231250762939538e+01,1.324987030029297075e-01,3.779999999999999805e+00,0.000000000000000000e+00
6.539455847934571686e+00,1.522022052764892663e+01,1.324987030029297075e-01,3.779999999999999805e+00,3.750000000000000000e+05
6.549977321831802257e+00,1.260103031158447351e+01,1.063749929428100671e+01,3.779999999999999805e+00,0.000000000000000000e+00
6.550026275841812406e+00,1.269893833160400476e+01,1.063749929428100671e+01,3.779999999999999805e+00,3.750000000000000000e+05
6.560547749963255626e+00,1.531812950134277429e+01,1.324987030029297075e-01,3.779999999999999805e+00,0.000000000000000000e+00
6.560596703973265775e+00,1.541603752136230554e+01,1.324987030029297075e-01,3.779999999999999805e+00,3.750000000000000000e+05
6.571118178094708995e+00,1.279684635162353601e+01,1.063749929428100671e+01,3.779999999999999805e+00,0.000000000000000000e+00
6.571167132581555492e+00,1.289475532531738367e+01,1.063749929428100671e+01,3.779999999999999805e+00,3.750000000000000000e+05
6.581688606478786063e+00,1.551394554138183679e+01,1.324987030029297075e-01,3.779999999999999805e+00,0.000000000000000000e+00
6.581737560965632561e+00,1.561185451507568445e+01,1.324987030029297075e-01,3.779999999999999805e+00,3.750000000000000000e+05
6.592259035087075780e+00,1.299266334533691492e+01,1.063749929428100671e+01,3.779999999999999805e+00,0.000000000000000000e+00
6.592307989097085930e+00,1.309057136535644617e+01,1.063749929428100671e+01,3.779999999999999805e+00,3.750000000000000000e+05
6.602829463218529149e+00,1.570976253509521570e+01,1.324987030029297075e-01,3.779999999999999805e+00,0.000000000000000000e+00
6.602878417228539298e+00,1.580767055511474695e+01,1.324987030029297075e-01,3.779999999999999805e+00,3.750000000000000000e+05
6.613399891125769869e+00,1.318848033905029382e+01,1.063749929428100671e+01,3.779999999999999805e+00,0.000000000000000000e+00
6.613448845135780019e+00,1.328638835906982507e+01,1.063749929428100671e+01,3.779999999999999805e+00,3.750000000000000000e+05
6.623970319033010590e+00,1.590557857513427820e+01,1.324987030029297075e-01,3.779999999999999805e+00,0.000000000000000000e+00
6.624019273519857087e+00,1.600348754882812585e+01,1.324987030029297075e-01,3.779999999999999805e+00,3.750000000000000000e+05
6.634540747641300307e+00,1.338429637908935632e+01,1.063749929428100671e+01,3.779999999999999805e+00,0.000000000000000000e+00
6.634589701651310456e+00,1.348220439910888757e+01,1.063749929428100671e+01,3.779999999999999805e+00,3.750000000000000000e+05
6.645111175772753676e+00,1.610139556884765710e+01,1.324987030029297075e-01,3.779999999999999805e+00,0.000000000000000000e+00
6.645160130259600173e+00,1.619930454254150476e+01,1.324987030029297075e-01,3.779999999999999805e+00,3.750000000000000000e+05
6.655681604381043392e+00,1.358011337280273523e+01,1.063749929428100671e+01,3.779999999999999805e+00,0.000000000000000000e+00
6.655730558391053542e+00,1.367802139282226648e+01,1.063749929428100671e+01,3.779999999999999805e+00,3.750000000000000000e+05
6.666252032512496761e+00,1.629721256256103601e+01,1.324987030029297075e-01,3.779999999999999805e+00,0.000000000000000000e+00
6.666300986522506911e+00,1.639512058258056726e+01,1.324987030029297075e-01,3.779999999999999805e+00,3.750000000000000000e+05
6.676822460643950130e+00,1.377592941284179773e+01,1.063749929428100671e+01,3.779999999999999805e+00,0.000000000000000000e+00
6.676871415130796628e+00,1.387383838653564538e+01,1.063749929428100671e+01,3.779999999999999805e+00,3.750000000000000000e+05
6.687392889028027199e+00,1.649302860260009851e+01,1.324987030029297075e-01,3.779999999999999805e+00,0.000000000000000000e+00
6.687441843038037348e+00,1.659093662261962976e+01,1.324987030029297075e-01,3.779999999999999805e+00,3.750000000000000000e+05
6.697963316935267919e+00,1.397174640655517663e+01,1.063749929428100671e+01,3.779999999999999805e+00,0.000000000000000000e+00
6.698012270945278068e+00,1.406965442657470788e+01,1.063749929428100671e+01,3.779999999999999805e+00,3.750000000000000000e+05
6.708533744842508639e+00,1.668884464263916101e+01,1.324987030029297075e-01,3.779999999999999805e+00,0.000000000000000000e+00
6.708582698852518789e+00,1.678675266265869226e+01,1.324987030029297075e-01,3.779999999999999805e+00,3.750000000000000000e+05
6.719104172525536711e+00,1.416756340026855554e+01,1.063749929428100671e+01,3.779999999999999805e+00,0.000000000000000000e+00
6.719153126535546861e+00,1.426547142028808679e+01,1.063749929428100671e+01,3.779999999999999805e+00,3.750000000000000000e+05
6.729674600656990080e+00,1.688466259002685632e+01,1.324987030029297075e-01,3.779999999999999805e+00,0.000000000000000000e+00
6.729723554667000229e+00,1.698257061004638757e+01,1.324987030029297075e-01,3.779999999999999805e+00,3.750000000000000000e+05
6.740245028788443449e+00,1.436337944030761804e+01,1.063749929428100671e+01,3.779999999999999805e+00,0.000000000000000000e+00
6.740293982798453598e+00,1.446128746032714929e+01,1.063749929428100671e+01,3.779999999999999805e+00,3.750000000000000000e+05
6.750815456919896818e+00,1.708047863006591882e+01,1.324987030029297075e-01,3.779999999999999805e+00,0.000000000000000000e+00
6.750864410929906967e+00,1.717838665008545007e+01,1.324987030029297075e-01,3.779999999999999805e+00,3.750000000000000000e+05
6.761385884827137538e+00,1.455919643402099695e+01,1.063749929428100671e+01,3.779999999999999805e+00,0.000000000000000000e+00
6.761434838837147687e+00,1.465710445404052820e+01,1.063749929428100671e+01,3.779999999999999805e+00,3.750000000000000000e+05
6.771956312734378258e+00,1.727629467010498132e+01,1.324987030029297075e-01,3.779999999999999805e+00,0.000000000000000000e+00
6.772005266744388408e+00,1.737420269012451257e+01,1.324987030029297075e-01,3.779999999999999805e+00,3.750000000000000000e+05
6.782526740641618979e+00,1.475501247406005945e+01,1.063749929428100671e+01,3.779999999999999805e+00,0.000000000000000000e+00
6.782575695128465476e+00,1.485292144775390710e+01,1.063749929428100671e+01,3.779999999999999805e+00,3.750000000000000000e+05
6.793097168801483399e+00,1.747211071014404382e+01,1.324987030029297075e-01,3.779999999999999805e+00,0.000000000000000000e+00
6.793146123765167133e+00,1.757002063751220788e+01,1.324987030029297075e-01,3.779999999999999805e+00,3.750000000000000000e+05
6.803667597886610352e+00,1.495082946777343835e+01,1.063749929428100671e+01,3.779999999999999805e+00,0.000000000000000000e+00
6.803716551896620501e+00,1.504873748779296960e+01,1.063749929428100671e+01,3.779999999999999805e+00,3.750000000000000000e+05
6.814238026018063721e+00,1.766792865753173913e+01,1.324987030029297075e-01,3.779999999999999805e+00,0.000000000000000000e+00
6.814286980028073870e+00,1.776583667755127038e+01,1.324987030029297075e-01,3.779999999999999805e+00,3.750000000000000000e+05
6.824808454149517090e+00,1.514664550781250085e+01,1.063749929428100671e+01,3.779999999999999805e+00,0.000000000000000000e+00
6.824857408636363587e+00,1.524455448150634851e+01,1.063749929428100671e+01,3.779999999999999805e+00,3.750000000000000000e+05
6.835378882533594158e+00,1.786374469757080163e+01,1.324987030029297075e-01,3.779999999999999805e+00,0.000000000000000000e+00
6.835427836543604307e+00,1.796165271759033288e+01,1.324987030029297075e-01,3.779999999999999805e+00,3.750000000000000000e+05
6.845949310440834878e+00,1.534246250152587976e+01,1.063749929428100671e+01,3.779999999999999805e+00,0.000000000000000000e+00
6.845998264450845028e+00,1.544037052154541101e+01,1.063749929428100671e+01,3.779999999999999805e+00,3.750000000000000000e+05
6.856519738348075599e+00,1.805956073760986413e+01,1.324987030029297075e-01,3.779999999999999805e+00,0.000000000000000000e+00
6.856568693311759333e+00,1.815747066497802820e+01,1.324987030029297075e-01,3.779999999999999805e+00,3.750000000000000000e+05
6.867090167433202552e+00,1.553827949523925867e+01,1.063749929428100671e+01,3.779999999999999805e+00,0.000000000000000000e+00
6.867139121443212701e+00,1.563618751525878992e+01,1.063749929428100671e+01,3.779999999999999805e+00,3.750000000000000000e+05
6.877660595564655921e+00,1.825537868499755945e+01,1.324987030029297075e-01,3.779999999999999805e+00,0.000000000000000000e+00
6.877709549574666070e+00,1.835328670501709070e+01,1.324987030029297075e-01,3.779999999999999805e+00,3.750000000000000000e+05
6.888231023696109290e+00,1.573409553527832117e+01,1.063749929428100671e+01,3.779999999999999805e+00,0.000000000000000000e+00
6.888279977706119439e+00,1.583200355529785242e+01,1.063749929428100671e+01,3.779999999999999805e+00,3.750000000000000000e+05
6.898801451827562659e+00,1.845119472503662195e+01,1.324987030029297075e-01,3.779999999999999805e+00,0.000000000000000000e+00
6.898850405718363277e+00,1.854910250663757409e+01,1.324987030029297075e-01,3.779999999999999805e+00,3.750000000000000000e+05
6.909371879559540908e+00,1.592991252899170007e+01,1.063749929428100671e+01,3.779999999999999805e+00,0.000000000000000000e+00
6.909420833569551057e+00,1.602782054901123132e+01,1.063749929428100671e+01,3.779999999999999805e+00,3.750000000000000000e+05
6.919942307410728688e+00,1.864701052665710534e+01,1.324987030029297075e-01,3.779999999999999805e+00,0.000000000000000000e+00
6.919991261420738837e+00,1.874491854667663659e+01,1.324987030029297075e-01,3.779999999999999805e+00,3.750000000000000000e+05
6.930512735261916468e+00,1.612572856903076257e+01,1.063749929428100671e+01,3.779999999999999805e+00,0.000000000000000000e+00
6.930561689271926618e+00,1.622363658905029382e+01,1.063749929428100671e+01,3.779999999999999805e+00,3.750000000000000000e+05
6.941083163561529545e+00,1.884282847404480066e+01,1.324987030029297075e-01,3.779999999999999805e+00,0.000000000000000000e+00
6.941132117571539695e+00,1.894073649406433191e+01,1.324987030029297075e-01,3.779999999999999805e+00,3.750000000000000000e+05
6.951653591861142623e+00,1.632154460906982507e+01,1.063749929428100671e+01,3.779999999999999805e+00,0.000000000000000000e+00
6.951702546824826356e+00,1.641945453643798913e+01,1.063749929428100671e+01,3.779999999999999805e+00,3.750000000000000000e+05
6.962224020666003987e+00,1.903864451408386316e+01,1.324987030029297075e-01,3.779999999999999805e+00,0.000000000000000000e+00
6.962272974676014137e+00,1.913655253410339441e+01,1.324987030029297075e-01,3.779999999999999805e+00,3.750000000000000000e+05
6.972794448517191768e+00,1.651736255645752038e+01,1.063749929428100671e+01,3.779999999999999805e+00,0.000000000000000000e+00
6.972843402527201917e+00,1.661527057647705163e+01,1.063749929428100671e+01,3.779999999999999805e+00,3.750000000000000000e+05
6.983364876368379548e+00,1.923446055412292566e+01,1.324987030029297075e-01,3.779999999999999805e+00,0.000000000000000000e+00
6.983413830378389697e+00,1.933236857414245691e+01,1.324987030029297075e-01,3.779999999999999805e+00,3.750000000000000000e+05
6.993935304219567328e+00,1.671317859649658288e+01,1.063749929428100671e+01,3.779999999999999805e+00,0.000000000000000000e+00
6.993984258229577478e+00,1.681108661651611413e+01,1.063749929428100671e+01,3.779999999999999805e+00,3.750000000000000000e+05
7.004505732070755109e+00,1.943027659416198816e+01,1.324987030029297075e-01,3.779999999999999805e+00,0.000000000000000000e+00
7.004554687034438842e+00,1.952818652153015222e+01,1.324987030029297075e-01,3.779999999999999805e+00,3.750000000000000000e+05
7.015076161324041770e+00,1.690899463653564538e+01,1.063749929428100671e+01,3.779999999999999805e+00,0.000000000000000000e+00
7.015125115334051920e+00,1.700690265655517663e+01,1.063749929428100671e+01,3.779999999999999805e+00,3.750000000000000000e+05
7.025646589623654847e+00,1.962609454154968347e+01,1.324987030029297075e-01,3.779999999999999805e+00,0.000000000000000000e+00
7.025695543633664997e+00,1.972400256156921472e+01,1.324987030029297075e-01,3.779999999999999805e+00,3.750000000000000000e+05
7.036217017474842628e+00,1.710481258392334070e+01,1.063749929428100671e+01,3.779999999999999805e+00,0.000000000000000000e+00
7.036265971484852777e+00,1.720272060394287195e+01,1.063749929428100671e+01,3.779999999999999805e+00,3.750000000000000000e+05
7.046787445326030408e+00,1.982191058158874597e+01,1.324987030029297075e-01,3.779999999999999805e+00,0.000000000000000000e+00
7.046836399336040557e+00,1.991981860160827722e+01,1.324987030029297075e-01,3.779999999999999805e+00,3.750000000000000000e+05
7.057357873177218188e+00,1.730062862396240320e+01,1.063749929428100671e+01,3.779999999999999805e+00,0.000000000000000000e+00
7.057406827187228338e+00,1.739853664398193445e+01,1.063749929428100671e+01,3.779999999999999805e+00,3.750000000000000000e+05
7.067928301028405969e+00,2.001772662162780847e+01,1.324987030029297075e-01,3.779999999999999805e+00,0.000000000000000000e+00
7.067977255038416118e+00,2.011563464164733972e+01,1.324987030029297075e-01,3.779999999999999805e+00,3.750000000000000000e+05
7.078498728879593749e+00,1.749644466400146570e+01,1.063749929428100671e+01,3.779999999999999805e+00,0.000000000000000000e+00
7.078547682889603898e+00,1.759435268402099695e+01,1.063749929428100671e+01,3.779999999999999805e+00,3.750000000000000000e+05
7.089069157179206826e+00,2.021354456901550378e+01,1.324987030029297075e-01,3.779999999999999805e+00,0.000000000000000000e+00
7.089118111189216975e+00,2.031145258903503503e+01,1.324987030029297075e-01,3.779999999999999805e+00,3.750000000000000000e+05
7.099639585478819903e+00,1.769226070404052820e+01,1.063749929428100671e+01,3.779999999999999805e+00,0.000000000000000000e+00
7.099688540442503637e+00,1.779017063140869226e+01,1.063749929428100671e+01,3.779999999999999805e+00,3.750000000000000000e+05
7.110210014283681268e+00,2.040936060905456628e+01,1.324987030029297075e-01,3.779999999999999805e+00,0.000000000000000000e+00
7.110258968353295295e+00,2.050726874828338708e+01,1.324987030029297075e-01,3.779999999999999805e+00,3.750000000000000000e+05
7.120780442222499396e+00,1.788807865142822351e+01,1.063749929428100671e+01,3.779999999999999805e+00,0.000000000000000000e+00
7.120829396232509545e+00,1.798598667144775476e+01,1.063749929428100671e+01,3.779999999999999805e+00,3.750000000000000000e+05
7.131350870101713646e+00,2.060517676830291833e+01,1.324987030029297075e-01,3.779999999999999805e+00,0.000000000000000000e+00
7.131399824111723795e+00,2.070308478832244958e+01,1.324987030029297075e-01,3.779999999999999805e+00,3.750000000000000000e+05
7.141921297980927896e+00,1.808389469146728601e+01,1.063749929428100671e+01,3.779999999999999805e+00,0.000000000000000000e+00
7.141970251990938046e+00,1.818180271148681726e+01,1.063749929428100671e+01,3.779999999999999805e+00,3.750000000000000000e+05
7.152491725860142147e+00,2.080099280834198083e+01,1.324987030029297075e-01,3.779999999999999805e+00,0.000000000000000000e+00
7.152540680823825880e+00,2.089890273571014490e+01,1.324987030029297075e-01,3.779999999999999805e+00,3.750000000000000000e+05
7.163062155141455278e+00,1.827971073150634851e+01,1.063749929428100671e+01,3.779999999999999805e+00,0.000000000000000000e+00
7.163111109151465428e+00,1.837761875152587976e+01,1.063749929428100671e+01,3.779999999999999805e+00,3.750000000000000000e+05
7.173632583469094826e+00,2.099681075572967615e+01,1.324987030029297075e-01,3.779999999999999805e+00,0.000000000000000000e+00
7.173681537479104975e+00,2.109471877574920740e+01,1.324987030029297075e-01,3.779999999999999805e+00,3.750000000000000000e+05
7.184203011348309076e+00,1.847552867889404382e+01,1.063749929428100671e+01,3.779999999999999805e+00,0.000000000000000000e+00
7.184251965239109694e+00,1.857343646049499597e+01,1.063749929428100671e+01,3.779999999999999805e+00,3.750000000000000000e+05
7.194773439164366735e+00,2.119262679576873865e+01,1.324987030029297075e-01,3.779999999999999805e+00,0.000000000000000000e+00
7.194822393174376884e+00,2.129053481578826990e+01,1.324987030029297075e-01,3.779999999999999805e+00,3.750000000000000000e+05
7.205343867099633925e+00,1.867134448051452722e+01,1.063749929428100671e+01,3.779999999999999805e+00,0.000000000000000000e+00
7.205392821109644075e+00,1.876925250053405847e+01,1.063749929428100671e+01,3.779999999999999805e+00,3.750000000000000000e+05
7.215914295034901116e+00,2.138844283580780115e+01,1.324987030029297075e-01,3.779999999999999805e+00,0.000000000000000000e+00
7.215963249044911265e+00,2.148635085582733240e+01,1.324987030029297075e-01,3.779999999999999805e+00,3.750000000000000000e+05
7.226484722970168306e+00,1.886716052055358972e+01,1.063749929428100671e+01,3.779999999999999805e+00,0.000000000000000000e+00
7.226533676980178456e+00,1.896506854057312097e+01,1.063749929428100671e+01,3.779999999999999805e+00,3.750000000000000000e+05
7.237055151353860794e+00,2.158426078319549646e+01,1.324987030029297075e-01,3.779999999999999805e+00,0.000000000000000000e+00
7.237104105363870943e+00,2.168216880321502771e+01,1.324987030029297075e-01,3.779999999999999805e+00,3.750000000000000000e+05
7.247625579737553281e+00,1.906297656059265222e+01,1.063749929428100671e+01,3.779999999999999805e+00,0.000000000000000000e+00
7.247674534701237015e+00,1.916088648796081628e+01,1.063749929428100671e+01,3.779999999999999805e+00,3.750000000000000000e+05
7.258196008626494056e+00,2.178007682323455896e+01,1.324987030029297075e-01,3.779999999999999805e+00,0.000000000000000000e+00
7.258244962636504205e+00,2.187798484325409021e+01,1.324987030029297075e-01,3.779999999999999805e+00,3.750000000000000000e+05
7.268766436561761246e+00,1.925879450798034753e+01,1.063749929428100671e+01,3.779999999999999805e+00,0.000000000000000000e+00
7.268815390571771395e+00,1.935670252799987878e+01,1.063749929428100671e+01,3.779999999999999805e+00,3.750000000000000000e+05
7.279336864497028436e+00,2.197589286327362146e+01,1.324987030029297075e-01,3.779999999999999805e+00,0.000000000000000000e+00
7.279385818492136728e+00,2.207380085349083032e+01,1.324987030029297075e-01,3.779999999999999805e+00,3.750000000000000000e+05
7.289907292410386930e+00,1.945461054801941003e+01,1.063749929428100671e+01,3.779999999999999805e+00,0.000000000000000000e+00
7.289956246420397079e+00,1.955251856803894128e+01,1.063749929428100671e+01,3.779999999999999805e+00,3.750000000000000000e+05
7.300477720338647281e+00,2.217170887351036157e+01,1.324987030029297075e-01,3.779999999999999805e+00,0.000000000000000000e+00
7.300526675309781943e+00,2.226961881577968683e+01,1.324987030029297075e-01,3.779999999999999805e+00,3.750000000000000000e+05
7.311048149679961305e+00,1.965042658805847253e+01,1.063749929428100671e+01,3.779999999999999805e+00,0.000000000000000000e+00
7.311097103689971455e+00,1.974833460807800378e+01,1.063749929428100671e+01,3.779999999999999805e+00,3.750000000000000000e+05
7.321618578060150817e+00,2.236752683579921808e+01,1.324987030029297075e-01,3.779999999999999805e+00,0.000000000000000000e+00
7.321667532068297568e+00,2.246543485209345903e+01,1.324987030029297075e-01,3.779999999999999805e+00,3.750000000000000000e+05
7.332189005989175890e+00,1.984624453544616784e+01,1.063749929428100671e+01,3.779999999999999805e+00,0.000000000000000000e+00
7.332237959999186039e+00,1.994415255546569909e+01,1.063749929428100671e+01,3.779999999999999805e+00,3.750000000000000000e+05
7.342759433920940104e+00,2.256334287583828058e+01,1.324987030029297075e-01,3.779999999999999805e+00,0.000000000000000000e+00
7.342808387930950254e+00,2.266125089585781183e+01,1.324987030029297075e-01,3.779999999999999805e+00,3.750000000000000000e+05
7.353329861852704319e+00,2.004206057548523034e+01,1.063749929428100671e+01,3.779999999999999805e+00,0.000000000000000000e+00
7.353378815862714468e+00,2.013996859550476159e+01,1.063749929428100671e+01,3.779999999999999805e+00,3.750000000000000000e+05
7.363900289780964670e+00,2.275915890097618188e+01,1.324987030029297075e-01,3.779999999999999805e+00,0.000000000000000000e+00
7.363949243790974819e+00,2.285706692099571313e+01,1.324987030029297075e-01,3.779999999999999805e+00,3.750000000000000000e+05
7.374470717709225021e+00,2.023787661552429284e+01,1.063749929428100671e+01,3.779999999999999805e+00,0.000000000000000000e+00
7.374519671719235170e+00,2.033578463554382409e+01,1.063749929428100671e+01,3.779999999999999805e+00,3.750000000000000000e+05
7.385041146085910668e+00,2.295497684836387720e+01,1.324987030029297075e-01,3.779999999999999805e+00,0.000000000000000000e+00
7.385090100110821787e+00,2.305288489818573083e+01,1.324987030029297075e-01,3.779999999999999805e+00,3.750000000000000000e+05
7.395611574484504125e+00,2.043369265556335534e+01,1.063749929428100671e+01,3.779999999999999805e+00,0.000000000000000000e+00
7.395660529507792624e+00,2.053160270214080896e+01,1.063749929428100671e+01,3.779999999999999805e+00,3.750000000000000000e+05
7.406182003405023195e+00,2.315079291820526208e+01,1.324987030029297075e-01,3.779999999999999805e+00,0.000000000000000000e+00
7.406230957415033345e+00,2.324870093822479333e+01,1.324987030029297075e-01,3.779999999999999805e+00,3.750000000000000000e+05
7.416752431312263916e+00,2.062951072216034021e+01,1.063749929428100671e+01,3.779999999999999805e+00,0.000000000000000000e+00
7.416801385322274065e+00,2.072741874217987146e+01,1.063749929428100671e+01,3.779999999999999805e+00,3.750000000000000000e+05
7.427322859219504636e+00,2.334660895824432458e+01,1.324987030029297075e-01,3.779999999999999805e+00,0.000000000000000000e+00
7.427371813229514785e+00,2.344451697826385583e+01,1.324987030029297075e-01,3.779999999999999805e+00,3.750000000000000000e+05
7.437893287126745356e+00,2.082532676219940271e+01,1.063749929428100671e+01,3.779999999999999805e+00,0.000000000000000000e+00
7.437942241136755506e+00,2.092323478221893396e+01,1.063749929428100671e+01,3.779999999999999805e+00,3.750000000000000000e+05
7.448463715033986077e+00,2.354242499828338708e+01,1.324987030029297075e-01,3.779999999999999805e+00,0.000000000000000000e+00
7.448512669997669811e+00,2.364033492565155115e+01,1.324987030029297075e-01,3.779999999999999805e+00,3.750000000000000000e+05
7.459034144343325679e+00,2.102114280223846521e+01,1.063749929428100671e+01,3.779999999999999805e+00,0.000000000000000000e+00
7.459083098353335828e+00,2.111905082225799646e+01,1.063749929428100671e+01,3.779999999999999805e+00,3.750000000000000000e+05
7.469604572698991696e+00,2.373824294567108240e+01,1.324987030029297075e-01,3.779999999999999805e+00,0.000000000000000000e+00
7.469653526709001845e+00,2.383615096569061365e+01,1.324987030029297075e-01,3.779999999999999805e+00,3.750000000000000000e+05
7.480175000606232416e+00,2.121696074962616052e+01,1.063749929428100671e+01,3.779999999999999805e+00,0.000000000000000000e+00
7.480223954616242565e+00,2.131486876964569177e+01,1.063749929428100671e+01,3.779999999999999805e+00,3.750000000000000000e+05
7.490745428513473136e+00,2.393405898571014490e+01,1.324987030029297075e-01,3.779999999999999805e+00,0.000000000000000000e+00
7.490794382523483286e+00,2.403196700572967615e+01,1.324987030029297075e-01,3.779999999999999805e+00,3.750000000000000000e+05
7.501315856420713857e+00,2.141277678966522302e+01,1.063749929428100671e+01,3.779999999999999805e+00,0.000000000000000000e+00
7.501364810430724006e+00,2.151068480968475427e+01,1.063749929428100671e+01,3.779999999999999805e+00,3.750000000000000000e+05
7.511886284327954577e+00,2.412987502574920740e+01,1.324987030029297075e-01,3.779999999999999805e+00,0.000000000000000000e+00
7.511935238337964726e+00,2.422778304576873865e+01,1.324987030029297075e-01,3.779999999999999805e+00,3.750000000000000000e+05
7.522456712235195297e+00,2.160859282970428552e+01,1.063749929428100671e+01,3.779999999999999805e+00,0.000000000000000000e+00
7.522505666245205447e+00,2.170650084972381677e+01,1.063749929428100671e+01,3.779999999999999805e+00,3.750000000000000000e+05
7.533027140590861315e+00,2.432569297313690271e+01,1.324987030029297075e-01,3.779999999999999805e+00,0.000000000000000000e+00
7.533076094600871464e+00,2.442360099315643396e+01,1.324987030029297075e-01,3.779999999999999805e+00,3.750000000000000000e+05
7.543597568946527332e+00,2.180440886974334802e+01,1.063749929428100671e+01,3.779999999999999805e+00,0.000000000000000000e+00
7.543646523910211066e+00,2.190231879711151208e+01,1.063749929428100671e+01,3.779999999999999805e+00,3.750000000000000000e+05
7.554167997779415167e+00,2.452150889396667566e+01,1.324987030029297075e-01,3.779999999999999805e+00,0.000000000000000000e+00
7.554216951789425316e+00,2.461941691398620691e+01,1.324987030029297075e-01,3.779999999999999805e+00,3.750000000000000000e+05
7.564738425665636257e+00,2.200022678732872095e+01,1.063749929428100671e+01,3.779999999999999805e+00,0.000000000000000000e+00
7.564787379675646406e+00,2.209813480734825220e+01,1.063749929428100671e+01,3.779999999999999805e+00,3.750000000000000000e+05
7.575308853551857347e+00,2.471732493400573816e+01,1.324987030029297075e-01,3.779999999999999805e+00,0.000000000000000000e+00
7.575357807561867496e+00,2.481523295402526941e+01,1.324987030029297075e-01,3.779999999999999805e+00,3.750000000000000000e+05
7.585879281438078436e+00,2.219604282736778345e+01,1.063749929428100671e+01,3.779999999999999805e+00,0.000000000000000000e+00
7.585928235455538626e+00,2.229395086228847589e+01,1.063749929428100671e+01,3.779999999999999805e+00,3.750000000000000000e+05
7.596449709328245703e+00,2.491314097404480066e+01,1.324987030029297075e-01,3.779999999999999805e+00,0.000000000000000000e+00
7.596498664291929437e+00,2.501105090141296472e+01,1.324987030029297075e-01,3.779999999999999805e+00,3.750000000000000000e+05
7.607020138613061810e+00,2.239185888230800714e+01,1.063749929428100671e+01,3.779999999999999805e+00,0.000000000000000000e+00
7.607069092621442152e+00,2.248976689906790938e+01,1.063749929428100671e+01,3.779999999999999805e+00,3.750000000000000000e+05
7.617590566943341024e+00,2.510895892143249597e+01,1.324987030029297075e-01,3.779999999999999805e+00,0.000000000000000000e+00
7.617639520953351173e+00,2.520686694145202722e+01,1.324987030029297075e-01,3.779999999999999805e+00,3.750000000000000000e+05
7.628160994826058250e+00,2.258767682969570245e+01,1.063749929428100671e+01,3.779999999999999805e+00,0.000000000000000000e+00
7.628209948836068399e+00,2.268558484971523370e+01,1.063749929428100671e+01,3.779999999999999805e+00,3.750000000000000000e+05
7.638731422708775476e+00,2.530477496147155847e+01,1.324987030029297075e-01,3.779999999999999805e+00,0.000000000000000000e+00
7.638780376718785625e+00,2.540268298149108972e+01,1.324987030029297075e-01,3.779999999999999805e+00,3.750000000000000000e+05
7.649301850594996566e+00,2.278349285483360376e+01,1.063749929428100671e+01,3.779999999999999805e+00,0.000000000000000000e+00
7.649350804605006715e+00,2.288140087485313501e+01,1.063749929428100671e+01,3.779999999999999805e+00,3.750000000000000000e+05
7.659872278481217656e+00,2.550059100151062097e+01,1.324987030029297075e-01,3.779999999999999805e+00,0.000000000000000000e+00
7.659921232491227805e+00,2.559849902153015222e+01,1.324987030029297075e-01,3.779999999999999805e+00,3.750000000000000000e+05
7.670442706367438745e+00,2.297930889487266626e+01,1.063749929428100671e+01,3.779999999999999805e+00,0.000000000000000000e+00
7.670491660392349864e+00,2.307721694469451990e+01,1.063749929428100671e+01,3.779999999999999805e+00,3.750000000000000000e+05
7.681013134709979262e+00,2.569640894889831628e+01,1.324987030029297075e-01,3.779999999999999805e+00,0.000000000000000000e+00
7.681062088719989411e+00,2.579431696891784753e+01,1.324987030029297075e-01,3.779999999999999805e+00,3.750000000000000000e+05
7.691583562589193512e+00,2.317512687206268396e+01,1.063749929428100671e+01,3.779999999999999805e+00,0.000000000000000000e+00
7.691632516599203662e+00,2.327303489208221521e+01,1.063749929428100671e+01,3.779999999999999805e+00,3.750000000000000000e+05
7.702153990468407763e+00,2.589222498893737878e+01,1.324987030029297075e-01,3.779999999999999805e+00,0.000000000000000000e+00
7.702202944478417912e+00,2.599013300895691003e+01,1.324987030029297075e-01,3.779999999999999805e+00,3.750000000000000000e+05
7.712724418347622013e+00,2.337094291210174646e+01,1.063749929428100671e+01,3.779999999999999805e+00,0.000000000000000000e+00
7.712773372357632162e+00,2.346885093212127771e+01,1.063749929428100671e+01,3.779999999999999805e+00,3.750000000000000000e+05
7.723294846226836263e+00,2.608804102897644128e+01,1.324987030029297075e-01,3.779999999999999805e+00,0.000000000000000000e+00
7.723343800236846413e+00,2.618594904899597253e+01,1.324987030029297075e-01,3.779999999999999805e+00,3.750000000000000000e+05
7.733865274106050514e+00,2.356675895214080896e+01,1.063749929428100671e+01,3.779999999999999805e+00,0.000000000000000000e+00
7.733914228116060663e+00,2.366466697216034021e+01,1.063749929428100671e+01,3.779999999999999805e+00,3.750000000000000000e+05
7.744435701985264764e+00,2.628385706901550378e+01,1.324987030029297075e-01,3.779999999999999805e+00,0.000000000000000000e+00
7.744484656948948498e+00,2.638176699638366784e+01,1.324987030029297075e-01,3.779999999999999805e+00,3.750000000000000000e+05
7.755006131266577896e+00,2.376257499217987146e+01,1.063749929428100671e+01,3.779999999999999805e+00,0.000000000000000000e+00
7.755055086230261630e+00,2.386048491954803552e+01,1.063749929428100671e+01,3.779999999999999805e+00,3.750000000000000000e+05
7.765576560099465731e+00,2.647967501640319909e+01,1.324987030029297075e-01,3.779999999999999805e+00,0.000000000000000000e+00
7.765625514228684523e+00,2.657758327484130945e+01,1.324987030029297075e-01,3.779999999999999805e+00,3.750000000000000000e+05
7.776146988153941564e+00,2.395839293956756677e+01,1.063749929428100671e+01,3.779999999999999805e+00,0.000000000000000000e+00
7.776195942163951713e+00,2.405630095958709802e+01,1.063749929428100671e+01,3.779999999999999805e+00,3.750000000000000000e+05
7.786717416089208754e+00,2.667549129486084070e+01,1.324987030029297075e-01,3.779999999999999805e+00,0.000000000000000000e+00
7.786766370099218904e+00,2.677339931488037195e+01,1.324987030029297075e-01,3.779999999999999805e+00,3.750000000000000000e+05
7.797287844024475945e+00,2.415420897960662927e+01,1.063749929428100671e+01,3.779999999999999805e+00,0.000000000000000000e+00
7.797336798034486094e+00,2.425211699962616052e+01,1.063749929428100671e+01,3.779999999999999805e+00,3.750000000000000000e+05
7.807858271959743135e+00,2.687130733489990320e+01,1.324987030029297075e-01,3.779999999999999805e+00,0.000000000000000000e+00
7.807907225969753284e+00,2.696921535491943445e+01,1.324987030029297075e-01,3.779999999999999805e+00,3.750000000000000000e+05
7.818428699895010325e+00,2.435002501964569177e+01,1.063749929428100671e+01,3.779999999999999805e+00,0.000000000000000000e+00
7.818477653905020475e+00,2.444793303966522302e+01,1.063749929428100671e+01,3.779999999999999805e+00,3.750000000000000000e+05
7.828999128278702813e+00,2.706712528228759851e+01,1.324987030029297075e-01,3.779999999999999805e+00,0.000000000000000000e+00
7.829048082288712962e+00,2.716503330230712976e+01,1.324987030029297075e-01,3.779999999999999805e+00,3.750000000000000000e+05
7.839569556241996473e+00,2.454584284782409753e+01,1.063749929428100671e+01,3.779999999999999805e+00,0.000000000000000000e+00
7.839618510252006622e+00,2.464375086784362878e+01,1.063749929428100671e+01,3.779999999999999805e+00,3.750000000000000000e+05
7.850139984205290133e+00,2.726294132232666101e+01,1.324987030029297075e-01,3.779999999999999805e+00,0.000000000000000000e+00
7.850188938215300283e+00,2.736084934234619226e+01,1.324987030029297075e-01,3.779999999999999805e+00,3.750000000000000000e+05
7.860710412168583794e+00,2.474165888786316003e+01,1.063749929428100671e+01,3.779999999999999805e+00,0.000000000000000000e+00
7.860759366178593943e+00,2.483956690788269128e+01,1.063749929428100671e+01,3.779999999999999805e+00,3.750000000000000000e+05
7.871280840131877454e+00,2.745875736236572351e+01,1.324987030029297075e-01,3.779999999999999805e+00,0.000000000000000000e+00
7.871329794141887604e+00,2.755666538238525476e+01,1.324987030029297075e-01,3.779999999999999805e+00,3.750000000000000000e+05
7.881851268095171115e+00,2.493747492790222253e+01,1.063749929428100671e+01,3.779999999999999805e+00,0.000000000000000000e+00
7.881900222105181264e+00,2.503538294792175378e+01,1.063749929428100671e+01,3.779999999999999805e+00,3.750000000000000000e+05
7.892421696058464775e+00,2.765457340240478601e+01,1.324987030029297075e-01,3.779999999999999805e+00,0.000000000000000000e+00
7.892470651022148509e+00,2.775248332977295007e+01,1.324987030029297075e-01,3.779999999999999805e+00,3.750000000000000000e+05
7.902992125423857317e+00,2.513329096794128503e+01,1.063749929428100671e+01,3.779999999999999805e+00,0.000000000000000000e+00
7.903041080387541051e+00,2.523120089530944909e+01,1.063749929428100671e+01,3.779999999999999805e+00,3.750000000000000000e+05
7.913562554340824562e+00,2.785039134979248132e+01,1.324987030029297075e-01,3.779999999999999805e+00,0.000000000000000000e+00
7.913611508350834711e+00,2.794829936981201257e+01,1.324987030029297075e-01,3.779999999999999805e+00,3.750000000000000000e+05
7.924132982304118222e+00,2.532910891532898034e+01,1.063749929428100671e+01,3.779999999999999805e+00,0.000000000000000000e+00
7.924181936314128372e+00,2.542701693534851159e+01,1.063749929428100671e+01,3.779999999999999805e+00,3.750000000000000000e+05
7.934703410267411883e+00,2.804620738983154382e+01,1.324987030029297075e-01,3.779999999999999805e+00,0.000000000000000000e+00
7.934752364277422032e+00,2.814411540985107507e+01,1.324987030029297075e-01,3.779999999999999805e+00,3.750000000000000000e+05
7.945273838230705543e+00,2.552492495536804284e+01,1.063749929428100671e+01,3.779999999999999805e+00,0.000000000000000000e+00
7.945322792240715692e+00,2.562283297538757409e+01,1.063749929428100671e+01,3.779999999999999805e+00,3.750000000000000000e+05
7.955844266193999204e+00,2.824202342987060632e+01,1.324987030029297075e-01,3.779999999999999805e+00,0.000000000000000000e+00
7.955893220204009353e+00,2.833993144989013757e+01,1.324987030029297075e-01,3.779999999999999805e+00,3.750000000000000000e+05
7.966414694157292864e+00,2.572074099540710534e+01,1.063749929428100671e+01,3.779999999999999805e+00,0.000000000000000000e+00
7.966463648167303013e+00,2.581864901542663659e+01,1.063749929428100671e+01,3.779999999999999805e+00,3.750000000000000000e+05
7.976985122569011821e+00,2.843784137725830163e+01,1.324987030029297075e-01,3.779999999999999805e+00,0.000000000000000000e+00
7.977034076579021971e+00,2.853574939727783288e+01,1.324987030029297075e-01,3.779999999999999805e+00,3.750000000000000000e+05
7.987555550532305482e+00,2.591655894279480066e+01,1.063749929428100671e+01,3.779999999999999805e+00,0.000000000000000000e+00
7.987604504542315631e+00,2.601446696281433191e+01,1.063749929428100671e+01,3.779999999999999805e+00,3.750000000000000000e+05
7.998125978495599142e+00,2.863365741729736413e+01,1.324987030029297075e-01,3.779999999999999805e+00,0.000000000000000000e+00
7.998174932505609291e+00,2.873156543731689538e+01,1.324987030029297075e-01,3.779999999999999805e+00,3.750000000000000000e+05
8.008696406458893691e+00,2.611237498283386316e+01,1.063749929428100671e+01,3.779999999999999805e+00,0.000000000000000000e+00
8.008745360468903840e+00,2.621028300285339441e+01,1.063749929428100671e+01,3.779999999999999805e+00,3.750000000000000000e+05
8.019266834422188239e+00,2.882947345733642663e+01,1.324987030029297075e-01,3.779999999999999805e+00,0.000000000000000000e+00
8.019315788432198389e+00,2.892738147735595788e+01,1.324987030029297075e-01,3.779999999999999805e+00,3.750000000000000000e+05
8.029837262385482788e+00,2.630819102287292566e+01,1.063749929428100671e+01,3.779999999999999805e+00,0.000000000000000000e+00
8.029886216395492937e+00,2.640609904289245691e+01,1.063749929428100671e+01,3.779999999999999805e+00,3.750000000000000000e+05
8.040407690348777336e+00,2.902528949737548913e+01,1.324987030029297075e-01,3.779999999999999805e+00,0.000000000000000000e+00
8.040456645312461958e+00,2.912319942474365320e+01,1.324987030029297075e-01,3.779999999999999805e+00,3.750000000000000000e+05
8.050978119658116938e+00,2.650400730133056726e+01,1.063749929428100671e+01,3.779999999999999805e+00,0.000000000000000000e+00
8.051027074621801560e+00,2.660191722869873132e+01,1.063749929428100671e+01,3.779999999999999805e+00,3.750000000000000000e+05
8.061548548519033019e+00,2.922110744476318445e+01,1.324987030029297075e-01,3.779999999999999805e+00,0.000000000000000000e+00
8.061597502529043169e+00,2.931901546478271570e+01,1.324987030029297075e-01,3.779999999999999805e+00,3.750000000000000000e+05
8.072118976426274628e+00,2.669982524871826257e+01,1.063749929428100671e+01,3.779999999999999805e+00,0.000000000000000000e+00
8.072167930436284777e+00,2.679773326873779382e+01,1.063749929428100671e+01,3.779999999999999805e+00,3.750000000000000000e+05
8.082689404333516237e+00,2.941692348480224695e+01,1.324987030029297075e-01,3.779999999999999805e+00,0.000000000000000000e+00
8.082738358343526386e+00,2.951483150482177820e+01,1.324987030029297075e-01,3.779999999999999805e+00,3.750000000000000000e+05
8.093259832240757845e+00,2.689564128875732507e+01,1.063749929428100671e+01,3.779999999999999805e+00,0.000000000000000000e+00
8.093308786250767994e+00,2.699354930877685632e+01,1.063749929428100671e+01,3.779999999999999805e+00,3.750000000000000000e+05
8.103830260147999454e+00,2.961273952484130945e+01,1.324987030029297075e-01,3.779999999999999805e+00,0.000000000000000000e+00
8.103879215111684076e+00,2.971064945220947351e+01,1.324987030029297075e-01,3.779999999999999805e+00,3.750000000000000000e+05
8.114400689457339055e+00,2.709145732879638757e+01,1.063749929428100671e+01,3.779999999999999805e+00,0.000000000000000000e+00
8.114449643467349205e+00,2.718936534881591882e+01,1.063749929428100671e+01,3.779999999999999805e+00,3.750000000000000000e+05
8.124971117813004184e+00,2.980855747222900476e+01,1.324987030029297075e-01,3.779999999999999805e+00,0.000000000000000000e+00
8.125020071823014334e+00,2.990646549224853601e+01,1.324987030029297075e-01,3.779999999999999805e+00,3.750000000000000000e+05
8.135541545720245793e+00,2.728727527618408288e+01,1.063749929428100671e+01,3.779999999999999805e+00,0.000000000000000000e+00
8.135590499730255942e+00,2.738518329620361413e+01,1.063749929428100671e+01,3.779999999999999805e+00,3.750000000000000000e+05
8.146111973627487401e+00,3.000437351226806726e+01,1.324987030029297075e-01,3.779999999999999805e+00,0.000000000000000000e+00
8.146160927637497551e+00,3.010228153228759851e+01,1.324987030029297075e-01,3.779999999999999805e+00,3.750000000000000000e+05
8.156682401534729010e+00,2.748309131622314538e+01,1.063749929428100671e+01,3.779999999999999805e+00,0.000000000000000000e+00
8.156731355544739159e+00,2.758099933624267663e+01,1.063749929428100671e+01,3.779999999999999805e+00,3.750000000000000000e+05
8.167252829441970619e+00,3.020018955230712976e+01,1.324987030029297075e-01,3.779999999999999805e+00,0.000000000000000000e+00
8.167301783451980768e+00,3.029809757232666101e+01,1.324987030029297075e-01,3.779999999999999805e+00,3.750000000000000000e+05
8.177823257349212227e+00,2.767890735626220788e+01,1.063749929428100671e+01,3.779999999999999805e+00,0.000000000000000000e+00
8.177872211359222376e+00,2.777681537628173913e+01,1.063749929428100671e+01,3.779999999999999805e+00,3.750000000000000000e+05
8.188393685704877356e+00,3.039600749969482507e+01,1.324987030029297075e-01,3.779999999999999805e+00,0.000000000000000000e+00
8.188442639714887505e+00,3.049391551971435632e+01,1.324987030029297075e-01,3.779999999999999805e+00,3.750000000000000000e+05
8.198964114060542485e+00,2.787472339630127038e+01,1.063749929428100671e+01,3.779999999999999805e+00,0.000000000000000000e+00
8.199013069024227107e+00,2.797263332366943445e+01,1.063749929428100671e+01,3.779999999999999805e+00,3.750000000000000000e+05
8.209534542921458566e+00,3.059182353973388757e+01,1.324987030029297075e-01,3.779999999999999805e+00,0.000000000000000000e+00
8.209583496931468716e+00,3.068973155975341882e+01,1.324987030029297075e-01,3.779999999999999805e+00,3.750000000000000000e+05
8.220104970828700175e+00,2.807054134368896570e+01,1.063749929428100671e+01,3.779999999999999805e+00,0.000000000000000000e+00
8.220153924838710324e+00,2.816844936370849695e+01,1.063749929428100671e+01,3.779999999999999805e+00,3.750000000000000000e+05
8.230675398735941783e+00,3.078763957977295007e+01,1.324987030029297075e-01,3.779999999999999805e+00,0.000000000000000000e+00
8.230724352745951933e+00,3.088554759979248132e+01,1.324987030029297075e-01,3.779999999999999805e+00,3.750000000000000000e+05
8.241245826643183392e+00,2.826635738372802820e+01,1.063749929428100671e+01,3.779999999999999805e+00,0.000000000000000000e+00
8.241294780653193541e+00,2.836426540374755945e+01,1.063749929428100671e+01,3.779999999999999805e+00,3.750000000000000000e+05
8.251816254550425001e+00,3.098345561981201257e+01,1.324987030029297075e-01,3.779999999999999805e+00,0.000000000000000000e+00
8.251865209514109623e+00,3.108136554718017663e+01,1.324987030029297075e-01,3.779999999999999805e+00,3.750000000000000000e+05
8.262386683859764602e+00,2.846217342376709070e+01,1.063749929428100671e+01,3.779999999999999805e+00,0.000000000000000000e+00
8.262435637869774752e+00,2.856008144378662195e+01,1.063749929428100671e+01,3.779999999999999805e+00,3.750000000000000000e+05
8.272957112215429731e+00,3.117927356719970788e+01,1.324987030029297075e-01,3.779999999999999805e+00,0.000000000000000000e+00
8.273006066225439881e+00,3.127718158721923913e+01,1.324987030029297075e-01,3.779999999999999805e+00,3.750000000000000000e+05
8.283527540122671340e+00,2.865799137115478601e+01,1.063749929428100671e+01,3.779999999999999805e+00,0.000000000000000000e+00
8.283576494132681489e+00,2.875589939117431726e+01,1.063749929428100671e+01,3.779999999999999805e+00,3.750000000000000000e+05
8.294097968029912948e+00,3.137508960723877038e+01,1.324987030029297075e-01,3.779999999999999805e+00,0.000000000000000000e+00
8.294146922039923098e+00,3.147299762725830163e+01,1.324987030029297075e-01,3.779999999999999805e+00,3.750000000000000000e+05
8.304668395937154557e+00,2.885380741119384851e+01,1.063749929428100671e+01,3.779999999999999805e+00,0.000000000000000000e+00
8.304717349947164706e+00,2.895171543121337976e+01,1.063749929428100671e+01,3.779999999999999805e+00,3.750000000000000000e+05
8.315238823844396165e+00,3.157090564727783288e+01,1.324987030029297075e-01,3.779999999999999805e+00,0.000000000000000000e+00
8.315287777854406315e+00,3.166881366729736413e+01,1.324987030029297075e-01,3.779999999999999805e+00,3.750000000000000000e+05
8.325809251751637774e+00,2.904962345123291101e+01,1.063749929428100671e+01,3.779999999999999805e+00,0.000000000000000000e+00
8.325858205761647923e+00,2.914753147125244226e+01,1.063749929428100671e+01,3.779999999999999805e+00,3.750000000000000000e+05
8.336379680107302903e+00,3.176672359466552820e+01,1.324987030029297075e-01,3.779999999999999805e+00,0.000000000000000000e+00
8.336428634117313052e+00,3.186463161468505945e+01,1.324987030029297075e-01,3.779999999999999805e+00,3.750000000000000000e+05
8.346950108462968032e+00,2.924543949127197351e+01,1.063749929428100671e+01,3.779999999999999805e+00,0.000000000000000000e+00
8.346999063426652654e+00,2.934334941864013757e+01,1.063749929428100671e+01,3.779999999999999805e+00,3.750000000000000000e+05
8.357520537323884113e+00,3.196253963470459070e+01,1.324987030029297075e-01,3.779999999999999805e+00,0.000000000000000000e+00
8.357569491333894263e+00,3.206044765472412195e+01,1.324987030029297075e-01,3.779999999999999805e+00,3.750000000000000000e+05
8.368090965231125722e+00,2.944125743865966882e+01,1.063749929428100671e+01,3.779999999999999805e+00,0.000000000000000000e+00
8.368139919241135871e+00,2.953916545867920007e+01,1.063749929428100671e+01,3.779999999999999805e+00,3.750000000000000000e+05
8.378661393586790851e+00,3.215835758209228601e+01,1.324987030029297075e-01,3.779999999999999805e+00,0.000000000000000000e+00
8.378710347596801000e+00,3.225626560211181726e+01,1.324987030029297075e-01,3.779999999999999805e+00,3.750000000000000000e+05
8.389231821942455980e+00,2.963707347869873132e+01,1.063749929428100671e+01,3.779999999999999805e+00,0.000000000000000000e+00
8.389280775952466129e+00,2.973498149871826257e+01,1.063749929428100671e+01,3.779999999999999805e+00,3.750000000000000000e+05
8.399802250298121109e+00,3.235417362213134851e+01,1.324987030029297075e-01,3.779999999999999805e+00,0.000000000000000000e+00
8.399851204308131258e+00,3.245208164215087976e+01,1.324987030029297075e-01,3.779999999999999805e+00,3.750000000000000000e+05
8.410372678653786238e+00,2.983288951873779382e+01,1.063749929428100671e+01,3.779999999999999805e+00,0.000000000000000000e+00
8.410421632663796387e+00,2.993079753875732507e+01,1.063749929428100671e+01,3.779999999999999805e+00,3.750000000000000000e+05
8.420943107009451367e+00,3.254998966217041101e+01,1.324987030029297075e-01,3.779999999999999805e+00,0.000000000000000000e+00
8.420992061019461516e+00,3.264789768218994226e+01,1.324987030029297075e-01,3.779999999999999805e+00,3.750000000000000000e+05
8.431513534916692976e+00,3.002870746612548913e+01,1.063749929428100671e+01,3.779999999999999805e+00,0.000000000000000000e+00
8.431562488926703125e+00,3.012661548614502038e+01,1.063749929428100671e+01,3.779999999999999805e+00,3.750000000000000000e+05
8.442083962823934584e+00,3.274580570220947351e+01,1.324987030029297075e-01,3.779999999999999805e+00,0.000000000000000000e+00
8.442132916833944734e+00,3.284371372222900476e+01,1.324987030029297075e-01,3.779999999999999805e+00,3.750000000000000000e+05
8.452654390731176193e+00,3.022452350616455163e+01,1.063749929428100671e+01,3.779999999999999805e+00,0.000000000000000000e+00
8.452703344741186342e+00,3.032243152618408288e+01,1.063749929428100671e+01,3.779999999999999805e+00,3.750000000000000000e+05
8.463224818638417801e+00,3.294162174224853601e+01,1.324987030029297075e-01,3.779999999999999805e+00,0.000000000000000000e+00
8.463273772648427951e+00,3.303952976226806726e+01,1.324987030029297075e-01,3.779999999999999805e+00,3.750000000000000000e+05
8.473795246545659410e+00,3.042033954620361413e+01,1.063749929428100671e+01,3.779999999999999805e+00,0.000000000000000000e+00
8.473844200555669559e+00,3.051824756622314538e+01,1.063749929428100671e+01,3.779999999999999805e+00,3.750000000000000000e+05
8.484365674452901018e+00,3.313743778228759851e+01,1.324987030029297075e-01,3.779999999999999805e+00,0.000000000000000000e+00
8.484414628462911168e+00,3.323534580230712976e+01,1.324987030029297075e-01,3.779999999999999805e+00,3.750000000000000000e+05
8.494936102360142627e+00,3.061615558624267663e+01,1.063749929428100671e+01,3.779999999999999805e+00,0.000000000000000000e+00
8.494985057323827249e+00,3.071406551361084070e+01,1.063749929428100671e+01,3.779999999999999805e+00,3.750000000000000000e+05
8.505506530772633411e+00,3.333325382232666101e+01,1.324987030029297075e-01,3.779999999999999805e+00,0.000000000000000000e+00
8.505555484782643560e+00,3.343116184234619226e+01,1.324987030029297075e-01,3.779999999999999805e+00,3.750000000000000000e+05
8.516076958231449723e+00,3.081197353363037195e+01,1.063749929428100671e+01,3.779999999999999805e+00,0.000000000000000000e+00
8.516125912241459872e+00,3.090988155364990320e+01,1.063749929428100671e+01,3.779999999999999805e+00,3.750000000000000000e+05
8.526647386587114852e+00,3.352907367706298913e+01,1.324987030029297075e-01,3.779999999999999805e+00,0.000000000000000000e+00
8.526696340597125001e+00,3.362698169708252038e+01,1.324987030029297075e-01,3.779999999999999805e+00,3.750000000000000000e+05
8.537217814942779981e+00,3.100778957366943445e+01,1.063749929428100671e+01,3.779999999999999805e+00,0.000000000000000000e+00
8.537266768952790130e+00,3.110569759368896570e+01,1.063749929428100671e+01,3.779999999999999805e+00,3.750000000000000000e+05
8.547788243298445110e+00,3.372488971710205163e+01,1.324987030029297075e-01,3.779999999999999805e+00,0.000000000000000000e+00
8.547837197308455259e+00,3.382279773712158288e+01,1.324987030029297075e-01,3.779999999999999805e+00,3.750000000000000000e+05
8.558358671654110239e+00,3.120360561370849695e+01,1.063749929428100671e+01,3.779999999999999805e+00,0.000000000000000000e+00
8.558407625664120388e+00,3.130151363372802820e+01,1.063749929428100671e+01,3.779999999999999805e+00,3.750000000000000000e+05
8.568929100009775368e+00,3.392070575714111413e+01,1.324987030029297075e-01,3.779999999999999805e+00,0.000000000000000000e+00
8.568978054019785517e+00,3.401861377716064538e+01,1.324987030029297075e-01,3.779999999999999805e+00,3.750000000000000000e+05
8.579499527917016977e+00,3.139942356109619226e+01,1.063749929428100671e+01,3.779999999999999805e+00,0.000000000000000000e+00
8.579548481927027126e+00,3.149733158111572351e+01,1.063749929428100671e+01,3.779999999999999805e+00,3.750000000000000000e+05
8.590069955824258585e+00,3.411652179718017663e+01,1.324987030029297075e-01,3.779999999999999805e+00,0.000000000000000000e+00
8.590118909834268734e+00,3.421442981719970788e+01,1.324987030029297075e-01,3.779999999999999805e+00,3.750000000000000000e+05
8.600640383731500194e+00,3.159523960113525476e+01,1.063749929428100671e+01,3.779999999999999805e+00,0.000000000000000000e+00
8.600689337741510343e+00,3.169314762115478601e+01,1.063749929428100671e+01,3.779999999999999805e+00,3.750000000000000000e+05
8.611210811638741802e+00,3.431233783721923913e+01,1.324987030029297075e-01,3.779999999999999805e+00,0.000000000000000000e+00
8.611259765648751952e+00,3.441024585723877038e+01,1.324987030029297075e-01,3.779999999999999805e+00,3.750000000000000000e+05
8.621781239545983411e+00,3.179105564117431726e+01,1.063749929428100671e+01,3.779999999999999805e+00,0.000000000000000000e+00
8.621830193555993560e+00,3.188896366119384851e+01,1.063749929428100671e+01,3.779999999999999805e+00,3.750000000000000000e+05
8.632351667453225019e+00,3.450815387725830163e+01,1.324987030029297075e-01,3.779999999999999805e+00,0.000000000000000000e+00
8.632400621463235169e+00,3.460606189727783288e+01,1.324987030029297075e-01,3.779999999999999805e+00,3.750000000000000000e+05
8.642922095360466628e+00,3.198687168121337976e+01,1.063749929428100671e+01,3.779999999999999805e+00,0.000000000000000000e+00
8.642971050324151250e+00,3.208478160858154382e+01,1.063749929428100671e+01,3.779999999999999805e+00,3.750000000000000000e+05
8.653492523772957412e+00,3.470396991729736413e+01,1.324987030029297075e-01,3.779999999999999805e+00,0.000000000000000000e+00
8.653541477782967561e+00,3.480187793731689538e+01,1.324987030029297075e-01,3.779999999999999805e+00,3.750000000000000000e+05
8.664062951680199021e+00,3.218268772125244226e+01,1.063749929428100671e+01,3.779999999999999805e+00,0.000000000000000000e+00
8.664111905690209170e+00,3.228059574127197351e+01,1.063749929428100671e+01,3.779999999999999805e+00,3.750000000000000000e+05
8.674633380484291223e+00,3.489978977203369226e+01,1.324987030029297075e-01,3.779999999999999805e+00,0.000000000000000000e+00
8.674682334494301372e+00,3.499769779205322351e+01,1.324987030029297075e-01,3.779999999999999805e+00,3.750000000000000000e+05
8.685203808391532831e+00,3.237850757598877038e+01,1.063749929428100671e+01,3.779999999999999805e+00,0.000000000000000000e+00
8.685252762401542981e+00,3.247641559600830163e+01,1.063749929428100671e+01,3.779999999999999805e+00,3.750000000000000000e+05
8.695774236298774440e+00,3.509560581207275476e+01,1.324987030029297075e-01,3.779999999999999805e+00,0.000000000000000000e+00
8.695823190308784589e+00,3.519351383209228601e+01,1.324987030029297075e-01,3.779999999999999805e+00,3.750000000000000000e+05
8.706344664206016049e+00,3.257432361602783288e+01,1.063749929428100671e+01,3.779999999999999805e+00,0.000000000000000000e+00
8.706393618216026198e+00,3.267223163604736413e+01,1.063749929428100671e+01,3.779999999999999805e+00,3.750000000000000000e+05
8.716915092113257657e+00,3.529142185211181726e+01,1.324987030029297075e-01,3.779999999999999805e+00,0.000000000000000000e+00
8.716964046123267806e+00,3.538932987213134851e+01,1.324987030029297075e-01,3.779999999999999805e+00,3.750000000000000000e+05
8.727485520020499266e+00,3.277013965606689538e+01,1.063749929428100671e+01,3.779999999999999805e+00,0.000000000000000000e+00
8.727534474030509415e+00,3.286804767608642663e+01,1.063749929428100671e+01,3.779999999999999805e+00,3.750000000000000000e+05
8.738055947927740874e+00,3.548723789215087976e+01,1.324987030029297075e-01,3.779999999999999805e+00,0.000000000000000000e+00
8.738104901937751023e+00,3.558514591217041101e+01,1.324987030029297075e-01,3.779999999999999805e+00,3.750000000000000000e+05
8.748626375834982483e+00,3.296595569610595788e+01,1.063749929428100671e+01,3.779999999999999805e+00,0.000000000000000000e+00
8.748675329844992632e+00,3.306386371612548913e+01,1.063749929428100671e+01,3.779999999999999805e+00,3.750000000000000000e+05
8.759196803742224091e+00,3.568305393218994226e+01,1.324987030029297075e-01,3.779999999999999805e+00,0.000000000000000000e+00
8.759245757752234240e+00,3.578096195220947351e+01,1.324987030029297075e-01,3.779999999999999805e+00,3.750000000000000000e+05
8.769767231649465700e+00,3.316177173614502038e+01,1.063749929428100671e+01,3.779999999999999805e+00,0.000000000000000000e+00
8.769816185659475849e+00,3.325967975616455163e+01,1.063749929428100671e+01,3.779999999999999805e+00,3.750000000000000000e+05
8.780337659556707308e+00,3.587886997222900476e+01,1.324987030029297075e-01,3.779999999999999805e+00,0.000000000000000000e+00
8.780386613566717458e+00,3.597677799224853601e+01,1.324987030029297075e-01,3.779999999999999805e+00,3.750000000000000000e+05
8.790908087463948917e+00,3.335758777618408288e+01,1.063749929428100671e+01,3.779999999999999805e+00,0.000000000000000000e+00
8.790957041473959066e+00,3.345549579620361413e+01,1.063749929428100671e+01,3.779999999999999805e+00,3.750000000000000000e+05
8.801478515371190525e+00,3.607468601226806726e+01,1.324987030029297075e-01,3.779999999999999805e+00,0.000000000000000000e+00
8.801527471288549620e+00,3.617259784698486413e+01,1.324987030029297075e-01,3.779999999999999805e+00,3.750000000000000000e+05
8.812048946082631673e+00,3.355340381622314538e+01,1.063749929428100671e+01,3.779999999999999805e+00,0.000000000000000000e+00
8.812097900092641822e+00,3.365131183624267663e+01,1.063749929428100671e+01,3.779999999999999805e+00,3.750000000000000000e+05
8.822619374886723875e+00,3.627050586700439538e+01,1.324987030029297075e-01,3.779999999999999805e+00,0.000000000000000000e+00
8.822668328896734025e+00,3.636841388702392663e+01,1.324987030029297075e-01,3.779999999999999805e+00,3.750000000000000000e+05
8.833189802793965484e+00,3.374922367095947351e+01,1.063749929428100671e+01,3.779999999999999805e+00,0.000000000000000000e+00
8.833238756803975633e+00,3.384713169097900476e+01,1.063749929428100671e+01,3.779999999999999805e+00,3.750000000000000000e+05
8.843760230701207092e+00,3.646632190704345788e+01,1.324987030029297075e-01,3.779999999999999805e+00,0.000000000000000000e+00
8.843809184711217242e+00,3.656422992706298913e+01,1.324987030029297075e-01,3.779999999999999805e+00,3.750000000000000000e+05
8.854330658608448701e+00,3.394503971099853601e+01,1.063749929428100671e+01,3.779999999999999805e+00,0.000000000000000000e+00
8.854379612618458850e+00,3.404294773101806726e+01,1.063749929428100671e+01,3.779999999999999805e+00,3.750000000000000000e+05
8.864901086515690309e+00,3.666213794708252038e+01,1.324987030029297075e-01,3.779999999999999805e+00,0.000000000000000000e+00
8.864950040525700459e+00,3.676004596710205163e+01,1.324987030029297075e-01,3.779999999999999805e+00,3.750000000000000000e+05
8.875471514422931918e+00,3.414085575103759851e+01,1.063749929428100671e+01,3.779999999999999805e+00,0.000000000000000000e+00
8.875520468432942067e+00,3.423876377105712976e+01,1.063749929428100671e+01,3.779999999999999805e+00,3.750000000000000000e+05
8.886041942330173526e+00,3.685795398712158288e+01,1.324987030029297075e-01,3.779999999999999805e+00,0.000000000000000000e+00
8.886090896340183676e+00,3.695586200714111413e+01,1.324987030029297075e-01,3.779999999999999805e+00,3.750000000000000000e+05
8.896612370237415135e+00,3.433667179107666101e+01,1.063749929428100671e+01,3.779999999999999805e+00,0.000000000000000000e+00
8.896661324247425284e+00,3.443457981109619226e+01,1.063749929428100671e+01,3.779999999999999805e+00,3.750000000000000000e+05
8.907182798144656743e+00,3.705377002716064538e+01,1.324987030029297075e-01,3.779999999999999805e+00,0.000000000000000000e+00
8.907231752154666893e+00,3.715167804718017663e+01,1.324987030029297075e-01,3.779999999999999805e+00,3.750000000000000000e+05
8.917753226051898352e+00,3.453248783111572351e+01,1.063749929428100671e+01,3.779999999999999805e+00,0.000000000000000000e+00
8.917802180061908501e+00,3.463039585113525476e+01,1.063749929428100671e+01,3.779999999999999805e+00,3.750000000000000000e+05
8.928323653959139961e+00,3.724958606719970788e+01,1.324987030029297075e-01,3.779999999999999805e+00,0.000000000000000000e+00
8.928372607969150110e+00,3.734749408721923913e+01,1.324987030029297075e-01,3.779999999999999805e+00,3.750000000000000000e+05
8.938894081866381569e+00,3.472830387115478601e+01,1.063749929428100671e+01,3.779999999999999805e+00,0.000000000000000000e+00
8.938943035876391718e+00,3.482621189117431726e+01,1.063749929428100671e+01,3.779999999999999805e+00,3.750000000000000000e+05
8.949464509773623178e+00,3.744540210723877038e+01,1.324987030029297075e-01,3.779999999999999805e+00,0.000000000000000000e+00
8.949513465690982272e+00,3.754331394195556726e+01,1.324987030029297075e-01,3.779999999999999805e+00,3.750000000000000000e+05
8.960034940485064325e+00,3.492411991119384851e+01,1.063749929428100671e+01,3.779999999999999805e+00,0.000000000000000000e+00
8.960083894495074475e+00,3.502202793121337976e+01,1.063749929428100671e+01,3.779999999999999805e+00,3.750000000000000000e+05
8.970605369289156528e+00,3.764122196197509851e+01,1.324987030029297075e-01,3.779999999999999805e+00,0.000000000000000000e+00
8.970654323299166677e+00,3.773912998199462976e+01,1.324987030029297075e-01,3.779999999999999805e+00,3.750000000000000000e+05
8.981175797196398136e+00,3.511993976593017663e+01,1.063749929428100671e+01,3.779999999999999805e+00,0.000000000000000000e+00
8.981224751206408285e+00,3.521784778594970788e+01,1.063749929428100671e+01,3.779999999999999805e+00,3.750000000000000000e+05
8.991746225103639745e+00,3.783703800201416101e+01,1.324987030029297075e-01,3.779999999999999805e+00,0.000000000000000000e+00
8.991795179113649894e+00,3.793494602203369226e+01,1.324987030029297075e-01,3.779999999999999805e+00,3.750000000000000000e+05
9.002316653010881353e+00,3.531575580596923913e+01,1.063749929428100671e+01,3.779999999999999805e+00,0.000000000000000000e+00
9.002365607020891503e+00,3.541366382598877038e+01,1.063749929428100671e+01,3.779999999999999805e+00,3.750000000000000000e+05
9.012887080918122962e+00,3.803285404205322351e+01,1.324987030029297075e-01,3.779999999999999805e+00,0.000000000000000000e+00
9.012936034928133111e+00,3.813076206207275476e+01,1.324987030029297075e-01,3.779999999999999805e+00,3.750000000000000000e+05
9.023457508825364570e+00,3.551157184600830163e+01,1.063749929428100671e+01,3.779999999999999805e+00,0.000000000000000000e+00
9.023506462835374720e+00,3.560947986602783288e+01,1.063749929428100671e+01,3.779999999999999805e+00,3.750000000000000000e+05
9.034027936732606179e+00,3.822867008209228601e+01,1.324987030029297075e-01,3.779999999999999805e+00,0.000000000000000000e+00
9.034076890742616328e+00,3.832657810211181726e+01,1.324987030029297075e-01,3.779999999999999805e+00,3.750000000000000000e+05
9.044598364639847787e+00,3.570738788604736413e+01,1.063749929428100671e+01,3.779999999999999805e+00,0.000000000000000000e+00
9.044647318649857937e+00,3.580529590606689538e+01,1.063749929428100671e+01,3.779999999999999805e+00,3.750000000000000000e+05
9.055168792547089396e+00,3.842448612213134851e+01,1.324987030029297075e-01,3.779999999999999805e+00,0.000000000000000000e+00
9.055217746080261421e+00,3.852239318847656335e+01,1.324987030029297075e-01,3.779999999999999805e+00,3.750000000000000000e+05
9.065739219753279343e+00,3.590320392608642663e+01,1.063749929428100671e+01,3.779999999999999805e+00,0.000000000000000000e+00
9.065788173763289493e+00,3.600111194610595788e+01,1.063749929428100671e+01,3.779999999999999805e+00,3.750000000000000000e+05
9.076309647436307415e+00,3.862030120849609460e+01,1.324987030029297075e-01,3.779999999999999805e+00,0.000000000000000000e+00
9.076358601446317564e+00,3.871820922851562585e+01,1.324987030029297075e-01,3.779999999999999805e+00,3.750000000000000000e+05
9.086880075119335487e+00,3.609901996612548913e+01,1.063749929428100671e+01,3.779999999999999805e+00,0.000000000000000000e+00
9.086929029129345636e+00,3.619692798614502038e+01,1.063749929428100671e+01,3.779999999999999805e+00,3.750000000000000000e+05
9.097450502802363559e+00,3.881611724853515710e+01,1.324987030029297075e-01,3.779999999999999805e+00,0.000000000000000000e+00
9.097499458719722654e+00,3.891402908325195398e+01,1.324987030029297075e-01,3.779999999999999805e+00,3.750000000000000000e+05
9.108020933289591170e+00,3.629483600616455163e+01,1.063749929428100671e+01,3.779999999999999805e+00,0.000000000000000000e+00
9.108069887299601319e+00,3.639274402618408288e+01,1.063749929428100671e+01,3.779999999999999805e+00,3.750000000000000000e+05
9.118591361869469836e+00,3.901193710327148523e+01,1.324987030029297075e-01,3.779999999999999805e+00,0.000000000000000000e+00
9.118640315879479985e+00,3.910984512329101648e+01,1.324987030029297075e-01,3.779999999999999805e+00,3.750000000000000000e+05
9.129161789552497908e+00,3.649065586090087976e+01,1.063749929428100671e+01,3.779999999999999805e+00,0.000000000000000000e+00
9.129210743562508057e+00,3.658856388092041101e+01,1.063749929428100671e+01,3.779999999999999805e+00,3.750000000000000000e+05
9.139732217235525980e+00,3.920775314331054773e+01,1.324987030029297075e-01,3.779999999999999805e+00,0.000000000000000000e+00
9.139781171245536129e+00,3.930566116333007898e+01,1.324987030029297075e-01,3.779999999999999805e+00,3.750000000000000000e+05
9.150302644918554051e+00,3.668647190093994226e+01,1.063749929428100671e+01,3.779999999999999805e+00,0.000000000000000000e+00
9.150351598928564201e+00,3.678437992095947351e+01,1.063749929428100671e+01,3.779999999999999805e+00,3.750000000000000000e+05
9.160873072601582123e+00,3.940356918334961023e+01,1.324987030029297075e-01,3.779999999999999805e+00,0.000000000000000000e+00
9.160922026611592273e+00,3.950147720336914148e+01,1.324987030029297075e-01,3.779999999999999805e+00,3.750000000000000000e+05
9.171443500284610195e+00,3.688228794097900476e+01,1.063749929428100671e+01,3.779999999999999805e+00,0.000000000000000000e+00
9.171492454294620345e+00,3.698019596099853601e+01,1.063749929428100671e+01,3.779999999999999805e+00,3.750000000000000000e+05
9.182013927967638267e+00,3.959938522338867273e+01,1.324987030029297075e-01,3.779999999999999805e+00,0.000000000000000000e+00
9.182062881977648416e+00,3.969729324340820398e+01,1.324987030029297075e-01,3.779999999999999805e+00,3.750000000000000000e+05
9.192584355650666339e+00,3.707810398101806726e+01,1.063749929428100671e+01,3.779999999999999805e+00,0.000000000000000000e+00
9.192633309660676488e+00,3.717601200103759851e+01,1.063749929428100671e+01,3.779999999999999805e+00,3.750000000000000000e+05
9.203154783333694411e+00,3.979520126342773523e+01,1.324987030029297075e-01,3.779999999999999805e+00,0.000000000000000000e+00
9.203203737343704560e+00,3.989310928344726648e+01,1.324987030029297075e-01,3.779999999999999805e+00,3.750000000000000000e+05
9.213725211016722483e+00,3.727392002105712976e+01,1.063749929428100671e+01,3.779999999999999805e+00,0.000000000000000000e+00
9.213774165026732632e+00,3.737182804107666101e+01,1.063749929428100671e+01,3.779999999999999805e+00,3.750000000000000000e+05
9.224295638699750555e+00,3.999101730346679773e+01,1.324987030029297075e-01,3.779999999999999805e+00,0.000000000000000000e+00
9.224344592709760704e+00,4.008892532348632898e+01,1.324987030029297075e-01,3.779999999999999805e+00,3.750000000000000000e+05
9.234866066382778627e+00,3.746973606109619226e+01,1.063749929428100671e+01,3.779999999999999805e+00,0.000000000000000000e+00
9.234915020392788776e+00,3.756764408111572351e+01,1.063749929428100671e+01,3.779999999999999805e+00,3.750000000000000000e+05
9.245436494065806698e+00,4.018683334350586023e+01,1.324987030029297075e-01,3.779999999999999805e+00,0.000000000000000000e+00
9.245485449983165793e+00,4.028474517822265710e+01,1.324987030029297075e-01,3.779999999999999805e+00,3.750000000000000000e+05
9.256006924553034310e+00,3.766555210113525476e+01,1.063749929428100671e+01,3.779999999999999805e+00,0.000000000000000000e+00
9.256055878563044459e+00,3.776346012115478601e+01,1.063749929428100671e+01,3.779999999999999805e+00,3.750000000000000000e+05
9.266577353132912975e+00,4.038265319824218835e+01,1.324987030029297075e-01,3.779999999999999805e+00,0.000000000000000000e+00
9.266626307142923125e+00,4.048056121826171960e+01,1.324987030029297075e-01,3.779999999999999805e+00,3.750000000000000000e+05
9.277147780815941047e+00,3.786137195587158288e+01,1.063749929428100671e+01,3.779999999999999805e+00,0.000000000000000000e+00
9.277196734825951197e+00,3.795927997589111413e+01,1.063749929428100671e+01,3.779999999999999805e+00,3.750000000000000000e+05
9.287718208498969119e+00,4.057846923828125085e+01,1.324987030029297075e-01,3.779999999999999805e+00,0.000000000000000000e+00
9.287767162508979268e+00,4.067637725830078210e+01,1.324987030029297075e-01,3.779999999999999805e+00,3.750000000000000000e+05
9.298288636181997191e+00,3.805718799591064538e+01,1.063749929428100671e+01,3.779999999999999805e+00,0.000000000000000000e+00
9.298337590192007340e+00,3.815509601593017663e+01,1.063749929428100671e+01,3.779999999999999805e+00,3.750000000000000000e+05
9.308859063865025263e+00,4.077428527832031335e+01,1.324987030029297075e-01,3.779999999999999805e+00,0.000000000000000000e+00
9.308908017875035412e+00,4.087219329833984460e+01,1.324987030029297075e-01,3.779999999999999805e+00,3.750000000000000000e+05
9.319429491548053335e+00,3.825300403594970788e+01,1.063749929428100671e+01,3.779999999999999805e+00,0.000000000000000000e+00
9.319478445558063484e+00,3.835091205596923913e+01,1.063749929428100671e+01,3.779999999999999805e+00,3.750000000000000000e+05
9.329999919231081407e+00,4.097010131835937585e+01,1.324987030029297075e-01,3.779999999999999805e+00,0.000000000000000000e+00
9.330048873241091556e+00,4.106800933837890710e+01,1.324987030029297075e-01,3.779999999999999805e+00,3.750000000000000000e+05
9.340570346914109479e+00,3.844882007598877038e+01,1.063749929428100671e+01,3.779999999999999805e+00,0.000000000000000000e+00
9.340619300447281503e+00,3.854672714233398523e+01,1.063749929428100671e+01,3.779999999999999805e+00,3.750000000000000000e+05
9.351140774344512963e+00,4.116591735839843835e+01,1.324987030029297075e-01,3.779999999999999805e+00,0.000000000000000000e+00
9.351189728354523112e+00,4.126382537841796960e+01,1.324987030029297075e-01,3.779999999999999805e+00,3.750000000000000000e+05
9.361711202251754571e+00,3.864463516235351648e+01,1.063749929428100671e+01,3.779999999999999805e+00,0.000000000000000000e+00
9.361760156261764720e+00,3.874254318237304773e+01,1.063749929428100671e+01,3.779999999999999805e+00,3.750000000000000000e+05
9.372281630158996180e+00,4.136173339843750085e+01,1.324987030029297075e-01,3.779999999999999805e+00,0.000000000000000000e+00
9.372330584169006329e+00,4.145964141845703210e+01,1.324987030029297075e-01,3.779999999999999805e+00,3.750000000000000000e+05
9.382852058066237788e+00,3.884045120239257898e+01,1.063749929428100671e+01,3.779999999999999805e+00,0.000000000000000000e+00
9.382901012076247937e+00,3.893835922241211023e+01,1.063749929428100671e+01,3.779999999999999805e+00,3.750000000000000000e+05
9.393422485973479397e+00,4.155754943847656335e+01,1.324987030029297075e-01,3.779999999999999805e+00,0.000000000000000000e+00
9.393471441890838491e+00,4.165546127319336023e+01,1.324987030029297075e-01,3.779999999999999805e+00,3.750000000000000000e+05
9.403992916684920544e+00,3.903626724243164148e+01,1.063749929428100671e+01,3.779999999999999805e+00,0.000000000000000000e+00
9.404041870694930694e+00,3.913417526245117273e+01,1.063749929428100671e+01,3.779999999999999805e+00,3.750000000000000000e+05
9.414563345489012747e+00,4.175336929321289148e+01,1.324987030029297075e-01,3.779999999999999805e+00,0.000000000000000000e+00
9.414612299499022896e+00,4.185127731323242273e+01,1.324987030029297075e-01,3.779999999999999805e+00,3.750000000000000000e+05
9.425133773396254355e+00,3.923208709716796960e+01,1.063749929428100671e+01,3.779999999999999805e+00,0.000000000000000000e+00
9.425182727406264505e+00,3.932999511718750085e+01,1.063749929428100671e+01,3.779999999999999805e+00,3.750000000000000000e+05
9.435704201303495964e+00,4.194918533325195398e+01,1.324987030029297075e-01,3.779999999999999805e+00,0.000000000000000000e+00
9.435753155313506113e+00,4.204709335327148523e+01,1.324987030029297075e-01,3.779999999999999805e+00,3.750000000000000000e+05
9.446274629210737572e+00,3.942790313720703210e+01,1.063749929428100671e+01,3.779999999999999805e+00,0.000000000000000000e+00
9.446323583220747722e+00,3.952581115722656335e+01,1.063749929428100671e+01,3.779999999999999805e+00,3.750000000000000000e+05
9.456845057117979181e+00,4.214500137329101648e+01,1.324987030029297075e-01,3.779999999999999805e+00,0.000000000000000000e+00
9.456894011127989330e+00,4.224290939331054773e+01,1.324987030029297075e-01,3.779999999999999805e+00,3.750000000000000000e+05
9.467415485025220789e+00,3.962371917724609460e+01,1.063749929428100671e+01,3.779999999999999805e+00,0.000000000000000000e+00
9.467464439035230939e+00,3.972162719726562585e+01,1.063749929428100671e+01,3.779999999999999805e+00,3.750000000000000000e+05
9.477985912932462398e+00,4.234081741333007898e+01,1.324987030029297075e-01,3.779999999999999805e+00,0.000000000000000000e+00
9.478034866942472547e+00,4.243872543334961023e+01,1.324987030029297075e-01,3.779999999999999805e+00,3.750000000000000000e+05
9.488556340839704006e+00,3.981953521728515710e+01,1.063749929428100671e+01,3.779999999999999805e+00,0.000000000000000000e+00
9.488605294849714156e+00,3.991744323730468835e+01,1.063749929428100671e+01,3.779999999999999805e+00,3.750000000000000000e+05
9.499126768746945615e+00,4.253663345336914148e+01,1.324987030029297075e-01,3.779999999999999805e+00,0.000000000000000000e+00
9.499175722756955764e+00,4.263454147338867273e+01,1.324987030029297075e-01,3.779999999999999805e+00,3.750000000000000000e+05
9.509697196654187223e+00,4.001535125732421960e+01,1.063749929428100671e+01,3.779999999999999805e+00,0.000000000000000000e+00
9.509746150664197373e+00,4.011325927734375085e+01,1.063749929428100671e+01,3.779999999999999805e+00,3.750000000000000000e+05
9.520267624561428832e+00,4.273244949340820398e+01,1.324987030029297075e-01,3.779999999999999805e+00,0.000000000000000000e+00
9.520316578571438981e+00,4.283035751342773523e+01,1.324987030029297075e-01,3.779999999999999805e+00,3.750000000000000000e+05
9.530838052468670440e+00,4.021116729736328210e+01,1.063749929428100671e+01,3.779999999999999805e+00,0.000000000000000000e+00
9.530887006478680590e+00,4.030907531738281335e+01,1.063749929428100671e+01,3.779999999999999805e+00,3.750000000000000000e+05
9.541408480375912049e+00,4.292826553344726648e+01,1.324987030029297075e-01,3.779999999999999805e+00,0.000000000000000000e+00
9.541457436293271144e+00,4.302617736816406335e+01,1.324987030029297075e-01,3.779999999999999805e+00,3.750000000000000000e+05
9.551978911087353197e+00,4.040698333740234460e+01,1.063749929428100671e+01,3.779999999999999805e+00,0.000000000000000000e+00
9.552027867004712292e+00,4.050489517211914148e+01,1.063749929428100671e+01,3.779999999999999805e+00,3.750000000000000000e+05
9.562549340901943751e+00,4.312408538818359460e+01,1.324987030029297075e-01,3.779999999999999805e+00,0.000000000000000000e+00
9.562598294911953900e+00,4.322199340820312585e+01,1.324987030029297075e-01,3.779999999999999805e+00,3.750000000000000000e+05
9.573119768809185359e+00,4.060280319213867273e+01,1.063749929428100671e+01,3.779999999999999805e+00,0.000000000000000000e+00
9.573168722819195509e+00,4.070071121215820398e+01,1.063749929428100671e+01,3.779999999999999805e+00,3.750000000000000000e+05
9.583690196716426968e+00,4.331990142822265710e+01,1.324987030029297075e-01,3.779999999999999805e+00,0.000000000000000000e+00
9.583739150726437117e+00,4.341780944824218835e+01,1.324987030029297075e-01,3.779999999999999805e+00,3.750000000000000000e+05
9.594260624623668576e+00,4.079861923217773523e+01,1.063749929428100671e+01,3.779999999999999805e+00,0.000000000000000000e+00
9.594309578633678726e+00,4.089652725219726648e+01,1.063749929428100671e+01,3.779999999999999805e+00,3.750000000000000000e+05
9.604831052530910185e+00,4.351571746826171960e+01,1.324987030029297075e-01,3.779999999999999805e+00,0.000000000000000000e+00
9.604880006540920334e+00,4.361362548828125085e+01,1.324987030029297075e-01,3.779999999999999805e+00,3.750000000000000000e+05
9.615401480438151793e+00,4.099443527221679773e+01,1.063749929428100671e+01,3.779999999999999805e+00,0.000000000000000000e+00
9.615450434448161943e+00,4.109234329223632898e+01,1.063749929428100671e+01,3.779999999999999805e+00,3.750000000000000000e+05
9.625971908345393402e+00,4.371153350830078210e+01,1.324987030029297075e-01,3.779999999999999805e+00,0.000000000000000000e+00
9.626020862355403551e+00,4.380944152832031335e+01,1.324987030029297075e-01,3.779999999999999805e+00,3.750000000000000000e+05
9.636542336252635010e+00,4.119025131225586023e+01,1.063749929428100671e+01,3.779999999999999805e+00,0.000000000000000000e+00
9.636591290262645160e+00,4.128815933227539148e+01,1.063749929428100671e+01,3.779999999999999805e+00,3.750000000000000000e+05
9.647112764159876619e+00,4.390734954833984460e+01,1.324987030029297075e-01,3.779999999999999805e+00,0.000000000000000000e+00
9.647161718169886768e+00,4.400525756835937585e+01,1.324987030029297075e-01,3.779999999999999805e+00,3.750000000000000000e+05
9.657683192067118227e+00,4.138606735229492273e+01,1.063749929428100671e+01,3.779999999999999805e+00,0.000000000000000000e+00
9.657732146077128377e+00,4.148397537231445398e+01,1.063749929428100671e+01,3.779999999999999805e+00,3.750000000000000000e+05
9.668253619974359836e+00,4.410316558837890710e+01,1.324987030029297075e-01,3.779999999999999805e+00,0.000000000000000000e+00
9.668302573984369985e+00,4.420107360839843835e+01,1.324987030029297075e-01,3.779999999999999805e+00,3.750000000000000000e+05
9.678824047881601444e+00,4.158188339233398523e+01,1.063749929428100671e+01,3.779999999999999805e+00,0.000000000000000000e+00
9.678873001891611594e+00,4.167979141235351648e+01,1.063749929428100671e+01,3.779999999999999805e+00,3.750000000000000000e+05
9.689394475788843053e+00,4.429898162841796960e+01,1.324987030029297075e-01,3.779999999999999805e+00,0.000000000000000000e+00
9.689443431706202148e+00,4.439689346313476648e+01,1.324987030029297075e-01,3.779999999999999805e+00,3.750000000000000000e+05
9.699964906500284201e+00,4.177769943237304773e+01,1.063749929428100671e+01,3.779999999999999805e+00,0.000000000000000000e+00
9.700013862417643296e+00,4.187561126708984460e+01,1.063749929428100671e+01,3.779999999999999805e+00,3.750000000000000000e+05
9.710535336314874755e+00,4.449480148315429773e+01,1.324987030029297075e-01,3.779999999999999805e+00,0.000000000000000000e+00
9.710584290324884904e+00,4.459270950317382898e+01,1.324987030029297075e-01,3.779999999999999805e+00,3.750000000000000000e+05
9.721105764222116363e+00,4.197351928710937585e+01,1.063749929428100671e+01,3.779999999999999805e+00,0.000000000000000000e+00
9.721154718232126513e+00,4.207142730712890710e+01,1.063749929428100671e+01,3.779999999999999805e+00,3.750000000000000000e+05
9.731676192129357972e+00,4.469061752319336023e+01,1.324987030029297075e-01,3.779999999999999805e+00,0.000000000000000000e+00
9.731725146139368121e+00,4.478852554321289148e+01,1.324987030029297075e-01,3.779999999999999805e+00,3.750000000000000000e+05
9.742246620036599580e+00,4.216933532714843835e+01,1.063749929428100671e+01,3.779999999999999805e+00,0.000000000000000000e+00
9.742295574046609730e+00,4.226724334716796960e+01,1.063749929428100671e+01,3.779999999999999805e+00,3.750000000000000000e+05
9.752620473927555267e+00,4.483749862670898523e+01,3.287648773193359575e-01,3.779999999999999805e+00,0.000000000000000000e+00
9.752816818303164936e+00,4.483749862670898523e+01,7.214536285400390270e-01,3.779999999999999805e+00,3.750000000000000000e+05
9.762748413703194572e+00,4.236515136718750085e+01,1.063749929428100671e+01,3.779999999999999805e+00,0.000000000000000000e+00
9.762797367713204721e+00,4.246305938720703210e+01,1.063749929428100671e+01,3.779999999999999805e+00,3.750000000000000000e+05
9.772335658632316679e+00,4.483749862670898523e+01,1.114142379760742152e+00,3.779999999999999805e+00,0.000000000000000000e+00
9.772532003007926349e+00,4.483749862670898523e+01,1.506831130981445277e+00,3.779999999999999805e+00,3.750000000000000000e+05
9.781676989446122406e+00,4.256096740722656335e+01,1.063749929428100671e+01,3.779999999999999805e+00,0.000000000000000000e+00
9.781725943456132555e+00,4.265887542724609460e+01,1.063749929428100671e+01,3.779999999999999805e+00,3.750000000000000000e+05
9.790477625413410934e+00,4.483749862670898523e+01,1.899519882202148402e+00,3.779999999999999805e+00,0.000000000000000000e+00
9.790673969789020603e+00,4.483749862670898523e+01,2.292208633422851527e+00,3.779999999999999805e+00,3.750000000000000000e+05
9.799032347265381304e+00,4.275678344726562585e+01,1.063749929428100671e+01,3.779999999999999805e+00,0.000000000000000000e+00
9.799081301275391453e+00,4.285469146728515710e+01,1.063749929428100671e+01,3.779999999999999805e+00,3.750000000000000000e+05
9.807046374270836253e+00,4.483749862670898523e+01,2.684897384643554652e+00,3.779999999999999805e+00,0.000000000000000000e+00
9.807242718646445923e+00,4.483749862670898523e+01,3.077586135864257777e+00,3.779999999999999805e+00,3.750000000000000000e+05
9.814814487160973044e+00,4.295259948730468835e+01,1.063749929428100671e+01,3.779999999999999805e+00,0.000000000000000000e+00
9.814863441170983194e+00,4.305050750732421960e+01,1.063749929428100671e+01,3.779999999999999805e+00,3.750000000000000000e+05
9.822041905204592638e+00,4.483749862670898523e+01,3.470274887084960902e+00,3.779999999999999805e+00,0.000000000000000000e+00
9.822238249103365959e+00,4.483749862670898523e+01,3.862962684631347621e+00,3.779999999999999805e+00,3.750000000000000000e+05
9.829023409555325941e+00,4.314841552734375085e+01,1.063749929428100671e+01,3.779999999999999805e+00,0.000000000000000000e+00
9.829072365472685036e+00,4.324632736206054773e+01,1.063749929428100671e+01,3.779999999999999805e+00,3.750000000000000000e+05
9.835464219647610307e+00,4.483749862670898523e+01,4.255652389526367152e+00,3.779999999999999805e+00,0.000000000000000000e+00
9.835660564023219976e+00,4.483749862670898523e+01,4.648341140747070277e+00,3.779999999999999805e+00,3.750000000000000000e+05
9.841659113717229346e+00,4.334423538208007898e+01,1.063749929428100671e+01,3.779999999999999805e+00,0.000000000000000000e+00
9.841708067727239495e+00,4.344214340209961023e+01,1.063749929428100671e+01,3.779999999999999805e+00,3.750000000000000000e+05
9.847313312940331187e+00,4.483749862670898523e+01,5.041029891967773402e+00,3.779999999999999805e+00,0.000000000000000000e+00
9.847509656839104508e+00,4.483749862670898523e+01,5.433717689514160121e+00,3.779999999999999805e+00,3.750000000000000000e+05
9.852721598470546738e+00,4.354005142211914148e+01,1.063749929428100671e+01,3.779999999999999805e+00,0.000000000000000000e+00
9.852770552480556887e+00,4.363795944213867273e+01,1.063749929428100671e+01,3.779999999999999805e+00,3.750000000000000000e+05
9.857589189631081439e+00,4.483749862670898523e+01,5.826406440734863246e+00,3.779999999999999805e+00,0.000000000000000000e+00
9.857785534006691108e+00,4.483749862670898523e+01,6.219095191955566371e+00,3.779999999999999805e+00,3.750000000000000000e+05
9.862210866676299759e+00,4.373586746215820398e+01,1.063749929428100671e+01,3.779999999999999805e+00,0.000000000000000000e+00
9.862259820686309908e+00,4.383377548217773523e+01,1.063749929428100671e+01,3.779999999999999805e+00,3.750000000000000000e+05
9.866291848875000881e+00,4.483749862670898523e+01,6.611783943176269496e+00,3.779999999999999805e+00,0.000000000000000000e+00
9.866488193250610550e+00,4.483749862670898523e+01,7.004472694396972621e+00,3.779999999999999805e+00,3.750000000000000000e+05
9.870126916958383845e+00,4.393168350219726648e+01,1.063749929428100671e+01,3.779999999999999805e+00,0.000000000000000000e+00
9.870175870968393994e+00,4.402959152221679773e+01,1.063749929428100671e+01,3.779999999999999805e+00,3.750000000000000000e+05
9.873421290195251387e+00,4.483749862670898523e+01,7.397161445617675746e+00,3.779999999999999805e+00,0.000000000000000000e+00
9.873617634570861057e+00,4.483749862670898523e+01,7.789850196838378871e+00,3.779999999999999805e+00,3.750000000000000000e+05
9.876469749316800772e+00,4.412749954223632898e+01,1.063749929428100671e+01,3.779999999999999805e+00,0.000000000000000000e+00
9.876518703326810922e+00,4.422540756225586023e+01,1.063749929428100671e+01,3.779999999999999805e+00,3.750000000000000000e+05
9.878977512692566521e+00,4.483749862670898523e+01,8.182539901733399290e+00,3.779999999999999805e+00,0.000000000000000000e+00
9.879173856591339842e+00,4.483749862670898523e+01,8.575227699279786009e+00,3.779999999999999805e+00,3.750000000000000000e+05
9.881239362375445978e+00,4.432331558227539148e+01,1.063749929428100671e+01,3.779999999999999805e+00,0.000000000000000000e+00
9.881288316385456127e+00,4.442122360229492273e+01,1.063749929428100671e+01,3.779999999999999805e+00,3.750000000000000000e+05
9.882960517688644586e+00,4.483749862670898523e+01,8.967916450500489134e+00,3.779999999999999805e+00,0.000000000000000000e+00
9.883156862064254256e+00,4.483749862670898523e+01,9.360605201721192259e+00,3.779999999999999805e+00,3.750000000000000000e+05
9.884435758886526813e+00,4.451913162231445398e+01,1.063749929428100671e+01,3.779999999999999805e+00,0.000000000000000000e+00
9.884484714803885907e+00,4.461704345703125085e+01,1.063749929428100671e+01,3.779999999999999805e+00,3.750000000000000000e+05
9.885370306248391969e+00,4.483749862670898523e+01,9.753293952941895384e+00,3.779999999999999805e+00,0.000000000000000000e+00
9.885566650385584353e+00,4.483749862670898523e+01,1.014598222732544031e+01,3.779999999999999805e+00,3.750000000000000000e+05
9.886058937798807733e+00,4.471495147705078210e+01,1.063749929428100671e+01,3.779999999999999805e+00,0.000000000000000000e+00
9.886107891808817882e+00,4.481285949707031335e+01,1.063749929428100671e+01,3.779999999999999805e+00,3.750000000000000000e+05
9.886206874741132467e+00,4.483749862670898523e+01,1.053867097854614343e+01,3.779999999999999805e+00,0.000000000000000000e+00
9.886302917807947566e+00,4.483750053405761804e+01,1.063749929428100671e+01,3.779999999999999805e+00,3.750000000000000000e+05
9.896511859101707387e+00,4.483750053405761804e+01,1.324987030029297075e-01,3.779999999999999805e+00,3.750000000000000000e+05
9.939956953203800794e+00,1.324987030029297075e-01,1.324987030029297075e-01,3.779999999999999805e+00,3.750000000000000000e+05
9.950165894497560615e+00,1.324987030029297075e-01,1.063749929428100671e+01,3.779999999999999805e+00,3.750000000000000000e+05
9.972518395413088044e+00,4.483750053405761804e+01,1.063749929428100671e+01,3.779999999999999805e+00,0.000000000000000000e+00
9.982773600654930135e+00,4.488499923706054773e+01,8.500000000000000611e-02,3.779999999999999805e+00,3.750000000000000000e+05
9.993074863461339774e+00,4.488499923706054773e+01,1.068499942779541101e+01,3.779999999999999805e+00,3.750000000000000000e+05
1.003661227768588837e+01,8.500000000000000611e-02,1.068499942779541101e+01,3.779999999999999805e+00,3.750000000000000000e+05
1.004691354049229801e+01,8.500000000000000611e-02,8.500000000000000611e-02,3.779999999999999805e+00,3.750000000000000000e+05
1.006931354011082824e+01,4.488499923706054773e+01,8.500000000000000611e-02,3.779999999999999805e+00,0.000000000000000000e+00
