2.000000000000000111e-01,2.965631103515625200e-01,1.324987030029297075e-01,7.379999999999999893e+00,0.000000000000000000e+00
2.001658660078294572e-01,1.324987030029297075e-01,1.795434570312500200e-01,7.379999999999999893e+00,0.000000000000000000e+00
2.002152806425340492e-01,1.324987030029297075e-01,2.783727264404297075e-01,7.379999999999999893e+00,3.750000000000000000e+05
2.007295875060853829e-01,6.412191009521484020e-01,1.324987030029297075e-01,7.379999999999999893e+00,0.000000000000000000e+00
2.009019145477113633e-01,9.858731842041015270e-01,1.324987030029297075e-01,7.379999999999999893e+00,3.750000000000000000e+05
2.017646599742744240e-01,1.324987030029297075e-01,3.772000885009765825e-01,7.379999999999999893e+00,0.000000000000000000e+00
2.018140746089790161e-01,1.324987030029297075e-01,4.760293579101562700e-01,7.379999999999999893e+00,3.750000000000000000e+05
2.030252608912637424e-01,1.330529174804687464e+00,1.324987030029297075e-01,7.379999999999999893e+00,0.000000000000000000e+00
2.031975888865640290e-01,1.675185165405273402e+00,1.324987030029297075e-01,7.379999999999999893e+00,3.750000000000000000e+05
2.047572155136499483e-01,1.324987030029297075e-01,5.748567199707030895e-01,7.379999999999999893e+00,0.000000000000000000e+00
2.048066301483545404e-01,1.324987030029297075e-01,6.736859893798827770e-01,7.379999999999999893e+00,3.750000000000000000e+05
2.067146976311619033e-01,2.019841156005859339e+00,1.324987030029297075e-01,7.379999999999999893e+00,0.000000000000000000e+00
2.068870256264621899e-01,2.364497146606445277e+00,1.324987030029297075e-01,7.379999999999999893e+00,3.750000000000000000e+05
2.091435334540710789e-01,1.324987030029297075e-01,7.725133514404296520e-01,7.379999999999999893e+00,0.000000000000000000e+00
2.091929480887756709e-01,1.324987030029297075e-01,8.713426208496093395e-01,7.379999999999999893e+00,3.750000000000000000e+05
2.117978967721058647e-01,2.709153137207031214e+00,1.324987030029297075e-01,7.379999999999999893e+00,0.000000000000000000e+00
2.119702247674061513e-01,3.053809127807617152e+00,1.324987030029297075e-01,7.379999999999999893e+00,3.750000000000000000e+05
2.149236143064578164e-01,1.324987030029297075e-01,9.701718902587890270e-01,7.379999999999999893e+00,0.000000000000000000e+00
2.149730279874881023e-01,1.324987030029297075e-01,1.068999252319335902e+00,7.379999999999999893e+00,3.750000000000000000e+05
2.182748578713411824e-01,3.398465118408203089e+00,1.324987030029297075e-01,7.379999999999999893e+00,0.000000000000000000e+00
2.184471849129671628e-01,3.743119201660156214e+00,1.324987030029297075e-01,7.379999999999999893e+00,3.750000000000000000e+05
2.220974538707524426e-01,1.324987030029297075e-01,1.167828521728515589e+00,7.379999999999999893e+00,0.000000000000000000e+00
2.221468675517827285e-01,1.324987030029297075e-01,1.266655883789062464e+00,7.379999999999999893e+00,3.750000000000000000e+05
2.261455768543693956e-01,4.087775192260742152e+00,1.324987030029297075e-01,7.379999999999999893e+00,0.000000000000000000e+00
2.263179048496696821e-01,4.432431182861328089e+00,1.324987030029297075e-01,7.379999999999999893e+00,3.750000000000000000e+05
2.306650550079777651e-01,1.324987030029297075e-01,1.365485153198242152e+00,7.379999999999999893e+00,0.000000000000000000e+00
2.307144686890080509e-01,1.324987030029297075e-01,1.464312515258789027e+00,7.379999999999999893e+00,3.750000000000000000e+05
2.354100591921176322e-01,4.777087173461914027e+00,1.324987030029297075e-01,7.379999999999999893e+00,0.000000000000000000e+00
2.355823871874179187e-01,5.121743164062499964e+00,1.324987030029297075e-01,7.379999999999999893e+00,3.750000000000000000e+05
2.406264185462488603e-01,1.324987030029297075e-01,1.563141784667968714e+00,7.379999999999999893e+00,0.000000000000000000e+00
2.406758331809534524e-01,1.324987030029297075e-01,1.661971054077148402e+00,7.379999999999999893e+00,3.750000000000000000e+05
2.460683053955058375e-01,5.466399154663085902e+00,1.324987030029297075e-01,7.379999999999999893e+00,0.000000000000000000e+00
2.462406333908061240e-01,5.811055145263671839e+00,1.324987030029297075e-01,7.379999999999999893e+00,3.750000000000000000e+05
2.519815459501599242e-01,1.324987030029297075e-01,1.760798416137695277e+00,7.379999999999999893e+00,0.000000000000000000e+00
2.520309605848645162e-01,1.324987030029297075e-01,1.859627685546874964e+00,7.379999999999999893e+00,3.750000000000000000e+05
2.581203122181505161e-01,6.155709228515624964e+00,1.324987030029297075e-01,7.379999999999999893e+00,0.000000000000000000e+00
2.582926406902879557e-01,6.500366172790527308e+00,1.324987030029297075e-01,7.379999999999999893e+00,3.750000000000000000e+05
2.647304338147299929e-01,1.324987030029297075e-01,1.958456001281738246e+00,7.379999999999999893e+00,0.000000000000000000e+00
2.647798479725974041e-01,1.324987030029297075e-01,2.057284317016601527e+00,7.379999999999999893e+00,3.750000000000000000e+05
2.715660808064062071e-01,6.845021209716796839e+00,1.324987030029297075e-01,7.379999999999999893e+00,0.000000000000000000e+00
2.717384088017065213e-01,7.189677200317382777e+00,1.324987030029297075e-01,7.379999999999999893e+00,3.750000000000000000e+05
2.788730822357767813e-01,1.324987030029297075e-01,2.156112632751464808e+00,7.379999999999999893e+00,0.000000000000000000e+00
2.789224963936441926e-01,1.324987030029297075e-01,2.254940948486328089e+00,7.379999999999999893e+00,3.750000000000000000e+05
2.864056104279758541e-01,7.534333190917968714e+00,1.324987030029297075e-01,7.379999999999999893e+00,0.000000000000000000e+00
2.865779384232761684e-01,7.878989181518554652e+00,1.324987030029297075e-01,7.379999999999999893e+00,3.750000000000000000e+05
2.944094930578692870e-01,1.324987030029297075e-01,2.353769264221191371e+00,7.379999999999999893e+00,0.000000000000000000e+00
2.944589072157366982e-01,1.324987030029297075e-01,2.452597579956054652e+00,7.379999999999999893e+00,3.750000000000000000e+05
3.026389015596966381e-01,8.223644218444825071e+00,1.324987030029297075e-01,7.379999999999999893e+00,0.000000000000000000e+00
3.028112295549969524e-01,8.568300209045411009e+00,1.324987030029297075e-01,7.379999999999999893e+00,3.750000000000000000e+05
3.113396644992182938e-01,1.324987030029297075e-01,2.551425895690917933e+00,7.379999999999999893e+00,0.000000000000000000e+00
3.113890791339228858e-01,1.324987030029297075e-01,2.650255165100097621e+00,7.379999999999999893e+00,3.750000000000000000e+05
3.202659549338656708e-01,8.912956199645996946e+00,1.324987030029297075e-01,7.379999999999999893e+00,0.000000000000000000e+00
3.204382824523288043e-01,9.257611236572266478e+00,1.324987030029297075e-01,7.379999999999999893e+00,3.750000000000000000e+05
3.296635979616383549e-01,1.324987030029297075e-01,2.749083480834960902e+00,7.379999999999999893e+00,0.000000000000000000e+00
3.297130121195057662e-01,1.324987030029297075e-01,2.847911796569824183e+00,7.379999999999999893e+00,3.750000000000000000e+05
3.392867682290767739e-01,9.602267227172852415e+00,1.324987030029297075e-01,7.379999999999999893e+00,0.000000000000000000e+00
3.394590962243770882e-01,9.946923217773438353e+00,1.324987030029297075e-01,7.379999999999999893e+00,3.750000000000000000e+05
3.493812929342094975e-01,1.324987030029297075e-01,2.946740112304687464e+00,7.379999999999999893e+00,0.000000000000000000e+00
3.494307070920769087e-01,1.324987030029297075e-01,3.045568428039550746e+00,7.379999999999999893e+00,3.750000000000000000e+05
3.597013444021707751e-01,1.029157920837402429e+01,1.324987030029297075e-01,7.379999999999999893e+00,0.000000000000000000e+00
3.598736719206339085e-01,1.063623424530029382e+01,1.324987030029297075e-01,7.379999999999999893e+00,3.750000000000000000e+05
3.704927489400945406e-01,1.324987030029297075e-01,3.144396743774414027e+00,7.379999999999999893e+00,0.000000000000000000e+00
3.705421630979619518e-01,1.324987030029297075e-01,3.243225059509277308e+00,7.379999999999999893e+00,3.750000000000000000e+05
3.815096807176840410e-01,1.098089023590087976e+01,1.324987030029297075e-01,7.379999999999999893e+00,0.000000000000000000e+00
3.816820087129843553e-01,1.132554622650146570e+01,1.324987030029297075e-01,7.379999999999999893e+00,3.750000000000000000e+05
3.929979671884278325e-01,1.324987030029297075e-01,3.342054328918456996e+00,7.379999999999999893e+00,0.000000000000000000e+00
3.930473813462952437e-01,1.324987030029297075e-01,3.440882644653320277e+00,7.379999999999999893e+00,3.750000000000000000e+05
4.047117804220001780e-01,1.167020221710205163e+01,1.324987030029297075e-01,7.379999999999999893e+00,0.000000000000000000e+00
4.048841079404633114e-01,1.201485725402832117e+01,1.324987030029297075e-01,7.379999999999999893e+00,3.750000000000000000e+05
4.168969467255350669e-01,1.324987030029297075e-01,3.539710960388183558e+00,7.379999999999999893e+00,0.000000000000000000e+00
4.169463608834024781e-01,1.324987030029297075e-01,3.638539276123046839e+00,7.379999999999999893e+00,3.750000000000000000e+05
4.293076402687356352e-01,1.235951324462890710e+01,1.324987030029297075e-01,7.379999999999999893e+00,0.000000000000000000e+00
4.294799682640359495e-01,1.270416923522949304e+01,1.324987030029297075e-01,7.379999999999999893e+00,3.750000000000000000e+05
4.421896882496305636e-01,1.324987030029297075e-01,3.737367591857910121e+00,7.379999999999999893e+00,0.000000000000000000e+00
4.422391024074979748e-01,1.324987030029297075e-01,3.836195907592773402e+00,7.379999999999999893e+00,3.750000000000000000e+05
4.552972629933540460e-01,1.304882522583007898e+01,1.324987030029297075e-01,7.379999999999999893e+00,0.000000000000000000e+00
4.554695905118171795e-01,1.339348026275634851e+01,1.324987030029297075e-01,7.379999999999999893e+00,3.750000000000000000e+05
4.688761908070400164e-01,1.324987030029297075e-01,3.935024223327636683e+00,7.379999999999999893e+00,0.000000000000000000e+00
4.689256049649074276e-01,1.324987030029297075e-01,4.033852539062499964e+00,7.379999999999999893e+00,3.750000000000000000e+05
4.826806458603917216e-01,1.373813625335693445e+01,1.324987030029297075e-01,7.379999999999999893e+00,0.000000000000000000e+00
4.828529738556920359e-01,1.408279224395752038e+01,1.324987030029297075e-01,7.379999999999999893e+00,3.750000000000000000e+05
4.969564556068977179e-01,1.324987030029297075e-01,4.132681808471679652e+00,7.379999999999999893e+00,0.000000000000000000e+00
4.970058697647651291e-01,1.324987030029297075e-01,4.231510124206542933e+00,7.379999999999999893e+00,3.750000000000000000e+05
5.114577921162322127e-01,1.442744823455810632e+01,1.324987030029297075e-01,7.379999999999999893e+00,0.000000000000000000e+00
5.116301198731139088e-01,1.477210374832153406e+01,1.324987030029297075e-01,7.379999999999999893e+00,3.750000000000000000e+05
5.264304823793951593e-01,1.324987030029297075e-01,4.330338439941406214e+00,7.379999999999999893e+00,0.000000000000000000e+00
5.264798965372625705e-01,1.324987030029297075e-01,4.429166755676269496e+00,7.379999999999999893e+00,3.750000000000000000e+05
5.416286996438052226e-01,1.511675973892211999e+01,1.324987030029297075e-01,7.379999999999999893e+00,0.000000000000000000e+00
5.418010276391055369e-01,1.546141572952270593e+01,1.324987030029297075e-01,7.379999999999999893e+00,3.750000000000000000e+05
5.572982713459097015e-01,1.324987030029297075e-01,4.527995071411132777e+00,7.379999999999999893e+00,0.000000000000000000e+00
5.573476855037771127e-01,1.324987030029297075e-01,4.626823387145996058e+00,7.379999999999999893e+00,3.750000000000000000e+05
5.731933698108426789e-01,1.580607172012329187e+01,1.324987030029297075e-01,7.379999999999999893e+00,0.000000000000000000e+00
5.733656973293058678e-01,1.615072675704956140e+01,1.324987030029297075e-01,7.379999999999999893e+00,3.750000000000000000e+05
5.895598216011981307e-01,1.324987030029297075e-01,4.725652656555175746e+00,7.379999999999999893e+00,0.000000000000000000e+00
5.896092357590655419e-01,1.324987030029297075e-01,4.824480972290039027e+00,7.379999999999999893e+00,3.750000000000000000e+05
6.061518006312193174e-01,1.649538274765014734e+01,1.324987030029297075e-01,7.379999999999999893e+00,0.000000000000000000e+00
6.063241286265196317e-01,1.684003873825073327e+01,1.324987030029297075e-01,7.379999999999999893e+00,3.750000000000000000e+05
6.232151340989348087e-01,1.324987030029297075e-01,4.923309288024902308e+00,7.379999999999999893e+00,0.000000000000000000e+00
6.232645482568022199e-01,1.324987030029297075e-01,5.022137603759765589e+00,7.379999999999999893e+00,3.750000000000000000e+05
6.405039943294787985e-01,1.718469472885131921e+01,1.324987030029297075e-01,7.379999999999999893e+00,0.000000000000000000e+00
6.406763223247791128e-01,1.752935071945190515e+01,1.324987030029297075e-01,7.379999999999999893e+00,3.750000000000000000e+05
6.582642089977172040e-01,1.324987030029297075e-01,5.120965919494628871e+00,7.379999999999999893e+00,0.000000000000000000e+00
6.583136231555846152e-01,1.324987030029297075e-01,5.219794235229492152e+00,7.379999999999999893e+00,3.750000000000000000e+05
6.762499504287841079e-01,1.787400671005249109e+01,1.324987030029297075e-01,7.379999999999999893e+00,0.000000000000000000e+00
6.764222774704100605e-01,1.821866079330444421e+01,1.324987030029297075e-01,7.379999999999999893e+00,3.750000000000000000e+05
6.947070435620816831e-01,1.324987030029297075e-01,5.318622550964355433e+00,7.379999999999999893e+00,0.000000000000000000e+00
6.947564581967862196e-01,1.324987030029297075e-01,5.417451820373535121e+00,7.379999999999999893e+00,3.750000000000000000e+05
7.133896651441792303e-01,1.856331678390503015e+01,1.324987030029297075e-01,7.379999999999999893e+00,0.000000000000000000e+00
7.135619931394795445e-01,1.890797277450561609e+01,1.324987030029297075e-01,7.379999999999999893e+00,3.750000000000000000e+05
7.325436406871340678e-01,1.324987030029297075e-01,5.516280136108398402e+00,7.379999999999999893e+00,0.000000000000000000e+00
7.325930548450014790e-01,1.324987030029297075e-01,5.615108451843261683e+00,7.379999999999999893e+00,3.750000000000000000e+05
7.519231429929174038e-01,1.925262876510620202e+01,1.324987030029297075e-01,7.379999999999999893e+00,0.000000000000000000e+00
7.520954709882177180e-01,1.959728475570678796e+01,1.324987030029297075e-01,7.379999999999999893e+00,3.750000000000000000e+05
7.717739997363950444e-01,1.324987030029297075e-01,5.713936767578124964e+00,7.379999999999999893e+00,0.000000000000000000e+00
7.718234138942624556e-01,1.324987030029297075e-01,5.812765083312988246e+00,7.379999999999999893e+00,3.750000000000000000e+05
7.918503832427012945e-01,1.994194074630737390e+01,1.324987030029297075e-01,7.379999999999999893e+00,0.000000000000000000e+00
7.920227112380016088e-01,2.028659673690795984e+01,1.324987030029297075e-01,7.379999999999999893e+00,3.750000000000000000e+05
8.123981211867018493e-01,1.324987030029297075e-01,5.911593399047851527e+00,7.379999999999999893e+00,0.000000000000000000e+00
8.124475353445692605e-01,1.324987030029297075e-01,6.010421714782714808e+00,7.379999999999999893e+00,3.750000000000000000e+05
8.331713857821690938e-01,2.063125260829925622e+01,1.324987030029297075e-01,7.379999999999999893e+00,0.000000000000000000e+00
8.333437128237950464e-01,2.097590669155120935e+01,1.324987030029297075e-01,7.379999999999999893e+00,3.750000000000000000e+05
8.544160020798670097e-01,1.324987030029297075e-01,6.109250030517578089e+00,7.379999999999999893e+00,0.000000000000000000e+00
8.544654167145715462e-01,1.324987030029297075e-01,6.208079299926757777e+00,7.379999999999999893e+00,3.750000000000000000e+05
8.758861468263650085e-01,2.132056268215179529e+01,1.324987030029297075e-01,7.379999999999999893e+00,0.000000000000000000e+00
8.760584748514675946e-01,2.166521873235702600e+01,1.324987030029297075e-01,7.379999999999999893e+00,3.750000000000000000e+05
8.978276456192033628e-01,1.324987030029297075e-01,6.306907615661621058e+00,7.379999999999999893e+00,0.000000000000000000e+00
8.978770597770707740e-01,1.324987030029297075e-01,6.405735931396484339e+00,7.379999999999999893e+00,3.750000000000000000e+05
9.199946711172275471e-01,2.200987469315528955e+01,1.324987030029297075e-01,7.379999999999999893e+00,0.000000000000000000e+00
9.201669991199784571e-01,2.235453069865703668e+01,1.324987030029297075e-01,7.379999999999999893e+00,3.750000000000000000e+05
9.426330510743168301e-01,1.324987030029297075e-01,6.504564247131347621e+00,7.379999999999999893e+00,0.000000000000000000e+00
9.426824652321842413e-01,1.324987030029297075e-01,6.603392562866210902e+00,7.379999999999999893e+00,3.750000000000000000e+05
9.654969577867841268e-01,2.269918668925762262e+01,1.324987030029297075e-01,7.379999999999999893e+00,0.000000000000000000e+00
9.656692857895350368e-01,2.304384269475936975e+01,1.324987030029297075e-01,7.379999999999999893e+00,3.750000000000000000e+05
9.888322189583165223e-01,1.324987030029297075e-01,6.702220878601074183e+00,7.379999999999999893e+00,0.000000000000000000e+00
9.888816331161839335e-01,1.324987030029297075e-01,6.801049194335937464e+00,7.379999999999999893e+00,3.750000000000000000e+05
1.012393006885226932e+00,2.338849868535995569e+01,1.324987030029297075e-01,7.379999999999999893e+00,0.000000000000000000e+00
1.012565333897050612e+00,2.373315270900726404e+01,1.324987030029297075e-01,7.379999999999999893e+00,3.750000000000000000e+05
1.036425146684344822e+00,1.324987030029297075e-01,6.899878463745117152e+00,7.379999999999999893e+00,0.000000000000000000e+00
1.036474560842212345e+00,1.324987030029297075e-01,6.998706779479980433e+00,7.379999999999999893e+00,3.750000000000000000e+05
1.060682814229767956e+00,2.407780869960784997e+01,1.324987030029297075e-01,7.379999999999999893e+00,0.000000000000000000e+00
1.060855142225068271e+00,2.442246469020843591e+01,1.324987030029297075e-01,7.379999999999999893e+00,3.750000000000000000e+05
1.085411836212885284e+00,1.324987030029297075e-01,7.097535095214843714e+00,7.379999999999999893e+00,0.000000000000000000e+00
1.085461250370752806e+00,1.324987030029297075e-01,7.196363410949706996e+00,7.379999999999999893e+00,3.750000000000000000e+05
1.110366385070193029e+00,2.476712080001831140e+01,1.324987030029297075e-01,7.379999999999999893e+00,0.000000000000000000e+00
1.110538713065493344e+00,2.511177679061889734e+01,1.324987030029297075e-01,7.379999999999999893e+00,3.750000000000000000e+05
1.135792288365195191e+00,1.324987030029297075e-01,7.295191726684570277e+00,7.379999999999999893e+00,0.000000000000000000e+00
1.135841702523062713e+00,1.324987030029297075e-01,7.394020042419433558e+00,7.379999999999999893e+00,3.750000000000000000e+05
1.161443718423025961e+00,2.545643278121948327e+01,1.324987030029297075e-01,7.379999999999999893e+00,0.000000000000000000e+00
1.161616046418326276e+00,2.580108877182006921e+01,1.324987030029297075e-01,7.379999999999999893e+00,3.750000000000000000e+05
1.187566502918550926e+00,1.324987030029297075e-01,7.492848358154296839e+00,7.379999999999999893e+00,0.000000000000000000e+00
1.187615917553255462e+00,1.324987030029297075e-01,7.591677627563476527e+00,7.379999999999999893e+00,3.750000000000000000e+05
1.213914814909201390e+00,2.614574476242065515e+01,1.324987030029297075e-01,7.379999999999999893e+00,0.000000000000000000e+00
1.214087141950827453e+00,2.649039884567260827e+01,1.324987030029297075e-01,7.379999999999999893e+00,3.750000000000000000e+05
1.240734478125245621e+00,1.324987030029297075e-01,7.690505943298339808e+00,7.379999999999999893e+00,0.000000000000000000e+00
1.240783892283113143e+00,1.324987030029297075e-01,7.789334259033203089e+00,7.379999999999999893e+00,3.750000000000000000e+05
1.267779669057792713e+00,2.683505483627319421e+01,1.324987030029297075e-01,7.379999999999999893e+00,0.000000000000000000e+00
1.267951997053093027e+00,2.717971082687378015e+01,1.324987030029297075e-01,7.379999999999999893e+00,3.750000000000000000e+05
1.295296214428033998e+00,1.324987030029297075e-01,7.888162574768066371e+00,7.379999999999999893e+00,0.000000000000000000e+00
1.295345628585901521e+00,1.324987030029297075e-01,7.986990890502929652e+00,7.379999999999999893e+00,3.750000000000000000e+05
1.323038286561104115e+00,2.752436681747436609e+01,1.324987030029297075e-01,7.379999999999999893e+00,0.000000000000000000e+00
1.323210614556404430e+00,2.786902280807495202e+01,1.324987030029297075e-01,7.379999999999999893e+00,3.750000000000000000e+05
1.351251713131868426e+00,1.324987030029297075e-01,8.085819206237793821e+00,7.379999999999999893e+00,0.000000000000000000e+00
1.351301127766572963e+00,1.324987030029297075e-01,8.184648475646973509e+00,7.379999999999999893e+00,3.750000000000000000e+05
1.379690667197758236e+00,2.821367879867553796e+01,1.324987030029297075e-01,7.379999999999999893e+00,0.000000000000000000e+00
1.379862995193058550e+00,2.855833478927612390e+01,1.324987030029297075e-01,7.379999999999999893e+00,3.750000000000000000e+05
1.408600975224505225e+00,1.324987030029297075e-01,8.283476791381836790e+00,7.379999999999999893e+00,0.000000000000000000e+00
1.408650389382372747e+00,1.324987030029297075e-01,8.382305107116700071e+00,7.379999999999999893e+00,3.750000000000000000e+05
1.437736810014080824e+00,2.890299077987670984e+01,1.324987030029297075e-01,7.379999999999999893e+00,0.000000000000000000e+00
1.437909137055706887e+00,2.924764486312866296e+01,1.324987030029297075e-01,7.379999999999999893e+00,3.750000000000000000e+05
1.467343996505887205e+00,1.324987030029297075e-01,8.481133422851563353e+00,7.379999999999999893e+00,0.000000000000000000e+00
1.467393410663754727e+00,1.324987030029297075e-01,8.579961738586426634e+00,7.379999999999999893e+00,3.750000000000000000e+05
1.497176710714196446e+00,2.959230085372924890e+01,1.324987030029297075e-01,7.379999999999999893e+00,0.000000000000000000e+00
1.497349038709496760e+00,2.993695684432983484e+01,1.324987030029297075e-01,7.379999999999999893e+00,3.750000000000000000e+05
1.527480779360199881e+00,1.324987030029297075e-01,8.678790054321289915e+00,7.379999999999999893e+00,0.000000000000000000e+00
1.527530193518067403e+00,1.324987030029297075e-01,8.777618370056153196e+00,7.379999999999999893e+00,3.750000000000000000e+05
1.558010374769032147e+00,3.028161283493042077e+01,1.324987030029297075e-01,7.379999999999999893e+00,0.000000000000000000e+00
1.558182702525913843e+00,3.062626834869384851e+01,1.324987030029297075e-01,7.379999999999999893e+00,3.750000000000000000e+05
1.589011324187152630e+00,1.324987030029297075e-01,8.876447639465332884e+00,7.379999999999999893e+00,0.000000000000000000e+00
1.589060738345020152e+00,1.324987030029297075e-01,8.975275955200196165e+00,7.379999999999999893e+00,3.750000000000000000e+05
1.620237800606520340e+00,3.097092433929443445e+01,1.324987030029297075e-01,7.379999999999999893e+00,0.000000000000000000e+00
1.620410128601820654e+00,3.131558032989502038e+01,1.324987030029297075e-01,7.379999999999999893e+00,3.750000000000000000e+05
1.651935631463582244e+00,1.324987030029297075e-01,9.074104270935059446e+00,7.379999999999999893e+00,0.000000000000000000e+00
1.651985045621449766e+00,1.324987030029297075e-01,9.172932586669922728e+00,7.379999999999999893e+00,3.750000000000000000e+05
1.683858989083472757e+00,3.166023632049560632e+01,1.324987030029297075e-01,7.379999999999999893e+00,0.000000000000000000e+00
1.684031316125098821e+00,3.200489040374755945e+01,1.324987030029297075e-01,7.379999999999999893e+00,3.750000000000000000e+05
1.716253698405594053e+00,1.324987030029297075e-01,9.271760902404786009e+00,7.379999999999999893e+00,0.000000000000000000e+00
1.716303112563461575e+00,1.324987030029297075e-01,9.370589218139649290e+00,7.379999999999999893e+00,3.750000000000000000e+05
1.748873937226007591e+00,3.234954830169677820e+01,1.324987030029297075e-01,7.379999999999999893e+00,0.000000000000000000e+00
1.749046264267633655e+00,3.269420238494873132e+01,1.324987030029297075e-01,7.379999999999999893e+00,3.750000000000000000e+05
1.781965527748651690e+00,1.324987030029297075e-01,9.469417533874512571e+00,7.379999999999999893e+00,0.000000000000000000e+00
1.782014942383356226e+00,1.324987030029297075e-01,9.568246803283692259e+00,7.379999999999999893e+00,3.750000000000000000e+05
1.815282648501884921e+00,3.303886028289795007e+01,1.324987030029297075e-01,7.379999999999999893e+00,0.000000000000000000e+00
1.815454975543510985e+00,3.338351436614990320e+01,1.324987030029297075e-01,7.379999999999999893e+00,3.750000000000000000e+05
1.849071120480511921e+00,1.324987030029297075e-01,9.667075119018555540e+00,7.379999999999999893e+00,0.000000000000000000e+00
1.849120534638379443e+00,1.324987030029297075e-01,9.765903434753418821e+00,7.379999999999999893e+00,3.750000000000000000e+05
1.883085118393852619e+00,3.372816844940185632e+01,1.324987030029297075e-01,7.379999999999999893e+00,0.000000000000000000e+00
1.883257447342827184e+00,3.407282634735107507e+01,1.324987030029297075e-01,7.379999999999999893e+00,3.750000000000000000e+05
1.917570473480350923e+00,1.324987030029297075e-01,9.864731750488282103e+00,7.379999999999999893e+00,0.000000000000000000e+00
1.917619887399799827e+00,1.324987030029297075e-01,9.963559589385987181e+00,7.379999999999999893e+00,3.750000000000000000e+05
1.952281352228065758e+00,3.441748043060302820e+01,1.324987030029297075e-01,7.379999999999999893e+00,0.000000000000000000e+00
1.952453681177040323e+00,3.476213832855224695e+01,1.324987030029297075e-01,7.379999999999999893e+00,3.750000000000000000e+05
1.987463588387357039e+00,1.324987030029297075e-01,1.006238790512085046e+01,7.379999999999999893e+00,0.000000000000000000e+00
1.987513002545224561e+00,1.324987030029297075e-01,1.016121622085571374e+01,7.379999999999999893e+00,3.750000000000000000e+05
2.022871348574013517e+00,3.510679241180420007e+01,1.324987030029297075e-01,7.379999999999999893e+00,0.000000000000000000e+00
2.023043677522988304e+00,3.545145030975341882e+01,1.324987030029297075e-01,7.379999999999999893e+00,3.750000000000000000e+05
2.058750465933827822e+00,1.324987030029297075e-01,1.026004453659057702e+01,7.379999999999999893e+00,0.000000000000000000e+00
2.058799880568532359e+00,1.324987030029297075e-01,1.035887380599975671e+01,7.379999999999999893e+00,3.750000000000000000e+05
2.094855108053303994e+00,3.579610439300537195e+01,1.324987030029297075e-01,7.379999999999999893e+00,0.000000000000000000e+00
2.095027435094929835e+00,3.614075847625732507e+01,1.324987030029297075e-01,7.379999999999999893e+00,3.750000000000000000e+05
2.131431101398173489e+00,1.324987030029297075e-01,1.045770212173461999e+01,7.379999999999999893e+00,0.000000000000000000e+00
2.131480515556040789e+00,1.324987030029297075e-01,1.055653043746948327e+01,7.379999999999999893e+00,3.750000000000000000e+05
2.168232624241335227e+00,3.648541637420654382e+01,1.324987030029297075e-01,7.379999999999999893e+00,0.000000000000000000e+00
2.168404951282961068e+00,3.683007045745849695e+01,1.324987030029297075e-01,7.379999999999999893e+00,3.750000000000000000e+05
2.205442530459306383e+00,1.947831726074218950e-01,1.063749929428100671e+01,7.379999999999999893e+00,0.000000000000000000e+00
2.205614858454606697e+00,5.394391632080077770e-01,1.063749929428100671e+01,7.379999999999999893e+00,3.750000000000000000e+05
2.242652439412741394e+00,3.717472835540771570e+01,1.324987030029297075e-01,7.379999999999999893e+00,0.000000000000000000e+00
2.242824766454367236e+00,3.751938243865966882e+01,1.324987030029297075e-01,7.379999999999999893e+00,3.750000000000000000e+05
2.279862345630712550e+00,8.840951538085937145e-01,1.063749929428100671e+01,7.379999999999999893e+00,0.000000000000000000e+00
2.280034673626012864e+00,1.228751144409179652e+00,1.063749929428100671e+01,7.379999999999999893e+00,3.750000000000000000e+05
2.317072254584147561e+00,3.786404033660888757e+01,1.324987030029297075e-01,7.379999999999999893e+00,0.000000000000000000e+00
2.317244581625773403e+00,3.820869441986084070e+01,1.324987030029297075e-01,7.379999999999999893e+00,3.750000000000000000e+05
2.354282160802118717e+00,1.573407135009765589e+00,1.063749929428100671e+01,7.379999999999999893e+00,0.000000000000000000e+00
2.354454488797419032e+00,1.918063125610351527e+00,1.063749929428100671e+01,7.379999999999999893e+00,3.750000000000000000e+05
2.391492070646448198e+00,3.855335327148437585e+01,1.324987030029297075e-01,7.379999999999999893e+00,0.000000000000000000e+00
2.391664397688074040e+00,3.889800735473632898e+01,1.324987030029297075e-01,7.379999999999999893e+00,3.750000000000000000e+05
2.428701979537103206e+00,2.262717208862304652e+00,1.063749929428100671e+01,7.379999999999999893e+00,0.000000000000000000e+00
2.428874307532403520e+00,2.607373199462890589e+00,1.063749929428100671e+01,7.379999999999999893e+00,3.750000000000000000e+05
2.465911887599643748e+00,3.924266143798828210e+01,1.324987030029297075e-01,7.379999999999999893e+00,0.000000000000000000e+00
2.466084216548618535e+00,3.958731933593750085e+01,1.324987030029297075e-01,7.379999999999999893e+00,3.750000000000000000e+05
2.503121798397647702e+00,2.952029190063476527e+00,1.063749929428100671e+01,7.379999999999999893e+00,0.000000000000000000e+00
2.503294126392948016e+00,3.296685180664062464e+00,1.063749929428100671e+01,7.379999999999999893e+00,3.750000000000000000e+05
2.540331706460188244e+00,3.993197341918945398e+01,1.324987030029297075e-01,7.379999999999999893e+00,0.000000000000000000e+00
2.540504035409163031e+00,4.027663131713867273e+01,1.324987030029297075e-01,7.379999999999999893e+00,3.750000000000000000e+05
2.577541617258192197e+00,3.641341171264648402e+00,1.063749929428100671e+01,7.379999999999999893e+00,0.000000000000000000e+00
2.577713945253492511e+00,3.985997161865234339e+00,1.063749929428100671e+01,7.379999999999999893e+00,3.750000000000000000e+05
2.614751525320732739e+00,4.062128540039062585e+01,1.324987030029297075e-01,7.379999999999999893e+00,0.000000000000000000e+00
2.614923854269707526e+00,4.096594329833984460e+01,1.324987030029297075e-01,7.379999999999999893e+00,3.750000000000000000e+05
2.651961436118736692e+00,4.330653152465820277e+00,1.063749929428100671e+01,7.379999999999999893e+00,0.000000000000000000e+00
2.652133763160362534e+00,4.675307235717773402e+00,1.063749929428100671e+01,7.379999999999999893e+00,3.750000000000000000e+05
2.689171345009391700e+00,4.131059738159179773e+01,1.324987030029297075e-01,7.379999999999999893e+00,0.000000000000000000e+00
2.689343672051017542e+00,4.165525146484375085e+01,1.324987030029297075e-01,7.379999999999999893e+00,3.750000000000000000e+05
2.726381252118257770e+00,5.019963226318359339e+00,1.063749929428100671e+01,7.379999999999999893e+00,0.000000000000000000e+00
2.726553580113558084e+00,5.364619216918945277e+00,1.063749929428100671e+01,7.379999999999999893e+00,3.750000000000000000e+05
2.763591161962587250e+00,4.199990936279296960e+01,1.324987030029297075e-01,7.379999999999999893e+00,0.000000000000000000e+00
2.763763489004213092e+00,4.234456344604492273e+01,1.324987030029297075e-01,7.379999999999999893e+00,3.750000000000000000e+05
2.800801069071453320e+00,5.709275207519531214e+00,1.063749929428100671e+01,7.379999999999999893e+00,0.000000000000000000e+00
2.800973397066753634e+00,6.053931198120117152e+00,1.063749929428100671e+01,7.379999999999999893e+00,3.750000000000000000e+05
2.838010978915782800e+00,4.268922134399414148e+01,1.324987030029297075e-01,7.379999999999999893e+00,0.000000000000000000e+00
2.838183305957408642e+00,4.303387542724609460e+01,1.324987030029297075e-01,7.379999999999999893e+00,3.750000000000000000e+05
2.875220886024648870e+00,6.398587188720703089e+00,1.063749929428100671e+01,7.379999999999999893e+00,0.000000000000000000e+00
2.875393213543111948e+00,6.743242225646972621e+00,1.063749929428100671e+01,7.379999999999999893e+00,3.750000000000000000e+05
2.912430796283036027e+00,4.337853332519531335e+01,1.324987030029297075e-01,7.379999999999999893e+00,0.000000000000000000e+00
2.912603123324661869e+00,4.372318740844726648e+01,1.324987030029297075e-01,7.379999999999999893e+00,3.750000000000000000e+05
2.949640704282796566e+00,7.087898216247558558e+00,1.063749929428100671e+01,7.379999999999999893e+00,0.000000000000000000e+00
2.949813032278096880e+00,7.432554206848144496e+00,1.063749929428100671e+01,7.379999999999999893e+00,3.750000000000000000e+05
2.986850615018020960e+00,4.406784530639648523e+01,1.324987030029297075e-01,7.379999999999999893e+00,0.000000000000000000e+00
2.987022942059646802e+00,4.441249938964843835e+01,1.324987030029297075e-01,7.379999999999999893e+00,3.750000000000000000e+05
3.024060523017781499e+00,7.777210197448730433e+00,1.063749929428100671e+01,7.379999999999999893e+00,0.000000000000000000e+00
3.024232850536244577e+00,8.121865234375000853e+00,1.063749929428100671e+01,7.379999999999999893e+00,3.750000000000000000e+05
3.061270430603484805e+00,4.475715347290039148e+01,1.324987030029297075e-01,7.379999999999999893e+00,0.000000000000000000e+00
3.061325656343117707e+00,4.483749862670898523e+01,2.082891082763672075e-01,7.379999999999999893e+00,3.750000000000000000e+05
3.098096023047738345e+00,8.466521224975586790e+00,1.063749929428100671e+01,7.379999999999999893e+00,0.000000000000000000e+00
3.098268351043038660e+00,8.811177215576172728e+00,1.063749929428100671e+01,7.379999999999999893e+00,3.750000000000000000e+05
3.134690276891937799e+00,4.483749862670898523e+01,3.071183776855468950e-01,7.379999999999999893e+00,0.000000000000000000e+00
3.134739690572967863e+00,4.483749862670898523e+01,4.059457397460937700e-01,7.379999999999999893e+00,3.750000000000000000e+05
3.170813176967960167e+00,9.155832252502442259e+00,1.063749929428100671e+01,7.379999999999999893e+00,0.000000000000000000e+00
3.170985504963260482e+00,9.500488243103028196e+00,1.063749929428100671e+01,7.379999999999999893e+00,3.750000000000000000e+05
3.206710550502531287e+00,4.483749862670898523e+01,5.047750091552734020e-01,7.379999999999999893e+00,0.000000000000000000e+00
3.206759964183561351e+00,4.483749862670898523e+01,6.036023712158202770e-01,7.379999999999999893e+00,3.750000000000000000e+05
3.242136569378030853e+00,9.845144233703614134e+00,1.063749929428100671e+01,7.379999999999999893e+00,0.000000000000000000e+00
3.242308897373331167e+00,1.018980022430420007e+01,1.063749929428100671e+01,7.379999999999999893e+00,3.750000000000000000e+05
3.277337061712079169e+00,4.483749862670898523e+01,7.024316406249999645e-01,7.379999999999999893e+00,0.000000000000000000e+00
3.277386475393109233e+00,4.483749862670898523e+01,8.012590026855468395e-01,7.379999999999999893e+00,3.750000000000000000e+05
3.312066200277950401e+00,1.053445526123046960e+01,1.063749929428100671e+01,7.379999999999999893e+00,0.000000000000000000e+00
3.312238528273250715e+00,1.087911125183105554e+01,1.063749929428100671e+01,7.379999999999999893e+00,3.750000000000000000e+05
3.346569812302370384e+00,4.483749862670898523e+01,9.000882720947265270e-01,7.379999999999999893e+00,0.000000000000000000e+00
3.346619226937074920e+00,4.483749862670898523e+01,9.989175415039062145e-01,7.379999999999999893e+00,3.750000000000000000e+05
3.380602070110473534e+00,1.122376724243164148e+01,1.063749929428100671e+01,7.379999999999999893e+00,0.000000000000000000e+00
3.380774398105773848e+00,1.156842323303222742e+01,1.063749929428100671e+01,7.379999999999999893e+00,3.750000000000000000e+05
3.414408800934370714e+00,4.483749862670898523e+01,1.097744903564453089e+00,7.379999999999999893e+00,0.000000000000000000e+00
3.414458215569075250e+00,4.483749862670898523e+01,1.196574172973632777e+00,7.379999999999999893e+00,3.750000000000000000e+05
3.447744178432845530e+00,1.191307826995849695e+01,1.063749929428100671e+01,7.379999999999999893e+00,0.000000000000000000e+00
3.447916506428145844e+00,1.225773426055908288e+01,1.063749929428100671e+01,7.379999999999999893e+00,3.750000000000000000e+05
3.480854028947114376e+00,4.483749862670898523e+01,1.295401535034179652e+00,7.379999999999999893e+00,0.000000000000000000e+00
3.480903443581818912e+00,4.483749862670898523e+01,1.394230804443359339e+00,7.379999999999999893e+00,3.750000000000000000e+05
3.513492525245066389e+00,1.260239025115966882e+01,1.063749929428100671e+01,7.379999999999999893e+00,0.000000000000000000e+00
3.513664853240366703e+00,1.294704624176025476e+01,1.063749929428100671e+01,7.379999999999999893e+00,3.750000000000000000e+05
3.545905494558812432e+00,4.483749862670898523e+01,1.493058166503906214e+00,7.379999999999999893e+00,0.000000000000000000e+00
3.545954909193516968e+00,4.483749862670898523e+01,1.591887435913085902e+00,7.379999999999999893e+00,3.750000000000000000e+05
3.577847110547136111e+00,1.329170127868652429e+01,1.063749929428100671e+01,7.379999999999999893e+00,0.000000000000000000e+00
3.578019438542436426e+00,1.363635726928711023e+01,1.063749929428100671e+01,7.379999999999999893e+00,3.750000000000000000e+05
3.609563199040334069e+00,4.483749862670898523e+01,1.690716705322265589e+00,7.379999999999999893e+00,0.000000000000000000e+00
3.609612612721364133e+00,4.483749862670898523e+01,1.789544067382812464e+00,7.379999999999999893e+00,3.750000000000000000e+05
3.640807932874460473e+00,1.398101325988769617e+01,1.063749929428100671e+01,7.379999999999999893e+00,0.000000000000000000e+00
3.640980260869760787e+00,1.432566925048828210e+01,1.063749929428100671e+01,7.379999999999999893e+00,3.750000000000000000e+05
3.671827140422595726e+00,4.483749862670898523e+01,1.888372383117675746e+00,7.379999999999999893e+00,0.000000000000000000e+00
3.671876554580463026e+00,4.483749862670898523e+01,1.987200698852539027e+00,7.379999999999999893e+00,3.750000000000000000e+05
3.702374993978483797e+00,1.467032476425170984e+01,1.063749929428100671e+01,7.379999999999999893e+00,0.000000000000000000e+00
3.702547321973784111e+00,1.501498075485229577e+01,1.063749929428100671e+01,7.379999999999999893e+00,3.750000000000000000e+05
3.732697320516083384e+00,4.483749862670898523e+01,2.086029968261718714e+00,7.379999999999999893e+00,0.000000000000000000e+00
3.732746734673950684e+00,4.483749862670898523e+01,2.184858283996581996e+00,7.379999999999999893e+00,3.750000000000000000e+05
3.762548292615988554e+00,1.535963674545288171e+01,1.063749929428100671e+01,7.379999999999999893e+00,0.000000000000000000e+00
3.762720620611288869e+00,1.570429273605346765e+01,1.063749929428100671e+01,7.379999999999999893e+00,3.750000000000000000e+05
3.792173737953065338e+00,4.483749862670898523e+01,2.283686599731445277e+00,7.379999999999999893e+00,0.000000000000000000e+00
3.792223152110932638e+00,4.483749862670898523e+01,2.382514915466308558e+00,7.379999999999999893e+00,3.750000000000000000e+05
3.821327829743342175e+00,1.604894777297973718e+01,1.063749929428100671e+01,7.379999999999999893e+00,0.000000000000000000e+00
3.821500158215479725e+00,1.639360471725463952e+01,1.063749929428100671e+01,7.379999999999999893e+00,3.750000000000000000e+05
3.850256394356733392e+00,4.483749862670898523e+01,2.481343231201171839e+00,7.379999999999999893e+00,0.000000000000000000e+00
3.850305808514600692e+00,4.483749862670898523e+01,2.580171546936035121e+00,7.379999999999999893e+00,3.750000000000000000e+05
3.878713605837381895e+00,1.673825880050659265e+01,1.063749929428100671e+01,7.379999999999999893e+00,0.000000000000000000e+00
3.878885933832682209e+00,1.708291479110717859e+01,1.063749929428100671e+01,7.379999999999999893e+00,3.750000000000000000e+05
3.906945290555202011e+00,4.483749862670898523e+01,2.678999862670898402e+00,7.379999999999999893e+00,0.000000000000000000e+00
3.906994705189906547e+00,4.483749862670898523e+01,2.777829132080078089e+00,7.379999999999999893e+00,3.750000000000000000e+05
3.934705621056704850e+00,1.742757078170776452e+01,1.063749929428100671e+01,7.379999999999999893e+00,0.000000000000000000e+00
3.934877949052005164e+00,1.777222677230835046e+01,1.063749929428100671e+01,7.379999999999999893e+00,3.750000000000000000e+05
3.962240424318542065e+00,4.483749862670898523e+01,2.876657447814941371e+00,7.379999999999999893e+00,0.000000000000000000e+00
3.962289838476409365e+00,4.483749862670898523e+01,2.975485763549804652e+00,7.379999999999999893e+00,3.750000000000000000e+05
3.989303873142684864e+00,1.811688276290893640e+01,1.063749929428100671e+01,7.379999999999999893e+00,0.000000000000000000e+00
3.989476201137985178e+00,1.846153875350952234e+01,1.063749929428100671e+01,7.379999999999999893e+00,3.750000000000000000e+05
4.016141795203999720e+00,4.483749862670898523e+01,3.074314079284667933e+00,7.379999999999999893e+00,0.000000000000000000e+00
4.016191209361867465e+00,4.483749862670898523e+01,3.173142395019531214e+00,7.379999999999999893e+00,3.750000000000000000e+05
4.042508362827620161e+00,1.880619474411010827e+01,1.063749929428100671e+01,7.379999999999999893e+00,0.000000000000000000e+00
4.042680690822920475e+00,1.915085073471069421e+01,1.063749929428100671e+01,7.379999999999999893e+00,3.750000000000000000e+05
4.068649403688411326e+00,4.483749862670898523e+01,3.271970710754394496e+00,7.379999999999999893e+00,0.000000000000000000e+00
4.068698817846279070e+00,4.483749862670898523e+01,3.370799026489257777e+00,7.379999999999999893e+00,3.750000000000000000e+05
4.094319091893297902e+00,1.949550481796264734e+01,1.063749929428100671e+01,7.379999999999999893e+00,0.000000000000000000e+00
4.094491419888598216e+00,1.984016080856323327e+01,1.063749929428100671e+01,7.379999999999999893e+00,3.750000000000000000e+05
4.119763253079895549e+00,4.483749862670898523e+01,3.469628295898437464e+00,7.379999999999999893e+00,0.000000000000000000e+00
4.119812667237763293e+00,4.483749862670898523e+01,3.568456611633300746e+00,7.379999999999999893e+00,3.750000000000000000e+05
4.144736059828799668e+00,2.018481679916381921e+01,1.063749929428100671e+01,7.379999999999999893e+00,0.000000000000000000e+00
4.144908387764495217e+00,2.052947267055511560e+01,1.063749929428100671e+01,7.379999999999999893e+00,3.750000000000000000e+05
4.169483339866632221e+00,4.483749862670898523e+01,3.667284927368164027e+00,7.379999999999999893e+00,0.000000000000000000e+00
4.169532754024499965e+00,4.483749862670898523e+01,3.766113243103027308e+00,7.379999999999999893e+00,3.750000000000000000e+05
4.193759265526375124e+00,2.087412866115570154e+01,1.063749929428100671e+01,7.379999999999999893e+00,0.000000000000000000e+00
4.193931593521675438e+00,2.121878465175628747e+01,1.063749929428100671e+01,7.379999999999999893e+00,3.750000000000000000e+05
4.217809664423289640e+00,4.483749862670898523e+01,3.864941558837890589e+00,7.379999999999999893e+00,0.000000000000000000e+00
4.217859078581157384e+00,4.483749862670898523e+01,3.963769874572753871e+00,7.379999999999999893e+00,3.750000000000000000e+05
4.241388708826828946e+00,2.156344070196151819e+01,1.063749929428100671e+01,7.379999999999999893e+00,0.000000000000000000e+00
4.241561036822129260e+00,2.190809669256210412e+01,1.063749929428100671e+01,7.379999999999999893e+00,3.750000000000000000e+05
4.264742226467538977e+00,4.483749862670898523e+01,4.062598190307617152e+00,7.379999999999999893e+00,0.000000000000000000e+00
4.264791641102243958e+00,4.483749862670898523e+01,4.161427459716796839e+00,7.379999999999999893e+00,3.750000000000000000e+05
4.287624391687642422e+00,2.225275076091289606e+01,1.063749929428100671e+01,7.379999999999999893e+00,0.000000000000000000e+00
4.287796719679217716e+00,2.259740674406290140e+01,1.063749929428100671e+01,7.379999999999999893e+00,3.750000000000000000e+05
4.310281029671314101e+00,4.483749862670898523e+01,4.260255775451660121e+00,7.379999999999999893e+00,0.000000000000000000e+00
4.310330443829181846e+00,4.483749862670898523e+01,4.359084091186523402e+00,7.379999999999999893e+00,3.750000000000000000e+05
4.332466313227977039e+00,2.294206272721290674e+01,1.063749929428100671e+01,7.379999999999999893e+00,0.000000000000000000e+00
4.332638641238178323e+00,2.328671874761581506e+01,1.063749929428100671e+01,7.379999999999999893e+00,3.750000000000000000e+05
4.354426070008871719e+00,4.483749862670898523e+01,4.457912406921386683e+00,7.379999999999999893e+00,0.000000000000000000e+00
4.354475484166739463e+00,4.483749862670898523e+01,4.556740722656249964e+00,7.379999999999999893e+00,3.750000000000000000e+05
4.375914472392852694e+00,2.363137467861175622e+01,1.063749929428100671e+01,7.379999999999999893e+00,0.000000000000000000e+00
4.376086800388153009e+00,2.397603066921234216e+01,1.063749929428100671e+01,7.379999999999999893e+00,3.750000000000000000e+05
4.397177348014004394e+00,4.483749862670898523e+01,4.655569038391113246e+00,7.379999999999999893e+00,0.000000000000000000e+00
4.397226762171872139e+00,4.483749862670898523e+01,4.754397354125976527e+00,7.379999999999999893e+00,3.750000000000000000e+05
4.417968869197462567e+00,2.432068665981292810e+01,1.063749929428100671e+01,7.379999999999999893e+00,0.000000000000000000e+00
4.418141197252367647e+00,2.466534276962280359e+01,1.063749929428100671e+01,7.379999999999999893e+00,3.750000000000000000e+05
4.438534863310874989e+00,4.483749862670898523e+01,4.853226623535156214e+00,7.379999999999999893e+00,0.000000000000000000e+00
4.438584277468742734e+00,4.483749862670898523e+01,4.952054939270019496e+00,7.379999999999999893e+00,3.750000000000000000e+05
4.458629504708777169e+00,2.500999685287475671e+01,1.063749929428100671e+01,7.379999999999999893e+00,0.000000000000000000e+00
4.458801832704077484e+00,2.535465284347534265e+01,1.063749929428100671e+01,7.379999999999999893e+00,3.750000000000000000e+05
4.478498619343850962e+00,4.483749862670898523e+01,5.050883255004882777e+00,7.379999999999999893e+00,0.000000000000000000e+00
4.478548033501718706e+00,4.483749862670898523e+01,5.149711570739746058e+00,7.379999999999999893e+00,3.750000000000000000e+05
4.497896379541230338e+00,2.569930883407592859e+01,1.063749929428100671e+01,7.379999999999999893e+00,0.000000000000000000e+00
4.498068707536530653e+00,2.604396482467651452e+01,1.063749929428100671e+01,7.379999999999999893e+00,3.750000000000000000e+05
4.517068612975781328e+00,4.483749862670898523e+01,5.248539886474609339e+00,7.379999999999999893e+00,0.000000000000000000e+00
4.517118027133649072e+00,4.483749862670898523e+01,5.347368202209472621e+00,7.379999999999999893e+00,3.750000000000000000e+05
4.535769491972637901e+00,2.638862081527710046e+01,1.063749929428100671e+01,7.379999999999999893e+00,0.000000000000000000e+00
4.535941819967938216e+00,2.673327680587768640e+01,1.063749929428100671e+01,7.379999999999999893e+00,3.750000000000000000e+05
4.554244844206666087e+00,4.483749862670898523e+01,5.446196517944335902e+00,7.379999999999999893e+00,0.000000000000000000e+00
4.554294258841371068e+00,4.483749862670898523e+01,5.545025787353515589e+00,7.379999999999999893e+00,3.750000000000000000e+05
4.572248842224377441e+00,2.707793279647827234e+01,1.063749929428100671e+01,7.379999999999999893e+00,0.000000000000000000e+00
4.572421170219677755e+00,2.742258878707885827e+01,1.063749929428100671e+01,7.379999999999999893e+00,3.750000000000000000e+05
4.590027313002422282e+00,4.483749862670898523e+01,5.643854103088378871e+00,7.379999999999999893e+00,0.000000000000000000e+00
4.590076727160290027e+00,4.483749862670898523e+01,5.742682418823242152e+00,7.379999999999999893e+00,3.750000000000000000e+05
4.607334431124562535e+00,2.776724287033081140e+01,1.063749929428100671e+01,7.379999999999999893e+00,0.000000000000000000e+00
4.607506759119862849e+00,2.811189886093139734e+01,1.063749929428100671e+01,7.379999999999999893e+00,3.750000000000000000e+05
4.624416022483874400e+00,4.483749862670898523e+01,5.841510734558105433e+00,7.379999999999999893e+00,0.000000000000000000e+00
4.624465436641742144e+00,4.483749862670898523e+01,5.940339050292968714e+00,7.379999999999999893e+00,3.750000000000000000e+05
4.641026259405491849e+00,2.845655485153198327e+01,1.063749929428100671e+01,7.379999999999999893e+00,0.000000000000000000e+00
4.641198587400792164e+00,2.880121084213256921e+01,1.063749929428100671e+01,7.379999999999999893e+00,3.750000000000000000e+05
4.657410969564280023e+00,4.483749862670898523e+01,6.039167366027831996e+00,7.379999999999999893e+00,0.000000000000000000e+00
4.657460383722147768e+00,4.483749862670898523e+01,6.137995681762695277e+00,7.379999999999999893e+00,3.750000000000000000e+05
4.673324325285374670e+00,2.914586683273315515e+01,1.063749929428100671e+01,7.379999999999999893e+00,0.000000000000000000e+00
4.673496653280674984e+00,2.949052282333374109e+01,1.063749929428100671e+01,7.379999999999999893e+00,3.750000000000000000e+05
4.689012153988180387e+00,4.483749862670898523e+01,6.236824951171874964e+00,7.379999999999999893e+00,0.000000000000000000e+00
4.689061568146048131e+00,4.483749862670898523e+01,6.335653266906738246e+00,7.379999999999999893e+00,3.750000000000000000e+05
4.704228628253292577e+00,2.983517881393432702e+01,1.063749929428100671e+01,7.379999999999999893e+00,0.000000000000000000e+00
4.704400956248592891e+00,3.017983480453491296e+01,1.063749929428100671e+01,7.379999999999999893e+00,3.750000000000000000e+05
4.719219575755575491e+00,4.483749862670898523e+01,6.434481582641601527e+00,7.379999999999999893e+00,0.000000000000000000e+00
4.719268989913443235e+00,4.483749862670898523e+01,6.533309898376464808e+00,7.379999999999999893e+00,3.750000000000000000e+05
4.733739171047401051e+00,3.052448841094970788e+01,1.063749929428100671e+01,7.379999999999999893e+00,0.000000000000000000e+00
4.733911499042701365e+00,3.086914440155029382e+01,1.063749929428100671e+01,7.379999999999999893e+00,3.750000000000000000e+05
4.748033239576397335e+00,4.483749862670898523e+01,6.632138214111328089e+00,7.379999999999999893e+00,0.000000000000000000e+00
4.748082653734265079e+00,4.483749862670898523e+01,6.730966529846191371e+00,7.379999999999999893e+00,3.750000000000000000e+05
4.761855953667700092e+00,3.121380039215087976e+01,1.063749929428100671e+01,7.379999999999999893e+00,0.000000000000000000e+00
4.762028281663000406e+00,3.155845638275146570e+01,1.063749929428100671e+01,7.379999999999999893e+00,3.750000000000000000e+05
4.775453140996173573e+00,4.483749862670898523e+01,6.829794845581054652e+00,7.379999999999999893e+00,0.000000000000000000e+00
4.775502555154041318e+00,4.483749862670898523e+01,6.928623161315917933e+00,7.379999999999999893e+00,3.750000000000000000e+05
4.788578973886953527e+00,3.190311237335205163e+01,1.063749929428100671e+01,7.379999999999999893e+00,0.000000000000000000e+00
4.788751301882253841e+00,3.224776836395263757e+01,1.063749929428100671e+01,7.379999999999999893e+00,3.750000000000000000e+05
4.801479279759444552e+00,4.483749862670898523e+01,7.027452430725097621e+00,7.379999999999999893e+00,0.000000000000000000e+00
4.801528693917312296e+00,4.483749862670898523e+01,7.126280746459960902e+00,7.379999999999999893e+00,3.750000000000000000e+05
4.813908232976030988e+00,3.259242244720459070e+01,1.063749929428100671e+01,7.379999999999999893e+00,0.000000000000000000e+00
4.814080561925005775e+00,3.293708034515380945e+01,1.063749929428100671e+01,7.379999999999999893e+00,3.750000000000000000e+05
4.826111658601673682e+00,4.483749862670898523e+01,7.225109062194824183e+00,7.379999999999999893e+00,0.000000000000000000e+00
4.826161072759541426e+00,4.483749862670898523e+01,7.323937377929687464e+00,7.379999999999999893e+00,3.750000000000000000e+05
4.837843730617737315e+00,3.328173442840576257e+01,1.063749929428100671e+01,7.379999999999999893e+00,0.000000000000000000e+00
4.838016059566712102e+00,3.362639232635498132e+01,1.063749929428100671e+01,7.379999999999999893e+00,3.750000000000000000e+05
4.849350275042857206e+00,4.483749862670898523e+01,7.422765693664550746e+00,7.379999999999999893e+00,0.000000000000000000e+00
4.849399689200724950e+00,4.483749862670898523e+01,7.521594009399414027e+00,7.379999999999999893e+00,3.750000000000000000e+05
4.860385465858398035e+00,3.397104640960693445e+01,1.063749929428100671e+01,7.379999999999999893e+00,0.000000000000000000e+00
4.860557794807372822e+00,3.431570430755615320e+01,1.063749929428100671e+01,7.379999999999999893e+00,3.750000000000000000e+05
4.871195129082995123e+00,4.483749862670898523e+01,7.620422325134277308e+00,7.379999999999999893e+00,0.000000000000000000e+00
4.871244543717700104e+00,4.483749862670898523e+01,7.719251594543456996e+00,7.379999999999999893e+00,3.750000000000000000e+05
4.881533438919389845e+00,3.466035839080810632e+01,1.063749929428100671e+01,7.379999999999999893e+00,0.000000000000000000e+00
4.881705765961015686e+00,3.500501247406005945e+01,1.063749929428100671e+01,7.379999999999999893e+00,3.750000000000000000e+05
4.891646222344233408e+00,4.483749862670898523e+01,7.818079910278320277e+00,7.379999999999999893e+00,0.000000000000000000e+00
4.891695636502101152e+00,4.483749862670898523e+01,7.916908226013183558e+00,7.379999999999999893e+00,3.750000000000000000e+05
4.901287650503268090e+00,3.534967037200927820e+01,1.063749929428100671e+01,7.379999999999999893e+00,0.000000000000000000e+00
4.901459977544893931e+00,3.569432445526123132e+01,1.063749929428100671e+01,7.379999999999999893e+00,3.750000000000000000e+05
4.910703552727588850e+00,4.483749862670898523e+01,8.015736541748047728e+00,7.379999999999999893e+00,0.000000000000000000e+00
4.910752966885456594e+00,4.483749862670898523e+01,8.114564857482911009e+00,7.379999999999999893e+00,3.750000000000000000e+05
4.919648099686100728e+00,3.603898235321045007e+01,1.063749929428100671e+01,7.379999999999999893e+00,0.000000000000000000e+00
4.919820426727726570e+00,3.638363643646240320e+01,1.063749929428100671e+01,7.379999999999999893e+00,3.750000000000000000e+05
4.928367120454439032e+00,4.483749862670898523e+01,8.213394126892090696e+00,7.379999999999999893e+00,0.000000000000000000e+00
4.928416534612306776e+00,4.483749862670898523e+01,8.312222442626953978e+00,7.379999999999999893e+00,3.750000000000000000e+05
4.936614785956968454e+00,3.672829433441162195e+01,1.063749929428100671e+01,7.379999999999999893e+00,0.000000000000000000e+00
4.936787112998594296e+00,3.707294841766357507e+01,1.063749929428100671e+01,7.379999999999999893e+00,3.750000000000000000e+05
4.944636925524783067e+00,4.483749862670898523e+01,8.411050758361817259e+00,7.379999999999999893e+00,0.000000000000000000e+00
4.944686339682650811e+00,4.483749862670898523e+01,8.509879074096680540e+00,7.379999999999999893e+00,3.750000000000000000e+05
4.952187713390367563e+00,3.741760250091552820e+01,1.063749929428100671e+01,7.379999999999999893e+00,0.000000000000000000e+00
4.952360042339342350e+00,3.776226039886474695e+01,1.063749929428100671e+01,7.379999999999999893e+00,3.750000000000000000e+05
4.959512973665008317e+00,4.483749862670898523e+01,8.608707389831543821e+00,7.379999999999999893e+00,0.000000000000000000e+00
4.959562387822876062e+00,4.483749862670898523e+01,8.707535705566407103e+00,7.379999999999999893e+00,3.750000000000000000e+05
4.966366880330070011e+00,3.810691448211670007e+01,1.063749929428100671e+01,7.379999999999999893e+00,0.000000000000000000e+00
4.966539209279044798e+00,3.845157238006591882e+01,1.063749929428100671e+01,7.379999999999999893e+00,3.750000000000000000e+05
4.972995259404187962e+00,4.483749862670898523e+01,8.806364021301270384e+00,7.379999999999999893e+00,0.000000000000000000e+00
4.973044673562055706e+00,4.483749862670898523e+01,8.905192337036133665e+00,7.379999999999999893e+00,3.750000000000000000e+05
4.979152283977832383e+00,3.879622741699218835e+01,1.063749929428100671e+01,7.379999999999999893e+00,0.000000000000000000e+00
4.979324612926807170e+00,3.914088531494140710e+01,1.063749929428100671e+01,7.379999999999999893e+00,3.750000000000000000e+05
4.985083780705073409e+00,4.483749862670898523e+01,9.004021606445313353e+00,7.379999999999999893e+00,0.000000000000000000e+00
4.985133194862941153e+00,4.483749862670898523e+01,9.102849922180176634e+00,7.379999999999999893e+00,3.750000000000000000e+05
4.990543923822734484e+00,3.948553939819336023e+01,1.063749929428100671e+01,7.379999999999999893e+00,0.000000000000000000e+00
4.990716252771709271e+00,3.983019729614257898e+01,1.063749929428100671e+01,7.379999999999999893e+00,3.750000000000000000e+05
4.995778539349452707e+00,4.483749862670898523e+01,9.201678237915039915e+00,7.379999999999999893e+00,0.000000000000000000e+00
4.995827953507320451e+00,4.483749862670898523e+01,9.300506553649903196e+00,7.379999999999999893e+00,3.750000000000000000e+05
5.000541801266590980e+00,4.017485137939453210e+01,1.063749929428100671e+01,7.379999999999999893e+00,0.000000000000000000e+00
5.000714128308216821e+00,4.051950546264648523e+01,1.063749929428100671e+01,7.379999999999999893e+00,3.750000000000000000e+05
5.005079537249015331e+00,4.483749862670898523e+01,9.399334869384766478e+00,7.379999999999999893e+00,0.000000000000000000e+00
5.005128951406883075e+00,4.483749862670898523e+01,9.498163185119629759e+00,7.379999999999999893e+00,3.750000000000000000e+05
5.009145917965630801e+00,4.086416336059570398e+01,1.063749929428100671e+01,7.379999999999999893e+00,0.000000000000000000e+00
5.009318245007256643e+00,4.120881744384765710e+01,1.063749929428100671e+01,7.379999999999999893e+00,3.750000000000000000e+05
5.012986772747532349e+00,4.483749862670898523e+01,9.596991500854493040e+00,7.379999999999999893e+00,0.000000000000000000e+00
5.013036187382237330e+00,4.483749862670898523e+01,9.695820770263672728e+00,7.379999999999999893e+00,3.750000000000000000e+05
5.016356272485002599e+00,4.155347534179687585e+01,1.063749929428100671e+01,7.379999999999999893e+00,0.000000000000000000e+00
5.016528599526628440e+00,4.189812942504882898e+01,1.063749929428100671e+01,7.379999999999999893e+00,3.750000000000000000e+05
5.019500245810921690e+00,4.483749862670898523e+01,9.794649085998536009e+00,7.379999999999999893e+00,0.000000000000000000e+00
5.019549659730370372e+00,4.483749862670898523e+01,9.893476924896241087e+00,7.379999999999999893e+00,3.750000000000000000e+05
5.022172863760342665e+00,4.224278732299804773e+01,1.063749929428100671e+01,7.379999999999999893e+00,0.000000000000000000e+00
5.022345190801968506e+00,4.258744140625000085e+01,1.063749929428100671e+01,7.379999999999999893e+00,3.750000000000000000e+05
5.024619956013468780e+00,4.483749862670898523e+01,9.992305240631104368e+00,7.379999999999999893e+00,0.000000000000000000e+00
5.024669370171336524e+00,4.483749862670898523e+01,1.009113355636596765e+01,7.379999999999999893e+00,3.750000000000000000e+05
5.026595696564364779e+00,4.293209548950195398e+01,1.063749929428100671e+01,7.379999999999999893e+00,0.000000000000000000e+00
5.026768025513339566e+00,4.327675338745117273e+01,1.063749929428100671e+01,7.379999999999999893e+00,3.750000000000000000e+05
5.028345909524317037e+00,4.483749862670898523e+01,1.018996187210083093e+01,7.379999999999999893e+00,0.000000000000000000e+00
5.028395323682184781e+00,4.483749862670898523e+01,1.028879018783569421e+01,7.379999999999999893e+00,3.750000000000000000e+05
5.029624768874690233e+00,4.362140747070312585e+01,1.063749929428100671e+01,7.379999999999999893e+00,0.000000000000000000e+00
5.029797097823665020e+00,4.396606536865234460e+01,1.063749929428100671e+01,7.379999999999999893e+00,3.750000000000000000e+05
5.030678100378659146e+00,4.483749862670898523e+01,1.038761945724487390e+01,7.379999999999999893e+00,0.000000000000000000e+00
5.030727514536526890e+00,4.483749862670898523e+01,1.048644777297973718e+01,7.379999999999999893e+00,3.750000000000000000e+05
5.031260078273048997e+00,4.431071945190429773e+01,1.063749929428100671e+01,7.379999999999999893e+00,0.000000000000000000e+00
5.031432407222023784e+00,4.465537734985351648e+01,1.063749929428100671e+01,7.379999999999999893e+00,3.750000000000000000e+05
5.031616528576496883e+00,4.483749862670898523e+01,1.058527608871460046e+01,7.379999999999999893e+00,0.000000000000000000e+00
5.054492036722479043e+00,2.965631103515625200e-01,1.324987030029297075e-01,7.379999999999999893e+00,3.750000000000000000e+05
5.054657902730308905e+00,1.324987030029297075e-01,1.795434570312500200e-01,7.379999999999999893e+00,0.000000000000000000e+00
5.054707317365013886e+00,1.324987030029297075e-01,2.783727264404297075e-01,7.379999999999999893e+00,3.750000000000000000e+05
5.055221624228565247e+00,6.412191009521484020e-01,1.324987030029297075e-01,7.379999999999999893e+00,0.000000000000000000e+00
5.055393951270191089e+00,9.858731842041015270e-01,1.324987030029297075e-01,7.379999999999999893e+00,3.750000000000000000e+05
5.056256696696753927e+00,1.324987030029297075e-01,3.772000885009765825e-01,7.379999999999999893e+00,0.000000000000000000e+00
5.056306111331458908e+00,1.324987030029297075e-01,4.760293579101562700e-01,7.379999999999999893e+00,3.750000000000000000e+05
5.057517297613743246e+00,1.330529174804687464e+00,1.324987030029297075e-01,7.379999999999999893e+00,0.000000000000000000e+00
5.057689625609043560e+00,1.675185165405273402e+00,1.324987030029297075e-01,7.379999999999999893e+00,3.750000000000000000e+05
5.059249252236129202e+00,1.324987030029297075e-01,5.748567199707030895e-01,7.379999999999999893e+00,0.000000000000000000e+00
5.059298666870834182e+00,1.324987030029297075e-01,6.736859893798827770e-01,7.379999999999999893e+00,3.750000000000000000e+05
5.061206734353641323e+00,2.019841156005859339e+00,1.324987030029297075e-01,7.379999999999999893e+00,0.000000000000000000e+00
5.061379062348941638e+00,2.364497146606445277e+00,1.324987030029297075e-01,7.379999999999999893e+00,3.750000000000000000e+05
5.063635570176550083e+00,1.324987030029297075e-01,7.725133514404296520e-01,7.379999999999999893e+00,0.000000000000000000e+00
5.063684984811255063e+00,1.324987030029297075e-01,8.713426208496093395e-01,7.379999999999999893e+00,3.750000000000000000e+05
5.066289933494585007e+00,2.709153137207031214e+00,1.324987030029297075e-01,7.379999999999999893e+00,0.000000000000000000e+00
5.066462261489885321e+00,3.053809127807617152e+00,1.324987030029297075e-01,7.379999999999999893e+00,3.750000000000000000e+05
5.069415651028936765e+00,1.324987030029297075e-01,9.701718902587890270e-01,7.379999999999999893e+00,0.000000000000000000e+00
5.069465064709967272e+00,1.324987030029297075e-01,1.068999252319335902e+00,7.379999999999999893e+00,3.750000000000000000e+05
5.072766894593820020e+00,3.398465118408203089e+00,1.324987030029297075e-01,7.379999999999999893e+00,0.000000000000000000e+00
5.072939221635445861e+00,3.743119201660156214e+00,1.324987030029297075e-01,7.379999999999999893e+00,3.750000000000000000e+05
5.076589490593231169e+00,1.324987030029297075e-01,1.167828521728515589e+00,7.379999999999999893e+00,0.000000000000000000e+00
5.076638904274261677e+00,1.324987030029297075e-01,1.266655883789062464e+00,7.379999999999999893e+00,3.750000000000000000e+05
5.080637613576848288e+00,4.087775192260742152e+00,1.324987030029297075e-01,7.379999999999999893e+00,0.000000000000000000e+00
5.080809941572148603e+00,4.432431182861328089e+00,1.324987030029297075e-01,7.379999999999999893e+00,3.750000000000000000e+05
5.085157091730456713e+00,1.324987030029297075e-01,1.365485153198242152e+00,7.379999999999999893e+00,0.000000000000000000e+00
5.085206505411487221e+00,1.324987030029297075e-01,1.464312515258789027e+00,7.379999999999999893e+00,3.750000000000000000e+05
5.089902095914596636e+00,4.777087173461914027e+00,1.324987030029297075e-01,7.379999999999999893e+00,0.000000000000000000e+00
5.090074423909896950e+00,5.121743164062499964e+00,1.324987030029297075e-01,7.379999999999999893e+00,3.750000000000000000e+05
5.095118455268727864e+00,1.324987030029297075e-01,1.563141784667968714e+00,7.379999999999999893e+00,0.000000000000000000e+00
5.095167869903432845e+00,1.324987030029297075e-01,1.661971054077148402e+00,7.379999999999999893e+00,3.750000000000000000e+05
5.100560342117985257e+00,5.466399154663085902e+00,1.324987030029297075e-01,7.379999999999999893e+00,0.000000000000000000e+00
5.100732670113285572e+00,5.811055145263671839e+00,1.324987030029297075e-01,7.379999999999999893e+00,3.750000000000000000e+05
5.106473582672639289e+00,1.324987030029297075e-01,1.760798416137695277e+00,7.379999999999999893e+00,0.000000000000000000e+00
5.106522997307344269e+00,1.324987030029297075e-01,1.859627685546874964e+00,7.379999999999999893e+00,3.750000000000000000e+05
5.112612348940630547e+00,6.155709228515624964e+00,1.324987030029297075e-01,7.379999999999999893e+00,0.000000000000000000e+00
5.112784677412768097e+00,6.500366172790527308e+00,1.324987030029297075e-01,7.379999999999999893e+00,3.750000000000000000e+05
5.119222470537209801e+00,1.324987030029297075e-01,1.958456001281738246e+00,7.379999999999999893e+00,0.000000000000000000e+00
5.119271884695077546e+00,1.324987030029297075e-01,2.057284317016601527e+00,7.379999999999999893e+00,3.750000000000000000e+05
5.126058117528886626e+00,6.845021209716796839e+00,1.324987030029297075e-01,7.379999999999999893e+00,0.000000000000000000e+00
5.126230445524186941e+00,7.189677200317382777e+00,1.324987030029297075e-01,7.379999999999999893e+00,3.750000000000000000e+05
5.133365118958256978e+00,1.324987030029297075e-01,2.156112632751464808e+00,7.379999999999999893e+00,0.000000000000000000e+00
5.133414533116124723e+00,1.324987030029297075e-01,2.254940948486328089e+00,7.379999999999999893e+00,3.750000000000000000e+05
5.140897647150456606e+00,7.534333190917968714e+00,1.324987030029297075e-01,7.379999999999999893e+00,0.000000000000000000e+00
5.141069975145756921e+00,7.878989181518554652e+00,1.324987030029297075e-01,7.379999999999999893e+00,3.750000000000000000e+05
5.148901529780349762e+00,1.324987030029297075e-01,2.353769264221191371e+00,7.379999999999999893e+00,0.000000000000000000e+00
5.148950943938217506e+00,1.324987030029297075e-01,2.452597579956054652e+00,7.379999999999999893e+00,3.750000000000000000e+05
5.157130938282177723e+00,8.223644218444825071e+00,1.324987030029297075e-01,7.379999999999999893e+00,0.000000000000000000e+00
5.157303266277478038e+00,8.568300209045411009e+00,1.324987030029297075e-01,7.379999999999999893e+00,3.750000000000000000e+05
5.165831701221699213e+00,1.324987030029297075e-01,2.551425895690917933e+00,7.379999999999999893e+00,0.000000000000000000e+00
5.165881115856404193e+00,1.324987030029297075e-01,2.650255165100097621e+00,7.379999999999999893e+00,3.750000000000000000e+05
5.174757991656346867e+00,8.912956199645996946e+00,1.324987030029297075e-01,7.379999999999999893e+00,0.000000000000000000e+00
5.174930319174809945e+00,9.257611236572266478e+00,1.324987030029297075e-01,7.379999999999999893e+00,3.750000000000000000e+05
5.184155634684119107e+00,1.324987030029297075e-01,2.749083480834960902e+00,7.379999999999999893e+00,0.000000000000000000e+00
5.184205048841986851e+00,1.324987030029297075e-01,2.847911796569824183e+00,7.379999999999999893e+00,3.750000000000000000e+05
5.193778804951557859e+00,9.602267227172852415e+00,1.324987030029297075e-01,7.379999999999999893e+00,0.000000000000000000e+00
5.193951132946858174e+00,9.946923217773438353e+00,1.324987030029297075e-01,7.379999999999999893e+00,3.750000000000000000e+05
5.203873329656691027e+00,1.324987030029297075e-01,2.946740112304687464e+00,7.379999999999999893e+00,0.000000000000000000e+00
5.203922743814558771e+00,1.324987030029297075e-01,3.045568428039550746e+00,7.379999999999999893e+00,3.750000000000000000e+05
5.214193381124652582e+00,1.029157920837402429e+01,1.324987030029297075e-01,7.379999999999999893e+00,0.000000000000000000e+00
5.214365708643115660e+00,1.063623424530029382e+01,1.324987030029297075e-01,7.379999999999999893e+00,3.750000000000000000e+05
5.224984785662575959e+00,1.324987030029297075e-01,3.144396743774414027e+00,7.379999999999999893e+00,0.000000000000000000e+00
5.225034199820443703e+00,1.324987030029297075e-01,3.243225059509277308e+00,7.379999999999999893e+00,3.750000000000000000e+05
5.236001717440165848e+00,1.098089023590087976e+01,1.324987030029297075e-01,7.379999999999999893e+00,0.000000000000000000e+00
5.236174045435466162e+00,1.132554622650146570e+01,1.324987030029297075e-01,7.379999999999999893e+00,3.750000000000000000e+05
5.247490003910909806e+00,1.324987030029297075e-01,3.342054328918456996e+00,7.379999999999999893e+00,0.000000000000000000e+00
5.247539418068777550e+00,1.324987030029297075e-01,3.440882644653320277e+00,7.379999999999999893e+00,3.750000000000000000e+05
5.259203817144482151e+00,1.167020221710205163e+01,1.324987030029297075e-01,7.379999999999999893e+00,0.000000000000000000e+00
5.259376144662945229e+00,1.201485725402832117e+01,1.324987030029297075e-01,7.379999999999999893e+00,3.750000000000000000e+05
5.271388983448017207e+00,1.324987030029297075e-01,3.539710960388183558e+00,7.379999999999999893e+00,0.000000000000000000e+00
5.271438397605884951e+00,1.324987030029297075e-01,3.638539276123046839e+00,7.379999999999999893e+00,3.750000000000000000e+05
5.283799676991217886e+00,1.235951324462890710e+01,1.324987030029297075e-01,7.379999999999999893e+00,0.000000000000000000e+00
5.283972004986518201e+00,1.270416923522949304e+01,1.324987030029297075e-01,7.379999999999999893e+00,3.750000000000000000e+05
5.296681724972112981e+00,1.324987030029297075e-01,3.737367591857910121e+00,7.379999999999999893e+00,0.000000000000000000e+00
5.296731139129980725e+00,1.324987030029297075e-01,3.836195907592773402e+00,7.379999999999999893e+00,3.750000000000000000e+05
5.309789299715836464e+00,1.304882522583007898e+01,1.324987030029297075e-01,7.379999999999999893e+00,0.000000000000000000e+00
5.309961627234299542e+00,1.339348026275634851e+01,1.324987030029297075e-01,7.379999999999999893e+00,3.750000000000000000e+05
5.323368227529522656e+00,1.324987030029297075e-01,3.935024223327636683e+00,7.379999999999999893e+00,0.000000000000000000e+00
5.323417641687390400e+00,1.324987030029297075e-01,4.033852539062499964e+00,7.379999999999999893e+00,3.750000000000000000e+05
5.337172682582874472e+00,1.373813625335693445e+01,1.324987030029297075e-01,7.379999999999999893e+00,0.000000000000000000e+00
5.337345010578174787e+00,1.408279224395752038e+01,1.324987030029297075e-01,7.379999999999999893e+00,3.750000000000000000e+05
5.351448492329380358e+00,1.324987030029297075e-01,4.132681808471679652e+00,7.379999999999999893e+00,0.000000000000000000e+00
5.351497906487248102e+00,1.324987030029297075e-01,4.231510124206542933e+00,7.379999999999999893e+00,3.750000000000000000e+05
5.365949828838715518e+00,1.442744823455810632e+01,1.324987030029297075e-01,7.379999999999999893e+00,0.000000000000000000e+00
5.366122156595597659e+00,1.477210374832153406e+01,1.324987030029297075e-01,7.379999999999999893e+00,3.750000000000000000e+05
5.380922519101878798e+00,1.324987030029297075e-01,4.330338439941406214e+00,7.379999999999999893e+00,0.000000000000000000e+00
5.380971933259746542e+00,1.324987030029297075e-01,4.429166755676269496e+00,7.379999999999999893e+00,3.750000000000000000e+05
5.396120736366289528e+00,1.511675973892211999e+01,1.324987030029297075e-01,7.379999999999999893e+00,0.000000000000000000e+00
5.396293064361589842e+00,1.546141572952270593e+01,1.324987030029297075e-01,7.379999999999999893e+00,3.750000000000000000e+05
5.411790308068393784e+00,1.324987030029297075e-01,4.527995071411132777e+00,7.379999999999999893e+00,0.000000000000000000e+00
5.411839722226261529e+00,1.324987030029297075e-01,4.626823387145996058e+00,7.379999999999999893e+00,3.750000000000000000e+05
5.427685406533327317e+00,1.580607172012329187e+01,1.324987030029297075e-01,7.379999999999999893e+00,0.000000000000000000e+00
5.427857734051790395e+00,1.615072675704956140e+01,1.324987030029297075e-01,7.379999999999999893e+00,3.750000000000000000e+05
5.444051858323682325e+00,1.324987030029297075e-01,4.725652656555175746e+00,7.379999999999999893e+00,0.000000000000000000e+00
5.444101272481550069e+00,1.324987030029297075e-01,4.824480972290039027e+00,7.379999999999999893e+00,3.750000000000000000e+05
5.460643837353703844e+00,1.649538274765014734e+01,1.324987030029297075e-01,7.379999999999999893e+00,0.000000000000000000e+00
5.460816165349004159e+00,1.684003873825073327e+01,1.324987030029297075e-01,7.379999999999999893e+00,3.750000000000000000e+05
5.477707170821419780e+00,1.324987030029297075e-01,4.923309288024902308e+00,7.379999999999999893e+00,0.000000000000000000e+00
5.477756584979287524e+00,1.324987030029297075e-01,5.022137603759765589e+00,7.379999999999999893e+00,3.750000000000000000e+05
5.494996031051964103e+00,1.718469472885131921e+01,1.324987030029297075e-01,7.379999999999999893e+00,0.000000000000000000e+00
5.495168359047264417e+00,1.752935071945190515e+01,1.324987030029297075e-01,7.379999999999999893e+00,3.750000000000000000e+05
5.512756245720202841e+00,1.324987030029297075e-01,5.120965919494628871e+00,7.379999999999999893e+00,0.000000000000000000e+00
5.512805659878070585e+00,1.324987030029297075e-01,5.219794235229492152e+00,7.379999999999999893e+00,3.750000000000000000e+05
5.530741987151269967e+00,1.787400671005249109e+01,1.324987030029297075e-01,7.379999999999999893e+00,0.000000000000000000e+00
5.530914314192895809e+00,1.821866079330444421e+01,1.324987030029297075e-01,7.379999999999999893e+00,3.750000000000000000e+05
5.549199080284567209e+00,1.324987030029297075e-01,5.318622550964355433e+00,7.379999999999999893e+00,0.000000000000000000e+00
5.549248494919272190e+00,1.324987030029297075e-01,5.417451820373535121e+00,7.379999999999999893e+00,3.750000000000000000e+05
5.567881701866665090e+00,1.856331678390503015e+01,1.324987030029297075e-01,7.379999999999999893e+00,0.000000000000000000e+00
5.568054029861965404e+00,1.890797277450561609e+01,1.324987030029297075e-01,7.379999999999999893e+00,3.750000000000000000e+05
5.587035677409620149e+00,1.324987030029297075e-01,5.516280136108398402e+00,7.379999999999999893e+00,0.000000000000000000e+00
5.587085091567487893e+00,1.324987030029297075e-01,5.615108451843261683e+00,7.379999999999999893e+00,3.750000000000000000e+05
5.606415179715403596e+00,1.925262876510620202e+01,1.324987030029297075e-01,7.379999999999999893e+00,0.000000000000000000e+00
5.606587507710703910e+00,1.959728475570678796e+01,1.324987030029297075e-01,7.379999999999999893e+00,3.750000000000000000e+05
5.626266036458881459e+00,1.324987030029297075e-01,5.713936767578124964e+00,7.379999999999999893e+00,0.000000000000000000e+00
5.626315450616749203e+00,1.324987030029297075e-01,5.812765083312988246e+00,7.379999999999999893e+00,3.750000000000000000e+05
5.646342419965187709e+00,1.994194074630737390e+01,1.324987030029297075e-01,7.379999999999999893e+00,0.000000000000000000e+00
5.646514747960488023e+00,2.028659673690795984e+01,1.324987030029297075e-01,7.379999999999999893e+00,3.750000000000000000e+05
5.666890157909188375e+00,1.324987030029297075e-01,5.911593399047851527e+00,7.379999999999999893e+00,0.000000000000000000e+00
5.666939572067056119e+00,1.324987030029297075e-01,6.010421714782714808e+00,7.379999999999999893e+00,3.750000000000000000e+05
5.687663422504655841e+00,2.063125260829925622e+01,1.324987030029297075e-01,7.379999999999999893e+00,0.000000000000000000e+00
5.687835749546281683e+00,2.097590669155120935e+01,1.324987030029297075e-01,7.379999999999999893e+00,3.750000000000000000e+05
5.708908038802353424e+00,1.324987030029297075e-01,6.109250030517578089e+00,7.379999999999999893e+00,0.000000000000000000e+00
5.708957453437058405e+00,1.324987030029297075e-01,6.208079299926757777e+00,7.379999999999999893e+00,3.750000000000000000e+05
5.730378183548851645e+00,2.132056268215179529e+01,1.324987030029297075e-01,7.379999999999999893e+00,0.000000000000000000e+00
5.730550511573953898e+00,2.166521873235702600e+01,1.324987030029297075e-01,7.379999999999999893e+00,3.750000000000000000e+05
5.752319682341689777e+00,1.324987030029297075e-01,6.306907615661621058e+00,7.379999999999999893e+00,0.000000000000000000e+00
5.752369096499557521e+00,1.324987030029297075e-01,6.405735931396484339e+00,7.379999999999999893e+00,3.750000000000000000e+05
5.774486707839714406e+00,2.200987469315528955e+01,1.324987030029297075e-01,7.379999999999999893e+00,0.000000000000000000e+00
5.774659035842465649e+00,2.235453069865703668e+01,1.324987030029297075e-01,7.379999999999999893e+00,3.750000000000000000e+05
5.797125087796803911e+00,1.324987030029297075e-01,6.504564247131347621e+00,7.379999999999999893e+00,0.000000000000000000e+00
5.797174501954671655e+00,1.324987030029297075e-01,6.603392562866210902e+00,7.379999999999999893e+00,3.750000000000000000e+05
5.819988994509271762e+00,2.269918668925762262e+01,1.324987030029297075e-01,7.379999999999999893e+00,0.000000000000000000e+00
5.820161322512023006e+00,2.304384269475936975e+01,1.324987030029297075e-01,7.379999999999999893e+00,3.750000000000000000e+05
5.843324255680804491e+00,1.324987030029297075e-01,6.702220878601074183e+00,7.379999999999999893e+00,0.000000000000000000e+00
5.843373669838672235e+00,1.324987030029297075e-01,6.801049194335937464e+00,7.379999999999999893e+00,3.750000000000000000e+05
5.866885043607715566e+00,2.338849868535995569e+01,1.324987030029297075e-01,7.379999999999999893e+00,0.000000000000000000e+00
5.867057370619539469e+00,2.373315270900726404e+01,1.324987030029297075e-01,7.379999999999999893e+00,3.750000000000000000e+05
5.890917183406833679e+00,1.324987030029297075e-01,6.899878463745117152e+00,7.379999999999999893e+00,0.000000000000000000e+00
5.890966597564701424e+00,1.324987030029297075e-01,6.998706779479980433e+00,7.379999999999999893e+00,3.750000000000000000e+05
5.915174850952256591e+00,2.407780869960784997e+01,1.324987030029297075e-01,7.379999999999999893e+00,0.000000000000000000e+00
5.915347178947556905e+00,2.442246469020843591e+01,1.324987030029297075e-01,7.379999999999999893e+00,3.750000000000000000e+05
5.939903872935373919e+00,1.324987030029297075e-01,7.097535095214843714e+00,7.379999999999999893e+00,0.000000000000000000e+00
5.939953287093241663e+00,1.324987030029297075e-01,7.196363410949706996e+00,7.379999999999999893e+00,3.750000000000000000e+05
5.964858421792682108e+00,2.476712080001831140e+01,1.324987030029297075e-01,7.379999999999999893e+00,0.000000000000000000e+00
5.965030749787982423e+00,2.511177679061889734e+01,1.324987030029297075e-01,7.379999999999999893e+00,3.750000000000000000e+05
5.990284325087683825e+00,1.324987030029297075e-01,7.295191726684570277e+00,7.379999999999999893e+00,0.000000000000000000e+00
5.990333739245551570e+00,1.324987030029297075e-01,7.394020042419433558e+00,7.379999999999999893e+00,3.750000000000000000e+05
6.015935755145514818e+00,2.545643278121948327e+01,1.324987030029297075e-01,7.379999999999999893e+00,0.000000000000000000e+00
6.016108083140815133e+00,2.580108877182006921e+01,1.324987030029297075e-01,7.379999999999999893e+00,3.750000000000000000e+05
6.042058539641039339e+00,1.324987030029297075e-01,7.492848358154296839e+00,7.379999999999999893e+00,0.000000000000000000e+00
6.042107954275744319e+00,1.324987030029297075e-01,7.591677627563476527e+00,7.379999999999999893e+00,3.750000000000000000e+05
6.068406851631690024e+00,2.614574476242065515e+01,1.324987030029297075e-01,7.379999999999999893e+00,0.000000000000000000e+00
6.068579178673315866e+00,2.649039884567260827e+01,1.324987030029297075e-01,7.379999999999999893e+00,3.750000000000000000e+05
6.095226514847733590e+00,1.324987030029297075e-01,7.690505943298339808e+00,7.379999999999999893e+00,0.000000000000000000e+00
6.095275929005601334e+00,1.324987030029297075e-01,7.789334259033203089e+00,7.379999999999999893e+00,3.750000000000000000e+05
6.122271705780280904e+00,2.683505483627319421e+01,1.324987030029297075e-01,7.379999999999999893e+00,0.000000000000000000e+00
6.122444033775581218e+00,2.717971082687378015e+01,1.324987030029297075e-01,7.379999999999999893e+00,3.750000000000000000e+05
6.149788251150522633e+00,1.324987030029297075e-01,7.888162574768066371e+00,7.379999999999999893e+00,0.000000000000000000e+00
6.149837665308390378e+00,1.324987030029297075e-01,7.986990890502929652e+00,7.379999999999999893e+00,3.750000000000000000e+05
6.177530323283592750e+00,2.752436681747436609e+01,1.324987030029297075e-01,7.379999999999999893e+00,0.000000000000000000e+00
6.177702651278893065e+00,2.786902280807495202e+01,1.324987030029297075e-01,7.379999999999999893e+00,3.750000000000000000e+05
6.205743749854357283e+00,1.324987030029297075e-01,8.085819206237793821e+00,7.379999999999999893e+00,0.000000000000000000e+00
6.205793164489062264e+00,1.324987030029297075e-01,8.184648475646973509e+00,7.379999999999999893e+00,3.750000000000000000e+05
6.234182703920247981e+00,2.821367879867553796e+01,1.324987030029297075e-01,7.379999999999999893e+00,0.000000000000000000e+00
6.234355031915548295e+00,2.855833478927612390e+01,1.324987030029297075e-01,7.379999999999999893e+00,3.750000000000000000e+05
6.263093011946994970e+00,1.324987030029297075e-01,8.283476791381836790e+00,7.379999999999999893e+00,0.000000000000000000e+00
6.263142426104862714e+00,1.324987030029297075e-01,8.382305107116700071e+00,7.379999999999999893e+00,3.750000000000000000e+05
6.292228846736571235e+00,2.890299077987670984e+01,1.324987030029297075e-01,7.379999999999999893e+00,0.000000000000000000e+00
6.292401173778197077e+00,2.924764486312866296e+01,1.324987030029297075e-01,7.379999999999999893e+00,3.750000000000000000e+05
6.321836033228377616e+00,1.324987030029297075e-01,8.481133422851563353e+00,7.379999999999999893e+00,0.000000000000000000e+00
6.321885447386245360e+00,1.324987030029297075e-01,8.579961738586426634e+00,7.379999999999999893e+00,3.750000000000000000e+05
6.351668747436686857e+00,2.959230085372924890e+01,1.324987030029297075e-01,7.379999999999999893e+00,0.000000000000000000e+00
6.351841075431987171e+00,2.993695684432983484e+01,1.324987030029297075e-01,7.379999999999999893e+00,3.750000000000000000e+05
6.381972816082690514e+00,1.324987030029297075e-01,8.678790054321289915e+00,7.379999999999999893e+00,0.000000000000000000e+00
6.382022230240558258e+00,1.324987030029297075e-01,8.777618370056153196e+00,7.379999999999999893e+00,3.750000000000000000e+05
6.412502411491522558e+00,3.028161283493042077e+01,1.324987030029297075e-01,7.379999999999999893e+00,0.000000000000000000e+00
6.412674739248404698e+00,3.062626834869384851e+01,1.324987030029297075e-01,7.379999999999999893e+00,3.750000000000000000e+05
6.443503360909643263e+00,1.324987030029297075e-01,8.876447639465332884e+00,7.379999999999999893e+00,0.000000000000000000e+00
6.443552775067511007e+00,1.324987030029297075e-01,8.975275955200196165e+00,7.379999999999999893e+00,3.750000000000000000e+05
6.474729837329011417e+00,3.097092433929443445e+01,1.324987030029297075e-01,7.379999999999999893e+00,0.000000000000000000e+00
6.474902165324311731e+00,3.131558032989502038e+01,1.324987030029297075e-01,7.379999999999999893e+00,3.750000000000000000e+05
6.506427668186073099e+00,1.324987030029297075e-01,9.074104270935059446e+00,7.379999999999999893e+00,0.000000000000000000e+00
6.506477082343940843e+00,1.324987030029297075e-01,9.172932586669922728e+00,7.379999999999999893e+00,3.750000000000000000e+05
6.538351025805964056e+00,3.166023632049560632e+01,1.324987030029297075e-01,7.379999999999999893e+00,0.000000000000000000e+00
6.538523352847589898e+00,3.200489040374755945e+01,1.324987030029297075e-01,7.379999999999999893e+00,3.750000000000000000e+05
6.570745735128085130e+00,1.324987030029297075e-01,9.271760902404786009e+00,7.379999999999999893e+00,0.000000000000000000e+00
6.570795149285952874e+00,1.324987030029297075e-01,9.370589218139649290e+00,7.379999999999999893e+00,3.750000000000000000e+05
6.603365973948498890e+00,3.234954830169677820e+01,1.324987030029297075e-01,7.379999999999999893e+00,0.000000000000000000e+00
6.603538300990124732e+00,3.269420238494873132e+01,1.324987030029297075e-01,7.379999999999999893e+00,3.750000000000000000e+05
6.636457564471142767e+00,1.324987030029297075e-01,9.469417533874512571e+00,7.379999999999999893e+00,0.000000000000000000e+00
6.636506979105847748e+00,1.324987030029297075e-01,9.568246803283692259e+00,7.379999999999999893e+00,3.750000000000000000e+05
6.669774685224376221e+00,3.303886028289795007e+01,1.324987030029297075e-01,7.379999999999999893e+00,0.000000000000000000e+00
6.669947012266002062e+00,3.338351436614990320e+01,1.324987030029297075e-01,7.379999999999999893e+00,3.750000000000000000e+05
6.703563157203002554e+00,1.324987030029297075e-01,9.667075119018555540e+00,7.379999999999999893e+00,0.000000000000000000e+00
6.703612571360870298e+00,1.324987030029297075e-01,9.765903434753418821e+00,7.379999999999999893e+00,3.750000000000000000e+05
6.737577155116343697e+00,3.372816844940185632e+01,1.324987030029297075e-01,7.379999999999999893e+00,0.000000000000000000e+00
6.737749484065318484e+00,3.407282634735107507e+01,1.324987030029297075e-01,7.379999999999999893e+00,3.750000000000000000e+05
6.772062510202842667e+00,1.324987030029297075e-01,9.864731750488282103e+00,7.379999999999999893e+00,0.000000000000000000e+00
6.772111924122291349e+00,1.324987030029297075e-01,9.963559589385987181e+00,7.379999999999999893e+00,3.750000000000000000e+05
6.806773388950557724e+00,3.441748043060302820e+01,1.324987030029297075e-01,7.379999999999999893e+00,0.000000000000000000e+00
6.806945717899532511e+00,3.476213832855224695e+01,1.324987030029297075e-01,7.379999999999999893e+00,3.750000000000000000e+05
6.841955625109848782e+00,1.324987030029297075e-01,1.006238790512085046e+01,7.379999999999999893e+00,0.000000000000000000e+00
6.842005039267716526e+00,1.324987030029297075e-01,1.016121622085571374e+01,7.379999999999999893e+00,3.750000000000000000e+05
6.877363385296505705e+00,3.510679241180420007e+01,1.324987030029297075e-01,7.379999999999999893e+00,0.000000000000000000e+00
6.877535714245480492e+00,3.545145030975341882e+01,1.324987030029297075e-01,7.379999999999999893e+00,3.750000000000000000e+05
6.913242502656320454e+00,1.324987030029297075e-01,1.026004453659057702e+01,7.379999999999999893e+00,0.000000000000000000e+00
6.913291917291025435e+00,1.324987030029297075e-01,1.035887380599975671e+01,7.379999999999999893e+00,3.750000000000000000e+05
6.949347144775797069e+00,3.579610439300537195e+01,1.324987030029297075e-01,7.379999999999999893e+00,0.000000000000000000e+00
6.949519471817422911e+00,3.614075847625732507e+01,1.324987030029297075e-01,7.379999999999999893e+00,3.750000000000000000e+05
6.985923138120666565e+00,1.324987030029297075e-01,1.045770212173461999e+01,7.379999999999999893e+00,0.000000000000000000e+00
6.985972552278534309e+00,1.324987030029297075e-01,1.055653043746948327e+01,7.379999999999999893e+00,3.750000000000000000e+05
7.022724660963828747e+00,3.648541637420654382e+01,1.324987030029297075e-01,7.379999999999999893e+00,0.000000000000000000e+00
7.022896988005454588e+00,3.683007045745849695e+01,1.324987030029297075e-01,7.379999999999999893e+00,3.750000000000000000e+05
7.059934567181800347e+00,1.947831726074218950e-01,1.063749929428100671e+01,7.379999999999999893e+00,0.000000000000000000e+00
7.060106895177100661e+00,5.394391632080077770e-01,1.063749929428100671e+01,7.379999999999999893e+00,3.750000000000000000e+05
7.097144476135235358e+00,3.717472835540771570e+01,1.324987030029297075e-01,7.379999999999999893e+00,0.000000000000000000e+00
7.097316803176861200e+00,3.751938243865966882e+01,1.324987030029297075e-01,7.379999999999999893e+00,3.750000000000000000e+05
7.134354382353206958e+00,8.840951538085937145e-01,1.063749929428100671e+01,7.379999999999999893e+00,0.000000000000000000e+00
7.134526710348507272e+00,1.228751144409179652e+00,1.063749929428100671e+01,7.379999999999999893e+00,3.750000000000000000e+05
7.171564291306641969e+00,3.786404033660888757e+01,1.324987030029297075e-01,7.379999999999999893e+00,0.000000000000000000e+00
7.171736618348267811e+00,3.820869441986084070e+01,1.324987030029297075e-01,7.379999999999999893e+00,3.750000000000000000e+05
7.208774197524613569e+00,1.573407135009765589e+00,1.063749929428100671e+01,7.379999999999999893e+00,0.000000000000000000e+00
7.208946525519913884e+00,1.918063125610351527e+00,1.063749929428100671e+01,7.379999999999999893e+00,3.750000000000000000e+05
7.245984107368943050e+00,3.855335327148437585e+01,1.324987030029297075e-01,7.379999999999999893e+00,0.000000000000000000e+00
7.246156434410568892e+00,3.889800735473632898e+01,1.324987030029297075e-01,7.379999999999999893e+00,3.750000000000000000e+05
7.283194016259598058e+00,2.262717208862304652e+00,1.063749929428100671e+01,7.379999999999999893e+00,0.000000000000000000e+00
7.283366344254898372e+00,2.607373199462890589e+00,1.063749929428100671e+01,7.379999999999999893e+00,3.750000000000000000e+05
7.320403924322138600e+00,3.924266143798828210e+01,1.324987030029297075e-01,7.379999999999999893e+00,0.000000000000000000e+00
7.320576253271113387e+00,3.958731933593750085e+01,1.324987030029297075e-01,7.379999999999999893e+00,3.750000000000000000e+05
7.357613835120142554e+00,2.952029190063476527e+00,1.063749929428100671e+01,7.379999999999999893e+00,0.000000000000000000e+00
7.357786163115442868e+00,3.296685180664062464e+00,1.063749929428100671e+01,7.379999999999999893e+00,3.750000000000000000e+05
7.394823743182683096e+00,3.993197341918945398e+01,1.324987030029297075e-01,7.379999999999999893e+00,0.000000000000000000e+00
7.394996072131657883e+00,4.027663131713867273e+01,1.324987030029297075e-01,7.379999999999999893e+00,3.750000000000000000e+05
7.432033653980687049e+00,3.641341171264648402e+00,1.063749929428100671e+01,7.379999999999999893e+00,0.000000000000000000e+00
7.432205981975987363e+00,3.985997161865234339e+00,1.063749929428100671e+01,7.379999999999999893e+00,3.750000000000000000e+05
7.469243562043227591e+00,4.062128540039062585e+01,1.324987030029297075e-01,7.379999999999999893e+00,0.000000000000000000e+00
7.469415890992202378e+00,4.096594329833984460e+01,1.324987030029297075e-01,7.379999999999999893e+00,3.750000000000000000e+05
7.506453472841231545e+00,4.330653152465820277e+00,1.063749929428100671e+01,7.379999999999999893e+00,0.000000000000000000e+00
7.506625799882857386e+00,4.675307235717773402e+00,1.063749929428100671e+01,7.379999999999999893e+00,3.750000000000000000e+05
7.543663381731886552e+00,4.131059738159179773e+01,1.324987030029297075e-01,7.379999999999999893e+00,0.000000000000000000e+00
7.543835708773512394e+00,4.165525146484375085e+01,1.324987030029297075e-01,7.379999999999999893e+00,3.750000000000000000e+05
7.580873288840752622e+00,5.019963226318359339e+00,1.063749929428100671e+01,7.379999999999999893e+00,0.000000000000000000e+00
7.581045616836052936e+00,5.364619216918945277e+00,1.063749929428100671e+01,7.379999999999999893e+00,3.750000000000000000e+05
7.618083198685082102e+00,4.199990936279296960e+01,1.324987030029297075e-01,7.379999999999999893e+00,0.000000000000000000e+00
7.618255525726707944e+00,4.234456344604492273e+01,1.324987030029297075e-01,7.379999999999999893e+00,3.750000000000000000e+05
7.655293105793948172e+00,5.709275207519531214e+00,1.063749929428100671e+01,7.379999999999999893e+00,0.000000000000000000e+00
7.655465433789248486e+00,6.053931198120117152e+00,1.063749929428100671e+01,7.379999999999999893e+00,3.750000000000000000e+05
7.692503015638277652e+00,4.268922134399414148e+01,1.324987030029297075e-01,7.379999999999999893e+00,0.000000000000000000e+00
7.692675342679903494e+00,4.303387542724609460e+01,1.324987030029297075e-01,7.379999999999999893e+00,3.750000000000000000e+05
7.729712922747143722e+00,6.398587188720703089e+00,1.063749929428100671e+01,7.379999999999999893e+00,0.000000000000000000e+00
7.729885250265606800e+00,6.743242225646972621e+00,1.063749929428100671e+01,7.379999999999999893e+00,3.750000000000000000e+05
7.766922833005530435e+00,4.337853332519531335e+01,1.324987030029297075e-01,7.379999999999999893e+00,0.000000000000000000e+00
7.767095160047156277e+00,4.372318740844726648e+01,1.324987030029297075e-01,7.379999999999999893e+00,3.750000000000000000e+05
7.804132741005290974e+00,7.087898216247558558e+00,1.063749929428100671e+01,7.379999999999999893e+00,0.000000000000000000e+00
7.804305069000591288e+00,7.432554206848144496e+00,1.063749929428100671e+01,7.379999999999999893e+00,3.750000000000000000e+05
7.841342651740514924e+00,4.406784530639648523e+01,1.324987030029297075e-01,7.379999999999999893e+00,0.000000000000000000e+00
7.841514978782140766e+00,4.441249938964843835e+01,1.324987030029297075e-01,7.379999999999999893e+00,3.750000000000000000e+05
7.878552559740275463e+00,7.777210197448730433e+00,1.063749929428100671e+01,7.379999999999999893e+00,0.000000000000000000e+00
7.878724887258738541e+00,8.121865234375000853e+00,1.063749929428100671e+01,7.379999999999999893e+00,3.750000000000000000e+05
7.915762467325978768e+00,4.475715347290039148e+01,1.324987030029297075e-01,7.379999999999999893e+00,0.000000000000000000e+00
7.915817693065611671e+00,4.483749862670898523e+01,2.082891082763672075e-01,7.379999999999999893e+00,3.750000000000000000e+05
7.952588059770231865e+00,8.466521224975586790e+00,1.063749929428100671e+01,7.379999999999999893e+00,0.000000000000000000e+00
7.952760387765532180e+00,8.811177215576172728e+00,1.063749929428100671e+01,7.379999999999999893e+00,3.750000000000000000e+05
7.989182313614431763e+00,4.483749862670898523e+01,3.071183776855468950e-01,7.379999999999999893e+00,0.000000000000000000e+00
7.989231727295462271e+00,4.483749862670898523e+01,4.059457397460937700e-01,7.379999999999999893e+00,3.750000000000000000e+05
8.025305213690455020e+00,9.155832252502442259e+00,1.063749929428100671e+01,7.379999999999999893e+00,0.000000000000000000e+00
8.025477541685754446e+00,9.500488243103028196e+00,1.063749929428100671e+01,7.379999999999999893e+00,3.750000000000000000e+05
8.061202587225025695e+00,4.483749862670898523e+01,5.047750091552734020e-01,7.379999999999999893e+00,0.000000000000000000e+00
8.061252000906055315e+00,4.483749862670898523e+01,6.036023712158202770e-01,7.379999999999999893e+00,3.750000000000000000e+05
8.096628606100525261e+00,9.845144233703614134e+00,1.063749929428100671e+01,7.379999999999999893e+00,0.000000000000000000e+00
8.096800934095824687e+00,1.018980022430420007e+01,1.063749929428100671e+01,7.379999999999999893e+00,3.750000000000000000e+05
8.131829098434572245e+00,4.483749862670898523e+01,7.024316406249999645e-01,7.379999999999999893e+00,0.000000000000000000e+00
8.131878512115601865e+00,4.483749862670898523e+01,8.012590026855468395e-01,7.379999999999999893e+00,3.750000000000000000e+05
8.166558237000442588e+00,1.053445526123046960e+01,1.063749929428100671e+01,7.379999999999999893e+00,0.000000000000000000e+00
8.166730564995742014e+00,1.087911125183105554e+01,1.063749929428100671e+01,7.379999999999999893e+00,3.750000000000000000e+05
8.201061849024862127e+00,4.483749862670898523e+01,9.000882720947265270e-01,7.379999999999999893e+00,0.000000000000000000e+00
8.201111263659566220e+00,4.483749862670898523e+01,9.989175415039062145e-01,7.379999999999999893e+00,3.750000000000000000e+05
8.235094106832963945e+00,1.122376724243164148e+01,1.063749929428100671e+01,7.379999999999999893e+00,0.000000000000000000e+00
8.235266434828263371e+00,1.156842323303222742e+01,1.063749929428100671e+01,7.379999999999999893e+00,3.750000000000000000e+05
8.268900837656859792e+00,4.483749862670898523e+01,1.097744903564453089e+00,7.379999999999999893e+00,0.000000000000000000e+00
8.268950252291563885e+00,4.483749862670898523e+01,1.196574172973632777e+00,7.379999999999999893e+00,3.750000000000000000e+05
8.302236215155334165e+00,1.191307826995849695e+01,1.063749929428100671e+01,7.379999999999999893e+00,0.000000000000000000e+00
8.302408543150633591e+00,1.225773426055908288e+01,1.063749929428100671e+01,7.379999999999999893e+00,3.750000000000000000e+05
8.335346065669602567e+00,4.483749862670898523e+01,1.295401535034179652e+00,7.379999999999999893e+00,0.000000000000000000e+00
8.335395480304306659e+00,4.483749862670898523e+01,1.394230804443359339e+00,7.379999999999999893e+00,3.750000000000000000e+05
8.367984561967553248e+00,1.260239025115966882e+01,1.063749929428100671e+01,7.379999999999999893e+00,0.000000000000000000e+00
8.368156889962852674e+00,1.294704624176025476e+01,1.063749929428100671e+01,7.379999999999999893e+00,3.750000000000000000e+05
8.400397531281297958e+00,4.483749862670898523e+01,1.493058166503906214e+00,7.379999999999999893e+00,0.000000000000000000e+00
8.400446945916002051e+00,4.483749862670898523e+01,1.591887435913085902e+00,7.379999999999999893e+00,3.750000000000000000e+05
8.432339147269621193e+00,1.329170127868652429e+01,1.063749929428100671e+01,7.379999999999999893e+00,0.000000000000000000e+00
8.432511475264920620e+00,1.363635726928711023e+01,1.063749929428100671e+01,7.379999999999999893e+00,3.750000000000000000e+05
8.464055235762819152e+00,4.483749862670898523e+01,1.690716705322265589e+00,7.379999999999999893e+00,0.000000000000000000e+00
8.464104649443848771e+00,4.483749862670898523e+01,1.789544067382812464e+00,7.379999999999999893e+00,3.750000000000000000e+05
8.495299969596944223e+00,1.398101325988769617e+01,1.063749929428100671e+01,7.379999999999999893e+00,0.000000000000000000e+00
8.495472297592243649e+00,1.432566925048828210e+01,1.063749929428100671e+01,7.379999999999999893e+00,3.750000000000000000e+05
8.526319177145078143e+00,4.483749862670898523e+01,1.888372383117675746e+00,7.379999999999999893e+00,0.000000000000000000e+00
8.526368591302945887e+00,4.483749862670898523e+01,1.987200698852539027e+00,7.379999999999999893e+00,3.750000000000000000e+05
8.556867030700965771e+00,1.467032476425170984e+01,1.063749929428100671e+01,7.379999999999999893e+00,0.000000000000000000e+00
8.557039358696265197e+00,1.501498075485229577e+01,1.063749929428100671e+01,7.379999999999999893e+00,3.750000000000000000e+05
8.587189357238564469e+00,4.483749862670898523e+01,2.086029968261718714e+00,7.379999999999999893e+00,0.000000000000000000e+00
8.587238771396432213e+00,4.483749862670898523e+01,2.184858283996581996e+00,7.379999999999999893e+00,3.750000000000000000e+05
8.617040329338470528e+00,1.535963674545288171e+01,1.063749929428100671e+01,7.379999999999999893e+00,0.000000000000000000e+00
8.617212657333769954e+00,1.570429273605346765e+01,1.063749929428100671e+01,7.379999999999999893e+00,3.750000000000000000e+05
8.646665774675545535e+00,4.483749862670898523e+01,2.283686599731445277e+00,7.379999999999999893e+00,0.000000000000000000e+00
8.646715188833413279e+00,4.483749862670898523e+01,2.382514915466308558e+00,7.379999999999999893e+00,3.750000000000000000e+05
8.675819866465822372e+00,1.604894777297973718e+01,1.063749929428100671e+01,7.379999999999999893e+00,0.000000000000000000e+00
8.675992194937959923e+00,1.639360471725463952e+01,1.063749929428100671e+01,7.379999999999999893e+00,3.750000000000000000e+05
8.704748431079213589e+00,4.483749862670898523e+01,2.481343231201171839e+00,7.379999999999999893e+00,0.000000000000000000e+00
8.704797845237081333e+00,4.483749862670898523e+01,2.580171546936035121e+00,7.379999999999999893e+00,3.750000000000000000e+05
8.733205642559862980e+00,1.673825880050659265e+01,1.063749929428100671e+01,7.379999999999999893e+00,0.000000000000000000e+00
8.733377970555162406e+00,1.708291479110717859e+01,1.063749929428100671e+01,7.379999999999999893e+00,3.750000000000000000e+05
8.761437327277683096e+00,4.483749862670898523e+01,2.678999862670898402e+00,7.379999999999999893e+00,0.000000000000000000e+00
8.761486741912387188e+00,4.483749862670898523e+01,2.777829132080078089e+00,7.379999999999999893e+00,3.750000000000000000e+05
8.789197657779185491e+00,1.742757078170776452e+01,1.063749929428100671e+01,7.379999999999999893e+00,0.000000000000000000e+00
8.789369985774484917e+00,1.777222677230835046e+01,1.063749929428100671e+01,7.379999999999999893e+00,3.750000000000000000e+05
8.816732461041022262e+00,4.483749862670898523e+01,2.876657447814941371e+00,7.379999999999999893e+00,0.000000000000000000e+00
8.816781875198890006e+00,4.483749862670898523e+01,2.975485763549804652e+00,7.379999999999999893e+00,3.750000000000000000e+05
8.843795909865166394e+00,1.811688276290893640e+01,1.063749929428100671e+01,7.379999999999999893e+00,0.000000000000000000e+00
8.843968237860465820e+00,1.846153875350952234e+01,1.063749929428100671e+01,7.379999999999999893e+00,3.750000000000000000e+05
8.870633831926479473e+00,4.483749862670898523e+01,3.074314079284667933e+00,7.379999999999999893e+00,0.000000000000000000e+00
8.870683246084347218e+00,4.483749862670898523e+01,3.173142395019531214e+00,7.379999999999999893e+00,3.750000000000000000e+05
8.897000399550099914e+00,1.880619474411010827e+01,1.063749929428100671e+01,7.379999999999999893e+00,0.000000000000000000e+00
8.897172727545399340e+00,1.915085073471069421e+01,1.063749929428100671e+01,7.379999999999999893e+00,3.750000000000000000e+05
8.923141440410891079e+00,4.483749862670898523e+01,3.271970710754394496e+00,7.379999999999999893e+00,0.000000000000000000e+00
8.923190854568758823e+00,4.483749862670898523e+01,3.370799026489257777e+00,7.379999999999999893e+00,3.750000000000000000e+05
8.948811128615778543e+00,1.949550481796264734e+01,1.063749929428100671e+01,7.379999999999999893e+00,0.000000000000000000e+00
8.948983456611077969e+00,1.984016080856323327e+01,1.063749929428100671e+01,7.379999999999999893e+00,3.750000000000000000e+05
8.974255289802375302e+00,4.483749862670898523e+01,3.469628295898437464e+00,7.379999999999999893e+00,0.000000000000000000e+00
8.974304703960243046e+00,4.483749862670898523e+01,3.568456611633300746e+00,7.379999999999999893e+00,3.750000000000000000e+05
8.999228096551279421e+00,2.018481679916381921e+01,1.063749929428100671e+01,7.379999999999999893e+00,0.000000000000000000e+00
8.999400424486974970e+00,2.052947267055511560e+01,1.063749929428100671e+01,7.379999999999999893e+00,3.750000000000000000e+05
9.023975376589111974e+00,4.483749862670898523e+01,3.667284927368164027e+00,7.379999999999999893e+00,0.000000000000000000e+00
9.024024790746979718e+00,4.483749862670898523e+01,3.766113243103027308e+00,7.379999999999999893e+00,3.750000000000000000e+05
9.048251302248855765e+00,2.087412866115570154e+01,1.063749929428100671e+01,7.379999999999999893e+00,0.000000000000000000e+00
9.048423630244155191e+00,2.121878465175628747e+01,1.063749929428100671e+01,7.379999999999999893e+00,3.750000000000000000e+05
9.072301701145768504e+00,4.483749862670898523e+01,3.864941558837890589e+00,7.379999999999999893e+00,0.000000000000000000e+00
9.072351115303636249e+00,4.483749862670898523e+01,3.963769874572753871e+00,7.379999999999999893e+00,3.750000000000000000e+05
9.095880745549306923e+00,2.156344070196151819e+01,1.063749929428100671e+01,7.379999999999999893e+00,0.000000000000000000e+00
9.096053073544606349e+00,2.190809669256210412e+01,1.063749929428100671e+01,7.379999999999999893e+00,3.750000000000000000e+05
9.119234263190016065e+00,4.483749862670898523e+01,4.062598190307617152e+00,7.379999999999999893e+00,0.000000000000000000e+00
9.119283677824720158e+00,4.483749862670898523e+01,4.161427459716796839e+00,7.379999999999999893e+00,3.750000000000000000e+05
9.142116428410117734e+00,2.225275076091289606e+01,1.063749929428100671e+01,7.379999999999999893e+00,0.000000000000000000e+00
9.142288756401692140e+00,2.259740674406290140e+01,1.063749929428100671e+01,7.379999999999999893e+00,3.750000000000000000e+05
9.164773066393788525e+00,4.483749862670898523e+01,4.260255775451660121e+00,7.379999999999999893e+00,0.000000000000000000e+00
9.164822480551656270e+00,4.483749862670898523e+01,4.359084091186523402e+00,7.379999999999999893e+00,3.750000000000000000e+05
9.186958349950451463e+00,2.294206272721290674e+01,1.063749929428100671e+01,7.379999999999999893e+00,0.000000000000000000e+00
9.187130677960652747e+00,2.328671874761581506e+01,1.063749929428100671e+01,7.379999999999999893e+00,3.750000000000000000e+05
9.208918106731346143e+00,4.483749862670898523e+01,4.457912406921386683e+00,7.379999999999999893e+00,0.000000000000000000e+00
9.208967520889213887e+00,4.483749862670898523e+01,4.556740722656249964e+00,7.379999999999999893e+00,3.750000000000000000e+05
9.230406509115326230e+00,2.363137467861175622e+01,1.063749929428100671e+01,7.379999999999999893e+00,0.000000000000000000e+00
9.230578837110625656e+00,2.397603066921234216e+01,1.063749929428100671e+01,7.379999999999999893e+00,3.750000000000000000e+05
9.251669384736477042e+00,4.483749862670898523e+01,4.655569038391113246e+00,7.379999999999999893e+00,0.000000000000000000e+00
9.251718798894344786e+00,4.483749862670898523e+01,4.754397354125976527e+00,7.379999999999999893e+00,3.750000000000000000e+05
9.272460905919935215e+00,2.432068665981292810e+01,1.063749929428100671e+01,7.379999999999999893e+00,0.000000000000000000e+00
9.272633233974840294e+00,2.466534276962280359e+01,1.063749929428100671e+01,7.379999999999999893e+00,3.750000000000000000e+05
9.293026900033346749e+00,4.483749862670898523e+01,4.853226623535156214e+00,7.379999999999999893e+00,0.000000000000000000e+00
9.293076314191214493e+00,4.483749862670898523e+01,4.952054939270019496e+00,7.379999999999999893e+00,3.750000000000000000e+05
9.313121541431248929e+00,2.500999685287475671e+01,1.063749929428100671e+01,7.379999999999999893e+00,0.000000000000000000e+00
9.313293869426548355e+00,2.535465284347534265e+01,1.063749929428100671e+01,7.379999999999999893e+00,3.750000000000000000e+05
9.332990656066321833e+00,4.483749862670898523e+01,5.050883255004882777e+00,7.379999999999999893e+00,0.000000000000000000e+00
9.333040070224189577e+00,4.483749862670898523e+01,5.149711570739746058e+00,7.379999999999999893e+00,3.750000000000000000e+05
9.352388416263702098e+00,2.569930883407592859e+01,1.063749929428100671e+01,7.379999999999999893e+00,0.000000000000000000e+00
9.352560744259001524e+00,2.604396482467651452e+01,1.063749929428100671e+01,7.379999999999999893e+00,3.750000000000000000e+05
9.371560649698251311e+00,4.483749862670898523e+01,5.248539886474609339e+00,7.379999999999999893e+00,0.000000000000000000e+00
9.371610063856119055e+00,4.483749862670898523e+01,5.347368202209472621e+00,7.379999999999999893e+00,3.750000000000000000e+05
9.390261528695107884e+00,2.638862081527710046e+01,1.063749929428100671e+01,7.379999999999999893e+00,0.000000000000000000e+00
9.390433856690407310e+00,2.673327680587768640e+01,1.063749929428100671e+01,7.379999999999999893e+00,3.750000000000000000e+05
9.408736880929135182e+00,4.483749862670898523e+01,5.446196517944335902e+00,7.379999999999999893e+00,0.000000000000000000e+00
9.408786295563839275e+00,4.483749862670898523e+01,5.545025787353515589e+00,7.379999999999999893e+00,3.750000000000000000e+05
9.426740878946844759e+00,2.707793279647827234e+01,1.063749929428100671e+01,7.379999999999999893e+00,0.000000000000000000e+00
9.426913206942144186e+00,2.742258878707885827e+01,1.063749929428100671e+01,7.379999999999999893e+00,3.750000000000000000e+05
9.444519349724888713e+00,4.483749862670898523e+01,5.643854103088378871e+00,7.379999999999999893e+00,0.000000000000000000e+00
9.444568763882756457e+00,4.483749862670898523e+01,5.742682418823242152e+00,7.379999999999999893e+00,3.750000000000000000e+05
9.461826467847028965e+00,2.776724287033081140e+01,1.063749929428100671e+01,7.379999999999999893e+00,0.000000000000000000e+00
9.461998795842328391e+00,2.811189886093139734e+01,1.063749929428100671e+01,7.379999999999999893e+00,3.750000000000000000e+05
9.478908059206339942e+00,4.483749862670898523e+01,5.841510734558105433e+00,7.379999999999999893e+00,0.000000000000000000e+00
9.478957473364207686e+00,4.483749862670898523e+01,5.940339050292968714e+00,7.379999999999999893e+00,3.750000000000000000e+05
9.495518296127958280e+00,2.845655485153198327e+01,1.063749929428100671e+01,7.379999999999999893e+00,0.000000000000000000e+00
9.495690624123257706e+00,2.880121084213256921e+01,1.063749929428100671e+01,7.379999999999999893e+00,3.750000000000000000e+05
9.511903006286745565e+00,4.483749862670898523e+01,6.039167366027831996e+00,7.379999999999999893e+00,0.000000000000000000e+00
9.511952420444613310e+00,4.483749862670898523e+01,6.137995681762695277e+00,7.379999999999999893e+00,3.750000000000000000e+05
9.527816362007840212e+00,2.914586683273315515e+01,1.063749929428100671e+01,7.379999999999999893e+00,0.000000000000000000e+00
9.527988690003139638e+00,2.949052282333374109e+01,1.063749929428100671e+01,7.379999999999999893e+00,3.750000000000000000e+05
9.543504190710645929e+00,4.483749862670898523e+01,6.236824951171874964e+00,7.379999999999999893e+00,0.000000000000000000e+00
9.543553604868513673e+00,4.483749862670898523e+01,6.335653266906738246e+00,7.379999999999999893e+00,3.750000000000000000e+05
9.558720664975757231e+00,2.983517881393432702e+01,1.063749929428100671e+01,7.379999999999999893e+00,0.000000000000000000e+00
9.558892992971056657e+00,3.017983480453491296e+01,1.063749929428100671e+01,7.379999999999999893e+00,3.750000000000000000e+05
9.573711612478039257e+00,4.483749862670898523e+01,6.434481582641601527e+00,7.379999999999999893e+00,0.000000000000000000e+00
9.573761026635907001e+00,4.483749862670898523e+01,6.533309898376464808e+00,7.379999999999999893e+00,3.750000000000000000e+05
9.588231207769863929e+00,3.052448841094970788e+01,1.063749929428100671e+01,7.379999999999999893e+00,0.000000000000000000e+00
9.588403535765163355e+00,3.086914440155029382e+01,1.063749929428100671e+01,7.379999999999999893e+00,3.750000000000000000e+05
9.602525276298859325e+00,4.483749862670898523e+01,6.632138214111328089e+00,7.379999999999999893e+00,0.000000000000000000e+00
9.602574690456727069e+00,4.483749862670898523e+01,6.730966529846191371e+00,7.379999999999999893e+00,3.750000000000000000e+05
9.616347990390162082e+00,3.121380039215087976e+01,1.063749929428100671e+01,7.379999999999999893e+00,0.000000000000000000e+00
9.616520318385461508e+00,3.155845638275146570e+01,1.063749929428100671e+01,7.379999999999999893e+00,3.750000000000000000e+05
9.629945177718635563e+00,4.483749862670898523e+01,6.829794845581054652e+00,7.379999999999999893e+00,0.000000000000000000e+00
9.629994591876503307e+00,4.483749862670898523e+01,6.928623161315917933e+00,7.379999999999999893e+00,3.750000000000000000e+05
9.643071010609414628e+00,3.190311237335205163e+01,1.063749929428100671e+01,7.379999999999999893e+00,0.000000000000000000e+00
9.643243338604714054e+00,3.224776836395263757e+01,1.063749929428100671e+01,7.379999999999999893e+00,3.750000000000000000e+05
9.655971316481904765e+00,4.483749862670898523e+01,7.027452430725097621e+00,7.379999999999999893e+00,0.000000000000000000e+00
9.656020730639772509e+00,4.483749862670898523e+01,7.126280746459960902e+00,7.379999999999999893e+00,3.750000000000000000e+05
9.668400269698491201e+00,3.259242244720459070e+01,1.063749929428100671e+01,7.379999999999999893e+00,0.000000000000000000e+00
9.668572598647465099e+00,3.293708034515380945e+01,1.063749929428100671e+01,7.379999999999999893e+00,3.750000000000000000e+05
9.680603695324132119e+00,4.483749862670898523e+01,7.225109062194824183e+00,7.379999999999999893e+00,0.000000000000000000e+00
9.680653109481999863e+00,4.483749862670898523e+01,7.323937377929687464e+00,7.379999999999999893e+00,3.750000000000000000e+05
9.692335767340194863e+00,3.328173442840576257e+01,1.063749929428100671e+01,7.379999999999999893e+00,0.000000000000000000e+00
9.692508096289168762e+00,3.362639232635498132e+01,1.063749929428100671e+01,7.379999999999999893e+00,3.750000000000000000e+05
9.703842311765313866e+00,4.483749862670898523e+01,7.422765693664550746e+00,7.379999999999999893e+00,0.000000000000000000e+00
9.703891725923181610e+00,4.483749862670898523e+01,7.521594009399414027e+00,7.379999999999999893e+00,3.750000000000000000e+05
9.714877502580854696e+00,3.397104640960693445e+01,1.063749929428100671e+01,7.379999999999999893e+00,0.000000000000000000e+00
9.715049831529828595e+00,3.431570430755615320e+01,1.063749929428100671e+01,7.379999999999999893e+00,3.750000000000000000e+05
9.725687165805450007e+00,4.483749862670898523e+01,7.620422325134277308e+00,7.379999999999999893e+00,0.000000000000000000e+00
9.725736580440154100e+00,4.483749862670898523e+01,7.719251594543456996e+00,7.379999999999999893e+00,3.750000000000000000e+05
9.736025475641843840e+00,3.466035839080810632e+01,1.063749929428100671e+01,7.379999999999999893e+00,0.000000000000000000e+00
9.736197802683470570e+00,3.500501247406005945e+01,1.063749929428100671e+01,7.379999999999999893e+00,3.750000000000000000e+05
9.746138259066688292e+00,4.483749862670898523e+01,7.818079910278320277e+00,7.379999999999999893e+00,0.000000000000000000e+00
9.746187673224556036e+00,4.483749862670898523e+01,7.916908226013183558e+00,7.379999999999999893e+00,3.750000000000000000e+05
9.755779687225723862e+00,3.534967037200927820e+01,1.063749929428100671e+01,7.379999999999999893e+00,0.000000000000000000e+00
9.755952014267350592e+00,3.569432445526123132e+01,1.063749929428100671e+01,7.379999999999999893e+00,3.750000000000000000e+05
9.765195589450044622e+00,4.483749862670898523e+01,8.015736541748047728e+00,7.379999999999999893e+00,0.000000000000000000e+00
9.765245003607912366e+00,4.483749862670898523e+01,8.114564857482911009e+00,7.379999999999999893e+00,3.750000000000000000e+05
9.774140136408556501e+00,3.603898235321045007e+01,1.063749929428100671e+01,7.379999999999999893e+00,0.000000000000000000e+00
9.774312463450183230e+00,3.638363643646240320e+01,1.063749929428100671e+01,7.379999999999999893e+00,3.750000000000000000e+05
9.782859157176895692e+00,4.483749862670898523e+01,8.213394126892090696e+00,7.379999999999999893e+00,0.000000000000000000e+00
9.782908571334763437e+00,4.483749862670898523e+01,8.312222442626953978e+00,7.379999999999999893e+00,3.750000000000000000e+05
9.791106822679424226e+00,3.672829433441162195e+01,1.063749929428100671e+01,7.379999999999999893e+00,0.000000000000000000e+00
9.791279149721050956e+00,3.707294841766357507e+01,1.063749929428100671e+01,7.379999999999999893e+00,3.750000000000000000e+05
9.799128962247239727e+00,4.483749862670898523e+01,8.411050758361817259e+00,7.379999999999999893e+00,0.000000000000000000e+00
9.799178376405107471e+00,4.483749862670898523e+01,8.509879074096680540e+00,7.379999999999999893e+00,3.750000000000000000e+05
9.806679750112824223e+00,3.741760250091552820e+01,1.063749929428100671e+01,7.379999999999999893e+00,0.000000000000000000e+00
9.806852079061798122e+00,3.776226039886474695e+01,1.063749929428100671e+01,7.379999999999999893e+00,3.750000000000000000e+05
9.814005010387464978e+00,4.483749862670898523e+01,8.608707389831543821e+00,7.379999999999999893e+00,0.000000000000000000e+00
9.814054424545332722e+00,4.483749862670898523e+01,8.707535705566407103e+00,7.379999999999999893e+00,3.750000000000000000e+05
9.820858917052527559e+00,3.810691448211670007e+01,1.063749929428100671e+01,7.379999999999999893e+00,0.000000000000000000e+00
9.821031246001501458e+00,3.845157238006591882e+01,1.063749929428100671e+01,7.379999999999999893e+00,3.750000000000000000e+05
9.827487296126644623e+00,4.483749862670898523e+01,8.806364021301270384e+00,7.379999999999999893e+00,0.000000000000000000e+00
9.827536710284512367e+00,4.483749862670898523e+01,8.905192337036133665e+00,7.379999999999999893e+00,3.750000000000000000e+05
9.833644320700289043e+00,3.879622741699218835e+01,1.063749929428100671e+01,7.379999999999999893e+00,0.000000000000000000e+00
9.833816649649262942e+00,3.914088531494140710e+01,1.063749929428100671e+01,7.379999999999999893e+00,3.750000000000000000e+05
9.839575817427528293e+00,4.483749862670898523e+01,9.004021606445313353e+00,7.379999999999999893e+00,0.000000000000000000e+00
9.839625231585396037e+00,4.483749862670898523e+01,9.102849922180176634e+00,7.379999999999999893e+00,3.750000000000000000e+05
9.845035960545189369e+00,3.948553939819336023e+01,1.063749929428100671e+01,7.379999999999999893e+00,0.000000000000000000e+00
9.845208289494163267e+00,3.983019729614257898e+01,1.063749929428100671e+01,7.379999999999999893e+00,3.750000000000000000e+05
9.850270576071906703e+00,4.483749862670898523e+01,9.201678237915039915e+00,7.379999999999999893e+00,0.000000000000000000e+00
9.850319990229774447e+00,4.483749862670898523e+01,9.300506553649903196e+00,7.379999999999999893e+00,3.750000000000000000e+05
9.855033837989045864e+00,4.017485137939453210e+01,1.063749929428100671e+01,7.379999999999999893e+00,0.000000000000000000e+00
9.855206165030672594e+00,4.051950546264648523e+01,1.063749929428100671e+01,7.379999999999999893e+00,3.750000000000000000e+05
9.859571573971471992e+00,4.483749862670898523e+01,9.399334869384766478e+00,7.379999999999999893e+00,0.000000000000000000e+00
9.859620988129339736e+00,4.483749862670898523e+01,9.498163185119629759e+00,7.379999999999999893e+00,3.750000000000000000e+05
9.863637954688087461e+00,4.086416336059570398e+01,1.063749929428100671e+01,7.379999999999999893e+00,0.000000000000000000e+00
9.863810281729714191e+00,4.120881744384765710e+01,1.063749929428100671e+01,7.379999999999999893e+00,3.750000000000000000e+05
9.867478809469989898e+00,4.483749862670898523e+01,9.596991500854493040e+00,7.379999999999999893e+00,0.000000000000000000e+00
9.867528224104693990e+00,4.483749862670898523e+01,9.695820770263672728e+00,7.379999999999999893e+00,3.750000000000000000e+05
9.870848309207458371e+00,4.155347534179687585e+01,1.063749929428100671e+01,7.379999999999999893e+00,0.000000000000000000e+00
9.871020636249085101e+00,4.189812942504882898e+01,1.063749929428100671e+01,7.379999999999999893e+00,3.750000000000000000e+05
9.873992282533377463e+00,4.483749862670898523e+01,9.794649085998536009e+00,7.379999999999999893e+00,0.000000000000000000e+00
9.874041696452826145e+00,4.483749862670898523e+01,9.893476924896241087e+00,7.379999999999999893e+00,3.750000000000000000e+05
9.876664900482799325e+00,4.224278732299804773e+01,1.063749929428100671e+01,7.379999999999999893e+00,0.000000000000000000e+00
9.876837227524426055e+00,4.258744140625000085e+01,1.063749929428100671e+01,7.379999999999999893e+00,3.750000000000000000e+05
9.879111992735925440e+00,4.483749862670898523e+01,9.992305240631104368e+00,7.379999999999999893e+00,0.000000000000000000e+00
9.879161406893793185e+00,4.483749862670898523e+01,1.009113355636596765e+01,7.379999999999999893e+00,3.750000000000000000e+05
9.881087733286820551e+00,4.293209548950195398e+01,1.063749929428100671e+01,7.379999999999999893e+00,0.000000000000000000e+00
9.881260062235794450e+00,4.327675338745117273e+01,1.063749929428100671e+01,7.379999999999999893e+00,3.750000000000000000e+05
9.882837946246771921e+00,4.483749862670898523e+01,1.018996187210083093e+01,7.379999999999999893e+00,0.000000000000000000e+00
9.882887360404639665e+00,4.483749862670898523e+01,1.028879018783569421e+01,7.379999999999999893e+00,3.750000000000000000e+05
9.884116805597145117e+00,4.362140747070312585e+01,1.063749929428100671e+01,7.379999999999999893e+00,0.000000000000000000e+00
9.884289134546119016e+00,4.396606536865234460e+01,1.063749929428100671e+01,7.379999999999999893e+00,3.750000000000000000e+05
9.885170137101113141e+00,4.483749862670898523e+01,1.038761945724487390e+01,7.379999999999999893e+00,0.000000000000000000e+00
9.885219551258980886e+00,4.483749862670898523e+01,1.048644777297973718e+01,7.379999999999999893e+00,3.750000000000000000e+05
9.885752114995502993e+00,4.431071945190429773e+01,1.063749929428100671e+01,7.379999999999999893e+00,0.000000000000000000e+00
9.885924443944476891e+00,4.465537734985351648e+01,1.063749929428100671e+01,7.379999999999999893e+00,3.750000000000000000e+05
9.886108565298949102e+00,4.483749862670898523e+01,1.058527608871460046e+01,7.379999999999999893e+00,0.000000000000000000e+00
9.886159316713527545e+00,4.483750053405761804e+01,1.063749929428100671e+01,7.379999999999999893e+00,3.750000000000000000e+05
9.896368258007287366e+00,4.483750053405761804e+01,1.324987030029297075e-01,7.379999999999999893e+00,3.750000000000000000e+05
9.939813352109380773e+00,1.324987030029297075e-01,1.324987030029297075e-01,7.379999999999999893e+00,3.750000000000000000e+05
9.950022293403140594e+00,1.324987030029297075e-01,1.063749929428100671e+01,7.379999999999999893e+00,3.750000000000000000e+05
9.972374794318668023e+00,4.483750053405761804e+01,1.063749929428100671e+01,7.379999999999999893e+00,0.000000000000000000e+00
9.982629999560510115e+00,4.488499923706054773e+01,8.500000000000000611e-02,7.379999999999999893e+00,3.750000000000000000e+05
9.992931262366919754e+00,4.488499923706054773e+01,1.068499942779541101e+01,7.379999999999999893e+00,3.750000000000000000e+05
1.003646867659146835e+01,8.500000000000000611e-02,1.068499942779541101e+01,7.379999999999999893e+00,3.750000000000000000e+05
1.004676993939787799e+01,8.500000000000000611e-02,8.500000000000000611e-02,7.379999999999999893e+00,3.750000000000000000e+05
1.006916993901640822e+01,4.488499923706054773e+01,8.500000000000000611e-02,7.379999999999999893e+00,0.000000000000000000e+00
