2.000000000000000111e-01,1.324987030029297075e-01,1.062684103012085046e+01,5.819999999999999396e+00,0.000000000000000000e+00
2.000154834707500995e-01,1.443395233154297075e-01,1.063750120162963952e+01,5.819999999999999396e+00,0.000000000000000000e+00
2.000864711721661027e-01,2.863149261474609575e-01,1.063750120162963952e+01,5.819999999999999396e+00,3.750000000000000000e+05
2.002876172086730522e-01,1.324987030029297075e-01,1.049900575637817468e+01,5.819999999999999396e+00,0.000000000000000000e+00
2.003515346071258196e-01,1.324987030029297075e-01,1.037117095947265710e+01,5.819999999999999396e+00,3.750000000000000000e+05
2.007383415218527145e-01,4.282884216308593950e-01,1.063750120162963952e+01,5.819999999999999396e+00,0.000000000000000000e+00
2.008093292232687177e-01,5.702638244628905895e-01,1.063750120162963952e+01,5.819999999999999396e+00,3.750000000000000000e+05
2.013817987037810064e-01,1.324987030029297075e-01,1.024333568572998132e+01,5.819999999999999396e+00,0.000000000000000000e+00
2.014457163406523366e-01,1.324987030029297075e-01,1.011550041198730554e+01,5.819999999999999396e+00,3.750000000000000000e+05
2.022038483869500192e-01,7.122392272949218395e-01,1.063750120162963952e+01,5.819999999999999396e+00,0.000000000000000000e+00
2.022748360883660224e-01,8.542146301269530895e-01,1.063750120162963952e+01,5.819999999999999396e+00,3.750000000000000000e+05
2.032186303903749658e-01,1.324987030029297075e-01,9.987665615081787962e+00,5.819999999999999396e+00,0.000000000000000000e+00
2.032825477888277332e-01,1.324987030029297075e-01,9.859830818176270384e+00,5.819999999999999396e+00,3.750000000000000000e+05
2.044120043465479930e-01,9.961900329589843395e-01,1.063750120162963952e+01,5.819999999999999396e+00,0.000000000000000000e+00
2.044829920479639962e-01,1.138165435791015589e+00,1.063750120162963952e+01,5.819999999999999396e+00,3.750000000000000000e+05
2.057981111714696221e-01,1.324987030029297075e-01,9.731995544433594603e+00,5.819999999999999396e+00,0.000000000000000000e+00
2.058620288083409522e-01,1.324987030029297075e-01,9.604160270690918821e+00,5.819999999999999396e+00,3.750000000000000000e+05
2.073628104976319719e-01,1.280140838623046839e+00,1.063750120162963952e+01,5.819999999999999396e+00,0.000000000000000000e+00
2.074337981990479751e-01,1.422116241455078089e+00,1.063750120162963952e+01,5.819999999999999396e+00,3.750000000000000000e+05
2.091202424541243610e-01,1.324987030029297075e-01,9.476324996948243040e+00,5.819999999999999396e+00,0.000000000000000000e+00
2.091841600909956911e-01,1.324987030029297075e-01,9.348489723205567259e+00,5.819999999999999396e+00,3.750000000000000000e+05
2.110562669118574708e-01,1.564091644287109339e+00,1.063750120162963952e+01,5.819999999999999396e+00,0.000000000000000000e+00
2.111272546132734740e-01,1.706067047119140589e+00,1.063750120162963952e+01,5.819999999999999396e+00,3.750000000000000000e+05
2.131850239999206476e-01,1.324987030029297075e-01,9.220654449462891478e+00,5.819999999999999396e+00,0.000000000000000000e+00
2.132489411599548246e-01,1.324987030029297075e-01,9.092820129394532103e+00,5.819999999999999396e+00,3.750000000000000000e+05
2.154923724922392370e-01,1.848042449951171839e+00,1.063750120162963952e+01,5.819999999999999396e+00,0.000000000000000000e+00
2.155633601936552401e-01,1.990017852783203089e+00,1.063750120162963952e+01,5.819999999999999396e+00,3.750000000000000000e+05
2.179924540917250186e-01,1.324987030029297075e-01,8.964984855651856321e+00,5.819999999999999396e+00,0.000000000000000000e+00
2.180563717285963488e-01,1.324987030029297075e-01,8.837149581909180540e+00,5.819999999999999396e+00,3.750000000000000000e+05
2.206711281924515211e-01,2.131993255615234339e+00,1.063750120162963952e+01,5.819999999999999396e+00,0.000000000000000000e+00
2.207421158938675243e-01,2.273968658447265589e+00,1.063750120162963952e+01,5.819999999999999396e+00,3.750000000000000000e+05
2.235425349235080628e-01,1.324987030029297075e-01,8.709314308166504759e+00,5.819999999999999396e+00,0.000000000000000000e+00
2.236064525603793929e-01,1.324987030029297075e-01,8.581479034423828978e+00,5.819999999999999396e+00,3.750000000000000000e+05
2.265925327783161192e-01,2.415942153930664027e+00,1.063750120162963952e+01,5.819999999999999396e+00,0.000000000000000000e+00
2.266635204797321224e-01,2.557917556762695277e+00,1.063750120162963952e+01,5.819999999999999396e+00,3.750000000000000000e+05
2.298352626433058654e-01,1.324987030029297075e-01,8.453644714355469603e+00,5.819999999999999396e+00,0.000000000000000000e+00
2.298991802801771955e-01,1.324987030029297075e-01,8.325809440612793821e+00,5.819999999999999396e+00,3.750000000000000000e+05
2.332565850095363602e-01,2.699892959594726527e+00,1.063750120162963952e+01,5.819999999999999396e+00,0.000000000000000000e+00
2.333275727109523634e-01,2.841868362426757777e+00,1.063750120162963952e+01,5.819999999999999396e+00,3.750000000000000000e+05
2.368706400060969219e-01,1.324987030029297075e-01,8.197974166870118040e+00,5.819999999999999396e+00,0.000000000000000000e+00
2.369345576429682521e-01,1.324987030029297075e-01,8.070138893127442259e+00,5.819999999999999396e+00,3.750000000000000000e+05
2.406632875038982045e-01,2.983843765258789027e+00,1.063750120162963952e+01,5.819999999999999396e+00,0.000000000000000000e+00
2.407342752053142076e-01,3.125819168090820277e+00,1.063750120162963952e+01,5.819999999999999396e+00,3.750000000000000000e+05
2.446486676320295539e-01,1.324987030029297075e-01,7.942303619384765589e+00,5.819999999999999396e+00,0.000000000000000000e+00
2.447125852689008840e-01,1.324987030029297075e-01,7.814468345642089808e+00,5.819999999999999396e+00,3.750000000000000000e+05
2.488126402614016519e-01,3.267794570922851527e+00,1.063750120162963952e+01,5.819999999999999396e+00,0.000000000000000000e+00
2.488836279628176551e-01,3.409769973754882777e+00,1.063750120162963952e+01,5.819999999999999396e+00,3.750000000000000000e+05
2.531693449009554953e-01,1.324987030029297075e-01,7.686634025573730433e+00,5.819999999999999396e+00,0.000000000000000000e+00
2.532332625378268531e-01,1.324987030029297075e-01,7.558798751831054652e+00,5.819999999999999396e+00,3.750000000000000000e+05
2.577046420417500872e-01,3.551745376586914027e+00,1.063750120162963952e+01,5.819999999999999396e+00,0.000000000000000000e+00
2.577756297431660903e-01,3.693720779418945277e+00,1.063750120162963952e+01,5.819999999999999396e+00,3.750000000000000000e+05
2.624326718128747182e-01,1.324987030029297075e-01,7.430963478088378871e+00,5.819999999999999396e+00,0.000000000000000000e+00
2.624965894497460761e-01,1.324987030029297075e-01,7.303128204345703089e+00,5.819999999999999396e+00,3.750000000000000000e+05
2.673392940852400979e-01,3.835696182250976527e+00,1.063750120162963952e+01,5.819999999999999396e+00,0.000000000000000000e+00
2.674102817866561010e-01,3.977671585083007777e+00,1.063750120162963952e+01,5.819999999999999396e+00,3.750000000000000000e+05
2.724386489879355722e-01,1.324987030029297075e-01,7.175292930603027308e+00,5.819999999999999396e+00,0.000000000000000000e+00
2.725025666248069300e-01,1.324987030029297075e-01,7.047457656860351527e+00,5.819999999999999396e+00,3.750000000000000000e+05
2.777165963918717950e-01,4.119646987915039027e+00,1.063750120162963952e+01,5.819999999999999396e+00,0.000000000000000000e+00
2.777875840932877982e-01,4.261622390747070277e+00,1.063750120162963952e+01,5.819999999999999396e+00,3.750000000000000000e+05
2.831872758059897910e-01,1.324987030029297075e-01,6.919623336791992152e+00,5.819999999999999396e+00,0.000000000000000000e+00
2.832511934428611489e-01,1.324987030029297075e-01,6.791788063049316371e+00,5.819999999999999396e+00,3.750000000000000000e+05
2.888365463438593017e-01,4.403595886230468714e+00,1.063750120162963952e+01,5.819999999999999396e+00,0.000000000000000000e+00
2.889075340452753049e-01,4.545571289062499964e+00,1.063750120162963952e+01,5.819999999999999396e+00,3.750000000000000000e+05
2.946785495120588516e-01,1.324987030029297075e-01,6.663952789306640589e+00,5.819999999999999396e+00,0.000000000000000000e+00
2.947424671489302095e-01,1.324987030029297075e-01,6.536117515563964808e+00,5.819999999999999396e+00,3.750000000000000000e+05
3.006991451814991501e-01,4.687546691894531214e+00,1.063750120162963952e+01,5.819999999999999396e+00,0.000000000000000000e+00
3.007701328829151532e-01,4.829522094726562464e+00,1.063750120162963952e+01,5.819999999999999396e+00,3.750000000000000000e+05
3.069124734812694877e-01,1.324987030029297075e-01,6.408282241821289027e+00,5.819999999999999396e+00,0.000000000000000000e+00
3.069763906413036647e-01,1.324987030029297075e-01,6.280447921752929652e+00,5.819999999999999396e+00,3.750000000000000000e+05
3.133043931852950714e-01,4.971497497558593714e+00,1.063750120162963952e+01,5.819999999999999396e+00,0.000000000000000000e+00
3.133753808867110746e-01,5.113472900390624964e+00,1.063750120162963952e+01,5.819999999999999396e+00,3.750000000000000000e+05
3.198890459964878752e-01,1.324987030029297075e-01,6.152612648010253871e+00,5.819999999999999396e+00,0.000000000000000000e+00
3.199529636333592331e-01,1.324987030029297075e-01,6.024777374267578089e+00,5.819999999999999396e+00,3.750000000000000000e+05
3.266522913089214275e-01,5.255448303222656214e+00,1.063750120162963952e+01,5.819999999999999396e+00,0.000000000000000000e+00
3.267232790103374307e-01,5.397423706054687464e+00,1.063750120162963952e+01,5.819999999999999396e+00,3.750000000000000000e+05
3.336082692516850745e-01,1.324987030029297075e-01,5.896942100524902308e+00,5.819999999999999396e+00,0.000000000000000000e+00
3.336721868885564324e-01,1.324987030029297075e-01,5.769106826782226527e+00,5.819999999999999396e+00,3.750000000000000000e+05
3.407428396956894701e-01,5.539399108886718714e+00,1.063750120162963952e+01,5.819999999999999396e+00,0.000000000000000000e+00
3.408138273971054732e-01,5.681374511718749964e+00,1.063750120162963952e+01,5.819999999999999396e+00,3.750000000000000000e+05
3.480701427700239048e-01,1.324987030029297075e-01,5.641271553039550746e+00,5.819999999999999396e+00,0.000000000000000000e+00
3.481340599300580818e-01,1.324987030029297075e-01,5.513437232971191371e+00,5.819999999999999396e+00,3.750000000000000000e+05
3.555760372486135856e-01,5.823349914550781214e+00,1.063750120162963952e+01,5.819999999999999396e+00,0.000000000000000000e+00
3.556470249500295888e-01,5.965325317382812464e+00,1.063750120162963952e+01,5.819999999999999396e+00,3.750000000000000000e+05
3.632746648343704865e-01,1.324987030029297075e-01,5.385601959228515589e+00,5.819999999999999396e+00,0.000000000000000000e+00
3.633385824712418444e-01,1.324987030029297075e-01,5.257766685485839808e+00,5.819999999999999396e+00,3.750000000000000000e+05
3.711518849213681359e-01,6.107300720214843714e+00,1.063750120162963952e+01,5.819999999999999396e+00,0.000000000000000000e+00
3.712228726227841391e-01,6.249276123046874964e+00,1.063750120162963952e+01,5.819999999999999396e+00,3.750000000000000000e+05
3.792218376386958245e-01,1.324987030029297075e-01,5.129931411743164027e+00,5.819999999999999396e+00,0.000000000000000000e+00
3.792857552755671824e-01,1.324987030029297075e-01,5.002096138000488246e+00,5.819999999999999396e+00,3.750000000000000000e+05
3.874703828572643172e-01,6.391251525878906214e+00,1.063750120162963952e+01,5.819999999999999396e+00,0.000000000000000000e+00
3.875413700818431950e-01,6.533225975036621058e+00,1.063750120162963952e+01,5.819999999999999396e+00,3.750000000000000000e+05
3.959116589204327852e-01,1.324987030029297075e-01,4.874261817932128871e+00,5.819999999999999396e+00,0.000000000000000000e+00
3.959755765573041431e-01,1.324987030029297075e-01,4.746426544189453089e+00,5.819999999999999396e+00,3.750000000000000000e+05
4.045315279616791271e-01,6.675201377868652308e+00,1.063750120162963952e+01,5.819999999999999396e+00,0.000000000000000000e+00
4.046025156630951303e-01,6.817176780700683558e+00,1.063750120162963952e+01,5.819999999999999396e+00,3.750000000000000000e+05
4.133441296332555082e-01,1.324987030029297075e-01,4.618591270446777308e+00,5.819999999999999396e+00,0.000000000000000000e+00
4.134080472701268660e-01,1.324987030029297075e-01,4.490755996704101527e+00,5.819999999999999396e+00,3.750000000000000000e+05
4.223353231173280764e-01,6.959151229858398402e+00,1.063750120162963952e+01,5.819999999999999396e+00,0.000000000000000000e+00
4.224063108187440796e-01,7.101126632690429652e+00,1.063750120162963952e+01,5.819999999999999396e+00,3.750000000000000000e+05
4.315192492317306838e-01,1.324987030029297075e-01,4.362920722961425746e+00,5.819999999999999396e+00,0.000000000000000000e+00
4.315831668686020417e-01,1.324987030029297075e-01,4.235085449218749964e+00,5.819999999999999396e+00,3.750000000000000000e+05
4.408817678473740398e-01,7.243102035522460902e+00,1.063750120162963952e+01,5.819999999999999396e+00,0.000000000000000000e+00
4.409527555487900430e-01,7.385077438354492152e+00,1.063750120162963952e+01,5.819999999999999396e+00,3.750000000000000000e+05
4.504370184731991134e-01,1.324987030029297075e-01,4.107251129150390589e+00,5.819999999999999396e+00,0.000000000000000000e+00
4.505009361100704712e-01,1.324987030029297075e-01,3.979415855407714808e+00,5.819999999999999396e+00,3.750000000000000000e+05
4.601708616002649355e-01,7.527052841186523402e+00,1.063750120162963952e+01,5.819999999999999396e+00,0.000000000000000000e+00
4.602418493016809387e-01,7.669028244018554652e+00,1.063750120162963952e+01,5.819999999999999396e+00,3.750000000000000000e+05
4.700974373576608523e-01,1.324987030029297075e-01,3.851580581665039027e+00,5.819999999999999396e+00,0.000000000000000000e+00
4.701613549945322101e-01,1.324987030029297075e-01,3.723745307922363246e+00,5.819999999999999396e+00,3.750000000000000000e+05
4.802026056162975176e-01,7.811003646850585902e+00,1.063750120162963952e+01,5.819999999999999396e+00,0.000000000000000000e+00
4.802735933177135208e-01,7.952979049682617152e+00,1.063750120162963952e+01,5.819999999999999396e+00,3.750000000000000000e+05
4.905005065052642221e-01,1.324987030029297075e-01,3.595910034179687464e+00,5.819999999999999396e+00,0.000000000000000000e+00
4.905644241421355800e-01,1.324987030029297075e-01,3.468074760437011683e+00,5.819999999999999396e+00,3.750000000000000000e+05
5.009769992067271138e-01,8.094953498840332884e+00,1.063750120162963952e+01,5.819999999999999396e+00,0.000000000000000000e+00
5.010479869081431170e-01,8.236928901672364134e+00,1.063750120162963952e+01,5.819999999999999396e+00,3.750000000000000000e+05
5.116462239183716676e-01,1.324987030029297075e-01,3.340240440368652308e+00,5.819999999999999396e+00,0.000000000000000000e+00
5.117101415552429700e-01,1.324987030029297075e-01,3.212405166625976527e+00,5.819999999999999396e+00,3.750000000000000000e+05
5.224940411312569699e-01,8.378904304504395384e+00,1.063750120162963952e+01,5.819999999999999396e+00,0.000000000000000000e+00
5.225650288326729731e-01,8.520879707336426634e+00,1.063750120162963952e+01,5.819999999999999396e+00,3.750000000000000000e+05
5.335345909744723114e-01,1.324987030029297075e-01,3.084569892883300746e+00,5.819999999999999396e+00,0.000000000000000000e+00
5.335985086113436138e-01,1.324987030029297075e-01,2.956734619140624964e+00,5.819999999999999396e+00,3.750000000000000000e+05
5.447537333189284015e-01,8.662855110168457884e+00,1.063750120162963952e+01,5.819999999999999396e+00,0.000000000000000000e+00
5.448247210203444046e-01,8.804830513000489134e+00,1.063750120162963952e+01,5.819999999999999396e+00,3.750000000000000000e+05
5.561656082937146417e-01,1.324987030029297075e-01,2.828899345397949183e+00,5.819999999999999396e+00,0.000000000000000000e+00
5.562295259305859441e-01,1.324987030029297075e-01,2.701064071655273402e+00,5.819999999999999396e+00,3.750000000000000000e+05
5.677560757697415195e-01,8.946805915832520384e+00,1.063750120162963952e+01,5.819999999999999396e+00,0.000000000000000000e+00
5.678270634711575227e-01,9.088781318664551634e+00,1.063750120162963952e+01,5.819999999999999396e+00,3.750000000000000000e+05
5.795392752559501703e-01,1.324987030029297075e-01,2.573229751586914027e+00,5.819999999999999396e+00,0.000000000000000000e+00
5.796031928928214727e-01,1.324987030029297075e-01,2.445394477844238246e+00,5.819999999999999396e+00,3.750000000000000000e+05
5.915010672433995698e-01,9.230756721496582884e+00,1.063750120162963952e+01,5.819999999999999396e+00,0.000000000000000000e+00
5.915720544679784476e-01,9.372731170654297728e+00,1.063750120162963952e+01,5.819999999999999396e+00,3.750000000000000000e+05
6.036555906955973771e-01,1.324987030029297075e-01,2.317559204101562464e+00,5.819999999999999396e+00,0.000000000000000000e+00
6.037195083324686795e-01,1.324987030029297075e-01,2.189723930358886683e+00,5.819999999999999396e+00,3.750000000000000000e+05
6.159887071258729474e-01,9.514706573486328978e+00,1.063750120162963952e+01,5.819999999999999396e+00,0.000000000000000000e+00
6.160596948272889506e-01,9.656681976318360228e+00,1.063750120162963952e+01,5.819999999999999396e+00,3.750000000000000000e+05
6.285145555663302908e-01,1.324987030029297075e-01,2.061889610290527308e+00,5.819999999999999396e+00,0.000000000000000000e+00
6.285784732032015931e-01,1.324987030029297075e-01,1.934054336547851527e+00,5.819999999999999396e+00,3.750000000000000000e+05
6.412189965080283827e-01,9.798657379150391478e+00,1.063750120162963952e+01,5.819999999999999396e+00,0.000000000000000000e+00
6.412899842094443859e-01,9.940632781982422728e+00,1.063750120162963952e+01,5.819999999999999396e+00,3.750000000000000000e+05
6.541161707002048908e-01,1.324987030029297075e-01,1.806218109130859339e+00,5.819999999999999396e+00,0.000000000000000000e+00
6.541800878602390679e-01,1.324987030029297075e-01,1.678383789062499964e+00,5.819999999999999396e+00,3.750000000000000000e+05
6.671919362966366451e-01,1.008260818481445398e+01,1.063750120162963952e+01,5.819999999999999396e+00,0.000000000000000000e+00
6.672629239980526483e-01,1.022458358764648523e+01,1.063750120162963952e+01,5.819999999999999396e+00,3.750000000000000000e+05
6.804604356203839410e-01,1.324987030029297075e-01,1.550547561645507777e+00,5.819999999999999396e+00,0.000000000000000000e+00
6.805243527804181181e-01,1.324987030029297075e-01,1.422713241577148402e+00,5.819999999999999396e+00,3.750000000000000000e+05
6.939075256596418662e-01,1.036655803680420007e+01,1.063750120162963952e+01,5.819999999999999396e+00,0.000000000000000000e+00
6.939785133610578693e-01,1.050853343963623132e+01,1.063750120162963952e+01,5.819999999999999396e+00,3.750000000000000000e+05
7.075473481859186897e-01,1.324987030029297075e-01,1.294878921508789027e+00,5.819999999999999396e+00,0.000000000000000000e+00
7.076112662996272284e-01,1.324987030029297075e-01,1.167042694091796839e+00,5.819999999999999396e+00,3.750000000000000000e+05
7.213657643104217643e-01,1.065050884246826257e+01,1.063750120162963952e+01,5.819999999999999396e+00,0.000000000000000000e+00
7.214367520118377675e-01,1.079248424530029382e+01,1.063750120162963952e+01,5.819999999999999396e+00,3.750000000000000000e+05
7.353769119682693756e-01,1.324987030029297075e-01,1.039208374023437464e+00,5.819999999999999396e+00,0.000000000000000000e+00
7.354408300819779143e-01,1.324987030029297075e-01,9.113721466064452770e-01,5.819999999999999396e+00,3.750000000000000000e+05
7.495666532243433489e-01,1.093445964813232507e+01,1.063750120162963952e+01,5.819999999999999396e+00,0.000000000000000000e+00
7.496376409257593521e-01,1.107643505096435632e+01,1.063750120162963952e+01,5.819999999999999396e+00,3.750000000000000000e+05
7.639491260137618589e-01,1.324987030029297075e-01,7.835378265380859020e-01,5.819999999999999396e+00,0.000000000000000000e+00
7.640130441274703976e-01,1.324987030029297075e-01,6.557015991210937145e-01,5.819999999999999396e+00,3.750000000000000000e+05
7.785101924014066199e-01,1.121841045379638757e+01,1.063750120162963952e+01,5.819999999999999396e+00,0.000000000000000000e+00
7.785811796259854978e-01,1.136038490295410242e+01,1.063750120162963952e+01,5.819999999999999396e+00,3.750000000000000000e+05
7.932639891568141755e-01,1.324987030029297075e-01,5.278672790527343395e-01,5.819999999999999396e+00,0.000000000000000000e+00
7.933279063168483525e-01,1.324987030029297075e-01,4.000329589843750200e-01,5.819999999999999396e+00,3.750000000000000000e+05
8.081963777933141024e-01,1.150236030578613367e+01,1.063750120162963952e+01,5.819999999999999396e+00,0.000000000000000000e+00
8.082673654947301056e-01,1.164433570861816492e+01,1.063750120162963952e+01,5.819999999999999396e+00,3.750000000000000000e+05
8.233215001571295710e-01,1.324987030029297075e-01,2.721967315673828325e-01,5.819999999999999396e+00,0.000000000000000000e+00
8.233854173171637481e-01,1.324987030029297075e-01,1.443624114990234575e-01,5.819999999999999396e+00,3.750000000000000000e+05
8.386252139252002857e-01,1.178631111145019617e+01,1.063750120162963952e+01,5.819999999999999396e+00,0.000000000000000000e+00
8.386962016266162889e-01,1.192828651428222742e+01,1.063750120162963952e+01,5.819999999999999396e+00,3.750000000000000000e+05
8.539532245796996879e-01,2.613019561767578325e-01,1.325006103515625200e-01,5.819999999999999396e+00,0.000000000000000000e+00
8.540242122811156911e-01,4.032773590087890825e-01,1.325006103515625200e-01,5.819999999999999396e+00,3.750000000000000000e+05
8.692812352341990900e-01,1.207026191711425867e+01,1.063750120162963952e+01,5.819999999999999396e+00,0.000000000000000000e+00
8.693522229356150932e-01,1.221223731994628992e+01,1.063750120162963952e+01,5.819999999999999396e+00,3.750000000000000000e+05
8.846092458886984922e-01,5.452527618408202770e-01,1.325006103515625200e-01,5.819999999999999396e+00,0.000000000000000000e+00
8.846802335901144954e-01,6.872281646728515270e-01,1.325006103515625200e-01,5.819999999999999396e+00,3.750000000000000000e+05
8.999372565431978943e-01,1.235421272277832117e+01,1.063750120162963952e+01,5.819999999999999396e+00,0.000000000000000000e+00
9.000082437677767722e-01,1.249618717193603601e+01,1.063750120162963952e+01,5.819999999999999396e+00,3.750000000000000000e+05
9.152652660321156652e-01,8.292035675048827770e-01,1.325006103515625200e-01,5.819999999999999396e+00,0.000000000000000000e+00
9.153362537335316684e-01,9.711789703369140270e-01,1.325006103515625200e-01,5.819999999999999396e+00,3.750000000000000000e+05
9.305932759978705615e-01,1.263816257476806726e+01,1.063750120162963952e+01,5.819999999999999396e+00,0.000000000000000000e+00
9.306642636992865647e-01,1.278013797760009851e+01,1.063750120162963952e+01,5.819999999999999396e+00,3.750000000000000000e+05
9.459212859636254578e-01,1.113154373168945277e+00,1.325006103515625200e-01,5.819999999999999396e+00,0.000000000000000000e+00
9.459922736650414610e-01,1.255129776000976527e+00,1.325006103515625200e-01,5.819999999999999396e+00,3.750000000000000000e+05
9.612492959293803541e-01,1.292211338043212976e+01,1.063750120162963952e+01,5.819999999999999396e+00,0.000000000000000000e+00
9.613202836307963572e-01,1.306408878326416101e+01,1.063750120162963952e+01,5.819999999999999396e+00,3.750000000000000000e+05
9.765773072726242621e-01,1.397103271484374964e+00,1.325006103515625200e-01,5.819999999999999396e+00,0.000000000000000000e+00
9.766482949740402653e-01,1.539078674316406214e+00,1.325006103515625200e-01,5.819999999999999396e+00,3.750000000000000000e+05
9.919053186158681701e-01,1.320606418609619226e+01,1.063750120162963952e+01,5.819999999999999396e+00,0.000000000000000000e+00
9.919763063172841733e-01,1.334803958892822351e+01,1.063750120162963952e+01,5.819999999999999396e+00,3.750000000000000000e+05
1.007233329959112078e+00,1.681054077148437464e+00,1.325006103515625200e-01,5.819999999999999396e+00,0.000000000000000000e+00
1.007304317660528081e+00,1.823029479980468714e+00,1.325006103515625200e-01,5.819999999999999396e+00,3.750000000000000000e+05
1.022561340613611369e+00,1.349001403808593835e+01,1.063750120162963952e+01,5.819999999999999396e+00,0.000000000000000000e+00
1.022632328315027372e+00,1.363198944091796960e+01,1.063750120162963952e+01,5.819999999999999396e+00,3.750000000000000000e+05
1.037889351268110660e+00,1.965004882812499964e+00,1.325006103515625200e-01,5.819999999999999396e+00,0.000000000000000000e+00
1.037960338969526664e+00,2.106980285644531214e+00,1.325006103515625200e-01,5.819999999999999396e+00,3.750000000000000000e+05
1.053217361922609951e+00,1.377396484375000085e+01,1.063750120162963952e+01,5.819999999999999396e+00,0.000000000000000000e+00
1.053288349624025955e+00,1.391594024658203210e+01,1.063750120162963952e+01,5.819999999999999396e+00,3.750000000000000000e+05
1.068545372577109243e+00,2.248955688476562464e+00,1.325006103515625200e-01,5.819999999999999396e+00,0.000000000000000000e+00
1.068616360278525246e+00,2.390931091308593714e+00,1.325006103515625200e-01,5.819999999999999396e+00,3.750000000000000000e+05
1.083873383231608534e+00,1.405791564941406335e+01,1.063750120162963952e+01,5.819999999999999396e+00,0.000000000000000000e+00
1.083944370933024537e+00,1.419989105224609460e+01,1.063750120162963952e+01,5.819999999999999396e+00,3.750000000000000000e+05
1.099201393886107825e+00,2.532906494140624964e+00,1.325006103515625200e-01,5.819999999999999396e+00,0.000000000000000000e+00
1.099272381587523828e+00,2.674881896972656214e+00,1.325006103515625200e-01,5.819999999999999396e+00,3.750000000000000000e+05
1.114529404540607116e+00,1.434186645507812585e+01,1.063750120162963952e+01,5.819999999999999396e+00,0.000000000000000000e+00
1.114600391765185883e+00,1.448384090423584070e+01,1.063750120162963952e+01,5.819999999999999396e+00,3.750000000000000000e+05
1.129857414029524776e+00,2.816857299804687464e+00,1.325006103515625200e-01,5.819999999999999396e+00,0.000000000000000000e+00
1.129928401730940779e+00,2.958832702636718714e+00,1.325006103515625200e-01,5.819999999999999396e+00,3.750000000000000000e+05
1.145185423995279672e+00,1.462581630706787195e+01,1.063750120162963952e+01,5.819999999999999396e+00,0.000000000000000000e+00
1.145256411696695675e+00,1.476779170989990320e+01,1.063750120162963952e+01,5.819999999999999396e+00,3.750000000000000000e+05
1.160513433961034568e+00,3.100808105468749964e+00,1.325006103515625200e-01,5.819999999999999396e+00,0.000000000000000000e+00
1.160584421662450572e+00,3.242783508300781214e+00,1.325006103515625200e-01,5.819999999999999396e+00,3.750000000000000000e+05
1.175841443926789465e+00,1.490976711273193445e+01,1.063750120162963952e+01,5.819999999999999396e+00,0.000000000000000000e+00
1.175912431628205468e+00,1.505174251556396570e+01,1.063750120162963952e+01,5.819999999999999396e+00,3.750000000000000000e+05
1.191169455270033373e+00,3.384757003784179652e+00,1.325006103515625200e-01,5.819999999999999396e+00,0.000000000000000000e+00
1.191240442971449376e+00,3.526732406616210902e+00,1.325006103515625200e-01,5.819999999999999396e+00,3.750000000000000000e+05
1.206497466613277281e+00,1.519371791839599695e+01,1.063750120162963952e+01,5.819999999999999396e+00,0.000000000000000000e+00
1.206568454314693284e+00,1.533569332122802820e+01,1.063750120162963952e+01,5.819999999999999396e+00,3.750000000000000000e+05
1.221825477956521189e+00,3.668707809448242152e+00,1.325006103515625200e-01,5.819999999999999396e+00,0.000000000000000000e+00
1.221896465657937192e+00,3.810683212280273402e+00,1.325006103515625200e-01,5.819999999999999396e+00,3.750000000000000000e+05
1.237153489299765097e+00,1.547766872406005945e+01,1.063750120162963952e+01,5.819999999999999396e+00,0.000000000000000000e+00
1.237224476524343864e+00,1.561964317321777429e+01,1.063750120162963952e+01,5.819999999999999396e+00,3.750000000000000000e+05
1.252481499477427151e+00,3.952658615112304652e+00,1.325006103515625200e-01,5.819999999999999396e+00,0.000000000000000000e+00
1.252552487178843155e+00,4.094634017944335902e+00,1.325006103515625200e-01,5.819999999999999396e+00,3.750000000000000000e+05
1.267809510131926443e+00,1.576161857604980554e+01,1.063750120162963952e+01,5.819999999999999396e+00,0.000000000000000000e+00
1.267880497833342446e+00,1.590359397888183679e+01,1.063750120162963952e+01,5.819999999999999396e+00,3.750000000000000000e+05
1.283137520786425734e+00,4.236609420776367152e+00,1.325006103515625200e-01,5.819999999999999396e+00,0.000000000000000000e+00
1.283208508487841737e+00,4.378584823608398402e+00,1.325006103515625200e-01,5.819999999999999396e+00,3.750000000000000000e+05
1.298465531440925025e+00,1.604556938171386804e+01,1.063750120162963952e+01,5.819999999999999396e+00,0.000000000000000000e+00
1.298536518665503792e+00,1.618754383087158288e+01,1.063750120162963952e+01,5.819999999999999396e+00,3.750000000000000000e+05
1.313793540929842685e+00,4.520560226440429652e+00,1.325006103515625200e-01,5.819999999999999396e+00,0.000000000000000000e+00
1.313864528631258688e+00,4.662535629272460902e+00,1.325006103515625200e-01,5.819999999999999396e+00,3.750000000000000000e+05
1.329121550895597581e+00,1.632951923370361413e+01,1.063750120162963952e+01,5.819999999999999396e+00,0.000000000000000000e+00
1.329192538597013584e+00,1.647149463653564538e+01,1.063750120162963952e+01,5.819999999999999396e+00,3.750000000000000000e+05
1.344449560861352477e+00,4.804511032104492152e+00,1.325006103515625200e-01,5.819999999999999396e+00,0.000000000000000000e+00
1.344520548562768480e+00,4.946486434936523402e+00,1.325006103515625200e-01,5.819999999999999396e+00,3.750000000000000000e+05
1.359777570827107374e+00,1.661347003936767663e+01,1.063750120162963952e+01,5.819999999999999396e+00,0.000000000000000000e+00
1.359848558528523377e+00,1.675544544219970788e+01,1.063750120162963952e+01,5.819999999999999396e+00,3.750000000000000000e+05
1.375105580792862270e+00,5.088461837768554652e+00,1.325006103515625200e-01,5.819999999999999396e+00,0.000000000000000000e+00
1.375176567540604022e+00,5.230435333251953089e+00,1.325006103515625200e-01,5.819999999999999396e+00,3.750000000000000000e+05
1.390433591182431927e+00,1.689742084503173913e+01,1.063750120162963952e+01,5.819999999999999396e+00,0.000000000000000000e+00
1.390504578883847930e+00,1.703939624786377038e+01,1.063750120162963952e+01,5.819999999999999396e+00,3.750000000000000000e+05
1.405761602525675835e+00,5.372410736083984339e+00,1.325006103515625200e-01,5.819999999999999396e+00,0.000000000000000000e+00
1.405832590227091838e+00,5.514386138916015589e+00,1.325006103515625200e-01,5.819999999999999396e+00,3.750000000000000000e+05
1.421089613868919743e+00,1.718137165069580163e+01,1.063750120162963952e+01,5.819999999999999396e+00,0.000000000000000000e+00
1.421160601570335746e+00,1.732334705352783288e+01,1.063750120162963952e+01,5.819999999999999396e+00,3.750000000000000000e+05
1.436417625212163651e+00,5.656361541748046839e+00,1.325006103515625200e-01,5.819999999999999396e+00,0.000000000000000000e+00
1.436488612913579654e+00,5.798336944580078089e+00,1.325006103515625200e-01,5.819999999999999396e+00,3.750000000000000000e+05
1.451745636555407559e+00,1.746532245635986413e+01,1.063750120162963952e+01,5.819999999999999396e+00,0.000000000000000000e+00
1.451816624256823562e+00,1.760729785919189538e+01,1.063750120162963952e+01,5.819999999999999396e+00,3.750000000000000000e+05
1.467073647898651467e+00,5.940312347412109339e+00,1.325006103515625200e-01,5.819999999999999396e+00,0.000000000000000000e+00
1.467144635600067470e+00,6.082287750244140589e+00,1.325006103515625200e-01,5.819999999999999396e+00,3.750000000000000000e+05
1.482401659241895375e+00,1.774927326202392663e+01,1.063750120162963952e+01,5.819999999999999396e+00,0.000000000000000000e+00
1.482472646943311378e+00,1.789124866485595788e+01,1.063750120162963952e+01,5.819999999999999396e+00,3.750000000000000000e+05
1.497729670585139283e+00,6.224263153076171839e+00,1.325006103515625200e-01,5.819999999999999396e+00,0.000000000000000000e+00
1.497800658286555286e+00,6.366238555908203089e+00,1.325006103515625200e-01,5.819999999999999396e+00,3.750000000000000000e+05
1.513057681928383191e+00,1.803322406768798913e+01,1.063750120162963952e+01,5.819999999999999396e+00,0.000000000000000000e+00
1.513128668676124944e+00,1.817519756317138757e+01,1.063750120162963952e+01,5.819999999999999396e+00,3.750000000000000000e+05
1.528385690940463837e+00,6.508213958740234339e+00,1.325006103515625200e-01,5.819999999999999396e+00,0.000000000000000000e+00
1.528456678641879840e+00,6.650189361572265589e+00,1.325006103515625200e-01,5.819999999999999396e+00,3.750000000000000000e+05
1.543713700906218733e+00,1.831717296600341882e+01,1.063750120162963952e+01,5.819999999999999396e+00,0.000000000000000000e+00
1.543784688607634736e+00,1.845914836883545007e+01,1.063750120162963952e+01,5.819999999999999396e+00,3.750000000000000000e+05
1.559041711560718024e+00,6.792163810729980433e+00,1.325006103515625200e-01,5.819999999999999396e+00,0.000000000000000000e+00
1.559112699262134027e+00,6.934139213562011683e+00,1.325006103515625200e-01,5.819999999999999396e+00,3.750000000000000000e+05
1.574369722215217315e+00,1.860112377166748132e+01,1.063750120162963952e+01,5.819999999999999396e+00,0.000000000000000000e+00
1.574440709916633319e+00,1.874309917449951257e+01,1.063750120162963952e+01,5.819999999999999396e+00,3.750000000000000000e+05
1.589697732869716607e+00,7.076114616394042933e+00,1.325006103515625200e-01,5.819999999999999396e+00,0.000000000000000000e+00
1.589768720571132610e+00,7.218090019226074183e+00,1.325006103515625200e-01,5.819999999999999396e+00,3.750000000000000000e+05
1.605025743524215898e+00,1.888507457733154382e+01,1.063750120162963952e+01,5.819999999999999396e+00,0.000000000000000000e+00
1.605096731225631901e+00,1.902704998016357507e+01,1.063750120162963952e+01,5.819999999999999396e+00,3.750000000000000000e+05
1.620353754178715189e+00,7.360065422058105433e+00,1.325006103515625200e-01,5.819999999999999396e+00,0.000000000000000000e+00
1.620424741880131192e+00,7.502040824890136683e+00,1.325006103515625200e-01,5.819999999999999396e+00,3.750000000000000000e+05
1.635681764833214480e+00,1.916902538299560632e+01,1.063750120162963952e+01,5.819999999999999396e+00,0.000000000000000000e+00
1.635752752534630483e+00,1.931100078582763757e+01,1.063750120162963952e+01,5.819999999999999396e+00,3.750000000000000000e+05
1.651009775487713771e+00,7.644016227722167933e+00,1.325006103515625200e-01,5.819999999999999396e+00,0.000000000000000000e+00
1.651080763189129774e+00,7.785991630554199183e+00,1.325006103515625200e-01,5.819999999999999396e+00,3.750000000000000000e+05
1.666337786142213062e+00,1.945297618865966882e+01,1.063750120162963952e+01,5.819999999999999396e+00,0.000000000000000000e+00
1.666408773843629065e+00,1.959495159149170007e+01,1.063750120162963952e+01,5.819999999999999396e+00,3.750000000000000000e+05
1.681665797485456970e+00,7.927966079711914027e+00,1.325006103515625200e-01,5.819999999999999396e+00,0.000000000000000000e+00
1.681736785186872973e+00,8.069941482543946165e+00,1.325006103515625200e-01,5.819999999999999396e+00,3.750000000000000000e+05
1.696993808828700878e+00,1.973692699432373132e+01,1.063750120162963952e+01,5.819999999999999396e+00,0.000000000000000000e+00
1.697064796530116881e+00,1.987890239715576257e+01,1.063750120162963952e+01,5.819999999999999396e+00,3.750000000000000000e+05
1.712321820171944786e+00,8.211916885375977415e+00,1.325006103515625200e-01,5.819999999999999396e+00,0.000000000000000000e+00
1.712392807873360789e+00,8.353892288208008665e+00,1.325006103515625200e-01,5.819999999999999396e+00,3.750000000000000000e+05
1.727649831515188694e+00,2.002087779998779382e+01,1.063750120162963952e+01,5.819999999999999396e+00,0.000000000000000000e+00
1.727720818262930447e+00,2.016285129547119226e+01,1.063750120162963952e+01,5.819999999999999396e+00,3.750000000000000000e+05
1.742977840527269340e+00,8.495867691040039915e+00,1.325006103515625200e-01,5.819999999999999396e+00,0.000000000000000000e+00
1.743048828228685343e+00,8.637843093872071165e+00,1.325006103515625200e-01,5.819999999999999396e+00,3.750000000000000000e+05
1.758305850493024236e+00,2.030482669830322351e+01,1.063750120162963952e+01,5.819999999999999396e+00,0.000000000000000000e+00
1.758376838194440239e+00,2.044680210113525476e+01,1.063750120162963952e+01,5.819999999999999396e+00,3.750000000000000000e+05
1.773633860458779132e+00,8.779818496704102415e+00,1.325006103515625200e-01,5.819999999999999396e+00,0.000000000000000000e+00
1.773704848160195136e+00,8.921793899536133665e+00,1.325006103515625200e-01,5.819999999999999396e+00,3.750000000000000000e+05
1.788961870424534029e+00,2.058877750396728601e+01,1.063750120162963952e+01,5.819999999999999396e+00,0.000000000000000000e+00
1.789032858125950032e+00,2.073075290679931726e+01,1.063750120162963952e+01,5.819999999999999396e+00,3.750000000000000000e+05
1.804289880390288925e+00,9.063769302368164915e+00,1.325006103515625200e-01,5.819999999999999396e+00,0.000000000000000000e+00
1.804360867614867692e+00,9.205743751525879759e+00,1.325006103515625200e-01,5.819999999999999396e+00,3.750000000000000000e+05
1.819617890567950980e+00,2.087272830963134851e+01,1.063750120162963952e+01,5.819999999999999396e+00,0.000000000000000000e+00
1.819688878269366983e+00,2.101470371246337976e+01,1.063750120162963952e+01,5.819999999999999396e+00,3.750000000000000000e+05
1.834945901222450271e+00,9.347719154357911009e+00,1.325006103515625200e-01,5.819999999999999396e+00,0.000000000000000000e+00
1.835016888923866274e+00,9.489694557189942259e+00,1.325006103515625200e-01,5.819999999999999396e+00,3.750000000000000000e+05
1.850273911876949562e+00,2.115667911529541101e+01,1.063750120162963952e+01,5.819999999999999396e+00,0.000000000000000000e+00
1.850344899578365565e+00,2.129865451812744226e+01,1.063750120162963952e+01,5.819999999999999396e+00,3.750000000000000000e+05
1.865601922531448853e+00,9.631669960021973509e+00,1.325006103515625200e-01,5.819999999999999396e+00,0.000000000000000000e+00
1.865672910232864856e+00,9.773645362854004759e+00,1.325006103515625200e-01,5.819999999999999396e+00,3.750000000000000000e+05
1.880929933185948144e+00,2.144062992095947351e+01,1.063750120162963952e+01,5.819999999999999396e+00,0.000000000000000000e+00
1.881000920857561765e+00,2.158260526418685998e+01,1.063750120162963952e+01,5.819999999999999396e+00,3.750000000000000000e+05
1.896257943767598597e+00,9.915620765686036009e+00,1.325006103515625200e-01,5.819999999999999396e+00,0.000000000000000000e+00
1.896328931469014600e+00,1.005759616851806726e+01,1.325006103515625200e-01,5.819999999999999396e+00,3.750000000000000000e+05
1.911585954379051433e+00,2.172458066701889123e+01,1.063750120162963952e+01,5.819999999999999396e+00,0.000000000000000000e+00
1.911656942080467436e+00,2.186655606985092248e+01,1.063750120162963952e+01,5.819999999999999396e+00,3.750000000000000000e+05
1.926913965679248886e+00,1.019957061767578210e+01,1.325006103515625200e-01,5.819999999999999396e+00,0.000000000000000000e+00
1.926984953380664889e+00,1.034154602050781335e+01,1.325006103515625200e-01,5.819999999999999396e+00,3.750000000000000000e+05
1.942241977000969566e+00,2.200853150248527612e+01,1.063750120162963952e+01,5.819999999999999396e+00,0.000000000000000000e+00
1.942312964702385569e+00,2.215050690531730737e+01,1.063750120162963952e+01,5.819999999999999396e+00,3.750000000000000000e+05
1.957569988322690246e+00,1.048352142333984460e+01,1.325006103515625200e-01,5.819999999999999396e+00,0.000000000000000000e+00
1.957640976024106250e+00,1.062549682617187585e+01,1.325006103515625200e-01,5.819999999999999396e+00,3.750000000000000000e+05
1.972897998256160301e+00,2.229248038589954461e+01,1.063750120162963952e+01,5.819999999999999396e+00,0.000000000000000000e+00
1.972968985961301547e+00,2.243445579618215646e+01,1.063750120162963952e+01,5.819999999999999396e+00,3.750000000000000000e+05
1.988226008198736405e+00,1.076747222900390710e+01,1.325006103515625200e-01,5.819999999999999396e+00,0.000000000000000000e+00
1.988296995900152409e+00,1.090944763183593835e+01,1.325006103515625200e-01,5.819999999999999396e+00,3.750000000000000000e+05
2.003554018137587267e+00,2.257643119901418771e+01,1.063750120162963952e+01,5.819999999999999396e+00,0.000000000000000000e+00
2.003625005835278028e+00,2.271840659439563836e+01,1.063750120162963952e+01,5.819999999999999396e+00,3.750000000000000000e+05
2.018882028067332080e+00,1.105142303466796960e+01,1.325006103515625200e-01,5.819999999999999396e+00,0.000000000000000000e+00
2.018953015291911068e+00,1.119339748382568445e+01,1.325006103515625200e-01,5.819999999999999396e+00,3.750000000000000000e+05
2.034210038223471351e+00,2.286038201212883081e+01,1.063750120162963952e+01,5.819999999999999396e+00,0.000000000000000000e+00
2.034281025909986163e+00,2.300235738515853967e+01,1.063750120162963952e+01,5.819999999999999396e+00,3.750000000000000000e+05
2.049538048820023217e+00,1.133537288665771570e+01,1.325006103515625200e-01,5.819999999999999396e+00,0.000000000000000000e+00
2.049609036521439442e+00,1.147734828948974695e+01,1.325006103515625200e-01,5.819999999999999396e+00,3.750000000000000000e+05
2.064866059431476497e+00,2.314433278799057092e+01,1.063750120162963952e+01,5.819999999999999396e+00,0.000000000000000000e+00
2.064937047132892722e+00,2.328630819082260217e+01,1.063750120162963952e+01,5.819999999999999396e+00,3.750000000000000000e+05
2.080194070042929777e+00,1.161932369232177820e+01,1.325006103515625200e-01,5.819999999999999396e+00,0.000000000000000000e+00
2.080265057744346002e+00,1.176129909515380945e+01,1.325006103515625200e-01,5.819999999999999396e+00,3.750000000000000000e+05
2.095522080654383057e+00,2.342828359365463342e+01,1.063750120162963952e+01,5.819999999999999396e+00,0.000000000000000000e+00
2.095593068385601221e+00,2.357025905609130945e+01,1.063750120162963952e+01,5.819999999999999396e+00,3.750000000000000000e+05
2.110850091338684731e+00,1.190327449798584070e+01,1.325006103515625200e-01,5.819999999999999396e+00,0.000000000000000000e+00
2.110921079040100956e+00,1.204524990081787195e+01,1.325006103515625200e-01,5.819999999999999396e+00,3.750000000000000000e+05
2.126178101993184466e+00,2.371223445892334070e+01,1.063750120162963952e+01,5.819999999999999396e+00,0.000000000000000000e+00
2.126249089694600691e+00,2.385420986175537195e+01,1.063750120162963952e+01,5.819999999999999396e+00,3.750000000000000000e+05
2.141506112647684201e+00,1.218722530364990320e+01,1.325006103515625200e-01,5.819999999999999396e+00,0.000000000000000000e+00
2.141577099872263190e+00,1.232919975280761804e+01,1.325006103515625200e-01,5.819999999999999396e+00,3.750000000000000000e+05
2.156834123514091317e+00,2.399618526458740320e+01,1.063750120162963952e+01,5.819999999999999396e+00,0.000000000000000000e+00
2.156905111215507542e+00,2.413816066741943445e+01,1.063750120162963952e+01,5.819999999999999396e+00,3.750000000000000000e+05
2.172162134857335669e+00,1.247117515563964929e+01,1.325006103515625200e-01,5.819999999999999396e+00,0.000000000000000000e+00
2.172233122558751894e+00,1.261315055847168054e+01,1.325006103515625200e-01,5.819999999999999396e+00,3.750000000000000000e+05
2.187490146200580021e+00,2.428013607025146570e+01,1.063750120162963952e+01,5.819999999999999396e+00,0.000000000000000000e+00
2.187561132948321774e+00,2.442210956573486413e+01,1.063750120162963952e+01,5.819999999999999396e+00,3.750000000000000000e+05
2.202818155212660667e+00,1.275512596130371179e+01,1.325006103515625200e-01,5.819999999999999396e+00,0.000000000000000000e+00
2.202889142914076892e+00,1.289710136413574304e+01,1.325006103515625200e-01,5.819999999999999396e+00,3.750000000000000000e+05
2.218146165178415785e+00,2.456408496856689538e+01,1.063750120162963952e+01,5.819999999999999396e+00,0.000000000000000000e+00
2.218217152879832010e+00,2.470606037139892663e+01,1.063750120162963952e+01,5.819999999999999396e+00,3.750000000000000000e+05
2.233474175144170903e+00,1.303907676696777429e+01,1.325006103515625200e-01,5.819999999999999396e+00,0.000000000000000000e+00
2.233545162845587129e+00,1.318105216979980554e+01,1.325006103515625200e-01,5.819999999999999396e+00,3.750000000000000000e+05
2.248802185109926022e+00,2.484803577423095788e+01,1.063750120162963952e+01,5.819999999999999396e+00,0.000000000000000000e+00
2.248873172811342247e+00,2.499001117706298913e+01,1.063750120162963952e+01,5.819999999999999396e+00,3.750000000000000000e+05
2.264130195764425757e+00,1.332302661895752038e+01,1.325006103515625200e-01,5.819999999999999396e+00,0.000000000000000000e+00
2.264201183465841982e+00,1.346500202178955163e+01,1.325006103515625200e-01,5.819999999999999396e+00,3.750000000000000000e+05
2.279458206418925492e+00,2.513198657989502038e+01,1.063750120162963952e+01,5.819999999999999396e+00,0.000000000000000000e+00
2.279529194120341717e+00,2.527396198272705163e+01,1.063750120162963952e+01,5.819999999999999396e+00,3.750000000000000000e+05
2.294786217073425227e+00,1.360697742462158288e+01,1.325006103515625200e-01,5.819999999999999396e+00,0.000000000000000000e+00
2.294857204774841453e+00,1.374895282745361413e+01,1.325006103515625200e-01,5.819999999999999396e+00,3.750000000000000000e+05
2.310114227727924963e+00,2.541593738555908288e+01,1.063750120162963952e+01,5.819999999999999396e+00,0.000000000000000000e+00
2.310185215429341188e+00,2.555791278839111413e+01,1.063750120162963952e+01,5.819999999999999396e+00,3.750000000000000000e+05
2.325442238382424698e+00,1.389092823028564538e+01,1.325006103515625200e-01,5.819999999999999396e+00,0.000000000000000000e+00
2.325513226083840923e+00,1.403290363311767663e+01,1.325006103515625200e-01,5.819999999999999396e+00,3.750000000000000000e+05
2.340770249036924433e+00,2.569988819122314538e+01,1.063750120162963952e+01,5.819999999999999396e+00,0.000000000000000000e+00
2.340841236738340658e+00,2.584186359405517663e+01,1.063750120162963952e+01,5.819999999999999396e+00,3.750000000000000000e+05
2.356098259691424168e+00,1.417487903594970788e+01,1.325006103515625200e-01,5.819999999999999396e+00,0.000000000000000000e+00
2.356169246916003157e+00,1.431685348510742273e+01,1.325006103515625200e-01,5.819999999999999396e+00,3.750000000000000000e+05
2.371426270557831284e+00,2.598383899688720788e+01,1.063750120162963952e+01,5.819999999999999396e+00,0.000000000000000000e+00
2.371497258259247509e+00,2.612581439971923913e+01,1.063750120162963952e+01,5.819999999999999396e+00,3.750000000000000000e+05
2.386754281901075636e+00,1.445882888793945398e+01,1.325006103515625200e-01,5.819999999999999396e+00,0.000000000000000000e+00
2.386825269602491861e+00,1.460080429077148523e+01,1.325006103515625200e-01,5.819999999999999396e+00,3.750000000000000000e+05
2.402082293244319988e+00,2.626778980255127038e+01,1.063750120162963952e+01,5.819999999999999396e+00,0.000000000000000000e+00
2.402153279992061741e+00,2.640976329803466882e+01,1.063750120162963952e+01,5.819999999999999396e+00,3.750000000000000000e+05
2.417410302256400634e+00,1.474277969360351648e+01,1.325006103515625200e-01,5.819999999999999396e+00,0.000000000000000000e+00
2.417481289957816859e+00,1.488475509643554773e+01,1.325006103515625200e-01,5.819999999999999396e+00,3.750000000000000000e+05
2.432738312222155752e+00,2.655173870086670007e+01,1.063750120162963952e+01,5.819999999999999396e+00,0.000000000000000000e+00
2.432809299923571977e+00,2.669371410369873132e+01,1.063750120162963952e+01,5.819999999999999396e+00,3.750000000000000000e+05
2.448066322187910870e+00,1.502673049926757898e+01,1.325006103515625200e-01,5.819999999999999396e+00,0.000000000000000000e+00
2.448137309889327096e+00,1.516870590209961023e+01,1.325006103515625200e-01,5.819999999999999396e+00,3.750000000000000000e+05
2.463394332153665989e+00,2.683568950653076257e+01,1.063750120162963952e+01,5.819999999999999396e+00,0.000000000000000000e+00
2.463465319855082214e+00,2.697766490936279382e+01,1.063750120162963952e+01,5.819999999999999396e+00,3.750000000000000000e+05
2.478722342119421107e+00,1.531068130493164148e+01,1.325006103515625200e-01,5.819999999999999396e+00,0.000000000000000000e+00
2.478793329344000096e+00,1.545265575408935632e+01,1.325006103515625200e-01,5.819999999999999396e+00,3.750000000000000000e+05
2.494050352297083606e+00,2.711964031219482507e+01,1.063750120162963952e+01,5.819999999999999396e+00,0.000000000000000000e+00
2.494121339998499831e+00,2.726161571502685632e+01,1.063750120162963952e+01,5.819999999999999396e+00,3.750000000000000000e+05
2.509378362951583341e+00,1.559463115692138757e+01,1.325006103515625200e-01,5.819999999999999396e+00,0.000000000000000000e+00
2.509449350652999566e+00,1.573660655975341882e+01,1.325006103515625200e-01,5.819999999999999396e+00,3.750000000000000000e+05
2.524706373606083076e+00,2.740359111785888757e+01,1.063750120162963952e+01,5.819999999999999396e+00,0.000000000000000000e+00
2.524777361307499302e+00,2.754556652069091882e+01,1.063750120162963952e+01,5.819999999999999396e+00,3.750000000000000000e+05
2.540034384260582812e+00,1.587858196258545007e+01,1.325006103515625200e-01,5.819999999999999396e+00,0.000000000000000000e+00
2.540105371961999037e+00,1.602055736541748132e+01,1.325006103515625200e-01,5.819999999999999396e+00,3.750000000000000000e+05
2.555362394915082547e+00,2.768754192352295007e+01,1.063750120162963952e+01,5.819999999999999396e+00,0.000000000000000000e+00
2.555433382616498772e+00,2.782951732635498132e+01,1.063750120162963952e+01,5.819999999999999396e+00,3.750000000000000000e+05
2.570690405569582282e+00,1.616253276824951257e+01,1.325006103515625200e-01,5.819999999999999396e+00,0.000000000000000000e+00
2.570761393270998507e+00,1.630450817108154382e+01,1.325006103515625200e-01,5.819999999999999396e+00,3.750000000000000000e+05
2.586018416224082017e+00,2.797149272918701257e+01,1.063750120162963952e+01,5.819999999999999396e+00,0.000000000000000000e+00
2.586089403925498242e+00,2.811346813201904382e+01,1.063750120162963952e+01,5.819999999999999396e+00,3.750000000000000000e+05
2.601346426878581752e+00,1.644648357391357507e+01,1.325006103515625200e-01,5.819999999999999396e+00,0.000000000000000000e+00
2.601417414579997978e+00,1.658845897674560632e+01,1.325006103515625200e-01,5.819999999999999396e+00,3.750000000000000000e+05
2.616674437533081488e+00,2.825544353485107507e+01,1.063750120162963952e+01,5.819999999999999396e+00,0.000000000000000000e+00
2.616745425234497713e+00,2.839741893768310632e+01,1.063750120162963952e+01,5.819999999999999396e+00,3.750000000000000000e+05
2.632002448187581223e+00,1.673043437957763757e+01,1.325006103515625200e-01,5.819999999999999396e+00,0.000000000000000000e+00
2.632073435888997448e+00,1.687240978240966882e+01,1.325006103515625200e-01,5.819999999999999396e+00,3.750000000000000000e+05
2.647330457464591724e+00,2.853939243316650476e+01,1.063750120162963952e+01,5.819999999999999396e+00,0.000000000000000000e+00
2.647401445166007949e+00,2.868136783599853601e+01,1.063750120162963952e+01,5.819999999999999396e+00,3.750000000000000000e+05
2.662658468119091459e+00,1.701438327789306726e+01,1.325006103515625200e-01,5.819999999999999396e+00,0.000000000000000000e+00
2.662729455820507685e+00,1.715635868072509851e+01,1.325006103515625200e-01,5.819999999999999396e+00,3.750000000000000000e+05
2.677986478773591195e+00,2.882334323883056726e+01,1.063750120162963952e+01,5.819999999999999396e+00,0.000000000000000000e+00
2.678057466475007420e+00,2.896531864166259851e+01,1.063750120162963952e+01,5.819999999999999396e+00,3.750000000000000000e+05
2.693314489428090930e+00,1.729833408355712976e+01,1.325006103515625200e-01,5.819999999999999396e+00,0.000000000000000000e+00
2.693385477129507155e+00,1.744030948638916101e+01,1.325006103515625200e-01,5.819999999999999396e+00,3.750000000000000000e+05
2.708642500082590665e+00,2.910729404449462976e+01,1.063750120162963952e+01,5.819999999999999396e+00,0.000000000000000000e+00
2.708713487784006890e+00,2.924926944732666101e+01,1.063750120162963952e+01,5.819999999999999396e+00,3.750000000000000000e+05
2.723970510737090400e+00,1.758228488922119226e+01,1.325006103515625200e-01,5.819999999999999396e+00,0.000000000000000000e+00
2.724041498438506625e+00,1.772426029205322351e+01,1.325006103515625200e-01,5.819999999999999396e+00,3.750000000000000000e+05
2.739298521391590135e+00,2.939124485015869226e+01,1.063750120162963952e+01,5.819999999999999396e+00,0.000000000000000000e+00
2.739369509093006361e+00,2.953322025299072351e+01,1.063750120162963952e+01,5.819999999999999396e+00,3.750000000000000000e+05
2.754626532046089871e+00,1.786623569488525476e+01,1.325006103515625200e-01,5.819999999999999396e+00,0.000000000000000000e+00
2.754697519747506096e+00,1.800821109771728601e+01,1.325006103515625200e-01,5.819999999999999396e+00,3.750000000000000000e+05
2.769954542700589606e+00,2.967519565582275476e+01,1.063750120162963952e+01,5.819999999999999396e+00,0.000000000000000000e+00
2.770025530402005831e+00,2.981717105865478601e+01,1.063750120162963952e+01,5.819999999999999396e+00,3.750000000000000000e+05
2.785282553355089341e+00,1.815018650054931726e+01,1.325006103515625200e-01,5.819999999999999396e+00,0.000000000000000000e+00
2.785353541056505566e+00,1.829216190338134851e+01,1.325006103515625200e-01,5.819999999999999396e+00,3.750000000000000000e+05
2.800610564009589076e+00,2.995914646148681726e+01,1.063750120162963952e+01,5.819999999999999396e+00,0.000000000000000000e+00
2.800681551711005302e+00,3.010112186431884851e+01,1.063750120162963952e+01,5.819999999999999396e+00,3.750000000000000000e+05
2.815938574664088812e+00,1.843413730621337976e+01,1.325006103515625200e-01,5.819999999999999396e+00,0.000000000000000000e+00
2.816009562365505037e+00,1.857611270904541101e+01,1.325006103515625200e-01,5.819999999999999396e+00,3.750000000000000000e+05
2.831266585318588547e+00,3.024309726715087976e+01,1.063750120162963952e+01,5.819999999999999396e+00,0.000000000000000000e+00
2.831337573020004772e+00,3.038507266998291101e+01,1.063750120162963952e+01,5.819999999999999396e+00,3.750000000000000000e+05
2.846594595973088282e+00,1.871808811187744226e+01,1.325006103515625200e-01,5.819999999999999396e+00,0.000000000000000000e+00
2.846665583674504507e+00,1.886006351470947351e+01,1.325006103515625200e-01,5.819999999999999396e+00,3.750000000000000000e+05
2.861922605250098783e+00,3.052704616546630945e+01,1.063750120162963952e+01,5.819999999999999396e+00,0.000000000000000000e+00
2.861993592951515009e+00,3.066902156829834070e+01,1.063750120162963952e+01,5.819999999999999396e+00,3.750000000000000000e+05
2.877250615904598519e+00,1.900203701019287195e+01,1.325006103515625200e-01,5.819999999999999396e+00,0.000000000000000000e+00
2.877321603606014744e+00,1.914401241302490320e+01,1.325006103515625200e-01,5.819999999999999396e+00,3.750000000000000000e+05
2.892578626559098254e+00,3.081099697113037195e+01,1.063750120162963952e+01,5.819999999999999396e+00,0.000000000000000000e+00
2.892649614260514479e+00,3.095297237396240320e+01,1.063750120162963952e+01,5.819999999999999396e+00,3.750000000000000000e+05
2.907906637213597989e+00,1.928598781585693445e+01,1.325006103515625200e-01,5.819999999999999396e+00,0.000000000000000000e+00
2.907977624915014214e+00,1.942796321868896570e+01,1.325006103515625200e-01,5.819999999999999396e+00,3.750000000000000000e+05
2.923234647868097724e+00,3.109494777679443445e+01,1.063750120162963952e+01,5.819999999999999396e+00,0.000000000000000000e+00
2.923305635569513949e+00,3.123692317962646570e+01,1.063750120162963952e+01,5.819999999999999396e+00,3.750000000000000000e+05
2.938562658522597459e+00,1.956993862152099695e+01,1.325006103515625200e-01,5.819999999999999396e+00,0.000000000000000000e+00
2.938633646224013685e+00,1.971191402435302820e+01,1.325006103515625200e-01,5.819999999999999396e+00,3.750000000000000000e+05
2.953890669177097195e+00,3.137889858245849695e+01,1.063750120162963952e+01,5.819999999999999396e+00,0.000000000000000000e+00
2.953961656878513420e+00,3.152087398529052820e+01,1.063750120162963952e+01,5.819999999999999396e+00,3.750000000000000000e+05
2.969218679831596930e+00,1.985388942718505945e+01,1.325006103515625200e-01,5.819999999999999396e+00,0.000000000000000000e+00
2.969289667533013155e+00,1.999586483001709070e+01,1.325006103515625200e-01,5.819999999999999396e+00,3.750000000000000000e+05
2.984546690486096665e+00,3.166284938812255945e+01,1.063750120162963952e+01,5.819999999999999396e+00,0.000000000000000000e+00
2.984617678187512890e+00,3.180482479095459070e+01,1.063750120162963952e+01,5.819999999999999396e+00,3.750000000000000000e+05
2.999874701140596400e+00,2.013784023284912195e+01,1.325006103515625200e-01,5.819999999999999396e+00,0.000000000000000000e+00
2.999945688842012625e+00,2.027981563568115320e+01,1.325006103515625200e-01,5.819999999999999396e+00,3.750000000000000000e+05
3.015202711795096135e+00,3.194680019378662195e+01,1.063750120162963952e+01,5.819999999999999396e+00,0.000000000000000000e+00
3.015273699496512361e+00,3.208877559661865320e+01,1.063750120162963952e+01,5.819999999999999396e+00,3.750000000000000000e+05
3.030530722449595871e+00,2.042179103851318445e+01,1.325006103515625200e-01,5.819999999999999396e+00,0.000000000000000000e+00
3.030601710151012096e+00,2.056376644134521570e+01,1.325006103515625200e-01,5.819999999999999396e+00,3.750000000000000000e+05
3.045858733104095606e+00,3.223075099945068445e+01,1.063750120162963952e+01,5.819999999999999396e+00,0.000000000000000000e+00
3.045929720805511831e+00,3.237272640228271570e+01,1.063750120162963952e+01,5.819999999999999396e+00,3.750000000000000000e+05
3.061186743758595341e+00,2.070574184417724695e+01,1.325006103515625200e-01,5.819999999999999396e+00,0.000000000000000000e+00
3.061257731460011566e+00,2.084771724700927820e+01,1.325006103515625200e-01,5.819999999999999396e+00,3.750000000000000000e+05
3.076514754413095076e+00,3.251470180511474695e+01,1.063750120162963952e+01,5.819999999999999396e+00,0.000000000000000000e+00
3.076585742114511302e+00,3.265667720794677820e+01,1.063750120162963952e+01,5.819999999999999396e+00,3.750000000000000000e+05
3.091842765067594812e+00,2.098969264984130945e+01,1.325006103515625200e-01,5.819999999999999396e+00,0.000000000000000000e+00
3.091913751815336564e+00,2.113166614532470788e+01,1.325006103515625200e-01,5.819999999999999396e+00,3.750000000000000000e+05
3.107170776145908864e+00,3.279865261077880945e+01,1.063750120162963952e+01,5.819999999999999396e+00,0.000000000000000000e+00
3.107241763847325089e+00,3.294062801361084070e+01,1.063750120162963952e+01,5.819999999999999396e+00,3.750000000000000000e+05
3.122498788177897389e+00,2.127364154815673913e+01,1.325006103515625200e-01,5.819999999999999396e+00,0.000000000000000000e+00
3.122569775879313614e+00,2.141561695098877038e+01,1.325006103515625200e-01,5.819999999999999396e+00,3.750000000000000000e+05
3.137826800209885914e+00,3.308260341644287195e+01,1.063750120162963952e+01,5.819999999999999396e+00,0.000000000000000000e+00
3.137897787911302139e+00,3.322457881927490320e+01,1.063750120162963952e+01,5.819999999999999396e+00,3.750000000000000000e+05
3.153154812284921338e+00,2.155759229421615686e+01,1.325006103515625200e-01,5.819999999999999396e+00,0.000000000000000000e+00
3.153225799986337563e+00,2.169956769704818811e+01,1.325006103515625200e-01,5.819999999999999396e+00,3.750000000000000000e+05
3.168482824359956762e+00,3.336655422210693445e+01,1.063750120162963952e+01,5.819999999999999396e+00,0.000000000000000000e+00
3.168553812061372987e+00,3.350852962493896570e+01,1.063750120162963952e+01,5.819999999999999396e+00,3.750000000000000000e+05
3.183810836434992186e+00,2.184154309988021936e+01,1.325006103515625200e-01,5.819999999999999396e+00,0.000000000000000000e+00
3.183881824136408412e+00,2.198351850271225061e+01,1.325006103515625200e-01,5.819999999999999396e+00,3.750000000000000000e+05
3.199138845755049143e+00,3.365050121307373132e+01,1.063750120162963952e+01,5.819999999999999396e+00,0.000000000000000000e+00
3.199209833456465368e+00,3.379247661590576257e+01,1.063750120162963952e+01,5.819999999999999396e+00,3.750000000000000000e+05
3.214466855053582872e+00,2.212549393534660425e+01,1.325006103515625200e-01,5.819999999999999396e+00,0.000000000000000000e+00
3.214537842747548169e+00,2.226746932327747430e+01,1.325006103515625200e-01,5.819999999999999396e+00,3.750000000000000000e+05
3.229794864355427286e+00,3.393445201873779382e+01,1.063750120162963952e+01,5.819999999999999396e+00,0.000000000000000000e+00
3.229865852056843512e+00,3.407642742156982507e+01,1.063750120162963952e+01,5.819999999999999396e+00,3.750000000000000000e+05
3.245122873659342044e+00,2.240944473356008615e+01,1.325006103515625200e-01,5.819999999999999396e+00,0.000000000000000000e+00
3.245193861360758270e+00,2.255142013639211740e+01,1.325006103515625200e-01,5.819999999999999396e+00,3.750000000000000000e+05
3.260450882963256802e+00,3.421840282440185632e+01,1.063750120162963952e+01,5.819999999999999396e+00,0.000000000000000000e+00
3.260521870664673028e+00,3.436037822723388757e+01,1.063750120162963952e+01,5.819999999999999396e+00,3.750000000000000000e+05
3.275778892272552145e+00,2.269339553177356805e+01,1.325006103515625200e-01,5.819999999999999396e+00,0.000000000000000000e+00
3.275849879981418855e+00,2.283537094950676050e+01,1.325006103515625200e-01,5.819999999999999396e+00,3.750000000000000000e+05
3.291106901578536359e+00,3.450235363006591882e+01,1.063750120162963952e+01,5.819999999999999396e+00,0.000000000000000000e+00
3.291177889279952584e+00,3.464432903289795007e+01,1.063750120162963952e+01,5.819999999999999396e+00,3.750000000000000000e+05
3.306434910877070088e+00,2.297734635233879175e+01,1.325006103515625200e-01,5.819999999999999396e+00,0.000000000000000000e+00
3.306505897609910427e+00,2.311931981801986780e+01,1.325006103515625200e-01,5.819999999999999396e+00,3.750000000000000000e+05
3.321762920606040392e+00,3.478630443572998132e+01,1.063750120162963952e+01,5.819999999999999396e+00,0.000000000000000000e+00
3.321833908307456618e+00,3.492827983856201257e+01,1.063750120162963952e+01,5.819999999999999396e+00,3.750000000000000000e+05
3.337090931303586583e+00,2.326129522085189905e+01,1.325006103515625200e-01,5.819999999999999396e+00,0.000000000000000000e+00
3.337161919005002808e+00,2.340327062368393030e+01,1.325006103515625200e-01,5.819999999999999396e+00,3.750000000000000000e+05
3.352418942001132773e+00,3.507025524139404382e+01,1.063750120162963952e+01,5.819999999999999396e+00,0.000000000000000000e+00
3.352489929702548999e+00,3.521223064422607507e+01,1.063750120162963952e+01,5.819999999999999396e+00,3.750000000000000000e+05
3.367746952655632509e+00,2.354524608612060632e+01,1.325006103515625200e-01,5.819999999999999396e+00,0.000000000000000000e+00
3.367817940357048734e+00,2.368722148895263757e+01,1.325006103515625200e-01,5.819999999999999396e+00,3.750000000000000000e+05
3.383074963310132244e+00,3.535420604705810632e+01,1.063750120162963952e+01,5.819999999999999396e+00,0.000000000000000000e+00
3.383145951011548469e+00,3.549618144989013757e+01,1.063750120162963952e+01,5.819999999999999396e+00,3.750000000000000000e+05
3.398402973964631979e+00,2.382919689178466882e+01,1.325006103515625200e-01,5.819999999999999396e+00,0.000000000000000000e+00
3.398473961666048204e+00,2.397117229461670007e+01,1.325006103515625200e-01,5.819999999999999396e+00,3.750000000000000000e+05
3.413730984619131714e+00,3.563815685272216882e+01,1.063750120162963952e+01,5.819999999999999396e+00,0.000000000000000000e+00
3.413801972320547939e+00,3.578013225555420007e+01,1.063750120162963952e+01,5.819999999999999396e+00,3.750000000000000000e+05
3.429058995273631449e+00,2.411314769744873132e+01,1.325006103515625200e-01,5.819999999999999396e+00,0.000000000000000000e+00
3.429129982975047675e+00,2.425512310028076257e+01,1.325006103515625200e-01,5.819999999999999396e+00,3.750000000000000000e+05
3.444387005928131185e+00,3.592210765838623132e+01,1.063750120162963952e+01,5.819999999999999396e+00,0.000000000000000000e+00
3.444457993629547410e+00,3.606408306121826257e+01,1.063750120162963952e+01,5.819999999999999396e+00,3.750000000000000000e+05
3.459715016582630920e+00,2.439709850311279382e+01,1.325006103515625200e-01,5.819999999999999396e+00,0.000000000000000000e+00
3.459786004284047145e+00,2.453907390594482507e+01,1.325006103515625200e-01,5.819999999999999396e+00,3.750000000000000000e+05
3.475043027237130655e+00,3.620605846405029382e+01,1.063750120162963952e+01,5.819999999999999396e+00,0.000000000000000000e+00
3.475114014938546880e+00,3.634803386688232507e+01,1.063750120162963952e+01,5.819999999999999396e+00,3.750000000000000000e+05
3.490371037891630390e+00,2.468104930877685632e+01,1.325006103515625200e-01,5.819999999999999396e+00,0.000000000000000000e+00
3.490442025593046615e+00,2.482302471160888757e+01,1.325006103515625200e-01,5.819999999999999396e+00,3.750000000000000000e+05
3.505699048546130125e+00,3.649000926971435632e+01,1.063750120162963952e+01,5.819999999999999396e+00,0.000000000000000000e+00
3.505770036247546351e+00,3.663198467254638757e+01,1.063750120162963952e+01,5.819999999999999396e+00,3.750000000000000000e+05
3.521027059200629861e+00,2.496500011444091882e+01,1.325006103515625200e-01,5.819999999999999396e+00,0.000000000000000000e+00
3.521098046902046086e+00,2.510697551727295007e+01,1.325006103515625200e-01,5.819999999999999396e+00,3.750000000000000000e+05
3.536355069855129596e+00,3.677396007537841882e+01,1.063750120162963952e+01,5.819999999999999396e+00,0.000000000000000000e+00
3.536426057556545821e+00,3.691593547821045007e+01,1.063750120162963952e+01,5.819999999999999396e+00,3.750000000000000000e+05
3.551683081887118121e+00,2.524894901275634851e+01,1.325006103515625200e-01,5.819999999999999396e+00,0.000000000000000000e+00
3.551754069588534346e+00,2.539092441558837976e+01,1.325006103515625200e-01,5.819999999999999396e+00,3.750000000000000000e+05
3.567011093919106646e+00,3.705791088104248132e+01,1.063750120162963952e+01,5.819999999999999396e+00,0.000000000000000000e+00
3.567082081620522871e+00,3.719988628387451257e+01,1.063750120162963952e+01,5.819999999999999396e+00,3.750000000000000000e+05
3.582339105951095171e+00,2.553289981842041101e+01,1.325006103515625200e-01,5.819999999999999396e+00,0.000000000000000000e+00
3.582410093652511396e+00,2.567487522125244226e+01,1.325006103515625200e-01,5.819999999999999396e+00,3.750000000000000000e+05
3.597667117983083696e+00,3.734186168670654382e+01,1.063750120162963952e+01,5.819999999999999396e+00,0.000000000000000000e+00
3.597738105684499921e+00,3.748383708953857507e+01,1.063750120162963952e+01,5.819999999999999396e+00,3.750000000000000000e+05
3.612995130015072220e+00,2.581685062408447351e+01,1.325006103515625200e-01,5.819999999999999396e+00,0.000000000000000000e+00
3.613066117716488446e+00,2.595882602691650476e+01,1.325006103515625200e-01,5.819999999999999396e+00,3.750000000000000000e+05
3.628323142047060745e+00,3.762581249237060632e+01,1.063750120162963952e+01,5.819999999999999396e+00,0.000000000000000000e+00
3.628394129748476971e+00,3.776778789520263757e+01,1.063750120162963952e+01,5.819999999999999396e+00,3.750000000000000000e+05
3.643651154079049270e+00,2.610080142974853601e+01,1.325006103515625200e-01,5.819999999999999396e+00,0.000000000000000000e+00
3.643722141780465495e+00,2.624277683258056726e+01,1.325006103515625200e-01,5.819999999999999396e+00,3.750000000000000000e+05
3.658979163356059772e+00,3.790975948333740320e+01,1.063750120162963952e+01,5.819999999999999396e+00,0.000000000000000000e+00
3.659050151057475997e+00,3.805173488616943445e+01,1.063750120162963952e+01,5.819999999999999396e+00,3.750000000000000000e+05
3.674307172633070273e+00,2.638475223541259851e+01,1.325006103515625200e-01,5.819999999999999396e+00,0.000000000000000000e+00
3.674378160334486498e+00,2.652672763824462976e+01,1.325006103515625200e-01,5.819999999999999396e+00,3.750000000000000000e+05
3.689635181910080775e+00,3.819371028900146570e+01,1.063750120162963952e+01,5.819999999999999396e+00,0.000000000000000000e+00
3.689706169611497000e+00,3.833568569183349695e+01,1.063750120162963952e+01,5.819999999999999396e+00,3.750000000000000000e+05
3.704963191187091276e+00,2.666870304107666101e+01,1.325006103515625200e-01,5.819999999999999396e+00,0.000000000000000000e+00
3.705034178888507501e+00,2.681067844390869226e+01,1.325006103515625200e-01,5.819999999999999396e+00,3.750000000000000000e+05
3.720291200464101777e+00,3.847766109466552820e+01,1.063750120162963952e+01,5.819999999999999396e+00,0.000000000000000000e+00
3.720362187688680766e+00,3.861963554382324304e+01,1.063750120162963952e+01,5.819999999999999396e+00,3.750000000000000000e+05
3.735619208575530870e+00,2.695265384674072351e+01,1.325006103515625200e-01,5.819999999999999396e+00,0.000000000000000000e+00
3.735690196276947095e+00,2.709462924957275476e+01,1.325006103515625200e-01,5.819999999999999396e+00,3.750000000000000000e+05
3.750947217163797198e+00,3.876161094665527429e+01,1.063750120162963952e+01,5.819999999999999396e+00,0.000000000000000000e+00
3.751018204865213423e+00,3.890358634948730554e+01,1.063750120162963952e+01,5.819999999999999396e+00,3.750000000000000000e+05
3.766275225752063527e+00,2.723660465240478601e+01,1.325006103515625200e-01,5.819999999999999396e+00,0.000000000000000000e+00
3.766346212499805279e+00,2.737857814788818445e+01,1.325006103515625200e-01,5.819999999999999396e+00,3.750000000000000000e+05
3.781603234764144172e+00,3.904556175231933679e+01,1.063750120162963952e+01,5.819999999999999396e+00,0.000000000000000000e+00
3.781674222465560398e+00,3.918753715515136804e+01,1.063750120162963952e+01,5.819999999999999396e+00,3.750000000000000000e+05
3.796931244729899291e+00,2.752055355072021570e+01,1.325006103515625200e-01,5.819999999999999396e+00,0.000000000000000000e+00
3.797002232431315516e+00,2.766252895355224695e+01,1.325006103515625200e-01,5.819999999999999396e+00,3.750000000000000000e+05
3.812259254695654409e+00,3.932951255798339929e+01,1.063750120162963952e+01,5.819999999999999396e+00,0.000000000000000000e+00
3.812330242397070634e+00,3.947148796081543054e+01,1.063750120162963952e+01,5.819999999999999396e+00,3.750000000000000000e+05
3.827587264661409527e+00,2.780450435638427820e+01,1.325006103515625200e-01,5.819999999999999396e+00,0.000000000000000000e+00
3.827658252362825753e+00,2.794647975921630945e+01,1.325006103515625200e-01,5.819999999999999396e+00,3.750000000000000000e+05
3.842915274627164646e+00,3.961346336364746179e+01,1.063750120162963952e+01,5.819999999999999396e+00,0.000000000000000000e+00
3.842986262328580871e+00,3.975543876647949304e+01,1.063750120162963952e+01,5.819999999999999396e+00,3.750000000000000000e+05
3.858243284592919764e+00,2.808845516204834070e+01,1.325006103515625200e-01,5.819999999999999396e+00,0.000000000000000000e+00
3.858314272294335989e+00,2.823043056488037195e+01,1.325006103515625200e-01,5.819999999999999396e+00,3.750000000000000000e+05
3.873571294558674882e+00,3.989741416931152429e+01,1.063750120162963952e+01,5.819999999999999396e+00,0.000000000000000000e+00
3.873642282260091108e+00,4.003938957214355554e+01,1.063750120162963952e+01,5.819999999999999396e+00,3.750000000000000000e+05
3.888899304524430001e+00,2.837240596771240320e+01,1.325006103515625200e-01,5.819999999999999396e+00,0.000000000000000000e+00
3.888970292225846226e+00,2.851438137054443445e+01,1.325006103515625200e-01,5.819999999999999396e+00,3.750000000000000000e+05
3.904227314490185119e+00,4.018136497497558679e+01,1.063750120162963952e+01,5.819999999999999396e+00,0.000000000000000000e+00
3.904298302191601344e+00,4.032334037780761804e+01,1.063750120162963952e+01,5.819999999999999396e+00,3.750000000000000000e+05
3.919555324455940237e+00,2.865635677337646570e+01,1.325006103515625200e-01,5.819999999999999396e+00,0.000000000000000000e+00
3.919626312157356463e+00,2.879833217620849695e+01,1.325006103515625200e-01,5.819999999999999396e+00,3.750000000000000000e+05
3.934883334421695356e+00,4.046531578063964929e+01,1.063750120162963952e+01,5.819999999999999396e+00,0.000000000000000000e+00
3.934954322123111581e+00,4.060729118347168054e+01,1.063750120162963952e+01,5.819999999999999396e+00,3.750000000000000000e+05
3.950211344387450474e+00,2.894030757904052820e+01,1.325006103515625200e-01,5.819999999999999396e+00,0.000000000000000000e+00
3.950282332088866699e+00,2.908228298187255945e+01,1.325006103515625200e-01,5.819999999999999396e+00,3.750000000000000000e+05
3.965539354353205592e+00,4.074926658630371179e+01,1.063750120162963952e+01,5.819999999999999396e+00,0.000000000000000000e+00
3.965610342054621817e+00,4.089124198913574304e+01,1.063750120162963952e+01,5.819999999999999396e+00,3.750000000000000000e+05
3.980867364318960711e+00,2.922425838470459070e+01,1.325006103515625200e-01,5.819999999999999396e+00,0.000000000000000000e+00
3.980938351066702463e+00,2.936623188018798913e+01,1.325006103515625200e-01,5.819999999999999396e+00,3.750000000000000000e+05
3.996195374708530590e+00,4.103321739196777429e+01,1.063750120162963952e+01,5.819999999999999396e+00,0.000000000000000000e+00
3.996266362409946815e+00,4.117519279479980554e+01,1.063750120162963952e+01,5.819999999999999396e+00,3.750000000000000000e+05
4.011523386051774942e+00,2.950820728302002038e+01,1.325006103515625200e-01,5.819999999999999396e+00,0.000000000000000000e+00
4.011594373753190723e+00,2.965018268585205163e+01,1.325006103515625200e-01,5.819999999999999396e+00,3.750000000000000000e+05
4.026851397395018850e+00,4.131716819763183679e+01,1.063750120162963952e+01,5.819999999999999396e+00,0.000000000000000000e+00
4.026922385096434631e+00,4.145914360046386804e+01,1.063750120162963952e+01,5.819999999999999396e+00,3.750000000000000000e+05
4.042179408738262758e+00,2.979215808868408288e+01,1.325006103515625200e-01,5.819999999999999396e+00,0.000000000000000000e+00
4.042250396439678539e+00,2.993413349151611413e+01,1.325006103515625200e-01,5.819999999999999396e+00,3.750000000000000000e+05
4.057507420081506666e+00,4.160111900329589929e+01,1.063750120162963952e+01,5.819999999999999396e+00,0.000000000000000000e+00
4.057578407782922447e+00,4.174309440612793054e+01,1.063750120162963952e+01,5.819999999999999396e+00,3.750000000000000000e+05
4.072835431424750574e+00,3.007610889434814538e+01,1.325006103515625200e-01,5.819999999999999396e+00,0.000000000000000000e+00
4.072906419126166355e+00,3.021808429718017663e+01,1.325006103515625200e-01,5.819999999999999396e+00,3.750000000000000000e+05
4.088163442767994482e+00,4.188506980895996179e+01,1.063750120162963952e+01,5.819999999999999396e+00,0.000000000000000000e+00
4.088234428562062206e+00,4.202704139709472742e+01,1.063750120162963952e+01,5.819999999999999396e+00,3.750000000000000000e+05
4.103491449448911865e+00,3.036005970001220788e+01,1.325006103515625200e-01,5.819999999999999396e+00,0.000000000000000000e+00
4.103562437150327646e+00,3.050203510284423913e+01,1.325006103515625200e-01,5.819999999999999396e+00,3.750000000000000000e+05
4.118819458037177306e+00,4.216901679992675867e+01,1.063750120162963952e+01,5.819999999999999396e+00,0.000000000000000000e+00
4.118890445738593087e+00,4.231099220275878992e+01,1.063750120162963952e+01,5.819999999999999396e+00,3.750000000000000000e+05
4.134147466625442746e+00,3.064401050567627038e+01,1.325006103515625200e-01,5.819999999999999396e+00,0.000000000000000000e+00
4.134218454326858527e+00,3.078598590850830163e+01,1.325006103515625200e-01,5.819999999999999396e+00,3.750000000000000000e+05
4.149475475213708187e+00,4.245296760559082117e+01,1.063750120162963952e+01,5.819999999999999396e+00,0.000000000000000000e+00
4.149546462915123968e+00,4.259494300842285242e+01,1.063750120162963952e+01,5.819999999999999396e+00,3.750000000000000000e+05
4.164803483801973627e+00,3.092796131134033288e+01,1.325006103515625200e-01,5.819999999999999396e+00,0.000000000000000000e+00
4.164874471503389408e+00,3.106993671417236413e+01,1.325006103515625200e-01,5.819999999999999396e+00,3.750000000000000000e+05
4.180131492390239067e+00,4.273691841125488367e+01,1.063750120162963952e+01,5.819999999999999396e+00,0.000000000000000000e+00
4.180202480091654849e+00,4.287889381408691492e+01,1.063750120162963952e+01,5.819999999999999396e+00,3.750000000000000000e+05
4.195459500978504508e+00,3.121191211700439538e+01,1.325006103515625200e-01,5.819999999999999396e+00,0.000000000000000000e+00
4.195530488679920289e+00,3.135388751983642663e+01,1.325006103515625200e-01,5.819999999999999396e+00,3.750000000000000000e+05
4.210787509566769948e+00,4.302086921691894617e+01,1.063750120162963952e+01,5.819999999999999396e+00,0.000000000000000000e+00
4.210858497268185729e+00,4.316284461975097742e+01,1.063750120162963952e+01,5.819999999999999396e+00,3.750000000000000000e+05
4.226115519532524623e+00,3.149586101531982507e+01,1.325006103515625200e-01,5.819999999999999396e+00,0.000000000000000000e+00
4.226186507233940404e+00,3.163783641815185632e+01,1.325006103515625200e-01,5.819999999999999396e+00,3.750000000000000000e+05
4.241443529498279297e+00,4.330482002258300867e+01,1.063750120162963952e+01,5.819999999999999396e+00,0.000000000000000000e+00
4.241514517199695078e+00,4.344679542541503992e+01,1.063750120162963952e+01,5.819999999999999396e+00,3.750000000000000000e+05
4.256771539464033971e+00,3.177981182098388757e+01,1.325006103515625200e-01,5.819999999999999396e+00,0.000000000000000000e+00
4.256842527165449752e+00,3.192178722381591882e+01,1.325006103515625200e-01,5.819999999999999396e+00,3.750000000000000000e+05
4.272099549429788645e+00,4.358877082824707117e+01,1.063750120162963952e+01,5.819999999999999396e+00,0.000000000000000000e+00
4.272170537131204426e+00,4.373074623107910242e+01,1.063750120162963952e+01,5.819999999999999396e+00,3.750000000000000000e+05
4.287427559395543319e+00,3.206376262664795007e+01,1.325006103515625200e-01,5.819999999999999396e+00,0.000000000000000000e+00
4.287498547096959101e+00,3.220573802947998132e+01,1.325006103515625200e-01,5.819999999999999396e+00,3.750000000000000000e+05
4.302755569361297994e+00,4.387272163391113367e+01,1.063750120162963952e+01,5.819999999999999396e+00,0.000000000000000000e+00
4.302826557062713775e+00,4.401469703674316492e+01,1.063750120162963952e+01,5.819999999999999396e+00,3.750000000000000000e+05
4.318083579327052668e+00,3.234771343231201257e+01,1.325006103515625200e-01,5.819999999999999396e+00,0.000000000000000000e+00
4.318154567028468449e+00,3.248968883514404382e+01,1.325006103515625200e-01,5.819999999999999396e+00,3.750000000000000000e+05
4.333411589292807342e+00,4.415667243957519617e+01,1.063750120162963952e+01,5.819999999999999396e+00,0.000000000000000000e+00
4.333482576994223123e+00,4.429864784240722742e+01,1.063750120162963952e+01,5.819999999999999396e+00,3.750000000000000000e+05
4.348739599258562016e+00,3.263166423797607507e+01,1.325006103515625200e-01,5.819999999999999396e+00,0.000000000000000000e+00
4.348810586959977798e+00,3.277363964080810632e+01,1.325006103515625200e-01,5.819999999999999396e+00,3.750000000000000000e+05
4.364067609224316691e+00,4.444062324523925867e+01,1.063750120162963952e+01,5.819999999999999396e+00,0.000000000000000000e+00
4.364138596925732472e+00,4.458259864807128992e+01,1.063750120162963952e+01,5.819999999999999396e+00,3.750000000000000000e+05
4.379395619190071365e+00,3.291561504364013757e+01,1.325006103515625200e-01,5.819999999999999396e+00,0.000000000000000000e+00
4.379466606891487146e+00,3.305759044647216882e+01,1.325006103515625200e-01,5.819999999999999396e+00,3.750000000000000000e+05
4.394723629155826039e+00,4.472457405090332117e+01,1.063750120162963952e+01,5.819999999999999396e+00,0.000000000000000000e+00
4.394781587274619206e+00,4.483750053405761804e+01,1.061134429931640710e+01,5.819999999999999396e+00,3.750000000000000000e+05
4.410000621260775411e+00,3.319956584930420007e+01,1.325006103515625200e-01,5.819999999999999396e+00,0.000000000000000000e+00
4.410071608962191192e+00,3.334154125213623132e+01,1.325006103515625200e-01,5.819999999999999396e+00,3.750000000000000000e+05
4.425104980692636580e+00,4.483750053405761804e+01,1.048350950241088952e+01,5.819999999999999396e+00,0.000000000000000000e+00
4.425168898329507883e+00,4.483750053405761804e+01,1.035567422866821374e+01,5.819999999999999396e+00,3.750000000000000000e+05
4.440016607494167822e+00,3.348351665496826257e+01,1.325006103515625200e-01,5.819999999999999396e+00,0.000000000000000000e+00
4.440087595195583603e+00,3.362549205780029382e+01,1.325006103515625200e-01,5.819999999999999396e+00,3.750000000000000000e+05
4.454749641794458093e+00,4.483750053405761804e+01,1.022783895492553796e+01,5.819999999999999396e+00,0.000000000000000000e+00
4.454813559192911221e+00,4.483750053405761804e+01,1.010000415802002038e+01,5.819999999999999396e+00,3.750000000000000000e+05
4.469289943536074894e+00,3.376746746063232507e+01,1.325006103515625200e-01,5.819999999999999396e+00,0.000000000000000000e+00
4.469360931237490675e+00,3.390944286346435632e+01,1.325006103515625200e-01,5.819999999999999396e+00,3.750000000000000000e+05
4.483651653014868899e+00,4.483750053405761804e+01,9.972168884277344603e+00,5.819999999999999396e+00,0.000000000000000000e+00
4.483715570651740201e+00,4.483750053405761804e+01,9.844333610534668821e+00,5.819999999999999396e+00,3.750000000000000000e+05
4.497820629863332975e+00,3.405141826629638757e+01,1.325006103515625200e-01,5.819999999999999396e+00,0.000000000000000000e+00
4.497891617564748756e+00,3.419339366912841882e+01,1.325006103515625200e-01,5.819999999999999396e+00,3.750000000000000000e+05
4.511811014210556081e+00,4.483750053405761804e+01,9.716498336791993040e+00,5.819999999999999396e+00,0.000000000000000000e+00
4.511874931370590147e+00,4.483750053405761804e+01,9.588664016723633665e+00,5.819999999999999396e+00,3.750000000000000000e+05
4.525608666070760400e+00,3.433536907196045007e+01,1.325006103515625200e-01,5.819999999999999396e+00,0.000000000000000000e+00
4.525679653772176181e+00,3.447734447479248132e+01,1.325006103515625200e-01,5.819999999999999396e+00,3.750000000000000000e+05
4.539227725906560984e+00,4.483750053405761804e+01,9.460828742980957884e+00,5.819999999999999396e+00,0.000000000000000000e+00
4.539291643543432286e+00,4.483750053405761804e+01,9.332993469238282103e+00,5.819999999999999396e+00,3.750000000000000000e+05
4.552654055867010108e+00,3.461931606292724695e+01,1.325006103515625200e-01,5.819999999999999396e+00,0.000000000000000000e+00
4.552725043568425889e+00,3.476129146575927820e+01,1.325006103515625200e-01,5.819999999999999396e+00,3.750000000000000000e+05
4.565901793326218261e+00,4.483750053405761804e+01,9.205158195495606321e+00,5.819999999999999396e+00,0.000000000000000000e+00
4.565965710963089563e+00,4.483750053405761804e+01,9.077322921752930540e+00,5.819999999999999396e+00,3.750000000000000000e+05
4.578956798155096486e+00,3.490326686859130945e+01,1.325006103515625200e-01,5.819999999999999396e+00,0.000000000000000000e+00
4.579027785856512267e+00,3.504524227142334070e+01,1.325006103515625200e-01,5.819999999999999396e+00,3.750000000000000000e+05
4.591833210482733740e+00,4.483750053405761804e+01,8.949487648010254759e+00,5.819999999999999396e+00,0.000000000000000000e+00
4.591897127642767806e+00,4.483750053405761804e+01,8.821653327941895384e+00,5.819999999999999396e+00,3.750000000000000000e+05
4.604516890323352207e+00,3.518721767425537195e+01,1.325006103515625200e-01,5.819999999999999396e+00,0.000000000000000000e+00
4.604587878024767988e+00,3.532919307708740320e+01,1.325006103515625200e-01,5.819999999999999396e+00,3.750000000000000000e+05
4.617021978139566940e+00,4.483750053405761804e+01,8.693818054199219603e+00,5.819999999999999396e+00,0.000000000000000000e+00
4.617085895776438242e+00,4.483750053405761804e+01,8.565982780456543821e+00,5.819999999999999396e+00,3.750000000000000000e+05
4.629334333325451745e+00,3.547116847991943445e+01,1.325006103515625200e-01,5.819999999999999396e+00,0.000000000000000000e+00
4.629405321026867526e+00,3.561314388275146570e+01,1.325006103515625200e-01,5.819999999999999396e+00,3.750000000000000000e+05
4.641468096010095579e+00,4.483750053405761804e+01,8.438147506713868040e+00,5.819999999999999396e+00,0.000000000000000000e+00
4.641532013646966881e+00,4.483750053405761804e+01,8.310312232971192259e+00,5.819999999999999396e+00,3.750000000000000000e+05
4.653409126064409485e+00,3.575511928558349695e+01,1.325006103515625200e-01,5.819999999999999396e+00,0.000000000000000000e+00
4.653480113765825266e+00,3.589709468841552820e+01,1.325006103515625200e-01,5.819999999999999396e+00,3.750000000000000000e+05
4.665171564237630797e+00,4.483750053405761804e+01,8.182477912902832884e+00,5.819999999999999396e+00,0.000000000000000000e+00
4.665235481874502099e+00,4.483750053405761804e+01,8.054642639160157103e+00,5.819999999999999396e+00,3.750000000000000000e+05
4.676741269780522181e+00,3.603907009124755945e+01,1.325006103515625200e-01,5.819999999999999396e+00,0.000000000000000000e+00
4.676812257481937962e+00,3.618104549407959070e+01,1.325006103515625200e-01,5.819999999999999396e+00,3.750000000000000000e+05
4.688132382822172595e+00,4.483750053405761804e+01,7.926807365417480433e+00,5.819999999999999396e+00,0.000000000000000000e+00
4.688196300459043897e+00,4.483750053405761804e+01,7.798972091674804652e+00,5.819999999999999396e+00,3.750000000000000000e+05
4.699330763233493080e+00,3.632302089691162195e+01,1.325006103515625200e-01,5.819999999999999396e+00,0.000000000000000000e+00
4.699401750934908861e+00,3.646499629974365320e+01,1.325006103515625200e-01,5.819999999999999396e+00,3.750000000000000000e+05
4.710350551143572595e+00,4.483750053405761804e+01,7.671136817932128871e+00,5.819999999999999396e+00,0.000000000000000000e+00
4.710414468780443897e+00,4.483750053405761804e+01,7.543301544189453089e+00,5.819999999999999396e+00,3.750000000000000000e+05
4.721177606423322182e+00,3.660697170257568445e+01,1.325006103515625200e-01,5.819999999999999396e+00,0.000000000000000000e+00
4.721248594124737963e+00,3.674894710540771570e+01,1.325006103515625200e-01,5.819999999999999396e+00,3.750000000000000000e+05
4.731826069821979175e+00,4.483750053405761804e+01,7.415467224121093714e+00,5.819999999999999396e+00,0.000000000000000000e+00
4.731889987458850477e+00,4.483750053405761804e+01,7.287631950378417933e+00,5.819999999999999396e+00,3.750000000000000000e+05
4.742281800590306240e+00,3.689092250823974695e+01,1.325006103515625200e-01,5.819999999999999396e+00,0.000000000000000000e+00
4.742352788291722021e+00,3.703289791107177820e+01,1.325006103515625200e-01,5.819999999999999396e+00,3.750000000000000000e+05
4.752558938857392334e+00,4.483750053405761804e+01,7.159796676635742152e+00,5.819999999999999396e+00,0.000000000000000000e+00
4.752622856494263637e+00,4.483750053405761804e+01,7.031961402893066371e+00,5.819999999999999396e+00,3.750000000000000000e+05
4.762643344494149389e+00,3.717487331390380945e+01,1.325006103515625200e-01,5.819999999999999396e+00,0.000000000000000000e+00
4.762714332195565170e+00,3.731684871673584070e+01,1.325006103515625200e-01,5.819999999999999396e+00,3.750000000000000000e+05
4.772549157629665473e+00,4.483750053405761804e+01,6.904126129150390589e+00,5.819999999999999396e+00,0.000000000000000000e+00
4.772613075266536775e+00,4.483750053405761804e+01,6.776290855407714808e+00,5.819999999999999396e+00,3.750000000000000000e+05
4.782262238134851629e+00,3.745882411956787195e+01,1.325006103515625200e-01,5.819999999999999396e+00,0.000000000000000000e+00
4.782333225836267410e+00,3.760079952239990320e+01,1.325006103515625200e-01,5.819999999999999396e+00,3.750000000000000000e+05
4.791796726758945191e+00,4.483750053405761804e+01,6.648456535339355433e+00,5.819999999999999396e+00,0.000000000000000000e+00
4.791860644395816493e+00,4.483750053405761804e+01,6.520621261596679652e+00,5.819999999999999396e+00,3.750000000000000000e+05
4.801138482752708825e+00,3.774277492523193445e+01,1.325006103515625200e-01,5.819999999999999396e+00,0.000000000000000000e+00
4.801209470454124606e+00,3.788475032806396570e+01,1.325006103515625200e-01,5.819999999999999396e+00,3.750000000000000000e+05
4.810301646245231488e+00,4.483750053405761804e+01,6.392785987854003871e+00,5.819999999999999396e+00,0.000000000000000000e+00
4.810365563882102791e+00,4.483750053405761804e+01,6.264950714111328089e+00,5.819999999999999396e+00,3.750000000000000000e+05
4.819272077107424224e+00,3.802672573089599695e+01,1.325006103515625200e-01,5.819999999999999396e+00,0.000000000000000000e+00
4.819343064808840005e+00,3.816870113372802820e+01,1.325006103515625200e-01,5.819999999999999396e+00,3.750000000000000000e+05
4.828063915468375988e+00,4.483750053405761804e+01,6.137115440368652308e+00,5.819999999999999396e+00,0.000000000000000000e+00
4.828127832628410054e+00,4.483750053405761804e+01,6.009281120300292933e+00,5.819999999999999396e+00,3.750000000000000000e+05
4.836663021342308966e+00,3.831067653656005945e+01,1.325006103515625200e-01,5.819999999999999396e+00,0.000000000000000000e+00
4.836734009043724747e+00,3.845265193939209070e+01,1.325006103515625200e-01,5.819999999999999396e+00,3.750000000000000000e+05
4.845083535191838209e+00,4.483750053405761804e+01,5.881445846557617152e+00,5.819999999999999396e+00,0.000000000000000000e+00
4.845147452828709511e+00,4.483750053405761804e+01,5.753610572814941371e+00,5.819999999999999396e+00,3.750000000000000000e+05
4.853311317099781697e+00,3.859462638854980554e+01,1.325006103515625200e-01,5.819999999999999396e+00,0.000000000000000000e+00
4.853382302893849420e+00,3.873659797668457117e+01,1.325006103515625200e-01,5.819999999999999396e+00,3.750000000000000000e+05
4.861360507354114624e+00,4.483750053405761804e+01,5.625775299072265589e+00,5.819999999999999396e+00,0.000000000000000000e+00
4.861424424990985926e+00,4.483750053405761804e+01,5.497940025329589808e+00,5.819999999999999396e+00,3.750000000000000000e+05
4.869216966885465681e+00,3.887857337951660242e+01,1.325006103515625200e-01,5.819999999999999396e+00,0.000000000000000000e+00
4.869287954586881462e+00,3.902054878234863367e+01,1.325006103515625200e-01,5.819999999999999396e+00,3.750000000000000000e+05
4.876894833915576655e+00,4.483750053405761804e+01,5.370104751586914027e+00,5.819999999999999396e+00,0.000000000000000000e+00
4.876958751075610721e+00,4.483750053405761804e+01,5.242270431518554652e+00,5.819999999999999396e+00,3.750000000000000000e+05
4.884379968458667953e+00,3.916252418518066492e+01,1.325006103515625200e-01,5.819999999999999396e+00,0.000000000000000000e+00
4.884450956160083734e+00,3.930449958801269617e+01,1.325006103515625200e-01,5.819999999999999396e+00,3.750000000000000000e+05
4.891686510977355518e+00,4.483750053405761804e+01,5.114435157775878871e+00,5.819999999999999396e+00,0.000000000000000000e+00
4.891750428614226820e+00,4.483750053405761804e+01,4.986599884033203089e+00,5.819999999999999396e+00,3.750000000000000000e+05
4.898800320865714042e+00,3.944647499084472742e+01,1.325006103515625200e-01,5.819999999999999396e+00,0.000000000000000000e+00
4.898871308567129823e+00,3.958845039367675867e+01,1.325006103515625200e-01,5.819999999999999396e+00,3.750000000000000000e+05
4.905735538252831596e+00,4.483750053405761804e+01,4.858764610290527308e+00,5.819999999999999396e+00,0.000000000000000000e+00
4.905799455889702898e+00,4.483750053405761804e+01,4.730929336547851527e+00,5.819999999999999396e+00,3.750000000000000000e+05
4.912478023009619221e+00,3.973042579650878992e+01,1.325006103515625200e-01,5.819999999999999396e+00,0.000000000000000000e+00
4.912549010711035002e+00,3.987240119934082117e+01,1.325006103515625200e-01,5.819999999999999396e+00,3.750000000000000000e+05
4.919041915265165876e+00,4.483750053405761804e+01,4.603094062805175746e+00,5.819999999999999396e+00,0.000000000000000000e+00
4.919105832425199942e+00,4.483750053405761804e+01,4.475259742736816371e+00,5.819999999999999396e+00,3.750000000000000000e+05
4.925413075033693744e+00,4.001437660217285242e+01,1.325006103515625200e-01,5.819999999999999396e+00,0.000000000000000000e+00
4.925484062735109525e+00,4.015635200500488367e+01,1.325006103515625200e-01,5.819999999999999396e+00,3.750000000000000000e+05
4.931605642777817877e+00,4.483750053405761804e+01,4.347424468994140589e+00,5.819999999999999396e+00,0.000000000000000000e+00
4.931669560414689180e+00,4.483750053405761804e+01,4.219589195251464808e+00,5.819999999999999396e+00,3.750000000000000000e+05
4.937605477891612082e+00,4.029832740783691492e+01,1.325006103515625200e-01,5.819999999999999396e+00,0.000000000000000000e+00
4.937676465593027864e+00,4.044030281066894617e+01,1.325006103515625200e-01,5.819999999999999396e+00,3.750000000000000000e+05
4.943426720504165317e+00,4.483750053405761804e+01,4.091753921508789027e+00,5.819999999999999396e+00,0.000000000000000000e+00
4.943490638141036619e+00,4.483750053405761804e+01,3.963918647766113246e+00,5.819999999999999396e+00,3.750000000000000000e+05
4.949055230486388623e+00,4.058227821350097742e+01,1.325006103515625200e-01,5.819999999999999396e+00,0.000000000000000000e+00
4.949126218187804405e+00,4.072425361633300867e+01,1.325006103515625200e-01,5.819999999999999396e+00,3.750000000000000000e+05
4.954505147967370959e+00,4.483750053405761804e+01,3.836083374023437464e+00,5.819999999999999396e+00,0.000000000000000000e+00
4.954569065127405025e+00,4.483750053405761804e+01,3.708249053955078089e+00,5.819999999999999396e+00,3.750000000000000000e+05
4.959762332961334508e+00,4.086622901916503992e+01,1.325006103515625200e-01,5.819999999999999396e+00,0.000000000000000000e+00
4.959833320662750289e+00,4.100820442199707117e+01,1.325006103515625200e-01,5.819999999999999396e+00,3.750000000000000000e+05
4.964840925930894322e+00,4.483750053405761804e+01,3.580413780212402308e+00,5.819999999999999396e+00,0.000000000000000000e+00
4.964904843567765624e+00,4.483750053405761804e+01,3.452578506469726527e+00,5.819999999999999396e+00,3.750000000000000000e+05
4.969726786270124208e+00,4.115017982482910242e+01,1.325006103515625200e-01,5.819999999999999396e+00,0.000000000000000000e+00
4.969797773971539989e+00,4.129215522766113367e+01,1.325006103515625200e-01,5.819999999999999396e+00,3.750000000000000000e+05
4.974434054108113124e+00,4.483750053405761804e+01,3.324743232727050746e+00,5.819999999999999396e+00,0.000000000000000000e+00
4.974497971744984426e+00,4.483750053405761804e+01,3.196907958984374964e+00,5.819999999999999396e+00,3.750000000000000000e+05
4.978948589315772111e+00,4.143413063049316492e+01,1.325006103515625200e-01,5.819999999999999396e+00,0.000000000000000000e+00
4.979019577017187892e+00,4.157610603332519617e+01,1.325006103515625200e-01,5.819999999999999396e+00,3.750000000000000000e+05
4.983284532642338505e+00,4.483750053405761804e+01,3.069073638916015589e+00,5.819999999999999396e+00,0.000000000000000000e+00
4.983348450279209807e+00,4.483750053405761804e+01,2.941238365173339808e+00,5.819999999999999396e+00,3.750000000000000000e+05
4.987427743338574970e+00,4.171808143615722742e+01,1.325006103515625200e-01,5.819999999999999396e+00,0.000000000000000000e+00
4.987498731039990751e+00,4.186005683898925867e+01,1.325006103515625200e-01,5.819999999999999396e+00,3.750000000000000000e+05
4.991392361533570465e+00,4.483750053405761804e+01,2.813403091430664027e+00,5.819999999999999396e+00,0.000000000000000000e+00
4.991456279170441768e+00,4.483750053405761804e+01,2.685567817687988246e+00,5.819999999999999396e+00,3.750000000000000000e+05
4.995164247098236032e+00,4.200203224182128992e+01,1.325006103515625200e-01,5.819999999999999396e+00,0.000000000000000000e+00
4.995235234799651813e+00,4.214400764465332117e+01,1.325006103515625200e-01,5.819999999999999396e+00,3.750000000000000000e+05
4.998757540161660629e+00,4.483750053405761804e+01,2.557732543945312464e+00,5.819999999999999396e+00,0.000000000000000000e+00
4.998821457321694695e+00,4.483750053405761804e+01,2.429898223876953089e+00,5.819999999999999396e+00,3.750000000000000000e+05
5.002158100738066437e+00,4.228598304748535242e+01,1.325006103515625200e-01,5.819999999999999396e+00,0.000000000000000000e+00
5.002229088439482219e+00,4.242795845031738367e+01,1.325006103515625200e-01,5.819999999999999396e+00,3.750000000000000000e+05
5.005380069290069400e+00,4.483750053405761804e+01,2.302062950134277308e+00,5.819999999999999396e+00,0.000000000000000000e+00
5.005443986926940703e+00,4.483750053405761804e+01,2.174227676391601527e+00,5.819999999999999396e+00,3.750000000000000000e+05
5.008409305211742435e+00,4.256993385314941492e+01,1.325006103515625200e-01,5.819999999999999396e+00,0.000000000000000000e+00
5.008480292913158216e+00,4.271190925598144617e+01,1.325006103515625200e-01,5.819999999999999396e+00,3.750000000000000000e+05
5.011259948632174499e+00,4.483750053405761804e+01,2.046392402648925746e+00,5.819999999999999396e+00,0.000000000000000000e+00
5.011323866269045801e+00,4.483750053405761804e+01,1.918557128906249964e+00,5.819999999999999396e+00,3.750000000000000000e+05
5.013917862177255103e+00,4.285388084411621179e+01,1.325006103515625200e-01,5.819999999999999396e+00,0.000000000000000000e+00
5.013988849878670884e+00,4.299585624694824304e+01,1.325006103515625200e-01,5.819999999999999396e+00,3.750000000000000000e+05
5.016397182600947247e+00,4.483750053405761804e+01,1.790720901489257777e+00,5.819999999999999396e+00,0.000000000000000000e+00
5.016461099760981313e+00,4.483750053405761804e+01,1.662886581420898402e+00,5.819999999999999396e+00,3.750000000000000000e+05
5.018683770537619715e+00,4.313783164978027429e+01,1.325006103515625200e-01,5.819999999999999396e+00,0.000000000000000000e+00
5.018754758239035496e+00,4.327980705261230554e+01,1.325006103515625200e-01,5.819999999999999396e+00,3.750000000000000000e+05
5.020791767070036826e+00,4.483750053405761804e+01,1.535052261352539027e+00,5.819999999999999396e+00,0.000000000000000000e+00
5.020855685183745365e+00,4.483750053405761804e+01,1.407216033935546839e+00,5.819999999999999396e+00,3.750000000000000000e+05
5.022707030828813757e+00,4.342178245544433679e+01,1.325006103515625200e-01,5.819999999999999396e+00,0.000000000000000000e+00
5.022778018530229538e+00,4.356375785827636804e+01,1.325006103515625200e-01,5.819999999999999396e+00,3.750000000000000000e+05
5.024443702229659969e+00,4.483750053405761804e+01,1.279381713867187464e+00,5.819999999999999396e+00,0.000000000000000000e+00
5.024507620343368508e+00,4.483750053405761804e+01,1.151545486450195277e+00,5.819999999999999396e+00,3.750000000000000000e+05
5.025987640856866001e+00,4.370573326110839929e+01,1.325006103515625200e-01,5.819999999999999396e+00,0.000000000000000000e+00
5.026058628558281782e+00,4.384770866394043054e+01,1.325006103515625200e-01,5.819999999999999396e+00,3.750000000000000000e+05
5.027352987126142203e+00,4.483750053405761804e+01,1.023711166381835902e+00,5.819999999999999396e+00,0.000000000000000000e+00
5.027416904286176269e+00,4.483750053405761804e+01,8.958768463134765270e-01,5.819999999999999396e+00,3.750000000000000000e+05
5.028525600908398729e+00,4.398968406677246179e+01,1.325006103515625200e-01,5.819999999999999396e+00,0.000000000000000000e+00
5.028596588609814511e+00,4.413165946960449304e+01,1.325006103515625200e-01,5.819999999999999396e+00,3.750000000000000000e+05
5.029519622046104033e+00,4.483750053405761804e+01,7.680406188964843395e-01,5.819999999999999396e+00,0.000000000000000000e+00
5.029583539206138099e+00,4.483750053405761804e+01,6.402062988281249645e-01,5.819999999999999396e+00,3.750000000000000000e+05
5.030320910696789660e+00,4.427363487243652429e+01,1.325006103515625200e-01,5.819999999999999396e+00,0.000000000000000000e+00
5.030391898398205441e+00,4.441561027526855554e+01,1.325006103515625200e-01,5.819999999999999396e+00,3.750000000000000000e+05
5.030943606702925841e+00,4.483750053405761804e+01,5.123700714111327770e-01,5.819999999999999396e+00,0.000000000000000000e+00
5.031007523862959907e+00,4.483750053405761804e+01,3.845357513427734575e-01,5.819999999999999396e+00,3.750000000000000000e+05
5.031373570222041458e+00,4.455758567810058679e+01,1.325006103515625200e-01,5.819999999999999396e+00,0.000000000000000000e+00
5.031444557923457239e+00,4.469956108093261804e+01,1.325006103515625200e-01,5.819999999999999396e+00,3.750000000000000000e+05
5.031624942336900830e+00,4.483750053405761804e+01,2.567014312744140825e-01,5.819999999999999396e+00,0.000000000000000000e+00
5.054570949527772861e+00,1.324987030029297075e-01,1.062684103012085046e+01,5.819999999999999396e+00,3.750000000000000000e+05
5.054586432998522838e+00,1.443395233154297075e-01,1.063750120162963952e+01,5.819999999999999396e+00,0.000000000000000000e+00
5.054657420699938619e+00,2.863149261474609575e-01,1.063750120162963952e+01,5.819999999999999396e+00,3.750000000000000000e+05
5.054858566736445624e+00,1.324987030029297075e-01,1.049900575637817468e+01,5.819999999999999396e+00,0.000000000000000000e+00
5.054922484134898752e+00,1.324987030029297075e-01,1.037117095947265710e+01,5.819999999999999396e+00,3.750000000000000000e+05
5.055309291049625564e+00,4.282884216308593950e-01,1.063750120162963952e+01,5.819999999999999396e+00,0.000000000000000000e+00
5.055380278751041345e+00,5.702638244628905895e-01,1.063750120162963952e+01,5.819999999999999396e+00,3.750000000000000000e+05
5.055952748231553606e+00,1.324987030029297075e-01,1.024333568572998132e+01,5.819999999999999396e+00,0.000000000000000000e+00
5.056016665868424909e+00,1.324987030029297075e-01,1.011550041198730554e+01,5.819999999999999396e+00,3.750000000000000000e+05
5.056774797914722619e+00,7.122392272949218395e-01,1.063750120162963952e+01,5.819999999999999396e+00,0.000000000000000000e+00
5.056845785616138400e+00,8.542146301269530895e-01,1.063750120162963952e+01,5.819999999999999396e+00,3.750000000000000000e+05
5.057789579918146927e+00,1.324987030029297075e-01,9.987665615081787962e+00,5.819999999999999396e+00,0.000000000000000000e+00
5.057853497316600055e+00,1.324987030029297075e-01,9.859830818176270384e+00,5.819999999999999396e+00,3.750000000000000000e+05
5.058982953874320287e+00,9.961900329589843395e-01,1.063750120162963952e+01,5.819999999999999396e+00,0.000000000000000000e+00
5.059053941575736069e+00,1.138165435791015589e+00,1.063750120162963952e+01,5.819999999999999396e+00,3.750000000000000000e+05
5.060369060699241750e+00,1.324987030029297075e-01,9.731995544433594603e+00,5.819999999999999396e+00,0.000000000000000000e+00
5.060432978336113052e+00,1.324987030029297075e-01,9.604160270690918821e+00,5.819999999999999396e+00,3.750000000000000000e+05
5.061933760025404183e+00,1.280140838623046839e+00,1.063750120162963952e+01,5.819999999999999396e+00,0.000000000000000000e+00
5.062004747726819964e+00,1.422116241455078089e+00,1.063750120162963952e+01,5.819999999999999396e+00,3.750000000000000000e+05
5.063691191981896544e+00,1.324987030029297075e-01,9.476324996948243040e+00,5.819999999999999396e+00,0.000000000000000000e+00
5.063755109618767847e+00,1.324987030029297075e-01,9.348489723205567259e+00,5.819999999999999396e+00,3.750000000000000000e+05
5.065627216439629876e+00,1.564091644287109339e+00,1.063750120162963952e+01,5.819999999999999396e+00,0.000000000000000000e+00
5.065698204141045657e+00,1.706067047119140589e+00,1.063750120162963952e+01,5.819999999999999396e+00,3.750000000000000000e+05
5.067755973527693136e+00,1.324987030029297075e-01,9.220654449462891478e+00,5.819999999999999396e+00,0.000000000000000000e+00
5.067819890687727202e+00,1.324987030029297075e-01,9.092820129394532103e+00,5.819999999999999396e+00,3.750000000000000000e+05
5.070063322020011753e+00,1.848042449951171839e+00,1.063750120162963952e+01,5.819999999999999396e+00,0.000000000000000000e+00
5.070134309721427535e+00,1.990017852783203089e+00,1.063750120162963952e+01,5.819999999999999396e+00,3.750000000000000000e+05
5.072563403619497535e+00,1.324987030029297075e-01,8.964984855651856321e+00,5.819999999999999396e+00,0.000000000000000000e+00
5.072627321256368838e+00,1.324987030029297075e-01,8.837149581909180540e+00,5.819999999999999396e+00,3.750000000000000000e+05
5.075242077720224287e+00,2.131993255615234339e+00,1.063750120162963952e+01,5.819999999999999396e+00,0.000000000000000000e+00
5.075313065421640069e+00,2.273968658447265589e+00,1.063750120162963952e+01,5.819999999999999396e+00,3.750000000000000000e+05
5.078113484451280968e+00,1.324987030029297075e-01,8.709314308166504759e+00,5.819999999999999396e+00,0.000000000000000000e+00
5.078177402088152270e+00,1.324987030029297075e-01,8.581479034423828978e+00,5.819999999999999396e+00,3.750000000000000000e+05
5.081163482306089385e+00,2.415942153930664027e+00,1.063750120162963952e+01,5.819999999999999396e+00,0.000000000000000000e+00
5.081234470007505166e+00,2.557917556762695277e+00,1.063750120162963952e+01,5.819999999999999396e+00,3.750000000000000000e+05
5.084406212171079353e+00,1.324987030029297075e-01,8.453644714355469603e+00,5.819999999999999396e+00,0.000000000000000000e+00
5.084470129807950656e+00,1.324987030029297075e-01,8.325809440612793821e+00,5.819999999999999396e+00,3.750000000000000000e+05
5.087827534537309404e+00,2.699892959594726527e+00,1.063750120162963952e+01,5.819999999999999396e+00,0.000000000000000000e+00
5.087898522238725185e+00,2.841868362426757777e+00,1.063750120162963952e+01,5.819999999999999396e+00,3.750000000000000000e+05
5.091441589533869383e+00,1.324987030029297075e-01,8.197974166870118040e+00,5.819999999999999396e+00,0.000000000000000000e+00
5.091505507170740685e+00,1.324987030029297075e-01,8.070138893127442259e+00,5.819999999999999396e+00,3.750000000000000000e+05
5.095234237031670332e+00,2.983843765258789027e+00,1.063750120162963952e+01,5.819999999999999396e+00,0.000000000000000000e+00
5.095305224733086114e+00,3.125819168090820277e+00,1.063750120162963952e+01,5.819999999999999396e+00,3.750000000000000000e+05
5.099219617159801210e+00,1.324987030029297075e-01,7.942303619384765589e+00,5.819999999999999396e+00,0.000000000000000000e+00
5.099283534796672512e+00,1.324987030029297075e-01,7.814468345642089808e+00,5.819999999999999396e+00,3.750000000000000000e+05
5.103383589789173058e+00,3.267794570922851527e+00,1.063750120162963952e+01,5.819999999999999396e+00,0.000000000000000000e+00
5.103454577490588839e+00,3.409769973754882777e+00,1.063750120162963952e+01,5.819999999999999396e+00,3.750000000000000000e+05
5.107740294428726457e+00,1.324987030029297075e-01,7.686634025573730433e+00,5.819999999999999396e+00,0.000000000000000000e+00
5.107804212065597760e+00,1.324987030029297075e-01,7.558798751831054652e+00,5.819999999999999396e+00,3.750000000000000000e+05
5.112275591569520827e+00,3.551745376586914027e+00,1.063750120162963952e+01,5.819999999999999396e+00,0.000000000000000000e+00
5.112346579270936608e+00,3.693720779418945277e+00,1.063750120162963952e+01,5.819999999999999396e+00,3.750000000000000000e+05
5.117003621340645125e+00,1.324987030029297075e-01,7.430963478088378871e+00,5.819999999999999396e+00,0.000000000000000000e+00
5.117067538977516428e+00,1.324987030029297075e-01,7.303128204345703089e+00,5.819999999999999396e+00,3.750000000000000000e+05
5.121910243613010394e+00,3.835696182250976527e+00,1.063750120162963952e+01,5.819999999999999396e+00,0.000000000000000000e+00
5.121981231314426175e+00,3.977671585083007777e+00,1.063750120162963952e+01,5.819999999999999396e+00,3.750000000000000000e+05
5.127009598515705591e+00,1.324987030029297075e-01,7.175292930603027308e+00,5.819999999999999396e+00,0.000000000000000000e+00
5.127073516152576893e+00,1.324987030029297075e-01,7.047457656860351527e+00,5.819999999999999396e+00,3.750000000000000000e+05
5.132287545919641758e+00,4.119646987915039027e+00,1.063750120162963952e+01,5.819999999999999396e+00,0.000000000000000000e+00
5.132358533621057539e+00,4.261622390747070277e+00,1.063750120162963952e+01,5.819999999999999396e+00,3.750000000000000000e+05
5.137758225333759476e+00,1.324987030029297075e-01,6.919623336791992152e+00,5.819999999999999396e+00,0.000000000000000000e+00
5.137822142970630779e+00,1.324987030029297075e-01,6.791788063049316371e+00,5.819999999999999396e+00,3.750000000000000000e+05
5.143407495871628932e+00,4.403595886230468714e+00,1.063750120162963952e+01,5.819999999999999396e+00,0.000000000000000000e+00
5.143478483573044713e+00,4.545571289062499964e+00,1.063750120162963952e+01,5.819999999999999396e+00,3.750000000000000000e+05
5.149249499039828315e+00,1.324987030029297075e-01,6.663952789306640589e+00,5.819999999999999396e+00,0.000000000000000000e+00
5.149313416676699617e+00,1.324987030029297075e-01,6.536117515563964808e+00,5.819999999999999396e+00,3.750000000000000000e+05
5.155270094709268669e+00,4.687546691894531214e+00,1.063750120162963952e+01,5.819999999999999396e+00,0.000000000000000000e+00
5.155341082410684450e+00,4.829522094726562464e+00,1.063750120162963952e+01,5.819999999999999396e+00,3.750000000000000000e+05
5.161483423009038951e+00,1.324987030029297075e-01,6.408282241821289027e+00,5.819999999999999396e+00,0.000000000000000000e+00
5.161547340169073017e+00,1.324987030029297075e-01,6.280447921752929652e+00,5.819999999999999396e+00,3.750000000000000000e+05
5.167875342713064590e+00,4.971497497558593714e+00,1.063750120162963952e+01,5.819999999999999396e+00,0.000000000000000000e+00
5.167946330414480371e+00,5.113472900390624964e+00,1.063750120162963952e+01,5.819999999999999396e+00,3.750000000000000000e+05
5.174459995524257394e+00,1.324987030029297075e-01,6.152612648010253871e+00,5.819999999999999396e+00,0.000000000000000000e+00
5.174523913161128696e+00,1.324987030029297075e-01,6.024777374267578089e+00,5.819999999999999396e+00,3.750000000000000000e+05
5.181223240836691168e+00,5.255448303222656214e+00,1.063750120162963952e+01,5.819999999999999396e+00,0.000000000000000000e+00
5.181294228538106950e+00,5.397423706054687464e+00,1.063750120162963952e+01,5.819999999999999396e+00,3.750000000000000000e+05
5.188179218779454871e+00,1.324987030029297075e-01,5.896942100524902308e+00,5.819999999999999396e+00,0.000000000000000000e+00
5.188243136416326173e+00,1.324987030029297075e-01,5.769106826782226527e+00,5.819999999999999396e+00,3.750000000000000000e+05
5.195313789223459544e+00,5.539399108886718714e+00,1.063750120162963952e+01,5.819999999999999396e+00,0.000000000000000000e+00
5.195384776924875325e+00,5.681374511718749964e+00,1.063750120162963952e+01,5.819999999999999396e+00,3.750000000000000000e+05
5.202641092297794145e+00,1.324987030029297075e-01,5.641271553039550746e+00,5.819999999999999396e+00,0.000000000000000000e+00
5.202705009457828211e+00,1.324987030029297075e-01,5.513437232971191371e+00,5.819999999999999396e+00,3.750000000000000000e+05
5.210146986776384104e+00,5.823349914550781214e+00,1.063750120162963952e+01,5.819999999999999396e+00,0.000000000000000000e+00
5.210217974477799885e+00,5.965325317382812464e+00,1.063750120162963952e+01,5.819999999999999396e+00,3.750000000000000000e+05
5.217845614362141227e+00,1.324987030029297075e-01,5.385601959228515589e+00,5.819999999999999396e+00,0.000000000000000000e+00
5.217909531999012529e+00,1.324987030029297075e-01,5.257766685485839808e+00,5.819999999999999396e+00,3.750000000000000000e+05
5.225722834449138432e+00,6.107300720214843714e+00,1.063750120162963952e+01,5.819999999999999396e+00,0.000000000000000000e+00
5.225793822150554213e+00,6.249276123046874964e+00,1.063750120162963952e+01,5.819999999999999396e+00,3.750000000000000000e+05
5.233792787166465565e+00,1.324987030029297075e-01,5.129931411743164027e+00,5.819999999999999396e+00,0.000000000000000000e+00
5.233856704803336868e+00,1.324987030029297075e-01,5.002096138000488246e+00,5.819999999999999396e+00,3.750000000000000000e+05
5.242041332385033670e+00,6.391251525878906214e+00,1.063750120162963952e+01,5.819999999999999396e+00,0.000000000000000000e+00
5.242112319609612214e+00,6.533225975036621058e+00,1.063750120162963952e+01,5.819999999999999396e+00,3.750000000000000000e+05
5.250482608448201916e+00,1.324987030029297075e-01,4.874261817932128871e+00,5.819999999999999396e+00,0.000000000000000000e+00
5.250546526085073218e+00,1.324987030029297075e-01,4.746426544189453089e+00,5.819999999999999396e+00,3.750000000000000000e+05
5.259102477489448368e+00,6.675201377868652308e+00,1.063750120162963952e+01,5.819999999999999396e+00,0.000000000000000000e+00
5.259173465190864150e+00,6.817176780700683558e+00,1.063750120162963952e+01,5.819999999999999396e+00,3.750000000000000000e+05
5.267915079161024750e+00,1.324987030029297075e-01,4.618591270446777308e+00,5.819999999999999396e+00,0.000000000000000000e+00
5.267978996797896052e+00,1.324987030029297075e-01,4.490755996704101527e+00,5.819999999999999396e+00,3.750000000000000000e+05
5.276906272645097040e+00,6.959151229858398402e+00,1.063750120162963952e+01,5.819999999999999396e+00,0.000000000000000000e+00
5.276977260346512821e+00,7.101126632690429652e+00,1.063750120162963952e+01,5.819999999999999396e+00,3.750000000000000000e+05
5.286090198759499259e+00,1.324987030029297075e-01,4.362920722961425746e+00,5.819999999999999396e+00,0.000000000000000000e+00
5.286154116396370561e+00,1.324987030029297075e-01,4.235085449218749964e+00,5.819999999999999396e+00,3.750000000000000000e+05
5.295452717375142448e+00,7.243102035522460902e+00,1.063750120162963952e+01,5.819999999999999396e+00,0.000000000000000000e+00
5.295523705076558230e+00,7.385077438354492152e+00,1.063750120162963952e+01,5.819999999999999396e+00,3.750000000000000000e+05
5.305007968000967189e+00,1.324987030029297075e-01,4.107251129150390589e+00,5.819999999999999396e+00,0.000000000000000000e+00
5.305071885637838491e+00,1.324987030029297075e-01,3.979415855407714808e+00,5.819999999999999396e+00,3.750000000000000000e+05
5.314741811128032900e+00,7.527052841186523402e+00,1.063750120162963952e+01,5.819999999999999396e+00,0.000000000000000000e+00
5.314812798829448681e+00,7.669028244018554652e+00,1.063750120162963952e+01,5.819999999999999396e+00,3.750000000000000000e+05
5.324668386885428539e+00,1.324987030029297075e-01,3.851580581665039027e+00,5.819999999999999396e+00,0.000000000000000000e+00
5.324732304522299842e+00,1.324987030029297075e-01,3.723745307922363246e+00,5.819999999999999396e+00,3.750000000000000000e+05
5.334773555144065149e+00,7.811003646850585902e+00,1.063750120162963952e+01,5.819999999999999396e+00,0.000000000000000000e+00
5.334844542845480930e+00,7.952979049682617152e+00,1.063750120162963952e+01,5.819999999999999396e+00,3.750000000000000000e+05
5.345071456033031687e+00,1.324987030029297075e-01,3.595910034179687464e+00,5.819999999999999396e+00,0.000000000000000000e+00
5.345135373669902989e+00,1.324987030029297075e-01,3.468074760437011683e+00,5.819999999999999396e+00,3.750000000000000000e+05
5.355547948734494135e+00,8.094953498840332884e+00,1.063750120162963952e+01,5.819999999999999396e+00,0.000000000000000000e+00
5.355618936435909916e+00,8.236928901672364134e+00,1.063750120162963952e+01,5.819999999999999396e+00,3.750000000000000000e+05
5.366217173446138133e+00,1.324987030029297075e-01,3.340240440368652308e+00,5.819999999999999396e+00,0.000000000000000000e+00
5.366281091083009436e+00,1.324987030029297075e-01,3.212405166625976527e+00,5.819999999999999396e+00,3.750000000000000000e+05
5.377064990659023103e+00,8.378904304504395384e+00,1.063750120162963952e+01,5.819999999999999396e+00,0.000000000000000000e+00
5.377135978360438884e+00,8.520879707336426634e+00,1.063750120162963952e+01,5.819999999999999396e+00,3.750000000000000000e+05
5.388105540502238000e+00,1.324987030029297075e-01,3.084569892883300746e+00,5.819999999999999396e+00,0.000000000000000000e+00
5.388169458139109302e+00,1.324987030029297075e-01,2.956734619140624964e+00,5.819999999999999396e+00,3.750000000000000000e+05
5.399324682846693868e+00,8.662855110168457884e+00,1.063750120162963952e+01,5.819999999999999396e+00,0.000000000000000000e+00
5.399395670548109649e+00,8.804830513000489134e+00,1.063750120162963952e+01,5.819999999999999396e+00,3.750000000000000000e+05
5.410736557821479664e+00,1.324987030029297075e-01,2.828899345397949183e+00,5.819999999999999396e+00,0.000000000000000000e+00
5.410800475458350967e+00,1.324987030029297075e-01,2.701064071655273402e+00,5.819999999999999396e+00,3.750000000000000000e+05
5.422327025297506431e+00,8.946805915832520384e+00,1.063750120162963952e+01,5.819999999999999396e+00,0.000000000000000000e+00
5.422398012998922212e+00,9.088781318664551634e+00,1.063750120162963952e+01,5.819999999999999396e+00,3.750000000000000000e+05
5.434110224783714749e+00,1.324987030029297075e-01,2.573229751586914027e+00,5.819999999999999396e+00,0.000000000000000000e+00
5.434174142420586051e+00,1.324987030029297075e-01,2.445394477844238246e+00,5.819999999999999396e+00,3.750000000000000000e+05
5.446072016771164037e+00,9.230756721496582884e+00,1.063750120162963952e+01,5.819999999999999396e+00,0.000000000000000000e+00
5.446143003995742582e+00,9.372731170654297728e+00,1.063750120162963952e+01,5.819999999999999396e+00,3.750000000000000000e+05
5.458226540223361845e+00,1.324987030029297075e-01,2.317559204101562464e+00,5.819999999999999396e+00,0.000000000000000000e+00
5.458290457860233147e+00,1.324987030029297075e-01,2.189723930358886683e+00,5.819999999999999396e+00,3.750000000000000000e+05
5.470559656653637859e+00,9.514706573486328978e+00,1.063750120162963952e+01,5.819999999999999396e+00,0.000000000000000000e+00
5.470630644355053640e+00,9.656681976318360228e+00,1.063750120162963952e+01,5.819999999999999396e+00,3.750000000000000000e+05
5.483085505094095424e+00,1.324987030029297075e-01,2.061889610290527308e+00,5.819999999999999396e+00,0.000000000000000000e+00
5.483149422730966727e+00,1.324987030029297075e-01,1.934054336547851527e+00,5.819999999999999396e+00,3.750000000000000000e+05
5.495789946035793072e+00,9.798657379150391478e+00,1.063750120162963952e+01,5.819999999999999396e+00,0.000000000000000000e+00
5.495860933737208853e+00,9.940632781982422728e+00,1.063750120162963952e+01,5.819999999999999396e+00,3.750000000000000000e+05
5.508687120227969025e+00,1.324987030029297075e-01,1.806218109130859339e+00,5.819999999999999396e+00,0.000000000000000000e+00
5.508751037388003091e+00,1.324987030029297075e-01,1.678383789062499964e+00,5.819999999999999396e+00,3.750000000000000000e+05
5.521762885824400335e+00,1.008260818481445398e+01,1.063750120162963952e+01,5.819999999999999396e+00,0.000000000000000000e+00
5.521833873525816117e+00,1.022458358764648523e+01,1.063750120162963952e+01,5.819999999999999396e+00,3.750000000000000000e+05
5.535031385148147187e+00,1.324987030029297075e-01,1.550547561645507777e+00,5.819999999999999396e+00,0.000000000000000000e+00
5.535095302308181253e+00,1.324987030029297075e-01,1.422713241577148402e+00,5.819999999999999396e+00,3.750000000000000000e+05
5.548478475187405223e+00,1.036655803680420007e+01,1.063750120162963952e+01,5.819999999999999396e+00,0.000000000000000000e+00
5.548549462888821004e+00,1.050853343963623132e+01,1.063750120162963952e+01,5.819999999999999396e+00,3.750000000000000000e+05
5.562118297713682047e+00,1.324987030029297075e-01,1.294878921508789027e+00,5.819999999999999396e+00,0.000000000000000000e+00
5.562182215827390586e+00,1.324987030029297075e-01,1.167042694091796839e+00,5.819999999999999396e+00,3.750000000000000000e+05
5.575936713838185455e+00,1.065050884246826257e+01,1.063750120162963952e+01,5.819999999999999396e+00,0.000000000000000000e+00
5.576007701539601236e+00,1.079248424530029382e+01,1.063750120162963952e+01,5.819999999999999396e+00,3.750000000000000000e+05
5.589947861496033177e+00,1.324987030029297075e-01,1.039208374023437464e+00,5.819999999999999396e+00,0.000000000000000000e+00
5.590011779609741716e+00,1.324987030029297075e-01,9.113721466064452770e-01,5.819999999999999396e+00,3.750000000000000000e+05
5.604137602752107483e+00,1.093445964813232507e+01,1.063750120162963952e+01,5.819999999999999396e+00,0.000000000000000000e+00
5.604208590453523264e+00,1.107643505096435632e+01,1.063750120162963952e+01,5.819999999999999396e+00,3.750000000000000000e+05
5.618520075541526104e+00,1.324987030029297075e-01,7.835378265380859020e-01,5.819999999999999396e+00,0.000000000000000000e+00
5.618583993655234643e+00,1.324987030029297075e-01,6.557015991210937145e-01,5.819999999999999396e+00,3.750000000000000000e+05
5.633081141929170421e+00,1.121841045379638757e+01,1.063750120162963952e+01,5.819999999999999396e+00,0.000000000000000000e+00
5.633152129153748966e+00,1.136038490295410242e+01,1.063750120162963952e+01,5.819999999999999396e+00,3.750000000000000000e+05
5.647834938684577644e+00,1.324987030029297075e-01,5.278672790527343395e-01,5.819999999999999396e+00,0.000000000000000000e+00
5.647898855844611710e+00,1.324987030029297075e-01,4.000329589843750200e-01,5.819999999999999396e+00,3.750000000000000000e+05
5.662767327321077460e+00,1.150236030578613367e+01,1.063750120162963952e+01,5.819999999999999396e+00,0.000000000000000000e+00
5.662838315022493241e+00,1.164433570861816492e+01,1.063750120162963952e+01,5.819999999999999396e+00,3.750000000000000000e+05
5.677892449684892817e+00,1.324987030029297075e-01,2.721967315673828325e-01,5.819999999999999396e+00,0.000000000000000000e+00
5.677956366844926883e+00,1.324987030029297075e-01,1.443624114990234575e-01,5.819999999999999396e+00,3.750000000000000000e+05
5.693196163452963532e+00,1.178631111145019617e+01,1.063750120162963952e+01,5.819999999999999396e+00,0.000000000000000000e+00
5.693267151154379313e+00,1.192828651428222742e+01,1.063750120162963952e+01,5.819999999999999396e+00,3.750000000000000000e+05
5.708524174107462379e+00,2.613019561767578325e-01,1.325006103515625200e-01,5.819999999999999396e+00,0.000000000000000000e+00
5.708595161808878160e+00,4.032773590087890825e-01,1.325006103515625200e-01,5.819999999999999396e+00,3.750000000000000000e+05
5.723852184761961226e+00,1.207026191711425867e+01,1.063750120162963952e+01,5.819999999999999396e+00,0.000000000000000000e+00
5.723923172463377007e+00,1.221223731994628992e+01,1.063750120162963952e+01,5.819999999999999396e+00,3.750000000000000000e+05
5.739180195416460073e+00,5.452527618408202770e-01,1.325006103515625200e-01,5.819999999999999396e+00,0.000000000000000000e+00
5.739251183117875854e+00,6.872281646728515270e-01,1.325006103515625200e-01,5.819999999999999396e+00,3.750000000000000000e+05
5.754508206070958920e+00,1.235421272277832117e+01,1.063750120162963952e+01,5.819999999999999396e+00,0.000000000000000000e+00
5.754579193295537465e+00,1.249618717193603601e+01,1.063750120162963952e+01,5.819999999999999396e+00,3.750000000000000000e+05
5.769836215559876358e+00,8.292035675048827770e-01,1.325006103515625200e-01,5.819999999999999396e+00,0.000000000000000000e+00
5.769907203261292139e+00,9.711789703369140270e-01,1.325006103515625200e-01,5.819999999999999396e+00,3.750000000000000000e+05
5.785164225525631032e+00,1.263816257476806726e+01,1.063750120162963952e+01,5.819999999999999396e+00,0.000000000000000000e+00
5.785235213227046813e+00,1.278013797760009851e+01,1.063750120162963952e+01,5.819999999999999396e+00,3.750000000000000000e+05
5.800492235491385706e+00,1.113154373168945277e+00,1.325006103515625200e-01,5.819999999999999396e+00,0.000000000000000000e+00
5.800563223192801487e+00,1.255129776000976527e+00,1.325006103515625200e-01,5.819999999999999396e+00,3.750000000000000000e+05
5.815820245457140381e+00,1.292211338043212976e+01,1.063750120162963952e+01,5.819999999999999396e+00,0.000000000000000000e+00
5.815891233158556162e+00,1.306408878326416101e+01,1.063750120162963952e+01,5.819999999999999396e+00,3.750000000000000000e+05
5.831148256800384289e+00,1.397103271484374964e+00,1.325006103515625200e-01,5.819999999999999396e+00,0.000000000000000000e+00
5.831219244501800070e+00,1.539078674316406214e+00,1.325006103515625200e-01,5.819999999999999396e+00,3.750000000000000000e+05
5.846476268143628197e+00,1.320606418609619226e+01,1.063750120162963952e+01,5.819999999999999396e+00,0.000000000000000000e+00
5.846547255845043978e+00,1.334803958892822351e+01,1.063750120162963952e+01,5.819999999999999396e+00,3.750000000000000000e+05
5.861804279486872105e+00,1.681054077148437464e+00,1.325006103515625200e-01,5.819999999999999396e+00,0.000000000000000000e+00
5.861875267188287886e+00,1.823029479980468714e+00,1.325006103515625200e-01,5.819999999999999396e+00,3.750000000000000000e+05
5.877132290141370952e+00,1.349001403808593835e+01,1.063750120162963952e+01,5.819999999999999396e+00,0.000000000000000000e+00
5.877203277842786733e+00,1.363198944091796960e+01,1.063750120162963952e+01,5.819999999999999396e+00,3.750000000000000000e+05
5.892460300795869799e+00,1.965004882812499964e+00,1.325006103515625200e-01,5.819999999999999396e+00,0.000000000000000000e+00
5.892531288497285580e+00,2.106980285644531214e+00,1.325006103515625200e-01,5.819999999999999396e+00,3.750000000000000000e+05
5.907788311450368646e+00,1.377396484375000085e+01,1.063750120162963952e+01,5.819999999999999396e+00,0.000000000000000000e+00
5.907859299151784427e+00,1.391594024658203210e+01,1.063750120162963952e+01,5.819999999999999396e+00,3.750000000000000000e+05
5.923116322104867493e+00,2.248955688476562464e+00,1.325006103515625200e-01,5.819999999999999396e+00,0.000000000000000000e+00
5.923187309806283274e+00,2.390931091308593714e+00,1.325006103515625200e-01,5.819999999999999396e+00,3.750000000000000000e+05
5.938444332759366340e+00,1.405791564941406335e+01,1.063750120162963952e+01,5.819999999999999396e+00,0.000000000000000000e+00
5.938515320460782121e+00,1.419989105224609460e+01,1.063750120162963952e+01,5.819999999999999396e+00,3.750000000000000000e+05
5.953772343413865187e+00,2.532906494140624964e+00,1.325006103515625200e-01,5.819999999999999396e+00,0.000000000000000000e+00
5.953843331115280968e+00,2.674881896972656214e+00,1.325006103515625200e-01,5.819999999999999396e+00,3.750000000000000000e+05
5.969100354068364034e+00,1.434186645507812585e+01,1.063750120162963952e+01,5.819999999999999396e+00,0.000000000000000000e+00
5.969171341292942579e+00,1.448384090423584070e+01,1.063750120162963952e+01,5.819999999999999396e+00,3.750000000000000000e+05
5.984428363557281472e+00,2.816857299804687464e+00,1.325006103515625200e-01,5.819999999999999396e+00,0.000000000000000000e+00
5.984499351258697253e+00,2.958832702636718714e+00,1.325006103515625200e-01,5.819999999999999396e+00,3.750000000000000000e+05
5.999756373523036146e+00,1.462581630706787195e+01,1.063750120162963952e+01,5.819999999999999396e+00,0.000000000000000000e+00
5.999827361224451927e+00,1.476779170989990320e+01,1.063750120162963952e+01,5.819999999999999396e+00,3.750000000000000000e+05
6.015084383488790820e+00,3.100808105468749964e+00,1.325006103515625200e-01,5.819999999999999396e+00,0.000000000000000000e+00
6.015155371190206601e+00,3.242783508300781214e+00,1.325006103515625200e-01,5.819999999999999396e+00,3.750000000000000000e+05
6.030412393454545494e+00,1.490976711273193445e+01,1.063750120162963952e+01,5.819999999999999396e+00,0.000000000000000000e+00
6.030483381155961276e+00,1.505174251556396570e+01,1.063750120162963952e+01,5.819999999999999396e+00,3.750000000000000000e+05
6.045740404797789402e+00,3.384757003784179652e+00,1.325006103515625200e-01,5.819999999999999396e+00,0.000000000000000000e+00
6.045811392499205184e+00,3.526732406616210902e+00,1.325006103515625200e-01,5.819999999999999396e+00,3.750000000000000000e+05
6.061068416141033310e+00,1.519371791839599695e+01,1.063750120162963952e+01,5.819999999999999396e+00,0.000000000000000000e+00
6.061139403842449092e+00,1.533569332122802820e+01,1.063750120162963952e+01,5.819999999999999396e+00,3.750000000000000000e+05
6.076396427484277218e+00,3.668707809448242152e+00,1.325006103515625200e-01,5.819999999999999396e+00,0.000000000000000000e+00
6.076467415185693000e+00,3.810683212280273402e+00,1.325006103515625200e-01,5.819999999999999396e+00,3.750000000000000000e+05
6.091724438827521126e+00,1.547766872406005945e+01,1.063750120162963952e+01,5.819999999999999396e+00,0.000000000000000000e+00
6.091795426052099671e+00,1.561964317321777429e+01,1.063750120162963952e+01,5.819999999999999396e+00,3.750000000000000000e+05
6.107052449005182737e+00,3.952658615112304652e+00,1.325006103515625200e-01,5.819999999999999396e+00,0.000000000000000000e+00
6.107123436706598518e+00,4.094634017944335902e+00,1.325006103515625200e-01,5.819999999999999396e+00,3.750000000000000000e+05
6.122380459659681584e+00,1.576161857604980554e+01,1.063750120162963952e+01,5.819999999999999396e+00,0.000000000000000000e+00
6.122451447361097365e+00,1.590359397888183679e+01,1.063750120162963952e+01,5.819999999999999396e+00,3.750000000000000000e+05
6.137708470314180431e+00,4.236609420776367152e+00,1.325006103515625200e-01,5.819999999999999396e+00,0.000000000000000000e+00
6.137779458015596212e+00,4.378584823608398402e+00,1.325006103515625200e-01,5.819999999999999396e+00,3.750000000000000000e+05
6.153036480968679278e+00,1.604556938171386804e+01,1.063750120162963952e+01,5.819999999999999396e+00,0.000000000000000000e+00
6.153107468193257823e+00,1.618754383087158288e+01,1.063750120162963952e+01,5.819999999999999396e+00,3.750000000000000000e+05
6.168364490457596716e+00,4.520560226440429652e+00,1.325006103515625200e-01,5.819999999999999396e+00,0.000000000000000000e+00
6.168435478159012497e+00,4.662535629272460902e+00,1.325006103515625200e-01,5.819999999999999396e+00,3.750000000000000000e+05
6.183692500423351390e+00,1.632951923370361413e+01,1.063750120162963952e+01,5.819999999999999396e+00,0.000000000000000000e+00
6.183763488124767171e+00,1.647149463653564538e+01,1.063750120162963952e+01,5.819999999999999396e+00,3.750000000000000000e+05
6.199020510389106065e+00,4.804511032104492152e+00,1.325006103515625200e-01,5.819999999999999396e+00,0.000000000000000000e+00
6.199091498090521846e+00,4.946486434936523402e+00,1.325006103515625200e-01,5.819999999999999396e+00,3.750000000000000000e+05
6.214348520354860739e+00,1.661347003936767663e+01,1.063750120162963952e+01,5.819999999999999396e+00,0.000000000000000000e+00
6.214419508056276520e+00,1.675544544219970788e+01,1.063750120162963952e+01,5.819999999999999396e+00,3.750000000000000000e+05
6.229676530320615413e+00,5.088461837768554652e+00,1.325006103515625200e-01,5.819999999999999396e+00,0.000000000000000000e+00
6.229747517068356721e+00,5.230435333251953089e+00,1.325006103515625200e-01,5.819999999999999396e+00,3.750000000000000000e+05
6.245004540710184848e+00,1.689742084503173913e+01,1.063750120162963952e+01,5.819999999999999396e+00,0.000000000000000000e+00
6.245075528411600629e+00,1.703939624786377038e+01,1.063750120162963952e+01,5.819999999999999396e+00,3.750000000000000000e+05
6.260332552053428756e+00,5.372410736083984339e+00,1.325006103515625200e-01,5.819999999999999396e+00,0.000000000000000000e+00
6.260403539754844537e+00,5.514386138916015589e+00,1.325006103515625200e-01,5.819999999999999396e+00,3.750000000000000000e+05
6.275660563396672664e+00,1.718137165069580163e+01,1.063750120162963952e+01,5.819999999999999396e+00,0.000000000000000000e+00
6.275731551098088445e+00,1.732334705352783288e+01,1.063750120162963952e+01,5.819999999999999396e+00,3.750000000000000000e+05
6.290988574739916572e+00,5.656361541748046839e+00,1.325006103515625200e-01,5.819999999999999396e+00,0.000000000000000000e+00
6.291059562441332353e+00,5.798336944580078089e+00,1.325006103515625200e-01,5.819999999999999396e+00,3.750000000000000000e+05
6.306316586083160480e+00,1.746532245635986413e+01,1.063750120162963952e+01,5.819999999999999396e+00,0.000000000000000000e+00
6.306387573784576261e+00,1.760729785919189538e+01,1.063750120162963952e+01,5.819999999999999396e+00,3.750000000000000000e+05
6.321644597426404388e+00,5.940312347412109339e+00,1.325006103515625200e-01,5.819999999999999396e+00,0.000000000000000000e+00
6.321715585127820169e+00,6.082287750244140589e+00,1.325006103515625200e-01,5.819999999999999396e+00,3.750000000000000000e+05
6.336972608769648296e+00,1.774927326202392663e+01,1.063750120162963952e+01,5.819999999999999396e+00,0.000000000000000000e+00
6.337043596471064077e+00,1.789124866485595788e+01,1.063750120162963952e+01,5.819999999999999396e+00,3.750000000000000000e+05
6.352300620112892204e+00,6.224263153076171839e+00,1.325006103515625200e-01,5.819999999999999396e+00,0.000000000000000000e+00
6.352371607814307986e+00,6.366238555908203089e+00,1.325006103515625200e-01,5.819999999999999396e+00,3.750000000000000000e+05
6.367628631456136112e+00,1.803322406768798913e+01,1.063750120162963952e+01,5.819999999999999396e+00,0.000000000000000000e+00
6.367699618203877421e+00,1.817519756317138757e+01,1.063750120162963952e+01,5.819999999999999396e+00,3.750000000000000000e+05
6.382956640468216314e+00,6.508213958740234339e+00,1.325006103515625200e-01,5.819999999999999396e+00,0.000000000000000000e+00
6.383027628169632095e+00,6.650189361572265589e+00,1.325006103515625200e-01,5.819999999999999396e+00,3.750000000000000000e+05
6.398284650433970988e+00,1.831717296600341882e+01,1.063750120162963952e+01,5.819999999999999396e+00,0.000000000000000000e+00
6.398355638135386769e+00,1.845914836883545007e+01,1.063750120162963952e+01,5.819999999999999396e+00,3.750000000000000000e+05
6.413612661088469835e+00,6.792163810729980433e+00,1.325006103515625200e-01,5.819999999999999396e+00,0.000000000000000000e+00
6.413683648789885616e+00,6.934139213562011683e+00,1.325006103515625200e-01,5.819999999999999396e+00,3.750000000000000000e+05
6.428940671742968682e+00,1.860112377166748132e+01,1.063750120162963952e+01,5.819999999999999396e+00,0.000000000000000000e+00
6.429011659444384463e+00,1.874309917449951257e+01,1.063750120162963952e+01,5.819999999999999396e+00,3.750000000000000000e+05
6.444268682397467529e+00,7.076114616394042933e+00,1.325006103515625200e-01,5.819999999999999396e+00,0.000000000000000000e+00
6.444339670098883310e+00,7.218090019226074183e+00,1.325006103515625200e-01,5.819999999999999396e+00,3.750000000000000000e+05
6.459596693051966376e+00,1.888507457733154382e+01,1.063750120162963952e+01,5.819999999999999396e+00,0.000000000000000000e+00
6.459667680753382157e+00,1.902704998016357507e+01,1.063750120162963952e+01,5.819999999999999396e+00,3.750000000000000000e+05
6.474924703706465223e+00,7.360065422058105433e+00,1.325006103515625200e-01,5.819999999999999396e+00,0.000000000000000000e+00
6.474995691407881004e+00,7.502040824890136683e+00,1.325006103515625200e-01,5.819999999999999396e+00,3.750000000000000000e+05
6.490252714360964070e+00,1.916902538299560632e+01,1.063750120162963952e+01,5.819999999999999396e+00,0.000000000000000000e+00
6.490323702062379851e+00,1.931100078582763757e+01,1.063750120162963952e+01,5.819999999999999396e+00,3.750000000000000000e+05
6.505580725015462917e+00,7.644016227722167933e+00,1.325006103515625200e-01,5.819999999999999396e+00,0.000000000000000000e+00
6.505651712716878698e+00,7.785991630554199183e+00,1.325006103515625200e-01,5.819999999999999396e+00,3.750000000000000000e+05
6.520908735669961764e+00,1.945297618865966882e+01,1.063750120162963952e+01,5.819999999999999396e+00,0.000000000000000000e+00
6.520979723371377546e+00,1.959495159149170007e+01,1.063750120162963952e+01,5.819999999999999396e+00,3.750000000000000000e+05
6.536236747013205672e+00,7.927966079711914027e+00,1.325006103515625200e-01,5.819999999999999396e+00,0.000000000000000000e+00
6.536307734714621454e+00,8.069941482543946165e+00,1.325006103515625200e-01,5.819999999999999396e+00,3.750000000000000000e+05
6.551564758356449580e+00,1.973692699432373132e+01,1.063750120162963952e+01,5.819999999999999396e+00,0.000000000000000000e+00
6.551635746057865362e+00,1.987890239715576257e+01,1.063750120162963952e+01,5.819999999999999396e+00,3.750000000000000000e+05
6.566892769699693488e+00,8.211916885375977415e+00,1.325006103515625200e-01,5.819999999999999396e+00,0.000000000000000000e+00
6.566963757401109270e+00,8.353892288208008665e+00,1.325006103515625200e-01,5.819999999999999396e+00,3.750000000000000000e+05
6.582220781042937396e+00,2.002087779998779382e+01,1.063750120162963952e+01,5.819999999999999396e+00,0.000000000000000000e+00
6.582291767790678705e+00,2.016285129547119226e+01,1.063750120162963952e+01,5.819999999999999396e+00,3.750000000000000000e+05
6.597548790055017598e+00,8.495867691040039915e+00,1.325006103515625200e-01,5.819999999999999396e+00,0.000000000000000000e+00
6.597619777756433379e+00,8.637843093872071165e+00,1.325006103515625200e-01,5.819999999999999396e+00,3.750000000000000000e+05
6.612876800020772272e+00,2.030482669830322351e+01,1.063750120162963952e+01,5.819999999999999396e+00,0.000000000000000000e+00
6.612947787722188053e+00,2.044680210113525476e+01,1.063750120162963952e+01,5.819999999999999396e+00,3.750000000000000000e+05
6.628204809986526946e+00,8.779818496704102415e+00,1.325006103515625200e-01,5.819999999999999396e+00,0.000000000000000000e+00
6.628275797687942728e+00,8.921793899536133665e+00,1.325006103515625200e-01,5.819999999999999396e+00,3.750000000000000000e+05
6.643532819952281621e+00,2.058877750396728601e+01,1.063750120162963952e+01,5.819999999999999396e+00,0.000000000000000000e+00
6.643603807653697402e+00,2.073075290679931726e+01,1.063750120162963952e+01,5.819999999999999396e+00,3.750000000000000000e+05
6.658860829918036295e+00,9.063769302368164915e+00,1.325006103515625200e-01,5.819999999999999396e+00,0.000000000000000000e+00
6.658931817142614840e+00,9.205743751525879759e+00,1.325006103515625200e-01,5.819999999999999396e+00,3.750000000000000000e+05
6.674188840095697905e+00,2.087272830963134851e+01,1.063750120162963952e+01,5.819999999999999396e+00,0.000000000000000000e+00
6.674259827797113687e+00,2.101470371246337976e+01,1.063750120162963952e+01,5.819999999999999396e+00,3.750000000000000000e+05
6.689516850750196753e+00,9.347719154357911009e+00,1.325006103515625200e-01,5.819999999999999396e+00,0.000000000000000000e+00
6.689587838451612534e+00,9.489694557189942259e+00,1.325006103515625200e-01,5.819999999999999396e+00,3.750000000000000000e+05
6.704844861404695600e+00,2.115667911529541101e+01,1.063750120162963952e+01,5.819999999999999396e+00,0.000000000000000000e+00
6.704915849106111381e+00,2.129865451812744226e+01,1.063750120162963952e+01,5.819999999999999396e+00,3.750000000000000000e+05
6.720172872059194447e+00,9.631669960021973509e+00,1.325006103515625200e-01,5.819999999999999396e+00,0.000000000000000000e+00
6.720243859760610228e+00,9.773645362854004759e+00,1.325006103515625200e-01,5.819999999999999396e+00,3.750000000000000000e+05
6.735500882713693294e+00,2.144062992095947351e+01,1.063750120162963952e+01,5.819999999999999396e+00,0.000000000000000000e+00
6.735571870385307136e+00,2.158260526418685998e+01,1.063750120162963952e+01,5.819999999999999396e+00,3.750000000000000000e+05
6.750828893295343747e+00,9.915620765686036009e+00,1.325006103515625200e-01,5.819999999999999396e+00,0.000000000000000000e+00
6.750899880996759528e+00,1.005759616851806726e+01,1.325006103515625200e-01,5.819999999999999396e+00,3.750000000000000000e+05
6.766156903906796138e+00,2.172458066701889123e+01,1.063750120162963952e+01,5.819999999999999396e+00,0.000000000000000000e+00
6.766227891608211920e+00,2.186655606985092248e+01,1.063750120162963952e+01,5.819999999999999396e+00,3.750000000000000000e+05
6.781484915206993591e+00,1.019957061767578210e+01,1.325006103515625200e-01,5.819999999999999396e+00,0.000000000000000000e+00
6.781555902908409372e+00,1.034154602050781335e+01,1.325006103515625200e-01,5.819999999999999396e+00,3.750000000000000000e+05
6.796812926528714272e+00,2.200853150248527612e+01,1.063750120162963952e+01,5.819999999999999396e+00,0.000000000000000000e+00
6.796883914230130053e+00,2.215050690531730737e+01,1.063750120162963952e+01,5.819999999999999396e+00,3.750000000000000000e+05
6.812140937850434952e+00,1.048352142333984460e+01,1.325006103515625200e-01,5.819999999999999396e+00,0.000000000000000000e+00
6.812211925551850733e+00,1.062549682617187585e+01,1.325006103515625200e-01,5.819999999999999396e+00,3.750000000000000000e+05
6.827468947783904341e+00,2.229248038589954461e+01,1.063750120162963952e+01,5.819999999999999396e+00,0.000000000000000000e+00
6.827539935489046030e+00,2.243445579618215646e+01,1.063750120162963952e+01,5.819999999999999396e+00,3.750000000000000000e+05
6.842796957726481111e+00,1.076747222900390710e+01,1.325006103515625200e-01,5.819999999999999396e+00,0.000000000000000000e+00
6.842867945427896892e+00,1.090944763183593835e+01,1.325006103515625200e-01,5.819999999999999396e+00,3.750000000000000000e+05
6.858124967665331972e+00,2.257643119901418771e+01,1.063750120162963952e+01,5.819999999999999396e+00,0.000000000000000000e+00
6.858195955363022733e+00,2.271840659439563836e+01,1.063750120162963952e+01,5.819999999999999396e+00,3.750000000000000000e+05
6.873452977595076341e+00,1.105142303466796960e+01,1.325006103515625200e-01,5.819999999999999396e+00,0.000000000000000000e+00
6.873523964819654886e+00,1.119339748382568445e+01,1.325006103515625200e-01,5.819999999999999396e+00,3.750000000000000000e+05
6.888780987751214724e+00,2.286038201212883081e+01,1.063750120162963952e+01,5.819999999999999396e+00,0.000000000000000000e+00
6.888851975437729536e+00,2.300235738515853967e+01,1.063750120162963952e+01,5.819999999999999396e+00,3.750000000000000000e+05
6.904108998347766146e+00,1.133537288665771570e+01,1.325006103515625200e-01,5.819999999999999396e+00,0.000000000000000000e+00
6.904179986049181927e+00,1.147734828948974695e+01,1.325006103515625200e-01,5.819999999999999396e+00,3.750000000000000000e+05
6.919437008959218538e+00,2.314433278799057092e+01,1.063750120162963952e+01,5.819999999999999396e+00,0.000000000000000000e+00
6.919507996660634319e+00,2.328630819082260217e+01,1.063750120162963952e+01,5.819999999999999396e+00,3.750000000000000000e+05
6.934765019570670930e+00,1.161932369232177820e+01,1.325006103515625200e-01,5.819999999999999396e+00,0.000000000000000000e+00
6.934836007272086711e+00,1.176129909515380945e+01,1.325006103515625200e-01,5.819999999999999396e+00,3.750000000000000000e+05
6.950093030182123321e+00,2.342828359365463342e+01,1.063750120162963952e+01,5.819999999999999396e+00,0.000000000000000000e+00
6.950164017913341929e+00,2.357025905609130945e+01,1.063750120162963952e+01,5.819999999999999396e+00,3.750000000000000000e+05
6.965421040866424995e+00,1.190327449798584070e+01,1.325006103515625200e-01,5.819999999999999396e+00,0.000000000000000000e+00
6.965492028567840777e+00,1.204524990081787195e+01,1.325006103515625200e-01,5.819999999999999396e+00,3.750000000000000000e+05
6.980749051520923842e+00,2.371223445892334070e+01,1.063750120162963952e+01,5.819999999999999396e+00,0.000000000000000000e+00
6.980820039222339624e+00,2.385420986175537195e+01,1.063750120162963952e+01,5.819999999999999396e+00,3.750000000000000000e+05
6.996077062175422689e+00,1.218722530364990320e+01,1.325006103515625200e-01,5.819999999999999396e+00,0.000000000000000000e+00
6.996148049400001234e+00,1.232919975280761804e+01,1.325006103515625200e-01,5.819999999999999396e+00,3.750000000000000000e+05
7.011405073041829361e+00,2.399618526458740320e+01,1.063750120162963952e+01,5.819999999999999396e+00,0.000000000000000000e+00
7.011476060743245142e+00,2.413816066741943445e+01,1.063750120162963952e+01,5.819999999999999396e+00,3.750000000000000000e+05
7.026733084385073269e+00,1.247117515563964929e+01,1.325006103515625200e-01,5.819999999999999396e+00,0.000000000000000000e+00
7.026804072086489050e+00,1.261315055847168054e+01,1.325006103515625200e-01,5.819999999999999396e+00,3.750000000000000000e+05
7.042061095728317177e+00,2.428013607025146570e+01,1.063750120162963952e+01,5.819999999999999396e+00,0.000000000000000000e+00
7.042132082476058486e+00,2.442210956573486413e+01,1.063750120162963952e+01,5.819999999999999396e+00,3.750000000000000000e+05
7.057389104740397379e+00,1.275512596130371179e+01,1.325006103515625200e-01,5.819999999999999396e+00,0.000000000000000000e+00
7.057460092441813160e+00,1.289710136413574304e+01,1.325006103515625200e-01,5.819999999999999396e+00,3.750000000000000000e+05
7.072717114706152053e+00,2.456408496856689538e+01,1.063750120162963952e+01,5.819999999999999396e+00,0.000000000000000000e+00
7.072788102407567834e+00,2.470606037139892663e+01,1.063750120162963952e+01,5.819999999999999396e+00,3.750000000000000000e+05
7.088045124671906727e+00,1.303907676696777429e+01,1.325006103515625200e-01,5.819999999999999396e+00,0.000000000000000000e+00
7.088116112373322508e+00,1.318105216979980554e+01,1.325006103515625200e-01,5.819999999999999396e+00,3.750000000000000000e+05
7.103373134637661401e+00,2.484803577423095788e+01,1.063750120162963952e+01,5.819999999999999396e+00,0.000000000000000000e+00
7.103444122339077182e+00,2.499001117706298913e+01,1.063750120162963952e+01,5.819999999999999396e+00,3.750000000000000000e+05
7.118701145292160248e+00,1.332302661895752038e+01,1.325006103515625200e-01,5.819999999999999396e+00,0.000000000000000000e+00
7.118772132993576029e+00,1.346500202178955163e+01,1.325006103515625200e-01,5.819999999999999396e+00,3.750000000000000000e+05
7.134029155946659095e+00,2.513198657989502038e+01,1.063750120162963952e+01,5.819999999999999396e+00,0.000000000000000000e+00
7.134100143648074877e+00,2.527396198272705163e+01,1.063750120162963952e+01,5.819999999999999396e+00,3.750000000000000000e+05
7.149357166601157942e+00,1.360697742462158288e+01,1.325006103515625200e-01,5.819999999999999396e+00,0.000000000000000000e+00
7.149428154302573724e+00,1.374895282745361413e+01,1.325006103515625200e-01,5.819999999999999396e+00,3.750000000000000000e+05
7.164685177255656789e+00,2.541593738555908288e+01,1.063750120162963952e+01,5.819999999999999396e+00,0.000000000000000000e+00
7.164756164957072571e+00,2.555791278839111413e+01,1.063750120162963952e+01,5.819999999999999396e+00,3.750000000000000000e+05
7.180013187910155636e+00,1.389092823028564538e+01,1.325006103515625200e-01,5.819999999999999396e+00,0.000000000000000000e+00
7.180084175611571418e+00,1.403290363311767663e+01,1.325006103515625200e-01,5.819999999999999396e+00,3.750000000000000000e+05
7.195341198564654484e+00,2.569988819122314538e+01,1.063750120162963952e+01,5.819999999999999396e+00,0.000000000000000000e+00
7.195412186266070265e+00,2.584186359405517663e+01,1.063750120162963952e+01,5.819999999999999396e+00,3.750000000000000000e+05
7.210669209219153331e+00,1.417487903594970788e+01,1.325006103515625200e-01,5.819999999999999396e+00,0.000000000000000000e+00
7.210740196443731875e+00,1.431685348510742273e+01,1.325006103515625200e-01,5.819999999999999396e+00,3.750000000000000000e+05
7.225997220085560002e+00,2.598383899688720788e+01,1.063750120162963952e+01,5.819999999999999396e+00,0.000000000000000000e+00
7.226068207786975783e+00,2.612581439971923913e+01,1.063750120162963952e+01,5.819999999999999396e+00,3.750000000000000000e+05
7.241325231428803910e+00,1.445882888793945398e+01,1.325006103515625200e-01,5.819999999999999396e+00,0.000000000000000000e+00
7.241396219130219691e+00,1.460080429077148523e+01,1.325006103515625200e-01,5.819999999999999396e+00,3.750000000000000000e+05
7.256653242772047818e+00,2.626778980255127038e+01,1.063750120162963952e+01,5.819999999999999396e+00,0.000000000000000000e+00
7.256724229519789127e+00,2.640976329803466882e+01,1.063750120162963952e+01,5.819999999999999396e+00,3.750000000000000000e+05
7.271981251784128020e+00,1.474277969360351648e+01,1.325006103515625200e-01,5.819999999999999396e+00,0.000000000000000000e+00
7.272052239485543801e+00,1.488475509643554773e+01,1.325006103515625200e-01,5.819999999999999396e+00,3.750000000000000000e+05
7.287309261749882694e+00,2.655173870086670007e+01,1.063750120162963952e+01,5.819999999999999396e+00,0.000000000000000000e+00
7.287380249451298475e+00,2.669371410369873132e+01,1.063750120162963952e+01,5.819999999999999396e+00,3.750000000000000000e+05
7.302637271715637368e+00,1.502673049926757898e+01,1.325006103515625200e-01,5.819999999999999396e+00,0.000000000000000000e+00
7.302708259417053149e+00,1.516870590209961023e+01,1.325006103515625200e-01,5.819999999999999396e+00,3.750000000000000000e+05
7.317965281681392042e+00,2.683568950653076257e+01,1.063750120162963952e+01,5.819999999999999396e+00,0.000000000000000000e+00
7.318036269382807824e+00,2.697766490936279382e+01,1.063750120162963952e+01,5.819999999999999396e+00,3.750000000000000000e+05
7.333293291647146717e+00,1.531068130493164148e+01,1.325006103515625200e-01,5.819999999999999396e+00,0.000000000000000000e+00
7.333364278871725261e+00,1.545265575408935632e+01,1.325006103515625200e-01,5.819999999999999396e+00,3.750000000000000000e+05
7.348621301824808327e+00,2.711964031219482507e+01,1.063750120162963952e+01,5.819999999999999396e+00,0.000000000000000000e+00
7.348692289526224108e+00,2.726161571502685632e+01,1.063750120162963952e+01,5.819999999999999396e+00,3.750000000000000000e+05
7.363949312479307174e+00,1.559463115692138757e+01,1.325006103515625200e-01,5.819999999999999396e+00,0.000000000000000000e+00
7.364020300180722955e+00,1.573660655975341882e+01,1.325006103515625200e-01,5.819999999999999396e+00,3.750000000000000000e+05
7.379277323133806021e+00,2.740359111785888757e+01,1.063750120162963952e+01,5.819999999999999396e+00,0.000000000000000000e+00
7.379348310835221803e+00,2.754556652069091882e+01,1.063750120162963952e+01,5.819999999999999396e+00,3.750000000000000000e+05
7.394605333788304868e+00,1.587858196258545007e+01,1.325006103515625200e-01,5.819999999999999396e+00,0.000000000000000000e+00
7.394676321489720650e+00,1.602055736541748132e+01,1.325006103515625200e-01,5.819999999999999396e+00,3.750000000000000000e+05
7.409933344442803715e+00,2.768754192352295007e+01,1.063750120162963952e+01,5.819999999999999396e+00,0.000000000000000000e+00
7.410004332144219497e+00,2.782951732635498132e+01,1.063750120162963952e+01,5.819999999999999396e+00,3.750000000000000000e+05
7.425261355097302562e+00,1.616253276824951257e+01,1.325006103515625200e-01,5.819999999999999396e+00,0.000000000000000000e+00
7.425332342798718344e+00,1.630450817108154382e+01,1.325006103515625200e-01,5.819999999999999396e+00,3.750000000000000000e+05
7.440589365751801409e+00,2.797149272918701257e+01,1.063750120162963952e+01,5.819999999999999396e+00,0.000000000000000000e+00
7.440660353453217191e+00,2.811346813201904382e+01,1.063750120162963952e+01,5.819999999999999396e+00,3.750000000000000000e+05
7.455917376406300257e+00,1.644648357391357507e+01,1.325006103515625200e-01,5.819999999999999396e+00,0.000000000000000000e+00
7.455988364107716038e+00,1.658845897674560632e+01,1.325006103515625200e-01,5.819999999999999396e+00,3.750000000000000000e+05
7.471245387060799104e+00,2.825544353485107507e+01,1.063750120162963952e+01,5.819999999999999396e+00,0.000000000000000000e+00
7.471316374762214885e+00,2.839741893768310632e+01,1.063750120162963952e+01,5.819999999999999396e+00,3.750000000000000000e+05
7.486573397715297951e+00,1.673043437957763757e+01,1.325006103515625200e-01,5.819999999999999396e+00,0.000000000000000000e+00
7.486644385416713732e+00,1.687240978240966882e+01,1.325006103515625200e-01,5.819999999999999396e+00,3.750000000000000000e+05
7.501901406992308452e+00,2.853939243316650476e+01,1.063750120162963952e+01,5.819999999999999396e+00,0.000000000000000000e+00
7.501972394693724233e+00,2.868136783599853601e+01,1.063750120162963952e+01,5.819999999999999396e+00,3.750000000000000000e+05
7.517229417646807299e+00,1.701438327789306726e+01,1.325006103515625200e-01,5.819999999999999396e+00,0.000000000000000000e+00
7.517300405348223080e+00,1.715635868072509851e+01,1.325006103515625200e-01,5.819999999999999396e+00,3.750000000000000000e+05
7.532557428301306146e+00,2.882334323883056726e+01,1.063750120162963952e+01,5.819999999999999396e+00,0.000000000000000000e+00
7.532628416002721927e+00,2.896531864166259851e+01,1.063750120162963952e+01,5.819999999999999396e+00,3.750000000000000000e+05
7.547885438955804993e+00,1.729833408355712976e+01,1.325006103515625200e-01,5.819999999999999396e+00,0.000000000000000000e+00
7.547956426657220774e+00,1.744030948638916101e+01,1.325006103515625200e-01,5.819999999999999396e+00,3.750000000000000000e+05
7.563213449610303840e+00,2.910729404449462976e+01,1.063750120162963952e+01,5.819999999999999396e+00,0.000000000000000000e+00
7.563284437311719621e+00,2.924926944732666101e+01,1.063750120162963952e+01,5.819999999999999396e+00,3.750000000000000000e+05
7.578541460264802687e+00,1.758228488922119226e+01,1.325006103515625200e-01,5.819999999999999396e+00,0.000000000000000000e+00
7.578612447966218468e+00,1.772426029205322351e+01,1.325006103515625200e-01,5.819999999999999396e+00,3.750000000000000000e+05
7.593869470919301534e+00,2.939124485015869226e+01,1.063750120162963952e+01,5.819999999999999396e+00,0.000000000000000000e+00
7.593940458620717315e+00,2.953322025299072351e+01,1.063750120162963952e+01,5.819999999999999396e+00,3.750000000000000000e+05
7.609197481573800381e+00,1.786623569488525476e+01,1.325006103515625200e-01,5.819999999999999396e+00,0.000000000000000000e+00
7.609268469275216162e+00,1.800821109771728601e+01,1.325006103515625200e-01,5.819999999999999396e+00,3.750000000000000000e+05
7.624525492228299228e+00,2.967519565582275476e+01,1.063750120162963952e+01,5.819999999999999396e+00,0.000000000000000000e+00
7.624596479929715009e+00,2.981717105865478601e+01,1.063750120162963952e+01,5.819999999999999396e+00,3.750000000000000000e+05
7.639853502882798075e+00,1.815018650054931726e+01,1.325006103515625200e-01,5.819999999999999396e+00,0.000000000000000000e+00
7.639924490584213856e+00,1.829216190338134851e+01,1.325006103515625200e-01,5.819999999999999396e+00,3.750000000000000000e+05
7.655181513537296922e+00,2.995914646148681726e+01,1.063750120162963952e+01,5.819999999999999396e+00,0.000000000000000000e+00
7.655252501238712703e+00,3.010112186431884851e+01,1.063750120162963952e+01,5.819999999999999396e+00,3.750000000000000000e+05
7.670509524191795769e+00,1.843413730621337976e+01,1.325006103515625200e-01,5.819999999999999396e+00,0.000000000000000000e+00
7.670580511893211551e+00,1.857611270904541101e+01,1.325006103515625200e-01,5.819999999999999396e+00,3.750000000000000000e+05
7.685837534846294616e+00,3.024309726715087976e+01,1.063750120162963952e+01,5.819999999999999396e+00,0.000000000000000000e+00
7.685908522547710398e+00,3.038507266998291101e+01,1.063750120162963952e+01,5.819999999999999396e+00,3.750000000000000000e+05
7.701165545500793463e+00,1.871808811187744226e+01,1.325006103515625200e-01,5.819999999999999396e+00,0.000000000000000000e+00
7.701236533202209245e+00,1.886006351470947351e+01,1.325006103515625200e-01,5.819999999999999396e+00,3.750000000000000000e+05
7.716493554777803965e+00,3.052704616546630945e+01,1.063750120162963952e+01,5.819999999999999396e+00,0.000000000000000000e+00
7.716564542479219746e+00,3.066902156829834070e+01,1.063750120162963952e+01,5.819999999999999396e+00,3.750000000000000000e+05
7.731821565432302812e+00,1.900203701019287195e+01,1.325006103515625200e-01,5.819999999999999396e+00,0.000000000000000000e+00
7.731892553133718593e+00,1.914401241302490320e+01,1.325006103515625200e-01,5.819999999999999396e+00,3.750000000000000000e+05
7.747149576086801659e+00,3.081099697113037195e+01,1.063750120162963952e+01,5.819999999999999396e+00,0.000000000000000000e+00
7.747220563788217440e+00,3.095297237396240320e+01,1.063750120162963952e+01,5.819999999999999396e+00,3.750000000000000000e+05
7.762477586741300506e+00,1.928598781585693445e+01,1.325006103515625200e-01,5.819999999999999396e+00,0.000000000000000000e+00
7.762548574442716287e+00,1.942796321868896570e+01,1.325006103515625200e-01,5.819999999999999396e+00,3.750000000000000000e+05
7.777805597395799353e+00,3.109494777679443445e+01,1.063750120162963952e+01,5.819999999999999396e+00,0.000000000000000000e+00
7.777876585097215134e+00,3.123692317962646570e+01,1.063750120162963952e+01,5.819999999999999396e+00,3.750000000000000000e+05
7.793133608050298200e+00,1.956993862152099695e+01,1.325006103515625200e-01,5.819999999999999396e+00,0.000000000000000000e+00
7.793204595751713981e+00,1.971191402435302820e+01,1.325006103515625200e-01,5.819999999999999396e+00,3.750000000000000000e+05
7.808461618704797047e+00,3.137889858245849695e+01,1.063750120162963952e+01,5.819999999999999396e+00,0.000000000000000000e+00
7.808532606406212828e+00,3.152087398529052820e+01,1.063750120162963952e+01,5.819999999999999396e+00,3.750000000000000000e+05
7.823789629359295894e+00,1.985388942718505945e+01,1.325006103515625200e-01,5.819999999999999396e+00,0.000000000000000000e+00
7.823860617060711675e+00,1.999586483001709070e+01,1.325006103515625200e-01,5.819999999999999396e+00,3.750000000000000000e+05
7.839117640013794741e+00,3.166284938812255945e+01,1.063750120162963952e+01,5.819999999999999396e+00,0.000000000000000000e+00
7.839188627715210522e+00,3.180482479095459070e+01,1.063750120162963952e+01,5.819999999999999396e+00,3.750000000000000000e+05
7.854445650668293588e+00,2.013784023284912195e+01,1.325006103515625200e-01,5.819999999999999396e+00,0.000000000000000000e+00
7.854516638369709369e+00,2.027981563568115320e+01,1.325006103515625200e-01,5.819999999999999396e+00,3.750000000000000000e+05
7.869773661322792435e+00,3.194680019378662195e+01,1.063750120162963952e+01,5.819999999999999396e+00,0.000000000000000000e+00
7.869844649024208216e+00,3.208877559661865320e+01,1.063750120162963952e+01,5.819999999999999396e+00,3.750000000000000000e+05
7.885101671977291282e+00,2.042179103851318445e+01,1.325006103515625200e-01,5.819999999999999396e+00,0.000000000000000000e+00
7.885172659678707063e+00,2.056376644134521570e+01,1.325006103515625200e-01,5.819999999999999396e+00,3.750000000000000000e+05
7.900429682631790129e+00,3.223075099945068445e+01,1.063750120162963952e+01,5.819999999999999396e+00,0.000000000000000000e+00
7.900500670333205910e+00,3.237272640228271570e+01,1.063750120162963952e+01,5.819999999999999396e+00,3.750000000000000000e+05
7.915757693286288976e+00,2.070574184417724695e+01,1.325006103515625200e-01,5.819999999999999396e+00,0.000000000000000000e+00
7.915828680987704757e+00,2.084771724700927820e+01,1.325006103515625200e-01,5.819999999999999396e+00,3.750000000000000000e+05
7.931085703940787823e+00,3.251470180511474695e+01,1.063750120162963952e+01,5.819999999999999396e+00,0.000000000000000000e+00
7.931156691642203604e+00,3.265667720794677820e+01,1.063750120162963952e+01,5.819999999999999396e+00,3.750000000000000000e+05
7.946413714595286670e+00,2.098969264984130945e+01,1.325006103515625200e-01,5.819999999999999396e+00,0.000000000000000000e+00
7.946484701343027979e+00,2.113166614532470788e+01,1.325006103515625200e-01,5.819999999999999396e+00,3.750000000000000000e+05
7.961741725673600278e+00,3.279865261077880945e+01,1.063750120162963952e+01,5.819999999999999396e+00,0.000000000000000000e+00
7.961812713375016060e+00,3.294062801361084070e+01,1.063750120162963952e+01,5.819999999999999396e+00,3.750000000000000000e+05
7.977069737705588359e+00,2.127364154815673913e+01,1.325006103515625200e-01,5.819999999999999396e+00,0.000000000000000000e+00
7.977140725407004140e+00,2.141561695098877038e+01,1.325006103515625200e-01,5.819999999999999396e+00,3.750000000000000000e+05
7.992397749737576440e+00,3.308260341644287195e+01,1.063750120162963952e+01,5.819999999999999396e+00,0.000000000000000000e+00
7.992468737438992221e+00,3.322457881927490320e+01,1.063750120162963952e+01,5.819999999999999396e+00,3.750000000000000000e+05
8.007725761812611864e+00,2.155759229421615686e+01,1.325006103515625200e-01,5.819999999999999396e+00,0.000000000000000000e+00
8.007796749514028534e+00,2.169956769704818811e+01,1.325006103515625200e-01,5.819999999999999396e+00,3.750000000000000000e+05
8.023053773887648177e+00,3.336655422210693445e+01,1.063750120162963952e+01,5.819999999999999396e+00,0.000000000000000000e+00
8.023124761589064846e+00,3.350852962493896570e+01,1.063750120162963952e+01,5.819999999999999396e+00,3.750000000000000000e+05
8.038381785962684489e+00,2.184154309988021936e+01,1.325006103515625200e-01,5.819999999999999396e+00,0.000000000000000000e+00
8.038452773664101159e+00,2.198351850271225061e+01,1.325006103515625200e-01,5.819999999999999396e+00,3.750000000000000000e+05
8.053709795282742334e+00,3.365050121307373132e+01,1.063750120162963952e+01,5.819999999999999396e+00,0.000000000000000000e+00
8.053780782984159003e+00,3.379247661590576257e+01,1.063750120162963952e+01,5.819999999999999396e+00,3.750000000000000000e+05
8.069037804581276063e+00,2.212549393534660425e+01,1.325006103515625200e-01,5.819999999999999396e+00,0.000000000000000000e+00
8.069108792275240916e+00,2.226746932327747430e+01,1.325006103515625200e-01,5.819999999999999396e+00,3.750000000000000000e+05
8.084365813883120921e+00,3.393445201873779382e+01,1.063750120162963952e+01,5.819999999999999396e+00,0.000000000000000000e+00
8.084436801584537591e+00,3.407642742156982507e+01,1.063750120162963952e+01,5.819999999999999396e+00,3.750000000000000000e+05
8.099693823187035235e+00,2.240944473356008615e+01,1.325006103515625200e-01,5.819999999999999396e+00,0.000000000000000000e+00
8.099764810888451905e+00,2.255142013639211740e+01,1.325006103515625200e-01,5.819999999999999396e+00,3.750000000000000000e+05
8.115021832490949549e+00,3.421840282440185632e+01,1.063750120162963952e+01,5.819999999999999396e+00,0.000000000000000000e+00
8.115092820192366219e+00,3.436037822723388757e+01,1.063750120162963952e+01,5.819999999999999396e+00,3.750000000000000000e+05
8.130349841800246224e+00,2.269339553177356805e+01,1.325006103515625200e-01,5.819999999999999396e+00,0.000000000000000000e+00
8.130420829509112934e+00,2.283537094950676050e+01,1.325006103515625200e-01,5.819999999999999396e+00,3.750000000000000000e+05
8.145677851106229994e+00,3.450235363006591882e+01,1.063750120162963952e+01,5.819999999999999396e+00,0.000000000000000000e+00
8.145748838807646663e+00,3.464432903289795007e+01,1.063750120162963952e+01,5.819999999999999396e+00,3.750000000000000000e+05
8.161005860404763723e+00,2.297734635233879175e+01,1.325006103515625200e-01,5.819999999999999396e+00,0.000000000000000000e+00
8.161076847137604062e+00,2.311931981801986780e+01,1.325006103515625200e-01,5.819999999999999396e+00,3.750000000000000000e+05
8.176333870133733583e+00,3.478630443572998132e+01,1.063750120162963952e+01,5.819999999999999396e+00,0.000000000000000000e+00
8.176404857835150253e+00,3.492827983856201257e+01,1.063750120162963952e+01,5.819999999999999396e+00,3.750000000000000000e+05
8.191661880831279774e+00,2.326129522085189905e+01,1.325006103515625200e-01,5.819999999999999396e+00,0.000000000000000000e+00
8.191732868532696443e+00,2.340327062368393030e+01,1.325006103515625200e-01,5.819999999999999396e+00,3.750000000000000000e+05
8.206989891528825964e+00,3.507025524139404382e+01,1.063750120162963952e+01,5.819999999999999396e+00,0.000000000000000000e+00
8.207060879230242634e+00,3.521223064422607507e+01,1.063750120162963952e+01,5.819999999999999396e+00,3.750000000000000000e+05
8.222317902183325700e+00,2.354524608612060632e+01,1.325006103515625200e-01,5.819999999999999396e+00,0.000000000000000000e+00
8.222388889884742369e+00,2.368722148895263757e+01,1.325006103515625200e-01,5.819999999999999396e+00,3.750000000000000000e+05
8.237645912837825435e+00,3.535420604705810632e+01,1.063750120162963952e+01,5.819999999999999396e+00,0.000000000000000000e+00
8.237716900539242104e+00,3.549618144989013757e+01,1.063750120162963952e+01,5.819999999999999396e+00,3.750000000000000000e+05
8.252973923492325170e+00,2.382919689178466882e+01,1.325006103515625200e-01,5.819999999999999396e+00,0.000000000000000000e+00
8.253044911193741839e+00,2.397117229461670007e+01,1.325006103515625200e-01,5.819999999999999396e+00,3.750000000000000000e+05
8.268301934146824905e+00,3.563815685272216882e+01,1.063750120162963952e+01,5.819999999999999396e+00,0.000000000000000000e+00
8.268372921848241575e+00,3.578013225555420007e+01,1.063750120162963952e+01,5.819999999999999396e+00,3.750000000000000000e+05
8.283629944801324640e+00,2.411314769744873132e+01,1.325006103515625200e-01,5.819999999999999396e+00,0.000000000000000000e+00
8.283700932502741310e+00,2.425512310028076257e+01,1.325006103515625200e-01,5.819999999999999396e+00,3.750000000000000000e+05
8.298957955455824376e+00,3.592210765838623132e+01,1.063750120162963952e+01,5.819999999999999396e+00,0.000000000000000000e+00
8.299028943157241045e+00,3.606408306121826257e+01,1.063750120162963952e+01,5.819999999999999396e+00,3.750000000000000000e+05
8.314285966110324111e+00,2.439709850311279382e+01,1.325006103515625200e-01,5.819999999999999396e+00,0.000000000000000000e+00
8.314356953811740780e+00,2.453907390594482507e+01,1.325006103515625200e-01,5.819999999999999396e+00,3.750000000000000000e+05
8.329613976764823846e+00,3.620605846405029382e+01,1.063750120162963952e+01,5.819999999999999396e+00,0.000000000000000000e+00
8.329684964466240515e+00,3.634803386688232507e+01,1.063750120162963952e+01,5.819999999999999396e+00,3.750000000000000000e+05
8.344941987419323581e+00,2.468104930877685632e+01,1.325006103515625200e-01,5.819999999999999396e+00,0.000000000000000000e+00
8.345012975120740251e+00,2.482302471160888757e+01,1.325006103515625200e-01,5.819999999999999396e+00,3.750000000000000000e+05
8.360269998073823317e+00,3.649000926971435632e+01,1.063750120162963952e+01,5.819999999999999396e+00,0.000000000000000000e+00
8.360340985775239986e+00,3.663198467254638757e+01,1.063750120162963952e+01,5.819999999999999396e+00,3.750000000000000000e+05
8.375598008728323052e+00,2.496500011444091882e+01,1.325006103515625200e-01,5.819999999999999396e+00,0.000000000000000000e+00
8.375668996429739721e+00,2.510697551727295007e+01,1.325006103515625200e-01,5.819999999999999396e+00,3.750000000000000000e+05
8.390926019382822787e+00,3.677396007537841882e+01,1.063750120162963952e+01,5.819999999999999396e+00,0.000000000000000000e+00
8.390997007084239456e+00,3.691593547821045007e+01,1.063750120162963952e+01,5.819999999999999396e+00,3.750000000000000000e+05
8.406254031414812644e+00,2.524894901275634851e+01,1.325006103515625200e-01,5.819999999999999396e+00,0.000000000000000000e+00
8.406325019116229313e+00,2.539092441558837976e+01,1.325006103515625200e-01,5.819999999999999396e+00,3.750000000000000000e+05
8.421582043446802501e+00,3.705791088104248132e+01,1.063750120162963952e+01,5.819999999999999396e+00,0.000000000000000000e+00
8.421653031148219171e+00,3.719988628387451257e+01,1.063750120162963952e+01,5.819999999999999396e+00,3.750000000000000000e+05
8.436910055478792358e+00,2.553289981842041101e+01,1.325006103515625200e-01,5.819999999999999396e+00,0.000000000000000000e+00
8.436981043180209028e+00,2.567487522125244226e+01,1.325006103515625200e-01,5.819999999999999396e+00,3.750000000000000000e+05
8.452238067510782216e+00,3.734186168670654382e+01,1.063750120162963952e+01,5.819999999999999396e+00,0.000000000000000000e+00
8.452309055212198885e+00,3.748383708953857507e+01,1.063750120162963952e+01,5.819999999999999396e+00,3.750000000000000000e+05
8.467566079542772073e+00,2.581685062408447351e+01,1.325006103515625200e-01,5.819999999999999396e+00,0.000000000000000000e+00
8.467637067244188742e+00,2.595882602691650476e+01,1.325006103515625200e-01,5.819999999999999396e+00,3.750000000000000000e+05
8.482894091574761930e+00,3.762581249237060632e+01,1.063750120162963952e+01,5.819999999999999396e+00,0.000000000000000000e+00
8.482965079276178599e+00,3.776778789520263757e+01,1.063750120162963952e+01,5.819999999999999396e+00,3.750000000000000000e+05
8.498222103606751787e+00,2.610080142974853601e+01,1.325006103515625200e-01,5.819999999999999396e+00,0.000000000000000000e+00
8.498293091308168457e+00,2.624277683258056726e+01,1.325006103515625200e-01,5.819999999999999396e+00,3.750000000000000000e+05
8.513550112883763177e+00,3.790975948333740320e+01,1.063750120162963952e+01,5.819999999999999396e+00,0.000000000000000000e+00
8.513621100585179846e+00,3.805173488616943445e+01,1.063750120162963952e+01,5.819999999999999396e+00,3.750000000000000000e+05
8.528878122160774566e+00,2.638475223541259851e+01,1.325006103515625200e-01,5.819999999999999396e+00,0.000000000000000000e+00
8.528949109862191236e+00,2.652672763824462976e+01,1.325006103515625200e-01,5.819999999999999396e+00,3.750000000000000000e+05
8.544206131437785956e+00,3.819371028900146570e+01,1.063750120162963952e+01,5.819999999999999396e+00,0.000000000000000000e+00
8.544277119139202625e+00,3.833568569183349695e+01,1.063750120162963952e+01,5.819999999999999396e+00,3.750000000000000000e+05
8.559534140714797346e+00,2.666870304107666101e+01,1.325006103515625200e-01,5.819999999999999396e+00,0.000000000000000000e+00
8.559605128416214015e+00,2.681067844390869226e+01,1.325006103515625200e-01,5.819999999999999396e+00,3.750000000000000000e+05
8.574862149991808735e+00,3.847766109466552820e+01,1.063750120162963952e+01,5.819999999999999396e+00,0.000000000000000000e+00
8.574933137216387280e+00,3.861963554382324304e+01,1.063750120162963952e+01,5.819999999999999396e+00,3.750000000000000000e+05
8.590190158103236939e+00,2.695265384674072351e+01,1.325006103515625200e-01,5.819999999999999396e+00,0.000000000000000000e+00
8.590261145804653609e+00,2.709462924957275476e+01,1.325006103515625200e-01,5.819999999999999396e+00,3.750000000000000000e+05
8.605518166691503268e+00,3.876161094665527429e+01,1.063750120162963952e+01,5.819999999999999396e+00,0.000000000000000000e+00
8.605589154392919937e+00,3.890358634948730554e+01,1.063750120162963952e+01,5.819999999999999396e+00,3.750000000000000000e+05
8.620846175279769597e+00,2.723660465240478601e+01,1.325006103515625200e-01,5.819999999999999396e+00,0.000000000000000000e+00
8.620917162027511793e+00,2.737857814788818445e+01,1.325006103515625200e-01,5.819999999999999396e+00,3.750000000000000000e+05
8.636174184291849798e+00,3.904556175231933679e+01,1.063750120162963952e+01,5.819999999999999396e+00,0.000000000000000000e+00
8.636245171993266467e+00,3.918753715515136804e+01,1.063750120162963952e+01,5.819999999999999396e+00,3.750000000000000000e+05
8.651502194257604472e+00,2.752055355072021570e+01,1.325006103515625200e-01,5.819999999999999396e+00,0.000000000000000000e+00
8.651573181959021142e+00,2.766252895355224695e+01,1.325006103515625200e-01,5.819999999999999396e+00,3.750000000000000000e+05
8.666830204223359146e+00,3.932951255798339929e+01,1.063750120162963952e+01,5.819999999999999396e+00,0.000000000000000000e+00
8.666901191924775816e+00,3.947148796081543054e+01,1.063750120162963952e+01,5.819999999999999396e+00,3.750000000000000000e+05
8.682158214189113821e+00,2.780450435638427820e+01,1.325006103515625200e-01,5.819999999999999396e+00,0.000000000000000000e+00
8.682229201890530490e+00,2.794647975921630945e+01,1.325006103515625200e-01,5.819999999999999396e+00,3.750000000000000000e+05
8.697486224154868495e+00,3.961346336364746179e+01,1.063750120162963952e+01,5.819999999999999396e+00,0.000000000000000000e+00
8.697557211856285164e+00,3.975543876647949304e+01,1.063750120162963952e+01,5.819999999999999396e+00,3.750000000000000000e+05
8.712814234120623169e+00,2.808845516204834070e+01,1.325006103515625200e-01,5.819999999999999396e+00,0.000000000000000000e+00
8.712885221822039838e+00,2.823043056488037195e+01,1.325006103515625200e-01,5.819999999999999396e+00,3.750000000000000000e+05
8.728142244086377843e+00,3.989741416931152429e+01,1.063750120162963952e+01,5.819999999999999396e+00,0.000000000000000000e+00
8.728213231787794513e+00,4.003938957214355554e+01,1.063750120162963952e+01,5.819999999999999396e+00,3.750000000000000000e+05
8.743470254052132518e+00,2.837240596771240320e+01,1.325006103515625200e-01,5.819999999999999396e+00,0.000000000000000000e+00
8.743541241753549187e+00,2.851438137054443445e+01,1.325006103515625200e-01,5.819999999999999396e+00,3.750000000000000000e+05
8.758798264017887192e+00,4.018136497497558679e+01,1.063750120162963952e+01,5.819999999999999396e+00,0.000000000000000000e+00
8.758869251719303861e+00,4.032334037780761804e+01,1.063750120162963952e+01,5.819999999999999396e+00,3.750000000000000000e+05
8.774126273983641866e+00,2.865635677337646570e+01,1.325006103515625200e-01,5.819999999999999396e+00,0.000000000000000000e+00
8.774197261685058535e+00,2.879833217620849695e+01,1.325006103515625200e-01,5.819999999999999396e+00,3.750000000000000000e+05
8.789454283949396540e+00,4.046531578063964929e+01,1.063750120162963952e+01,5.819999999999999396e+00,0.000000000000000000e+00
8.789525271650813210e+00,4.060729118347168054e+01,1.063750120162963952e+01,5.819999999999999396e+00,3.750000000000000000e+05
8.804782293915151214e+00,2.894030757904052820e+01,1.325006103515625200e-01,5.819999999999999396e+00,0.000000000000000000e+00
8.804853281616567884e+00,2.908228298187255945e+01,1.325006103515625200e-01,5.819999999999999396e+00,3.750000000000000000e+05
8.820110303880905889e+00,4.074926658630371179e+01,1.063750120162963952e+01,5.819999999999999396e+00,0.000000000000000000e+00
8.820181291582322558e+00,4.089124198913574304e+01,1.063750120162963952e+01,5.819999999999999396e+00,3.750000000000000000e+05
8.835438313846660563e+00,2.922425838470459070e+01,1.325006103515625200e-01,5.819999999999999396e+00,0.000000000000000000e+00
8.835509300594402760e+00,2.936623188018798913e+01,1.325006103515625200e-01,5.819999999999999396e+00,3.750000000000000000e+05
8.850766324236230886e+00,4.103321739196777429e+01,1.063750120162963952e+01,5.819999999999999396e+00,0.000000000000000000e+00
8.850837311937647556e+00,4.117519279479980554e+01,1.063750120162963952e+01,5.819999999999999396e+00,3.750000000000000000e+05
8.866094335579475683e+00,2.950820728302002038e+01,1.325006103515625200e-01,5.819999999999999396e+00,0.000000000000000000e+00
8.866165323280892352e+00,2.965018268585205163e+01,1.325006103515625200e-01,5.819999999999999396e+00,3.750000000000000000e+05
8.881422346922720479e+00,4.131716819763183679e+01,1.063750120162963952e+01,5.819999999999999396e+00,0.000000000000000000e+00
8.881493334624137148e+00,4.145914360046386804e+01,1.063750120162963952e+01,5.819999999999999396e+00,3.750000000000000000e+05
8.896750358265965275e+00,2.979215808868408288e+01,1.325006103515625200e-01,5.819999999999999396e+00,0.000000000000000000e+00
8.896821345967381944e+00,2.993413349151611413e+01,1.325006103515625200e-01,5.819999999999999396e+00,3.750000000000000000e+05
8.912078369609210071e+00,4.160111900329589929e+01,1.063750120162963952e+01,5.819999999999999396e+00,0.000000000000000000e+00
8.912149357310626741e+00,4.174309440612793054e+01,1.063750120162963952e+01,5.819999999999999396e+00,3.750000000000000000e+05
8.927406380952454867e+00,3.007610889434814538e+01,1.325006103515625200e-01,5.819999999999999396e+00,0.000000000000000000e+00
8.927477368653871537e+00,3.021808429718017663e+01,1.325006103515625200e-01,5.819999999999999396e+00,3.750000000000000000e+05
8.942734392295699664e+00,4.188506980895996179e+01,1.063750120162963952e+01,5.819999999999999396e+00,0.000000000000000000e+00
8.942805378089767387e+00,4.202704139709472742e+01,1.063750120162963952e+01,5.819999999999999396e+00,3.750000000000000000e+05
8.958062398976617047e+00,3.036005970001220788e+01,1.325006103515625200e-01,5.819999999999999396e+00,0.000000000000000000e+00
8.958133386678033716e+00,3.050203510284423913e+01,1.325006103515625200e-01,5.819999999999999396e+00,3.750000000000000000e+05
8.973390407564883375e+00,4.216901679992675867e+01,1.063750120162963952e+01,5.819999999999999396e+00,0.000000000000000000e+00
8.973461395266300045e+00,4.231099220275878992e+01,1.063750120162963952e+01,5.819999999999999396e+00,3.750000000000000000e+05
8.988718416153149704e+00,3.064401050567627038e+01,1.325006103515625200e-01,5.819999999999999396e+00,0.000000000000000000e+00
8.988789403854566373e+00,3.078598590850830163e+01,1.325006103515625200e-01,5.819999999999999396e+00,3.750000000000000000e+05
9.004046424741416033e+00,4.245296760559082117e+01,1.063750120162963952e+01,5.819999999999999396e+00,0.000000000000000000e+00
9.004117412442832702e+00,4.259494300842285242e+01,1.063750120162963952e+01,5.819999999999999396e+00,3.750000000000000000e+05
9.019374433329682361e+00,3.092796131134033288e+01,1.325006103515625200e-01,5.819999999999999396e+00,0.000000000000000000e+00
9.019445421031099031e+00,3.106993671417236413e+01,1.325006103515625200e-01,5.819999999999999396e+00,3.750000000000000000e+05
9.034702441917948690e+00,4.273691841125488367e+01,1.063750120162963952e+01,5.819999999999999396e+00,0.000000000000000000e+00
9.034773429619365359e+00,4.287889381408691492e+01,1.063750120162963952e+01,5.819999999999999396e+00,3.750000000000000000e+05
9.050030450506215018e+00,3.121191211700439538e+01,1.325006103515625200e-01,5.819999999999999396e+00,0.000000000000000000e+00
9.050101438207631688e+00,3.135388751983642663e+01,1.325006103515625200e-01,5.819999999999999396e+00,3.750000000000000000e+05
9.065358459094481347e+00,4.302086921691894617e+01,1.063750120162963952e+01,5.819999999999999396e+00,0.000000000000000000e+00
9.065429446795898016e+00,4.316284461975097742e+01,1.063750120162963952e+01,5.819999999999999396e+00,3.750000000000000000e+05
9.080686469060236021e+00,3.149586101531982507e+01,1.325006103515625200e-01,5.819999999999999396e+00,0.000000000000000000e+00
9.080757456761652691e+00,3.163783641815185632e+01,1.325006103515625200e-01,5.819999999999999396e+00,3.750000000000000000e+05
9.096014479025990696e+00,4.330482002258300867e+01,1.063750120162963952e+01,5.819999999999999396e+00,0.000000000000000000e+00
9.096085466727407365e+00,4.344679542541503992e+01,1.063750120162963952e+01,5.819999999999999396e+00,3.750000000000000000e+05
9.111342488991745370e+00,3.177981182098388757e+01,1.325006103515625200e-01,5.819999999999999396e+00,0.000000000000000000e+00
9.111413476693162039e+00,3.192178722381591882e+01,1.325006103515625200e-01,5.819999999999999396e+00,3.750000000000000000e+05
9.126670498957500044e+00,4.358877082824707117e+01,1.063750120162963952e+01,5.819999999999999396e+00,0.000000000000000000e+00
9.126741486658916713e+00,4.373074623107910242e+01,1.063750120162963952e+01,5.819999999999999396e+00,3.750000000000000000e+05
9.141998508923254718e+00,3.206376262664795007e+01,1.325006103515625200e-01,5.819999999999999396e+00,0.000000000000000000e+00
9.142069496624671388e+00,3.220573802947998132e+01,1.325006103515625200e-01,5.819999999999999396e+00,3.750000000000000000e+05
9.157326518889009392e+00,4.387272163391113367e+01,1.063750120162963952e+01,5.819999999999999396e+00,0.000000000000000000e+00
9.157397506590426062e+00,4.401469703674316492e+01,1.063750120162963952e+01,5.819999999999999396e+00,3.750000000000000000e+05
9.172654528854764067e+00,3.234771343231201257e+01,1.325006103515625200e-01,5.819999999999999396e+00,0.000000000000000000e+00
9.172725516556180736e+00,3.248968883514404382e+01,1.325006103515625200e-01,5.819999999999999396e+00,3.750000000000000000e+05
9.187982538820518741e+00,4.415667243957519617e+01,1.063750120162963952e+01,5.819999999999999396e+00,0.000000000000000000e+00
9.188053526521935410e+00,4.429864784240722742e+01,1.063750120162963952e+01,5.819999999999999396e+00,3.750000000000000000e+05
9.203310548786273415e+00,3.263166423797607507e+01,1.325006103515625200e-01,5.819999999999999396e+00,0.000000000000000000e+00
9.203381536487690084e+00,3.277363964080810632e+01,1.325006103515625200e-01,5.819999999999999396e+00,3.750000000000000000e+05
9.218638558752028089e+00,4.444062324523925867e+01,1.063750120162963952e+01,5.819999999999999396e+00,0.000000000000000000e+00
9.218709546453444759e+00,4.458259864807128992e+01,1.063750120162963952e+01,5.819999999999999396e+00,3.750000000000000000e+05
9.233966568717782764e+00,3.291561504364013757e+01,1.325006103515625200e-01,5.819999999999999396e+00,0.000000000000000000e+00
9.234037556419199433e+00,3.305759044647216882e+01,1.325006103515625200e-01,5.819999999999999396e+00,3.750000000000000000e+05
9.249294578683537438e+00,4.472457405090332117e+01,1.063750120162963952e+01,5.819999999999999396e+00,0.000000000000000000e+00
9.249352536802330604e+00,4.483750053405761804e+01,1.061134429931640710e+01,5.819999999999999396e+00,3.750000000000000000e+05
9.264571570788486810e+00,3.319956584930420007e+01,1.325006103515625200e-01,5.819999999999999396e+00,0.000000000000000000e+00
9.264642558489903479e+00,3.334154125213623132e+01,1.325006103515625200e-01,5.819999999999999396e+00,3.750000000000000000e+05
9.279675930220347979e+00,4.483750053405761804e+01,1.048350950241088952e+01,5.819999999999999396e+00,0.000000000000000000e+00
9.279739847857220170e+00,4.483750053405761804e+01,1.035567422866821374e+01,5.819999999999999396e+00,3.750000000000000000e+05
9.294587557021880997e+00,3.348351665496826257e+01,1.325006103515625200e-01,5.819999999999999396e+00,0.000000000000000000e+00
9.294658544723297666e+00,3.362549205780029382e+01,1.325006103515625200e-01,5.819999999999999396e+00,3.750000000000000000e+05
9.309320591322173044e+00,4.483750053405761804e+01,1.022783895492553796e+01,5.819999999999999396e+00,0.000000000000000000e+00
9.309384508720626172e+00,4.483750053405761804e+01,1.010000415802002038e+01,5.819999999999999396e+00,3.750000000000000000e+05
9.323860893063789845e+00,3.376746746063232507e+01,1.325006103515625200e-01,5.819999999999999396e+00,0.000000000000000000e+00
9.323931880765206515e+00,3.390944286346435632e+01,1.325006103515625200e-01,5.819999999999999396e+00,3.750000000000000000e+05
9.338222602542584738e+00,4.483750053405761804e+01,9.972168884277344603e+00,5.819999999999999396e+00,0.000000000000000000e+00
9.338286520179456929e+00,4.483750053405761804e+01,9.844333610534668821e+00,5.819999999999999396e+00,3.750000000000000000e+05
9.352391579391049703e+00,3.405141826629638757e+01,1.325006103515625200e-01,5.819999999999999396e+00,0.000000000000000000e+00
9.352462567092466372e+00,3.419339366912841882e+01,1.325006103515625200e-01,5.819999999999999396e+00,3.750000000000000000e+05
9.366381963738273697e+00,4.483750053405761804e+01,9.716498336791993040e+00,5.819999999999999396e+00,0.000000000000000000e+00
9.366445880898307763e+00,4.483750053405761804e+01,9.588664016723633665e+00,5.819999999999999396e+00,3.750000000000000000e+05
9.380179615598477127e+00,3.433536907196045007e+01,1.325006103515625200e-01,5.819999999999999396e+00,0.000000000000000000e+00
9.380250603299893797e+00,3.447734447479248132e+01,1.325006103515625200e-01,5.819999999999999396e+00,3.750000000000000000e+05
9.393798675434277712e+00,4.483750053405761804e+01,9.460828742980957884e+00,5.819999999999999396e+00,0.000000000000000000e+00
9.393862593071149902e+00,4.483750053405761804e+01,9.332993469238282103e+00,5.819999999999999396e+00,3.750000000000000000e+05
9.407225005394726836e+00,3.461931606292724695e+01,1.325006103515625200e-01,5.819999999999999396e+00,0.000000000000000000e+00
9.407295993096143505e+00,3.476129146575927820e+01,1.325006103515625200e-01,5.819999999999999396e+00,3.750000000000000000e+05
9.420472742853934989e+00,4.483750053405761804e+01,9.205158195495606321e+00,5.819999999999999396e+00,0.000000000000000000e+00
9.420536660490807179e+00,4.483750053405761804e+01,9.077322921752930540e+00,5.819999999999999396e+00,3.750000000000000000e+05
9.433527747682813214e+00,3.490326686859130945e+01,1.325006103515625200e-01,5.819999999999999396e+00,0.000000000000000000e+00
9.433598735384229883e+00,3.504524227142334070e+01,1.325006103515625200e-01,5.819999999999999396e+00,3.750000000000000000e+05
9.446404160010450468e+00,4.483750053405761804e+01,8.949487648010254759e+00,5.819999999999999396e+00,0.000000000000000000e+00
9.446468077170484534e+00,4.483750053405761804e+01,8.821653327941895384e+00,5.819999999999999396e+00,3.750000000000000000e+05
9.459087839851068935e+00,3.518721767425537195e+01,1.325006103515625200e-01,5.819999999999999396e+00,0.000000000000000000e+00
9.459158827552485604e+00,3.532919307708740320e+01,1.325006103515625200e-01,5.819999999999999396e+00,3.750000000000000000e+05
9.471592927667284556e+00,4.483750053405761804e+01,8.693818054199219603e+00,5.819999999999999396e+00,0.000000000000000000e+00
9.471656845304156747e+00,4.483750053405761804e+01,8.565982780456543821e+00,5.819999999999999396e+00,3.750000000000000000e+05
9.483905282853170249e+00,3.547116847991943445e+01,1.325006103515625200e-01,5.819999999999999396e+00,0.000000000000000000e+00
9.483976270554586918e+00,3.561314388275146570e+01,1.325006103515625200e-01,5.819999999999999396e+00,3.750000000000000000e+05
9.496039045537814971e+00,4.483750053405761804e+01,8.438147506713868040e+00,5.819999999999999396e+00,0.000000000000000000e+00
9.496102963174687162e+00,4.483750053405761804e+01,8.310312232971192259e+00,5.819999999999999396e+00,3.750000000000000000e+05
9.507980075592129765e+00,3.575511928558349695e+01,1.325006103515625200e-01,5.819999999999999396e+00,0.000000000000000000e+00
9.508051063293546434e+00,3.589709468841552820e+01,1.325006103515625200e-01,5.819999999999999396e+00,3.750000000000000000e+05
9.519742513765352854e+00,4.483750053405761804e+01,8.182477912902832884e+00,5.819999999999999396e+00,0.000000000000000000e+00
9.519806431402225044e+00,4.483750053405761804e+01,8.054642639160157103e+00,5.819999999999999396e+00,3.750000000000000000e+05
9.531312219308246014e+00,3.603907009124755945e+01,1.325006103515625200e-01,5.819999999999999396e+00,0.000000000000000000e+00
9.531383207009662684e+00,3.618104549407959070e+01,1.325006103515625200e-01,5.819999999999999396e+00,3.750000000000000000e+05
9.542703332349898204e+00,4.483750053405761804e+01,7.926807365417480433e+00,5.819999999999999396e+00,0.000000000000000000e+00
9.542767249986770395e+00,4.483750053405761804e+01,7.798972091674804652e+00,5.819999999999999396e+00,3.750000000000000000e+05
9.553901712761220466e+00,3.632302089691162195e+01,1.325006103515625200e-01,5.819999999999999396e+00,0.000000000000000000e+00
9.553972700462637135e+00,3.646499629974365320e+01,1.325006103515625200e-01,5.819999999999999396e+00,3.750000000000000000e+05
9.564921500671301757e+00,4.483750053405761804e+01,7.671136817932128871e+00,5.819999999999999396e+00,0.000000000000000000e+00
9.564985418308173948e+00,4.483750053405761804e+01,7.543301544189453089e+00,5.819999999999999396e+00,3.750000000000000000e+05
9.575748555951053120e+00,3.660697170257568445e+01,1.325006103515625200e-01,5.819999999999999396e+00,0.000000000000000000e+00
9.575819543652469790e+00,3.674894710540771570e+01,1.325006103515625200e-01,5.819999999999999396e+00,3.750000000000000000e+05
9.586397019349711002e+00,4.483750053405761804e+01,7.415467224121093714e+00,5.819999999999999396e+00,0.000000000000000000e+00
9.586460936986583192e+00,4.483750053405761804e+01,7.287631950378417933e+00,5.819999999999999396e+00,3.750000000000000000e+05
9.596852750118038955e+00,3.689092250823974695e+01,1.325006103515625200e-01,5.819999999999999396e+00,0.000000000000000000e+00
9.596923737819455624e+00,3.703289791107177820e+01,1.325006103515625200e-01,5.819999999999999396e+00,3.750000000000000000e+05
9.607129888385125938e+00,4.483750053405761804e+01,7.159796676635742152e+00,5.819999999999999396e+00,0.000000000000000000e+00
9.607193806021998128e+00,4.483750053405761804e+01,7.031961402893066371e+00,5.819999999999999396e+00,3.750000000000000000e+05
9.617214294021882992e+00,3.717487331390380945e+01,1.325006103515625200e-01,5.819999999999999396e+00,0.000000000000000000e+00
9.617285281723299661e+00,3.731684871673584070e+01,1.325006103515625200e-01,5.819999999999999396e+00,3.750000000000000000e+05
9.627120107157399076e+00,4.483750053405761804e+01,6.904126129150390589e+00,5.819999999999999396e+00,0.000000000000000000e+00
9.627184024794271267e+00,4.483750053405761804e+01,6.776290855407714808e+00,5.819999999999999396e+00,3.750000000000000000e+05
9.636833187662585232e+00,3.745882411956787195e+01,1.325006103515625200e-01,5.819999999999999396e+00,0.000000000000000000e+00
9.636904175364001901e+00,3.760079952239990320e+01,1.325006103515625200e-01,5.819999999999999396e+00,3.750000000000000000e+05
9.646367676286679682e+00,4.483750053405761804e+01,6.648456535339355433e+00,5.819999999999999396e+00,0.000000000000000000e+00
9.646431593923551873e+00,4.483750053405761804e+01,6.520621261596679652e+00,5.819999999999999396e+00,3.750000000000000000e+05
9.655709432280444204e+00,3.774277492523193445e+01,1.325006103515625200e-01,5.819999999999999396e+00,0.000000000000000000e+00
9.655780419981860874e+00,3.788475032806396570e+01,1.325006103515625200e-01,5.819999999999999396e+00,3.750000000000000000e+05
9.664872595772967756e+00,4.483750053405761804e+01,6.392785987854003871e+00,5.819999999999999396e+00,0.000000000000000000e+00
9.664936513409839947e+00,4.483750053405761804e+01,6.264950714111328089e+00,5.819999999999999396e+00,3.750000000000000000e+05
9.673843026635161380e+00,3.802672573089599695e+01,1.325006103515625200e-01,5.819999999999999396e+00,0.000000000000000000e+00
9.673914014336578049e+00,3.816870113372802820e+01,1.325006103515625200e-01,5.819999999999999396e+00,3.750000000000000000e+05
9.682634864996114032e+00,4.483750053405761804e+01,6.137115440368652308e+00,5.819999999999999396e+00,0.000000000000000000e+00
9.682698782156148098e+00,4.483750053405761804e+01,6.009281120300292933e+00,5.819999999999999396e+00,3.750000000000000000e+05
9.691233970870047898e+00,3.831067653656005945e+01,1.325006103515625200e-01,5.819999999999999396e+00,0.000000000000000000e+00
9.691304958571464567e+00,3.845265193939209070e+01,1.325006103515625200e-01,5.819999999999999396e+00,3.750000000000000000e+05
9.699654484719578917e+00,4.483750053405761804e+01,5.881445846557617152e+00,5.819999999999999396e+00,0.000000000000000000e+00
9.699718402356451108e+00,4.483750053405761804e+01,5.753610572814941371e+00,5.819999999999999396e+00,3.750000000000000000e+05
9.707882266627523293e+00,3.859462638854980554e+01,1.325006103515625200e-01,5.819999999999999396e+00,0.000000000000000000e+00
9.707953252421591017e+00,3.873659797668457117e+01,1.325006103515625200e-01,5.819999999999999396e+00,3.750000000000000000e+05
9.715931456881856221e+00,4.483750053405761804e+01,5.625775299072265589e+00,5.819999999999999396e+00,0.000000000000000000e+00
9.715995374518728411e+00,4.483750053405761804e+01,5.497940025329589808e+00,5.819999999999999396e+00,3.750000000000000000e+05
9.723787916413208166e+00,3.887857337951660242e+01,1.325006103515625200e-01,5.819999999999999396e+00,0.000000000000000000e+00
9.723858904114624835e+00,3.902054878234863367e+01,1.325006103515625200e-01,5.819999999999999396e+00,3.750000000000000000e+05
9.731465783443319140e+00,4.483750053405761804e+01,5.370104751586914027e+00,5.819999999999999396e+00,0.000000000000000000e+00
9.731529700603353206e+00,4.483750053405761804e+01,5.242270431518554652e+00,5.819999999999999396e+00,3.750000000000000000e+05
9.738950917986411326e+00,3.916252418518066492e+01,1.325006103515625200e-01,5.819999999999999396e+00,0.000000000000000000e+00
9.739021905687827996e+00,3.930449958801269617e+01,1.325006103515625200e-01,5.819999999999999396e+00,3.750000000000000000e+05
9.746257460505100667e+00,4.483750053405761804e+01,5.114435157775878871e+00,5.819999999999999396e+00,0.000000000000000000e+00
9.746321378141972858e+00,4.483750053405761804e+01,4.986599884033203089e+00,5.819999999999999396e+00,3.750000000000000000e+05
9.753371270393460080e+00,3.944647499084472742e+01,1.325006103515625200e-01,5.819999999999999396e+00,0.000000000000000000e+00
9.753442258094876749e+00,3.958845039367675867e+01,1.325006103515625200e-01,5.819999999999999396e+00,3.750000000000000000e+05
9.760306487780578522e+00,4.483750053405761804e+01,4.858764610290527308e+00,5.819999999999999396e+00,0.000000000000000000e+00
9.760370405417450712e+00,4.483750053405761804e+01,4.730929336547851527e+00,5.819999999999999396e+00,3.750000000000000000e+05
9.767048972537367035e+00,3.973042579650878992e+01,1.325006103515625200e-01,5.819999999999999396e+00,0.000000000000000000e+00
9.767119960238783705e+00,3.987240119934082117e+01,1.325006103515625200e-01,5.819999999999999396e+00,3.750000000000000000e+05
9.773612864792914579e+00,4.483750053405761804e+01,4.603094062805175746e+00,5.819999999999999396e+00,0.000000000000000000e+00
9.773676781952948645e+00,4.483750053405761804e+01,4.475259742736816371e+00,5.819999999999999396e+00,3.750000000000000000e+05
9.779984024561441558e+00,4.001437660217285242e+01,1.325006103515625200e-01,5.819999999999999396e+00,0.000000000000000000e+00
9.780055012262858227e+00,4.015635200500488367e+01,1.325006103515625200e-01,5.819999999999999396e+00,3.750000000000000000e+05
9.786176592305565691e+00,4.483750053405761804e+01,4.347424468994140589e+00,5.819999999999999396e+00,0.000000000000000000e+00
9.786240509942437882e+00,4.483750053405761804e+01,4.219589195251464808e+00,5.819999999999999396e+00,3.750000000000000000e+05
9.792176427419359896e+00,4.029832740783691492e+01,1.325006103515625200e-01,5.819999999999999396e+00,0.000000000000000000e+00
9.792247415120776566e+00,4.044030281066894617e+01,1.325006103515625200e-01,5.819999999999999396e+00,3.750000000000000000e+05
9.797997670031913131e+00,4.483750053405761804e+01,4.091753921508789027e+00,5.819999999999999396e+00,0.000000000000000000e+00
9.798061587668785322e+00,4.483750053405761804e+01,3.963918647766113246e+00,5.819999999999999396e+00,3.750000000000000000e+05
9.803626180014136438e+00,4.058227821350097742e+01,1.325006103515625200e-01,5.819999999999999396e+00,0.000000000000000000e+00
9.803697167715553107e+00,4.072425361633300867e+01,1.325006103515625200e-01,5.819999999999999396e+00,3.750000000000000000e+05
9.809076097495118773e+00,4.483750053405761804e+01,3.836083374023437464e+00,5.819999999999999396e+00,0.000000000000000000e+00
9.809140014655152839e+00,4.483750053405761804e+01,3.708249053955078089e+00,5.819999999999999396e+00,3.750000000000000000e+05
9.814333282489082322e+00,4.086622901916503992e+01,1.325006103515625200e-01,5.819999999999999396e+00,0.000000000000000000e+00
9.814404270190498991e+00,4.100820442199707117e+01,1.325006103515625200e-01,5.819999999999999396e+00,3.750000000000000000e+05
9.819411875458643024e+00,4.483750053405761804e+01,3.580413780212402308e+00,5.819999999999999396e+00,0.000000000000000000e+00
9.819475793095515215e+00,4.483750053405761804e+01,3.452578506469726527e+00,5.819999999999999396e+00,3.750000000000000000e+05
9.824297735797873798e+00,4.115017982482910242e+01,1.325006103515625200e-01,5.819999999999999396e+00,0.000000000000000000e+00
9.824368723499290468e+00,4.129215522766113367e+01,1.325006103515625200e-01,5.819999999999999396e+00,3.750000000000000000e+05
9.829005003635863602e+00,4.483750053405761804e+01,3.324743232727050746e+00,5.819999999999999396e+00,0.000000000000000000e+00
9.829068921272735793e+00,4.483750053405761804e+01,3.196907958984374964e+00,5.819999999999999396e+00,3.750000000000000000e+05
9.833519538843523478e+00,4.143413063049316492e+01,1.325006103515625200e-01,5.819999999999999396e+00,0.000000000000000000e+00
9.833590526544940147e+00,4.157610603332519617e+01,1.325006103515625200e-01,5.819999999999999396e+00,3.750000000000000000e+05
9.837855482170091648e+00,4.483750053405761804e+01,3.069073638916015589e+00,5.819999999999999396e+00,0.000000000000000000e+00
9.837919399806963838e+00,4.483750053405761804e+01,2.941238365173339808e+00,5.819999999999999396e+00,3.750000000000000000e+05
9.841998692866329890e+00,4.171808143615722742e+01,1.325006103515625200e-01,5.819999999999999396e+00,0.000000000000000000e+00
9.842069680567746559e+00,4.186005683898925867e+01,1.325006103515625200e-01,5.819999999999999396e+00,3.750000000000000000e+05
9.845963311061327161e+00,4.483750053405761804e+01,2.813403091430664027e+00,5.819999999999999396e+00,0.000000000000000000e+00
9.846027228698199352e+00,4.483750053405761804e+01,2.685567817687988246e+00,5.819999999999999396e+00,3.750000000000000000e+05
9.849735196625994504e+00,4.200203224182128992e+01,1.325006103515625200e-01,5.819999999999999396e+00,0.000000000000000000e+00
9.849806184327411174e+00,4.214400764465332117e+01,1.325006103515625200e-01,5.819999999999999396e+00,3.750000000000000000e+05
9.853328489689420877e+00,4.483750053405761804e+01,2.557732543945312464e+00,5.819999999999999396e+00,0.000000000000000000e+00
9.853392406849454943e+00,4.483750053405761804e+01,2.429898223876953089e+00,5.819999999999999396e+00,3.750000000000000000e+05
9.856729050265826686e+00,4.228598304748535242e+01,1.325006103515625200e-01,5.819999999999999396e+00,0.000000000000000000e+00
9.856800037967243355e+00,4.242795845031738367e+01,1.325006103515625200e-01,5.819999999999999396e+00,3.750000000000000000e+05
9.859951018817829649e+00,4.483750053405761804e+01,2.302062950134277308e+00,5.819999999999999396e+00,0.000000000000000000e+00
9.860014936454701839e+00,4.483750053405761804e+01,2.174227676391601527e+00,5.819999999999999396e+00,3.750000000000000000e+05
9.862980254739502683e+00,4.256993385314941492e+01,1.325006103515625200e-01,5.819999999999999396e+00,0.000000000000000000e+00
9.863051242440919353e+00,4.271190925598144617e+01,1.325006103515625200e-01,5.819999999999999396e+00,3.750000000000000000e+05
9.865830898159934748e+00,4.483750053405761804e+01,2.046392402648925746e+00,5.819999999999999396e+00,0.000000000000000000e+00
9.865894815796806938e+00,4.483750053405761804e+01,1.918557128906249964e+00,5.819999999999999396e+00,3.750000000000000000e+05
9.868488811705017127e+00,4.285388084411621179e+01,1.325006103515625200e-01,5.819999999999999396e+00,0.000000000000000000e+00
9.868559799406433797e+00,4.299585624694824304e+01,1.325006103515625200e-01,5.819999999999999396e+00,3.750000000000000000e+05
9.870968132128709271e+00,4.483750053405761804e+01,1.790720901489257777e+00,5.819999999999999396e+00,0.000000000000000000e+00
9.871032049288743337e+00,4.483750053405761804e+01,1.662886581420898402e+00,5.819999999999999396e+00,3.750000000000000000e+05
9.873254720065382628e+00,4.313783164978027429e+01,1.325006103515625200e-01,5.819999999999999396e+00,0.000000000000000000e+00
9.873325707766799297e+00,4.327980705261230554e+01,1.325006103515625200e-01,5.819999999999999396e+00,3.750000000000000000e+05
9.875362716597800627e+00,4.483750053405761804e+01,1.535052261352539027e+00,5.819999999999999396e+00,0.000000000000000000e+00
9.875426634711509166e+00,4.483750053405761804e+01,1.407216033935546839e+00,5.819999999999999396e+00,3.750000000000000000e+05
9.877277980356577558e+00,4.342178245544433679e+01,1.325006103515625200e-01,5.819999999999999396e+00,0.000000000000000000e+00
9.877348968057994227e+00,4.356375785827636804e+01,1.325006103515625200e-01,5.819999999999999396e+00,3.750000000000000000e+05
9.879014651757424659e+00,4.483750053405761804e+01,1.279381713867187464e+00,5.819999999999999396e+00,0.000000000000000000e+00
9.879078569871133197e+00,4.483750053405761804e+01,1.151545486450195277e+00,5.819999999999999396e+00,3.750000000000000000e+05
9.880558590384630691e+00,4.370573326110839929e+01,1.325006103515625200e-01,5.819999999999999396e+00,0.000000000000000000e+00
9.880629578086047360e+00,4.384770866394043054e+01,1.325006103515625200e-01,5.819999999999999396e+00,3.750000000000000000e+05
9.881923936653906893e+00,4.483750053405761804e+01,1.023711166381835902e+00,5.819999999999999396e+00,0.000000000000000000e+00
9.881987853813940959e+00,4.483750053405761804e+01,8.958768463134765270e-01,5.819999999999999396e+00,3.750000000000000000e+05
9.883096550436164307e+00,4.398968406677246179e+01,1.325006103515625200e-01,5.819999999999999396e+00,0.000000000000000000e+00
9.883167538137580976e+00,4.413165946960449304e+01,1.325006103515625200e-01,5.819999999999999396e+00,3.750000000000000000e+05
9.884090571573871387e+00,4.483750053405761804e+01,7.680406188964843395e-01,5.819999999999999396e+00,0.000000000000000000e+00
9.884154488733905453e+00,4.483750053405761804e+01,6.402062988281249645e-01,5.819999999999999396e+00,3.750000000000000000e+05
9.884891860224557902e+00,4.427363487243652429e+01,1.325006103515625200e-01,5.819999999999999396e+00,0.000000000000000000e+00
9.884962847925974572e+00,4.441561027526855554e+01,1.325006103515625200e-01,5.819999999999999396e+00,3.750000000000000000e+05
9.885514556230694083e+00,4.483750053405761804e+01,5.123700714111327770e-01,5.819999999999999396e+00,0.000000000000000000e+00
9.885578473390728149e+00,4.483750053405761804e+01,3.845357513427734575e-01,5.819999999999999396e+00,3.750000000000000000e+05
9.885944519749809700e+00,4.455758567810058679e+01,1.325006103515625200e-01,5.819999999999999396e+00,0.000000000000000000e+00
9.886015507451226370e+00,4.469956108093261804e+01,1.325006103515625200e-01,5.819999999999999396e+00,3.750000000000000000e+05
9.886195891864669960e+00,4.483750053405761804e+01,2.567014312744140825e-01,5.819999999999999396e+00,0.000000000000000000e+00
9.929641153633383510e+00,1.324987030029297075e-01,1.325006103515625200e-01,5.819999999999999396e+00,3.750000000000000000e+05
9.939850094927143331e+00,1.324987030029297075e-01,1.063750120162963952e+01,5.819999999999999396e+00,3.750000000000000000e+05
9.983295189029236738e+00,4.483750053405761804e+01,1.063750120162963952e+01,5.819999999999999396e+00,3.750000000000000000e+05
9.993504130322996559e+00,4.483750053405761804e+01,1.325006103515625200e-01,5.819999999999999396e+00,3.750000000000000000e+05
1.001585663123852399e+01,1.324987030029297075e-01,1.325006103515625200e-01,5.819999999999999396e+00,0.000000000000000000e+00
1.002611183787054649e+01,8.500000000000000611e-02,1.068500133514404382e+01,5.819999999999999396e+00,3.750000000000000000e+05
1.003641310253055074e+01,8.500000000000000611e-02,8.500000000000000611e-02,5.819999999999999396e+00,3.750000000000000000e+05
1.007995051675509934e+01,4.488499923706054773e+01,8.500000000000000611e-02,5.819999999999999396e+00,3.750000000000000000e+05
1.009025178141510359e+01,4.488499923706054773e+01,1.068500133514404382e+01,5.819999999999999396e+00,3.750000000000000000e+05
1.011265178103363382e+01,8.500000000000000611e-02,1.068500133514404382e+01,5.819999999999999396e+00,0.000000000000000000e+00
