2.000000000000000111e-01,2.223271942138672075e-01,1.324987030029297075e-01,3.299999999999999822e+00,0.000000000000000000e+00
2.002824940881962057e-01,1.324987030029297075e-01,4.089574432373047075e-01,3.299999999999999822e+00,0.000000000000000000e+00
2.004362073145145584e-01,1.324987030029297075e-01,7.163838958740234020e-01,3.299999999999999822e+00,3.750000000000000000e+05
2.010328384032847582e-01,3.222150421142578325e-01,1.324987030029297075e-01,3.299999999999999822e+00,0.000000000000000000e+00
2.010827832809092830e-01,4.221047973632812700e-01,1.324987030029297075e-01,3.299999999999999822e+00,3.750000000000000000e+05
2.019935519430499926e-01,1.324987030029297075e-01,1.023810348510742152e+00,3.299999999999999822e+00,0.000000000000000000e+00
2.021472651693683453e-01,1.324987030029297075e-01,1.331236801147460902e+00,3.299999999999999822e+00,3.750000000000000000e+05
2.033721708320858634e-01,5.219926452636718395e-01,1.324987030029297075e-01,3.299999999999999822e+00,0.000000000000000000e+00
2.034221157097103883e-01,6.218824005126952770e-01,1.324987030029297075e-01,3.299999999999999822e+00,3.750000000000000000e+05
2.049611589457980831e-01,1.324987030029297075e-01,1.638663253784179652e+00,3.299999999999999822e+00,0.000000000000000000e+00
2.051148726489535890e-01,1.324987030029297075e-01,1.946090660095214808e+00,3.299999999999999822e+00,3.750000000000000000e+05
2.069680537670550713e-01,7.217702484130859020e-01,1.324987030029297075e-01,3.299999999999999822e+00,0.000000000000000000e+00
2.070179986446795961e-01,8.216600036621093395e-01,1.324987030029297075e-01,3.299999999999999822e+00,3.750000000000000000e+05
2.091853173361510054e-01,1.324987030029297075e-01,2.253517112731933558e+00,3.299999999999999822e+00,0.000000000000000000e+00
2.093390305624693581e-01,1.324987030029297075e-01,2.560943565368652308e+00,3.299999999999999822e+00,3.750000000000000000e+05
2.118204868273108887e-01,9.215497589111327770e-01,1.324987030029297075e-01,3.299999999999999822e+00,0.000000000000000000e+00
2.118704307512610796e-01,1.021437606811523402e+00,1.324987030029297075e-01,3.299999999999999822e+00,3.750000000000000000e+05
2.146660240166799183e-01,1.324987030029297075e-01,2.868370018005371058e+00,3.299999999999999822e+00,0.000000000000000000e+00
2.148197372429982710e-01,1.324987030029297075e-01,3.175796470642089808e+00,3.299999999999999822e+00,3.750000000000000000e+05
2.179294680817871477e-01,1.121327362060546839e+00,1.324987030029297075e-01,3.299999999999999822e+00,0.000000000000000000e+00
2.179794120057373386e-01,1.221215209960937464e+00,1.324987030029297075e-01,3.299999999999999822e+00,3.750000000000000000e+05
2.214032798451036621e-01,1.324987030029297075e-01,3.483222923278808558e+00,3.299999999999999822e+00,0.000000000000000000e+00
2.215569930714220148e-01,1.324987030029297075e-01,3.790649375915527308e+00,3.299999999999999822e+00,3.750000000000000000e+05
2.252949984841582654e-01,1.321104965209960902e+00,1.324987030029297075e-01,3.299999999999999822e+00,0.000000000000000000e+00
2.253449424081084562e-01,1.420992813110351527e+00,1.324987030029297075e-01,3.299999999999999822e+00,3.750000000000000000e+05
2.293970848214222646e-01,1.324987030029297075e-01,4.098075828552246058e+00,3.299999999999999822e+00,0.000000000000000000e+00
2.295507980477406174e-01,1.324987030029297075e-01,4.405502281188964808e+00,3.299999999999999822e+00,3.750000000000000000e+05
2.339170780344243250e-01,1.520882568359374964e+00,1.324987030029297075e-01,3.299999999999999822e+00,0.000000000000000000e+00
2.339670219583745159e-01,1.620770416259765589e+00,1.324987030029297075e-01,3.299999999999999822e+00,3.750000000000000000e+05
2.386474389456358092e-01,1.324987030029297075e-01,4.712928733825683558e+00,3.299999999999999822e+00,0.000000000000000000e+00
2.388011521719541619e-01,1.324987030029297075e-01,5.020355186462402308e+00,3.299999999999999822e+00,3.750000000000000000e+05
2.437957067325853266e-01,1.720660171508789027e+00,1.324987030029297075e-01,3.299999999999999822e+00,0.000000000000000000e+00
2.438456516102098515e-01,1.820549926757812464e+00,1.324987030029297075e-01,3.299999999999999822e+00,3.750000000000000000e+05
2.491543437442109710e-01,1.324987030029297075e-01,5.327781639099121058e+00,3.299999999999999822e+00,0.000000000000000000e+00
2.493080569705293237e-01,1.324987030029297075e-01,5.635208091735839808e+00,3.299999999999999822e+00,3.750000000000000000e+05
2.549308861051079456e-01,1.920437774658203089e+00,1.324987030029297075e-01,3.299999999999999822e+00,0.000000000000000000e+00
2.549808309827324426e-01,2.020327529907226527e+00,1.324987030029297075e-01,3.299999999999999822e+00,3.750000000000000000e+05
2.609177976906810192e-01,1.324987030029297075e-01,5.942634544372558558e+00,3.299999999999999822e+00,0.000000000000000000e+00
2.610715109169993720e-01,1.324987030029297075e-01,6.250060997009277308e+00,3.299999999999999822e+00,3.750000000000000000e+05
2.673226146255254787e-01,2.120215377807617152e+00,1.324987030029297075e-01,3.299999999999999822e+00,0.000000000000000000e+00
2.673725595031499758e-01,2.220105133056640589e+00,1.324987030029297075e-01,3.299999999999999822e+00,3.750000000000000000e+05
2.739378007850459817e-01,1.324987030029297075e-01,6.557487449645996058e+00,3.299999999999999822e+00,0.000000000000000000e+00
2.740915140113643345e-01,1.324987030029297075e-01,6.864913902282714808e+00,3.299999999999999822e+00,3.750000000000000000e+05
2.809708922938379261e-01,2.319992980957031214e+00,1.324987030029297075e-01,3.299999999999999822e+00,0.000000000000000000e+00
2.810208371714624231e-01,2.419882736206054652e+00,1.324987030029297075e-01,3.299999999999999822e+00,3.750000000000000000e+05
2.882143530273059140e-01,1.324987030029297075e-01,7.172340354919433558e+00,3.299999999999999822e+00,0.000000000000000000e+00
2.883680662536242667e-01,1.324987030029297075e-01,7.479766807556152308e+00,3.299999999999999822e+00,3.750000000000000000e+05
2.958757196828377123e-01,2.519772491455078089e+00,1.324987030029297075e-01,3.299999999999999822e+00,0.000000000000000000e+00
2.959256636067879032e-01,2.619660339355468714e+00,1.324987030029297075e-01,3.299999999999999822e+00,3.750000000000000000e+05
3.037474540365788789e-01,1.324987030029297075e-01,7.787193260192871058e+00,3.299999999999999822e+00,0.000000000000000000e+00
3.039011672628972316e-01,1.324987030029297075e-01,8.094619712829590696e+00,3.299999999999999822e+00,3.750000000000000000e+05
3.120370952660581065e-01,2.719550094604492152e+00,1.324987030029297075e-01,3.299999999999999822e+00,0.000000000000000000e+00
3.120870391900082974e-01,2.819437942504882777e+00,1.324987030029297075e-01,3.299999999999999822e+00,3.750000000000000000e+05
3.205371041937467580e-01,1.324987030029297075e-01,8.402046165466309446e+00,3.299999999999999822e+00,0.000000000000000000e+00
3.206908174200651107e-01,1.324987030029297075e-01,8.709472618103028196e+00,3.299999999999999822e+00,3.750000000000000000e+05
3.294550199971734705e-01,2.919327697753906214e+00,1.324987030029297075e-01,3.299999999999999822e+00,0.000000000000000000e+00
3.295049639211236614e-01,3.019215545654296839e+00,1.324987030029297075e-01,3.299999999999999822e+00,3.750000000000000000e+05
3.385833034988096069e-01,1.324987030029297075e-01,9.016899070739746946e+00,3.299999999999999822e+00,0.000000000000000000e+00
3.387370167251279596e-01,1.324987030029297075e-01,9.324325523376465696e+00,3.299999999999999822e+00,3.750000000000000000e+05
3.481294938761837487e-01,3.119105300903320277e+00,1.324987030029297075e-01,3.299999999999999822e+00,0.000000000000000000e+00
3.481794378001339396e-01,3.218993148803710902e+00,1.324987030029297075e-01,3.299999999999999822e+00,3.750000000000000000e+05
3.578860519517673699e-01,1.324987030029297075e-01,9.631751976013184446e+00,3.299999999999999822e+00,0.000000000000000000e+00
3.580397649396671600e-01,1.324987030029297075e-01,9.939177951812744993e+00,3.299999999999999822e+00,3.750000000000000000e+05
3.680605162239521944e-01,3.318882904052734339e+00,1.324987030029297075e-01,3.299999999999999822e+00,0.000000000000000000e+00
3.681104611015766914e-01,3.418772659301757777e+00,1.324987030029297075e-01,3.299999999999999822e+00,3.750000000000000000e+05
3.784453499592316805e-01,1.324987030029297075e-01,1.024660440444946374e+01,3.299999999999999822e+00,0.000000000000000000e+00
3.785990631855500332e-01,1.324987030029297075e-01,1.055403085708618249e+01,3.299999999999999822e+00,3.750000000000000000e+05
3.892480890437825525e-01,3.518660507202148402e+00,1.324987030029297075e-01,3.299999999999999822e+00,0.000000000000000000e+00
3.892980339214070495e-01,3.618550262451171839e+00,1.324987030029297075e-01,3.299999999999999822e+00,3.750000000000000000e+05
4.000323502795146702e-01,2.052678680419922075e-01,1.063749929428100671e+01,3.299999999999999822e+00,0.000000000000000000e+00
4.000822951571391672e-01,3.051576232910156450e-01,1.063749929428100671e+01,3.299999999999999822e+00,3.750000000000000000e+05
4.108166109424546408e-01,3.718438110351562464e+00,1.324987030029297075e-01,3.299999999999999822e+00,0.000000000000000000e+00
4.108665558200791379e-01,3.818327865600585902e+00,1.324987030029297075e-01,3.299999999999999822e+00,3.750000000000000000e+05
4.216008721781867585e-01,4.050454711914062700e-01,1.063749929428100671e+01,3.299999999999999822e+00,0.000000000000000000e+00
4.216508170558112556e-01,5.049352264404296520e-01,1.063749929428100671e+01,3.299999999999999822e+00,3.750000000000000000e+05
4.323851328411267292e-01,3.918215713500976527e+00,1.324987030029297075e-01,3.299999999999999822e+00,0.000000000000000000e+00
4.324350777187512263e-01,4.018105468749999964e+00,1.324987030029297075e-01,3.299999999999999822e+00,3.750000000000000000e+05
4.431693940768588469e-01,6.048230743408202770e-01,1.063749929428100671e+01,3.299999999999999822e+00,0.000000000000000000e+00
4.432193389544833440e-01,7.047128295898437145e-01,1.063749929428100671e+01,3.299999999999999822e+00,3.750000000000000000e+05
4.539536547397988175e-01,4.117993316650390589e+00,1.324987030029297075e-01,3.299999999999999822e+00,0.000000000000000000e+00
4.540035996174233146e-01,4.217883071899414027e+00,1.324987030029297075e-01,3.299999999999999822e+00,3.750000000000000000e+05
4.647379159755309352e-01,8.046006774902343395e-01,1.063749929428100671e+01,3.299999999999999822e+00,0.000000000000000000e+00
4.647878608531554323e-01,9.044904327392577770e-01,1.063749929428100671e+01,3.299999999999999822e+00,3.750000000000000000e+05
4.755221766384709059e-01,4.317770919799804652e+00,1.324987030029297075e-01,3.299999999999999822e+00,0.000000000000000000e+00
4.755721215160954030e-01,4.417660675048828089e+00,1.324987030029297075e-01,3.299999999999999822e+00,3.750000000000000000e+05
4.863064373014108766e-01,1.004380187988281214e+00,1.063749929428100671e+01,3.299999999999999822e+00,0.000000000000000000e+00
4.863563812253610674e-01,1.104268035888671839e+00,1.063749929428100671e+01,3.299999999999999822e+00,3.750000000000000000e+05
4.970906975834686881e-01,4.517550430297851527e+00,1.324987030029297075e-01,3.299999999999999822e+00,0.000000000000000000e+00
4.971406415074188789e-01,4.617438278198242152e+00,1.324987030029297075e-01,3.299999999999999822e+00,3.750000000000000000e+05
5.078749572927343525e-01,1.204157791137695277e+00,1.063749929428100671e+01,3.299999999999999822e+00,0.000000000000000000e+00
5.079249012166845434e-01,1.304045639038085902e+00,1.063749929428100671e+01,3.299999999999999822e+00,3.750000000000000000e+05
5.186592175747921640e-01,4.717328033447265589e+00,1.324987030029297075e-01,3.299999999999999822e+00,0.000000000000000000e+00
5.187091614987423549e-01,4.817215881347656214e+00,1.324987030029297075e-01,3.299999999999999822e+00,3.750000000000000000e+05
5.294434772840578285e-01,1.403935394287109339e+00,1.063749929428100671e+01,3.299999999999999822e+00,0.000000000000000000e+00
5.294934212080080194e-01,1.503823242187499964e+00,1.063749929428100671e+01,3.299999999999999822e+00,3.750000000000000000e+05
5.402277375661156400e-01,4.917105636596679652e+00,1.324987030029297075e-01,3.299999999999999822e+00,0.000000000000000000e+00
5.402776814900658309e-01,5.016993484497070277e+00,1.324987030029297075e-01,3.299999999999999822e+00,3.750000000000000000e+05
5.510119972753813045e-01,1.603712997436523402e+00,1.063749929428100671e+01,3.299999999999999822e+00,0.000000000000000000e+00
5.510619411993314953e-01,1.703600845336914027e+00,1.063749929428100671e+01,3.299999999999999822e+00,3.750000000000000000e+05
5.617962575574391160e-01,5.116883239746093714e+00,1.324987030029297075e-01,3.299999999999999822e+00,0.000000000000000000e+00
5.618462024350636685e-01,5.216772994995117152e+00,1.324987030029297075e-01,3.299999999999999822e+00,3.750000000000000000e+05
5.725805187931712892e-01,1.803490600585937464e+00,1.063749929428100671e+01,3.299999999999999822e+00,0.000000000000000000e+00
5.726304636707958418e-01,1.903380355834960902e+00,1.063749929428100671e+01,3.299999999999999822e+00,3.750000000000000000e+05
5.833647794561113153e-01,5.316660842895507777e+00,1.324987030029297075e-01,3.299999999999999822e+00,0.000000000000000000e+00
5.834147243337358679e-01,5.416550598144531214e+00,1.324987030029297075e-01,3.299999999999999822e+00,3.750000000000000000e+05
5.941490406918434886e-01,2.003268203735351527e+00,1.063749929428100671e+01,3.299999999999999822e+00,0.000000000000000000e+00
5.941989855694680411e-01,2.103157958984374964e+00,1.063749929428100671e+01,3.299999999999999822e+00,3.750000000000000000e+05
6.049333013547835147e-01,5.516438446044921839e+00,1.324987030029297075e-01,3.299999999999999822e+00,0.000000000000000000e+00
6.049832462324080673e-01,5.616328201293945277e+00,1.324987030029297075e-01,3.299999999999999822e+00,3.750000000000000000e+05
6.157175625905156879e-01,2.203045806884765589e+00,1.063749929428100671e+01,3.299999999999999822e+00,0.000000000000000000e+00
6.157675074681402405e-01,2.302935562133789027e+00,1.063749929428100671e+01,3.299999999999999822e+00,3.750000000000000000e+05
6.265018232534557141e-01,5.716216049194335902e+00,1.324987030029297075e-01,3.299999999999999822e+00,0.000000000000000000e+00
6.265517681310802667e-01,5.816105804443359339e+00,1.324987030029297075e-01,3.299999999999999822e+00,3.750000000000000000e+05
6.372860844891878873e-01,2.402823410034179652e+00,1.063749929428100671e+01,3.299999999999999822e+00,0.000000000000000000e+00
6.373360293668124399e-01,2.502713165283203089e+00,1.063749929428100671e+01,3.299999999999999822e+00,3.750000000000000000e+05
6.480703451521279135e-01,5.915993652343749964e+00,1.324987030029297075e-01,3.299999999999999822e+00,0.000000000000000000e+00
6.481202900297524661e-01,6.015883407592773402e+00,1.324987030029297075e-01,3.299999999999999822e+00,3.750000000000000000e+05
6.588546058150679396e-01,2.602602920532226527e+00,1.063749929428100671e+01,3.299999999999999822e+00,0.000000000000000000e+00
6.589045497390181305e-01,2.702490768432617152e+00,1.063749929428100671e+01,3.299999999999999822e+00,3.750000000000000000e+05
6.696388660971257512e-01,6.115773162841796839e+00,1.324987030029297075e-01,3.299999999999999822e+00,0.000000000000000000e+00
6.696888100210759420e-01,6.215661010742187464e+00,1.324987030029297075e-01,3.299999999999999822e+00,3.750000000000000000e+05
6.804231258063914156e-01,2.802380523681640589e+00,1.063749929428100671e+01,3.299999999999999822e+00,0.000000000000000000e+00
6.804730697303416065e-01,2.902268371582031214e+00,1.063749929428100671e+01,3.299999999999999822e+00,3.750000000000000000e+05
6.912073860884492271e-01,6.315550765991210902e+00,1.324987030029297075e-01,3.299999999999999822e+00,0.000000000000000000e+00
6.912573300123994180e-01,6.415438613891601527e+00,1.324987030029297075e-01,3.299999999999999822e+00,3.750000000000000000e+05
7.019916457977148916e-01,3.002158126831054652e+00,1.063749929428100671e+01,3.299999999999999822e+00,0.000000000000000000e+00
7.020415897216650825e-01,3.102045974731445277e+00,1.063749929428100671e+01,3.299999999999999822e+00,3.750000000000000000e+05
7.127759057933765741e-01,6.515327415466308558e+00,1.324987030029297075e-01,3.299999999999999822e+00,0.000000000000000000e+00
7.128258506710011266e-01,6.615217170715331996e+00,1.324987030029297075e-01,3.299999999999999822e+00,3.750000000000000000e+05
7.235601667427126182e-01,3.201935729980468714e+00,1.063749929428100671e+01,3.299999999999999822e+00,0.000000000000000000e+00
7.236101106666628091e-01,3.301823577880859339e+00,1.063749929428100671e+01,3.299999999999999822e+00,3.750000000000000000e+05
7.343444270247704297e-01,6.715105972290039027e+00,1.324987030029297075e-01,3.299999999999999822e+00,0.000000000000000000e+00
7.343943714255577460e-01,6.814994773864746058e+00,1.324987030029297075e-01,3.299999999999999822e+00,3.750000000000000000e+05
7.451286874972692376e-01,3.401713333129882777e+00,1.063749929428100671e+01,3.299999999999999822e+00,0.000000000000000000e+00
7.451786323748937901e-01,3.501603088378906214e+00,1.063749929428100671e+01,3.299999999999999822e+00,3.750000000000000000e+05
7.559129481602092637e-01,6.914883575439453089e+00,1.324987030029297075e-01,3.299999999999999822e+00,0.000000000000000000e+00
7.559628925609965799e-01,7.014772377014160121e+00,1.324987030029297075e-01,3.299999999999999822e+00,3.750000000000000000e+05
7.666972086327080715e-01,3.601490936279296839e+00,1.063749929428100671e+01,3.299999999999999822e+00,0.000000000000000000e+00
7.667471535103326241e-01,3.701380691528320277e+00,1.063749929428100671e+01,3.299999999999999822e+00,3.750000000000000000e+05
7.774814692956480977e-01,7.114661178588867152e+00,1.324987030029297075e-01,3.299999999999999822e+00,0.000000000000000000e+00
7.775314136964354139e-01,7.214549980163574183e+00,1.324987030029297075e-01,3.299999999999999822e+00,3.750000000000000000e+05
7.882657297681469055e-01,3.801268539428710902e+00,1.063749929428100671e+01,3.299999999999999822e+00,0.000000000000000000e+00
7.883156746457714581e-01,3.901158294677734339e+00,1.063749929428100671e+01,3.299999999999999822e+00,3.750000000000000000e+05
7.990499904310869317e-01,7.314438781738281214e+00,1.324987030029297075e-01,3.299999999999999822e+00,0.000000000000000000e+00
7.990999353087114843e-01,7.414328536987304652e+00,1.324987030029297075e-01,3.299999999999999822e+00,3.750000000000000000e+05
8.098342516668191049e-01,4.001046142578124964e+00,1.063749929428100671e+01,3.299999999999999822e+00,0.000000000000000000e+00
8.098841965444436575e-01,4.100935897827148402e+00,1.063749929428100671e+01,3.299999999999999822e+00,3.750000000000000000e+05
8.206185126161551491e-01,7.514217338562011683e+00,1.324987030029297075e-01,3.299999999999999822e+00,0.000000000000000000e+00
8.206684570169424653e-01,7.614106140136718714e+00,1.324987030029297075e-01,3.299999999999999822e+00,3.750000000000000000e+05
8.314027733750500859e-01,4.200823745727539027e+00,1.063749929428100671e+01,3.299999999999999822e+00,0.000000000000000000e+00
8.314527182526746385e-01,4.300713500976562464e+00,1.063749929428100671e+01,3.299999999999999822e+00,3.750000000000000000e+05
8.421870343243861301e-01,7.713994941711425746e+00,1.324987030029297075e-01,3.299999999999999822e+00,0.000000000000000000e+00
8.422369787251734463e-01,7.813883743286132777e+00,1.324987030029297075e-01,3.299999999999999822e+00,3.750000000000000000e+05
8.529712945104889199e-01,4.400603256225585902e+00,1.063749929428100671e+01,3.299999999999999822e+00,0.000000000000000000e+00
8.530212384344391108e-01,4.500491104125976527e+00,1.063749929428100671e+01,3.299999999999999822e+00,3.750000000000000000e+05
8.637555545061506024e-01,7.913772544860839808e+00,1.324987030029297075e-01,3.299999999999999822e+00,0.000000000000000000e+00
8.638054989069379186e-01,8.013661346435547728e+00,1.324987030029297075e-01,3.299999999999999822e+00,3.750000000000000000e+05
8.745398146922533922e-01,4.600380859374999964e+00,1.063749929428100671e+01,3.299999999999999822e+00,0.000000000000000000e+00
8.745897586162035831e-01,4.700268707275390589e+00,1.063749929428100671e+01,3.299999999999999822e+00,3.750000000000000000e+05
8.853240746879150747e-01,8.113550148010254759e+00,1.324987030029297075e-01,3.299999999999999822e+00,0.000000000000000000e+00
8.853740190887023909e-01,8.213438949584961790e+00,1.324987030029297075e-01,3.299999999999999822e+00,3.750000000000000000e+05
8.961083348740178645e-01,4.800158462524414027e+00,1.063749929428100671e+01,3.299999999999999822e+00,0.000000000000000000e+00
8.961582787979680553e-01,4.900046310424804652e+00,1.063749929428100671e+01,3.299999999999999822e+00,3.750000000000000000e+05
9.068925948696795469e-01,8.313327751159668821e+00,1.324987030029297075e-01,3.299999999999999822e+00,0.000000000000000000e+00
9.069425392704668631e-01,8.413216552734375853e+00,1.324987030029297075e-01,3.299999999999999822e+00,3.750000000000000000e+05
9.176768550557823367e-01,4.999936065673828089e+00,1.063749929428100671e+01,3.299999999999999822e+00,0.000000000000000000e+00
9.177267989797325276e-01,5.099823913574218714e+00,1.063749929428100671e+01,3.299999999999999822e+00,3.750000000000000000e+05
9.284611153378401482e-01,8.513106307983399290e+00,1.324987030029297075e-01,3.299999999999999822e+00,0.000000000000000000e+00
9.285110597386274645e-01,8.612995109558106321e+00,1.324987030029297075e-01,3.299999999999999822e+00,3.750000000000000000e+05
9.392453758103389561e-01,5.199713668823242152e+00,1.063749929428100671e+01,3.299999999999999822e+00,0.000000000000000000e+00
9.392953206879635086e-01,5.299603424072265589e+00,1.063749929428100671e+01,3.299999999999999822e+00,3.750000000000000000e+05
9.500296364732789822e-01,8.712883911132813353e+00,1.324987030029297075e-01,3.299999999999999822e+00,0.000000000000000000e+00
9.500795808740662984e-01,8.812772712707520384e+00,1.324987030029297075e-01,3.299999999999999822e+00,3.750000000000000000e+05
9.608138969457777900e-01,5.399491271972656214e+00,1.063749929428100671e+01,3.299999999999999822e+00,0.000000000000000000e+00
9.608638418234023426e-01,5.499381027221679652e+00,1.063749929428100671e+01,3.299999999999999822e+00,3.750000000000000000e+05
9.715981576087178162e-01,8.912661514282227415e+00,1.324987030029297075e-01,3.299999999999999822e+00,0.000000000000000000e+00
9.716481020095051324e-01,9.012550315856934446e+00,1.324987030029297075e-01,3.299999999999999822e+00,3.750000000000000000e+05
9.823824180812166240e-01,5.599268875122070277e+00,1.063749929428100671e+01,3.299999999999999822e+00,0.000000000000000000e+00
9.824323629588411766e-01,5.699158630371093714e+00,1.063749929428100671e+01,3.299999999999999822e+00,3.750000000000000000e+05
9.931666787441566502e-01,9.112439117431641478e+00,1.324987030029297075e-01,3.299999999999999822e+00,0.000000000000000000e+00
9.932166231449439664e-01,9.212327919006348509e+00,1.324987030029297075e-01,3.299999999999999822e+00,3.750000000000000000e+05
1.003950939216655458e+00,5.799046478271484339e+00,1.063749929428100671e+01,3.299999999999999822e+00,0.000000000000000000e+00
1.004000884094280011e+00,5.898936233520507777e+00,1.063749929428100671e+01,3.299999999999999822e+00,3.750000000000000000e+05
1.014735199879595484e+00,9.312216720581055540e+00,1.324987030029297075e-01,3.299999999999999822e+00,0.000000000000000000e+00
1.014785144757220037e+00,9.412106475830078978e+00,1.324987030029297075e-01,3.299999999999999822e+00,3.750000000000000000e+05
1.025519461115327546e+00,5.998824081420898402e+00,1.063749929428100671e+01,3.299999999999999822e+00,0.000000000000000000e+00
1.025569405992952099e+00,6.098713836669921839e+00,1.063749929428100671e+01,3.299999999999999822e+00,3.750000000000000000e+05
1.036303722064663591e+00,9.511995277404786009e+00,1.324987030029297075e-01,3.299999999999999822e+00,0.000000000000000000e+00
1.036353666465450907e+00,9.611884078979493040e+00,1.324987030029297075e-01,3.299999999999999822e+00,3.750000000000000000e+05
1.047087982250766380e+00,6.198603591918945277e+00,1.063749929428100671e+01,3.299999999999999822e+00,0.000000000000000000e+00
1.047137926174716682e+00,6.298491439819335902e+00,1.063749929428100671e+01,3.299999999999999822e+00,3.750000000000000000e+05
1.057872242246428174e+00,9.711772880554200071e+00,1.324987030029297075e-01,3.299999999999999822e+00,0.000000000000000000e+00
1.057922186647215490e+00,9.811661682128907103e+00,1.324987030029297075e-01,3.299999999999999822e+00,3.750000000000000000e+05
1.068656502432530964e+00,6.398381195068359339e+00,1.063749929428100671e+01,3.299999999999999822e+00,0.000000000000000000e+00
1.068706446356481266e+00,6.498269042968749964e+00,1.063749929428100671e+01,3.299999999999999822e+00,3.750000000000000000e+05
1.079440762428192757e+00,9.911550483703614134e+00,1.324987030029297075e-01,3.299999999999999822e+00,0.000000000000000000e+00
1.079490706828980073e+00,1.001143928527832117e+01,1.324987030029297075e-01,3.299999999999999822e+00,3.750000000000000000e+05
1.090225022614295547e+00,6.598158798217773402e+00,1.063749929428100671e+01,3.299999999999999822e+00,0.000000000000000000e+00
1.090274967015082863e+00,6.698047599792480433e+00,1.063749929428100671e+01,3.299999999999999822e+00,3.750000000000000000e+05
1.101009282800398337e+00,1.011132808685302820e+01,1.324987030029297075e-01,3.299999999999999822e+00,0.000000000000000000e+00
1.101059227678022889e+00,1.021121784210205163e+01,1.324987030029297075e-01,3.299999999999999822e+00,3.750000000000000000e+05
1.111793543749734381e+00,6.797936401367187464e+00,1.063749929428100671e+01,3.299999999999999822e+00,0.000000000000000000e+00
1.111843488150521697e+00,6.897825202941894496e+00,1.063749929428100671e+01,3.299999999999999822e+00,3.750000000000000000e+05
1.122577804222233189e+00,1.031110664367675867e+01,1.324987030029297075e-01,3.299999999999999822e+00,0.000000000000000000e+00
1.122627748623020505e+00,1.041099544525146570e+01,1.324987030029297075e-01,3.299999999999999822e+00,3.750000000000000000e+05
1.133362064694731997e+00,6.997714004516601527e+00,1.063749929428100671e+01,3.299999999999999822e+00,0.000000000000000000e+00
1.133412009095519313e+00,7.097602806091308558e+00,1.063749929428100671e+01,3.299999999999999822e+00,3.750000000000000000e+05
1.144146325167230804e+00,1.051088424682617273e+01,1.324987030029297075e-01,3.299999999999999822e+00,0.000000000000000000e+00
1.144196269568018121e+00,1.061077304840087976e+01,1.324987030029297075e-01,3.299999999999999822e+00,3.750000000000000000e+05
1.154930585639729612e+00,7.197491607666015589e+00,1.063749929428100671e+01,3.299999999999999822e+00,0.000000000000000000e+00
1.154980530040516928e+00,7.297380409240722621e+00,1.063749929428100671e+01,3.299999999999999822e+00,3.750000000000000000e+05
1.165714846112228420e+00,1.071066184997558679e+01,1.324987030029297075e-01,3.299999999999999822e+00,0.000000000000000000e+00
1.165764790513015736e+00,1.081055065155029382e+01,1.324987030029297075e-01,3.299999999999999822e+00,3.750000000000000000e+05
1.176499106584727228e+00,7.397269210815429652e+00,1.063749929428100671e+01,3.299999999999999822e+00,0.000000000000000000e+00
1.176549051462351780e+00,7.497158966064453089e+00,1.063749929428100671e+01,3.299999999999999822e+00,3.750000000000000000e+05
1.187283367247667254e+00,1.091043945312500085e+01,1.324987030029297075e-01,3.299999999999999822e+00,0.000000000000000000e+00
1.187333311648454570e+00,1.101032825469970788e+01,1.324987030029297075e-01,3.299999999999999822e+00,3.750000000000000000e+05
1.198067627433770044e+00,7.597047767639160121e+00,1.063749929428100671e+01,3.299999999999999822e+00,0.000000000000000000e+00
1.198117571834557360e+00,7.696936569213867152e+00,1.063749929428100671e+01,3.299999999999999822e+00,3.750000000000000000e+05
1.208851887906268852e+00,1.111021800994873132e+01,1.324987030029297075e-01,3.299999999999999822e+00,0.000000000000000000e+00
1.208901832307056168e+00,1.121010681152343835e+01,1.324987030029297075e-01,3.299999999999999822e+00,3.750000000000000000e+05
1.219636148378767659e+00,7.796825370788574183e+00,1.063749929428100671e+01,3.299999999999999822e+00,0.000000000000000000e+00
1.219686092779554976e+00,7.896714172363281214e+00,1.063749929428100671e+01,3.299999999999999822e+00,3.750000000000000000e+05
1.230420408851266467e+00,1.130999561309814538e+01,1.324987030029297075e-01,3.299999999999999822e+00,0.000000000000000000e+00
1.230470353252053783e+00,1.140988441467285242e+01,1.324987030029297075e-01,3.299999999999999822e+00,3.750000000000000000e+05
1.241204669323765275e+00,7.996602973937988246e+00,1.063749929428100671e+01,3.299999999999999822e+00,0.000000000000000000e+00
1.241254613724552591e+00,8.096491775512696165e+00,1.063749929428100671e+01,3.299999999999999822e+00,3.750000000000000000e+05
1.251988929796264083e+00,1.150977321624755945e+01,1.324987030029297075e-01,3.299999999999999822e+00,0.000000000000000000e+00
1.252038874197051399e+00,1.160966201782226648e+01,1.324987030029297075e-01,3.299999999999999822e+00,3.750000000000000000e+05
1.262773190268762891e+00,8.196380577087403196e+00,1.063749929428100671e+01,3.299999999999999822e+00,0.000000000000000000e+00
1.262823134669550207e+00,8.296269378662110228e+00,1.063749929428100671e+01,3.299999999999999822e+00,3.750000000000000000e+05
1.273557450741261698e+00,1.170955081939697351e+01,1.324987030029297075e-01,3.299999999999999822e+00,0.000000000000000000e+00
1.273607395142049015e+00,1.180943962097168054e+01,1.324987030029297075e-01,3.299999999999999822e+00,3.750000000000000000e+05
1.284341711213760506e+00,8.396158180236817259e+00,1.063749929428100671e+01,3.299999999999999822e+00,0.000000000000000000e+00
1.284391655614547822e+00,8.496046981811524290e+00,1.063749929428100671e+01,3.299999999999999822e+00,3.750000000000000000e+05
1.295125971686259314e+00,1.190932842254638757e+01,1.324987030029297075e-01,3.299999999999999822e+00,0.000000000000000000e+00
1.295175916563883867e+00,1.200921817779541101e+01,1.324987030029297075e-01,3.299999999999999822e+00,3.750000000000000000e+05
1.305910232635595358e+00,8.595936737060547728e+00,1.063749929428100671e+01,3.299999999999999822e+00,0.000000000000000000e+00
1.305960177036382674e+00,8.695825538635254759e+00,1.063749929428100671e+01,3.299999999999999822e+00,3.750000000000000000e+05
1.316694493108094166e+00,1.210910697937011804e+01,1.324987030029297075e-01,3.299999999999999822e+00,0.000000000000000000e+00
1.316744437508881482e+00,1.220899578094482507e+01,1.324987030029297075e-01,3.299999999999999822e+00,3.750000000000000000e+05
1.327478753580592974e+00,8.795714340209961790e+00,1.063749929428100671e+01,3.299999999999999822e+00,0.000000000000000000e+00
1.327528697981380290e+00,8.895603141784668821e+00,1.063749929428100671e+01,3.299999999999999822e+00,3.750000000000000000e+05
1.338263014053091782e+00,1.230888458251953210e+01,1.324987030029297075e-01,3.299999999999999822e+00,0.000000000000000000e+00
1.338312958453879098e+00,1.240877338409423913e+01,1.324987030029297075e-01,3.299999999999999822e+00,3.750000000000000000e+05
1.349047274525590590e+00,8.995491943359375853e+00,1.063749929428100671e+01,3.299999999999999822e+00,0.000000000000000000e+00
1.349097218926377906e+00,9.095380744934082884e+00,1.063749929428100671e+01,3.299999999999999822e+00,3.750000000000000000e+05
1.359831534998089397e+00,1.250866218566894617e+01,1.324987030029297075e-01,3.299999999999999822e+00,0.000000000000000000e+00
1.359881479398876714e+00,1.260855098724365320e+01,1.324987030029297075e-01,3.299999999999999822e+00,3.750000000000000000e+05
1.370615795470588205e+00,9.195269546508789915e+00,1.063749929428100671e+01,3.299999999999999822e+00,0.000000000000000000e+00
1.370665739871375521e+00,9.295158348083496946e+00,1.063749929428100671e+01,3.299999999999999822e+00,3.750000000000000000e+05
1.381400055943087013e+00,1.270843978881836023e+01,1.324987030029297075e-01,3.299999999999999822e+00,0.000000000000000000e+00
1.381450000343874329e+00,1.280832859039306726e+01,1.324987030029297075e-01,3.299999999999999822e+00,3.750000000000000000e+05
1.392184316129189803e+00,9.395048103332520384e+00,1.063749929428100671e+01,3.299999999999999822e+00,0.000000000000000000e+00
1.392234260529977119e+00,9.494936904907227415e+00,1.063749929428100671e+01,3.299999999999999822e+00,3.750000000000000000e+05
1.402968576601688611e+00,1.290821834564209070e+01,1.324987030029297075e-01,3.299999999999999822e+00,0.000000000000000000e+00
1.403018521002475927e+00,1.300810714721679773e+01,1.324987030029297075e-01,3.299999999999999822e+00,3.750000000000000000e+05
1.413752837074187418e+00,9.594825706481934446e+00,1.063749929428100671e+01,3.299999999999999822e+00,0.000000000000000000e+00
1.413802781474974735e+00,9.694714508056641478e+00,1.063749929428100671e+01,3.299999999999999822e+00,3.750000000000000000e+05
1.424537097546686226e+00,1.310799594879150476e+01,1.324987030029297075e-01,3.299999999999999822e+00,0.000000000000000000e+00
1.424587041947473542e+00,1.320788475036621179e+01,1.324987030029297075e-01,3.299999999999999822e+00,3.750000000000000000e+05
1.435321358019185034e+00,9.794603309631348509e+00,1.063749929428100671e+01,3.299999999999999822e+00,0.000000000000000000e+00
1.435371302419972350e+00,9.894492111206055540e+00,1.063749929428100671e+01,3.299999999999999822e+00,3.750000000000000000e+05
1.446105618491683842e+00,1.330777355194091882e+01,1.324987030029297075e-01,3.299999999999999822e+00,0.000000000000000000e+00
1.446155562892471158e+00,1.340766235351562585e+01,1.324987030029297075e-01,3.299999999999999822e+00,3.750000000000000000e+05
1.456889878964182650e+00,9.994380912780762571e+00,1.063749929428100671e+01,3.299999999999999822e+00,0.000000000000000000e+00
1.456939823364969966e+00,1.009426971435546960e+01,1.063749929428100671e+01,3.299999999999999822e+00,3.750000000000000000e+05
1.467674139436681457e+00,1.350755115509033288e+01,1.324987030029297075e-01,3.299999999999999822e+00,0.000000000000000000e+00
1.467724083837468774e+00,1.360743995666503992e+01,1.324987030029297075e-01,3.299999999999999822e+00,3.750000000000000000e+05
1.478458399909180265e+00,1.019415851593017663e+01,1.063749929428100671e+01,3.299999999999999822e+00,0.000000000000000000e+00
1.478508344786804818e+00,1.029404827117920007e+01,1.063749929428100671e+01,3.299999999999999822e+00,3.750000000000000000e+05
1.489242660858516309e+00,1.370732971191406335e+01,1.324987030029297075e-01,3.299999999999999822e+00,0.000000000000000000e+00
1.489292605259303626e+00,1.380721851348877038e+01,1.324987030029297075e-01,3.299999999999999822e+00,3.750000000000000000e+05
1.500026921331015117e+00,1.039393707275390710e+01,1.063749929428100671e+01,3.299999999999999822e+00,0.000000000000000000e+00
1.500076865731802434e+00,1.049382587432861413e+01,1.063749929428100671e+01,3.299999999999999822e+00,3.750000000000000000e+05
1.510811181803513925e+00,1.390710731506347742e+01,1.324987030029297075e-01,3.299999999999999822e+00,0.000000000000000000e+00
1.510861126204301241e+00,1.400699611663818445e+01,1.324987030029297075e-01,3.299999999999999822e+00,3.750000000000000000e+05
1.521595442276012733e+00,1.059371467590332117e+01,1.063749929428100671e+01,3.299999999999999822e+00,0.000000000000000000e+00
1.521645386676800049e+00,1.069360347747802820e+01,1.063749929428100671e+01,3.299999999999999822e+00,3.750000000000000000e+05
1.532379702748511541e+00,1.410688491821289148e+01,1.324987030029297075e-01,3.299999999999999822e+00,0.000000000000000000e+00
1.532429647149298857e+00,1.420677371978759851e+01,1.324987030029297075e-01,3.299999999999999822e+00,3.750000000000000000e+05
1.543163963221010349e+00,1.079349227905273523e+01,1.063749929428100671e+01,3.299999999999999822e+00,0.000000000000000000e+00
1.543213907621797665e+00,1.089338108062744226e+01,1.063749929428100671e+01,3.299999999999999822e+00,3.750000000000000000e+05
1.553948223693509156e+00,1.430666252136230554e+01,1.324987030029297075e-01,3.299999999999999822e+00,0.000000000000000000e+00
1.553998168094296473e+00,1.440655132293701257e+01,1.324987030029297075e-01,3.299999999999999822e+00,3.750000000000000000e+05
1.564732484166007964e+00,1.099326988220214929e+01,1.063749929428100671e+01,3.299999999999999822e+00,0.000000000000000000e+00
1.564782428566795280e+00,1.109315868377685632e+01,1.063749929428100671e+01,3.299999999999999822e+00,3.750000000000000000e+05
1.575516744781704892e+00,1.450644060134887781e+01,1.324987030029297075e-01,3.299999999999999822e+00,0.000000000000000000e+00
1.575566689659329445e+00,1.460633035659790124e+01,1.324987030029297075e-01,3.299999999999999822e+00,3.750000000000000000e+05
1.586301005874239056e+00,1.119304843902587976e+01,1.063749929428100671e+01,3.299999999999999822e+00,0.000000000000000000e+00
1.586350950275026372e+00,1.129293724060058679e+01,1.063749929428100671e+01,3.299999999999999822e+00,3.750000000000000000e+05
1.597085266489935984e+00,1.470621915817260827e+01,1.324987030029297075e-01,3.299999999999999822e+00,0.000000000000000000e+00
1.597135210890723300e+00,1.480610795974731531e+01,1.324987030029297075e-01,3.299999999999999822e+00,3.750000000000000000e+05
1.607869527105632912e+00,1.139282604217529382e+01,1.063749929428100671e+01,3.299999999999999822e+00,0.000000000000000000e+00
1.607919471506420228e+00,1.149271484375000085e+01,1.063749929428100671e+01,3.299999999999999822e+00,3.750000000000000000e+05
1.618653787721329840e+00,1.490599676132202234e+01,1.324987030029297075e-01,3.299999999999999822e+00,0.000000000000000000e+00
1.618703732122117156e+00,1.500588556289672937e+01,1.324987030029297075e-01,3.299999999999999822e+00,3.750000000000000000e+05
1.629438048337026768e+00,1.159260364532470788e+01,1.063749929428100671e+01,3.299999999999999822e+00,0.000000000000000000e+00
1.629487992737814084e+00,1.169249244689941492e+01,1.063749929428100671e+01,3.299999999999999822e+00,3.750000000000000000e+05
1.640222308952723695e+00,1.510577436447143640e+01,1.324987030029297075e-01,3.299999999999999822e+00,0.000000000000000000e+00
1.640272253353511012e+00,1.520566316604614343e+01,1.324987030029297075e-01,3.299999999999999822e+00,3.750000000000000000e+05
1.651006569568420623e+00,1.179238124847412195e+01,1.063749929428100671e+01,3.299999999999999822e+00,0.000000000000000000e+00
1.651056513969207939e+00,1.189227005004882898e+01,1.063749929428100671e+01,3.299999999999999822e+00,3.750000000000000000e+05
1.661790830184117551e+00,1.530555196762085046e+01,1.324987030029297075e-01,3.299999999999999822e+00,0.000000000000000000e+00
1.661840774584904867e+00,1.540544076919555749e+01,1.324987030029297075e-01,3.299999999999999822e+00,3.750000000000000000e+05
1.672575090513418239e+00,1.199215980529785242e+01,1.063749929428100671e+01,3.299999999999999822e+00,0.000000000000000000e+00
1.672625034914205555e+00,1.209204860687255945e+01,1.063749929428100671e+01,3.299999999999999822e+00,3.750000000000000000e+05
1.683359351129115167e+00,1.550533052444458093e+01,1.324987030029297075e-01,3.299999999999999822e+00,0.000000000000000000e+00
1.683409295529902483e+00,1.560521932601928796e+01,1.324987030029297075e-01,3.299999999999999822e+00,3.750000000000000000e+05
1.694143611744812095e+00,1.219193740844726648e+01,1.063749929428100671e+01,3.299999999999999822e+00,0.000000000000000000e+00
1.694193556145599411e+00,1.229182621002197351e+01,1.063749929428100671e+01,3.299999999999999822e+00,3.750000000000000000e+05
1.704927872360509022e+00,1.570510812759399499e+01,1.324987030029297075e-01,3.299999999999999822e+00,0.000000000000000000e+00
1.704977816761296339e+00,1.580499692916870202e+01,1.324987030029297075e-01,3.299999999999999822e+00,3.750000000000000000e+05
1.715712132976205950e+00,1.239171501159668054e+01,1.063749929428100671e+01,3.299999999999999822e+00,0.000000000000000000e+00
1.715762077376993266e+00,1.249160381317138757e+01,1.063749929428100671e+01,3.299999999999999822e+00,3.750000000000000000e+05
1.726496393591902878e+00,1.590488573074340906e+01,1.324987030029297075e-01,3.299999999999999822e+00,0.000000000000000000e+00
1.726546337992690194e+00,1.600477453231811609e+01,1.324987030029297075e-01,3.299999999999999822e+00,3.750000000000000000e+05
1.737280654207599806e+00,1.259149261474609460e+01,1.063749929428100671e+01,3.299999999999999822e+00,0.000000000000000000e+00
1.737330598608387122e+00,1.269138141632080163e+01,1.063749929428100671e+01,3.299999999999999822e+00,3.750000000000000000e+05
1.748064914823296734e+00,1.610466333389282312e+01,1.324987030029297075e-01,3.299999999999999822e+00,0.000000000000000000e+00
1.748114859224084050e+00,1.620455213546753015e+01,1.324987030029297075e-01,3.299999999999999822e+00,3.750000000000000000e+05
1.758849175438993662e+00,1.279127021789550867e+01,1.063749929428100671e+01,3.299999999999999822e+00,0.000000000000000000e+00
1.758899120316618214e+00,1.289115997314453210e+01,1.063749929428100671e+01,3.299999999999999822e+00,3.750000000000000000e+05
1.769633436531527826e+00,1.630444189071655359e+01,1.324987030029297075e-01,3.299999999999999822e+00,0.000000000000000000e+00
1.769683380455478128e+00,1.640432973861694421e+01,1.324987030029297075e-01,3.299999999999999822e+00,3.750000000000000000e+05
1.780417696383991499e+00,1.299104877471923913e+01,1.063749929428100671e+01,3.299999999999999822e+00,0.000000000000000000e+00
1.780467640784778816e+00,1.309093757629394617e+01,1.063749929428100671e+01,3.299999999999999822e+00,3.750000000000000000e+05
1.791201956999688427e+00,1.650421949386596765e+01,1.324987030029297075e-01,3.299999999999999822e+00,0.000000000000000000e+00
1.791251900923638729e+00,1.660410734176635827e+01,1.324987030029297075e-01,3.299999999999999822e+00,3.750000000000000000e+05
1.801986216852152101e+00,1.319082637786865320e+01,1.063749929428100671e+01,3.299999999999999822e+00,0.000000000000000000e+00
1.802036161252939417e+00,1.329071517944336023e+01,1.063749929428100671e+01,3.299999999999999822e+00,3.750000000000000000e+05
1.812770477467849028e+00,1.670399709701538171e+01,1.324987030029297075e-01,3.299999999999999822e+00,0.000000000000000000e+00
1.812820422345473581e+00,1.680388685226440515e+01,1.324987030029297075e-01,3.299999999999999822e+00,3.750000000000000000e+05
1.823554738846779211e+00,1.339060398101806726e+01,1.063749929428100671e+01,3.299999999999999822e+00,0.000000000000000000e+00
1.823604683247566527e+00,1.349049278259277429e+01,1.063749929428100671e+01,3.299999999999999822e+00,3.750000000000000000e+05
1.834338999462476139e+00,1.690377470016479577e+01,1.324987030029297075e-01,3.299999999999999822e+00,0.000000000000000000e+00
1.834388944340100691e+00,1.700366445541381921e+01,1.324987030029297075e-01,3.299999999999999822e+00,3.750000000000000000e+05
1.845123260841406321e+00,1.359038158416748132e+01,1.063749929428100671e+01,3.299999999999999822e+00,0.000000000000000000e+00
1.845173205242193637e+00,1.369027038574218835e+01,1.063749929428100671e+01,3.299999999999999822e+00,3.750000000000000000e+05
1.855907521457103249e+00,1.710355230331420984e+01,1.324987030029297075e-01,3.299999999999999822e+00,0.000000000000000000e+00
1.855957466334727801e+00,1.720344205856323327e+01,1.324987030029297075e-01,3.299999999999999822e+00,3.750000000000000000e+05
1.866691782549637413e+00,1.379016014099121179e+01,1.063749929428100671e+01,3.299999999999999822e+00,0.000000000000000000e+00
1.866741726950424729e+00,1.389004894256591882e+01,1.063749929428100671e+01,3.299999999999999822e+00,3.750000000000000000e+05
1.877476042878938101e+00,1.730332990646362390e+01,1.324987030029297075e-01,3.299999999999999822e+00,0.000000000000000000e+00
1.877525987756562653e+00,1.740321966171264734e+01,1.324987030029297075e-01,3.299999999999999822e+00,3.750000000000000000e+05
1.888260303971472265e+00,1.398993774414062585e+01,1.063749929428100671e+01,3.299999999999999822e+00,0.000000000000000000e+00
1.888310248372259581e+00,1.408982654571533288e+01,1.063749929428100671e+01,3.299999999999999822e+00,3.750000000000000000e+05
1.899044564300772953e+00,1.750310750961303796e+01,1.324987030029297075e-01,3.299999999999999822e+00,0.000000000000000000e+00
1.899094509178397505e+00,1.760299726486206140e+01,1.324987030029297075e-01,3.299999999999999822e+00,3.750000000000000000e+05
1.909828825393307117e+00,1.418971534729003992e+01,1.063749929428100671e+01,3.299999999999999822e+00,0.000000000000000000e+00
1.909878769794094433e+00,1.428960414886474695e+01,1.063749929428100671e+01,3.299999999999999822e+00,3.750000000000000000e+05
1.920613086295400063e+00,1.770288702011108484e+01,1.324987030029297075e-01,3.299999999999999822e+00,0.000000000000000000e+00
1.920663030219350365e+00,1.780277486801147546e+01,1.324987030029297075e-01,3.299999999999999822e+00,3.750000000000000000e+05
1.931397346434259976e+00,1.438949295043945398e+01,1.063749929428100671e+01,3.299999999999999822e+00,0.000000000000000000e+00
1.931447291073465911e+00,1.448938222885131921e+01,1.063749929428100671e+01,3.299999999999999822e+00,3.750000000000000000e+05
1.942181607431573420e+00,1.790266462326049890e+01,1.324987030029297075e-01,3.299999999999999822e+00,0.000000000000000000e+00
1.942231551355523722e+00,1.800255247116088952e+01,1.324987030029297075e-01,3.299999999999999822e+00,3.750000000000000000e+05
1.952965867140839196e+00,1.458927198410034265e+01,1.063749929428100671e+01,3.299999999999999822e+00,0.000000000000000000e+00
1.953015811541626512e+00,1.468916078567504968e+01,1.063749929428100671e+01,3.299999999999999822e+00,3.750000000000000000e+05
1.963750127613338003e+00,1.810244222640991296e+01,1.324987030029297075e-01,3.299999999999999822e+00,0.000000000000000000e+00
1.963800071537288305e+00,1.820233007431030359e+01,1.324987030029297075e-01,3.299999999999999822e+00,3.750000000000000000e+05
1.974534387322603779e+00,1.478904958724975671e+01,1.063749929428100671e+01,3.299999999999999822e+00,0.000000000000000000e+00
1.974584331723391095e+00,1.488893838882446374e+01,1.063749929428100671e+01,3.299999999999999822e+00,3.750000000000000000e+05
1.985318647795102587e+00,1.830221982955932702e+01,1.324987030029297075e-01,3.299999999999999822e+00,0.000000000000000000e+00
1.985368591719052889e+00,1.840210767745971765e+01,1.324987030029297075e-01,3.299999999999999822e+00,3.750000000000000000e+05
1.996102907504368362e+00,1.498882719039917077e+01,1.063749929428100671e+01,3.299999999999999822e+00,0.000000000000000000e+00
1.996152851905155678e+00,1.508871599197387781e+01,1.063749929428100671e+01,3.299999999999999822e+00,3.750000000000000000e+05
2.006887167905268221e+00,1.850199719429016199e+01,1.324987030029297075e-01,3.299999999999999822e+00,0.000000000000000000e+00
2.006937112782892552e+00,1.860188694953918542e+01,1.324987030029297075e-01,3.299999999999999822e+00,3.750000000000000000e+05
2.017671429069401334e+00,1.518860479354858484e+01,1.063749929428100671e+01,3.299999999999999822e+00,0.000000000000000000e+00
2.017721373470188873e+00,1.528849359512329187e+01,1.063749929428100671e+01,3.299999999999999822e+00,3.750000000000000000e+05
2.028455689470301415e+00,1.870177479743957605e+01,1.324987030029297075e-01,3.299999999999999822e+00,0.000000000000000000e+00
2.028505634347925746e+00,1.880166455268859949e+01,1.324987030029297075e-01,3.299999999999999822e+00,3.750000000000000000e+05
2.039239950634434528e+00,1.538838239669799890e+01,1.063749929428100671e+01,3.299999999999999822e+00,0.000000000000000000e+00
2.039289895512058859e+00,1.548827215194702234e+01,1.063749929428100671e+01,3.299999999999999822e+00,3.750000000000000000e+05
2.050024211225775161e+00,1.890155240058899011e+01,1.324987030029297075e-01,3.299999999999999822e+00,0.000000000000000000e+00
2.050074156103399492e+00,1.900144215583801355e+01,1.324987030029297075e-01,3.299999999999999822e+00,3.750000000000000000e+05
2.060808472103512035e+00,1.558816095352172937e+01,1.063749929428100671e+01,3.299999999999999822e+00,0.000000000000000000e+00
2.060858416504299573e+00,1.568804975509643640e+01,1.063749929428100671e+01,3.299999999999999822e+00,3.750000000000000000e+05
2.071592732218015875e+00,1.910133000373840417e+01,1.324987030029297075e-01,3.299999999999999822e+00,0.000000000000000000e+00
2.071642677095640206e+00,1.920121975898742761e+01,1.324987030029297075e-01,3.299999999999999822e+00,3.750000000000000000e+05
2.082376993095752749e+00,1.578793855667114343e+01,1.063749929428100671e+01,3.299999999999999822e+00,0.000000000000000000e+00
2.082426937496540287e+00,1.588782735824585046e+01,1.063749929428100671e+01,3.299999999999999822e+00,3.750000000000000000e+05
2.093161253210256589e+00,1.930110760688781824e+01,1.324987030029297075e-01,3.299999999999999822e+00,0.000000000000000000e+00
2.093211198087880920e+00,1.940099736213684167e+01,1.324987030029297075e-01,3.299999999999999822e+00,3.750000000000000000e+05
2.103945514087993462e+00,1.598771615982055749e+01,1.063749929428100671e+01,3.299999999999999822e+00,0.000000000000000000e+00
2.103995458488781001e+00,1.608760496139526452e+01,1.063749929428100671e+01,3.299999999999999822e+00,3.750000000000000000e+05
2.114729774775289783e+00,1.950088711738586511e+01,1.324987030029297075e-01,3.299999999999999822e+00,0.000000000000000000e+00
2.114779718699240085e+00,1.960077496528625574e+01,1.324987030029297075e-01,3.299999999999999822e+00,3.750000000000000000e+05
2.125514034699352628e+00,1.618749376296997156e+01,1.063749929428100671e+01,3.299999999999999822e+00,0.000000000000000000e+00
2.125563979100140166e+00,1.628738256454467859e+01,1.063749929428100671e+01,3.299999999999999822e+00,3.750000000000000000e+05
2.136298295386648949e+00,1.970066472053527917e+01,1.324987030029297075e-01,3.299999999999999822e+00,0.000000000000000000e+00
2.136348239310599251e+00,1.980055256843566980e+01,1.324987030029297075e-01,3.299999999999999822e+00,3.750000000000000000e+05
2.147082555024315553e+00,1.638727231979370202e+01,1.063749929428100671e+01,3.299999999999999822e+00,0.000000000000000000e+00
2.147132498948265855e+00,1.648716016769409265e+01,1.063749929428100671e+01,3.299999999999999822e+00,3.750000000000000000e+05
2.157866815234774638e+00,1.990044232368469324e+01,1.324987030029297075e-01,3.299999999999999822e+00,0.000000000000000000e+00
2.157916759158724940e+00,2.000033017158508386e+01,1.324987030029297075e-01,3.299999999999999822e+00,3.750000000000000000e+05
2.168651074872441242e+00,1.658704992294311609e+01,1.063749929428100671e+01,3.299999999999999822e+00,0.000000000000000000e+00
2.168701018796391544e+00,1.668693777084350671e+01,1.063749929428100671e+01,3.299999999999999822e+00,3.750000000000000000e+05
2.179435335082900327e+00,2.010021992683410730e+01,1.324987030029297075e-01,3.299999999999999822e+00,0.000000000000000000e+00
2.179485279960524657e+00,2.020010968208313074e+01,1.324987030029297075e-01,3.299999999999999822e+00,3.750000000000000000e+05
2.190219596247033440e+00,1.678682752609253015e+01,1.063749929428100671e+01,3.299999999999999822e+00,0.000000000000000000e+00
2.190269541124657771e+00,1.688671728134155359e+01,1.063749929428100671e+01,3.299999999999999822e+00,3.750000000000000000e+05
2.201003856838374073e+00,2.029999752998352136e+01,1.324987030029297075e-01,3.299999999999999822e+00,0.000000000000000000e+00
2.201053801715998404e+00,2.039988728523254480e+01,1.324987030029297075e-01,3.299999999999999822e+00,3.750000000000000000e+05
2.211788118002507186e+00,1.698660512924194421e+01,1.063749929428100671e+01,3.299999999999999822e+00,0.000000000000000000e+00
2.211838062880131517e+00,1.708649488449096765e+01,1.063749929428100671e+01,3.299999999999999822e+00,3.750000000000000000e+05
2.222572378593847819e+00,2.049977513313293542e+01,1.324987030029297075e-01,3.299999999999999822e+00,0.000000000000000000e+00
2.222622323471472150e+00,2.059966488838195886e+01,1.324987030029297075e-01,3.299999999999999822e+00,3.750000000000000000e+05
2.233356639757980933e+00,1.718638273239135827e+01,1.063749929428100671e+01,3.299999999999999822e+00,0.000000000000000000e+00
2.233406584635605263e+00,1.728627248764038171e+01,1.063749929428100671e+01,3.299999999999999822e+00,3.750000000000000000e+05
2.244140900349321566e+00,2.069955273628234949e+01,1.324987030029297075e-01,3.299999999999999822e+00,0.000000000000000000e+00
2.244190845226945896e+00,2.079944249153137292e+01,1.324987030029297075e-01,3.299999999999999822e+00,3.750000000000000000e+05
2.254925161513454679e+00,1.738616033554077234e+01,1.063749929428100671e+01,3.299999999999999822e+00,0.000000000000000000e+00
2.254975106391079009e+00,1.748605009078979577e+01,1.063749929428100671e+01,3.299999999999999822e+00,3.750000000000000000e+05
2.265709422104795312e+00,2.089933033943176355e+01,1.324987030029297075e-01,3.299999999999999822e+00,0.000000000000000000e+00
2.265759366982419643e+00,2.099922009468078699e+01,1.324987030029297075e-01,3.299999999999999822e+00,3.750000000000000000e+05
2.276493683268928425e+00,1.758593793869018640e+01,1.063749929428100671e+01,3.299999999999999822e+00,0.000000000000000000e+00
2.276543628146552756e+00,1.768582769393920984e+01,1.063749929428100671e+01,3.299999999999999822e+00,3.750000000000000000e+05
2.287277944433061538e+00,2.109910984992981042e+01,1.324987030029297075e-01,3.299999999999999822e+00,0.000000000000000000e+00
2.287327888357011840e+00,2.119899769783020105e+01,1.324987030029297075e-01,3.299999999999999822e+00,3.750000000000000000e+05
2.298062204070728143e+00,1.778571744918823327e+01,1.063749929428100671e+01,3.299999999999999822e+00,0.000000000000000000e+00
2.298112147994678445e+00,1.788560529708862390e+01,1.063749929428100671e+01,3.299999999999999822e+00,3.750000000000000000e+05
2.308846464281187227e+00,2.129888745307922449e+01,1.324987030029297075e-01,3.299999999999999822e+00,0.000000000000000000e+00
2.308896408205137529e+00,2.139877530097961511e+01,1.324987030029297075e-01,3.299999999999999822e+00,3.750000000000000000e+05
2.319630723918853832e+00,1.798549505233764734e+01,1.063749929428100671e+01,3.299999999999999822e+00,0.000000000000000000e+00
2.319680667842804134e+00,1.808538290023803796e+01,1.063749929428100671e+01,3.299999999999999822e+00,3.750000000000000000e+05
2.330414984147212376e+00,2.149866511583328332e+01,1.324987030029297075e-01,3.299999999999999822e+00,0.000000000000000000e+00
2.330464928071162678e+00,2.159855296373367395e+01,1.324987030029297075e-01,3.299999999999999822e+00,3.750000000000000000e+05
2.341199243802778884e+00,1.818527265548706140e+01,1.063749929428100671e+01,3.299999999999999822e+00,0.000000000000000000e+00
2.341249187726729186e+00,1.828516050338745202e+01,1.063749929428100671e+01,3.299999999999999822e+00,3.750000000000000000e+05
2.351983504031137429e+00,2.169844271898269739e+01,1.324987030029297075e-01,3.299999999999999822e+00,0.000000000000000000e+00
2.352033447955087730e+00,2.179833056688308801e+01,1.324987030029297075e-01,3.299999999999999822e+00,3.750000000000000000e+05
2.362767763686703937e+00,1.838505025863647546e+01,1.063749929428100671e+01,3.299999999999999822e+00,0.000000000000000000e+00
2.362817708564328267e+00,1.848494001388549890e+01,1.063749929428100671e+01,3.299999999999999822e+00,3.750000000000000000e+05
2.373552024295944474e+00,2.189822032213211145e+01,1.324987030029297075e-01,3.299999999999999822e+00,0.000000000000000000e+00
2.373601969173568804e+00,2.199811007738113489e+01,1.324987030029297075e-01,3.299999999999999822e+00,3.750000000000000000e+05
2.384336285549576218e+00,1.858482762336731042e+01,1.063749929428100671e+01,3.299999999999999822e+00,0.000000000000000000e+00
2.384386230427200548e+00,1.868471737861633386e+01,1.063749929428100671e+01,3.299999999999999822e+00,3.750000000000000000e+05
2.395120546230415925e+00,2.209799792528152551e+01,1.324987030029297075e-01,3.299999999999999822e+00,0.000000000000000000e+00
2.395170491108040256e+00,2.219788768053054895e+01,1.324987030029297075e-01,3.299999999999999822e+00,3.750000000000000000e+05
2.405904807484047669e+00,1.878460522651672449e+01,1.063749929428100671e+01,3.299999999999999822e+00,0.000000000000000000e+00
2.405954752361672000e+00,1.888449498176574792e+01,1.063749929428100671e+01,3.299999999999999822e+00,3.750000000000000000e+05
2.416689068164887377e+00,2.229777552843093957e+01,1.324987030029297075e-01,3.299999999999999822e+00,0.000000000000000000e+00
2.416739013042511708e+00,2.239766528367996301e+01,1.324987030029297075e-01,3.299999999999999822e+00,3.750000000000000000e+05
2.427473329418519121e+00,1.898438282966613855e+01,1.063749929428100671e+01,3.299999999999999822e+00,0.000000000000000000e+00
2.427523274296143452e+00,1.908427258491516199e+01,1.063749929428100671e+01,3.299999999999999822e+00,3.750000000000000000e+05
2.438257590099358829e+00,2.249755313158035364e+01,1.324987030029297075e-01,3.299999999999999822e+00,0.000000000000000000e+00
2.438307534976983160e+00,2.259744288682937707e+01,1.324987030029297075e-01,3.299999999999999822e+00,3.750000000000000000e+05
2.449041851352990573e+00,1.918416043281555261e+01,1.063749929428100671e+01,3.299999999999999822e+00,0.000000000000000000e+00
2.449091796230614904e+00,1.928405018806457605e+01,1.063749929428100671e+01,3.299999999999999822e+00,3.750000000000000000e+05
2.459826112033830281e+00,2.269733073472976770e+01,1.324987030029297075e-01,3.299999999999999822e+00,0.000000000000000000e+00
2.459876056911454612e+00,2.279722048997879114e+01,1.324987030029297075e-01,3.299999999999999822e+00,3.750000000000000000e+05
2.470610372714669989e+00,1.938393994331359949e+01,1.063749929428100671e+01,3.299999999999999822e+00,0.000000000000000000e+00
2.470660316638620291e+00,1.948382779121399011e+01,1.063749929428100671e+01,3.299999999999999822e+00,3.750000000000000000e+05
2.481394633014627704e+00,2.289711024522781457e+01,1.324987030029297075e-01,3.299999999999999822e+00,0.000000000000000000e+00
2.481444576938578006e+00,2.299699809312820520e+01,1.324987030029297075e-01,3.299999999999999822e+00,3.750000000000000000e+05
2.492178892741793383e+00,1.958371754646301355e+01,1.063749929428100671e+01,3.299999999999999822e+00,0.000000000000000000e+00
2.492228836665743685e+00,1.968360539436340417e+01,1.063749929428100671e+01,3.299999999999999822e+00,3.750000000000000000e+05
2.502963153041751099e+00,2.309688784837722864e+01,1.324987030029297075e-01,3.299999999999999822e+00,0.000000000000000000e+00
2.503013096965701401e+00,2.319677569627761926e+01,1.324987030029297075e-01,3.299999999999999822e+00,3.750000000000000000e+05
2.513747412768916778e+00,1.978349514961242761e+01,1.063749929428100671e+01,3.299999999999999822e+00,0.000000000000000000e+00
2.513797356692867080e+00,1.988338299751281824e+01,1.063749929428100671e+01,3.299999999999999822e+00,3.750000000000000000e+05
2.524531673068874493e+00,2.329666545152664270e+01,1.324987030029297075e-01,3.299999999999999822e+00,0.000000000000000000e+00
2.524581616992824795e+00,2.339655329942703332e+01,1.324987030029297075e-01,3.299999999999999822e+00,3.750000000000000000e+05
2.535315932796040173e+00,1.998327275276184167e+01,1.063749929428100671e+01,3.299999999999999822e+00,0.000000000000000000e+00
2.535365876719990474e+00,2.008316060066223230e+01,1.063749929428100671e+01,3.299999999999999822e+00,3.750000000000000000e+05
2.546100193078097984e+00,2.349644299507141199e+01,1.324987030029297075e-01,3.299999999999999822e+00,0.000000000000000000e+00
2.546150137002048286e+00,2.359633084297180261e+01,1.324987030029297075e-01,3.299999999999999822e+00,3.750000000000000000e+05
2.556884452787363760e+00,2.018305035591125574e+01,1.063749929428100671e+01,3.299999999999999822e+00,0.000000000000000000e+00
2.556934397664988090e+00,2.028294011116027917e+01,1.063749929428100671e+01,3.299999999999999822e+00,3.750000000000000000e+05
2.567668713450303564e+00,2.369622059822082605e+01,1.324987030029297075e-01,3.299999999999999822e+00,0.000000000000000000e+00
2.567718658327927894e+00,2.379611035346984949e+01,1.324987030029297075e-01,3.299999999999999822e+00,3.750000000000000000e+05
2.578452974686035404e+00,2.038282795906066980e+01,1.063749929428100671e+01,3.299999999999999822e+00,0.000000000000000000e+00
2.578502919563659734e+00,2.048271771430969324e+01,1.063749929428100671e+01,3.299999999999999822e+00,3.750000000000000000e+05
2.589237235348975208e+00,2.389599820137024011e+01,1.324987030029297075e-01,3.299999999999999822e+00,0.000000000000000000e+00
2.589287180226599538e+00,2.399588795661926355e+01,1.324987030029297075e-01,3.299999999999999822e+00,3.750000000000000000e+05
2.600021496584707048e+00,2.058260556221008386e+01,1.063749929428100671e+01,3.299999999999999822e+00,0.000000000000000000e+00
2.600071441462331379e+00,2.068249531745910730e+01,1.063749929428100671e+01,3.299999999999999822e+00,3.750000000000000000e+05
2.610805757247646852e+00,2.409577580451965417e+01,1.324987030029297075e-01,3.299999999999999822e+00,0.000000000000000000e+00
2.610855702125271183e+00,2.419566555976867761e+01,1.324987030029297075e-01,3.299999999999999822e+00,3.750000000000000000e+05
2.621590018483378692e+00,2.078238316535949792e+01,1.063749929428100671e+01,3.299999999999999822e+00,0.000000000000000000e+00
2.621639963361003023e+00,2.088227292060852136e+01,1.063749929428100671e+01,3.299999999999999822e+00,3.750000000000000000e+05
2.632374279146318496e+00,2.429555340766906824e+01,1.324987030029297075e-01,3.299999999999999822e+00,0.000000000000000000e+00
2.632424224023942827e+00,2.439544316291809167e+01,1.324987030029297075e-01,3.299999999999999822e+00,3.750000000000000000e+05
2.643158540382050337e+00,2.098216076850891199e+01,1.063749929428100671e+01,3.299999999999999822e+00,0.000000000000000000e+00
2.643208485259674667e+00,2.108205052375793542e+01,1.063749929428100671e+01,3.299999999999999822e+00,3.750000000000000000e+05
2.653942801044990141e+00,2.449533101081848230e+01,1.324987030029297075e-01,3.299999999999999822e+00,0.000000000000000000e+00
2.653992745922614471e+00,2.459522076606750574e+01,1.324987030029297075e-01,3.299999999999999822e+00,3.750000000000000000e+05
2.664727061707929945e+00,2.118194027900695886e+01,1.063749929428100671e+01,3.299999999999999822e+00,0.000000000000000000e+00
2.664777005631880247e+00,2.128182812690734949e+01,1.063749929428100671e+01,3.299999999999999822e+00,3.750000000000000000e+05
2.675511321989987756e+00,2.469511052131652917e+01,1.324987030029297075e-01,3.299999999999999822e+00,0.000000000000000000e+00
2.675561265913938058e+00,2.479499836921691980e+01,1.324987030029297075e-01,3.299999999999999822e+00,3.750000000000000000e+05
2.686295581699253532e+00,2.138171788215637292e+01,1.063749929428100671e+01,3.299999999999999822e+00,0.000000000000000000e+00
2.686345525623203834e+00,2.148160573005676355e+01,1.063749929428100671e+01,3.299999999999999822e+00,3.750000000000000000e+05
2.697079841981311343e+00,2.489488812446594324e+01,1.324987030029297075e-01,3.299999999999999822e+00,0.000000000000000000e+00
2.697129785905261645e+00,2.499477597236633386e+01,1.324987030029297075e-01,3.299999999999999822e+00,3.750000000000000000e+05
2.707864101672677215e+00,2.158149554491043176e+01,1.063749929428100671e+01,3.299999999999999822e+00,0.000000000000000000e+00
2.707914045596627517e+00,2.168138339281082239e+01,1.063749929428100671e+01,3.299999999999999822e+00,3.750000000000000000e+05
2.718648361936835567e+00,2.509466572761535730e+01,1.324987030029297075e-01,3.299999999999999822e+00,0.000000000000000000e+00
2.718698305860785869e+00,2.519455357551574792e+01,1.324987030029297075e-01,3.299999999999999822e+00,3.750000000000000000e+05
2.729432621628201439e+00,2.178127314805984582e+01,1.063749929428100671e+01,3.299999999999999822e+00,0.000000000000000000e+00
2.729482565552151740e+00,2.188116099596023645e+01,1.063749929428100671e+01,3.299999999999999822e+00,3.750000000000000000e+05
2.740216881892359790e+00,2.529444333076477136e+01,1.324987030029297075e-01,3.299999999999999822e+00,0.000000000000000000e+00
2.740266825816310092e+00,2.539433117866516199e+01,1.324987030029297075e-01,3.299999999999999822e+00,3.750000000000000000e+05
2.751001141583725662e+00,2.198105075120925989e+01,1.063749929428100671e+01,3.299999999999999822e+00,0.000000000000000000e+00
2.751051086461349993e+00,2.208094050645828332e+01,1.063749929428100671e+01,3.299999999999999822e+00,3.750000000000000000e+05
2.761785402228765562e+00,2.549422093391418542e+01,1.324987030029297075e-01,3.299999999999999822e+00,0.000000000000000000e+00
2.761835347106389893e+00,2.559411068916320886e+01,1.324987030029297075e-01,3.299999999999999822e+00,3.750000000000000000e+05
2.772569663446597943e+00,2.218082835435867395e+01,1.063749929428100671e+01,3.299999999999999822e+00,0.000000000000000000e+00
2.772619608324222273e+00,2.228071810960769739e+01,1.063749929428100671e+01,3.299999999999999822e+00,3.750000000000000000e+05
2.783353924091637843e+00,2.569399853706359949e+01,1.324987030029297075e-01,3.299999999999999822e+00,0.000000000000000000e+00
2.783403868969262174e+00,2.579388829231262292e+01,1.324987030029297075e-01,3.299999999999999822e+00,3.750000000000000000e+05
2.794138185309470224e+00,2.238060595750808801e+01,1.063749929428100671e+01,3.299999999999999822e+00,0.000000000000000000e+00
2.794188130187094554e+00,2.248049571275711145e+01,1.063749929428100671e+01,3.299999999999999822e+00,3.750000000000000000e+05
2.804922445954510124e+00,2.589377614021301355e+01,1.324987030029297075e-01,3.299999999999999822e+00,0.000000000000000000e+00
2.804972390832134455e+00,2.599366589546203699e+01,1.324987030029297075e-01,3.299999999999999822e+00,3.750000000000000000e+05
2.815706707172342504e+00,2.258038356065750207e+01,1.063749929428100671e+01,3.299999999999999822e+00,0.000000000000000000e+00
2.815756652049966835e+00,2.268027331590652551e+01,1.063749929428100671e+01,3.299999999999999822e+00,3.750000000000000000e+05
2.826490967817382405e+00,2.609355374336242761e+01,1.324987030029297075e-01,3.299999999999999822e+00,0.000000000000000000e+00
2.826540912695006735e+00,2.619344349861145105e+01,1.324987030029297075e-01,3.299999999999999822e+00,3.750000000000000000e+05
2.837275229035214785e+00,2.278016116380691614e+01,1.063749929428100671e+01,3.299999999999999822e+00,0.000000000000000000e+00
2.837325173912839116e+00,2.288005091905593957e+01,1.063749929428100671e+01,3.299999999999999822e+00,3.750000000000000000e+05
2.848059490253047166e+00,2.629333325386047449e+01,1.324987030029297075e-01,3.299999999999999822e+00,0.000000000000000000e+00
2.848109434176997468e+00,2.639322110176086511e+01,1.324987030029297075e-01,3.299999999999999822e+00,3.750000000000000000e+05
2.858843749944413037e+00,2.297994067430496301e+01,1.063749929428100671e+01,3.299999999999999822e+00,0.000000000000000000e+00
2.858893693868363339e+00,2.307982852220535364e+01,1.063749929428100671e+01,3.299999999999999822e+00,3.750000000000000000e+05
2.869628010280170116e+00,2.649311109542846765e+01,1.324987030029297075e-01,3.299999999999999822e+00,0.000000000000000000e+00
2.869677954204120418e+00,2.659299894332885827e+01,1.324987030029297075e-01,3.299999999999999822e+00,3.750000000000000000e+05
2.880412270043135159e+00,2.317971827745437707e+01,1.063749929428100671e+01,3.299999999999999822e+00,0.000000000000000000e+00
2.880462213967085461e+00,2.327960612535476770e+01,1.063749929428100671e+01,3.299999999999999822e+00,3.750000000000000000e+05
2.891196530378892238e+00,2.669288869857788171e+01,1.324987030029297075e-01,3.299999999999999822e+00,0.000000000000000000e+00
2.891246474302842540e+00,2.679277654647827234e+01,1.324987030029297075e-01,3.299999999999999822e+00,3.750000000000000000e+05
2.901980790141857280e+00,2.337949588060379114e+01,1.063749929428100671e+01,3.299999999999999822e+00,0.000000000000000000e+00
2.902030734065807582e+00,2.347938372850418176e+01,1.063749929428100671e+01,3.299999999999999822e+00,3.750000000000000000e+05
2.912765050477614359e+00,2.689266630172729577e+01,1.324987030029297075e-01,3.299999999999999822e+00,0.000000000000000000e+00
2.912814994401564661e+00,2.699255414962768640e+01,1.324987030029297075e-01,3.299999999999999822e+00,3.750000000000000000e+05
2.923549310258479306e+00,2.357927342414856042e+01,1.063749929428100671e+01,3.299999999999999822e+00,0.000000000000000000e+00
2.923599254182429608e+00,2.367916127204895105e+01,1.063749929428100671e+01,3.299999999999999822e+00,3.750000000000000000e+05
2.934333570612136288e+00,2.709244390487670984e+01,1.324987030029297075e-01,3.299999999999999822e+00,0.000000000000000000e+00
2.934383515489760619e+00,2.719233366012573327e+01,1.324987030029297075e-01,3.299999999999999822e+00,3.750000000000000000e+05
2.945117831919467299e+00,2.377905102729797449e+01,1.063749929428100671e+01,3.299999999999999822e+00,0.000000000000000000e+00
2.945167776797091630e+00,2.387894078254699792e+01,1.063749929428100671e+01,3.299999999999999822e+00,3.750000000000000000e+05
2.955902092654006275e+00,2.729222150802612390e+01,1.324987030029297075e-01,3.299999999999999822e+00,0.000000000000000000e+00
2.955952037531630605e+00,2.739211126327514734e+01,1.324987030029297075e-01,3.299999999999999822e+00,3.750000000000000000e+05
2.966686353961337286e+00,2.397882863044738855e+01,1.063749929428100671e+01,3.299999999999999822e+00,0.000000000000000000e+00
2.966736298838961616e+00,2.407871838569641199e+01,1.063749929428100671e+01,3.299999999999999822e+00,3.750000000000000000e+05
2.977470614695876261e+00,2.749199911117553796e+01,1.324987030029297075e-01,3.299999999999999822e+00,0.000000000000000000e+00
2.977520559573500591e+00,2.759188886642456140e+01,1.324987030029297075e-01,3.299999999999999822e+00,3.750000000000000000e+05
2.988254876003207272e+00,2.417860623359680261e+01,1.063749929428100671e+01,3.299999999999999822e+00,0.000000000000000000e+00
2.988304820880831603e+00,2.427849598884582605e+01,1.063749929428100671e+01,3.299999999999999822e+00,3.750000000000000000e+05
2.999039136737746247e+00,2.769177671432495202e+01,1.324987030029297075e-01,3.299999999999999822e+00,0.000000000000000000e+00
2.999089081615370578e+00,2.779166646957397546e+01,1.324987030029297075e-01,3.299999999999999822e+00,3.750000000000000000e+05
3.009823398045077258e+00,2.437838383674621667e+01,1.063749929428100671e+01,3.299999999999999822e+00,0.000000000000000000e+00
3.009873342922701589e+00,2.447827359199524011e+01,1.063749929428100671e+01,3.299999999999999822e+00,3.750000000000000000e+05
3.020607658779616234e+00,2.789155431747436609e+01,1.324987030029297075e-01,3.299999999999999822e+00,0.000000000000000000e+00
3.020657603657240564e+00,2.799144407272338952e+01,1.324987030029297075e-01,3.299999999999999822e+00,3.750000000000000000e+05
3.031391919514155209e+00,2.457816334724426355e+01,1.063749929428100671e+01,3.299999999999999822e+00,0.000000000000000000e+00
3.031441863438105511e+00,2.467805119514465417e+01,1.063749929428100671e+01,3.299999999999999822e+00,3.750000000000000000e+05
3.042176179867812191e+00,2.809133382797241296e+01,1.324987030029297075e-01,3.299999999999999822e+00,0.000000000000000000e+00
3.042226123791762493e+00,2.819122167587280359e+01,1.324987030029297075e-01,3.299999999999999822e+00,3.750000000000000000e+05
3.052960439648677138e+00,2.477794095039367761e+01,1.063749929428100671e+01,3.299999999999999822e+00,0.000000000000000000e+00
3.053010383572627440e+00,2.487782879829406824e+01,1.063749929428100671e+01,3.299999999999999822e+00,3.750000000000000000e+05
3.063744700002334120e+00,2.829111143112182702e+01,1.324987030029297075e-01,3.299999999999999822e+00,0.000000000000000000e+00
3.063794643926284422e+00,2.839099927902221765e+01,1.324987030029297075e-01,3.299999999999999822e+00,3.750000000000000000e+05
3.074528959783199067e+00,2.497771855354309167e+01,1.063749929428100671e+01,3.299999999999999822e+00,0.000000000000000000e+00
3.074578903707149369e+00,2.507760640144348230e+01,1.063749929428100671e+01,3.299999999999999822e+00,3.750000000000000000e+05
3.085313220136856049e+00,2.849088903427124109e+01,1.324987030029297075e-01,3.299999999999999822e+00,0.000000000000000000e+00
3.085363164060806351e+00,2.859077688217163171e+01,1.324987030029297075e-01,3.299999999999999822e+00,3.750000000000000000e+05
3.096097479917720996e+00,2.517749615669250574e+01,1.063749929428100671e+01,3.299999999999999822e+00,0.000000000000000000e+00
3.096147423841671298e+00,2.527738400459289636e+01,1.063749929428100671e+01,3.299999999999999822e+00,3.750000000000000000e+05
3.106881740271377979e+00,2.869066663742065515e+01,1.324987030029297075e-01,3.299999999999999822e+00,0.000000000000000000e+00
3.106931684195328280e+00,2.879055448532104577e+01,1.324987030029297075e-01,3.299999999999999822e+00,3.750000000000000000e+05
3.117666000052242925e+00,2.537727375984191980e+01,1.063749929428100671e+01,3.299999999999999822e+00,0.000000000000000000e+00
3.117715944929867256e+00,2.547716351509094324e+01,1.063749929428100671e+01,3.299999999999999822e+00,3.750000000000000000e+05
3.128450260786781900e+00,2.889044424057006921e+01,1.324987030029297075e-01,3.299999999999999822e+00,0.000000000000000000e+00
3.128500205664406231e+00,2.899033399581909265e+01,1.324987030029297075e-01,3.299999999999999822e+00,3.750000000000000000e+05
3.139234522094112911e+00,2.557705136299133386e+01,1.063749929428100671e+01,3.299999999999999822e+00,0.000000000000000000e+00
3.139284466971737242e+00,2.567694111824035730e+01,1.063749929428100671e+01,3.299999999999999822e+00,3.750000000000000000e+05
3.150018782828651887e+00,2.909022184371948327e+01,1.324987030029297075e-01,3.299999999999999822e+00,0.000000000000000000e+00
3.150068727706276217e+00,2.919011159896850671e+01,1.324987030029297075e-01,3.299999999999999822e+00,3.750000000000000000e+05
3.160803044135982898e+00,2.577682896614074792e+01,1.063749929428100671e+01,3.299999999999999822e+00,0.000000000000000000e+00
3.160852989013607228e+00,2.587671872138977136e+01,1.063749929428100671e+01,3.299999999999999822e+00,3.750000000000000000e+05
3.171587304870521873e+00,2.928999944686889734e+01,1.324987030029297075e-01,3.299999999999999822e+00,0.000000000000000000e+00
3.171637249748146203e+00,2.938988920211792077e+01,1.324987030029297075e-01,3.299999999999999822e+00,3.750000000000000000e+05
3.182371566177852884e+00,2.597660656929016199e+01,1.063749929428100671e+01,3.299999999999999822e+00,0.000000000000000000e+00
3.182421511055477215e+00,2.607649632453918542e+01,1.063749929428100671e+01,3.299999999999999822e+00,3.750000000000000000e+05
3.193155826912391859e+00,2.948977705001831140e+01,1.324987030029297075e-01,3.299999999999999822e+00,0.000000000000000000e+00
3.193205771790016190e+00,2.958966680526733484e+01,1.324987030029297075e-01,3.299999999999999822e+00,3.750000000000000000e+05
3.203940088219722870e+00,2.617638417243957605e+01,1.063749929428100671e+01,3.299999999999999822e+00,0.000000000000000000e+00
3.203990033097347201e+00,2.627627392768859949e+01,1.063749929428100671e+01,3.299999999999999822e+00,3.750000000000000000e+05
3.214724348954261846e+00,2.968955465316772546e+01,1.324987030029297075e-01,3.299999999999999822e+00,0.000000000000000000e+00
3.214774293831886176e+00,2.978944440841674890e+01,1.324987030029297075e-01,3.299999999999999822e+00,3.750000000000000000e+05
3.225508609688800821e+00,2.637616368293762292e+01,1.063749929428100671e+01,3.299999999999999822e+00,0.000000000000000000e+00
3.225558553612751123e+00,2.647605153083801355e+01,1.063749929428100671e+01,3.299999999999999822e+00,3.750000000000000000e+05
3.236292870042457803e+00,2.988933416366577234e+01,1.324987030029297075e-01,3.299999999999999822e+00,0.000000000000000000e+00
3.236342813966408105e+00,2.998922201156616296e+01,1.324987030029297075e-01,3.299999999999999822e+00,3.750000000000000000e+05
3.247077129751723579e+00,2.657594152450561609e+01,1.063749929428100671e+01,3.299999999999999822e+00,0.000000000000000000e+00
3.247127073675673881e+00,2.667582937240600671e+01,1.063749929428100671e+01,3.299999999999999822e+00,3.750000000000000000e+05
3.257861390033781390e+00,3.008911176681518640e+01,1.324987030029297075e-01,3.299999999999999822e+00,0.000000000000000000e+00
3.257911333957731692e+00,3.018899961471557702e+01,1.324987030029297075e-01,3.299999999999999822e+00,3.750000000000000000e+05
3.268645649743047166e+00,2.677571912765503015e+01,1.063749929428100671e+01,3.299999999999999822e+00,0.000000000000000000e+00
3.268695593666997468e+00,2.687560697555542077e+01,1.063749929428100671e+01,3.299999999999999822e+00,3.750000000000000000e+05
3.279429910025104977e+00,3.028888936996460046e+01,1.324987030029297075e-01,3.299999999999999822e+00,0.000000000000000000e+00
3.279479853949055279e+00,3.038877721786499109e+01,1.324987030029297075e-01,3.299999999999999822e+00,3.750000000000000000e+05
3.290214169734370753e+00,2.697549673080444421e+01,1.063749929428100671e+01,3.299999999999999822e+00,0.000000000000000000e+00
3.290264113658321055e+00,2.707538457870483484e+01,1.063749929428100671e+01,3.299999999999999822e+00,3.750000000000000000e+05
3.300998429873230666e+00,3.048866649627685632e+01,1.324987030029297075e-01,3.299999999999999822e+00,0.000000000000000000e+00
3.301048373797180968e+00,3.058855434417724695e+01,1.324987030029297075e-01,3.299999999999999822e+00,3.750000000000000000e+05
3.311782689439298544e+00,2.717527433395385827e+01,1.063749929428100671e+01,3.299999999999999822e+00,0.000000000000000000e+00
3.311832634316922874e+00,2.727516408920288171e+01,1.063749929428100671e+01,3.299999999999999822e+00,3.750000000000000000e+05
3.322566949959040450e+00,3.068844409942627038e+01,1.324987030029297075e-01,3.299999999999999822e+00,0.000000000000000000e+00
3.322616894836664780e+00,3.078833385467529382e+01,1.324987030029297075e-01,3.299999999999999822e+00,3.750000000000000000e+05
3.333351211051574392e+00,2.737505193710327234e+01,1.063749929428100671e+01,3.299999999999999822e+00,0.000000000000000000e+00
3.333401155929198723e+00,2.747494169235229577e+01,1.063749929428100671e+01,3.299999999999999822e+00,3.750000000000000000e+05
3.344135471571316298e+00,3.088822170257568445e+01,1.324987030029297075e-01,3.299999999999999822e+00,0.000000000000000000e+00
3.344185416448940629e+00,3.098811145782470788e+01,1.324987030029297075e-01,3.299999999999999822e+00,3.750000000000000000e+05
3.354919732663850240e+00,2.757482954025268640e+01,1.063749929428100671e+01,3.299999999999999822e+00,0.000000000000000000e+00
3.354969677541474571e+00,2.767471929550170984e+01,1.063749929428100671e+01,3.299999999999999822e+00,3.750000000000000000e+05
3.365703993183592146e+00,3.108799930572509851e+01,1.324987030029297075e-01,3.299999999999999822e+00,0.000000000000000000e+00
3.365753938061216477e+00,3.118788906097412195e+01,1.324987030029297075e-01,3.299999999999999822e+00,3.750000000000000000e+05
3.376488254276126089e+00,2.777460714340210046e+01,1.063749929428100671e+01,3.299999999999999822e+00,0.000000000000000000e+00
3.376538199153750419e+00,2.787449689865112390e+01,1.063749929428100671e+01,3.299999999999999822e+00,3.750000000000000000e+05
3.387272514795867995e+00,3.128777690887451257e+01,1.324987030029297075e-01,3.299999999999999822e+00,0.000000000000000000e+00
3.387322459673492325e+00,3.138766666412353601e+01,1.324987030029297075e-01,3.299999999999999822e+00,3.750000000000000000e+05
3.398056775888401937e+00,2.797438474655151452e+01,1.063749929428100671e+01,3.299999999999999822e+00,0.000000000000000000e+00
3.398106720766026267e+00,2.807427450180053796e+01,1.063749929428100671e+01,3.299999999999999822e+00,3.750000000000000000e+05
3.408841036980935879e+00,3.148755641937255945e+01,1.324987030029297075e-01,3.299999999999999822e+00,0.000000000000000000e+00
3.408890980904886181e+00,3.158744426727295007e+01,1.324987030029297075e-01,3.299999999999999822e+00,3.750000000000000000e+05
3.419625296547003757e+00,2.817416425704956140e+01,1.063749929428100671e+01,3.299999999999999822e+00,0.000000000000000000e+00
3.419675240470954058e+00,2.827405210494995202e+01,1.063749929428100671e+01,3.299999999999999822e+00,3.750000000000000000e+05
3.430409556685863670e+00,3.168733402252197351e+01,1.324987030029297075e-01,3.299999999999999822e+00,0.000000000000000000e+00
3.430459500609813972e+00,3.178722187042236413e+01,1.324987030029297075e-01,3.299999999999999822e+00,3.750000000000000000e+05
3.441193816251931548e+00,2.837394186019897546e+01,1.063749929428100671e+01,3.299999999999999822e+00,0.000000000000000000e+00
3.441243760175881850e+00,2.847382970809936609e+01,1.063749929428100671e+01,3.299999999999999822e+00,3.750000000000000000e+05
3.451978076390791461e+00,3.188711162567138757e+01,1.324987030029297075e-01,3.299999999999999822e+00,0.000000000000000000e+00
3.452028020314741763e+00,3.198699947357177820e+01,1.324987030029297075e-01,3.299999999999999822e+00,3.750000000000000000e+05
3.462762335956859339e+00,2.857371946334838952e+01,1.063749929428100671e+01,3.299999999999999822e+00,0.000000000000000000e+00
3.462812279880809641e+00,2.867360731124878015e+01,1.063749929428100671e+01,3.299999999999999822e+00,3.750000000000000000e+05
3.473546596095719252e+00,3.208688922882080163e+01,1.324987030029297075e-01,3.299999999999999822e+00,0.000000000000000000e+00
3.473596540019669554e+00,3.218677707672119226e+01,1.324987030029297075e-01,3.299999999999999822e+00,3.750000000000000000e+05
3.484330855661787130e+00,2.877349706649780359e+01,1.063749929428100671e+01,3.299999999999999822e+00,0.000000000000000000e+00
3.484380799585737432e+00,2.887338491439819421e+01,1.063749929428100671e+01,3.299999999999999822e+00,3.750000000000000000e+05
3.495115115227855007e+00,3.228666492462158288e+01,1.324987030029297075e-01,3.299999999999999822e+00,0.000000000000000000e+00
3.495165061059153810e+00,3.238655658721923913e+01,1.324987030029297075e-01,3.299999999999999822e+00,3.750000000000000000e+05
3.505899377274063422e+00,2.897327466964721765e+01,1.063749929428100671e+01,3.299999999999999822e+00,0.000000000000000000e+00
3.505949322151687753e+00,2.907316442489624109e+01,1.063749929428100671e+01,3.299999999999999822e+00,3.750000000000000000e+05
3.516683637793805328e+00,3.248644443511962976e+01,1.324987030029297075e-01,3.299999999999999822e+00,0.000000000000000000e+00
3.516733581717755630e+00,3.258633228302002038e+01,1.324987030029297075e-01,3.299999999999999822e+00,3.750000000000000000e+05
3.527467897359873206e+00,2.917305227279663171e+01,1.063749929428100671e+01,3.299999999999999822e+00,0.000000000000000000e+00
3.527517842237497536e+00,2.927294202804565515e+01,1.063749929428100671e+01,3.299999999999999822e+00,3.750000000000000000e+05
3.538252158452407148e+00,3.268622394561767663e+01,1.324987030029297075e-01,3.299999999999999822e+00,0.000000000000000000e+00
3.538302102376357450e+00,3.278611179351806726e+01,1.324987030029297075e-01,3.299999999999999822e+00,3.750000000000000000e+05
3.549036418591267061e+00,2.937282987594604577e+01,1.063749929428100671e+01,3.299999999999999822e+00,0.000000000000000000e+00
3.549086363468891392e+00,2.947271963119506921e+01,1.063749929428100671e+01,3.299999999999999822e+00,3.750000000000000000e+05
3.559820679111008968e+00,3.288599964141845788e+01,1.324987030029297075e-01,3.299999999999999822e+00,0.000000000000000000e+00
3.559870623034959269e+00,3.298588748931884851e+01,1.324987030029297075e-01,3.299999999999999822e+00,3.750000000000000000e+05
3.570604938677076845e+00,2.957260747909545984e+01,1.063749929428100671e+01,3.299999999999999822e+00,0.000000000000000000e+00
3.570654883554701176e+00,2.967249723434448327e+01,1.063749929428100671e+01,3.299999999999999822e+00,3.750000000000000000e+05
3.581389199769610787e+00,3.308577915191650476e+01,1.324987030029297075e-01,3.299999999999999822e+00,0.000000000000000000e+00
3.581439143693561089e+00,3.318566699981689538e+01,1.324987030029297075e-01,3.299999999999999822e+00,3.750000000000000000e+05
3.592173459335678665e+00,2.977238698959350671e+01,1.063749929428100671e+01,3.299999999999999822e+00,0.000000000000000000e+00
3.592223403259628967e+00,2.987227483749389734e+01,1.063749929428100671e+01,3.299999999999999822e+00,3.750000000000000000e+05
3.602957718901746542e+00,3.328555484771728601e+01,1.324987030029297075e-01,3.299999999999999822e+00,0.000000000000000000e+00
3.603007664733045345e+00,3.338544651031494226e+01,1.324987030029297075e-01,3.299999999999999822e+00,3.750000000000000000e+05
3.613741980947954957e+00,2.997216459274292077e+01,1.063749929428100671e+01,3.299999999999999822e+00,0.000000000000000000e+00
3.613791924871905259e+00,3.007205244064331140e+01,1.063749929428100671e+01,3.299999999999999822e+00,3.750000000000000000e+05
3.624526241086814871e+00,3.348533435821533288e+01,1.324987030029297075e-01,3.299999999999999822e+00,0.000000000000000000e+00
3.624576185010765172e+00,3.358522220611572351e+01,1.324987030029297075e-01,3.299999999999999822e+00,3.750000000000000000e+05
3.635310500652882748e+00,3.017194219589233484e+01,1.063749929428100671e+01,3.299999999999999822e+00,0.000000000000000000e+00
3.635360444576833050e+00,3.027183004379272546e+01,1.063749929428100671e+01,3.299999999999999822e+00,3.750000000000000000e+05
3.646094760218950626e+00,3.368511005401611413e+01,1.324987030029297075e-01,3.299999999999999822e+00,0.000000000000000000e+00
3.646144706050249429e+00,3.378500171661377038e+01,1.324987030029297075e-01,3.299999999999999822e+00,3.750000000000000000e+05
3.656879022265159040e+00,3.037171979904174890e+01,1.063749929428100671e+01,3.299999999999999822e+00,0.000000000000000000e+00
3.656928966189109342e+00,3.047160764694213952e+01,1.063749929428100671e+01,3.299999999999999822e+00,3.750000000000000000e+05
3.667663282404018954e+00,3.388488956451416101e+01,1.324987030029297075e-01,3.299999999999999822e+00,0.000000000000000000e+00
3.667713226327969256e+00,3.398477741241455163e+01,1.324987030029297075e-01,3.299999999999999822e+00,3.750000000000000000e+05
3.678447542113284729e+00,3.057149692535400476e+01,1.063749929428100671e+01,3.299999999999999822e+00,0.000000000000000000e+00
3.678497486990909060e+00,3.067138668060302820e+01,1.063749929428100671e+01,3.299999999999999822e+00,3.750000000000000000e+05
3.689231803349016570e+00,3.408466907501220788e+01,1.324987030029297075e-01,3.299999999999999822e+00,0.000000000000000000e+00
3.689281747272966872e+00,3.418455692291259851e+01,1.324987030029297075e-01,3.299999999999999822e+00,3.750000000000000000e+05
3.700016063631074381e+00,3.077127452850341882e+01,1.063749929428100671e+01,3.299999999999999822e+00,0.000000000000000000e+00
3.700066008508698712e+00,3.087116428375244226e+01,1.063749929428100671e+01,3.299999999999999822e+00,3.750000000000000000e+05
3.710800324294014185e+00,3.428444477081298913e+01,1.324987030029297075e-01,3.299999999999999822e+00,0.000000000000000000e+00
3.710850268217964487e+00,3.438433261871337976e+01,1.324987030029297075e-01,3.299999999999999822e+00,3.750000000000000000e+05
3.721584584003279961e+00,3.097105213165283288e+01,1.063749929428100671e+01,3.299999999999999822e+00,0.000000000000000000e+00
3.721634528880904291e+00,3.107094188690185632e+01,1.063749929428100671e+01,3.299999999999999822e+00,3.750000000000000000e+05
3.732368845239011801e+00,3.448422428131103601e+01,1.324987030029297075e-01,3.299999999999999822e+00,0.000000000000000000e+00
3.732418789162962103e+00,3.458411212921142663e+01,1.324987030029297075e-01,3.299999999999999822e+00,3.750000000000000000e+05
3.743153105521069612e+00,3.117082973480224695e+01,1.063749929428100671e+01,3.299999999999999822e+00,0.000000000000000000e+00
3.743203050398693943e+00,3.127071949005127038e+01,1.063749929428100671e+01,3.299999999999999822e+00,3.750000000000000000e+05
3.753937366184009417e+00,3.468399997711181726e+01,1.324987030029297075e-01,3.299999999999999822e+00,0.000000000000000000e+00
3.753987310107959718e+00,3.478388782501220788e+01,1.324987030029297075e-01,3.299999999999999822e+00,3.750000000000000000e+05
3.764721625893275192e+00,3.137060733795166101e+01,1.063749929428100671e+01,3.299999999999999822e+00,0.000000000000000000e+00
3.764771570770899523e+00,3.147049709320068445e+01,1.063749929428100671e+01,3.299999999999999822e+00,3.750000000000000000e+05
3.775505887129007032e+00,3.488377948760986413e+01,1.324987030029297075e-01,3.299999999999999822e+00,0.000000000000000000e+00
3.775555831052957334e+00,3.498366733551025476e+01,1.324987030029297075e-01,3.299999999999999822e+00,3.750000000000000000e+05
3.786290146838272808e+00,3.157038684844970788e+01,1.063749929428100671e+01,3.299999999999999822e+00,0.000000000000000000e+00
3.786340090762223110e+00,3.167027469635009851e+01,1.063749929428100671e+01,3.299999999999999822e+00,3.750000000000000000e+05
3.797074406547538583e+00,3.508355518341064538e+01,1.324987030029297075e-01,3.299999999999999822e+00,0.000000000000000000e+00
3.797124352378837386e+00,3.518344684600830163e+01,1.324987030029297075e-01,3.299999999999999822e+00,3.750000000000000000e+05
3.807858668736944896e+00,3.177016445159912195e+01,1.063749929428100671e+01,3.299999999999999822e+00,0.000000000000000000e+00
3.807908612660895198e+00,3.187005229949951257e+01,1.063749929428100671e+01,3.299999999999999822e+00,3.750000000000000000e+05
3.818642929019002707e+00,3.528333469390869226e+01,1.324987030029297075e-01,3.299999999999999822e+00,0.000000000000000000e+00
3.818692872942953009e+00,3.538322254180908288e+01,1.324987030029297075e-01,3.299999999999999822e+00,3.750000000000000000e+05
3.829427188728268483e+00,3.196994205474853601e+01,1.063749929428100671e+01,3.299999999999999822e+00,0.000000000000000000e+00
3.829477132652218785e+00,3.206982990264892663e+01,1.063749929428100671e+01,3.299999999999999822e+00,3.750000000000000000e+05
3.840211448437534258e+00,3.548311038970947351e+01,1.324987030029297075e-01,3.299999999999999822e+00,0.000000000000000000e+00
3.840261394268833062e+00,3.558300205230712976e+01,1.324987030029297075e-01,3.299999999999999822e+00,3.750000000000000000e+05
3.850995710626940571e+00,3.216971965789795007e+01,1.063749929428100671e+01,3.299999999999999822e+00,0.000000000000000000e+00
3.851045655504564902e+00,3.226960941314697351e+01,1.063749929428100671e+01,3.299999999999999822e+00,3.750000000000000000e+05
3.861779971289880375e+00,3.568288990020752038e+01,1.324987030029297075e-01,3.299999999999999822e+00,0.000000000000000000e+00
3.861829915213830677e+00,3.578277774810791101e+01,1.324987030029297075e-01,3.299999999999999822e+00,3.750000000000000000e+05
3.872564230999146151e+00,3.236949726104736413e+01,1.063749929428100671e+01,3.299999999999999822e+00,0.000000000000000000e+00
3.872614174923096453e+00,3.246938510894775476e+01,1.063749929428100671e+01,3.299999999999999822e+00,3.750000000000000000e+05
3.883348491853996443e+00,3.588266941070556726e+01,1.324987030029297075e-01,3.299999999999999822e+00,0.000000000000000000e+00
3.883398435777946744e+00,3.598255725860595788e+01,1.324987030029297075e-01,3.299999999999999822e+00,3.750000000000000000e+05
3.894132751563262218e+00,3.256927677154541101e+01,1.063749929428100671e+01,3.299999999999999822e+00,0.000000000000000000e+00
3.894182695487212520e+00,3.266916461944580163e+01,1.063749929428100671e+01,3.299999999999999822e+00,3.750000000000000000e+05
3.904917011272527994e+00,3.608244510650634851e+01,1.324987030029297075e-01,3.299999999999999822e+00,0.000000000000000000e+00
3.904966955196478295e+00,3.618233295440673913e+01,1.324987030029297075e-01,3.299999999999999822e+00,3.750000000000000000e+05
3.915701270981793769e+00,3.276905246734619226e+01,1.063749929428100671e+01,3.299999999999999822e+00,0.000000000000000000e+00
3.915751214905744071e+00,3.286894031524658288e+01,1.063749929428100671e+01,3.299999999999999822e+00,3.750000000000000000e+05
3.926485531836644061e+00,3.628222461700439538e+01,1.324987030029297075e-01,3.299999999999999822e+00,0.000000000000000000e+00
3.926535475760594363e+00,3.638211246490478601e+01,1.324987030029297075e-01,3.299999999999999822e+00,3.750000000000000000e+05
3.937269791545909836e+00,3.296883197784423913e+01,1.063749929428100671e+01,3.299999999999999822e+00,0.000000000000000000e+00
3.937319735469860138e+00,3.306871982574462976e+01,1.063749929428100671e+01,3.299999999999999822e+00,3.750000000000000000e+05
3.948054051255175612e+00,3.648200031280517663e+01,1.324987030029297075e-01,3.299999999999999822e+00,0.000000000000000000e+00
3.948103995179125913e+00,3.658188816070556726e+01,1.324987030029297075e-01,3.299999999999999822e+00,3.750000000000000000e+05
3.958838310964441387e+00,3.316860767364502038e+01,1.063749929428100671e+01,3.299999999999999822e+00,0.000000000000000000e+00
3.958888256795740190e+00,3.326849933624267663e+01,1.063749929428100671e+01,3.299999999999999822e+00,3.750000000000000000e+05
3.969622572581055664e+00,3.668177982330322351e+01,1.324987030029297075e-01,3.299999999999999822e+00,0.000000000000000000e+00
3.969672516505005966e+00,3.678166767120361413e+01,1.324987030029297075e-01,3.299999999999999822e+00,3.750000000000000000e+05
3.980406832290321439e+00,3.336838718414306726e+01,1.063749929428100671e+01,3.299999999999999822e+00,0.000000000000000000e+00
3.980456776214271741e+00,3.346827503204345788e+01,1.063749929428100671e+01,3.299999999999999822e+00,3.750000000000000000e+05
3.991191091999587215e+00,3.688155551910400476e+01,1.324987030029297075e-01,3.299999999999999822e+00,0.000000000000000000e+00
3.991241037830886018e+00,3.698144718170166101e+01,1.324987030029297075e-01,3.299999999999999822e+00,3.750000000000000000e+05
4.001975354761786008e+00,3.356816287994384851e+01,1.063749929428100671e+01,3.299999999999999822e+00,0.000000000000000000e+00
4.002025300593085255e+00,3.366805454254150476e+01,1.063749929428100671e+01,3.299999999999999822e+00,3.750000000000000000e+05
4.012759616378400729e+00,3.708133502960205163e+01,1.324987030029297075e-01,3.299999999999999822e+00,0.000000000000000000e+00
4.012809560302351031e+00,3.718122287750244226e+01,1.324987030029297075e-01,3.299999999999999822e+00,3.750000000000000000e+05
4.023543876087666504e+00,3.376794239044189538e+01,1.063749929428100671e+01,3.299999999999999822e+00,0.000000000000000000e+00
4.023593820011616806e+00,3.386783023834228601e+01,1.063749929428100671e+01,3.299999999999999822e+00,3.750000000000000000e+05
4.034328135796932280e+00,3.728111072540283288e+01,1.324987030029297075e-01,3.299999999999999822e+00,0.000000000000000000e+00
4.034378081628231527e+00,3.738100238800048913e+01,1.324987030029297075e-01,3.299999999999999822e+00,3.750000000000000000e+05
4.045112398559131961e+00,3.396771808624267663e+01,1.063749929428100671e+01,3.299999999999999822e+00,0.000000000000000000e+00
4.045162344390431208e+00,3.406760974884033288e+01,1.063749929428100671e+01,3.299999999999999822e+00,3.750000000000000000e+05
4.055896660175746682e+00,3.748089023590087976e+01,1.324987030029297075e-01,3.299999999999999822e+00,0.000000000000000000e+00
4.055946604099696984e+00,3.758077808380127038e+01,1.324987030029297075e-01,3.299999999999999822e+00,3.750000000000000000e+05
4.066680919885012457e+00,3.416749759674072351e+01,1.063749929428100671e+01,3.299999999999999822e+00,0.000000000000000000e+00
4.066730863808962759e+00,3.426738544464111413e+01,1.063749929428100671e+01,3.299999999999999822e+00,3.750000000000000000e+05
4.077465180739863193e+00,3.768066974639892663e+01,1.324987030029297075e-01,3.299999999999999822e+00,0.000000000000000000e+00
4.077515124663813495e+00,3.778055759429931726e+01,1.324987030029297075e-01,3.299999999999999822e+00,3.750000000000000000e+05
4.088249440449128969e+00,3.436727710723877038e+01,1.063749929428100671e+01,3.299999999999999822e+00,0.000000000000000000e+00
4.088299384373079270e+00,3.446716495513916101e+01,1.063749929428100671e+01,3.299999999999999822e+00,3.750000000000000000e+05
4.099033700158394744e+00,3.788044544219970788e+01,1.324987030029297075e-01,3.299999999999999822e+00,0.000000000000000000e+00
4.099083644082345046e+00,3.798033329010009851e+01,1.324987030029297075e-01,3.299999999999999822e+00,3.750000000000000000e+05
4.109817959867660520e+00,3.456705280303955163e+01,1.063749929428100671e+01,3.299999999999999822e+00,0.000000000000000000e+00
4.109867903791610821e+00,3.466694065093994226e+01,1.063749929428100671e+01,3.299999999999999822e+00,3.750000000000000000e+05
4.120602220722511255e+00,3.808022495269775476e+01,1.324987030029297075e-01,3.299999999999999822e+00,0.000000000000000000e+00
4.120652164646461557e+00,3.818011280059814538e+01,1.324987030029297075e-01,3.299999999999999822e+00,3.750000000000000000e+05
4.131386480431777031e+00,3.476683231353759851e+01,1.063749929428100671e+01,3.299999999999999822e+00,0.000000000000000000e+00
4.131436424355727333e+00,3.486672016143798913e+01,1.063749929428100671e+01,3.299999999999999822e+00,3.750000000000000000e+05
4.142170740141042806e+00,3.828000064849853601e+01,1.324987030029297075e-01,3.299999999999999822e+00,0.000000000000000000e+00
4.142220684064993108e+00,3.837988849639892663e+01,1.324987030029297075e-01,3.299999999999999822e+00,3.750000000000000000e+05
4.152954999850308582e+00,3.496660800933837976e+01,1.063749929428100671e+01,3.299999999999999822e+00,0.000000000000000000e+00
4.153004945681607829e+00,3.506649967193603601e+01,1.063749929428100671e+01,3.299999999999999822e+00,3.750000000000000000e+05
4.163739261466923303e+00,3.847978015899658288e+01,1.324987030029297075e-01,3.299999999999999822e+00,0.000000000000000000e+00
4.163789205867710841e+00,3.857966896057128992e+01,1.324987030029297075e-01,3.299999999999999822e+00,3.750000000000000000e+05
4.174523521939422110e+00,3.516638751983642663e+01,1.063749929428100671e+01,3.299999999999999822e+00,0.000000000000000000e+00
4.174573465863372412e+00,3.526627536773681726e+01,1.063749929428100671e+01,3.299999999999999822e+00,3.750000000000000000e+05
4.185307781935083682e+00,3.867955680847168054e+01,1.324987030029297075e-01,3.299999999999999822e+00,0.000000000000000000e+00
4.185357727766382929e+00,3.877944847106933679e+01,1.324987030029297075e-01,3.299999999999999822e+00,3.750000000000000000e+05
4.196092044983679159e+00,3.536616321563720788e+01,1.063749929428100671e+01,3.299999999999999822e+00,0.000000000000000000e+00
4.196141990814978406e+00,3.546605487823486413e+01,1.063749929428100671e+01,3.299999999999999822e+00,3.750000000000000000e+05
4.206876306886689676e+00,3.887933631896972742e+01,1.324987030029297075e-01,3.299999999999999822e+00,0.000000000000000000e+00
4.206926250810639978e+00,3.897922416687011804e+01,1.324987030029297075e-01,3.299999999999999822e+00,3.750000000000000000e+05
4.217660566882351247e+00,3.556594272613525476e+01,1.063749929428100671e+01,3.299999999999999822e+00,0.000000000000000000e+00
4.217710510806301549e+00,3.566583057403564538e+01,1.063749929428100671e+01,3.299999999999999822e+00,3.750000000000000000e+05
4.228444826878012819e+00,3.907911201477050867e+01,1.324987030029297075e-01,3.299999999999999822e+00,0.000000000000000000e+00
4.228494772709312066e+00,3.917900367736816492e+01,1.324987030029297075e-01,3.299999999999999822e+00,3.750000000000000000e+05
4.239229089926608296e+00,3.576571842193603601e+01,1.063749929428100671e+01,3.299999999999999822e+00,0.000000000000000000e+00
4.239279035757907543e+00,3.586561008453369226e+01,1.063749929428100671e+01,3.299999999999999822e+00,3.750000000000000000e+05
4.250013351829618813e+00,3.927889152526855554e+01,1.324987030029297075e-01,3.299999999999999822e+00,0.000000000000000000e+00
4.250063295753569115e+00,3.937877937316894617e+01,1.324987030029297075e-01,3.299999999999999822e+00,3.750000000000000000e+05
4.260797611825280384e+00,3.596549793243408288e+01,1.063749929428100671e+01,3.299999999999999822e+00,0.000000000000000000e+00
4.260847555749230686e+00,3.606538578033447351e+01,1.063749929428100671e+01,3.299999999999999822e+00,3.750000000000000000e+05
4.271581872966526916e+00,3.947867103576660242e+01,1.324987030029297075e-01,3.299999999999999822e+00,0.000000000000000000e+00
4.271631816890477218e+00,3.957855888366699304e+01,1.324987030029297075e-01,3.299999999999999822e+00,3.750000000000000000e+05
4.282366132962188487e+00,3.616527744293212976e+01,1.063749929428100671e+01,3.299999999999999822e+00,0.000000000000000000e+00
4.282416076886138789e+00,3.626516529083252038e+01,1.063749929428100671e+01,3.299999999999999822e+00,3.750000000000000000e+05
4.293150392957850059e+00,3.967844673156738367e+01,1.324987030029297075e-01,3.299999999999999822e+00,0.000000000000000000e+00
4.293200336881800361e+00,3.977833457946777429e+01,1.324987030029297075e-01,3.299999999999999822e+00,3.750000000000000000e+05
4.303934652953511630e+00,3.636505313873291101e+01,1.063749929428100671e+01,3.299999999999999822e+00,0.000000000000000000e+00
4.303984596877461932e+00,3.646494098663330163e+01,1.063749929428100671e+01,3.299999999999999822e+00,3.750000000000000000e+05
4.314718914094758162e+00,3.987822624206543054e+01,1.324987030029297075e-01,3.299999999999999822e+00,0.000000000000000000e+00
4.314768858018708464e+00,3.997811408996582117e+01,1.324987030029297075e-01,3.299999999999999822e+00,3.750000000000000000e+05
4.325503174090419733e+00,3.656483264923095788e+01,1.063749929428100671e+01,3.299999999999999822e+00,0.000000000000000000e+00
4.325553118014370035e+00,3.666472049713134851e+01,1.063749929428100671e+01,3.299999999999999822e+00,3.750000000000000000e+05
4.336287434086081305e+00,4.007800193786621179e+01,1.324987030029297075e-01,3.299999999999999822e+00,0.000000000000000000e+00
4.336337379917380552e+00,4.017789360046386804e+01,1.324987030029297075e-01,3.299999999999999822e+00,3.750000000000000000e+05
4.347071697134676782e+00,3.676460834503173913e+01,1.063749929428100671e+01,3.299999999999999822e+00,0.000000000000000000e+00
4.347121642965976029e+00,3.686450000762939538e+01,1.063749929428100671e+01,3.299999999999999822e+00,3.750000000000000000e+05
4.357855959037687299e+00,4.027778144836425867e+01,1.324987030029297075e-01,3.299999999999999822e+00,0.000000000000000000e+00
4.357905902961637601e+00,4.037766929626464929e+01,1.324987030029297075e-01,3.299999999999999822e+00,3.750000000000000000e+05
4.368640219033348870e+00,3.696438785552978601e+01,1.063749929428100671e+01,3.299999999999999822e+00,0.000000000000000000e+00
4.368690162957299172e+00,3.706427570343017663e+01,1.063749929428100671e+01,3.299999999999999822e+00,3.750000000000000000e+05
4.379424479029010442e+00,4.047755714416503992e+01,1.324987030029297075e-01,3.299999999999999822e+00,0.000000000000000000e+00
4.379474424860309689e+00,4.057744880676269617e+01,1.324987030029297075e-01,3.299999999999999822e+00,3.750000000000000000e+05
4.390208742077605919e+00,3.716416355133056726e+01,1.063749929428100671e+01,3.299999999999999822e+00,0.000000000000000000e+00
4.390258687908905166e+00,3.726405521392822351e+01,1.063749929428100671e+01,3.299999999999999822e+00,3.750000000000000000e+05
4.400993003980616436e+00,4.067733665466308679e+01,1.324987030029297075e-01,3.299999999999999822e+00,0.000000000000000000e+00
4.401042947904566738e+00,4.077722450256347742e+01,1.324987030029297075e-01,3.299999999999999822e+00,3.750000000000000000e+05
4.411777263976278007e+00,3.736394306182861413e+01,1.063749929428100671e+01,3.299999999999999822e+00,0.000000000000000000e+00
4.411827207900228309e+00,3.746383090972900476e+01,1.063749929428100671e+01,3.299999999999999822e+00,3.750000000000000000e+05
4.422561523971939579e+00,4.087711235046386804e+01,1.324987030029297075e-01,3.299999999999999822e+00,0.000000000000000000e+00
4.422611469803238826e+00,4.097700401306152429e+01,1.324987030029297075e-01,3.299999999999999822e+00,3.750000000000000000e+05
4.433345787020535056e+00,3.756371875762939538e+01,1.063749929428100671e+01,3.299999999999999822e+00,0.000000000000000000e+00
4.433395732851834303e+00,3.766361042022705163e+01,1.063749929428100671e+01,3.299999999999999822e+00,3.750000000000000000e+05
4.444130048923545573e+00,4.107689186096191492e+01,1.324987030029297075e-01,3.299999999999999822e+00,0.000000000000000000e+00
4.444179992847495875e+00,4.117677970886230554e+01,1.324987030029297075e-01,3.299999999999999822e+00,3.750000000000000000e+05
4.454914308919207144e+00,3.776349826812744226e+01,1.063749929428100671e+01,3.299999999999999822e+00,0.000000000000000000e+00
4.454964252843157446e+00,3.786338611602783288e+01,1.063749929428100671e+01,3.299999999999999822e+00,3.750000000000000000e+05
4.465698570060453676e+00,4.127667137145996179e+01,1.324987030029297075e-01,3.299999999999999822e+00,0.000000000000000000e+00
4.465748513984403978e+00,4.137655921936035242e+01,1.324987030029297075e-01,3.299999999999999822e+00,3.750000000000000000e+05
4.476482830056115247e+00,3.796327777862548913e+01,1.063749929428100671e+01,3.299999999999999822e+00,0.000000000000000000e+00
4.476532773980065549e+00,3.806316562652587976e+01,1.063749929428100671e+01,3.299999999999999822e+00,3.750000000000000000e+05
4.487267090051776819e+00,4.147644706726074304e+01,1.324987030029297075e-01,3.299999999999999822e+00,0.000000000000000000e+00
4.487317033975727121e+00,4.157633491516113367e+01,1.324987030029297075e-01,3.299999999999999822e+00,3.750000000000000000e+05
4.498051350047438390e+00,3.816305347442627038e+01,1.063749929428100671e+01,3.299999999999999822e+00,0.000000000000000000e+00
4.498101293971388692e+00,3.826294132232666101e+01,1.063749929428100671e+01,3.299999999999999822e+00,3.750000000000000000e+05
4.508835611188684922e+00,4.167622657775878992e+01,1.324987030029297075e-01,3.299999999999999822e+00,0.000000000000000000e+00
4.508885555112635224e+00,4.177611442565918054e+01,1.324987030029297075e-01,3.299999999999999822e+00,3.750000000000000000e+05
4.519619871184346493e+00,3.836283298492431726e+01,1.063749929428100671e+01,3.299999999999999822e+00,0.000000000000000000e+00
4.519669815108296795e+00,3.846272083282470788e+01,1.063749929428100671e+01,3.299999999999999822e+00,3.750000000000000000e+05
4.530404131180008065e+00,4.187600227355957117e+01,1.324987030029297075e-01,3.299999999999999822e+00,0.000000000000000000e+00
4.530454077011307312e+00,4.197589393615722742e+01,1.324987030029297075e-01,3.299999999999999822e+00,3.750000000000000000e+05
4.541188393942207746e+00,3.856260963439941492e+01,1.063749929428100671e+01,3.299999999999999822e+00,0.000000000000000000e+00
4.541238339773506993e+00,3.866250129699707117e+01,1.063749929428100671e+01,3.299999999999999822e+00,3.750000000000000000e+05
4.551972655558822467e+00,4.207578178405761804e+01,1.324987030029297075e-01,3.299999999999999822e+00,0.000000000000000000e+00
4.552022599482772769e+00,4.217566963195800867e+01,1.324987030029297075e-01,3.299999999999999822e+00,3.750000000000000000e+05
4.562756915268088242e+00,3.876238914489746179e+01,1.063749929428100671e+01,3.299999999999999822e+00,0.000000000000000000e+00
4.562806859192038544e+00,3.886227699279785242e+01,1.063749929428100671e+01,3.299999999999999822e+00,3.750000000000000000e+05
4.573541174977354018e+00,4.227555747985839929e+01,1.324987030029297075e-01,3.299999999999999822e+00,0.000000000000000000e+00
4.573591120808653265e+00,4.237544914245605554e+01,1.324987030029297075e-01,3.299999999999999822e+00,3.750000000000000000e+05
4.584325437739553699e+00,3.896216484069824304e+01,1.063749929428100671e+01,3.299999999999999822e+00,0.000000000000000000e+00
4.584375383570852946e+00,3.906205650329589929e+01,1.063749929428100671e+01,3.299999999999999822e+00,3.750000000000000000e+05
4.595109699356168420e+00,4.247533699035644617e+01,1.324987030029297075e-01,3.299999999999999822e+00,0.000000000000000000e+00
4.595159643280118722e+00,4.257522483825683679e+01,1.324987030029297075e-01,3.299999999999999822e+00,3.750000000000000000e+05
4.605893959065434196e+00,3.916194435119628992e+01,1.063749929428100671e+01,3.299999999999999822e+00,0.000000000000000000e+00
4.605943902989384497e+00,3.926183219909668054e+01,1.063749929428100671e+01,3.299999999999999822e+00,3.750000000000000000e+05
4.616678218774699971e+00,4.267511268615722742e+01,1.324987030029297075e-01,3.299999999999999822e+00,0.000000000000000000e+00
4.616728164605999218e+00,4.277500434875488367e+01,1.324987030029297075e-01,3.299999999999999822e+00,3.750000000000000000e+05
4.627462480391314692e+00,3.936172386169433679e+01,1.063749929428100671e+01,3.299999999999999822e+00,0.000000000000000000e+00
4.627512424315264994e+00,3.946161170959472742e+01,1.063749929428100671e+01,3.299999999999999822e+00,3.750000000000000000e+05
4.638246740100580467e+00,4.287489219665527429e+01,1.324987030029297075e-01,3.299999999999999822e+00,0.000000000000000000e+00
4.638296684024530769e+00,4.297478004455566492e+01,1.324987030029297075e-01,3.299999999999999822e+00,3.750000000000000000e+05
4.649030999809846243e+00,3.956149955749511804e+01,1.063749929428100671e+01,3.299999999999999822e+00,0.000000000000000000e+00
4.649080943733796545e+00,3.966138740539550867e+01,1.063749929428100671e+01,3.299999999999999822e+00,3.750000000000000000e+05
4.659815260664696979e+00,4.307467170715332117e+01,1.324987030029297075e-01,3.299999999999999822e+00,0.000000000000000000e+00
4.659865204588647281e+00,4.317455955505371179e+01,1.324987030029297075e-01,3.299999999999999822e+00,3.750000000000000000e+05
4.670599520373962754e+00,3.976127906799316492e+01,1.063749929428100671e+01,3.299999999999999822e+00,0.000000000000000000e+00
4.670649464297913056e+00,3.986116691589355554e+01,1.063749929428100671e+01,3.299999999999999822e+00,3.750000000000000000e+05
4.681383780083228530e+00,4.327444740295410242e+01,1.324987030029297075e-01,3.299999999999999822e+00,0.000000000000000000e+00
4.681433724007178832e+00,4.337433525085449304e+01,1.324987030029297075e-01,3.299999999999999822e+00,3.750000000000000000e+05
4.692168039792494305e+00,3.996105476379394617e+01,1.063749929428100671e+01,3.299999999999999822e+00,0.000000000000000000e+00
4.692217983716444607e+00,4.006094261169433679e+01,1.063749929428100671e+01,3.299999999999999822e+00,3.750000000000000000e+05
4.702952300647345041e+00,4.347422691345214929e+01,1.324987030029297075e-01,3.299999999999999822e+00,0.000000000000000000e+00
4.703002244571295343e+00,4.357411476135253992e+01,1.324987030029297075e-01,3.299999999999999822e+00,3.750000000000000000e+05
4.713736560356610816e+00,4.016083427429199304e+01,1.063749929428100671e+01,3.299999999999999822e+00,0.000000000000000000e+00
4.713786504280561118e+00,4.026072212219238367e+01,1.063749929428100671e+01,3.299999999999999822e+00,3.750000000000000000e+05
4.724520820065876592e+00,4.367400260925293054e+01,1.324987030029297075e-01,3.299999999999999822e+00,0.000000000000000000e+00
4.724570765897175839e+00,4.377389427185058679e+01,1.324987030029297075e-01,3.299999999999999822e+00,3.750000000000000000e+05
4.735305082828076273e+00,4.036060997009277429e+01,1.063749929428100671e+01,3.299999999999999822e+00,0.000000000000000000e+00
4.735355028659375520e+00,4.046050163269043054e+01,1.063749929428100671e+01,3.299999999999999822e+00,3.750000000000000000e+05
4.746089344444690994e+00,4.387378211975097742e+01,1.324987030029297075e-01,3.299999999999999822e+00,0.000000000000000000e+00
4.746139288368641296e+00,4.397366996765136804e+01,1.324987030029297075e-01,3.299999999999999822e+00,3.750000000000000000e+05
4.756873604153956769e+00,4.056038948059082117e+01,1.063749929428100671e+01,3.299999999999999822e+00,0.000000000000000000e+00
4.756923548077907071e+00,4.066027732849121179e+01,1.063749929428100671e+01,3.299999999999999822e+00,3.750000000000000000e+05
4.767657863863222545e+00,4.407355781555175867e+01,1.324987030029297075e-01,3.299999999999999822e+00,0.000000000000000000e+00
4.767707809694521792e+00,4.417344947814941492e+01,1.324987030029297075e-01,3.299999999999999822e+00,3.750000000000000000e+05
4.778442126625422226e+00,4.076016517639160242e+01,1.063749929428100671e+01,3.299999999999999822e+00,0.000000000000000000e+00
4.778492072456721473e+00,4.086005683898925867e+01,1.063749929428100671e+01,3.299999999999999822e+00,3.750000000000000000e+05
4.789226388242036947e+00,4.427333732604980554e+01,1.324987030029297075e-01,3.299999999999999822e+00,0.000000000000000000e+00
4.789276332165987249e+00,4.437322517395019617e+01,1.324987030029297075e-01,3.299999999999999822e+00,3.750000000000000000e+05
4.800010647951302722e+00,4.095994468688964929e+01,1.063749929428100671e+01,3.299999999999999822e+00,0.000000000000000000e+00
4.800060591875253024e+00,4.105983253479003992e+01,1.063749929428100671e+01,3.299999999999999822e+00,3.750000000000000000e+05
4.810794907660568498e+00,4.447311302185058679e+01,1.324987030029297075e-01,3.299999999999999822e+00,0.000000000000000000e+00
4.810844853491867745e+00,4.457300468444824304e+01,1.324987030029297075e-01,3.299999999999999822e+00,3.750000000000000000e+05
4.821579169277183219e+00,4.115972419738769617e+01,1.063749929428100671e+01,3.299999999999999822e+00,0.000000000000000000e+00
4.821629113201133521e+00,4.125961204528808679e+01,1.063749929428100671e+01,3.299999999999999822e+00,3.750000000000000000e+05
4.832363428986448994e+00,4.467289253234863367e+01,1.324987030029297075e-01,3.299999999999999822e+00,0.000000000000000000e+00
4.832413372910399296e+00,4.477278038024902429e+01,1.324987030029297075e-01,3.299999999999999822e+00,3.750000000000000000e+05
4.843147688695714770e+00,4.135949989318847742e+01,1.063749929428100671e+01,3.299999999999999822e+00,0.000000000000000000e+00
4.843197632619665072e+00,4.145938774108886804e+01,1.063749929428100671e+01,3.299999999999999822e+00,3.750000000000000000e+05
4.853821342455744592e+00,4.483750053405761804e+01,2.407426452636718950e-01,3.299999999999999822e+00,0.000000000000000000e+00
4.853975055682062667e+00,4.483750053405761804e+01,5.481690979003905895e-01,3.299999999999999822e+00,3.750000000000000000e+05
4.864284627371979752e+00,4.155927940368652429e+01,1.063749929428100671e+01,3.299999999999999822e+00,0.000000000000000000e+00
4.864334571295930054e+00,4.165916725158691492e+01,1.063749929428100671e+01,3.299999999999999822e+00,3.750000000000000000e+05
4.874330005985269665e+00,4.483750053405761804e+01,8.555955505371093395e-01,3.299999999999999822e+00,0.000000000000000000e+00
4.874483719211587740e+00,4.483750053405761804e+01,1.163022003173828089e+00,3.299999999999999822e+00,3.750000000000000000e+05
4.884165016900349876e+00,4.175905509948730554e+01,1.063749929428100671e+01,3.299999999999999822e+00,0.000000000000000000e+00
4.884214960824300178e+00,4.185894294738769617e+01,1.063749929428100671e+01,3.299999999999999822e+00,3.750000000000000000e+05
4.893582121512484839e+00,4.483750053405761804e+01,1.470448455810546839e+00,3.299999999999999822e+00,0.000000000000000000e+00
4.893735834738802915e+00,4.483750053405761804e+01,1.777874908447265589e+00,3.299999999999999822e+00,3.750000000000000000e+05
4.902788857280825141e+00,4.195883460998535242e+01,1.063749929428100671e+01,3.299999999999999822e+00,0.000000000000000000e+00
4.902838801204775443e+00,4.205872245788574304e+01,1.063749929428100671e+01,3.299999999999999822e+00,3.750000000000000000e+05
4.911577686746220195e+00,4.483750053405761804e+01,2.085301361083984339e+00,3.299999999999999822e+00,0.000000000000000000e+00
4.911731399972538270e+00,4.483750053405761804e+01,2.392727813720703089e+00,3.299999999999999822e+00,3.750000000000000000e+05
4.920156148513405547e+00,4.215861030578613367e+01,1.063749929428100671e+01,3.299999999999999822e+00,0.000000000000000000e+00
4.920206094344704795e+00,4.225850196838378992e+01,1.063749929428100671e+01,3.299999999999999822e+00,3.750000000000000000e+05
4.928316704739409637e+00,4.483750053405761804e+01,2.700154266357421839e+00,3.299999999999999822e+00,0.000000000000000000e+00
4.928470417965727712e+00,4.483750053405761804e+01,3.007580718994140589e+00,3.299999999999999822e+00,3.750000000000000000e+05
4.936266891359855080e+00,4.235838981628418054e+01,1.063749929428100671e+01,3.299999999999999822e+00,0.000000000000000000e+00
4.936316835283805382e+00,4.245827766418457117e+01,1.063749929428100671e+01,3.299999999999999822e+00,3.750000000000000000e+05
4.943799171677355275e+00,4.483750053405761804e+01,3.315007171630859339e+00,3.299999999999999822e+00,0.000000000000000000e+00
4.943952884903673350e+00,4.483750053405761804e+01,3.622433624267578089e+00,3.299999999999999822e+00,3.750000000000000000e+05
4.951121084296645769e+00,4.255816551208496179e+01,1.063749929428100671e+01,3.299999999999999822e+00,0.000000000000000000e+00
4.951171030127945016e+00,4.265805717468261804e+01,1.063749929428100671e+01,3.299999999999999822e+00,3.750000000000000000e+05
4.958025091374755000e+00,4.483750053405761804e+01,3.929860076904296839e+00,3.299999999999999822e+00,0.000000000000000000e+00
4.958178804601073075e+00,4.483750053405761804e+01,4.237286529541015589e+00,3.299999999999999822e+00,3.750000000000000000e+05
4.964718728847305584e+00,4.275794502258300867e+01,1.063749929428100671e+01,3.299999999999999822e+00,0.000000000000000000e+00
4.964768672771255886e+00,4.285783287048339929e+01,1.063749929428100671e+01,3.299999999999999822e+00,3.750000000000000000e+05
4.970994460016910921e+00,4.483750053405761804e+01,4.544712982177734339e+00,3.299999999999999822e+00,0.000000000000000000e+00
4.971148173243228996e+00,4.483750053405761804e+01,4.852139434814453089e+00,3.299999999999999822e+00,3.750000000000000000e+05
4.977059822342721596e+00,4.295772453308105554e+01,1.063749929428100671e+01,3.299999999999999822e+00,0.000000000000000000e+00
4.977109766266671897e+00,4.305761238098144617e+01,1.063749929428100671e+01,3.299999999999999822e+00,3.750000000000000000e+05
4.982707278365587023e+00,4.483750053405761804e+01,5.159565887451171839e+00,3.299999999999999822e+00,0.000000000000000000e+00
4.982860991591905098e+00,4.483750053405761804e+01,5.466992340087890589e+00,3.299999999999999822e+00,3.750000000000000000e+05
4.988144366690242748e+00,4.315750022888183679e+01,1.063749929428100671e+01,3.299999999999999822e+00,0.000000000000000000e+00
4.988194310614193050e+00,4.325738807678222742e+01,1.063749929428100671e+01,3.299999999999999822e+00,3.750000000000000000e+05
4.993163548711953226e+00,4.483750053405761804e+01,5.774418792724609339e+00,3.299999999999999822e+00,0.000000000000000000e+00
4.993317261938271301e+00,4.483750053405761804e+01,6.081845245361328089e+00,3.299999999999999822e+00,3.750000000000000000e+05
4.997972361889869042e+00,4.335727973937988367e+01,1.063749929428100671e+01,3.299999999999999822e+00,0.000000000000000000e+00
4.998022305813819344e+00,4.345716758728027429e+01,1.063749929428100671e+01,3.299999999999999822e+00,3.750000000000000000e+05
5.002363268764839610e+00,4.483750053405761804e+01,6.389271697998046839e+00,3.299999999999999822e+00,0.000000000000000000e+00
5.002516981991157685e+00,4.483750053405761804e+01,6.696698150634765589e+00,3.299999999999999822e+00,3.750000000000000000e+05
5.006543807941600477e+00,4.355705543518066492e+01,1.063749929428100671e+01,3.299999999999999822e+00,0.000000000000000000e+00
5.006593751865550779e+00,4.365694328308105554e+01,1.063749929428100671e+01,3.299999999999999822e+00,3.750000000000000000e+05
5.010306440815416096e+00,4.483750053405761804e+01,7.004124603271484339e+00,3.299999999999999822e+00,0.000000000000000000e+00
5.010460154041734171e+00,4.483750053405761804e+01,7.311551055908203089e+00,3.299999999999999822e+00,3.750000000000000000e+05
5.013858704845437053e+00,4.375683494567871179e+01,1.063749929428100671e+01,3.299999999999999822e+00,0.000000000000000000e+00
5.013908648769387355e+00,4.385672279357910242e+01,1.063749929428100671e+01,3.299999999999999822e+00,3.750000000000000000e+05
5.016993062572512763e+00,4.483750053405761804e+01,7.618977508544921839e+00,3.299999999999999822e+00,0.000000000000000000e+00
5.017146775798830838e+00,4.483750053405761804e+01,7.926403961181640589e+00,3.299999999999999822e+00,3.750000000000000000e+05
5.019917052601378771e+00,4.395661064147949304e+01,1.063749929428100671e+01,3.299999999999999822e+00,0.000000000000000000e+00
5.019966998432678018e+00,4.405650230407714929e+01,1.063749929428100671e+01,3.299999999999999822e+00,3.750000000000000000e+05
5.022423137089063516e+00,4.483750053405761804e+01,8.233830413818360228e+00,3.299999999999999822e+00,0.000000000000000000e+00
5.022576850315381591e+00,4.483750053405761804e+01,8.541256866455078978e+00,3.299999999999999822e+00,3.750000000000000000e+05
5.024718851971189615e+00,4.415639015197753992e+01,1.063749929428100671e+01,3.299999999999999822e+00,0.000000000000000000e+00
5.024768795895139917e+00,4.425627799987793054e+01,1.063749929428100671e+01,3.299999999999999822e+00,3.750000000000000000e+05
5.026596660550370466e+00,4.483750053405761804e+01,8.848683319091797728e+00,3.299999999999999822e+00,0.000000000000000000e+00
5.026750373776688541e+00,4.483750053405761804e+01,9.156109771728516478e+00,3.299999999999999822e+00,3.750000000000000000e+05
5.028264101431342503e+00,4.435616584777832117e+01,1.063749929428100671e+01,3.299999999999999822e+00,0.000000000000000000e+00
5.028314047262641751e+00,4.445605751037597742e+01,1.063749929428100671e+01,3.299999999999999822e+00,3.750000000000000000e+05
5.029513636771132390e+00,4.483750053405761804e+01,9.463536224365235228e+00,3.299999999999999822e+00,0.000000000000000000e+00
5.029667349997450465e+00,4.483750053405761804e+01,9.770962677001953978e+00,3.299999999999999822e+00,3.750000000000000000e+05
5.030552802505363630e+00,4.455594535827636804e+01,1.063749929428100671e+01,3.299999999999999822e+00,0.000000000000000000e+00
5.030602746429313932e+00,4.465583320617675867e+01,1.063749929428100671e+01,3.299999999999999822e+00,3.750000000000000000e+05
5.031174062377368195e+00,4.483750053405761804e+01,1.007838865280151452e+01,3.299999999999999822e+00,0.000000000000000000e+00
5.031327775603686270e+00,4.483750053405761804e+01,1.038581510543823327e+01,3.299999999999999822e+00,3.750000000000000000e+05
5.031584953405581651e+00,4.475572486877441492e+01,1.063749929428100671e+01,3.299999999999999822e+00,0.000000000000000000e+00
5.054462773154540400e+00,2.223271942138672075e-01,1.324987030029297075e-01,3.299999999999999822e+00,3.750000000000000000e+05
5.054745267242736873e+00,1.324987030029297075e-01,4.089574432373047075e-01,3.299999999999999822e+00,0.000000000000000000e+00
5.054898980469054948e+00,1.324987030029297075e-01,7.163838958740234020e-01,3.299999999999999822e+00,3.750000000000000000e+05
5.055495611557825342e+00,3.222150421142578325e-01,1.324987030029297075e-01,3.299999999999999822e+00,0.000000000000000000e+00
5.055545556435450116e+00,4.221047973632812700e-01,1.324987030029297075e-01,3.299999999999999822e+00,3.750000000000000000e+05
5.056456325097590465e+00,1.324987030029297075e-01,1.023810348510742152e+00,3.299999999999999822e+00,0.000000000000000000e+00
5.056610038323908540e+00,1.324987030029297075e-01,1.331236801147460902e+00,3.299999999999999822e+00,3.750000000000000000e+05
5.057834943986626364e+00,5.219926452636718395e-01,1.324987030029297075e-01,3.299999999999999822e+00,0.000000000000000000e+00
5.057884888864251138e+00,6.218824005126952770e-01,1.324987030029297075e-01,3.299999999999999822e+00,3.750000000000000000e+05
5.059423932100338916e+00,1.324987030029297075e-01,1.638663253784179652e+00,3.299999999999999822e+00,0.000000000000000000e+00
5.059577645803494228e+00,1.324987030029297075e-01,1.946090660095214808e+00,3.299999999999999822e+00,3.750000000000000000e+05
5.061430826921595738e+00,7.217702484130859020e-01,1.324987030029297075e-01,3.299999999999999822e+00,0.000000000000000000e+00
5.061480771799220513e+00,8.216600036621093395e-01,1.324987030029297075e-01,3.299999999999999822e+00,3.750000000000000000e+05
5.063648090490691978e+00,1.324987030029297075e-01,2.253517112731933558e+00,3.299999999999999822e+00,0.000000000000000000e+00
5.063801803717010053e+00,1.324987030029297075e-01,2.560943565368652308e+00,3.299999999999999822e+00,3.750000000000000000e+05
5.066283259981851472e+00,9.215497589111327770e-01,1.324987030029297075e-01,3.299999999999999822e+00,0.000000000000000000e+00
5.066333203905801774e+00,1.021437606811523402e+00,1.324987030029297075e-01,3.299999999999999822e+00,3.750000000000000000e+05
5.069128797171220668e+00,1.324987030029297075e-01,2.868370018005371058e+00,3.299999999999999822e+00,0.000000000000000000e+00
5.069282510397538744e+00,1.324987030029297075e-01,3.175796470642089808e+00,3.299999999999999822e+00,3.750000000000000000e+05
5.072392241236327592e+00,1.121327362060546839e+00,1.324987030029297075e-01,3.299999999999999822e+00,0.000000000000000000e+00
5.072442185160277894e+00,1.221215209960937464e+00,1.324987030029297075e-01,3.299999999999999822e+00,3.750000000000000000e+05
5.075866052999644218e+00,1.324987030029297075e-01,3.483222923278808558e+00,3.299999999999999822e+00,0.000000000000000000e+00
5.076019766225962293e+00,1.324987030029297075e-01,3.790649375915527308e+00,3.299999999999999822e+00,3.750000000000000000e+05
5.079757771638698571e+00,1.321104965209960902e+00,1.324987030029297075e-01,3.299999999999999822e+00,0.000000000000000000e+00
5.079807715562648873e+00,1.420992813110351527e+00,1.324987030029297075e-01,3.299999999999999822e+00,3.750000000000000000e+05
5.083859857975962626e+00,1.324987030029297075e-01,4.098075828552246058e+00,3.299999999999999822e+00,0.000000000000000000e+00
5.084013571202280701e+00,1.324987030029297075e-01,4.405502281188964808e+00,3.299999999999999822e+00,3.750000000000000000e+05
5.088379851188964409e+00,1.520882568359374964e+00,1.324987030029297075e-01,3.299999999999999822e+00,0.000000000000000000e+00
5.088429795112914711e+00,1.620770416259765589e+00,1.324987030029297075e-01,3.299999999999999822e+00,3.750000000000000000e+05
5.093110212100175893e+00,1.324987030029297075e-01,4.712928733825683558e+00,3.299999999999999822e+00,0.000000000000000000e+00
5.093263925326493968e+00,1.324987030029297075e-01,5.020355186462402308e+00,3.299999999999999822e+00,3.750000000000000000e+05
5.098258479887125105e+00,1.720660171508789027e+00,1.324987030029297075e-01,3.299999999999999822e+00,0.000000000000000000e+00
5.098308424764749880e+00,1.820549926757812464e+00,1.324987030029297075e-01,3.299999999999999822e+00,3.750000000000000000e+05
5.103617116898750972e+00,1.324987030029297075e-01,5.327781639099121058e+00,3.299999999999999822e+00,0.000000000000000000e+00
5.103770830125069047e+00,1.324987030029297075e-01,5.635208091735839808e+00,3.299999999999999822e+00,3.750000000000000000e+05
5.109393659259647613e+00,1.920437774658203089e+00,1.324987030029297075e-01,3.299999999999999822e+00,0.000000000000000000e+00
5.109443604137272388e+00,2.020327529907226527e+00,1.324987030029297075e-01,3.299999999999999822e+00,3.750000000000000000e+05
5.115380570845220909e+00,1.324987030029297075e-01,5.942634544372558558e+00,3.299999999999999822e+00,0.000000000000000000e+00
5.115534284071538984e+00,1.324987030029297075e-01,6.250060997009277308e+00,3.299999999999999822e+00,3.750000000000000000e+05
5.121785387780064980e+00,2.120215377807617152e+00,1.324987030029297075e-01,3.299999999999999822e+00,0.000000000000000000e+00
5.121835332657689754e+00,2.220105133056640589e+00,1.324987030029297075e-01,3.299999999999999822e+00,3.750000000000000000e+05
5.128400573939585705e+00,1.324987030029297075e-01,6.557487449645996058e+00,3.299999999999999822e+00,0.000000000000000000e+00
5.128554287165903780e+00,1.324987030029297075e-01,6.864913902282714808e+00,3.299999999999999822e+00,3.750000000000000000e+05
5.135433665448377205e+00,2.319992980957031214e+00,1.324987030029297075e-01,3.299999999999999822e+00,0.000000000000000000e+00
5.135483610326001980e+00,2.419882736206054652e+00,1.324987030029297075e-01,3.299999999999999822e+00,3.750000000000000000e+05
5.142677126181845360e+00,1.324987030029297075e-01,7.172340354919433558e+00,3.299999999999999822e+00,0.000000000000000000e+00
5.142830839408163435e+00,1.324987030029297075e-01,7.479766807556152308e+00,3.299999999999999822e+00,3.750000000000000000e+05
5.150338492837376769e+00,2.519772491455078089e+00,1.324987030029297075e-01,3.299999999999999822e+00,0.000000000000000000e+00
5.150388436761327071e+00,2.619660339355468714e+00,1.324987030029297075e-01,3.299999999999999822e+00,3.750000000000000000e+05
5.158210227191117880e+00,1.324987030029297075e-01,7.787193260192871058e+00,3.299999999999999822e+00,0.000000000000000000e+00
5.158363940417435956e+00,1.324987030029297075e-01,8.094619712829590696e+00,3.299999999999999822e+00,3.750000000000000000e+05
5.166499868420596719e+00,2.719550094604492152e+00,1.324987030029297075e-01,3.299999999999999822e+00,0.000000000000000000e+00
5.166549812344547021e+00,2.819437942504882777e+00,1.324987030029297075e-01,3.299999999999999822e+00,3.750000000000000000e+05
5.174999877348285260e+00,1.324987030029297075e-01,8.402046165466309446e+00,3.299999999999999822e+00,0.000000000000000000e+00
5.175153590574603335e+00,1.324987030029297075e-01,8.709472618103028196e+00,3.299999999999999822e+00,3.750000000000000000e+05
5.183917793151711528e+00,2.919327697753906214e+00,1.324987030029297075e-01,3.299999999999999822e+00,0.000000000000000000e+00
5.183967737075661830e+00,3.019215545654296839e+00,1.324987030029297075e-01,3.299999999999999822e+00,3.750000000000000000e+05
5.193046076653347498e+00,1.324987030029297075e-01,9.016899070739746946e+00,3.299999999999999822e+00,0.000000000000000000e+00
5.193199789879665573e+00,1.324987030029297075e-01,9.324325523376465696e+00,3.299999999999999822e+00,3.750000000000000000e+05
5.202592267030721196e+00,3.119105300903320277e+00,1.324987030029297075e-01,3.299999999999999822e+00,0.000000000000000000e+00
5.202642210954671498e+00,3.218993148803710902e+00,1.324987030029297075e-01,3.299999999999999822e+00,3.750000000000000000e+05
5.212348825106304595e+00,1.324987030029297075e-01,9.631751976013184446e+00,3.299999999999999822e+00,0.000000000000000000e+00
5.212502538094204496e+00,1.324987030029297075e-01,9.939177951812744993e+00,3.299999999999999822e+00,3.750000000000000000e+05
5.222523289378489864e+00,3.318882904052734339e+00,1.324987030029297075e-01,3.299999999999999822e+00,0.000000000000000000e+00
5.222573234256114638e+00,3.418772659301757777e+00,1.324987030029297075e-01,3.299999999999999822e+00,3.750000000000000000e+05
5.232908123113769960e+00,1.324987030029297075e-01,1.024660440444946374e+01,3.299999999999999822e+00,0.000000000000000000e+00
5.233061836340088036e+00,1.324987030029297075e-01,1.055403085708618249e+01,3.299999999999999822e+00,3.750000000000000000e+05
5.243710862198320832e+00,3.518660507202148402e+00,1.324987030029297075e-01,3.299999999999999822e+00,0.000000000000000000e+00
5.243760807075945607e+00,3.618550262451171839e+00,1.324987030029297075e-01,3.299999999999999822e+00,3.750000000000000000e+05
5.254495123434053561e+00,2.052678680419922075e-01,1.063749929428100671e+01,3.299999999999999822e+00,0.000000000000000000e+00
5.254545068311678335e+00,3.051576232910156450e-01,1.063749929428100671e+01,3.299999999999999822e+00,3.750000000000000000e+05
5.265279384096993809e+00,3.718438110351562464e+00,1.324987030029297075e-01,3.299999999999999822e+00,0.000000000000000000e+00
5.265329328974618583e+00,3.818327865600585902e+00,1.324987030029297075e-01,3.299999999999999822e+00,3.750000000000000000e+05
5.276063645332726537e+00,4.050454711914062700e-01,1.063749929428100671e+01,3.299999999999999822e+00,0.000000000000000000e+00
5.276113590210351312e+00,5.049352264404296520e-01,1.063749929428100671e+01,3.299999999999999822e+00,3.750000000000000000e+05
5.286847905995666785e+00,3.918215713500976527e+00,1.324987030029297075e-01,3.299999999999999822e+00,0.000000000000000000e+00
5.286897850873291560e+00,4.018105468749999964e+00,1.324987030029297075e-01,3.299999999999999822e+00,3.750000000000000000e+05
5.297632167231399514e+00,6.048230743408202770e-01,1.063749929428100671e+01,3.299999999999999822e+00,0.000000000000000000e+00
5.297682112109024288e+00,7.047128295898437145e-01,1.063749929428100671e+01,3.299999999999999822e+00,3.750000000000000000e+05
5.308416427894339762e+00,4.117993316650390589e+00,1.324987030029297075e-01,3.299999999999999822e+00,0.000000000000000000e+00
5.308466372771964537e+00,4.217883071899414027e+00,1.324987030029297075e-01,3.299999999999999822e+00,3.750000000000000000e+05
5.319200689130072490e+00,8.046006774902343395e-01,1.063749929428100671e+01,3.299999999999999822e+00,0.000000000000000000e+00
5.319250634007697265e+00,9.044904327392577770e-01,1.063749929428100671e+01,3.299999999999999822e+00,3.750000000000000000e+05
5.329984949793012738e+00,4.317770919799804652e+00,1.324987030029297075e-01,3.299999999999999822e+00,0.000000000000000000e+00
5.330034894670637513e+00,4.417660675048828089e+00,1.324987030029297075e-01,3.299999999999999822e+00,3.750000000000000000e+05
5.340769210455952987e+00,1.004380187988281214e+00,1.063749929428100671e+01,3.299999999999999822e+00,0.000000000000000000e+00
5.340819154379903289e+00,1.104268035888671839e+00,1.063749929428100671e+01,3.299999999999999822e+00,3.750000000000000000e+05
5.351553470738011242e+00,4.517550430297851527e+00,1.324987030029297075e-01,3.299999999999999822e+00,0.000000000000000000e+00
5.351603414661961544e+00,4.617438278198242152e+00,1.324987030029297075e-01,3.299999999999999822e+00,3.750000000000000000e+05
5.362337730447277018e+00,1.204157791137695277e+00,1.063749929428100671e+01,3.299999999999999822e+00,0.000000000000000000e+00
5.362387674371227320e+00,1.304045639038085902e+00,1.063749929428100671e+01,3.299999999999999822e+00,3.750000000000000000e+05
5.373121990729335273e+00,4.717328033447265589e+00,1.324987030029297075e-01,3.299999999999999822e+00,0.000000000000000000e+00
5.373171934653285575e+00,4.817215881347656214e+00,1.324987030029297075e-01,3.299999999999999822e+00,3.750000000000000000e+05
5.383906250438601049e+00,1.403935394287109339e+00,1.063749929428100671e+01,3.299999999999999822e+00,0.000000000000000000e+00
5.383956194362551351e+00,1.503823242187499964e+00,1.063749929428100671e+01,3.299999999999999822e+00,3.750000000000000000e+05
5.394690510720659304e+00,4.917105636596679652e+00,1.324987030029297075e-01,3.299999999999999822e+00,0.000000000000000000e+00
5.394740454644609606e+00,5.016993484497070277e+00,1.324987030029297075e-01,3.299999999999999822e+00,3.750000000000000000e+05
5.405474770429925080e+00,1.603712997436523402e+00,1.063749929428100671e+01,3.299999999999999822e+00,0.000000000000000000e+00
5.405524714353875382e+00,1.703600845336914027e+00,1.063749929428100671e+01,3.299999999999999822e+00,3.750000000000000000e+05
5.416259030711983335e+00,5.116883239746093714e+00,1.324987030029297075e-01,3.299999999999999822e+00,0.000000000000000000e+00
5.416308975589608110e+00,5.216772994995117152e+00,1.324987030029297075e-01,3.299999999999999822e+00,3.750000000000000000e+05
5.427043291947716064e+00,1.803490600585937464e+00,1.063749929428100671e+01,3.299999999999999822e+00,0.000000000000000000e+00
5.427093236825340838e+00,1.903380355834960902e+00,1.063749929428100671e+01,3.299999999999999822e+00,3.750000000000000000e+05
5.437827552610656312e+00,5.316660842895507777e+00,1.324987030029297075e-01,3.299999999999999822e+00,0.000000000000000000e+00
5.437877497488281087e+00,5.416550598144531214e+00,1.324987030029297075e-01,3.299999999999999822e+00,3.750000000000000000e+05
5.448611813846389040e+00,2.003268203735351527e+00,1.063749929428100671e+01,3.299999999999999822e+00,0.000000000000000000e+00
5.448661758724013815e+00,2.103157958984374964e+00,1.063749929428100671e+01,3.299999999999999822e+00,3.750000000000000000e+05
5.459396074509329289e+00,5.516438446044921839e+00,1.324987030029297075e-01,3.299999999999999822e+00,0.000000000000000000e+00
5.459446019386954063e+00,5.616328201293945277e+00,1.324987030029297075e-01,3.299999999999999822e+00,3.750000000000000000e+05
5.470180335745062017e+00,2.203045806884765589e+00,1.063749929428100671e+01,3.299999999999999822e+00,0.000000000000000000e+00
5.470230280622686792e+00,2.302935562133789027e+00,1.063749929428100671e+01,3.299999999999999822e+00,3.750000000000000000e+05
5.480964596408002265e+00,5.716216049194335902e+00,1.324987030029297075e-01,3.299999999999999822e+00,0.000000000000000000e+00
5.481014541285627040e+00,5.816105804443359339e+00,1.324987030029297075e-01,3.299999999999999822e+00,3.750000000000000000e+05
5.491748857643734993e+00,2.402823410034179652e+00,1.063749929428100671e+01,3.299999999999999822e+00,0.000000000000000000e+00
5.491798802521359768e+00,2.502713165283203089e+00,1.063749929428100671e+01,3.299999999999999822e+00,3.750000000000000000e+05
5.502533118306675242e+00,5.915993652343749964e+00,1.324987030029297075e-01,3.299999999999999822e+00,0.000000000000000000e+00
5.502583063184300016e+00,6.015883407592773402e+00,1.324987030029297075e-01,3.299999999999999822e+00,3.750000000000000000e+05
5.513317378969615490e+00,2.602602920532226527e+00,1.063749929428100671e+01,3.299999999999999822e+00,0.000000000000000000e+00
5.513367322893565792e+00,2.702490768432617152e+00,1.063749929428100671e+01,3.299999999999999822e+00,3.750000000000000000e+05
5.524101639251673745e+00,6.115773162841796839e+00,1.324987030029297075e-01,3.299999999999999822e+00,0.000000000000000000e+00
5.524151583175624047e+00,6.215661010742187464e+00,1.324987030029297075e-01,3.299999999999999822e+00,3.750000000000000000e+05
5.534885898960939521e+00,2.802380523681640589e+00,1.063749929428100671e+01,3.299999999999999822e+00,0.000000000000000000e+00
5.534935842884889823e+00,2.902268371582031214e+00,1.063749929428100671e+01,3.299999999999999822e+00,3.750000000000000000e+05
5.545670159242997777e+00,6.315550765991210902e+00,1.324987030029297075e-01,3.299999999999999822e+00,0.000000000000000000e+00
5.545720103166948078e+00,6.415438613891601527e+00,1.324987030029297075e-01,3.299999999999999822e+00,3.750000000000000000e+05
5.556454418952263552e+00,3.002158126831054652e+00,1.063749929428100671e+01,3.299999999999999822e+00,0.000000000000000000e+00
5.556504362876213854e+00,3.102045974731445277e+00,1.063749929428100671e+01,3.299999999999999822e+00,3.750000000000000000e+05
5.567238678947925123e+00,6.515327415466308558e+00,1.324987030029297075e-01,3.299999999999999822e+00,0.000000000000000000e+00
5.567288623825549898e+00,6.615217170715331996e+00,1.324987030029297075e-01,3.299999999999999822e+00,3.750000000000000000e+05
5.578022939897261168e+00,3.201935729980468714e+00,1.063749929428100671e+01,3.299999999999999822e+00,0.000000000000000000e+00
5.578072883821211470e+00,3.301823577880859339e+00,1.063749929428100671e+01,3.299999999999999822e+00,3.750000000000000000e+05
5.588807200179319423e+00,6.715105972290039027e+00,1.324987030029297075e-01,3.299999999999999822e+00,0.000000000000000000e+00
5.588857144580106961e+00,6.814994773864746058e+00,1.324987030029297075e-01,3.299999999999999822e+00,3.750000000000000000e+05
5.599591460651818231e+00,3.401713333129882777e+00,1.063749929428100671e+01,3.299999999999999822e+00,0.000000000000000000e+00
5.599641405529443006e+00,3.501603088378906214e+00,1.063749929428100671e+01,3.299999999999999822e+00,3.750000000000000000e+05
5.610375721314758479e+00,6.914883575439453089e+00,1.324987030029297075e-01,3.299999999999999822e+00,0.000000000000000000e+00
5.610425665715546018e+00,7.014772377014160121e+00,1.324987030029297075e-01,3.299999999999999822e+00,3.750000000000000000e+05
5.621159981787257287e+00,3.601490936279296839e+00,1.063749929428100671e+01,3.299999999999999822e+00,0.000000000000000000e+00
5.621209926664882062e+00,3.701380691528320277e+00,1.063749929428100671e+01,3.299999999999999822e+00,3.750000000000000000e+05
5.631944242450197535e+00,7.114661178588867152e+00,1.324987030029297075e-01,3.299999999999999822e+00,0.000000000000000000e+00
5.631994186850985074e+00,7.214549980163574183e+00,1.324987030029297075e-01,3.299999999999999822e+00,3.750000000000000000e+05
5.642728502922696343e+00,3.801268539428710902e+00,1.063749929428100671e+01,3.299999999999999822e+00,0.000000000000000000e+00
5.642778447800321118e+00,3.901158294677734339e+00,1.063749929428100671e+01,3.299999999999999822e+00,3.750000000000000000e+05
5.653512763585636591e+00,7.314438781738281214e+00,1.324987030029297075e-01,3.299999999999999822e+00,0.000000000000000000e+00
5.653562708463261366e+00,7.414328536987304652e+00,1.324987030029297075e-01,3.299999999999999822e+00,3.750000000000000000e+05
5.664297024821369320e+00,4.001046142578124964e+00,1.063749929428100671e+01,3.299999999999999822e+00,0.000000000000000000e+00
5.664346969698994094e+00,4.100935897827148402e+00,1.063749929428100671e+01,3.299999999999999822e+00,3.750000000000000000e+05
5.675081285770705364e+00,7.514217338562011683e+00,1.324987030029297075e-01,3.299999999999999822e+00,0.000000000000000000e+00
5.675131230171492902e+00,7.614106140136718714e+00,1.324987030029297075e-01,3.299999999999999822e+00,3.750000000000000000e+05
5.685865546529600856e+00,4.200823745727539027e+00,1.063749929428100671e+01,3.299999999999999822e+00,0.000000000000000000e+00
5.685915491407225630e+00,4.300713500976562464e+00,1.063749929428100671e+01,3.299999999999999822e+00,3.750000000000000000e+05
5.696649807478936900e+00,7.713994941711425746e+00,1.324987030029297075e-01,3.299999999999999822e+00,0.000000000000000000e+00
5.696699751879724438e+00,7.813883743286132777e+00,1.324987030029297075e-01,3.299999999999999822e+00,3.750000000000000000e+05
5.707434067665039912e+00,4.400603256225585902e+00,1.063749929428100671e+01,3.299999999999999822e+00,0.000000000000000000e+00
5.707484011588990214e+00,4.500491104125976527e+00,1.063749929428100671e+01,3.299999999999999822e+00,3.750000000000000000e+05
5.718218327660701483e+00,7.913772544860839808e+00,1.324987030029297075e-01,3.299999999999999822e+00,0.000000000000000000e+00
5.718268272061489021e+00,8.013661346435547728e+00,1.324987030029297075e-01,3.299999999999999822e+00,3.750000000000000000e+05
5.729002587846804495e+00,4.600380859374999964e+00,1.063749929428100671e+01,3.299999999999999822e+00,0.000000000000000000e+00
5.729052531770754797e+00,4.700268707275390589e+00,1.063749929428100671e+01,3.299999999999999822e+00,3.750000000000000000e+05
5.739786847842466067e+00,8.113550148010254759e+00,1.324987030029297075e-01,3.299999999999999822e+00,0.000000000000000000e+00
5.739836792243253605e+00,8.213438949584961790e+00,1.324987030029297075e-01,3.299999999999999822e+00,3.750000000000000000e+05
5.750571108028569078e+00,4.800158462524414027e+00,1.063749929428100671e+01,3.299999999999999822e+00,0.000000000000000000e+00
5.750621051952519380e+00,4.900046310424804652e+00,1.063749929428100671e+01,3.299999999999999822e+00,3.750000000000000000e+05
5.761355368024230650e+00,8.313327751159668821e+00,1.324987030029297075e-01,3.299999999999999822e+00,0.000000000000000000e+00
5.761405312425018188e+00,8.413216552734375853e+00,1.324987030029297075e-01,3.299999999999999822e+00,3.750000000000000000e+05
5.772139628210333662e+00,4.999936065673828089e+00,1.063749929428100671e+01,3.299999999999999822e+00,0.000000000000000000e+00
5.772189572134283964e+00,5.099823913574218714e+00,1.063749929428100671e+01,3.299999999999999822e+00,3.750000000000000000e+05
5.782923888492391917e+00,8.513106307983399290e+00,1.324987030029297075e-01,3.299999999999999822e+00,0.000000000000000000e+00
5.782973832893179456e+00,8.612995109558106321e+00,1.324987030029297075e-01,3.299999999999999822e+00,3.750000000000000000e+05
5.793708148964890725e+00,5.199713668823242152e+00,1.063749929428100671e+01,3.299999999999999822e+00,0.000000000000000000e+00
5.793758093842515500e+00,5.299603424072265589e+00,1.063749929428100671e+01,3.299999999999999822e+00,3.750000000000000000e+05
5.804492409627830973e+00,8.712883911132813353e+00,1.324987030029297075e-01,3.299999999999999822e+00,0.000000000000000000e+00
5.804542354028618512e+00,8.812772712707520384e+00,1.324987030029297075e-01,3.299999999999999822e+00,3.750000000000000000e+05
5.815276670100329781e+00,5.399491271972656214e+00,1.063749929428100671e+01,3.299999999999999822e+00,0.000000000000000000e+00
5.815326614977954556e+00,5.499381027221679652e+00,1.063749929428100671e+01,3.299999999999999822e+00,3.750000000000000000e+05
5.826060930763270029e+00,8.912661514282227415e+00,1.324987030029297075e-01,3.299999999999999822e+00,0.000000000000000000e+00
5.826110875164057568e+00,9.012550315856934446e+00,1.324987030029297075e-01,3.299999999999999822e+00,3.750000000000000000e+05
5.836845191235768837e+00,5.599268875122070277e+00,1.063749929428100671e+01,3.299999999999999822e+00,0.000000000000000000e+00
5.836895136113393612e+00,5.699158630371093714e+00,1.063749929428100671e+01,3.299999999999999822e+00,3.750000000000000000e+05
5.847629451898709085e+00,9.112439117431641478e+00,1.324987030029297075e-01,3.299999999999999822e+00,0.000000000000000000e+00
5.847679396299496624e+00,9.212327919006348509e+00,1.324987030029297075e-01,3.299999999999999822e+00,3.750000000000000000e+05
5.858413712371207893e+00,5.799046478271484339e+00,1.063749929428100671e+01,3.299999999999999822e+00,0.000000000000000000e+00
5.858463657248832668e+00,5.898936233520507777e+00,1.063749929428100671e+01,3.299999999999999822e+00,3.750000000000000000e+05
5.869197973034148141e+00,9.312216720581055540e+00,1.324987030029297075e-01,3.299999999999999822e+00,0.000000000000000000e+00
5.869247917911772916e+00,9.412106475830078978e+00,1.324987030029297075e-01,3.299999999999999822e+00,3.750000000000000000e+05
5.879982234269880870e+00,5.998824081420898402e+00,1.063749929428100671e+01,3.299999999999999822e+00,0.000000000000000000e+00
5.880032179147505644e+00,6.098713836669921839e+00,1.063749929428100671e+01,3.299999999999999822e+00,3.750000000000000000e+05
5.890766495219216914e+00,9.511995277404786009e+00,1.324987030029297075e-01,3.299999999999999822e+00,0.000000000000000000e+00
5.890816439620004452e+00,9.611884078979493040e+00,1.324987030029297075e-01,3.299999999999999822e+00,3.750000000000000000e+05
5.901550755405319926e+00,6.198603591918945277e+00,1.063749929428100671e+01,3.299999999999999822e+00,0.000000000000000000e+00
5.901600699329270228e+00,6.298491439819335902e+00,1.063749929428100671e+01,3.299999999999999822e+00,3.750000000000000000e+05
5.912335015400981497e+00,9.711772880554200071e+00,1.324987030029297075e-01,3.299999999999999822e+00,0.000000000000000000e+00
5.912384959801769035e+00,9.811661682128907103e+00,1.324987030029297075e-01,3.299999999999999822e+00,3.750000000000000000e+05
5.923119275587084509e+00,6.398381195068359339e+00,1.063749929428100671e+01,3.299999999999999822e+00,0.000000000000000000e+00
5.923169219511034811e+00,6.498269042968749964e+00,1.063749929428100671e+01,3.299999999999999822e+00,3.750000000000000000e+05
5.933903535582746080e+00,9.911550483703614134e+00,1.324987030029297075e-01,3.299999999999999822e+00,0.000000000000000000e+00
5.933953479983533619e+00,1.001143928527832117e+01,1.324987030029297075e-01,3.299999999999999822e+00,3.750000000000000000e+05
5.944687795768849092e+00,6.598158798217773402e+00,1.063749929428100671e+01,3.299999999999999822e+00,0.000000000000000000e+00
5.944737740169636631e+00,6.698047599792480433e+00,1.063749929428100671e+01,3.299999999999999822e+00,3.750000000000000000e+05
5.955472055954952104e+00,1.011132808685302820e+01,1.324987030029297075e-01,3.299999999999999822e+00,0.000000000000000000e+00
5.955522000832576879e+00,1.021121784210205163e+01,1.324987030029297075e-01,3.299999999999999822e+00,3.750000000000000000e+05
5.966256316904288148e+00,6.797936401367187464e+00,1.063749929428100671e+01,3.299999999999999822e+00,0.000000000000000000e+00
5.966306261305075687e+00,6.897825202941894496e+00,1.063749929428100671e+01,3.299999999999999822e+00,3.750000000000000000e+05
5.977040577376786956e+00,1.031110664367675867e+01,1.324987030029297075e-01,3.299999999999999822e+00,0.000000000000000000e+00
5.977090521777574494e+00,1.041099544525146570e+01,1.324987030029297075e-01,3.299999999999999822e+00,3.750000000000000000e+05
5.987824837849285764e+00,6.997714004516601527e+00,1.063749929428100671e+01,3.299999999999999822e+00,0.000000000000000000e+00
5.987874782250073302e+00,7.097602806091308558e+00,1.063749929428100671e+01,3.299999999999999822e+00,3.750000000000000000e+05
5.998609098321784572e+00,1.051088424682617273e+01,1.324987030029297075e-01,3.299999999999999822e+00,0.000000000000000000e+00
5.998659042722572110e+00,1.061077304840087976e+01,1.324987030029297075e-01,3.299999999999999822e+00,3.750000000000000000e+05
6.009393358794283380e+00,7.197491607666015589e+00,1.063749929428100671e+01,3.299999999999999822e+00,0.000000000000000000e+00
6.009443303195070918e+00,7.297380409240722621e+00,1.063749929428100671e+01,3.299999999999999822e+00,3.750000000000000000e+05
6.020177619266782187e+00,1.071066184997558679e+01,1.324987030029297075e-01,3.299999999999999822e+00,0.000000000000000000e+00
6.020227563667569726e+00,1.081055065155029382e+01,1.324987030029297075e-01,3.299999999999999822e+00,3.750000000000000000e+05
6.030961879739280995e+00,7.397269210815429652e+00,1.063749929428100671e+01,3.299999999999999822e+00,0.000000000000000000e+00
6.031011824616905770e+00,7.497158966064453089e+00,1.063749929428100671e+01,3.299999999999999822e+00,3.750000000000000000e+05
6.041746140402221243e+00,1.091043945312500085e+01,1.324987030029297075e-01,3.299999999999999822e+00,0.000000000000000000e+00
6.041796084803008782e+00,1.101032825469970788e+01,1.324987030029297075e-01,3.299999999999999822e+00,3.750000000000000000e+05
6.052530400588324255e+00,7.597047767639160121e+00,1.063749929428100671e+01,3.299999999999999822e+00,0.000000000000000000e+00
6.052580344989111794e+00,7.696936569213867152e+00,1.063749929428100671e+01,3.299999999999999822e+00,3.750000000000000000e+05
6.063314661060823063e+00,1.111021800994873132e+01,1.324987030029297075e-01,3.299999999999999822e+00,0.000000000000000000e+00
6.063364605461610601e+00,1.121010681152343835e+01,1.324987030029297075e-01,3.299999999999999822e+00,3.750000000000000000e+05
6.074098921533321871e+00,7.796825370788574183e+00,1.063749929428100671e+01,3.299999999999999822e+00,0.000000000000000000e+00
6.074148865934109409e+00,7.896714172363281214e+00,1.063749929428100671e+01,3.299999999999999822e+00,3.750000000000000000e+05
6.084883182005820679e+00,1.130999561309814538e+01,1.324987030029297075e-01,3.299999999999999822e+00,0.000000000000000000e+00
6.084933126406608217e+00,1.140988441467285242e+01,1.324987030029297075e-01,3.299999999999999822e+00,3.750000000000000000e+05
6.095667442478319487e+00,7.996602973937988246e+00,1.063749929428100671e+01,3.299999999999999822e+00,0.000000000000000000e+00
6.095717386879107025e+00,8.096491775512696165e+00,1.063749929428100671e+01,3.299999999999999822e+00,3.750000000000000000e+05
6.106451702950818294e+00,1.150977321624755945e+01,1.324987030029297075e-01,3.299999999999999822e+00,0.000000000000000000e+00
6.106501647351605833e+00,1.160966201782226648e+01,1.324987030029297075e-01,3.299999999999999822e+00,3.750000000000000000e+05
6.117235963423317102e+00,8.196380577087403196e+00,1.063749929428100671e+01,3.299999999999999822e+00,0.000000000000000000e+00
6.117285907824104640e+00,8.296269378662110228e+00,1.063749929428100671e+01,3.299999999999999822e+00,3.750000000000000000e+05
6.128020223895815910e+00,1.170955081939697351e+01,1.324987030029297075e-01,3.299999999999999822e+00,0.000000000000000000e+00
6.128070168296603448e+00,1.180943962097168054e+01,1.324987030029297075e-01,3.299999999999999822e+00,3.750000000000000000e+05
6.138804484368314718e+00,8.396158180236817259e+00,1.063749929428100671e+01,3.299999999999999822e+00,0.000000000000000000e+00
6.138854428769102256e+00,8.496046981811524290e+00,1.063749929428100671e+01,3.299999999999999822e+00,3.750000000000000000e+05
6.149588744840813526e+00,1.190932842254638757e+01,1.324987030029297075e-01,3.299999999999999822e+00,0.000000000000000000e+00
6.149638689718438300e+00,1.200921817779541101e+01,1.324987030029297075e-01,3.299999999999999822e+00,3.750000000000000000e+05
6.160373005790149570e+00,8.595936737060547728e+00,1.063749929428100671e+01,3.299999999999999822e+00,0.000000000000000000e+00
6.160422950190937108e+00,8.695825538635254759e+00,1.063749929428100671e+01,3.299999999999999822e+00,3.750000000000000000e+05
6.171157266262648378e+00,1.210910697937011804e+01,1.324987030029297075e-01,3.299999999999999822e+00,0.000000000000000000e+00
6.171207210663435916e+00,1.220899578094482507e+01,1.324987030029297075e-01,3.299999999999999822e+00,3.750000000000000000e+05
6.181941526735147185e+00,8.795714340209961790e+00,1.063749929428100671e+01,3.299999999999999822e+00,0.000000000000000000e+00
6.181991471135934724e+00,8.895603141784668821e+00,1.063749929428100671e+01,3.299999999999999822e+00,3.750000000000000000e+05
6.192725787207645993e+00,1.230888458251953210e+01,1.324987030029297075e-01,3.299999999999999822e+00,0.000000000000000000e+00
6.192775731608433532e+00,1.240877338409423913e+01,1.324987030029297075e-01,3.299999999999999822e+00,3.750000000000000000e+05
6.203510047680144801e+00,8.995491943359375853e+00,1.063749929428100671e+01,3.299999999999999822e+00,0.000000000000000000e+00
6.203559992080932339e+00,9.095380744934082884e+00,1.063749929428100671e+01,3.299999999999999822e+00,3.750000000000000000e+05
6.214294308152643609e+00,1.250866218566894617e+01,1.324987030029297075e-01,3.299999999999999822e+00,0.000000000000000000e+00
6.214344252553431147e+00,1.260855098724365320e+01,1.324987030029297075e-01,3.299999999999999822e+00,3.750000000000000000e+05
6.225078568625142417e+00,9.195269546508789915e+00,1.063749929428100671e+01,3.299999999999999822e+00,0.000000000000000000e+00
6.225128513025929955e+00,9.295158348083496946e+00,1.063749929428100671e+01,3.299999999999999822e+00,3.750000000000000000e+05
6.235862829097641225e+00,1.270843978881836023e+01,1.324987030029297075e-01,3.299999999999999822e+00,0.000000000000000000e+00
6.235912773498428763e+00,1.280832859039306726e+01,1.324987030029297075e-01,3.299999999999999822e+00,3.750000000000000000e+05
6.246647089283744236e+00,9.395048103332520384e+00,1.063749929428100671e+01,3.299999999999999822e+00,0.000000000000000000e+00
6.246697033684531775e+00,9.494936904907227415e+00,1.063749929428100671e+01,3.299999999999999822e+00,3.750000000000000000e+05
6.257431349756243044e+00,1.290821834564209070e+01,1.324987030029297075e-01,3.299999999999999822e+00,0.000000000000000000e+00
6.257481294157030582e+00,1.300810714721679773e+01,1.324987030029297075e-01,3.299999999999999822e+00,3.750000000000000000e+05
6.268215610228741852e+00,9.594825706481934446e+00,1.063749929428100671e+01,3.299999999999999822e+00,0.000000000000000000e+00
6.268265554629529390e+00,9.694714508056641478e+00,1.063749929428100671e+01,3.299999999999999822e+00,3.750000000000000000e+05
6.278999870701240660e+00,1.310799594879150476e+01,1.324987030029297075e-01,3.299999999999999822e+00,0.000000000000000000e+00
6.279049815102028198e+00,1.320788475036621179e+01,1.324987030029297075e-01,3.299999999999999822e+00,3.750000000000000000e+05
6.289784131173739468e+00,9.794603309631348509e+00,1.063749929428100671e+01,3.299999999999999822e+00,0.000000000000000000e+00
6.289834075574527006e+00,9.894492111206055540e+00,1.063749929428100671e+01,3.299999999999999822e+00,3.750000000000000000e+05
6.300568391646238275e+00,1.330777355194091882e+01,1.324987030029297075e-01,3.299999999999999822e+00,0.000000000000000000e+00
6.300618336047025814e+00,1.340766235351562585e+01,1.324987030029297075e-01,3.299999999999999822e+00,3.750000000000000000e+05
6.311352652118737083e+00,9.994380912780762571e+00,1.063749929428100671e+01,3.299999999999999822e+00,0.000000000000000000e+00
6.311402596519524621e+00,1.009426971435546960e+01,1.063749929428100671e+01,3.299999999999999822e+00,3.750000000000000000e+05
6.322136912591235891e+00,1.350755115509033288e+01,1.324987030029297075e-01,3.299999999999999822e+00,0.000000000000000000e+00
6.322186856992023429e+00,1.360743995666503992e+01,1.324987030029297075e-01,3.299999999999999822e+00,3.750000000000000000e+05
6.332921173063734699e+00,1.019415851593017663e+01,1.063749929428100671e+01,3.299999999999999822e+00,0.000000000000000000e+00
6.332971117941359473e+00,1.029404827117920007e+01,1.063749929428100671e+01,3.299999999999999822e+00,3.750000000000000000e+05
6.343705434013070743e+00,1.370732971191406335e+01,1.324987030029297075e-01,3.299999999999999822e+00,0.000000000000000000e+00
6.343755378413858281e+00,1.380721851348877038e+01,1.324987030029297075e-01,3.299999999999999822e+00,3.750000000000000000e+05
6.354489694485569551e+00,1.039393707275390710e+01,1.063749929428100671e+01,3.299999999999999822e+00,0.000000000000000000e+00
6.354539638886357089e+00,1.049382587432861413e+01,1.063749929428100671e+01,3.299999999999999822e+00,3.750000000000000000e+05
6.365273954958068359e+00,1.390710731506347742e+01,1.324987030029297075e-01,3.299999999999999822e+00,0.000000000000000000e+00
6.365323899358855897e+00,1.400699611663818445e+01,1.324987030029297075e-01,3.299999999999999822e+00,3.750000000000000000e+05
6.376058215430567166e+00,1.059371467590332117e+01,1.063749929428100671e+01,3.299999999999999822e+00,0.000000000000000000e+00
6.376108159831354705e+00,1.069360347747802820e+01,1.063749929428100671e+01,3.299999999999999822e+00,3.750000000000000000e+05
6.386842475903065974e+00,1.410688491821289148e+01,1.324987030029297075e-01,3.299999999999999822e+00,0.000000000000000000e+00
6.386892420303853513e+00,1.420677371978759851e+01,1.324987030029297075e-01,3.299999999999999822e+00,3.750000000000000000e+05
6.397626736375564782e+00,1.079349227905273523e+01,1.063749929428100671e+01,3.299999999999999822e+00,0.000000000000000000e+00
6.397676680776352320e+00,1.089338108062744226e+01,1.063749929428100671e+01,3.299999999999999822e+00,3.750000000000000000e+05
6.408410996848063590e+00,1.430666252136230554e+01,1.324987030029297075e-01,3.299999999999999822e+00,0.000000000000000000e+00
6.408460941248851128e+00,1.440655132293701257e+01,1.324987030029297075e-01,3.299999999999999822e+00,3.750000000000000000e+05
6.419195257320562398e+00,1.099326988220214929e+01,1.063749929428100671e+01,3.299999999999999822e+00,0.000000000000000000e+00
6.419245201721349936e+00,1.109315868377685632e+01,1.063749929428100671e+01,3.299999999999999822e+00,3.750000000000000000e+05
6.429979517936259548e+00,1.450644060134887781e+01,1.324987030029297075e-01,3.299999999999999822e+00,0.000000000000000000e+00
6.430029462813884322e+00,1.460633035659790124e+01,1.324987030029297075e-01,3.299999999999999822e+00,3.750000000000000000e+05
6.440763779028793934e+00,1.119304843902587976e+01,1.063749929428100671e+01,3.299999999999999822e+00,0.000000000000000000e+00
6.440813723429581472e+00,1.129293724060058679e+01,1.063749929428100671e+01,3.299999999999999822e+00,3.750000000000000000e+05
6.451548039644491084e+00,1.470621915817260827e+01,1.324987030029297075e-01,3.299999999999999822e+00,0.000000000000000000e+00
6.451597984045278622e+00,1.480610795974731531e+01,1.324987030029297075e-01,3.299999999999999822e+00,3.750000000000000000e+05
6.462332300260188234e+00,1.139282604217529382e+01,1.063749929428100671e+01,3.299999999999999822e+00,0.000000000000000000e+00
6.462382244660975772e+00,1.149271484375000085e+01,1.063749929428100671e+01,3.299999999999999822e+00,3.750000000000000000e+05
6.473116560875885384e+00,1.490599676132202234e+01,1.324987030029297075e-01,3.299999999999999822e+00,0.000000000000000000e+00
6.473166505276672922e+00,1.500588556289672937e+01,1.324987030029297075e-01,3.299999999999999822e+00,3.750000000000000000e+05
6.483900821491582533e+00,1.159260364532470788e+01,1.063749929428100671e+01,3.299999999999999822e+00,0.000000000000000000e+00
6.483950765892370072e+00,1.169249244689941492e+01,1.063749929428100671e+01,3.299999999999999822e+00,3.750000000000000000e+05
6.494685082107279683e+00,1.510577436447143640e+01,1.324987030029297075e-01,3.299999999999999822e+00,0.000000000000000000e+00
6.494735026508067222e+00,1.520566316604614343e+01,1.324987030029297075e-01,3.299999999999999822e+00,3.750000000000000000e+05
6.505469342722976833e+00,1.179238124847412195e+01,1.063749929428100671e+01,3.299999999999999822e+00,0.000000000000000000e+00
6.505519287123764371e+00,1.189227005004882898e+01,1.063749929428100671e+01,3.299999999999999822e+00,3.750000000000000000e+05
6.516253603338673983e+00,1.530555196762085046e+01,1.324987030029297075e-01,3.299999999999999822e+00,0.000000000000000000e+00
6.516303547739461521e+00,1.540544076919555749e+01,1.324987030029297075e-01,3.299999999999999822e+00,3.750000000000000000e+05
6.527037863667975337e+00,1.199215980529785242e+01,1.063749929428100671e+01,3.299999999999999822e+00,0.000000000000000000e+00
6.527087808068762875e+00,1.209204860687255945e+01,1.063749929428100671e+01,3.299999999999999822e+00,3.750000000000000000e+05
6.537822124283672487e+00,1.550533052444458093e+01,1.324987030029297075e-01,3.299999999999999822e+00,0.000000000000000000e+00
6.537872068684460025e+00,1.560521932601928796e+01,1.324987030029297075e-01,3.299999999999999822e+00,3.750000000000000000e+05
6.548606384899369637e+00,1.219193740844726648e+01,1.063749929428100671e+01,3.299999999999999822e+00,0.000000000000000000e+00
6.548656329300157175e+00,1.229182621002197351e+01,1.063749929428100671e+01,3.299999999999999822e+00,3.750000000000000000e+05
6.559390645515066787e+00,1.570510812759399499e+01,1.324987030029297075e-01,3.299999999999999822e+00,0.000000000000000000e+00
6.559440589915854325e+00,1.580499692916870202e+01,1.324987030029297075e-01,3.299999999999999822e+00,3.750000000000000000e+05
6.570174906130763937e+00,1.239171501159668054e+01,1.063749929428100671e+01,3.299999999999999822e+00,0.000000000000000000e+00
6.570224850531551475e+00,1.249160381317138757e+01,1.063749929428100671e+01,3.299999999999999822e+00,3.750000000000000000e+05
6.580959166746461086e+00,1.590488573074340906e+01,1.324987030029297075e-01,3.299999999999999822e+00,0.000000000000000000e+00
6.581009111147248625e+00,1.600477453231811609e+01,1.324987030029297075e-01,3.299999999999999822e+00,3.750000000000000000e+05
6.591743427362158236e+00,1.259149261474609460e+01,1.063749929428100671e+01,3.299999999999999822e+00,0.000000000000000000e+00
6.591793371762945775e+00,1.269138141632080163e+01,1.063749929428100671e+01,3.299999999999999822e+00,3.750000000000000000e+05
6.602527687977855386e+00,1.610466333389282312e+01,1.324987030029297075e-01,3.299999999999999822e+00,0.000000000000000000e+00
6.602577632378642924e+00,1.620455213546753015e+01,1.324987030029297075e-01,3.299999999999999822e+00,3.750000000000000000e+05
6.613311948593552536e+00,1.279127021789550867e+01,1.063749929428100671e+01,3.299999999999999822e+00,0.000000000000000000e+00
6.613361893471177311e+00,1.289115997314453210e+01,1.063749929428100671e+01,3.299999999999999822e+00,3.750000000000000000e+05
6.624096209686086922e+00,1.630444189071655359e+01,1.324987030029297075e-01,3.299999999999999822e+00,0.000000000000000000e+00
6.624146153610037224e+00,1.640432973861694421e+01,1.324987030029297075e-01,3.299999999999999822e+00,3.750000000000000000e+05
6.634880469538551040e+00,1.299104877471923913e+01,1.063749929428100671e+01,3.299999999999999822e+00,0.000000000000000000e+00
6.634930413939338578e+00,1.309093757629394617e+01,1.063749929428100671e+01,3.299999999999999822e+00,3.750000000000000000e+05
6.645664730154248190e+00,1.650421949386596765e+01,1.324987030029297075e-01,3.299999999999999822e+00,0.000000000000000000e+00
6.645714674078198492e+00,1.660410734176635827e+01,1.324987030029297075e-01,3.299999999999999822e+00,3.750000000000000000e+05
6.656448990006712307e+00,1.319082637786865320e+01,1.063749929428100671e+01,3.299999999999999822e+00,0.000000000000000000e+00
6.656498934407499846e+00,1.329071517944336023e+01,1.063749929428100671e+01,3.299999999999999822e+00,3.750000000000000000e+05
6.667233250622409457e+00,1.670399709701538171e+01,1.324987030029297075e-01,3.299999999999999822e+00,0.000000000000000000e+00
6.667283195500034232e+00,1.680388685226440515e+01,1.324987030029297075e-01,3.299999999999999822e+00,3.750000000000000000e+05
6.678017512001339639e+00,1.339060398101806726e+01,1.063749929428100671e+01,3.299999999999999822e+00,0.000000000000000000e+00
6.678067456402127178e+00,1.349049278259277429e+01,1.063749929428100671e+01,3.299999999999999822e+00,3.750000000000000000e+05
6.688801772617036789e+00,1.690377470016479577e+01,1.324987030029297075e-01,3.299999999999999822e+00,0.000000000000000000e+00
6.688851717494661564e+00,1.700366445541381921e+01,1.324987030029297075e-01,3.299999999999999822e+00,3.750000000000000000e+05
6.699586033995966972e+00,1.359038158416748132e+01,1.063749929428100671e+01,3.299999999999999822e+00,0.000000000000000000e+00
6.699635978396754510e+00,1.369027038574218835e+01,1.063749929428100671e+01,3.299999999999999822e+00,3.750000000000000000e+05
6.710370294611664121e+00,1.710355230331420984e+01,1.324987030029297075e-01,3.299999999999999822e+00,0.000000000000000000e+00
6.710420239489288896e+00,1.720344205856323327e+01,1.324987030029297075e-01,3.299999999999999822e+00,3.750000000000000000e+05
6.721154555704198508e+00,1.379016014099121179e+01,1.063749929428100671e+01,3.299999999999999822e+00,0.000000000000000000e+00
6.721204500104986046e+00,1.389004894256591882e+01,1.063749929428100671e+01,3.299999999999999822e+00,3.750000000000000000e+05
6.731938816033499862e+00,1.730332990646362390e+01,1.324987030029297075e-01,3.299999999999999822e+00,0.000000000000000000e+00
6.731988760911124636e+00,1.740321966171264734e+01,1.324987030029297075e-01,3.299999999999999822e+00,3.750000000000000000e+05
6.742723077126034248e+00,1.398993774414062585e+01,1.063749929428100671e+01,3.299999999999999822e+00,0.000000000000000000e+00
6.742773021526821786e+00,1.408982654571533288e+01,1.063749929428100671e+01,3.299999999999999822e+00,3.750000000000000000e+05
6.753507337455335602e+00,1.750310750961303796e+01,1.324987030029297075e-01,3.299999999999999822e+00,0.000000000000000000e+00
6.753557282332960376e+00,1.760299726486206140e+01,1.324987030029297075e-01,3.299999999999999822e+00,3.750000000000000000e+05
6.764291598547869988e+00,1.418971534729003992e+01,1.063749929428100671e+01,3.299999999999999822e+00,0.000000000000000000e+00
6.764341542948657526e+00,1.428960414886474695e+01,1.063749929428100671e+01,3.299999999999999822e+00,3.750000000000000000e+05
6.775075859449962934e+00,1.770288702011108484e+01,1.324987030029297075e-01,3.299999999999999822e+00,0.000000000000000000e+00
6.775125803373913236e+00,1.780277486801147546e+01,1.324987030029297075e-01,3.299999999999999822e+00,3.750000000000000000e+05
6.785860119588822847e+00,1.438949295043945398e+01,1.063749929428100671e+01,3.299999999999999822e+00,0.000000000000000000e+00
6.785910064228028560e+00,1.448938222885131921e+01,1.063749929428100671e+01,3.299999999999999822e+00,3.750000000000000000e+05
6.796644380586136514e+00,1.790266462326049890e+01,1.324987030029297075e-01,3.299999999999999822e+00,0.000000000000000000e+00
6.796694324510086815e+00,1.800255247116088952e+01,1.324987030029297075e-01,3.299999999999999822e+00,3.750000000000000000e+05
6.807428640295402289e+00,1.458927198410034265e+01,1.063749929428100671e+01,3.299999999999999822e+00,0.000000000000000000e+00
6.807478584696189827e+00,1.468916078567504968e+01,1.063749929428100671e+01,3.299999999999999822e+00,3.750000000000000000e+05
6.818212900767901097e+00,1.810244222640991296e+01,1.324987030029297075e-01,3.299999999999999822e+00,0.000000000000000000e+00
6.818262844691851399e+00,1.820233007431030359e+01,1.324987030029297075e-01,3.299999999999999822e+00,3.750000000000000000e+05
6.828997160477166872e+00,1.478904958724975671e+01,1.063749929428100671e+01,3.299999999999999822e+00,0.000000000000000000e+00
6.829047104877954411e+00,1.488893838882446374e+01,1.063749929428100671e+01,3.299999999999999822e+00,3.750000000000000000e+05
6.839781420949665680e+00,1.830221982955932702e+01,1.324987030029297075e-01,3.299999999999999822e+00,0.000000000000000000e+00
6.839831364873615982e+00,1.840210767745971765e+01,1.324987030029297075e-01,3.299999999999999822e+00,3.750000000000000000e+05
6.850565680658931456e+00,1.498882719039917077e+01,1.063749929428100671e+01,3.299999999999999822e+00,0.000000000000000000e+00
6.850615625059718994e+00,1.508871599197387781e+01,1.063749929428100671e+01,3.299999999999999822e+00,3.750000000000000000e+05
6.861349941059831536e+00,1.850199719429016199e+01,1.324987030029297075e-01,3.299999999999999822e+00,0.000000000000000000e+00
6.861399885937456311e+00,1.860188694953918542e+01,1.324987030029297075e-01,3.299999999999999822e+00,3.750000000000000000e+05
6.872134202223964650e+00,1.518860479354858484e+01,1.063749929428100671e+01,3.299999999999999822e+00,0.000000000000000000e+00
6.872184146624752188e+00,1.528849359512329187e+01,1.063749929428100671e+01,3.299999999999999822e+00,3.750000000000000000e+05
6.882918462624864731e+00,1.870177479743957605e+01,1.324987030029297075e-01,3.299999999999999822e+00,0.000000000000000000e+00
6.882968407502489505e+00,1.880166455268859949e+01,1.324987030029297075e-01,3.299999999999999822e+00,3.750000000000000000e+05
6.893702723788997844e+00,1.538838239669799890e+01,1.063749929428100671e+01,3.299999999999999822e+00,0.000000000000000000e+00
6.893752668666622618e+00,1.548827215194702234e+01,1.063749929428100671e+01,3.299999999999999822e+00,3.750000000000000000e+05
6.904486984380339365e+00,1.890155240058899011e+01,1.324987030029297075e-01,3.299999999999999822e+00,0.000000000000000000e+00
6.904536929257964140e+00,1.900144215583801355e+01,1.324987030029297075e-01,3.299999999999999822e+00,3.750000000000000000e+05
6.915271245258076682e+00,1.558816095352172937e+01,1.063749929428100671e+01,3.299999999999999822e+00,0.000000000000000000e+00
6.915321189658864220e+00,1.568804975509643640e+01,1.063749929428100671e+01,3.299999999999999822e+00,3.750000000000000000e+05
6.926055505372580967e+00,1.910133000373840417e+01,1.324987030029297075e-01,3.299999999999999822e+00,0.000000000000000000e+00
6.926105450250205742e+00,1.920121975898742761e+01,1.324987030029297075e-01,3.299999999999999822e+00,3.750000000000000000e+05
6.936839766250318284e+00,1.578793855667114343e+01,1.063749929428100671e+01,3.299999999999999822e+00,0.000000000000000000e+00
6.936889710651105823e+00,1.588782735824585046e+01,1.063749929428100671e+01,3.299999999999999822e+00,3.750000000000000000e+05
6.947624026364822569e+00,1.930110760688781824e+01,1.324987030029297075e-01,3.299999999999999822e+00,0.000000000000000000e+00
6.947673971242447344e+00,1.940099736213684167e+01,1.324987030029297075e-01,3.299999999999999822e+00,3.750000000000000000e+05
6.958408287242559886e+00,1.598771615982055749e+01,1.063749929428100671e+01,3.299999999999999822e+00,0.000000000000000000e+00
6.958458231643347425e+00,1.608760496139526452e+01,1.063749929428100671e+01,3.299999999999999822e+00,3.750000000000000000e+05
6.969192547929855763e+00,1.950088711738586511e+01,1.324987030029297075e-01,3.299999999999999822e+00,0.000000000000000000e+00
6.969242491853806065e+00,1.960077496528625574e+01,1.324987030029297075e-01,3.299999999999999822e+00,3.750000000000000000e+05
6.979976807853918608e+00,1.618749376296997156e+01,1.063749929428100671e+01,3.299999999999999822e+00,0.000000000000000000e+00
6.980026752254706146e+00,1.628738256454467859e+01,1.063749929428100671e+01,3.299999999999999822e+00,3.750000000000000000e+05
6.990761068541214485e+00,1.970066472053527917e+01,1.324987030029297075e-01,3.299999999999999822e+00,0.000000000000000000e+00
6.990811012465164787e+00,1.980055256843566980e+01,1.324987030029297075e-01,3.299999999999999822e+00,3.750000000000000000e+05
7.001545328178881533e+00,1.638727231979370202e+01,1.063749929428100671e+01,3.299999999999999822e+00,0.000000000000000000e+00
7.001595272102831835e+00,1.648716016769409265e+01,1.063749929428100671e+01,3.299999999999999822e+00,3.750000000000000000e+05
7.012329588389340174e+00,1.990044232368469324e+01,1.324987030029297075e-01,3.299999999999999822e+00,0.000000000000000000e+00
7.012379532313290476e+00,2.000033017158508386e+01,1.324987030029297075e-01,3.299999999999999822e+00,3.750000000000000000e+05
7.023113848027007222e+00,1.658704992294311609e+01,1.063749929428100671e+01,3.299999999999999822e+00,0.000000000000000000e+00
7.023163791950957524e+00,1.668693777084350671e+01,1.063749929428100671e+01,3.299999999999999822e+00,3.750000000000000000e+05
7.033898108237465863e+00,2.010021992683410730e+01,1.324987030029297075e-01,3.299999999999999822e+00,0.000000000000000000e+00
7.033948053115090637e+00,2.020010968208313074e+01,1.324987030029297075e-01,3.299999999999999822e+00,3.750000000000000000e+05
7.044682369401598976e+00,1.678682752609253015e+01,1.063749929428100671e+01,3.299999999999999822e+00,0.000000000000000000e+00
7.044732314279223750e+00,1.688671728134155359e+01,1.063749929428100671e+01,3.299999999999999822e+00,3.750000000000000000e+05
7.055466629992940497e+00,2.029999752998352136e+01,1.324987030029297075e-01,3.299999999999999822e+00,0.000000000000000000e+00
7.055516574870565272e+00,2.039988728523254480e+01,1.324987030029297075e-01,3.299999999999999822e+00,3.750000000000000000e+05
7.066250891157073610e+00,1.698660512924194421e+01,1.063749929428100671e+01,3.299999999999999822e+00,0.000000000000000000e+00
7.066300836034698385e+00,1.708649488449096765e+01,1.063749929428100671e+01,3.299999999999999822e+00,3.750000000000000000e+05
7.077035151748415132e+00,2.049977513313293542e+01,1.324987030029297075e-01,3.299999999999999822e+00,0.000000000000000000e+00
7.077085096626039906e+00,2.059966488838195886e+01,1.324987030029297075e-01,3.299999999999999822e+00,3.750000000000000000e+05
7.087819412912548245e+00,1.718638273239135827e+01,1.063749929428100671e+01,3.299999999999999822e+00,0.000000000000000000e+00
7.087869357790173019e+00,1.728627248764038171e+01,1.063749929428100671e+01,3.299999999999999822e+00,3.750000000000000000e+05
7.098603673503889766e+00,2.069955273628234949e+01,1.324987030029297075e-01,3.299999999999999822e+00,0.000000000000000000e+00
7.098653618381514541e+00,2.079944249153137292e+01,1.324987030029297075e-01,3.299999999999999822e+00,3.750000000000000000e+05
7.109387934668022879e+00,1.738616033554077234e+01,1.063749929428100671e+01,3.299999999999999822e+00,0.000000000000000000e+00
7.109437879545647654e+00,1.748605009078979577e+01,1.063749929428100671e+01,3.299999999999999822e+00,3.750000000000000000e+05
7.120172195259364400e+00,2.089933033943176355e+01,1.324987030029297075e-01,3.299999999999999822e+00,0.000000000000000000e+00
7.120222140136989175e+00,2.099922009468078699e+01,1.324987030029297075e-01,3.299999999999999822e+00,3.750000000000000000e+05
7.130956456423497514e+00,1.758593793869018640e+01,1.063749929428100671e+01,3.299999999999999822e+00,0.000000000000000000e+00
7.131006401301122288e+00,1.768582769393920984e+01,1.063749929428100671e+01,3.299999999999999822e+00,3.750000000000000000e+05
7.141740717587630627e+00,2.109910984992981042e+01,1.324987030029297075e-01,3.299999999999999822e+00,0.000000000000000000e+00
7.141790661511580929e+00,2.119899769783020105e+01,1.324987030029297075e-01,3.299999999999999822e+00,3.750000000000000000e+05
7.152524977225297675e+00,1.778571744918823327e+01,1.063749929428100671e+01,3.299999999999999822e+00,0.000000000000000000e+00
7.152574921149247977e+00,1.788560529708862390e+01,1.063749929428100671e+01,3.299999999999999822e+00,3.750000000000000000e+05
7.163309237435756316e+00,2.129888745307922449e+01,1.324987030029297075e-01,3.299999999999999822e+00,0.000000000000000000e+00
7.163359181359706618e+00,2.139877530097961511e+01,1.324987030029297075e-01,3.299999999999999822e+00,3.750000000000000000e+05
7.174093497073423364e+00,1.798549505233764734e+01,1.063749929428100671e+01,3.299999999999999822e+00,0.000000000000000000e+00
7.174143440997373666e+00,1.808538290023803796e+01,1.063749929428100671e+01,3.299999999999999822e+00,3.750000000000000000e+05
7.184877757301782353e+00,2.149866511583328332e+01,1.324987030029297075e-01,3.299999999999999822e+00,0.000000000000000000e+00
7.184927701225732655e+00,2.159855296373367395e+01,1.324987030029297075e-01,3.299999999999999822e+00,3.750000000000000000e+05
7.195662016957348861e+00,1.818527265548706140e+01,1.063749929428100671e+01,3.299999999999999822e+00,0.000000000000000000e+00
7.195711960881299163e+00,1.828516050338745202e+01,1.063749929428100671e+01,3.299999999999999822e+00,3.750000000000000000e+05
7.206446277185707849e+00,2.169844271898269739e+01,1.324987030029297075e-01,3.299999999999999822e+00,0.000000000000000000e+00
7.206496221109658151e+00,2.179833056688308801e+01,1.324987030029297075e-01,3.299999999999999822e+00,3.750000000000000000e+05
7.217230536841274358e+00,1.838505025863647546e+01,1.063749929428100671e+01,3.299999999999999822e+00,0.000000000000000000e+00
7.217280481718899132e+00,1.848494001388549890e+01,1.063749929428100671e+01,3.299999999999999822e+00,3.750000000000000000e+05
7.228014797450515339e+00,2.189822032213211145e+01,1.324987030029297075e-01,3.299999999999999822e+00,0.000000000000000000e+00
7.228064742328140113e+00,2.199811007738113489e+01,1.324987030029297075e-01,3.299999999999999822e+00,3.750000000000000000e+05
7.238799058704147527e+00,1.858482762336731042e+01,1.063749929428100671e+01,3.299999999999999822e+00,0.000000000000000000e+00
7.238849003581772301e+00,1.868471737861633386e+01,1.063749929428100671e+01,3.299999999999999822e+00,3.750000000000000000e+05
7.249583319384987234e+00,2.209799792528152551e+01,1.324987030029297075e-01,3.299999999999999822e+00,0.000000000000000000e+00
7.249633264262612009e+00,2.219788768053054895e+01,1.324987030029297075e-01,3.299999999999999822e+00,3.750000000000000000e+05
7.260367580638619422e+00,1.878460522651672449e+01,1.063749929428100671e+01,3.299999999999999822e+00,0.000000000000000000e+00
7.260417525516244197e+00,1.888449498176574792e+01,1.063749929428100671e+01,3.299999999999999822e+00,3.750000000000000000e+05
7.271151841319459130e+00,2.229777552843093957e+01,1.324987030029297075e-01,3.299999999999999822e+00,0.000000000000000000e+00
7.271201786197083905e+00,2.239766528367996301e+01,1.324987030029297075e-01,3.299999999999999822e+00,3.750000000000000000e+05
7.281936102573091318e+00,1.898438282966613855e+01,1.063749929428100671e+01,3.299999999999999822e+00,0.000000000000000000e+00
7.281986047450716093e+00,1.908427258491516199e+01,1.063749929428100671e+01,3.299999999999999822e+00,3.750000000000000000e+05
7.292720363253931026e+00,2.249755313158035364e+01,1.324987030029297075e-01,3.299999999999999822e+00,0.000000000000000000e+00
7.292770308131555801e+00,2.259744288682937707e+01,1.324987030029297075e-01,3.299999999999999822e+00,3.750000000000000000e+05
7.303504624507563214e+00,1.918416043281555261e+01,1.063749929428100671e+01,3.299999999999999822e+00,0.000000000000000000e+00
7.303554569385187989e+00,1.928405018806457605e+01,1.063749929428100671e+01,3.299999999999999822e+00,3.750000000000000000e+05
7.314288885188402922e+00,2.269733073472976770e+01,1.324987030029297075e-01,3.299999999999999822e+00,0.000000000000000000e+00
7.314338830066027697e+00,2.279722048997879114e+01,1.324987030029297075e-01,3.299999999999999822e+00,3.750000000000000000e+05
7.325073145869242630e+00,1.938393994331359949e+01,1.063749929428100671e+01,3.299999999999999822e+00,0.000000000000000000e+00
7.325123089793192932e+00,1.948382779121399011e+01,1.063749929428100671e+01,3.299999999999999822e+00,3.750000000000000000e+05
7.335857406169200345e+00,2.289711024522781457e+01,1.324987030029297075e-01,3.299999999999999822e+00,0.000000000000000000e+00
7.335907350093150647e+00,2.299699809312820520e+01,1.324987030029297075e-01,3.299999999999999822e+00,3.750000000000000000e+05
7.346641665896365581e+00,1.958371754646301355e+01,1.063749929428100671e+01,3.299999999999999822e+00,0.000000000000000000e+00
7.346691609820315882e+00,1.968360539436340417e+01,1.063749929428100671e+01,3.299999999999999822e+00,3.750000000000000000e+05
7.357425926196323296e+00,2.309688784837722864e+01,1.324987030029297075e-01,3.299999999999999822e+00,0.000000000000000000e+00
7.357475870120273598e+00,2.319677569627761926e+01,1.324987030029297075e-01,3.299999999999999822e+00,3.750000000000000000e+05
7.368210185923488531e+00,1.978349514961242761e+01,1.063749929428100671e+01,3.299999999999999822e+00,0.000000000000000000e+00
7.368260129847438833e+00,1.988338299751281824e+01,1.063749929428100671e+01,3.299999999999999822e+00,3.750000000000000000e+05
7.378994446223446246e+00,2.329666545152664270e+01,1.324987030029297075e-01,3.299999999999999822e+00,0.000000000000000000e+00
7.379044390147396548e+00,2.339655329942703332e+01,1.324987030029297075e-01,3.299999999999999822e+00,3.750000000000000000e+05
7.389778705950611482e+00,1.998327275276184167e+01,1.063749929428100671e+01,3.299999999999999822e+00,0.000000000000000000e+00
7.389828649874561783e+00,2.008316060066223230e+01,1.063749929428100671e+01,3.299999999999999822e+00,3.750000000000000000e+05
7.400562966232669737e+00,2.349644299507141199e+01,1.324987030029297075e-01,3.299999999999999822e+00,0.000000000000000000e+00
7.400612910156620039e+00,2.359633084297180261e+01,1.324987030029297075e-01,3.299999999999999822e+00,3.750000000000000000e+05
7.411347225941935513e+00,2.018305035591125574e+01,1.063749929428100671e+01,3.299999999999999822e+00,0.000000000000000000e+00
7.411397170819560287e+00,2.028294011116027917e+01,1.063749929428100671e+01,3.299999999999999822e+00,3.750000000000000000e+05
7.422131486604875761e+00,2.369622059822082605e+01,1.324987030029297075e-01,3.299999999999999822e+00,0.000000000000000000e+00
7.422181431482500535e+00,2.379611035346984949e+01,1.324987030029297075e-01,3.299999999999999822e+00,3.750000000000000000e+05
7.432915747840608489e+00,2.038282795906066980e+01,1.063749929428100671e+01,3.299999999999999822e+00,0.000000000000000000e+00
7.432965692718233264e+00,2.048271771430969324e+01,1.063749929428100671e+01,3.299999999999999822e+00,3.750000000000000000e+05
7.443700008503548737e+00,2.389599820137024011e+01,1.324987030029297075e-01,3.299999999999999822e+00,0.000000000000000000e+00
7.443749953381173512e+00,2.399588795661926355e+01,1.324987030029297075e-01,3.299999999999999822e+00,3.750000000000000000e+05
7.454484269739281466e+00,2.058260556221008386e+01,1.063749929428100671e+01,3.299999999999999822e+00,0.000000000000000000e+00
7.454534214616906240e+00,2.068249531745910730e+01,1.063749929428100671e+01,3.299999999999999822e+00,3.750000000000000000e+05
7.465268530402221714e+00,2.409577580451965417e+01,1.324987030029297075e-01,3.299999999999999822e+00,0.000000000000000000e+00
7.465318475279846488e+00,2.419566555976867761e+01,1.324987030029297075e-01,3.299999999999999822e+00,3.750000000000000000e+05
7.476052791637954442e+00,2.078238316535949792e+01,1.063749929428100671e+01,3.299999999999999822e+00,0.000000000000000000e+00
7.476102736515579217e+00,2.088227292060852136e+01,1.063749929428100671e+01,3.299999999999999822e+00,3.750000000000000000e+05
7.486837052300894690e+00,2.429555340766906824e+01,1.324987030029297075e-01,3.299999999999999822e+00,0.000000000000000000e+00
7.486886997178519465e+00,2.439544316291809167e+01,1.324987030029297075e-01,3.299999999999999822e+00,3.750000000000000000e+05
7.497621313536627419e+00,2.098216076850891199e+01,1.063749929428100671e+01,3.299999999999999822e+00,0.000000000000000000e+00
7.497671258414252193e+00,2.108205052375793542e+01,1.063749929428100671e+01,3.299999999999999822e+00,3.750000000000000000e+05
7.508405574199567667e+00,2.449533101081848230e+01,1.324987030029297075e-01,3.299999999999999822e+00,0.000000000000000000e+00
7.508455519077192442e+00,2.459522076606750574e+01,1.324987030029297075e-01,3.299999999999999822e+00,3.750000000000000000e+05
7.519189834862507915e+00,2.118194027900695886e+01,1.063749929428100671e+01,3.299999999999999822e+00,0.000000000000000000e+00
7.519239778786458217e+00,2.128182812690734949e+01,1.063749929428100671e+01,3.299999999999999822e+00,3.750000000000000000e+05
7.529974095144566171e+00,2.469511052131652917e+01,1.324987030029297075e-01,3.299999999999999822e+00,0.000000000000000000e+00
7.530024039068516473e+00,2.479499836921691980e+01,1.324987030029297075e-01,3.299999999999999822e+00,3.750000000000000000e+05
7.540758354853831946e+00,2.138171788215637292e+01,1.063749929428100671e+01,3.299999999999999822e+00,0.000000000000000000e+00
7.540808298777782248e+00,2.148160573005676355e+01,1.063749929428100671e+01,3.299999999999999822e+00,3.750000000000000000e+05
7.551542615135890202e+00,2.489488812446594324e+01,1.324987030029297075e-01,3.299999999999999822e+00,0.000000000000000000e+00
7.551592559059840504e+00,2.499477597236633386e+01,1.324987030029297075e-01,3.299999999999999822e+00,3.750000000000000000e+05
7.562326874827256518e+00,2.158149554491043176e+01,1.063749929428100671e+01,3.299999999999999822e+00,0.000000000000000000e+00
7.562376818751206820e+00,2.168138339281082239e+01,1.063749929428100671e+01,3.299999999999999822e+00,3.750000000000000000e+05
7.573111135091414425e+00,2.509466572761535730e+01,1.324987030029297075e-01,3.299999999999999822e+00,0.000000000000000000e+00
7.573161079015364727e+00,2.519455357551574792e+01,1.324987030029297075e-01,3.299999999999999822e+00,3.750000000000000000e+05
7.583895394782780741e+00,2.178127314805984582e+01,1.063749929428100671e+01,3.299999999999999822e+00,0.000000000000000000e+00
7.583945338706731043e+00,2.188116099596023645e+01,1.063749929428100671e+01,3.299999999999999822e+00,3.750000000000000000e+05
7.594679655046938649e+00,2.529444333076477136e+01,1.324987030029297075e-01,3.299999999999999822e+00,0.000000000000000000e+00
7.594729598970888951e+00,2.539433117866516199e+01,1.324987030029297075e-01,3.299999999999999822e+00,3.750000000000000000e+05
7.605463914738304965e+00,2.198105075120925989e+01,1.063749929428100671e+01,3.299999999999999822e+00,0.000000000000000000e+00
7.605513859615929739e+00,2.208094050645828332e+01,1.063749929428100671e+01,3.299999999999999822e+00,3.750000000000000000e+05
7.616248175383345753e+00,2.549422093391418542e+01,1.324987030029297075e-01,3.299999999999999822e+00,0.000000000000000000e+00
7.616298120260970528e+00,2.559411068916320886e+01,1.324987030029297075e-01,3.299999999999999822e+00,3.750000000000000000e+05
7.627032436601178134e+00,2.218082835435867395e+01,1.063749929428100671e+01,3.299999999999999822e+00,0.000000000000000000e+00
7.627082381478802908e+00,2.228071810960769739e+01,1.063749929428100671e+01,3.299999999999999822e+00,3.750000000000000000e+05
7.637816697246218922e+00,2.569399853706359949e+01,1.324987030029297075e-01,3.299999999999999822e+00,0.000000000000000000e+00
7.637866642123843697e+00,2.579388829231262292e+01,1.324987030029297075e-01,3.299999999999999822e+00,3.750000000000000000e+05
7.648600958464051303e+00,2.238060595750808801e+01,1.063749929428100671e+01,3.299999999999999822e+00,0.000000000000000000e+00
7.648650903341676077e+00,2.248049571275711145e+01,1.063749929428100671e+01,3.299999999999999822e+00,3.750000000000000000e+05
7.659385219109092091e+00,2.589377614021301355e+01,1.324987030029297075e-01,3.299999999999999822e+00,0.000000000000000000e+00
7.659435163986716866e+00,2.599366589546203699e+01,1.324987030029297075e-01,3.299999999999999822e+00,3.750000000000000000e+05
7.670169480326924472e+00,2.258038356065750207e+01,1.063749929428100671e+01,3.299999999999999822e+00,0.000000000000000000e+00
7.670219425204549246e+00,2.268027331590652551e+01,1.063749929428100671e+01,3.299999999999999822e+00,3.750000000000000000e+05
7.680953740971965260e+00,2.609355374336242761e+01,1.324987030029297075e-01,3.299999999999999822e+00,0.000000000000000000e+00
7.681003685849590035e+00,2.619344349861145105e+01,1.324987030029297075e-01,3.299999999999999822e+00,3.750000000000000000e+05
7.691738002189797641e+00,2.278016116380691614e+01,1.063749929428100671e+01,3.299999999999999822e+00,0.000000000000000000e+00
7.691787947067422415e+00,2.288005091905593957e+01,1.063749929428100671e+01,3.299999999999999822e+00,3.750000000000000000e+05
7.702522263407630021e+00,2.629333325386047449e+01,1.324987030029297075e-01,3.299999999999999822e+00,0.000000000000000000e+00
7.702572207331580323e+00,2.639322110176086511e+01,1.324987030029297075e-01,3.299999999999999822e+00,3.750000000000000000e+05
7.713306523098996337e+00,2.297994067430496301e+01,1.063749929428100671e+01,3.299999999999999822e+00,0.000000000000000000e+00
7.713356467022946639e+00,2.307982852220535364e+01,1.063749929428100671e+01,3.299999999999999822e+00,3.750000000000000000e+05
7.724090783434753860e+00,2.649311109542846765e+01,1.324987030029297075e-01,3.299999999999999822e+00,0.000000000000000000e+00
7.724140727358704162e+00,2.659299894332885827e+01,1.324987030029297075e-01,3.299999999999999822e+00,3.750000000000000000e+05
7.734875043197718902e+00,2.317971827745437707e+01,1.063749929428100671e+01,3.299999999999999822e+00,0.000000000000000000e+00
7.734924987121669204e+00,2.327960612535476770e+01,1.063749929428100671e+01,3.299999999999999822e+00,3.750000000000000000e+05
7.745659303533476425e+00,2.669288869857788171e+01,1.324987030029297075e-01,3.299999999999999822e+00,0.000000000000000000e+00
7.745709247457426727e+00,2.679277654647827234e+01,1.324987030029297075e-01,3.299999999999999822e+00,3.750000000000000000e+05
7.756443563296441468e+00,2.337949588060379114e+01,1.063749929428100671e+01,3.299999999999999822e+00,0.000000000000000000e+00
7.756493507220391770e+00,2.347938372850418176e+01,1.063749929428100671e+01,3.299999999999999822e+00,3.750000000000000000e+05
7.767227823632198991e+00,2.689266630172729577e+01,1.324987030029297075e-01,3.299999999999999822e+00,0.000000000000000000e+00
7.767277767556149293e+00,2.699255414962768640e+01,1.324987030029297075e-01,3.299999999999999822e+00,3.750000000000000000e+05
7.778012083413063493e+00,2.357927342414856042e+01,1.063749929428100671e+01,3.299999999999999822e+00,0.000000000000000000e+00
7.778062027337013795e+00,2.367916127204895105e+01,1.063749929428100671e+01,3.299999999999999822e+00,3.750000000000000000e+05
7.788796343766720476e+00,2.709244390487670984e+01,1.324987030029297075e-01,3.299999999999999822e+00,0.000000000000000000e+00
7.788846288644345250e+00,2.719233366012573327e+01,1.324987030029297075e-01,3.299999999999999822e+00,3.750000000000000000e+05
7.799580605074051931e+00,2.377905102729797449e+01,1.063749929428100671e+01,3.299999999999999822e+00,0.000000000000000000e+00
7.799630549951676706e+00,2.387894078254699792e+01,1.063749929428100671e+01,3.299999999999999822e+00,3.750000000000000000e+05
7.810364865808590906e+00,2.729222150802612390e+01,1.324987030029297075e-01,3.299999999999999822e+00,0.000000000000000000e+00
7.810414810686215681e+00,2.739211126327514734e+01,1.324987030029297075e-01,3.299999999999999822e+00,3.750000000000000000e+05
7.821149127115922361e+00,2.397882863044738855e+01,1.063749929428100671e+01,3.299999999999999822e+00,0.000000000000000000e+00
7.821199071993547136e+00,2.407871838569641199e+01,1.063749929428100671e+01,3.299999999999999822e+00,3.750000000000000000e+05
7.831933387850461337e+00,2.749199911117553796e+01,1.324987030029297075e-01,3.299999999999999822e+00,0.000000000000000000e+00
7.831983332728086111e+00,2.759188886642456140e+01,1.324987030029297075e-01,3.299999999999999822e+00,3.750000000000000000e+05
7.842717649157792792e+00,2.417860623359680261e+01,1.063749929428100671e+01,3.299999999999999822e+00,0.000000000000000000e+00
7.842767594035417567e+00,2.427849598884582605e+01,1.063749929428100671e+01,3.299999999999999822e+00,3.750000000000000000e+05
7.853501909892331767e+00,2.769177671432495202e+01,1.324987030029297075e-01,3.299999999999999822e+00,0.000000000000000000e+00
7.853551854769956542e+00,2.779166646957397546e+01,1.324987030029297075e-01,3.299999999999999822e+00,3.750000000000000000e+05
7.864286171199663222e+00,2.437838383674621667e+01,1.063749929428100671e+01,3.299999999999999822e+00,0.000000000000000000e+00
7.864336116077287997e+00,2.447827359199524011e+01,1.063749929428100671e+01,3.299999999999999822e+00,3.750000000000000000e+05
7.875070431934202198e+00,2.789155431747436609e+01,1.324987030029297075e-01,3.299999999999999822e+00,0.000000000000000000e+00
7.875120376811826972e+00,2.799144407272338952e+01,1.324987030029297075e-01,3.299999999999999822e+00,3.750000000000000000e+05
7.885854692668741173e+00,2.457816334724426355e+01,1.063749929428100671e+01,3.299999999999999822e+00,0.000000000000000000e+00
7.885904636592691475e+00,2.467805119514465417e+01,1.063749929428100671e+01,3.299999999999999822e+00,3.750000000000000000e+05
7.896638953022398155e+00,2.809133382797241296e+01,1.324987030029297075e-01,3.299999999999999822e+00,0.000000000000000000e+00
7.896688896946348457e+00,2.819122167587280359e+01,1.324987030029297075e-01,3.299999999999999822e+00,3.750000000000000000e+05
7.907423212803262658e+00,2.477794095039367761e+01,1.063749929428100671e+01,3.299999999999999822e+00,0.000000000000000000e+00
7.907473156727212960e+00,2.487782879829406824e+01,1.063749929428100671e+01,3.299999999999999822e+00,3.750000000000000000e+05
7.918207473156919640e+00,2.829111143112182702e+01,1.324987030029297075e-01,3.299999999999999822e+00,0.000000000000000000e+00
7.918257417080869942e+00,2.839099927902221765e+01,1.324987030029297075e-01,3.299999999999999822e+00,3.750000000000000000e+05
7.928991732937784143e+00,2.497771855354309167e+01,1.063749929428100671e+01,3.299999999999999822e+00,0.000000000000000000e+00
7.929041676861734445e+00,2.507760640144348230e+01,1.063749929428100671e+01,3.299999999999999822e+00,3.750000000000000000e+05
7.939775993291441125e+00,2.849088903427124109e+01,1.324987030029297075e-01,3.299999999999999822e+00,0.000000000000000000e+00
7.939825937215391427e+00,2.859077688217163171e+01,1.324987030029297075e-01,3.299999999999999822e+00,3.750000000000000000e+05
7.950560253072305628e+00,2.517749615669250574e+01,1.063749929428100671e+01,3.299999999999999822e+00,0.000000000000000000e+00
7.950610196996255929e+00,2.527738400459289636e+01,1.063749929428100671e+01,3.299999999999999822e+00,3.750000000000000000e+05
7.961344513425962610e+00,2.869066663742065515e+01,1.324987030029297075e-01,3.299999999999999822e+00,0.000000000000000000e+00
7.961394457349912912e+00,2.879055448532104577e+01,1.324987030029297075e-01,3.299999999999999822e+00,3.750000000000000000e+05
7.972128773206827113e+00,2.537727375984191980e+01,1.063749929428100671e+01,3.299999999999999822e+00,0.000000000000000000e+00
7.972178718084451887e+00,2.547716351509094324e+01,1.063749929428100671e+01,3.299999999999999822e+00,3.750000000000000000e+05
7.982913033941366088e+00,2.889044424057006921e+01,1.324987030029297075e-01,3.299999999999999822e+00,0.000000000000000000e+00
7.982962978818990862e+00,2.899033399581909265e+01,1.324987030029297075e-01,3.299999999999999822e+00,3.750000000000000000e+05
7.993697295248697543e+00,2.557705136299133386e+01,1.063749929428100671e+01,3.299999999999999822e+00,0.000000000000000000e+00
7.993747240126322318e+00,2.567694111824035730e+01,1.063749929428100671e+01,3.299999999999999822e+00,3.750000000000000000e+05
8.004481555983236518e+00,2.909022184371948327e+01,1.324987030029297075e-01,3.299999999999999822e+00,0.000000000000000000e+00
8.004531500860860405e+00,2.919011159896850671e+01,1.324987030029297075e-01,3.299999999999999822e+00,3.750000000000000000e+05
8.015265817290567085e+00,2.577682896614074792e+01,1.063749929428100671e+01,3.299999999999999822e+00,0.000000000000000000e+00
8.015315762168190972e+00,2.587671872138977136e+01,1.063749929428100671e+01,3.299999999999999822e+00,3.750000000000000000e+05
8.026050078025106060e+00,2.928999944686889734e+01,1.324987030029297075e-01,3.299999999999999822e+00,0.000000000000000000e+00
8.026100022902729947e+00,2.938988920211792077e+01,1.324987030029297075e-01,3.299999999999999822e+00,3.750000000000000000e+05
8.036834339332436628e+00,2.597660656929016199e+01,1.063749929428100671e+01,3.299999999999999822e+00,0.000000000000000000e+00
8.036884284210060514e+00,2.607649632453918542e+01,1.063749929428100671e+01,3.299999999999999822e+00,3.750000000000000000e+05
8.047618600066975603e+00,2.948977705001831140e+01,1.324987030029297075e-01,3.299999999999999822e+00,0.000000000000000000e+00
8.047668544944599489e+00,2.958966680526733484e+01,1.324987030029297075e-01,3.299999999999999822e+00,3.750000000000000000e+05
8.058402861374306170e+00,2.617638417243957605e+01,1.063749929428100671e+01,3.299999999999999822e+00,0.000000000000000000e+00
8.058452806251930056e+00,2.627627392768859949e+01,1.063749929428100671e+01,3.299999999999999822e+00,3.750000000000000000e+05
8.069187122108845145e+00,2.968955465316772546e+01,1.324987030029297075e-01,3.299999999999999822e+00,0.000000000000000000e+00
8.069237066986469031e+00,2.978944440841674890e+01,1.324987030029297075e-01,3.299999999999999822e+00,3.750000000000000000e+05
8.079971382843384120e+00,2.637616368293762292e+01,1.063749929428100671e+01,3.299999999999999822e+00,0.000000000000000000e+00
8.080021326767333534e+00,2.647605153083801355e+01,1.063749929428100671e+01,3.299999999999999822e+00,3.750000000000000000e+05
8.090755643197040214e+00,2.988933416366577234e+01,1.324987030029297075e-01,3.299999999999999822e+00,0.000000000000000000e+00
8.090805587120989628e+00,2.998922201156616296e+01,1.324987030029297075e-01,3.299999999999999822e+00,3.750000000000000000e+05
8.101539902906305102e+00,2.657594152450561609e+01,1.063749929428100671e+01,3.299999999999999822e+00,0.000000000000000000e+00
8.101589846830254515e+00,2.667582937240600671e+01,1.063749929428100671e+01,3.299999999999999822e+00,3.750000000000000000e+05
8.112324163188361581e+00,3.008911176681518640e+01,1.324987030029297075e-01,3.299999999999999822e+00,0.000000000000000000e+00
8.112374107112310995e+00,3.018899961471557702e+01,1.324987030029297075e-01,3.299999999999999822e+00,3.750000000000000000e+05
8.123108422897626468e+00,2.677571912765503015e+01,1.063749929428100671e+01,3.299999999999999822e+00,0.000000000000000000e+00
8.123158366821575882e+00,2.687560697555542077e+01,1.063749929428100671e+01,3.299999999999999822e+00,3.750000000000000000e+05
8.133892683179682948e+00,3.028888936996460046e+01,1.324987030029297075e-01,3.299999999999999822e+00,0.000000000000000000e+00
8.133942627103632361e+00,3.038877721786499109e+01,1.324987030029297075e-01,3.299999999999999822e+00,3.750000000000000000e+05
8.144676942888947835e+00,2.697549673080444421e+01,1.063749929428100671e+01,3.299999999999999822e+00,0.000000000000000000e+00
8.144726886812897249e+00,2.707538457870483484e+01,1.063749929428100671e+01,3.299999999999999822e+00,3.750000000000000000e+05
8.155461203027806860e+00,3.048866649627685632e+01,1.324987030029297075e-01,3.299999999999999822e+00,0.000000000000000000e+00
8.155511146951756274e+00,3.058855434417724695e+01,1.324987030029297075e-01,3.299999999999999822e+00,3.750000000000000000e+05
8.166245462593874294e+00,2.717527433395385827e+01,1.063749929428100671e+01,3.299999999999999822e+00,0.000000000000000000e+00
8.166295407471498180e+00,2.727516408920288171e+01,1.063749929428100671e+01,3.299999999999999822e+00,3.750000000000000000e+05
8.177029723113616200e+00,3.068844409942627038e+01,1.324987030029297075e-01,3.299999999999999822e+00,0.000000000000000000e+00
8.177079667991240086e+00,3.078833385467529382e+01,1.324987030029297075e-01,3.299999999999999822e+00,3.750000000000000000e+05
8.187813984206149698e+00,2.737505193710327234e+01,1.063749929428100671e+01,3.299999999999999822e+00,0.000000000000000000e+00
8.187863929083773584e+00,2.747494169235229577e+01,1.063749929428100671e+01,3.299999999999999822e+00,3.750000000000000000e+05
8.198598244725891604e+00,3.088822170257568445e+01,1.324987030029297075e-01,3.299999999999999822e+00,0.000000000000000000e+00
8.198648189603515490e+00,3.098811145782470788e+01,1.324987030029297075e-01,3.299999999999999822e+00,3.750000000000000000e+05
8.209382505818425102e+00,2.757482954025268640e+01,1.063749929428100671e+01,3.299999999999999822e+00,0.000000000000000000e+00
8.209432450696048988e+00,2.767471929550170984e+01,1.063749929428100671e+01,3.299999999999999822e+00,3.750000000000000000e+05
8.220166766338167008e+00,3.108799930572509851e+01,1.324987030029297075e-01,3.299999999999999822e+00,0.000000000000000000e+00
8.220216711215790895e+00,3.118788906097412195e+01,1.324987030029297075e-01,3.299999999999999822e+00,3.750000000000000000e+05
8.230951027430700506e+00,2.777460714340210046e+01,1.063749929428100671e+01,3.299999999999999822e+00,0.000000000000000000e+00
8.231000972308324393e+00,2.787449689865112390e+01,1.063749929428100671e+01,3.299999999999999822e+00,3.750000000000000000e+05
8.241735287950442412e+00,3.128777690887451257e+01,1.324987030029297075e-01,3.299999999999999822e+00,0.000000000000000000e+00
8.241785232828066299e+00,3.138766666412353601e+01,1.324987030029297075e-01,3.299999999999999822e+00,3.750000000000000000e+05
8.252519549042975910e+00,2.797438474655151452e+01,1.063749929428100671e+01,3.299999999999999822e+00,0.000000000000000000e+00
8.252569493920599797e+00,2.807427450180053796e+01,1.063749929428100671e+01,3.299999999999999822e+00,3.750000000000000000e+05
8.263303810135509408e+00,3.148755641937255945e+01,1.324987030029297075e-01,3.299999999999999822e+00,0.000000000000000000e+00
8.263353754059458822e+00,3.158744426727295007e+01,1.324987030029297075e-01,3.299999999999999822e+00,3.750000000000000000e+05
8.274088069701576842e+00,2.817416425704956140e+01,1.063749929428100671e+01,3.299999999999999822e+00,0.000000000000000000e+00
8.274138013625526256e+00,2.827405210494995202e+01,1.063749929428100671e+01,3.299999999999999822e+00,3.750000000000000000e+05
8.284872329840435867e+00,3.168733402252197351e+01,1.324987030029297075e-01,3.299999999999999822e+00,0.000000000000000000e+00
8.284922273764385281e+00,3.178722187042236413e+01,1.324987030029297075e-01,3.299999999999999822e+00,3.750000000000000000e+05
8.295656589406503301e+00,2.837394186019897546e+01,1.063749929428100671e+01,3.299999999999999822e+00,0.000000000000000000e+00
8.295706533330452714e+00,2.847382970809936609e+01,1.063749929428100671e+01,3.299999999999999822e+00,3.750000000000000000e+05
8.306440849545362326e+00,3.188711162567138757e+01,1.324987030029297075e-01,3.299999999999999822e+00,0.000000000000000000e+00
8.306490793469311740e+00,3.198699947357177820e+01,1.324987030029297075e-01,3.299999999999999822e+00,3.750000000000000000e+05
8.317225109111429759e+00,2.857371946334838952e+01,1.063749929428100671e+01,3.299999999999999822e+00,0.000000000000000000e+00
8.317275053035379173e+00,2.867360731124878015e+01,1.063749929428100671e+01,3.299999999999999822e+00,3.750000000000000000e+05
8.328009369250288785e+00,3.208688922882080163e+01,1.324987030029297075e-01,3.299999999999999822e+00,0.000000000000000000e+00
8.328059313174238198e+00,3.218677707672119226e+01,1.324987030029297075e-01,3.299999999999999822e+00,3.750000000000000000e+05
8.338793628816356218e+00,2.877349706649780359e+01,1.063749929428100671e+01,3.299999999999999822e+00,0.000000000000000000e+00
8.338843572740305632e+00,2.887338491439819421e+01,1.063749929428100671e+01,3.299999999999999822e+00,3.750000000000000000e+05
8.349577888382423652e+00,3.228666492462158288e+01,1.324987030029297075e-01,3.299999999999999822e+00,0.000000000000000000e+00
8.349627834213722011e+00,3.238655658721923913e+01,1.324987030029297075e-01,3.299999999999999822e+00,3.750000000000000000e+05
8.360362150428631622e+00,2.897327466964721765e+01,1.063749929428100671e+01,3.299999999999999822e+00,0.000000000000000000e+00
8.360412095306255509e+00,2.907316442489624109e+01,1.063749929428100671e+01,3.299999999999999822e+00,3.750000000000000000e+05
8.371146410948373529e+00,3.248644443511962976e+01,1.324987030029297075e-01,3.299999999999999822e+00,0.000000000000000000e+00
8.371196354872322942e+00,3.258633228302002038e+01,1.324987030029297075e-01,3.299999999999999822e+00,3.750000000000000000e+05
8.381930670514440962e+00,2.917305227279663171e+01,1.063749929428100671e+01,3.299999999999999822e+00,0.000000000000000000e+00
8.381980615392064848e+00,2.927294202804565515e+01,1.063749929428100671e+01,3.299999999999999822e+00,3.750000000000000000e+05
8.392714931606974460e+00,3.268622394561767663e+01,1.324987030029297075e-01,3.299999999999999822e+00,0.000000000000000000e+00
8.392764875530923874e+00,3.278611179351806726e+01,1.324987030029297075e-01,3.299999999999999822e+00,3.750000000000000000e+05
8.403499191745833485e+00,2.937282987594604577e+01,1.063749929428100671e+01,3.299999999999999822e+00,0.000000000000000000e+00
8.403549136623457372e+00,2.947271963119506921e+01,1.063749929428100671e+01,3.299999999999999822e+00,3.750000000000000000e+05
8.414283452265575391e+00,3.288599964141845788e+01,1.324987030029297075e-01,3.299999999999999822e+00,0.000000000000000000e+00
8.414333396189524805e+00,3.298588748931884851e+01,1.324987030029297075e-01,3.299999999999999822e+00,3.750000000000000000e+05
8.425067711831642825e+00,2.957260747909545984e+01,1.063749929428100671e+01,3.299999999999999822e+00,0.000000000000000000e+00
8.425117656709266711e+00,2.967249723434448327e+01,1.063749929428100671e+01,3.299999999999999822e+00,3.750000000000000000e+05
8.435851972924176323e+00,3.308577915191650476e+01,1.324987030029297075e-01,3.299999999999999822e+00,0.000000000000000000e+00
8.435901916848125737e+00,3.318566699981689538e+01,1.324987030029297075e-01,3.299999999999999822e+00,3.750000000000000000e+05
8.446636232490243756e+00,2.977238698959350671e+01,1.063749929428100671e+01,3.299999999999999822e+00,0.000000000000000000e+00
8.446686176414193170e+00,2.987227483749389734e+01,1.063749929428100671e+01,3.299999999999999822e+00,3.750000000000000000e+05
8.457420492056311190e+00,3.328555484771728601e+01,1.324987030029297075e-01,3.299999999999999822e+00,0.000000000000000000e+00
8.457470437887609549e+00,3.338544651031494226e+01,1.324987030029297075e-01,3.299999999999999822e+00,3.750000000000000000e+05
8.468204754102519161e+00,2.997216459274292077e+01,1.063749929428100671e+01,3.299999999999999822e+00,0.000000000000000000e+00
8.468254698026468574e+00,3.007205244064331140e+01,1.063749929428100671e+01,3.299999999999999822e+00,3.750000000000000000e+05
8.478989014241378186e+00,3.348533435821533288e+01,1.324987030029297075e-01,3.299999999999999822e+00,0.000000000000000000e+00
8.479038958165327600e+00,3.358522220611572351e+01,1.324987030029297075e-01,3.299999999999999822e+00,3.750000000000000000e+05
8.489773273807445619e+00,3.017194219589233484e+01,1.063749929428100671e+01,3.299999999999999822e+00,0.000000000000000000e+00
8.489823217731395033e+00,3.027183004379272546e+01,1.063749929428100671e+01,3.299999999999999822e+00,3.750000000000000000e+05
8.500557533373513053e+00,3.368511005401611413e+01,1.324987030029297075e-01,3.299999999999999822e+00,0.000000000000000000e+00
8.500607479204811412e+00,3.378500171661377038e+01,1.324987030029297075e-01,3.299999999999999822e+00,3.750000000000000000e+05
8.511341795419721024e+00,3.037171979904174890e+01,1.063749929428100671e+01,3.299999999999999822e+00,0.000000000000000000e+00
8.511391739343670437e+00,3.047160764694213952e+01,1.063749929428100671e+01,3.299999999999999822e+00,3.750000000000000000e+05
8.522126055558580049e+00,3.388488956451416101e+01,1.324987030029297075e-01,3.299999999999999822e+00,0.000000000000000000e+00
8.522175999482529463e+00,3.398477741241455163e+01,1.324987030029297075e-01,3.299999999999999822e+00,3.750000000000000000e+05
8.532910315267844936e+00,3.057149692535400476e+01,1.063749929428100671e+01,3.299999999999999822e+00,0.000000000000000000e+00
8.532960260145468823e+00,3.067138668060302820e+01,1.063749929428100671e+01,3.299999999999999822e+00,3.750000000000000000e+05
8.543694576503575888e+00,3.408466907501220788e+01,1.324987030029297075e-01,3.299999999999999822e+00,0.000000000000000000e+00
8.543744520427525302e+00,3.418455692291259851e+01,1.324987030029297075e-01,3.299999999999999822e+00,3.750000000000000000e+05
8.554478836785632367e+00,3.077127452850341882e+01,1.063749929428100671e+01,3.299999999999999822e+00,0.000000000000000000e+00
8.554528781663256254e+00,3.087116428375244226e+01,1.063749929428100671e+01,3.299999999999999822e+00,3.750000000000000000e+05
8.565263097448571727e+00,3.428444477081298913e+01,1.324987030029297075e-01,3.299999999999999822e+00,0.000000000000000000e+00
8.565313041372521141e+00,3.438433261871337976e+01,1.324987030029297075e-01,3.299999999999999822e+00,3.750000000000000000e+05
8.576047357157836615e+00,3.097105213165283288e+01,1.063749929428100671e+01,3.299999999999999822e+00,0.000000000000000000e+00
8.576097302035460501e+00,3.107094188690185632e+01,1.063749929428100671e+01,3.299999999999999822e+00,3.750000000000000000e+05
8.586831618393567567e+00,3.448422428131103601e+01,1.324987030029297075e-01,3.299999999999999822e+00,0.000000000000000000e+00
8.586881562317516980e+00,3.458411212921142663e+01,1.324987030029297075e-01,3.299999999999999822e+00,3.750000000000000000e+05
8.597615878675624046e+00,3.117082973480224695e+01,1.063749929428100671e+01,3.299999999999999822e+00,0.000000000000000000e+00
8.597665823553247932e+00,3.127071949005127038e+01,1.063749929428100671e+01,3.299999999999999822e+00,3.750000000000000000e+05
8.608400139338563406e+00,3.468399997711181726e+01,1.324987030029297075e-01,3.299999999999999822e+00,0.000000000000000000e+00
8.608450083262512820e+00,3.478388782501220788e+01,1.324987030029297075e-01,3.299999999999999822e+00,3.750000000000000000e+05
8.619184399047828293e+00,3.137060733795166101e+01,1.063749929428100671e+01,3.299999999999999822e+00,0.000000000000000000e+00
8.619234343925452180e+00,3.147049709320068445e+01,1.063749929428100671e+01,3.299999999999999822e+00,3.750000000000000000e+05
8.629968660283559245e+00,3.488377948760986413e+01,1.324987030029297075e-01,3.299999999999999822e+00,0.000000000000000000e+00
8.630018604207508659e+00,3.498366733551025476e+01,1.324987030029297075e-01,3.299999999999999822e+00,3.750000000000000000e+05
8.640752919992824133e+00,3.157038684844970788e+01,1.063749929428100671e+01,3.299999999999999822e+00,0.000000000000000000e+00
8.640802863916773546e+00,3.167027469635009851e+01,1.063749929428100671e+01,3.299999999999999822e+00,3.750000000000000000e+05
8.651537179702089020e+00,3.508355518341064538e+01,1.324987030029297075e-01,3.299999999999999822e+00,0.000000000000000000e+00
8.651587125533387379e+00,3.518344684600830163e+01,1.324987030029297075e-01,3.299999999999999822e+00,3.750000000000000000e+05
8.662321441891494445e+00,3.177016445159912195e+01,1.063749929428100671e+01,3.299999999999999822e+00,0.000000000000000000e+00
8.662371385815443858e+00,3.187005229949951257e+01,1.063749929428100671e+01,3.299999999999999822e+00,3.750000000000000000e+05
8.673105702173550924e+00,3.528333469390869226e+01,1.324987030029297075e-01,3.299999999999999822e+00,0.000000000000000000e+00
8.673155646097500338e+00,3.538322254180908288e+01,1.324987030029297075e-01,3.299999999999999822e+00,3.750000000000000000e+05
8.683889961882815811e+00,3.196994205474853601e+01,1.063749929428100671e+01,3.299999999999999822e+00,0.000000000000000000e+00
8.683939905806765225e+00,3.206982990264892663e+01,1.063749929428100671e+01,3.299999999999999822e+00,3.750000000000000000e+05
8.694674221592080698e+00,3.548311038970947351e+01,1.324987030029297075e-01,3.299999999999999822e+00,0.000000000000000000e+00
8.694724167423379058e+00,3.558300205230712976e+01,1.324987030029297075e-01,3.299999999999999822e+00,3.750000000000000000e+05
8.705458483781486123e+00,3.216971965789795007e+01,1.063749929428100671e+01,3.299999999999999822e+00,0.000000000000000000e+00
8.705508428659110010e+00,3.226960941314697351e+01,1.063749929428100671e+01,3.299999999999999822e+00,3.750000000000000000e+05
8.716242744444425483e+00,3.568288990020752038e+01,1.324987030029297075e-01,3.299999999999999822e+00,0.000000000000000000e+00
8.716292688368374897e+00,3.578277774810791101e+01,1.324987030029297075e-01,3.299999999999999822e+00,3.750000000000000000e+05
8.727027004153690370e+00,3.236949726104736413e+01,1.063749929428100671e+01,3.299999999999999822e+00,0.000000000000000000e+00
8.727076948077639784e+00,3.246938510894775476e+01,1.063749929428100671e+01,3.299999999999999822e+00,3.750000000000000000e+05
8.737811265008540218e+00,3.588266941070556726e+01,1.324987030029297075e-01,3.299999999999999822e+00,0.000000000000000000e+00
8.737861208932489632e+00,3.598255725860595788e+01,1.324987030029297075e-01,3.299999999999999822e+00,3.750000000000000000e+05
8.748595524717805105e+00,3.256927677154541101e+01,1.063749929428100671e+01,3.299999999999999822e+00,0.000000000000000000e+00
8.748645468641754519e+00,3.266916461944580163e+01,1.063749929428100671e+01,3.299999999999999822e+00,3.750000000000000000e+05
8.759379784427069993e+00,3.608244510650634851e+01,1.324987030029297075e-01,3.299999999999999822e+00,0.000000000000000000e+00
8.759429728351019406e+00,3.618233295440673913e+01,1.324987030029297075e-01,3.299999999999999822e+00,3.750000000000000000e+05
8.770164044136334880e+00,3.276905246734619226e+01,1.063749929428100671e+01,3.299999999999999822e+00,0.000000000000000000e+00
8.770213988060284294e+00,3.286894031524658288e+01,1.063749929428100671e+01,3.299999999999999822e+00,3.750000000000000000e+05
8.780948304991184727e+00,3.628222461700439538e+01,1.324987030029297075e-01,3.299999999999999822e+00,0.000000000000000000e+00
8.780998248915134141e+00,3.638211246490478601e+01,1.324987030029297075e-01,3.299999999999999822e+00,3.750000000000000000e+05
8.791732564700449615e+00,3.296883197784423913e+01,1.063749929428100671e+01,3.299999999999999822e+00,0.000000000000000000e+00
8.791782508624399028e+00,3.306871982574462976e+01,1.063749929428100671e+01,3.299999999999999822e+00,3.750000000000000000e+05
8.802516824409714502e+00,3.648200031280517663e+01,1.324987030029297075e-01,3.299999999999999822e+00,0.000000000000000000e+00
8.802566768333663916e+00,3.658188816070556726e+01,1.324987030029297075e-01,3.299999999999999822e+00,3.750000000000000000e+05
8.813301084118979389e+00,3.316860767364502038e+01,1.063749929428100671e+01,3.299999999999999822e+00,0.000000000000000000e+00
8.813351029950277749e+00,3.326849933624267663e+01,1.063749929428100671e+01,3.299999999999999822e+00,3.750000000000000000e+05
8.824085345735593222e+00,3.668177982330322351e+01,1.324987030029297075e-01,3.299999999999999822e+00,0.000000000000000000e+00
8.824135289659542636e+00,3.678166767120361413e+01,1.324987030029297075e-01,3.299999999999999822e+00,3.750000000000000000e+05
8.834869605444858109e+00,3.336838718414306726e+01,1.063749929428100671e+01,3.299999999999999822e+00,0.000000000000000000e+00
8.834919549368807523e+00,3.346827503204345788e+01,1.063749929428100671e+01,3.299999999999999822e+00,3.750000000000000000e+05
8.845653865154122997e+00,3.688155551910400476e+01,1.324987030029297075e-01,3.299999999999999822e+00,0.000000000000000000e+00
8.845703810985421356e+00,3.698144718170166101e+01,1.324987030029297075e-01,3.299999999999999822e+00,3.750000000000000000e+05
8.856438127916321790e+00,3.356816287994384851e+01,1.063749929428100671e+01,3.299999999999999822e+00,0.000000000000000000e+00
8.856488073747620149e+00,3.366805454254150476e+01,1.063749929428100671e+01,3.299999999999999822e+00,3.750000000000000000e+05
8.867222389532935622e+00,3.708133502960205163e+01,1.324987030029297075e-01,3.299999999999999822e+00,0.000000000000000000e+00
8.867272333456885036e+00,3.718122287750244226e+01,1.324987030029297075e-01,3.299999999999999822e+00,3.750000000000000000e+05
8.878006649242200510e+00,3.376794239044189538e+01,1.063749929428100671e+01,3.299999999999999822e+00,0.000000000000000000e+00
8.878056593166149923e+00,3.386783023834228601e+01,1.063749929428100671e+01,3.299999999999999822e+00,3.750000000000000000e+05
8.888790908951465397e+00,3.728111072540283288e+01,1.324987030029297075e-01,3.299999999999999822e+00,0.000000000000000000e+00
8.888840854782763756e+00,3.738100238800048913e+01,1.324987030029297075e-01,3.299999999999999822e+00,3.750000000000000000e+05
8.899575171713664190e+00,3.396771808624267663e+01,1.063749929428100671e+01,3.299999999999999822e+00,0.000000000000000000e+00
8.899625117544962549e+00,3.406760974884033288e+01,1.063749929428100671e+01,3.299999999999999822e+00,3.750000000000000000e+05
8.910359433330278023e+00,3.748089023590087976e+01,1.324987030029297075e-01,3.299999999999999822e+00,0.000000000000000000e+00
8.910409377254227437e+00,3.758077808380127038e+01,1.324987030029297075e-01,3.299999999999999822e+00,3.750000000000000000e+05
8.921143693039542910e+00,3.416749759674072351e+01,1.063749929428100671e+01,3.299999999999999822e+00,0.000000000000000000e+00
8.921193636963492324e+00,3.426738544464111413e+01,1.063749929428100671e+01,3.299999999999999822e+00,3.750000000000000000e+05
8.931927953894392758e+00,3.768066974639892663e+01,1.324987030029297075e-01,3.299999999999999822e+00,0.000000000000000000e+00
8.931977897818342171e+00,3.778055759429931726e+01,1.324987030029297075e-01,3.299999999999999822e+00,3.750000000000000000e+05
8.942712213603657645e+00,3.436727710723877038e+01,1.063749929428100671e+01,3.299999999999999822e+00,0.000000000000000000e+00
8.942762157527607059e+00,3.446716495513916101e+01,1.063749929428100671e+01,3.299999999999999822e+00,3.750000000000000000e+05
8.953496473312922532e+00,3.788044544219970788e+01,1.324987030029297075e-01,3.299999999999999822e+00,0.000000000000000000e+00
8.953546417236871946e+00,3.798033329010009851e+01,1.324987030029297075e-01,3.299999999999999822e+00,3.750000000000000000e+05
8.964280733022187420e+00,3.456705280303955163e+01,1.063749929428100671e+01,3.299999999999999822e+00,0.000000000000000000e+00
8.964330676946136833e+00,3.466694065093994226e+01,1.063749929428100671e+01,3.299999999999999822e+00,3.750000000000000000e+05
8.975064993877037267e+00,3.808022495269775476e+01,1.324987030029297075e-01,3.299999999999999822e+00,0.000000000000000000e+00
8.975114937800986681e+00,3.818011280059814538e+01,1.324987030029297075e-01,3.299999999999999822e+00,3.750000000000000000e+05
8.985849253586302154e+00,3.476683231353759851e+01,1.063749929428100671e+01,3.299999999999999822e+00,0.000000000000000000e+00
8.985899197510251568e+00,3.486672016143798913e+01,1.063749929428100671e+01,3.299999999999999822e+00,3.750000000000000000e+05
8.996633513295567042e+00,3.828000064849853601e+01,1.324987030029297075e-01,3.299999999999999822e+00,0.000000000000000000e+00
8.996683457219516455e+00,3.837988849639892663e+01,1.324987030029297075e-01,3.299999999999999822e+00,3.750000000000000000e+05
9.007417773004831929e+00,3.496660800933837976e+01,1.063749929428100671e+01,3.299999999999999822e+00,0.000000000000000000e+00
9.007467718836130288e+00,3.506649967193603601e+01,1.063749929428100671e+01,3.299999999999999822e+00,3.750000000000000000e+05
9.018202034621445762e+00,3.847978015899658288e+01,1.324987030029297075e-01,3.299999999999999822e+00,0.000000000000000000e+00
9.018251979022233300e+00,3.857966896057128992e+01,1.324987030029297075e-01,3.299999999999999822e+00,3.750000000000000000e+05
9.028986295093945458e+00,3.516638751983642663e+01,1.063749929428100671e+01,3.299999999999999822e+00,0.000000000000000000e+00
9.029036239017894871e+00,3.526627536773681726e+01,1.063749929428100671e+01,3.299999999999999822e+00,3.750000000000000000e+05
9.039770555089607029e+00,3.867955680847168054e+01,1.324987030029297075e-01,3.299999999999999822e+00,0.000000000000000000e+00
9.039820500920905388e+00,3.877944847106933679e+01,1.324987030029297075e-01,3.299999999999999822e+00,3.750000000000000000e+05
9.050554818138202506e+00,3.536616321563720788e+01,1.063749929428100671e+01,3.299999999999999822e+00,0.000000000000000000e+00
9.050604763969500866e+00,3.546605487823486413e+01,1.063749929428100671e+01,3.299999999999999822e+00,3.750000000000000000e+05
9.061339080041213023e+00,3.887933631896972742e+01,1.324987030029297075e-01,3.299999999999999822e+00,0.000000000000000000e+00
9.061389023965162437e+00,3.897922416687011804e+01,1.324987030029297075e-01,3.299999999999999822e+00,3.750000000000000000e+05
9.072123340036874595e+00,3.556594272613525476e+01,1.063749929428100671e+01,3.299999999999999822e+00,0.000000000000000000e+00
9.072173283960824008e+00,3.566583057403564538e+01,1.063749929428100671e+01,3.299999999999999822e+00,3.750000000000000000e+05
9.082907600032536166e+00,3.907911201477050867e+01,1.324987030029297075e-01,3.299999999999999822e+00,0.000000000000000000e+00
9.082957545863834525e+00,3.917900367736816492e+01,1.324987030029297075e-01,3.299999999999999822e+00,3.750000000000000000e+05
9.093691863081131643e+00,3.576571842193603601e+01,1.063749929428100671e+01,3.299999999999999822e+00,0.000000000000000000e+00
9.093741808912430002e+00,3.586561008453369226e+01,1.063749929428100671e+01,3.299999999999999822e+00,3.750000000000000000e+05
9.104476124984142160e+00,3.927889152526855554e+01,1.324987030029297075e-01,3.299999999999999822e+00,0.000000000000000000e+00
9.104526068908091574e+00,3.937877937316894617e+01,1.324987030029297075e-01,3.299999999999999822e+00,3.750000000000000000e+05
9.115260384979803732e+00,3.596549793243408288e+01,1.063749929428100671e+01,3.299999999999999822e+00,0.000000000000000000e+00
9.115310328903753145e+00,3.606538578033447351e+01,1.063749929428100671e+01,3.299999999999999822e+00,3.750000000000000000e+05
9.126044646121050263e+00,3.947867103576660242e+01,1.324987030029297075e-01,3.299999999999999822e+00,0.000000000000000000e+00
9.126094590044999677e+00,3.957855888366699304e+01,1.324987030029297075e-01,3.299999999999999822e+00,3.750000000000000000e+05
9.136828906116711835e+00,3.616527744293212976e+01,1.063749929428100671e+01,3.299999999999999822e+00,0.000000000000000000e+00
9.136878850040661248e+00,3.626516529083252038e+01,1.063749929428100671e+01,3.299999999999999822e+00,3.750000000000000000e+05
9.147613166112373406e+00,3.967844673156738367e+01,1.324987030029297075e-01,3.299999999999999822e+00,0.000000000000000000e+00
9.147663110036322820e+00,3.977833457946777429e+01,1.324987030029297075e-01,3.299999999999999822e+00,3.750000000000000000e+05
9.158397426108034978e+00,3.636505313873291101e+01,1.063749929428100671e+01,3.299999999999999822e+00,0.000000000000000000e+00
9.158447370031984391e+00,3.646494098663330163e+01,1.063749929428100671e+01,3.299999999999999822e+00,3.750000000000000000e+05
9.169181687249281509e+00,3.987822624206543054e+01,1.324987030029297075e-01,3.299999999999999822e+00,0.000000000000000000e+00
9.169231631173230923e+00,3.997811408996582117e+01,1.324987030029297075e-01,3.299999999999999822e+00,3.750000000000000000e+05
9.179965947244943081e+00,3.656483264923095788e+01,1.063749929428100671e+01,3.299999999999999822e+00,0.000000000000000000e+00
9.180015891168892495e+00,3.666472049713134851e+01,1.063749929428100671e+01,3.299999999999999822e+00,3.750000000000000000e+05
9.190750207240604652e+00,4.007800193786621179e+01,1.324987030029297075e-01,3.299999999999999822e+00,0.000000000000000000e+00
9.190800153071903011e+00,4.017789360046386804e+01,1.324987030029297075e-01,3.299999999999999822e+00,3.750000000000000000e+05
9.201534470289200129e+00,3.676460834503173913e+01,1.063749929428100671e+01,3.299999999999999822e+00,0.000000000000000000e+00
9.201584416120498489e+00,3.686450000762939538e+01,1.063749929428100671e+01,3.299999999999999822e+00,3.750000000000000000e+05
9.212318732192210646e+00,4.027778144836425867e+01,1.324987030029297075e-01,3.299999999999999822e+00,0.000000000000000000e+00
9.212368676116160060e+00,4.037766929626464929e+01,1.324987030029297075e-01,3.299999999999999822e+00,3.750000000000000000e+05
9.223102992187872218e+00,3.696438785552978601e+01,1.063749929428100671e+01,3.299999999999999822e+00,0.000000000000000000e+00
9.223152936111821631e+00,3.706427570343017663e+01,1.063749929428100671e+01,3.299999999999999822e+00,3.750000000000000000e+05
9.233887252183533789e+00,4.047755714416503992e+01,1.324987030029297075e-01,3.299999999999999822e+00,0.000000000000000000e+00
9.233937198014832148e+00,4.057744880676269617e+01,1.324987030029297075e-01,3.299999999999999822e+00,3.750000000000000000e+05
9.244671515232129266e+00,3.716416355133056726e+01,1.063749929428100671e+01,3.299999999999999822e+00,0.000000000000000000e+00
9.244721461063427626e+00,3.726405521392822351e+01,1.063749929428100671e+01,3.299999999999999822e+00,3.750000000000000000e+05
9.255455777135139783e+00,4.067733665466308679e+01,1.324987030029297075e-01,3.299999999999999822e+00,0.000000000000000000e+00
9.255505721059089197e+00,4.077722450256347742e+01,1.324987030029297075e-01,3.299999999999999822e+00,3.750000000000000000e+05
9.266240037130801355e+00,3.736394306182861413e+01,1.063749929428100671e+01,3.299999999999999822e+00,0.000000000000000000e+00
9.266289981054750768e+00,3.746383090972900476e+01,1.063749929428100671e+01,3.299999999999999822e+00,3.750000000000000000e+05
9.277024297126462926e+00,4.087711235046386804e+01,1.324987030029297075e-01,3.299999999999999822e+00,0.000000000000000000e+00
9.277074242957761285e+00,4.097700401306152429e+01,1.324987030029297075e-01,3.299999999999999822e+00,3.750000000000000000e+05
9.287808560175058403e+00,3.756371875762939538e+01,1.063749929428100671e+01,3.299999999999999822e+00,0.000000000000000000e+00
9.287858506006356762e+00,3.766361042022705163e+01,1.063749929428100671e+01,3.299999999999999822e+00,3.750000000000000000e+05
9.298592822078068920e+00,4.107689186096191492e+01,1.324987030029297075e-01,3.299999999999999822e+00,0.000000000000000000e+00
9.298642766002018334e+00,4.117677970886230554e+01,1.324987030029297075e-01,3.299999999999999822e+00,3.750000000000000000e+05
9.309377082073730492e+00,3.776349826812744226e+01,1.063749929428100671e+01,3.299999999999999822e+00,0.000000000000000000e+00
9.309427025997679905e+00,3.786338611602783288e+01,1.063749929428100671e+01,3.299999999999999822e+00,3.750000000000000000e+05
9.320161343214977023e+00,4.127667137145996179e+01,1.324987030029297075e-01,3.299999999999999822e+00,0.000000000000000000e+00
9.320211287138926437e+00,4.137655921936035242e+01,1.324987030029297075e-01,3.299999999999999822e+00,3.750000000000000000e+05
9.330945603210638595e+00,3.796327777862548913e+01,1.063749929428100671e+01,3.299999999999999822e+00,0.000000000000000000e+00
9.330995547134588008e+00,3.806316562652587976e+01,1.063749929428100671e+01,3.299999999999999822e+00,3.750000000000000000e+05
9.341729863206300166e+00,4.147644706726074304e+01,1.324987030029297075e-01,3.299999999999999822e+00,0.000000000000000000e+00
9.341779807130249580e+00,4.157633491516113367e+01,1.324987030029297075e-01,3.299999999999999822e+00,3.750000000000000000e+05
9.352514123201961738e+00,3.816305347442627038e+01,1.063749929428100671e+01,3.299999999999999822e+00,0.000000000000000000e+00
9.352564067125911151e+00,3.826294132232666101e+01,1.063749929428100671e+01,3.299999999999999822e+00,3.750000000000000000e+05
9.363298384343208269e+00,4.167622657775878992e+01,1.324987030029297075e-01,3.299999999999999822e+00,0.000000000000000000e+00
9.363348328267157683e+00,4.177611442565918054e+01,1.324987030029297075e-01,3.299999999999999822e+00,3.750000000000000000e+05
9.374082644338869841e+00,3.836283298492431726e+01,1.063749929428100671e+01,3.299999999999999822e+00,0.000000000000000000e+00
9.374132588262819255e+00,3.846272083282470788e+01,1.063749929428100671e+01,3.299999999999999822e+00,3.750000000000000000e+05
9.384866904334531412e+00,4.187600227355957117e+01,1.324987030029297075e-01,3.299999999999999822e+00,0.000000000000000000e+00
9.384916850165829771e+00,4.197589393615722742e+01,1.324987030029297075e-01,3.299999999999999822e+00,3.750000000000000000e+05
9.395651167096730205e+00,3.856260963439941492e+01,1.063749929428100671e+01,3.299999999999999822e+00,0.000000000000000000e+00
9.395701112928028564e+00,3.866250129699707117e+01,1.063749929428100671e+01,3.299999999999999822e+00,3.750000000000000000e+05
9.406435428713344038e+00,4.207578178405761804e+01,1.324987030029297075e-01,3.299999999999999822e+00,0.000000000000000000e+00
9.406485372637293452e+00,4.217566963195800867e+01,1.324987030029297075e-01,3.299999999999999822e+00,3.750000000000000000e+05
9.417219688422608925e+00,3.876238914489746179e+01,1.063749929428100671e+01,3.299999999999999822e+00,0.000000000000000000e+00
9.417269632346558339e+00,3.886227699279785242e+01,1.063749929428100671e+01,3.299999999999999822e+00,3.750000000000000000e+05
9.428003948131873813e+00,4.227555747985839929e+01,1.324987030029297075e-01,3.299999999999999822e+00,0.000000000000000000e+00
9.428053893963172172e+00,4.237544914245605554e+01,1.324987030029297075e-01,3.299999999999999822e+00,3.750000000000000000e+05
9.438788210894072606e+00,3.896216484069824304e+01,1.063749929428100671e+01,3.299999999999999822e+00,0.000000000000000000e+00
9.438838156725370965e+00,3.906205650329589929e+01,1.063749929428100671e+01,3.299999999999999822e+00,3.750000000000000000e+05
9.449572472510686438e+00,4.247533699035644617e+01,1.324987030029297075e-01,3.299999999999999822e+00,0.000000000000000000e+00
9.449622416434635852e+00,4.257522483825683679e+01,1.324987030029297075e-01,3.299999999999999822e+00,3.750000000000000000e+05
9.460356732219951326e+00,3.916194435119628992e+01,1.063749929428100671e+01,3.299999999999999822e+00,0.000000000000000000e+00
9.460406676143900739e+00,3.926183219909668054e+01,1.063749929428100671e+01,3.299999999999999822e+00,3.750000000000000000e+05
9.471140991929216213e+00,4.267511268615722742e+01,1.324987030029297075e-01,3.299999999999999822e+00,0.000000000000000000e+00
9.471190937760514572e+00,4.277500434875488367e+01,1.324987030029297075e-01,3.299999999999999822e+00,3.750000000000000000e+05
9.481925253545830046e+00,3.936172386169433679e+01,1.063749929428100671e+01,3.299999999999999822e+00,0.000000000000000000e+00
9.481975197469779459e+00,3.946161170959472742e+01,1.063749929428100671e+01,3.299999999999999822e+00,3.750000000000000000e+05
9.492709513255094933e+00,4.287489219665527429e+01,1.324987030029297075e-01,3.299999999999999822e+00,0.000000000000000000e+00
9.492759457179044347e+00,4.297478004455566492e+01,1.324987030029297075e-01,3.299999999999999822e+00,3.750000000000000000e+05
9.503493772964359820e+00,3.956149955749511804e+01,1.063749929428100671e+01,3.299999999999999822e+00,0.000000000000000000e+00
9.503543716888309234e+00,3.966138740539550867e+01,1.063749929428100671e+01,3.299999999999999822e+00,3.750000000000000000e+05
9.514278033819209668e+00,4.307467170715332117e+01,1.324987030029297075e-01,3.299999999999999822e+00,0.000000000000000000e+00
9.514327977743159082e+00,4.317455955505371179e+01,1.324987030029297075e-01,3.299999999999999822e+00,3.750000000000000000e+05
9.525062293528474555e+00,3.976127906799316492e+01,1.063749929428100671e+01,3.299999999999999822e+00,0.000000000000000000e+00
9.525112237452423969e+00,3.986116691589355554e+01,1.063749929428100671e+01,3.299999999999999822e+00,3.750000000000000000e+05
9.535846553237739442e+00,4.327444740295410242e+01,1.324987030029297075e-01,3.299999999999999822e+00,0.000000000000000000e+00
9.535896497161688856e+00,4.337433525085449304e+01,1.324987030029297075e-01,3.299999999999999822e+00,3.750000000000000000e+05
9.546630812947004330e+00,3.996105476379394617e+01,1.063749929428100671e+01,3.299999999999999822e+00,0.000000000000000000e+00
9.546680756870953743e+00,4.006094261169433679e+01,1.063749929428100671e+01,3.299999999999999822e+00,3.750000000000000000e+05
9.557415073801854177e+00,4.347422691345214929e+01,1.324987030029297075e-01,3.299999999999999822e+00,0.000000000000000000e+00
9.557465017725803591e+00,4.357411476135253992e+01,1.324987030029297075e-01,3.299999999999999822e+00,3.750000000000000000e+05
9.568199333511119065e+00,4.016083427429199304e+01,1.063749929428100671e+01,3.299999999999999822e+00,0.000000000000000000e+00
9.568249277435068478e+00,4.026072212219238367e+01,1.063749929428100671e+01,3.299999999999999822e+00,3.750000000000000000e+05
9.578983593220383952e+00,4.367400260925293054e+01,1.324987030029297075e-01,3.299999999999999822e+00,0.000000000000000000e+00
9.579033539051682311e+00,4.377389427185058679e+01,1.324987030029297075e-01,3.299999999999999822e+00,3.750000000000000000e+05
9.589767855982582745e+00,4.036060997009277429e+01,1.063749929428100671e+01,3.299999999999999822e+00,0.000000000000000000e+00
9.589817801813881104e+00,4.046050163269043054e+01,1.063749929428100671e+01,3.299999999999999822e+00,3.750000000000000000e+05
9.600552117599196578e+00,4.387378211975097742e+01,1.324987030029297075e-01,3.299999999999999822e+00,0.000000000000000000e+00
9.600602061523145991e+00,4.397366996765136804e+01,1.324987030029297075e-01,3.299999999999999822e+00,3.750000000000000000e+05
9.611336377308461465e+00,4.056038948059082117e+01,1.063749929428100671e+01,3.299999999999999822e+00,0.000000000000000000e+00
9.611386321232410879e+00,4.066027732849121179e+01,1.063749929428100671e+01,3.299999999999999822e+00,3.750000000000000000e+05
9.622120637017726352e+00,4.407355781555175867e+01,1.324987030029297075e-01,3.299999999999999822e+00,0.000000000000000000e+00
9.622170582849024711e+00,4.417344947814941492e+01,1.324987030029297075e-01,3.299999999999999822e+00,3.750000000000000000e+05
9.632904899779925145e+00,4.076016517639160242e+01,1.063749929428100671e+01,3.299999999999999822e+00,0.000000000000000000e+00
9.632954845611223504e+00,4.086005683898925867e+01,1.063749929428100671e+01,3.299999999999999822e+00,3.750000000000000000e+05
9.643689161396538978e+00,4.427333732604980554e+01,1.324987030029297075e-01,3.299999999999999822e+00,0.000000000000000000e+00
9.643739105320488392e+00,4.437322517395019617e+01,1.324987030029297075e-01,3.299999999999999822e+00,3.750000000000000000e+05
9.654473421105803865e+00,4.095994468688964929e+01,1.063749929428100671e+01,3.299999999999999822e+00,0.000000000000000000e+00
9.654523365029753279e+00,4.105983253479003992e+01,1.063749929428100671e+01,3.299999999999999822e+00,3.750000000000000000e+05
9.665257680815068753e+00,4.447311302185058679e+01,1.324987030029297075e-01,3.299999999999999822e+00,0.000000000000000000e+00
9.665307626646367112e+00,4.457300468444824304e+01,1.324987030029297075e-01,3.299999999999999822e+00,3.750000000000000000e+05
9.676041942431682585e+00,4.115972419738769617e+01,1.063749929428100671e+01,3.299999999999999822e+00,0.000000000000000000e+00
9.676091886355631999e+00,4.125961204528808679e+01,1.063749929428100671e+01,3.299999999999999822e+00,3.750000000000000000e+05
9.686826202140947473e+00,4.467289253234863367e+01,1.324987030029297075e-01,3.299999999999999822e+00,0.000000000000000000e+00
9.686876146064896886e+00,4.477278038024902429e+01,1.324987030029297075e-01,3.299999999999999822e+00,3.750000000000000000e+05
9.697610461850212360e+00,4.135949989318847742e+01,1.063749929428100671e+01,3.299999999999999822e+00,0.000000000000000000e+00
9.697660405774161774e+00,4.145938774108886804e+01,1.063749929428100671e+01,3.299999999999999822e+00,3.750000000000000000e+05
9.708284115610240406e+00,4.483750053405761804e+01,2.407426452636718950e-01,3.299999999999999822e+00,0.000000000000000000e+00
9.708437828836558481e+00,4.483750053405761804e+01,5.481690979003905895e-01,3.299999999999999822e+00,3.750000000000000000e+05
9.718747400526476454e+00,4.155927940368652429e+01,1.063749929428100671e+01,3.299999999999999822e+00,0.000000000000000000e+00
9.718797344450425868e+00,4.165916725158691492e+01,1.063749929428100671e+01,3.299999999999999822e+00,3.750000000000000000e+05
9.728792779139766367e+00,4.483750053405761804e+01,8.555955505371093395e-01,3.299999999999999822e+00,0.000000000000000000e+00
9.728946492366084442e+00,4.483750053405761804e+01,1.163022003173828089e+00,3.299999999999999822e+00,3.750000000000000000e+05
9.738627790054845690e+00,4.175905509948730554e+01,1.063749929428100671e+01,3.299999999999999822e+00,0.000000000000000000e+00
9.738677733978795104e+00,4.185894294738769617e+01,1.063749929428100671e+01,3.299999999999999822e+00,3.750000000000000000e+05
9.748044894666978877e+00,4.483750053405761804e+01,1.470448455810546839e+00,3.299999999999999822e+00,0.000000000000000000e+00
9.748198607893296952e+00,4.483750053405761804e+01,1.777874908447265589e+00,3.299999999999999822e+00,3.750000000000000000e+05
9.757251630435320067e+00,4.195883460998535242e+01,1.063749929428100671e+01,3.299999999999999822e+00,0.000000000000000000e+00
9.757301574359269480e+00,4.205872245788574304e+01,1.063749929428100671e+01,3.299999999999999822e+00,3.750000000000000000e+05
9.766040459900713344e+00,4.483750053405761804e+01,2.085301361083984339e+00,3.299999999999999822e+00,0.000000000000000000e+00
9.766194173127031419e+00,4.483750053405761804e+01,2.392727813720703089e+00,3.299999999999999822e+00,3.750000000000000000e+05
9.774618921667897808e+00,4.215861030578613367e+01,1.063749929428100671e+01,3.299999999999999822e+00,0.000000000000000000e+00
9.774668867499196168e+00,4.225850196838378992e+01,1.063749929428100671e+01,3.299999999999999822e+00,3.750000000000000000e+05
9.782779477893901898e+00,4.483750053405761804e+01,2.700154266357421839e+00,3.299999999999999822e+00,0.000000000000000000e+00
9.782933191120219973e+00,4.483750053405761804e+01,3.007580718994140589e+00,3.299999999999999822e+00,3.750000000000000000e+05
9.790729664514348229e+00,4.235838981628418054e+01,1.063749929428100671e+01,3.299999999999999822e+00,0.000000000000000000e+00
9.790779608438297643e+00,4.245827766418457117e+01,1.063749929428100671e+01,3.299999999999999822e+00,3.750000000000000000e+05
9.798261944831846648e+00,4.483750053405761804e+01,3.315007171630859339e+00,3.299999999999999822e+00,0.000000000000000000e+00
9.798415658058164723e+00,4.483750053405761804e+01,3.622433624267578089e+00,3.299999999999999822e+00,3.750000000000000000e+05
9.805583857451136254e+00,4.255816551208496179e+01,1.063749929428100671e+01,3.299999999999999822e+00,0.000000000000000000e+00
9.805633803282434613e+00,4.265805717468261804e+01,1.063749929428100671e+01,3.299999999999999822e+00,3.750000000000000000e+05
9.812487864529245485e+00,4.483750053405761804e+01,3.929860076904296839e+00,3.299999999999999822e+00,0.000000000000000000e+00
9.812641577755563560e+00,4.483750053405761804e+01,4.237286529541015589e+00,3.299999999999999822e+00,3.750000000000000000e+05
9.819181502001795181e+00,4.275794502258300867e+01,1.063749929428100671e+01,3.299999999999999822e+00,0.000000000000000000e+00
9.819231445925744595e+00,4.285783287048339929e+01,1.063749929428100671e+01,3.299999999999999822e+00,3.750000000000000000e+05
9.825457233171398741e+00,4.483750053405761804e+01,4.544712982177734339e+00,3.299999999999999822e+00,0.000000000000000000e+00
9.825610946397716816e+00,4.483750053405761804e+01,4.852139434814453089e+00,3.299999999999999822e+00,3.750000000000000000e+05
9.831522595497210304e+00,4.295772453308105554e+01,1.063749929428100671e+01,3.299999999999999822e+00,0.000000000000000000e+00
9.831572539421159718e+00,4.305761238098144617e+01,1.063749929428100671e+01,3.299999999999999822e+00,3.750000000000000000e+05
9.837170051520073955e+00,4.483750053405761804e+01,5.159565887451171839e+00,3.299999999999999822e+00,0.000000000000000000e+00
9.837323764746392030e+00,4.483750053405761804e+01,5.466992340087890589e+00,3.299999999999999822e+00,3.750000000000000000e+05
9.842607139844728792e+00,4.315750022888183679e+01,1.063749929428100671e+01,3.299999999999999822e+00,0.000000000000000000e+00
9.842657083768678206e+00,4.325738807678222742e+01,1.063749929428100671e+01,3.299999999999999822e+00,3.750000000000000000e+05
9.847626321866437493e+00,4.483750053405761804e+01,5.774418792724609339e+00,3.299999999999999822e+00,0.000000000000000000e+00
9.847780035092755568e+00,4.483750053405761804e+01,6.081845245361328089e+00,3.299999999999999822e+00,3.750000000000000000e+05
9.852435135044354197e+00,4.335727973937988367e+01,1.063749929428100671e+01,3.299999999999999822e+00,0.000000000000000000e+00
9.852485078968303611e+00,4.345716758728027429e+01,1.063749929428100671e+01,3.299999999999999822e+00,3.750000000000000000e+05
9.856826041919322989e+00,4.483750053405761804e+01,6.389271697998046839e+00,3.299999999999999822e+00,0.000000000000000000e+00
9.856979755145641064e+00,4.483750053405761804e+01,6.696698150634765589e+00,3.299999999999999822e+00,3.750000000000000000e+05
9.861006581096082968e+00,4.355705543518066492e+01,1.063749929428100671e+01,3.299999999999999822e+00,0.000000000000000000e+00
9.861056525020032382e+00,4.365694328308105554e+01,1.063749929428100671e+01,3.299999999999999822e+00,3.750000000000000000e+05
9.864769213969898587e+00,4.483750053405761804e+01,7.004124603271484339e+00,3.299999999999999822e+00,0.000000000000000000e+00
9.864922927196216662e+00,4.483750053405761804e+01,7.311551055908203089e+00,3.299999999999999822e+00,3.750000000000000000e+05
9.868321477999918656e+00,4.375683494567871179e+01,1.063749929428100671e+01,3.299999999999999822e+00,0.000000000000000000e+00
9.868371421923868070e+00,4.385672279357910242e+01,1.063749929428100671e+01,3.299999999999999822e+00,3.750000000000000000e+05
9.871455835726992589e+00,4.483750053405761804e+01,7.618977508544921839e+00,3.299999999999999822e+00,0.000000000000000000e+00
9.871609548953310664e+00,4.483750053405761804e+01,7.926403961181640589e+00,3.299999999999999822e+00,3.750000000000000000e+05
9.874379825755857709e+00,4.395661064147949304e+01,1.063749929428100671e+01,3.299999999999999822e+00,0.000000000000000000e+00
9.874429771587156068e+00,4.405650230407714929e+01,1.063749929428100671e+01,3.299999999999999822e+00,3.750000000000000000e+05
9.876885910243542455e+00,4.483750053405761804e+01,8.233830413818360228e+00,3.299999999999999822e+00,0.000000000000000000e+00
9.877039623469860530e+00,4.483750053405761804e+01,8.541256866455078978e+00,3.299999999999999822e+00,3.750000000000000000e+05
9.879181625125667665e+00,4.415639015197753992e+01,1.063749929428100671e+01,3.299999999999999822e+00,0.000000000000000000e+00
9.879231569049617079e+00,4.425627799987793054e+01,1.063749929428100671e+01,3.299999999999999822e+00,3.750000000000000000e+05
9.881059433704846739e+00,4.483750053405761804e+01,8.848683319091797728e+00,3.299999999999999822e+00,0.000000000000000000e+00
9.881213146931164815e+00,4.483750053405761804e+01,9.156109771728516478e+00,3.299999999999999822e+00,3.750000000000000000e+05
9.882726874585818777e+00,4.435616584777832117e+01,1.063749929428100671e+01,3.299999999999999822e+00,0.000000000000000000e+00
9.882776820417117136e+00,4.445605751037597742e+01,1.063749929428100671e+01,3.299999999999999822e+00,3.750000000000000000e+05
9.883976409925606887e+00,4.483750053405761804e+01,9.463536224365235228e+00,3.299999999999999822e+00,0.000000000000000000e+00
9.884130123151924963e+00,4.483750053405761804e+01,9.770962677001953978e+00,3.299999999999999822e+00,3.750000000000000000e+05
9.885015575659837239e+00,4.455594535827636804e+01,1.063749929428100671e+01,3.299999999999999822e+00,0.000000000000000000e+00
9.885065519583786653e+00,4.465583320617675867e+01,1.063749929428100671e+01,3.299999999999999822e+00,3.750000000000000000e+05
9.885636835531840916e+00,4.483750053405761804e+01,1.007838865280151452e+01,3.299999999999999822e+00,0.000000000000000000e+00
9.885790548758158991e+00,4.483750053405761804e+01,1.038581510543823327e+01,3.299999999999999822e+00,3.750000000000000000e+05
9.886047726560054372e+00,4.475572486877441492e+01,1.063749929428100671e+01,3.299999999999999822e+00,0.000000000000000000e+00
9.886127197566160874e+00,4.483750053405761804e+01,1.063749929428100671e+01,3.299999999999999822e+00,3.750000000000000000e+05
9.896336138859920695e+00,4.483750053405761804e+01,1.324987030029297075e-01,3.299999999999999822e+00,3.750000000000000000e+05
9.939781232962014101e+00,1.324987030029297075e-01,1.324987030029297075e-01,3.299999999999999822e+00,3.750000000000000000e+05
9.949990174255773923e+00,1.324987030029297075e-01,1.063749929428100671e+01,3.299999999999999822e+00,3.750000000000000000e+05
9.972342675171301352e+00,4.483750053405761804e+01,1.063749929428100671e+01,3.299999999999999822e+00,0.000000000000000000e+00
9.982597880413143443e+00,4.488499923706054773e+01,8.500000000000000611e-02,3.299999999999999822e+00,3.750000000000000000e+05
9.992899143219553082e+00,4.488499923706054773e+01,1.068499942779541101e+01,3.299999999999999822e+00,3.750000000000000000e+05
1.003643655744410168e+01,8.500000000000000611e-02,1.068499942779541101e+01,3.299999999999999822e+00,3.750000000000000000e+05
1.004673782025051132e+01,8.500000000000000611e-02,8.500000000000000611e-02,3.299999999999999822e+00,3.750000000000000000e+05
1.006913781986904155e+01,4.488499923706054773e+01,8.500000000000000611e-02,3.299999999999999822e+00,0.000000000000000000e+00
