2600 0 1 0           
17 Abaqus 2022 - 310 12 ACIS 31.0 NT 24 Thu May 18 12:57:03 2023 
1 9.9999999999999995e-07 1e-10 
T @77 B6_TRWAQRPM8RGS7HS2THZSHG24MY28EDCSCJ47B3CF4G6Q5FCS3M87UJCAMR876YAMKJENHKCMVQ 
-0 body $1 -1 -1 $-1 $2 $-1 $3 T 0 0 -5.6039617390979402e-11 4.7999999999999998 4.8000000000560394 4.7999999999999998 #
-1 string_attrib-name_attrib-gen-attrib $-1 -1 $4 $-1 $0 2 1 1 1 1 1 1 1 1 1 1 1 1 1 0 1 1 1 @13 HKS_PART_NAME @17 cube_with_holes_2 #
-2 lump $5 -1 -1 $-1 $-1 $6 $0 T 0 0 -5.6039617390979402e-11 4.7999999999999998 4.8000000000560394 4.7999999999999998 #
-3 transform $-1 -1 1 0 0 0 1 0 0 0 1 0 0 0 1 no_rotate no_reflect no_shear #
-4 string_attrib-name_attrib-gen-attrib $-1 -1 $7 $1 $0 2 1 1 1 1 1 1 1 1 1 1 1 1 1 0 1 1 1 @18 HKS_ATTRIB_BODY_ID @1 1 #
-5 cell_ptr-ct-attrib $-1 -1 $-1 $-1 $2 1 1 1 1 1 1 1 1 1 1 1 1 0 1 0 1 1 1 $8 $-1 auto #
-6 shell $-1 -1 -1 $-1 $-1 $-1 $9 $-1 $2 T 0 0 -5.6039617390979402e-11 4.7999999999999998 4.8000000000560394 4.7999999999999998 #
-7 string_attrib-name_attrib-gen-attrib $-1 -1 $-1 $4 $0 2 1 1 1 1 1 1 1 1 1 1 1 1 1 0 1 1 1 @13 HKS_PART_NAME @6 Part-1 #
-8 cell3d-cell $-1 -1 $10 $2 $-1 1 $11 #
-9 face $12 -1 -1 $-1 $13 $14 $6 $-1 $15 forward double in T 0 0.95999999999999974 3.3599999999999999 0.95999999999999996 0.96000000000000019 4.7999999999999998 F #
-10 cell3d-cell $-1 -1 $16 $2 $-1 1 $17 #
-11 cshell $-1 -1 $-1 $18 $8 #
-12 cface_ptr-ct-attrib $-1 -1 $-1 $-1 $9 1 1 1 1 1 1 1 1 1 1 1 1 0 1 0 1 1 1 $19 $20 #
-13 face $21 -1 -1 $-1 $22 $23 $6 $-1 $15 forward double in T 0 0.95999999999999974 1.3999999999999999 0.95999999999999996 0.96000000000000019 3.3599999999999999 F #
-14 loop $-1 -1 -1 $-1 $-1 $24 $9 T 0 0.95999999999999974 3.3599999999999999 0.95999999999999996 0.96000000000000019 4.7999999999999998 periphery $15 F #
-15 plane-surface $-1 -1 -1 $-1 0.47999999999999998 0.96000000000000008 4.7999999999999998 2.312964634635743e-16 1 0 1 -2.312964634635743e-16 0 forward_v I I I I #
-16 cell3d-cell $-1 -1 $25 $2 $-1 1 $26 #
-17 cshell $-1 -1 $-1 $27 $10 #
-18 cface $-1 -1 $28 $11 $29 1 #
-19 cface $-1 -1 $-1 $30 $9 1 #
-20 cface $-1 -1 $31 $32 $9 0 #
-21 cface_ptr-ct-attrib $-1 -1 $-1 $-1 $13 1 1 1 1 1 1 1 1 1 1 1 1 0 1 0 1 1 1 $33 $34 #
-22 face $35 -1 -1 $-1 $36 $37 $6 $-1 $38 forward double in T 0.95999999999999996 0 3.3599999999999999 0.95999999999999996 0.95999999999999996 4.7999999999999998 F #
-23 loop $-1 -1 -1 $-1 $-1 $39 $13 T 0 0.95999999999999974 1.3999999999999999 0.95999999999999996 0.96000000000000019 3.3599999999999999 periphery $15 F #
-24 coedge $-1 -1 -1 $-1 $40 $41 $42 $43 reversed $14 $-1 #
-25 cell3d-cell $-1 -1 $44 $2 $-1 1 $45 #
-26 cshell $-1 -1 $-1 $46 $16 #
-27 cface $-1 -1 $47 $17 $48 0 #
-28 cface $-1 -1 $49 $11 $50 1 #
-29 face $51 -1 -1 $-1 $52 $53 $6 $-1 $54 forward double in T 3.8399999999999999 3.8399999999999999 1.3999999999999999 3.8399999999999999 4.8000000000560394 3.3600000000000003 F #
-30 cshell $-1 -1 $-1 $55 $56 #
-31 cface $-1 -1 $57 $32 $22 0 #
-32 cshell $-1 -1 $-1 $58 $59 #
-33 cface $-1 -1 $60 $61 $13 1 #
-34 cface $-1 -1 $62 $63 $13 0 #
-35 cface_ptr-ct-attrib $-1 -1 $-1 $-1 $22 1 1 1 1 1 1 1 1 1 1 1 1 0 1 0 1 1 1 $64 $31 #
-36 face $65 -1 -1 $-1 $66 $67 $6 $-1 $38 forward double in T 0.95999999999999996 0 1.3999999999999999 0.95999999999999996 0.95999999999999996 3.3600000000000003 F #
-37 loop $-1 -1 -1 $-1 $-1 $68 $22 T 0.95999999999999996 0 3.3599999999999999 0.95999999999999996 0.95999999999999996 4.7999999999999998 periphery $38 F #
-38 plane-surface $-1 -1 -1 $-1 0.95999999999999996 0.47999999999999998 4.7999999999999998 1 0 0 0 -1 0 forward_v I I I I #
-39 coedge $-1 -1 -1 $-1 $69 $70 $71 $72 forward $23 $-1 #
-40 coedge $-1 -1 -1 $-1 $73 $24 $74 $75 forward $14 $-1 #
-41 coedge $-1 -1 -1 $-1 $24 $73 $76 $77 reversed $14 $-1 #
-42 coedge $-1 -1 -1 $-1 $78 $79 $80 $43 reversed $81 $-1 #
-43 edge $-1 -1 -1 $-1 $82 -0.24000000000000002 $83 0.71999999999999997 $84 $85 forward @7 unknown T 0 0.95999999999999996 3.3599999999999999 0.95999999999999996 0.96000000000000019 3.3599999999999999 #
-44 cell3d-cell $-1 -1 $86 $2 $-1 1 $87 #
-45 cshell $-1 -1 $-1 $88 $25 #
-46 cface $-1 -1 $89 $26 $90 0 #
-47 cface $-1 -1 $91 $17 $92 0 #
-48 face $93 -1 -1 $-1 $94 $95 $6 $-1 $96 forward double in T 3.8399999999999999 3.8399999999999999 0 4.7999999999999998 3.8400000000000003 1.3999999999999999 F #
-49 cface $-1 -1 $97 $11 $98 0 #
-50 face $99 -1 -1 $-1 $100 $101 $6 $-1 $102 forward double in T 3.3999999999999999 3.8399999999999999 1.3999999999999999 3.8399999999999999 4.8000000000560394 1.4000000000000001 F #
-51 cface_ptr-ct-attrib $-1 -1 $-1 $-1 $29 1 1 1 1 1 1 1 1 1 1 1 1 0 1 0 1 1 1 $18 $103 #
-52 face $104 -1 -1 $-1 $90 $105 $6 $-1 $54 forward double in T 3.8399999999999999 3.8399999999999999 0 3.8399999999999999 4.8000000000560394 1.4000000000000004 F #
-53 loop $-1 -1 -1 $-1 $-1 $106 $29 T 3.8399999999999999 3.8399999999999999 1.3999999999999999 3.8399999999999999 4.8000000000560394 3.3600000000000003 periphery $54 F #
-54 plane-surface $-1 -1 -1 $-1 3.8399999999999999 4.3200000000000003 4.7999999999999998 -1 0 0 0 1 0 forward_v I I I I #
-55 cface $-1 -1 $107 $30 $108 1 #
-56 cell3d-cell $-1 -1 $109 $2 $-1 1 $30 #
-57 cface $-1 -1 $-1 $32 $110 0 #
-58 cface $-1 -1 $111 $32 $112 1 #
-59 cell3d-cell $-1 -1 $113 $2 $-1 1 $32 #
-60 cface $-1 -1 $114 $61 $115 0 #
-61 cshell $-1 -1 $-1 $33 $116 #
-62 cface $-1 -1 $117 $63 $118 0 #
-63 cshell $-1 -1 $-1 $34 $119 #
-64 cface $-1 -1 $-1 $120 $22 1 #
-65 cface_ptr-ct-attrib $-1 -1 $-1 $-1 $36 1 1 1 1 1 1 1 1 1 1 1 1 0 1 0 1 1 1 $121 $122 #
-66 face $123 -1 -1 $-1 $124 $125 $6 $-1 $38 forward double in T 0.95999999999999996 0 0 0.95999999999999996 0.95999999999999996 1.4000000000000004 F #
-67 loop $-1 -1 -1 $-1 $-1 $126 $36 T 0.95999999999999996 0 1.3999999999999999 0.95999999999999996 0.95999999999999996 3.3600000000000003 periphery $38 F #
-68 coedge $-1 -1 -1 $-1 $76 $127 $79 $128 reversed $37 $-1 #
-69 coedge $-1 -1 -1 $-1 $80 $39 $129 $130 forward $23 $-1 #
-70 coedge $-1 -1 -1 $-1 $39 $80 $131 $132 reversed $23 $-1 #
-71 coedge $-1 -1 -1 $-1 $133 $134 $135 $72 forward $136 $-1 #
-72 edge $-1 -1 -1 $-1 $137 -0.71999999999999997 $138 0.24000000000000002 $71 $139 forward @7 unknown T 0 0.95999999999999996 1.3999999999999999 0.95999999999999996 0.96000000000000019 1.3999999999999999 #
-73 coedge $-1 -1 -1 $-1 $41 $40 $140 $141 forward $14 $-1 #
-74 coedge $-1 -1 -1 $-1 $142 $143 $144 $75 forward $145 $-1 #
-75 edge $-1 -1 -1 $-1 $82 0.95999999999999996 $146 2.3999999999999999 $74 $147 forward @7 unknown T 0 0.96000000000000019 3.3599999999999999 0 0.96000000000000019 4.7999999999999998 #
-76 coedge $-1 -1 -1 $-1 $148 $68 $149 $77 forward $37 $-1 #
-77 edge $-1 -1 -1 $-1 $83 3.3599999999999999 $150 4.7999999999999998 $149 $151 forward @7 unknown T 0.95999999999999996 0.95999999999999996 3.3599999999999999 0.95999999999999996 0.95999999999999996 4.7999999999999998 #
-78 coedge $-1 -1 -1 $-1 $152 $42 $153 $154 reversed $81 $-1 #
-79 coedge $-1 -1 -1 $-1 $42 $152 $155 $128 reversed $81 $-1 #
-80 coedge $-1 -1 -1 $-1 $70 $69 $84 $43 forward $23 $-1 #
-81 loop $-1 -1 -1 $-1 $-1 $79 $112 T 0 3.2760016921429269e-11 3.3599999999999999 0.95999999999999996 0.96000000000000019 3.3600000000000003 periphery $156 F #
-82 vertex $-1 -1 -1 $-1 $157 $158 #
-83 vertex $-1 -1 -1 $-1 $77 $159 #
-84 coedge $-1 -1 -1 $-1 $160 $161 $24 $43 forward $162 $-1 #
-85 straight-curve $-1 -1 -1 $-1 0.24000000000000002 0.96000000000000008 3.3599999999999999 1 -2.312964634635743e-16 5.3498054011973644e-32 I I #
-86 cell3d-cell $-1 -1 $163 $2 $-1 1 $164 #
-87 cshell $-1 -1 $-1 $165 $44 #
-88 cface $-1 -1 $166 $45 $48 1 #
-89 cface $-1 -1 $167 $26 $168 1 #
-90 face $169 -1 -1 $-1 $48 $170 $6 $-1 $96 forward double in T 3.8399999999999999 3.8399999999999999 1.3999999999999999 4.7999999999999998 3.8400000000000003 3.3599999999999999 F #
-91 cface $-1 -1 $171 $17 $172 0 #
-92 face $173 -1 -1 $-1 $174 $175 $6 $-1 $176 reversed single T 3.8399999999999999 3.8399999999999999 0 4.7999999999999998 4.7999999999999998 0 F #
-93 cface_ptr-ct-attrib $-1 -1 $-1 $-1 $48 1 1 1 1 1 1 1 1 1 1 1 1 0 1 0 1 1 1 $88 $27 #
-94 face $177 -1 -1 $-1 $178 $179 $6 $-1 $180 forward double in T 3.8399999999999999 0 3.3599999999999999 3.8399999999999999 0.95999999999999996 4.7999999999999998 F #
-95 loop $-1 -1 -1 $-1 $-1 $181 $48 T 3.8399999999999999 3.8399999999999999 0 4.7999999999999998 3.8400000000000003 1.3999999999999999 periphery $96 F #
-96 plane-surface $-1 -1 -1 $-1 4.3200000000000003 3.8399999999999999 4.7999999999999998 2.312964634635743e-16 -1 0 -1 -2.312964634635743e-16 0 forward_v I I I I #
-97 cface $-1 -1 $182 $11 $183 1 #
-98 face $184 -1 -1 $-1 $183 $185 $6 $-1 $186 forward single T 3.3999999999999999 4.7999999999999998 1.3999999999999999 3.8399999999999999 4.8000000000560394 3.3600000000000003 F #
-99 cface_ptr-ct-attrib $-1 -1 $-1 $-1 $50 1 1 1 1 1 1 1 1 1 1 1 1 0 1 0 1 1 1 $28 $187 #
-100 face $188 -1 -1 $-1 $189 $190 $6 $-1 $102 forward double in T 3.8399999999999999 3.3999999999999999 1.3999999999999999 4.7999999999999998 3.8399999999999999 1.3999999999999999 F #
-101 loop $-1 -1 -1 $-1 $-1 $191 $50 T 3.3999999999999999 3.8399999999999999 1.3999999999999999 3.8399999999999999 4.8000000000560394 1.4000000000000001 periphery $102 F #
-102 plane-surface $-1 -1 -1 $-1 0 4.1000000000280199 1.3999999999999999 0 -1.5860328922581657e-16 1 -0 -1 -1.5860328922581657e-16 forward_v I I I I #
-103 cface $-1 -1 $192 $26 $29 0 #
-104 cface_ptr-ct-attrib $-1 -1 $-1 $-1 $52 1 1 1 1 1 1 1 1 1 1 1 1 0 1 0 1 1 1 $193 $194 #
-105 loop $-1 -1 -1 $-1 $-1 $195 $52 T 3.8399999999999999 3.8399999999999999 0 3.8399999999999999 4.8000000000560394 1.4000000000000004 periphery $54 F #
-106 coedge $-1 -1 -1 $-1 $196 $197 $198 $199 reversed $53 $-1 #
-107 cface $-1 -1 $200 $30 $201 0 #
-108 face $202 -1 -1 $-1 $203 $204 $6 $-1 $205 forward double in T 0 1.4399999999999997 3.3599999999999999 0.95999999999999996 1.4399999999999999 4.7999999999999998 F #
-109 cell3d-cell $-1 -1 $206 $2 $-1 1 $207 #
-110 face $208 -1 -1 $-1 $209 $210 $6 $-1 $211 forward single T 0 0 4.7999999999999998 0.95999999999999996 0.96000000000000019 4.7999999999999998 F #
-111 cface $-1 -1 $212 $32 $213 0 #
-112 face $214 -1 -1 $-1 $215 $81 $6 $-1 $156 forward double in T 0 3.2760016921429269e-11 3.3599999999999999 0.95999999999999996 0.96000000000000019 3.3600000000000003 F #
-113 cell3d-cell $-1 -1 $216 $2 $-1 1 $120 #
-114 cface $-1 -1 $217 $61 $218 0 #
-115 face $219 -1 -1 $-1 $112 $162 $6 $-1 $156 forward double in T 0 0.95999999999999996 3.3599999999999999 0.95999999999999996 1.4399999999999999 3.3599999999999999 F #
-116 cell3d-cell $-1 -1 $220 $2 $-1 1 $61 #
-117 cface $-1 -1 $221 $63 $222 0 #
-118 face $223 -1 -1 $-1 $224 $225 $6 $-1 $226 forward double in T 0 3.2760016921429269e-11 1.3999999999999999 0.95999999999999996 0.96000000000000019 1.4000000000000001 F #
-119 cell3d-cell $-1 -1 $227 $2 $-1 1 $63 #
-120 cshell $-1 -1 $-1 $228 $113 #
-121 cface $-1 -1 $229 $230 $36 1 #
-122 cface $-1 -1 $231 $63 $36 0 #
-123 cface_ptr-ct-attrib $-1 -1 $-1 $-1 $66 1 1 1 1 1 1 1 1 1 1 1 1 0 1 0 1 1 1 $232 $233 #
-124 face $234 -1 -1 $-1 $235 $236 $6 $-1 $15 forward double in T 0 0.95999999999999974 0 0.95999999999999996 0.9600000000000003 1.3999999999999999 F #
-125 loop $-1 -1 -1 $-1 $-1 $237 $66 T 0.95999999999999996 0 0 0.95999999999999996 0.95999999999999996 1.4000000000000004 periphery $38 F #
-126 coedge $-1 -1 -1 $-1 $131 $238 $239 $240 forward $67 $-1 #
-127 coedge $-1 -1 -1 $-1 $68 $148 $241 $242 forward $37 $-1 #
-128 edge $-1 -1 -1 $-1 $83 -0.3599999999918102 $243 0.59999999997542974 $244 $245 forward @7 unknown T 0.95999999999999996 3.2760016921429269e-11 3.3599999999999999 0.95999999999999996 0.95999999999999996 3.3600000000000003 #
-129 coedge $-1 -1 -1 $-1 $246 $247 $248 $130 forward $249 $-1 #
-130 edge $-1 -1 -1 $-1 $138 -1 $82 0.95999999999999996 $129 $250 forward @7 unknown T 0 0.96000000000000019 1.3999999999999999 0 0.96000000000000019 3.3599999999999999 #
-131 coedge $-1 -1 -1 $-1 $155 $126 $251 $132 forward $67 $-1 #
-132 edge $-1 -1 -1 $-1 $137 1.3999999999999999 $83 3.3599999999999999 $251 $151 forward @7 unknown T 0.95999999999999996 0.95999999999999996 1.3999999999999999 0.95999999999999996 0.95999999999999996 3.3599999999999999 #
-133 coedge $-1 -1 -1 $-1 $252 $71 $247 $253 reversed $136 $-1 #
-134 coedge $-1 -1 -1 $-1 $71 $252 $254 $255 forward $136 $-1 #
-135 coedge $-1 -1 -1 $-1 $256 $257 $258 $72 reversed $236 $-1 #
-136 loop $-1 -1 -1 $-1 $-1 $71 $259 T 0 0.95999999999999996 1.3999999999999999 0.95999999999999996 1.4399999999999999 1.3999999999999999 periphery $226 F #
-137 vertex $-1 -1 -1 $-1 $132 $260 #
-138 vertex $-1 -1 -1 $-1 $261 $262 #
-139 straight-curve $-1 -1 -1 $-1 0.24000000000000002 0.96000000000000008 1.3999999999999999 -1 2.312964634635743e-16 -3.5665369341315759e-32 I I #
-140 coedge $-1 -1 -1 $-1 $263 $264 $265 $141 forward $266 $-1 #
-141 edge $-1 -1 -1 $-1 $146 0 $150 0.95999999999999996 $140 $267 forward @7 unknown T 0 0.95999999999999996 4.7999999999999998 0.95999999999999996 0.96000000000000019 4.7999999999999998 #
-142 coedge $-1 -1 -1 $-1 $268 $74 $264 $269 forward $145 $-1 #
-143 coedge $-1 -1 -1 $-1 $74 $268 $161 $157 reversed $145 $-1 #
-144 coedge $-1 -1 -1 $-1 $270 $271 $40 $75 reversed $272 $-1 #
-145 loop $-1 -1 -1 $-1 $-1 $74 $273 T 0 0.96000000000000019 3.3599999999999999 0 1.4399999999999999 4.7999999999999998 periphery $274 F #
-146 vertex $275 -1 -1 $-1 $269 $276 #
-147 straight-curve $-1 -1 -1 $-1 0 0.96000000000000019 2.3999999999999999 0 -0 1 I I #
-148 coedge $-1 -1 -1 $-1 $127 $76 $277 $278 forward $37 $-1 #
-149 coedge $-1 -1 -1 $-1 $279 $280 $281 $77 forward $282 $-1 #
-150 vertex $283 -1 -1 $-1 $77 $284 #
-151 straight-curve $-1 -1 -1 $-1 0.95999999999999996 0.95999999999999996 0 0 0 1 I I #
-152 coedge $-1 -1 -1 $-1 $79 $78 $285 $286 forward $81 $-1 #
-153 coedge $-1 -1 -1 $-1 $248 $287 $270 $154 forward $288 $-1 #
-154 edge $-1 -1 -1 $-1 $289 -1.4399999999672399 $82 -0.47999999999999976 $153 $290 forward @7 unknown T 0 3.2760016921429269e-11 3.3599999999999999 0 0.96000000000000019 3.3600000000000003 #
-155 coedge $-1 -1 -1 $-1 $238 $131 $244 $128 forward $67 $-1 #
-156 plane-surface $-1 -1 -1 $-1 0 0.72000000001637998 3.3599999999999999 -0 2.3129646346883629e-16 1 -0 -1 2.3129646346883629e-16 forward_v I I I I #
-157 edge $-1 -1 -1 $-1 $82 -0.47999999999999976 $291 0 $246 $290 forward @7 unknown T 0 0.96000000000000019 3.3599999999999999 0 1.4399999999999999 3.3599999999999999 #
-158 point $-1 -1 -1 $-1 0 0.96000000000000019 3.3599999999999999 #
-159 point $-1 -1 -1 $-1 0.95999999999999996 0.95999999999999996 3.3599999999999999 #
-160 coedge $-1 -1 -1 $-1 $292 $84 $293 $294 forward $162 $-1 #
-161 coedge $-1 -1 -1 $-1 $84 $292 $246 $157 reversed $162 $-1 #
-162 loop $-1 -1 -1 $-1 $-1 $84 $115 T 0 0.95999999999999996 3.3599999999999999 0.95999999999999996 1.4399999999999999 3.3599999999999999 periphery $156 F #
-163 cell3d-cell $-1 -1 $295 $2 $-1 1 $296 #
-164 cshell $-1 -1 $-1 $193 $86 #
-165 cface $-1 -1 $297 $87 $90 1 #
-166 cface $-1 -1 $298 $45 $100 0 #
-167 cface $-1 -1 $299 $26 $300 0 #
-168 face $301 -1 -1 $-1 $302 $303 $6 $-1 $102 forward double in T 3.8399999999999999 3.8399999999999999 1.3999999999999999 4.7999999999999998 4.8000000000560394 1.4000000000000001 F #
-169 cface_ptr-ct-attrib $-1 -1 $-1 $-1 $90 1 1 1 1 1 1 1 1 1 1 1 1 0 1 0 1 1 1 $165 $46 #
-170 loop $-1 -1 -1 $-1 $-1 $304 $90 T 3.8399999999999999 3.8399999999999999 1.3999999999999999 4.7999999999999998 3.8400000000000003 3.3599999999999999 periphery $96 F #
-171 cface $-1 -1 $194 $17 $168 0 #
-172 face $305 -1 -1 $-1 $306 $307 $6 $-1 $308 forward single T 4.7999999999999998 3.8399999999999999 0 4.7999999999999998 4.8000000000560394 1.4000000000000001 F #
-173 cface_ptr-ct-attrib $-1 -1 $-1 $-1 $92 1 1 1 1 1 1 1 1 1 1 1 1 0 1 0 1 1 1 $-1 $47 #
-174 face $309 -1 -1 $-1 $310 $311 $6 $-1 $186 forward single T 0 4.7999999999999998 1.4000000000000001 0.95999999999999996 4.8000000000560394 3.3600000000000003 F #
-175 loop $-1 -1 -1 $-1 $-1 $312 $92 T 3.8399999999999999 3.8399999999999999 0 4.7999999999999998 4.7999999999999998 0 periphery $176 T #
-176 plane-surface $-1 -1 -1 $-1 2.3999999999999999 2.3999999999999999 0 0 0 1 1 0 0 forward_v I I I I #
-177 cface_ptr-ct-attrib $-1 -1 $-1 $-1 $94 1 1 1 1 1 1 1 1 1 1 1 1 0 1 0 1 1 1 $313 $314 #
-178 face $315 -1 -1 $-1 $316 $317 $6 $-1 $180 forward double in T 3.8399999999999999 0 1.3999999999999999 3.8399999999999999 0.95999999999999996 3.3600000000000003 F #
-179 loop $-1 -1 -1 $-1 $-1 $318 $94 T 3.8399999999999999 0 3.3599999999999999 3.8399999999999999 0.95999999999999996 4.7999999999999998 periphery $180 F #
-180 plane-surface $-1 -1 -1 $-1 3.8399999999999999 0.47999999999999998 4.7999999999999998 1 0 0 0 -1 0 forward_v I I I I #
-181 coedge $-1 -1 -1 $-1 $319 $320 $321 $322 forward $95 $-1 #
-182 cface $-1 -1 $323 $11 $324 0 #
-183 face $325 -1 -1 $-1 $326 $327 $6 $-1 $328 forward double in T 3.3999999999999999 3.8399999999999999 3.3599999999999999 3.8399999999999999 4.8000000000560394 3.3600000000000003 F #
-184 cface_ptr-ct-attrib $-1 -1 $-1 $-1 $98 1 1 1 1 1 1 1 1 1 1 1 1 0 1 0 1 1 1 $-1 $49 #
-185 loop $-1 -1 -1 $-1 $-1 $329 $98 T 3.3999999999999999 4.7999999999999998 1.3999999999999999 3.8399999999999999 4.8000000000560394 3.3600000000000003 periphery $186 F #
-186 plane-surface $-1 -1 -1 $-1 2.3999999999999999 4.7999999999999998 0 0 1 0 -1 -0 -0 forward_v I I I I #
-187 cface $-1 -1 $330 $164 $50 0 #
-188 cface_ptr-ct-attrib $-1 -1 $-1 $-1 $100 1 1 1 1 1 1 1 1 1 1 1 1 0 1 0 1 1 1 $297 $166 #
-189 face $331 -1 -1 $-1 $332 $333 $6 $-1 $308 forward single T 4.7999999999999998 0.95999999999999996 3.3599999999999999 4.7999999999999998 1.4400000000000002 4.7999999999999998 F #
-190 loop $-1 -1 -1 $-1 $-1 $321 $100 T 3.8399999999999999 3.3999999999999999 1.3999999999999999 4.7999999999999998 3.8399999999999999 1.3999999999999999 periphery $102 F #
-191 coedge $-1 -1 -1 $-1 $334 $335 $336 $337 forward $101 $-1 #
-192 cface $-1 -1 $-1 $26 $338 0 #
-193 cface $-1 -1 $339 $164 $52 1 #
-194 cface $-1 -1 $340 $17 $52 0 #
-195 coedge $-1 -1 -1 $-1 $341 $342 $191 $337 forward $105 $-1 #
-196 coedge $-1 -1 -1 $-1 $336 $106 $329 $343 forward $53 $-1 #
-197 coedge $-1 -1 -1 $-1 $106 $336 $344 $345 forward $53 $-1 #
-198 coedge $-1 -1 -1 $-1 $346 $347 $348 $199 reversed $349 $-1 #
-199 edge $-1 -1 -1 $-1 $350 -0.59000000004202935 $351 0.37000000001401023 $352 $353 forward @7 unknown T 3.8399999999999999 3.8399999999999999 3.3599999999999999 3.8399999999999999 4.8000000000560394 3.3600000000000003 #
-200 cface $-1 -1 $354 $30 $355 0 #
-201 face $356 -1 -1 $-1 $357 $358 $6 $-1 $359 forward single T 0.95999999999999996 0.95999999999999996 3.3599999999999999 0.95999999999999996 1.4399999999999999 4.7999999999999998 F #
-202 cface_ptr-ct-attrib $-1 -1 $-1 $-1 $108 1 1 1 1 1 1 1 1 1 1 1 1 0 1 0 1 1 1 $55 $360 #
-203 face $361 -1 -1 $-1 $362 $363 $6 $-1 $226 forward double in T 3.8399999999999999 3.2760016921429269e-11 1.3999999999999999 4.7999999999999998 0.96000000000000019 1.4000000000000001 F #
-204 loop $-1 -1 -1 $-1 $-1 $364 $108 T 0 1.4399999999999997 3.3599999999999999 0.95999999999999996 1.4399999999999999 4.7999999999999998 periphery $205 F #
-205 plane-surface $-1 -1 -1 $-1 0 1.4399999999999999 4.0799999999836203 0 -1 7.709882115627874e-17 -0 -7.709882115627874e-17 -1 forward_v I I I I #
-206 cell3d-cell $-1 -1 $-1 $2 $-1 1 $365 #
-207 cshell $-1 -1 $-1 $366 $109 #
-208 cface_ptr-ct-attrib $-1 -1 $-1 $-1 $110 1 1 1 1 1 1 1 1 1 1 1 1 0 1 0 1 1 1 $-1 $57 #
-209 face $367 -1 -1 $-1 $368 $369 $6 $-1 $211 forward single T 3.8399999999999999 0.95999999999999996 4.7999999999672402 4.7999999999999998 1.4399999999999999 4.7999999999999998 F #
-210 loop $-1 -1 -1 $-1 $-1 $370 $110 T 0 0 4.7999999999999998 0.95999999999999996 0.96000000000000019 4.7999999999999998 periphery $211 F #
-211 plane-surface $-1 -1 -1 $-1 2.3999999999999999 2.3999999999999999 4.7999999999999998 0 0 1 1 0 0 forward_v I I I I #
-212 cface $-1 -1 $20 $32 $371 0 #
-213 face $372 -1 -1 $-1 $373 $374 $6 $-1 $375 forward single T 0 0 3.3600000000000003 0.95999999999999996 3.2760016921429269e-11 4.7999999999999998 F #
-214 cface_ptr-ct-attrib $-1 -1 $-1 $-1 $112 1 1 1 1 1 1 1 1 1 1 1 1 0 1 0 1 1 1 $58 $221 #
-215 face $376 -1 -1 $-1 $259 $377 $6 $-1 $274 forward single T 0 0.96000000000000019 -5.6039617390979402e-11 0 1.4399999999999999 1.3999999999999999 F #
-216 cell3d-cell $-1 -1 $56 $2 $-1 1 $378 #
-217 cface $-1 -1 $379 $61 $259 0 #
-218 face $380 -1 -1 $-1 $381 $249 $6 $-1 $274 forward single T 0 0.96000000000000019 1.3999999999999999 0 1.4399999999999999 3.3599999999999999 F #
-219 cface_ptr-ct-attrib $-1 -1 $-1 $-1 $115 1 1 1 1 1 1 1 1 1 1 1 1 0 1 0 1 1 1 $382 $60 #
-220 cell3d-cell $-1 -1 $383 $2 $-1 1 $384 #
-221 cface $-1 -1 $122 $63 $112 0 #
-222 face $385 -1 -1 $-1 $115 $288 $6 $-1 $274 forward single T 0 0 1.3999999999999999 0 0.96000000000000019 3.3600000000000003 F #
-223 cface_ptr-ct-attrib $-1 -1 $-1 $-1 $118 1 1 1 1 1 1 1 1 1 1 1 1 0 1 0 1 1 1 $386 $62 #
-224 face $387 -1 -1 $-1 $388 $389 $6 $-1 $328 forward double in T 0 3.8399999999999999 3.3599999999999999 0.96000000000000008 4.8000000000560394 3.3600000000000003 F #
-225 loop $-1 -1 -1 $-1 $-1 $390 $118 T 0 3.2760016921429269e-11 1.3999999999999999 0.95999999999999996 0.96000000000000019 1.4000000000000001 periphery $226 F #
-226 plane-surface $-1 -1 -1 $-1 0 0.72000000001637998 1.3999999999999999 0 -1.5419764231255753e-16 -1 0 1 -1.5419764231255753e-16 forward_v I I I I #
-227 cell3d-cell $-1 -1 $116 $2 $-1 1 $391 #
-228 cface $-1 -1 $392 $120 $393 1 #
-229 cface $-1 -1 $394 $230 $395 0 #
-230 cshell $-1 -1 $-1 $121 $396 #
-231 cface $-1 -1 $-1 $63 $397 0 #
-232 cface $-1 -1 $398 $399 $66 1 #
-233 cface $-1 -1 $400 $391 $66 0 #
-234 cface_ptr-ct-attrib $-1 -1 $-1 $-1 $124 1 1 1 1 1 1 1 1 1 1 1 1 0 1 0 1 1 1 $401 $402 #
-235 face $403 -1 -1 $-1 $404 $405 $6 $-1 $96 forward double in T 3.8399999999999999 3.8399999999999999 3.3599999999999999 4.7999999999999998 3.8400000000000003 4.7999999999999998 F #
-236 loop $-1 -1 -1 $-1 $-1 $406 $124 T 0 0.95999999999999974 0 0.95999999999999996 0.9600000000000003 1.3999999999999999 periphery $15 F #
-237 coedge $-1 -1 -1 $-1 $407 $408 $409 $410 forward $125 $-1 #
-238 coedge $-1 -1 -1 $-1 $126 $155 $411 $412 forward $67 $-1 #
-239 coedge $-1 -1 -1 $-1 $413 $414 $415 $240 forward $416 $-1 #
-240 edge $-1 -1 -1 $-1 $417 -0.59999999997542974 $137 0.3599999999918102 $239 $418 forward @7 unknown T 0.95999999999999996 3.2760016921429269e-11 1.3999999999999999 0.95999999999999996 0.95999999999999996 1.4000000000000001 #
-241 coedge $-1 -1 -1 $-1 $419 $420 $421 $242 forward $422 $-1 #
-242 edge $-1 -1 -1 $-1 $423 -2.3999999999999999 $243 -0.96000000000000041 $241 $424 forward @7 unknown T 0.95999999999999996 0 3.3600000000000003 0.95999999999999996 3.2760016921429269e-11 4.7999999999999998 #
-243 vertex $-1 -1 -1 $-1 $425 $426 #
-244 coedge $-1 -1 -1 $-1 $427 $428 $68 $128 forward $429 $-1 #
-245 straight-curve $-1 -1 -1 $-1 0.95999999999999996 0.60000000000818976 3.3599999999999999 0 -1 2.3129646346883629e-16 I I #
-246 coedge $-1 -1 -1 $-1 $430 $129 $143 $157 forward $249 $-1 #
-247 coedge $-1 -1 -1 $-1 $129 $430 $431 $253 forward $249 $-1 #
-248 coedge $-1 -1 -1 $-1 $432 $153 $69 $130 reversed $288 $-1 #
-249 loop $-1 -1 -1 $-1 $-1 $129 $218 T 0 0.96000000000000019 1.3999999999999999 0 1.4399999999999999 3.3599999999999999 periphery $274 F #
-250 straight-curve $-1 -1 -1 $-1 0 0.96000000000000019 2.3999999999999999 0 -0 1 I I #
-251 coedge $-1 -1 -1 $-1 $433 $434 $435 $132 forward $436 $-1 #
-252 coedge $-1 -1 -1 $-1 $134 $133 $437 $438 forward $136 $-1 #
-253 edge $-1 -1 -1 $-1 $439 0 $138 0.47999999999999976 $247 $440 forward @7 unknown T 0 0.96000000000000019 1.3999999999999999 0 1.4399999999999999 1.3999999999999999 #
-254 coedge $-1 -1 -1 $-1 $441 $442 $443 $255 forward $444 $-1 #
-255 edge $-1 -1 -1 $-1 $445 -0.35999999999180998 $137 0.12000000000819 $254 $446 forward @7 unknown T 0.95999999999999996 0.95999999999999996 1.3999999999999999 0.95999999999999996 1.4399999999999999 1.3999999999999999 #
-256 coedge $-1 -1 -1 $-1 $406 $135 $407 $447 reversed $236 $-1 #
-257 coedge $-1 -1 -1 $-1 $135 $406 $448 $449 forward $236 $-1 #
-258 coedge $-1 -1 -1 $-1 $390 $450 $39 $72 reversed $225 $-1 #
-259 face $451 -1 -1 $-1 $452 $136 $6 $-1 $226 forward double in T 0 0.95999999999999996 1.3999999999999999 0.95999999999999996 1.4399999999999999 1.3999999999999999 F #
-260 point $-1 -1 -1 $-1 0.95999999999999996 0.95999999999999996 1.3999999999999999 #
-261 edge $-1 -1 -1 $-1 $138 0.47999999999999976 $453 1.4399999999672399 $432 $440 forward @7 unknown T 0 3.2760016921429269e-11 1.3999999999999999 0 0.96000000000000019 1.4000000000000001 #
-262 point $-1 -1 -1 $-1 0 0.96000000000000019 1.3999999999999999 #
-263 coedge $-1 -1 -1 $-1 $454 $140 $455 $456 reversed $266 $-1 #
-264 coedge $-1 -1 -1 $-1 $140 $454 $142 $269 reversed $266 $-1 #
-265 coedge $-1 -1 -1 $-1 $457 $370 $73 $141 reversed $210 $-1 #
-266 loop $-1 -1 -1 $-1 $-1 $140 $355 T 0 0.95999999999999996 4.7999999999672402 0.95999999999999996 1.4399999999999999 4.7999999999999998 periphery $211 F #
-267 straight-curve $-1 -1 -1 $-1 0 0.96000000000000019 4.7999999999999998 1 -2.312964634635743e-16 0 F 0 F 0.95999999999999996 #
-268 coedge $-1 -1 -1 $-1 $143 $142 $458 $459 reversed $145 $-1 #
-269 edge $-1 -1 -1 $-1 $146 0.96000000000000019 $460 1.4399999999999999 $142 $461 forward @7 unknown T 0 0.96000000000000019 4.7999999999672402 0 1.4399999999999999 4.7999999999999998 #
-270 coedge $-1 -1 -1 $-1 $462 $144 $78 $154 reversed $272 $-1 #
-271 coedge $-1 -1 -1 $-1 $144 $462 $457 $463 forward $272 $-1 #
-272 loop $-1 -1 -1 $-1 $-1 $144 $371 T 0 0 3.3599999999999999 0 0.96000000000000019 4.7999999999999998 periphery $274 F #
-273 face $464 -1 -1 $-1 $465 $145 $6 $-1 $274 forward single T 0 0.96000000000000019 3.3599999999999999 0 1.4399999999999999 4.7999999999999998 F #
-274 plane-surface $-1 -1 -1 $-1 0 2.3999999999999999 0 -1 0 0 -0 -1 -0 forward_v I I I I #
-275 integer_attrib-name_attrib-gen-attrib $-1 -1 $-1 $-1 $146 2 4 2 1 1 1 1 1 1 1 1 1 1 1 0 1 1 1 @16 SKETCH_ENTITY_ID 300035 #
-276 point $-1 -1 -1 $-1 0 0.96000000000000019 4.7999999999999998 #
-277 coedge $-1 -1 -1 $-1 $466 $467 $370 $278 forward $468 $-1 #
-278 edge $-1 -1 -1 $-1 $150 0 $423 0.95999999999999996 $277 $469 forward @7 unknown T 0.95999999999999996 0 4.7999999999999998 0.95999999999999996 0.95999999999999996 4.7999999999999998 #
-279 coedge $-1 -1 -1 $-1 $470 $149 $467 $471 forward $282 $-1 #
-280 coedge $-1 -1 -1 $-1 $149 $472 $433 $473 forward $282 $-1 #
-281 coedge $-1 -1 -1 $-1 $293 $455 $41 $77 reversed $358 $-1 #
-282 loop $-1 -1 -1 $-1 $-1 $280 $474 T 0.95999999999999996 0.95999999999999996 3.3599999999999999 1.9199999999999999 0.95999999999999996 4.7999999999999998 periphery $475 F #
-283 integer_attrib-name_attrib-gen-attrib $-1 -1 $-1 $-1 $150 2 4 2 1 1 1 1 1 1 1 1 1 1 1 0 1 1 1 @16 SKETCH_ENTITY_ID 300017 #
-284 point $-1 -1 -1 $-1 0.95999999999999996 0.95999999999999996 4.7999999999999998 #
-285 coedge $-1 -1 -1 $-1 $421 $476 $477 $286 forward $374 $-1 #
-286 edge $-1 -1 -1 $-1 $289 -1.2 $243 -0.23999999999999999 $285 $478 forward @7 unknown T 0 3.2760016921429269e-11 3.3600000000000003 0.95999999999999996 3.2760016921429269e-11 3.3600000000000003 #
-287 coedge $-1 -1 -1 $-1 $153 $432 $479 $480 forward $288 $-1 #
-288 loop $-1 -1 -1 $-1 $-1 $248 $222 T 0 0 1.3999999999999999 0 0.96000000000000019 3.3600000000000003 periphery $274 F #
-289 vertex $-1 -1 -1 $-1 $481 $482 #
-290 straight-curve $-1 -1 -1 $-1 0 1.4399999999999999 3.3599999999999999 0 1 -2.3129646346883629e-16 F -1.4399999999672399 F -0 #
-291 vertex $-1 -1 -1 $-1 $483 $484 #
-292 coedge $-1 -1 -1 $-1 $161 $160 $485 $486 reversed $162 $-1 #
-293 coedge $-1 -1 -1 $-1 $487 $281 $488 $294 forward $358 $-1 #
-294 edge $-1 -1 -1 $-1 $83 -0.12000000000819044 $489 0.35999999999180954 $293 $490 forward @7 unknown T 0.95999999999999996 0.95999999999999996 3.3599999999999999 0.95999999999999996 1.4399999999999999 3.3599999999999999 #
-295 cell3d-cell $-1 -1 $491 $2 $-1 1 $492 #
-296 cshell $-1 -1 $-1 $493 $163 #
-297 cface $-1 -1 $494 $87 $100 1 #
-298 cface $-1 -1 $495 $45 $496 0 #
-299 cface $-1 -1 $103 $26 $326 1 #
-300 face $497 -1 -1 $-1 $98 $498 $6 $-1 $308 forward single T 4.7999999999999998 3.8399999999999999 1.3999999999999999 4.7999999999999998 4.8000000000560394 3.3600000000000003 F #
-301 cface_ptr-ct-attrib $-1 -1 $-1 $-1 $168 1 1 1 1 1 1 1 1 1 1 1 1 0 1 0 1 1 1 $89 $171 #
-302 face $499 -1 -1 $-1 $500 $501 $6 $-1 $502 forward double in T 3.8399999999999999 3.3999999999999999 -5.6039617390979402e-11 4.7999999999999998 3.4000000000000004 1.3999999999999999 F #
-303 loop $-1 -1 -1 $-1 $-1 $503 $168 T 3.8399999999999999 3.8399999999999999 1.3999999999999999 4.7999999999999998 4.8000000000560394 1.4000000000000001 periphery $102 F #
-304 coedge $-1 -1 -1 $-1 $504 $505 $347 $506 reversed $170 $-1 #
-305 cface_ptr-ct-attrib $-1 -1 $-1 $-1 $172 1 1 1 1 1 1 1 1 1 1 1 1 0 1 0 1 1 1 $-1 $91 #
-306 face $507 -1 -1 $-1 $508 $509 $6 $-1 $308 forward single T 4.7999999999999998 1.4399999999999999 -5.6039617390979402e-11 4.7999999999999998 3.4000000000000004 1.3999999999999999 F #
-307 loop $-1 -1 -1 $-1 $-1 $510 $172 T 4.7999999999999998 3.8399999999999999 0 4.7999999999999998 4.8000000000560394 1.4000000000000001 periphery $308 F #
-308 plane-surface $-1 -1 -1 $-1 4.7999999999999998 2.3999999999999999 0 1 0 -0 -0 1 -0 forward_v I I I I #
-309 cface_ptr-ct-attrib $-1 -1 $-1 $-1 $174 1 1 1 1 1 1 1 1 1 1 1 1 0 1 0 1 1 1 $-1 $511 #
-310 face $512 -1 -1 $-1 $513 $514 $6 $-1 $328 forward double in T 0.95999999999999996 3.8399999999999999 3.3599999999999999 1.4399999999999999 4.8000000000560394 3.3600000000000003 F #
-311 loop $-1 -1 -1 $-1 $-1 $515 $174 T 0 4.7999999999999998 1.4000000000000001 0.95999999999999996 4.8000000000560394 3.3600000000000003 periphery $186 F #
-312 coedge $-1 -1 -1 $-1 $516 $517 $518 $519 reversed $175 $-1 #
-313 cface $-1 -1 $520 $521 $94 1 #
-314 cface $-1 -1 $522 $120 $94 0 #
-315 cface_ptr-ct-attrib $-1 -1 $-1 $-1 $178 1 1 1 1 1 1 1 1 1 1 1 1 0 1 0 1 1 1 $523 $524 #
-316 face $525 -1 -1 $-1 $526 $527 $6 $-1 $180 forward double in T 3.8399999999999999 0 0 3.8399999999999999 0.95999999999999996 1.4000000000000004 F #
-317 loop $-1 -1 -1 $-1 $-1 $528 $178 T 3.8399999999999999 0 1.3999999999999999 3.8399999999999999 0.95999999999999996 3.3600000000000003 periphery $180 F #
-318 coedge $-1 -1 -1 $-1 $529 $530 $531 $532 reversed $179 $-1 #
-319 coedge $-1 -1 -1 $-1 $518 $181 $342 $533 reversed $95 $-1 #
-320 coedge $-1 -1 -1 $-1 $181 $518 $534 $535 forward $95 $-1 #
-321 coedge $-1 -1 -1 $-1 $536 $537 $538 $322 forward $190 $-1 #
-322 edge $-1 -1 -1 $-1 $539 -2.6399999999999997 $540 -1.6799999999999997 $321 $541 forward @7 unknown T 3.8399999999999999 3.8399999999999999 1.3999999999999999 4.7999999999999998 3.8399999999999999 1.3999999999999999 #
-323 cface $-1 -1 $-1 $11 $542 0 #
-324 face $543 -1 -1 $-1 $544 $545 $6 $-1 $546 forward single T 3.3999999999999999 3.8399999999999999 1.3999999999999999 3.8399999999999999 3.8399999999999999 3.3599999999999999 F #
-325 cface_ptr-ct-attrib $-1 -1 $-1 $-1 $183 1 1 1 1 1 1 1 1 1 1 1 1 0 1 0 1 1 1 $97 $547 #
-326 face $548 -1 -1 $-1 $50 $349 $6 $-1 $328 forward double in T 3.8399999999999999 3.8399999999999999 3.3599999999999999 4.7999999999999998 4.8000000000560394 3.3600000000000003 F #
-327 loop $-1 -1 -1 $-1 $-1 $352 $183 T 3.3999999999999999 3.8399999999999999 3.3599999999999999 3.8399999999999999 4.8000000000560394 3.3600000000000003 periphery $328 F #
-328 plane-surface $-1 -1 -1 $-1 0 4.1000000000280199 3.3599999999999999 0 2.3790493383872484e-16 -1 0 1 2.3790493383872484e-16 forward_v I I I I #
-329 coedge $-1 -1 -1 $-1 $549 $550 $551 $343 forward $185 $-1 #
-330 cface $-1 -1 $552 $164 $553 0 #
-331 cface_ptr-ct-attrib $-1 -1 $-1 $-1 $189 1 1 1 1 1 1 1 1 1 1 1 1 0 1 0 1 1 1 $-1 $554 #
-332 face $555 -1 -1 $-1 $556 $557 $6 $-1 $308 forward single T 4.7999999999999998 0.96000000000000019 1.3999999999999999 4.7999999999999998 1.4399999999999999 3.3599999999999999 F #
-333 loop $-1 -1 -1 $-1 $-1 $558 $189 T 4.7999999999999998 0.95999999999999996 3.3599999999999999 4.7999999999999998 1.4400000000000002 4.7999999999999998 periphery $308 F #
-334 coedge $-1 -1 -1 $-1 $559 $191 $549 $560 forward $101 $-1 #
-335 coedge $-1 -1 -1 $-1 $191 $559 $561 $562 forward $101 $-1 #
-336 coedge $-1 -1 -1 $-1 $197 $196 $563 $337 reversed $53 $-1 #
-337 edge $-1 -1 -1 $-1 $540 -0.37000000001401023 $564 0.59000000004202935 $191 $565 forward @7 unknown T 3.8399999999999999 3.8399999999999999 1.3999999999999999 3.8399999999999999 4.8000000000560394 1.4000000000000001 #
-338 face $566 -1 -1 $-1 $567 $568 $6 $-1 $186 forward single T 3.8399999999999999 4.7999999999999998 1.3999999999999999 4.7999999999999998 4.8000000000560394 3.3600000000000003 F #
-339 cface $-1 -1 $569 $164 $570 0 #
-340 cface $-1 -1 $-1 $17 $571 0 #
-341 coedge $-1 -1 -1 $-1 $572 $195 $573 $574 forward $105 $-1 #
-342 coedge $-1 -1 -1 $-1 $195 $572 $575 $533 forward $105 $-1 #
-343 edge $-1 -1 -1 $-1 $350 -0.96000000000000041 $564 0.99999999999999978 $329 $576 forward @7 unknown T 3.8399999999999999 4.8000000000000007 1.4000000000000001 3.8399999999999999 4.8000000000560394 3.3600000000000003 #
-344 coedge $-1 -1 -1 $-1 $577 $561 $578 $345 forward $545 $-1 #
-345 edge $-1 -1 -1 $-1 $540 1.3999999999999999 $351 3.3599999999999999 $344 $579 forward @7 unknown T 3.8399999999999999 3.8399999999999999 1.3999999999999999 3.8399999999999999 3.8399999999999999 3.3599999999999999 #
-346 coedge $-1 -1 -1 $-1 $580 $198 $581 $582 forward $349 $-1 #
-347 coedge $-1 -1 -1 $-1 $198 $580 $583 $506 reversed $349 $-1 #
-348 coedge $-1 -1 -1 $-1 $584 $585 $352 $199 forward $586 $-1 #
-349 loop $-1 -1 -1 $-1 $-1 $347 $326 T 3.8399999999999999 3.8399999999999999 3.3599999999999999 4.7999999999999998 4.8000000000560394 3.3600000000000003 periphery $328 F #
-350 vertex $-1 -1 -1 $-1 $582 $587 #
-351 vertex $-1 -1 -1 $-1 $588 $589 #
-352 coedge $-1 -1 -1 $-1 $590 $591 $106 $199 forward $327 $-1 #
-353 straight-curve $-1 -1 -1 $-1 3.8399999999999999 4.2100000000140101 3.3599999999999999 -0 -1 -2.3790493383872484e-16 I I #
-354 cface $-1 -1 $382 $30 $273 0 #
-355 face $592 -1 -1 $-1 $110 $266 $6 $-1 $211 forward single T 0 0.95999999999999996 4.7999999999672402 0.95999999999999996 1.4399999999999999 4.7999999999999998 F #
-356 cface_ptr-ct-attrib $-1 -1 $-1 $-1 $201 1 1 1 1 1 1 1 1 1 1 1 1 0 1 0 1 1 1 $-1 $107 #
-357 face $593 -1 -1 $-1 $594 $595 $6 $-1 $596 forward single T 1.9200000000000002 2.8799999999999999 3.3599999999999999 1.9200000000000002 3.3999999999999999 4.7999999999999998 F #
-358 loop $-1 -1 -1 $-1 $-1 $293 $201 T 0.95999999999999996 0.95999999999999996 3.3599999999999999 0.95999999999999996 1.4399999999999999 4.7999999999999998 periphery $359 F #
-359 plane-surface $-1 -1 -1 $-1 0.95999999999999996 1.4399999999999999 0 1 0 0 0 1 0 forward_v I I I I #
-360 cface $-1 -1 $597 $378 $108 0 #
-361 cface_ptr-ct-attrib $-1 -1 $-1 $-1 $203 1 1 1 1 1 1 1 1 1 1 1 1 0 1 0 1 1 1 $598 $599 #
-362 face $600 -1 -1 $-1 $601 $602 $6 $-1 $603 forward double in T 3.8399999999999999 1.4399999999999999 -5.6039617390979402e-11 4.7999999999999998 1.4399999999999999 1.3999999999999999 F #
-363 loop $-1 -1 -1 $-1 $-1 $604 $203 T 3.8399999999999999 3.2760016921429269e-11 1.3999999999999999 4.7999999999999998 0.96000000000000019 1.4000000000000001 periphery $226 F #
-364 coedge $-1 -1 -1 $-1 $605 $606 $487 $607 forward $204 $-1 #
-365 cshell $-1 -1 $-1 $608 $206 #
-366 cface $-1 -1 $609 $207 $610 0 #
-367 cface_ptr-ct-attrib $-1 -1 $-1 $-1 $209 1 1 1 1 1 1 1 1 1 1 1 1 0 1 0 1 1 1 $-1 $611 #
-368 face $612 -1 -1 $-1 $613 $468 $6 $-1 $211 forward single T 0.95999999999999996 0 4.7999999999672402 3.8399999999999999 1.4399999999999999 4.7999999999999998 F #
-369 loop $-1 -1 -1 $-1 $-1 $614 $209 T 3.8399999999999999 0.95999999999999996 4.7999999999672402 4.7999999999999998 1.4399999999999999 4.7999999999999998 periphery $211 F #
-370 coedge $-1 -1 -1 $-1 $265 $615 $148 $278 reversed $210 $-1 #
-371 face $616 -1 -1 $-1 $617 $272 $6 $-1 $274 forward single T 0 0 3.3599999999999999 0 0.96000000000000019 4.7999999999999998 F #
-372 cface_ptr-ct-attrib $-1 -1 $-1 $-1 $213 1 1 1 1 1 1 1 1 1 1 1 1 0 1 0 1 1 1 $-1 $111 #
-373 face $618 -1 -1 $-1 $619 $620 $6 $-1 $621 forward single T 0.96000000000000008 3.8399999999999999 1.3999999999999999 1.4399999999999999 3.8399999999999999 3.3599999999999999 F #
-374 loop $-1 -1 -1 $-1 $-1 $421 $213 T 0 0 3.3600000000000003 0.95999999999999996 3.2760016921429269e-11 4.7999999999999998 periphery $375 F #
-375 plane-surface $-1 -1 -1 $-1 2.3999999999999999 0 0 0 -1 0 1 -0 -0 forward_v I I I I #
-376 cface_ptr-ct-attrib $-1 -1 $-1 $-1 $215 1 1 1 1 1 1 1 1 1 1 1 1 0 1 0 1 1 1 $-1 $622 #
-377 loop $-1 -1 -1 $-1 $-1 $448 $215 T 0 0.96000000000000019 -5.6039617390979402e-11 0 1.4399999999999999 1.3999999999999999 periphery $274 F #
-378 cshell $-1 -1 $-1 $623 $216 #
-379 cface $-1 -1 $624 $61 $625 0 #
-380 cface_ptr-ct-attrib $-1 -1 $-1 $-1 $218 1 1 1 1 1 1 1 1 1 1 1 1 0 1 0 1 1 1 $-1 $114 #
-381 face $626 -1 -1 $-1 $627 $628 $6 $-1 $274 forward single T 0 3.8399999999999999 1.3999999999999999 0 4.8000000000560394 3.3600000000000003 F #
-382 cface $-1 -1 $19 $30 $115 1 #
-383 cell3d-cell $-1 -1 $629 $2 $-1 1 $521 #
-384 cshell $-1 -1 $-1 $401 $220 #
-385 cface_ptr-ct-attrib $-1 -1 $-1 $-1 $222 1 1 1 1 1 1 1 1 1 1 1 1 0 1 0 1 1 1 $-1 $117 #
-386 cface $-1 -1 $233 $391 $118 1 #
-387 cface_ptr-ct-attrib $-1 -1 $-1 $-1 $224 1 1 1 1 1 1 1 1 1 1 1 1 0 1 0 1 1 1 $630 $631 #
-388 face $632 -1 -1 $-1 $633 $634 $6 $-1 $328 forward double in T 3.8399999999999999 3.3999999999999999 3.3599999999999999 4.7999999999999998 3.8399999999999999 3.3599999999999999 F #
-389 loop $-1 -1 -1 $-1 $-1 $635 $224 T 0 3.8399999999999999 3.3599999999999999 0.96000000000000008 4.8000000000560394 3.3600000000000003 periphery $328 F #
-390 coedge $-1 -1 -1 $-1 $636 $258 $126 $240 reversed $225 $-1 #
-391 cshell $-1 -1 $-1 $402 $227 #
-392 cface $-1 -1 $637 $120 $638 1 #
-393 face $639 -1 -1 $-1 $640 $641 $6 $-1 $156 forward double in T 3.3999999999999999 0 3.3599999999999999 3.8399999999999999 0.95999999999999996 3.3600000000000003 F #
-394 cface $-1 -1 $642 $230 $643 0 #
-395 face $644 -1 -1 $-1 $108 $429 $6 $-1 $156 forward double in T 0.95999999999999996 0 3.3599999999999999 1.4399999999999999 0.95999999999999996 3.3600000000000003 F #
-396 cell3d-cell $-1 -1 $645 $2 $-1 1 $230 #
-397 face $646 -1 -1 $-1 $647 $648 $6 $-1 $375 forward single T 0 0 1.4000000000000001 0.95999999999999996 3.2760016921429269e-11 3.3600000000000003 F #
-398 cface $-1 -1 $649 $399 $650 0 #
-399 cshell $-1 -1 $-1 $651 $645 #
-400 cface $-1 -1 $-1 $391 $652 0 #
-401 cface $-1 -1 $653 $384 $124 1 #
-402 cface $-1 -1 $654 $391 $124 0 #
-403 cface_ptr-ct-attrib $-1 -1 $-1 $-1 $235 1 1 1 1 1 1 1 1 1 1 1 1 0 1 0 1 1 1 $655 $656 #
-404 face $657 -1 -1 $-1 $29 $586 $6 $-1 $54 forward double in T 3.8399999999999999 3.8399999999999999 3.3599999999999999 3.8399999999999999 4.8000000000560394 4.7999999999999998 F #
-405 loop $-1 -1 -1 $-1 $-1 $583 $235 T 3.8399999999999999 3.8399999999999999 3.3599999999999999 4.7999999999999998 3.8400000000000003 4.7999999999999998 periphery $96 F #
-406 coedge $-1 -1 -1 $-1 $257 $256 $658 $659 forward $236 $-1 #
-407 coedge $-1 -1 -1 $-1 $415 $237 $660 $447 forward $125 $-1 #
-408 coedge $-1 -1 -1 $-1 $237 $415 $661 $662 forward $125 $-1 #
-409 coedge $-1 -1 -1 $-1 $663 $664 $665 $410 forward $666 $-1 #
-410 edge $-1 -1 -1 $-1 $667 -1.4399999999999999 $668 -0.47999999999999998 $409 $669 forward @7 unknown T 0.95999999999999996 0 0 0.95999999999999996 0.95999999999999996 0 #
-411 coedge $-1 -1 -1 $-1 $670 $671 $672 $412 forward $673 $-1 #
-412 edge $-1 -1 -1 $-1 $243 -0.96000000000000041 $417 0.99999999999999978 $411 $674 forward @7 unknown T 0.95999999999999996 0 1.4000000000000001 0.95999999999999996 3.2760016921429269e-11 3.3600000000000003 #
-413 coedge $-1 -1 -1 $-1 $675 $239 $676 $677 forward $416 $-1 #
-414 coedge $-1 -1 -1 $-1 $239 $675 $678 $679 forward $416 $-1 #
-415 coedge $-1 -1 -1 $-1 $408 $407 $390 $240 reversed $125 $-1 #
-416 loop $-1 -1 -1 $-1 $-1 $239 $452 T 0.95999999999999996 0 1.3999999999999999 1.4399999999999999 0.95999999999999996 1.4000000000000001 periphery $226 F #
-417 vertex $-1 -1 -1 $-1 $680 $681 #
-418 straight-curve $-1 -1 -1 $-1 0.95999999999999996 0.60000000000818976 1.3999999999999999 0 1 -1.5419764231255753e-16 I I #
-419 coedge $-1 -1 -1 $-1 $682 $241 $671 $425 forward $422 $-1 #
-420 coedge $-1 -1 -1 $-1 $241 $683 $466 $684 forward $422 $-1 #
-421 coedge $-1 -1 -1 $-1 $685 $285 $127 $242 reversed $374 $-1 #
-422 loop $-1 -1 -1 $-1 $-1 $241 $686 T 0.95999999999999996 0 3.3599999999999999 3.8399999999999999 3.2760016921429269e-11 4.7999999999999998 periphery $375 F #
-423 vertex $687 -1 -1 $-1 $688 $689 #
-424 straight-curve $-1 -1 -1 $-1 0.95999999999999996 0 2.3999999999999999 0 0 -1 I I #
-425 edge $-1 -1 -1 $-1 $243 -0.23999999999999999 $690 0.23999999999999999 $419 $478 forward @7 unknown T 0.95999999999999996 0 3.3599999999999999 1.4399999999999999 3.2760016921429269e-11 3.3600000000000003 #
-426 point $-1 -1 -1 $-1 0.95999999999999996 3.2760016921429269e-11 3.3600000000000003 #
-427 coedge $-1 -1 -1 $-1 $691 $244 $419 $425 forward $429 $-1 #
-428 coedge $-1 -1 -1 $-1 $244 $691 $280 $473 forward $429 $-1 #
-429 loop $-1 -1 -1 $-1 $-1 $244 $395 T 0.95999999999999996 0 3.3599999999999999 1.4399999999999999 0.95999999999999996 3.3600000000000003 periphery $156 F #
-430 coedge $-1 -1 -1 $-1 $247 $246 $692 $483 forward $249 $-1 #
-431 coedge $-1 -1 -1 $-1 $693 $448 $133 $253 reversed $377 $-1 #
-432 coedge $-1 -1 -1 $-1 $287 $248 $694 $261 forward $288 $-1 #
-433 coedge $-1 -1 -1 $-1 $695 $251 $428 $473 reversed $436 $-1 #
-434 coedge $-1 -1 -1 $-1 $251 $695 $413 $677 reversed $436 $-1 #
-435 coedge $-1 -1 -1 $-1 $443 $488 $70 $132 reversed $696 $-1 #
-436 loop $-1 -1 -1 $-1 $-1 $433 $643 T 0.95999999999999996 0.95999999999999996 1.3999999999999999 1.4399999999999999 0.95999999999999996 3.3599999999999999 periphery $475 F #
-437 coedge $-1 -1 -1 $-1 $697 $698 $699 $438 reversed $700 $-1 #
-438 edge $-1 -1 -1 $-1 $439 0 $445 0.95999999999999996 $701 $702 forward @7 unknown T 0 1.4399999999999999 1.3999999999999999 0.95999999999999996 1.4399999999999999 1.3999999999999999 #
-439 vertex $-1 -1 -1 $-1 $483 $703 #
-440 straight-curve $-1 -1 -1 $-1 0 1.4399999999999999 1.3999999999999999 -0 -1 1.5419764231255753e-16 F 0 F 1.4399999999672399 #
-441 coedge $-1 -1 -1 $-1 $704 $254 $256 $447 reversed $444 $-1 #
-442 coedge $-1 -1 -1 $-1 $254 $704 $705 $706 forward $444 $-1 #
-443 coedge $-1 -1 -1 $-1 $707 $435 $134 $255 reversed $696 $-1 #
-444 loop $-1 -1 -1 $-1 $-1 $254 $708 T 0.95999999999999996 0.95999999999999996 0 0.95999999999999996 1.4399999999999999 1.3999999999999999 periphery $359 F #
-445 vertex $-1 -1 -1 $-1 $709 $710 #
-446 straight-curve $-1 -1 -1 $-1 0.95999999999999996 1.08000000000819 1.3999999999999999 0 -1 1.5419764231255753e-16 I I #
-447 edge $-1 -1 -1 $-1 $668 0 $137 1.3999999999999999 $660 $151 forward @7 unknown T 0.95999999999999996 0.95999999999999996 0 0.95999999999999996 0.95999999999999996 1.3999999999999999 #
-448 coedge $-1 -1 -1 $-1 $431 $711 $712 $449 forward $377 $-1 #
-449 edge $-1 -1 -1 $-1 $713 -2.3999999999999999 $138 -1 $448 $714 forward @7 unknown T 0 0.96000000000000019 0 0 0.96000000000000019 1.3999999999999999 #
-450 coedge $-1 -1 -1 $-1 $258 $636 $432 $261 reversed $225 $-1 #
-451 cface_ptr-ct-attrib $-1 -1 $-1 $-1 $259 1 1 1 1 1 1 1 1 1 1 1 1 0 1 0 1 1 1 $715 $217 #
-452 face $716 -1 -1 $-1 $717 $416 $6 $-1 $226 forward double in T 0.95999999999999996 0 1.3999999999999999 1.4399999999999999 0.95999999999999996 1.4000000000000001 F #
-453 vertex $-1 -1 -1 $-1 $480 $718 #
-454 coedge $-1 -1 -1 $-1 $264 $263 $719 $720 forward $266 $-1 #
-455 coedge $-1 -1 -1 $-1 $281 $487 $263 $456 forward $358 $-1 #
-456 edge $-1 -1 -1 $-1 $721 -0.47999999999999998 $150 -0 $455 $722 forward @7 unknown T 0.95999999999999996 0.95999999999999996 4.7999999999999998 0.95999999999999996 1.4399999999999999 4.7999999999999998 #
-457 coedge $-1 -1 -1 $-1 $615 $265 $271 $463 reversed $210 $-1 #
-458 coedge $-1 -1 -1 $-1 $606 $605 $723 $459 reversed $204 $-1 #
-459 edge $-1 -1 -1 $-1 $291 0 $460 1.4399999999672404 $723 $724 forward @7 unknown T 0 1.4399999999999999 3.3599999999999999 0 1.4399999999999999 4.7999999999672402 #
-460 vertex $-1 -1 -1 $-1 $725 $726 #
-461 straight-curve $-1 -1 -1 $-1 0 0 4.7999999999999998 0 1 0 I I #
-462 coedge $-1 -1 -1 $-1 $271 $270 $476 $481 forward $272 $-1 #
-463 edge $-1 -1 -1 $-1 $727 0 $146 0.96000000000000019 $271 $461 forward @7 unknown T 0 0 4.7999999999999998 0 0.96000000000000019 4.7999999999999998 #
-464 cface_ptr-ct-attrib $-1 -1 $-1 $-1 $273 1 1 1 1 1 1 1 1 1 1 1 1 0 1 0 1 1 1 $-1 $354 #
-465 face $728 -1 -1 $-1 $218 $729 $6 $-1 $274 forward single T 0 3.8399999999999999 3.3599999999999999 0 4.8000000000560394 4.7999999999999998 F #
-466 coedge $-1 -1 -1 $-1 $730 $277 $420 $684 reversed $468 $-1 #
-467 coedge $-1 -1 -1 $-1 $277 $731 $279 $471 reversed $468 $-1 #
-468 loop $-1 -1 -1 $-1 $-1 $730 $368 T 0.95999999999999996 0 4.7999999999672402 3.8399999999999999 1.4399999999999999 4.7999999999999998 periphery $211 F #
-469 straight-curve $-1 -1 -1 $-1 0.95999999999999996 0.95999999999999996 4.7999999999999998 0 -1 0 F 0 F 0.95999999999999996 #
-470 coedge $-1 -1 -1 $-1 $472 $279 $732 $733 reversed $282 $-1 #
-471 edge $-1 -1 -1 $-1 $150 -0.95999999999999996 $734 0 $279 $735 forward @7 unknown T 0.95999999999999996 0.95999999999999996 4.7999999999999998 1.9199999999999999 0.95999999999999996 4.7999999999999998 #
-472 coedge $-1 -1 -1 $-1 $280 $470 $736 $737 forward $282 $-1 #
-473 edge $-1 -1 -1 $-1 $738 -0.71999999999999997 $83 -0.23999999999999999 $280 $739 forward @7 unknown T 0.95999999999999996 0.95999999999999996 3.3599999999999999 1.4399999999999999 0.95999999999999996 3.3599999999999999 #
-474 face $740 -1 -1 $-1 $741 $282 $6 $-1 $475 forward single T 0.95999999999999996 0.95999999999999996 3.3599999999999999 1.9199999999999999 0.95999999999999996 4.7999999999999998 F #
-475 plane-surface $-1 -1 -1 $-1 1.4399999999999999 0.95999999999999996 0 0 1 -0 -1 0 0 forward_v I I I I #
-476 coedge $-1 -1 -1 $-1 $285 $685 $462 $481 reversed $374 $-1 #
-477 coedge $-1 -1 -1 $-1 $479 $672 $152 $286 reversed $648 $-1 #
-478 straight-curve $-1 -1 -1 $-1 1.2 3.2760016921429269e-11 3.3600000000000003 1 0 0 I I #
-479 coedge $-1 -1 -1 $-1 $742 $477 $287 $480 reversed $648 $-1 #
-480 edge $-1 -1 -1 $-1 $453 1.4000000000000001 $289 3.3600000000000003 $287 $743 forward @7 unknown T 0 0 1.4000000000000001 0 3.2760016921429269e-11 3.3600000000000003 #
-481 edge $-1 -1 -1 $-1 $289 3.3600000000000003 $727 4.7999999999999998 $462 $743 forward @7 unknown T 0 0 3.3600000000000003 0 3.2760016921429269e-11 4.7999999999999998 #
-482 point $-1 -1 -1 $-1 0 3.2760016921429269e-11 3.3600000000000003 #
-483 edge $-1 -1 -1 $-1 $291 -2.1699999999999999 $439 -0.20999999999999996 $430 $744 forward @7 unknown T 0 1.4399999999999999 1.3999999999999999 0 1.4399999999999999 3.3599999999999999 #
-484 point $-1 -1 -1 $-1 0 1.4399999999999999 3.3599999999999999 #
-485 coedge $-1 -1 -1 $-1 $745 $692 $746 $486 forward $747 $-1 #
-486 edge $-1 -1 -1 $-1 $291 0 $489 0.95999999999999996 $746 $748 forward @7 unknown T 0 1.4399999999999999 3.3599999999999999 0.95999999999999996 1.4399999999999999 3.3599999999999999 #
-487 coedge $-1 -1 -1 $-1 $455 $293 $749 $607 forward $358 $-1 #
-488 coedge $-1 -1 -1 $-1 $435 $707 $160 $294 reversed $696 $-1 #
-489 vertex $-1 -1 -1 $-1 $709 $750 #
-490 straight-curve $-1 -1 -1 $-1 0.95999999999999996 1.0800000000081904 3.3599999999999999 0 1 -2.3129646346883629e-16 I I #
-491 cell3d-cell $-1 -1 $751 $2 $-1 1 $752 #
-492 cshell $-1 -1 $-1 $753 $295 #
-493 cface $-1 -1 $754 $296 $755 0 #
-494 cface $-1 -1 $756 $87 $757 0 #
-495 cface $-1 -1 $758 $45 $759 0 #
-496 face $760 -1 -1 $-1 $300 $761 $6 $-1 $308 forward single T 4.7999999999999998 3.3999999999999999 -5.6039617390979402e-11 4.7999999999999998 3.8399999999999999 1.3999999999999999 F #
-497 cface_ptr-ct-attrib $-1 -1 $-1 $-1 $300 1 1 1 1 1 1 1 1 1 1 1 1 0 1 0 1 1 1 $-1 $167 #
-498 loop $-1 -1 -1 $-1 $-1 $762 $300 T 4.7999999999999998 3.8399999999999999 1.3999999999999999 4.7999999999999998 4.8000000000560394 3.3600000000000003 periphery $308 F #
-499 cface_ptr-ct-attrib $-1 -1 $-1 $-1 $302 1 1 1 1 1 1 1 1 1 1 1 1 0 1 0 1 1 1 $763 $764 #
-500 face $765 -1 -1 $-1 $766 $767 $6 $-1 $502 forward double in T 1.9200000000000002 3.3999999999999999 -5.6039617390979402e-11 2.8799999999999999 3.4000000000000004 1.3999999999999999 F #
-501 loop $-1 -1 -1 $-1 $-1 $768 $302 T 3.8399999999999999 3.3999999999999999 -5.6039617390979402e-11 4.7999999999999998 3.4000000000000004 1.3999999999999999 periphery $502 F #
-502 plane-surface $-1 -1 -1 $-1 0 3.3999999999999999 0.69999999997198015 0 -1 -1.5860328922581662e-16 0 1.5860328922581662e-16 -1 forward_v I I I I #
-503 coedge $-1 -1 -1 $-1 $769 $563 $181 $322 reversed $303 $-1 #
-504 coedge $-1 -1 -1 $-1 $538 $304 $197 $345 reversed $170 $-1 #
-505 coedge $-1 -1 -1 $-1 $304 $538 $770 $771 forward $170 $-1 #
-506 edge $-1 -1 -1 $-1 $351 1.6799999999999997 $772 2.6399999999999997 $773 $774 forward @7 unknown T 3.8399999999999999 3.8399999999999999 3.3599999999999999 4.7999999999999998 3.8399999999999999 3.3599999999999999 #
-507 cface_ptr-ct-attrib $-1 -1 $-1 $-1 $306 1 1 1 1 1 1 1 1 1 1 1 1 0 1 0 1 1 1 $-1 $775 #
-508 face $776 -1 -1 $-1 $777 $778 $6 $-1 $308 forward single T 4.7999999999999998 3.3999999999999999 1.3999999999999999 4.7999999999999998 3.8399999999999999 3.3599999999999999 F #
-509 loop $-1 -1 -1 $-1 $-1 $779 $306 T 4.7999999999999998 1.4399999999999999 -5.6039617390979402e-11 4.7999999999999998 3.4000000000000004 1.3999999999999999 periphery $308 F #
-510 coedge $-1 -1 -1 $-1 $780 $781 $320 $535 reversed $307 $-1 #
-511 cface $-1 -1 $-1 $782 $174 0 #
-512 cface_ptr-ct-attrib $-1 -1 $-1 $-1 $310 1 1 1 1 1 1 1 1 1 1 1 1 0 1 0 1 1 1 $754 $783 #
-513 face $784 -1 -1 $-1 $785 $786 $6 $-1 $328 forward double in T 0 3.3999999999999999 3.3599999999999999 0.96000000000000008 3.8399999999999999 3.3599999999999999 F #
-514 loop $-1 -1 -1 $-1 $-1 $787 $310 T 0.95999999999999996 3.8399999999999999 3.3599999999999999 1.4399999999999999 4.8000000000560394 3.3600000000000003 periphery $328 F #
-515 coedge $-1 -1 -1 $-1 $788 $789 $790 $791 forward $311 $-1 #
-516 coedge $-1 -1 -1 $-1 $792 $312 $572 $793 reversed $175 $-1 #
-517 coedge $-1 -1 -1 $-1 $312 $792 $780 $794 forward $175 $-1 #
-518 coedge $-1 -1 -1 $-1 $320 $319 $795 $519 forward $95 $-1 #
-519 edge $-1 -1 -1 $-1 $796 0.47999999999999954 $797 1.4399999999999995 $795 $798 forward @7 unknown T 3.8399999999999999 3.8399999999999999 0 4.7999999999999998 3.8400000000000003 0 #
-520 cface $-1 -1 $-1 $521 $799 0 #
-521 cshell $-1 -1 $-1 $800 $383 #
-522 cface $-1 -1 $801 $120 $802 0 #
-523 cface $-1 -1 $803 $804 $178 1 #
-524 cface $-1 -1 $805 $806 $178 0 #
-525 cface_ptr-ct-attrib $-1 -1 $-1 $-1 $316 1 1 1 1 1 1 1 1 1 1 1 1 0 1 0 1 1 1 $807 $808 #
-526 face $809 -1 -1 $-1 $810 $811 $6 $-1 $812 forward double in T 3.8399999999999999 0.95999999999999996 3.3599999999999999 4.7999999999999998 0.96000000000000063 4.7999999999999998 F #
-527 loop $-1 -1 -1 $-1 $-1 $813 $316 T 3.8399999999999999 0 0 3.8399999999999999 0.95999999999999996 1.4000000000000004 periphery $180 F #
-528 coedge $-1 -1 -1 $-1 $814 $815 $816 $817 forward $317 $-1 #
-529 coedge $-1 -1 -1 $-1 $818 $318 $819 $820 forward $179 $-1 #
-530 coedge $-1 -1 -1 $-1 $318 $818 $821 $822 forward $179 $-1 #
-531 coedge $-1 -1 -1 $-1 $823 $824 $825 $532 reversed $641 $-1 #
-532 edge $-1 -1 -1 $-1 $826 -0.3599999999918102 $827 0.59999999997542974 $828 $829 forward @7 unknown T 3.8399999999999999 3.2760016921429269e-11 3.3599999999999999 3.8399999999999999 0.95999999999999996 3.3600000000000003 #
-533 edge $-1 -1 -1 $-1 $796 0 $540 1.3999999999999999 $575 $579 forward @7 unknown T 3.8399999999999999 3.8399999999999999 0 3.8399999999999999 3.8399999999999999 1.3999999999999999 #
-534 coedge $-1 -1 -1 $-1 $830 $831 $510 $535 forward $761 $-1 #
-535 edge $-1 -1 -1 $-1 $797 -2.3999999999999999 $539 -1 $534 $832 forward @7 unknown T 4.7999999999999998 3.8399999999999999 0 4.7999999999999998 3.8399999999999999 1.3999999999999999 #
-536 coedge $-1 -1 -1 $-1 $833 $321 $834 $835 forward $190 $-1 #
-537 coedge $-1 -1 -1 $-1 $321 $833 $836 $837 forward $190 $-1 #
-538 coedge $-1 -1 -1 $-1 $505 $504 $503 $322 reversed $170 $-1 #
-539 vertex $-1 -1 -1 $-1 $838 $839 #
-540 vertex $-1 -1 -1 $-1 $345 $840 #
-541 straight-curve $-1 -1 -1 $-1 2.1600000000000001 3.8399999999999994 1.3999999999999999 -1 -2.312964634635743e-16 -3.6684379891621789e-32 I I #
-542 face $841 -1 -1 $-1 $842 $843 $6 $-1 $844 reversed single T 3.3999999999999999 3.8399999999999999 1.3999999999999999 3.3999999999999999 4.7999999999999998 3.3599999999999999 F #
-543 cface_ptr-ct-attrib $-1 -1 $-1 $-1 $324 1 1 1 1 1 1 1 1 1 1 1 1 0 1 0 1 1 1 $-1 $182 #
-544 face $845 -1 -1 $-1 $799 $846 $6 $-1 $847 forward single T 2.8799999999999999 3.3999999999999999 0 2.8799999999999999 3.8399999999999999 1.3999999999999999 F #
-545 loop $-1 -1 -1 $-1 $-1 $577 $324 T 3.3999999999999999 3.8399999999999999 1.3999999999999999 3.8399999999999999 3.8399999999999999 3.3599999999999999 periphery $546 F #
-546 plane-surface $-1 -1 -1 $-1 3.3599999999999999 3.8399999999999999 0 0 -1 0 1 0 0 forward_v I I I I #
-547 cface $-1 -1 $848 $849 $183 0 #
-548 cface_ptr-ct-attrib $-1 -1 $-1 $-1 $326 1 1 1 1 1 1 1 1 1 1 1 1 0 1 0 1 1 1 $299 $850 #
-549 coedge $-1 -1 -1 $-1 $851 $329 $852 $560 forward $185 $-1 #
-550 coedge $-1 -1 -1 $-1 $329 $851 $853 $854 forward $185 $-1 #
-551 coedge $-1 -1 -1 $-1 $581 $855 $196 $343 reversed $568 $-1 #
-552 cface $-1 -1 $856 $164 $544 0 #
-553 face $857 -1 -1 $-1 $858 $859 $6 $-1 $546 forward single T 2.8799999999999999 3.8399999999999999 0 3.8399999999999999 3.8399999999999999 1.3999999999999999 F #
-554 cface $-1 -1 $860 $861 $189 0 #
-555 cface_ptr-ct-attrib $-1 -1 $-1 $-1 $332 1 1 1 1 1 1 1 1 1 1 1 1 0 1 0 1 1 1 $-1 $862 #
-556 face $863 -1 -1 $-1 $864 $865 $6 $-1 $176 reversed single T 3.8399999999999999 0.95999999999999985 -5.6039617390979402e-11 4.7999999999999998 1.4399999999999999 0 F #
-557 loop $-1 -1 -1 $-1 $-1 $866 $332 T 4.7999999999999998 0.96000000000000019 1.3999999999999999 4.7999999999999998 1.4399999999999999 3.3599999999999999 periphery $308 F #
-558 coedge $-1 -1 -1 $-1 $867 $868 $869 $870 reversed $333 $-1 #
-559 coedge $-1 -1 -1 $-1 $335 $334 $871 $872 forward $101 $-1 #
-560 edge $-1 -1 -1 $-1 $564 -2.6399999999999997 $873 -2.2000000000000002 $549 $874 forward @7 unknown T 3.3999999999999999 4.7999999999999998 1.3999999999999999 3.8399999999999999 4.8000000000560394 1.4000000000000001 #
-561 coedge $-1 -1 -1 $-1 $344 $875 $876 $562 forward $545 $-1 #
-562 edge $-1 -1 -1 $-1 $877 1.72 $540 2.1600000000000001 $561 $878 forward @7 unknown T 3.3999999999999999 3.8399999999999999 1.3999999999999999 3.8399999999999999 3.8399999999999999 1.3999999999999999 #
-563 coedge $-1 -1 -1 $-1 $503 $879 $195 $337 reversed $303 $-1 #
-564 vertex $-1 -1 -1 $-1 $560 $880 #
-565 straight-curve $-1 -1 -1 $-1 3.8399999999999999 4.2100000000140101 1.3999999999999999 0 1 1.5860328922581657e-16 I I #
-566 cface_ptr-ct-attrib $-1 -1 $-1 $-1 $338 1 1 1 1 1 1 1 1 1 1 1 1 0 1 0 1 1 1 $-1 $192 #
-567 face $881 -1 -1 $-1 $882 $883 $6 $-1 $186 forward single T 0.95999999999999996 4.7999999999999998 1.3999999999999999 1.4399999999999999 4.8000000000560394 3.3600000000000003 F #
-568 loop $-1 -1 -1 $-1 $-1 $551 $338 T 3.8399999999999999 4.7999999999999998 1.3999999999999999 4.7999999999999998 4.8000000000560394 3.3600000000000003 periphery $186 F #
-569 cface $-1 -1 $884 $164 $885 0 #
-570 face $886 -1 -1 $-1 $887 $888 $6 $-1 $889 forward double in T 0.95999999999999996 3.8399999999999999 0 0.96000000000000008 4.8000000000560394 1.4000000000000004 F #
-571 face $890 -1 -1 $-1 $885 $891 $6 $-1 $186 forward single T 3.8399999999999999 4.7999999999999998 0 4.7999999999999998 4.8000000000560394 1.4000000000000001 F #
-572 coedge $-1 -1 -1 $-1 $342 $341 $892 $793 forward $105 $-1 #
-573 coedge $-1 -1 -1 $-1 $893 $852 $894 $574 forward $895 $-1 #
-574 edge $-1 -1 -1 $-1 $564 0.99999999999999978 $896 2.3999999999999999 $573 $897 forward @7 unknown T 3.8399999999999999 4.7999999999999998 0 3.8399999999999999 4.8000000000560394 1.4000000000000001 #
-575 coedge $-1 -1 -1 $-1 $876 $898 $899 $533 forward $859 $-1 #
-576 straight-curve $-1 -1 -1 $-1 3.8399999999999999 4.8000000000000007 2.3999999999999999 0 0 -1 I I #
-577 coedge $-1 -1 -1 $-1 $875 $344 $900 $901 forward $545 $-1 #
-578 coedge $-1 -1 -1 $-1 $834 $902 $504 $345 reversed $903 $-1 #
-579 straight-curve $-1 -1 -1 $-1 3.8399999999999999 3.8399999999999999 0 0 0 1 I I #
-580 coedge $-1 -1 -1 $-1 $347 $346 $904 $905 forward $349 $-1 #
-581 coedge $-1 -1 -1 $-1 $906 $551 $907 $582 forward $568 $-1 #
-582 edge $-1 -1 -1 $-1 $350 2.6399999999999997 $908 3.5999999999999996 $581 $909 forward @7 unknown T 3.8399999999999999 4.8000000000560394 3.3600000000000003 4.7999999999999998 4.8000000000560394 3.3600000000000003 #
-583 coedge $-1 -1 -1 $-1 $910 $911 $773 $506 forward $405 $-1 #
-584 coedge $-1 -1 -1 $-1 $912 $348 $913 $588 forward $586 $-1 #
-585 coedge $-1 -1 -1 $-1 $348 $912 $914 $915 forward $586 $-1 #
-586 loop $-1 -1 -1 $-1 $-1 $348 $404 T 3.8399999999999999 3.8399999999999999 3.3599999999999999 3.8399999999999999 4.8000000000560394 4.7999999999999998 periphery $54 F #
-587 point $-1 -1 -1 $-1 3.8399999999999999 4.8000000000560394 3.3600000000000003 #
-588 edge $-1 -1 -1 $-1 $351 3.3599999999999999 $916 4.7999999999999998 $913 $579 forward @7 unknown T 3.8399999999999999 3.8399999999999999 3.3599999999999999 3.8399999999999999 3.8399999999999999 4.7999999999999998 #
-589 point $-1 -1 -1 $-1 3.8399999999999999 3.8399999999999999 3.3599999999999999 #
-590 coedge $-1 -1 -1 $-1 $917 $352 $577 $901 forward $327 $-1 #
-591 coedge $-1 -1 -1 $-1 $352 $917 $550 $854 forward $327 $-1 #
-592 cface_ptr-ct-attrib $-1 -1 $-1 $-1 $355 1 1 1 1 1 1 1 1 1 1 1 1 0 1 0 1 1 1 $-1 $200 #
-593 cface_ptr-ct-attrib $-1 -1 $-1 $-1 $357 1 1 1 1 1 1 1 1 1 1 1 1 0 1 0 1 1 1 $-1 $918 #
-594 face $919 -1 -1 $-1 $920 $921 $6 $-1 $847 forward single T 2.8799999999999999 3.3999999999999995 3.3599999999999999 2.8799999999999999 3.8399999999999999 4.7999999999999998 F #
-595 loop $-1 -1 -1 $-1 $-1 $922 $357 T 1.9200000000000002 2.8799999999999999 3.3599999999999999 1.9200000000000002 3.3999999999999999 4.7999999999999998 periphery $596 F #
-596 plane-surface $-1 -1 -1 $-1 1.9200000000000002 3.3599999999999999 0 -1 0 0 0 -1 0 forward_v I I I I #
-597 cface $-1 -1 $923 $378 $924 0 #
-598 cface $-1 -1 $925 $926 $203 1 #
-599 cface $-1 -1 $523 $804 $203 0 #
-600 cface_ptr-ct-attrib $-1 -1 $-1 $-1 $362 1 1 1 1 1 1 1 1 1 1 1 1 0 1 0 1 1 1 $927 $928 #
-601 face $929 -1 -1 $-1 $930 $931 $6 $-1 $603 forward double in T 1.9199999999999999 1.4399999999999999 -5.6039617390979402e-11 2.8799999999999999 1.4399999999999999 1.3999999999999999 F #
-602 loop $-1 -1 -1 $-1 $-1 $932 $362 T 3.8399999999999999 1.4399999999999999 -5.6039617390979402e-11 4.7999999999999998 1.4399999999999999 1.3999999999999999 periphery $603 F #
-603 plane-surface $-1 -1 -1 $-1 0 1.4399999999999999 0.69999999997198015 0 -1 -7.9301644612908309e-17 0 7.9301644612908309e-17 -1 forward_v I I I I #
-604 coedge $-1 -1 -1 $-1 $933 $816 $934 $935 forward $363 $-1 #
-605 coedge $-1 -1 -1 $-1 $458 $364 $454 $720 forward $204 $-1 #
-606 coedge $-1 -1 -1 $-1 $364 $458 $292 $486 forward $204 $-1 #
-607 edge $-1 -1 -1 $-1 $489 1.3200000000081897 $721 2.7600000000081897 $487 $936 forward @7 unknown T 0.95999999999999996 1.4399999999999997 3.3599999999999999 0.95999999999999996 1.4399999999999999 4.7999999999999998 #
-608 cface $-1 -1 $937 $365 $619 0 #
-609 cface $-1 -1 $938 $207 $939 0 #
-610 face $940 -1 -1 $-1 $941 $942 $6 $-1 $211 forward single T 0 3.3999999999999999 4.7999999999672402 0.96000000000000008 3.8399999999999999 4.7999999999999998 F #
-611 cface $-1 -1 $-1 $861 $209 0 #
-612 cface_ptr-ct-attrib $-1 -1 $-1 $-1 $368 1 1 1 1 1 1 1 1 1 1 1 1 0 1 0 1 1 1 $-1 $943 #
-613 face $944 -1 -1 $-1 $610 $945 $6 $-1 $211 forward single T 3.8399999999999999 3.3999999999999999 4.7999999999672402 4.7999999999999998 3.8399999999999999 4.7999999999999998 F #
-614 coedge $-1 -1 -1 $-1 $946 $947 $948 $949 forward $369 $-1 #
-615 coedge $-1 -1 -1 $-1 $370 $457 $685 $688 reversed $210 $-1 #
-616 cface_ptr-ct-attrib $-1 -1 $-1 $-1 $371 1 1 1 1 1 1 1 1 1 1 1 1 0 1 0 1 1 1 $-1 $212 #
-617 face $950 -1 -1 $-1 $222 $673 $6 $-1 $375 forward single T 0.95999999999999996 0 1.3999999999999999 1.4399999999999999 3.2760016921429269e-11 3.3600000000000003 F #
-618 cface_ptr-ct-attrib $-1 -1 $-1 $-1 $373 1 1 1 1 1 1 1 1 1 1 1 1 0 1 0 1 1 1 $-1 $951 #
-619 face $952 -1 -1 $-1 $953 $954 $6 $-1 $955 forward single T 2.8799999999999999 1.4399999999999999 0 2.8799999999999999 1.9199999999999999 1.3999999999999999 F #
-620 loop $-1 -1 -1 $-1 $-1 $956 $373 T 0.96000000000000008 3.8399999999999999 1.3999999999999999 1.4399999999999999 3.8399999999999999 3.3599999999999999 periphery $621 F #
-621 plane-surface $-1 -1 -1 $-1 1.4400000000000002 3.8399999999999999 0 0 -1 0 1 0 0 forward_v I I I I #
-622 cface $-1 -1 $715 $384 $215 0 #
-623 cface $-1 -1 $957 $378 $958 0 #
-624 cface $-1 -1 $-1 $61 $959 0 #
-625 face $960 -1 -1 $-1 $757 $696 $6 $-1 $359 forward single T 0.95999999999999996 0.95999999999999996 1.3999999999999999 0.95999999999999996 1.4399999999999999 3.3599999999999999 F #
-626 cface_ptr-ct-attrib $-1 -1 $-1 $-1 $381 1 1 1 1 1 1 1 1 1 1 1 1 0 1 0 1 1 1 $-1 $961 #
-627 face $962 -1 -1 $-1 $963 $964 $6 $-1 $274 forward single T 0 0 0 0 0.96000000000000019 1.4000000000000001 F #
-628 loop $-1 -1 -1 $-1 $-1 $965 $381 T 0 3.8399999999999999 1.3999999999999999 0 4.8000000000560394 3.3600000000000003 periphery $274 F #
-629 cell3d-cell $-1 -1 $59 $2 $-1 1 $861 #
-630 cface $-1 -1 $961 $782 $224 1 #
-631 cface $-1 -1 $-1 $966 $224 0 #
-632 cface_ptr-ct-attrib $-1 -1 $-1 $-1 $388 1 1 1 1 1 1 1 1 1 1 1 1 0 1 0 1 1 1 $756 $967 #
-633 face $968 -1 -1 $-1 $969 $970 $6 $-1 $971 forward double in T 0 3.3999999999999995 3.3599999999999999 0.96000000000000008 3.4000000000000004 4.7999999999999998 F #
-634 loop $-1 -1 -1 $-1 $-1 $773 $388 T 3.8399999999999999 3.3999999999999999 3.3599999999999999 4.7999999999999998 3.8399999999999999 3.3599999999999999 periphery $328 F #
-635 coedge $-1 -1 -1 $-1 $972 $973 $974 $975 forward $389 $-1 #
-636 coedge $-1 -1 -1 $-1 $450 $390 $976 $680 forward $225 $-1 #
-637 cface $-1 -1 $977 $120 $978 0 #
-638 face $979 -1 -1 $-1 $980 $981 $6 $-1 $205 forward double in T 1.9199999999999999 1.4399999999999997 3.3599999999999999 2.8799999999999999 1.4399999999999999 4.7999999999999998 F #
-639 cface_ptr-ct-attrib $-1 -1 $-1 $-1 $393 1 1 1 1 1 1 1 1 1 1 1 1 0 1 0 1 1 1 $228 $982 #
-640 face $983 -1 -1 $-1 $984 $985 $6 $-1 $156 forward double in T 3.8399999999999999 3.2760016921429269e-11 3.3599999999999999 4.7999999999999998 0.96000000000000019 3.3600000000000003 F #
-641 loop $-1 -1 -1 $-1 $-1 $531 $393 T 3.3999999999999999 0 3.3599999999999999 3.8399999999999999 0.95999999999999996 3.3600000000000003 periphery $156 F #
-642 cface $-1 -1 $986 $230 $452 0 #
-643 face $987 -1 -1 $-1 $988 $436 $6 $-1 $475 forward single T 0.95999999999999996 0.95999999999999996 1.3999999999999999 1.4399999999999999 0.95999999999999996 3.3599999999999999 F #
-644 cface_ptr-ct-attrib $-1 -1 $-1 $-1 $395 1 1 1 1 1 1 1 1 1 1 1 1 0 1 0 1 1 1 $989 $229 #
-645 cell3d-cell $-1 -1 $119 $2 $-1 1 $399 #
-646 cface_ptr-ct-attrib $-1 -1 $-1 $-1 $397 1 1 1 1 1 1 1 1 1 1 1 1 0 1 0 1 1 1 $-1 $231 #
-647 face $990 -1 -1 $-1 $991 $992 $6 $-1 $375 forward single T 3.3999999999999999 0 1.3999999999999999 3.8399999999999999 3.2760016921429269e-11 3.3600000000000003 F #
-648 loop $-1 -1 -1 $-1 $-1 $672 $397 T 0 0 1.4000000000000001 0.95999999999999996 3.2760016921429269e-11 3.3600000000000003 periphery $375 F #
-649 cface $-1 -1 $993 $399 $994 0 #
-650 face $995 -1 -1 $-1 $996 $666 $6 $-1 $176 reversed single T 0.95999999999999996 0 -5.6039617390979402e-11 3.8399999999999999 1.4399999999999999 0 F #
-651 cface $-1 -1 $997 $399 $998 0 #
-652 face $999 -1 -1 $-1 $393 $1000 $6 $-1 $375 forward single T 0 0 0 0.95999999999999996 3.2760016921429269e-11 1.4000000000000001 F #
-653 cface $-1 -1 $622 $384 $1001 0 #
-654 cface $-1 -1 $1002 $391 $1003 0 #
-655 cface $-1 -1 $1004 $1005 $235 1 #
-656 cface $-1 -1 $850 $1006 $235 0 #
-657 cface_ptr-ct-attrib $-1 -1 $-1 $-1 $404 1 1 1 1 1 1 1 1 1 1 1 1 0 1 0 1 1 1 $1007 $1008 #
-658 coedge $-1 -1 -1 $-1 $1009 $1010 $1011 $659 forward $1012 $-1 #
-659 edge $-1 -1 -1 $-1 $668 0.47999999999999976 $713 1.4399999999999997 $658 $1013 forward @7 unknown T 0 0.95999999999999985 0 0.95999999999999996 0.96000000000000019 0 #
-660 coedge $-1 -1 -1 $-1 $676 $1014 $441 $447 forward $1015 $-1 #
-661 coedge $-1 -1 -1 $-1 $1016 $678 $1017 $662 forward $1018 $-1 #
-662 edge $-1 -1 -1 $-1 $417 0.99999999999999978 $667 2.3999999999999999 $661 $1019 forward @7 unknown T 0.95999999999999996 0 0 0.95999999999999996 3.2760016921429269e-11 1.4000000000000001 #
-663 coedge $-1 -1 -1 $-1 $1020 $409 $1014 $1021 reversed $666 $-1 #
-664 coedge $-1 -1 -1 $-1 $409 $1022 $1016 $1023 forward $666 $-1 #
-665 coedge $-1 -1 -1 $-1 $1024 $1011 $237 $410 reversed $1025 $-1 #
-666 loop $-1 -1 -1 $-1 $-1 $409 $650 T 0.95999999999999996 0 -5.6039617390979402e-11 3.8399999999999999 1.4399999999999999 0 periphery $176 T #
-667 vertex $-1 -1 -1 $-1 $1026 $1027 #
-668 vertex $-1 -1 -1 $-1 $1021 $1028 #
-669 straight-curve $-1 -1 -1 $-1 0.95999999999999996 1.4399999999999999 0 0 1 0 I I #
-670 coedge $-1 -1 -1 $-1 $1029 $411 $414 $679 reversed $673 $-1 #
-671 coedge $-1 -1 -1 $-1 $411 $1029 $427 $425 reversed $673 $-1 #
-672 coedge $-1 -1 -1 $-1 $477 $742 $238 $412 reversed $648 $-1 #
-673 loop $-1 -1 -1 $-1 $-1 $411 $617 T 0.95999999999999996 0 1.3999999999999999 1.4399999999999999 3.2760016921429269e-11 3.3600000000000003 periphery $375 F #
-674 straight-curve $-1 -1 -1 $-1 0.95999999999999996 0 2.3999999999999999 0 0 -1 I I #
-675 coedge $-1 -1 -1 $-1 $414 $413 $1030 $1031 forward $416 $-1 #
-676 coedge $-1 -1 -1 $-1 $1032 $660 $434 $677 forward $1015 $-1 #
-677 edge $-1 -1 -1 $-1 $137 0.23999999999999999 $1033 0.71999999999999997 $676 $1034 forward @7 unknown T 0.95999999999999996 0.95999999999999996 1.3999999999999999 1.4399999999999999 0.95999999999999996 1.3999999999999999 #
-678 coedge $-1 -1 -1 $-1 $661 $1035 $670 $679 forward $1018 $-1 #
-679 edge $-1 -1 -1 $-1 $1036 -0.23999999999999999 $417 0.23999999999999999 $678 $1037 forward @7 unknown T 0.95999999999999996 0 1.3999999999999999 1.4399999999999999 3.2760016921429269e-11 1.4000000000000001 #
-680 edge $-1 -1 -1 $-1 $417 0.23999999999999999 $453 1.2 $976 $1037 forward @7 unknown T 0 3.2760016921429269e-11 1.4000000000000001 0.95999999999999996 3.2760016921429269e-11 1.4000000000000001 #
-681 point $-1 -1 -1 $-1 0.95999999999999996 3.2760016921429269e-11 1.4000000000000001 #
-682 coedge $-1 -1 -1 $-1 $1038 $419 $1039 $1040 forward $422 $-1 #
-683 coedge $-1 -1 -1 $-1 $420 $1038 $530 $822 reversed $422 $-1 #
-684 edge $-1 -1 -1 $-1 $1041 0.95999999999999996 $423 3.8399999999999999 $420 $1042 forward @7 unknown T 0.95999999999999996 0 4.7999999999999998 3.8399999999999999 0 4.7999999999999998 #
-685 coedge $-1 -1 -1 $-1 $476 $421 $615 $688 forward $374 $-1 #
-686 face $1043 -1 -1 $-1 $1044 $422 $6 $-1 $375 forward single T 0.95999999999999996 0 3.3599999999999999 3.8399999999999999 3.2760016921429269e-11 4.7999999999999998 F #
-687 integer_attrib-name_attrib-gen-attrib $-1 -1 $-1 $-1 $423 2 4 2 1 1 1 1 1 1 1 1 1 1 1 0 1 1 1 @16 SKETCH_ENTITY_ID 300034 #
-688 edge $-1 -1 -1 $-1 $423 3.8399999999999999 $727 4.7999999999999998 $685 $1042 forward @7 unknown T 0 0 4.7999999999999998 0.95999999999999996 0 4.7999999999999998 #
-689 point $-1 -1 -1 $-1 0.95999999999999996 0 4.7999999999999998 #
-690 vertex $-1 -1 -1 $-1 $1045 $1046 #
-691 coedge $-1 -1 -1 $-1 $428 $427 $1047 $1048 reversed $429 $-1 #
-692 coedge $-1 -1 -1 $-1 $485 $701 $430 $483 reversed $747 $-1 #
-693 coedge $-1 -1 -1 $-1 $711 $431 $697 $1049 reversed $377 $-1 #
-694 coedge $-1 -1 -1 $-1 $712 $1050 $450 $261 reversed $964 $-1 #
-695 coedge $-1 -1 -1 $-1 $434 $433 $1051 $1052 forward $436 $-1 #
-696 loop $-1 -1 -1 $-1 $-1 $488 $625 T 0.95999999999999996 0.95999999999999996 1.3999999999999999 0.95999999999999996 1.4399999999999999 3.3599999999999999 periphery $359 F #
-697 coedge $-1 -1 -1 $-1 $1053 $437 $1054 $1049 reversed $700 $-1 #
-698 coedge $-1 -1 -1 $-1 $437 $1053 $442 $706 forward $700 $-1 #
-699 coedge $-1 -1 -1 $-1 $1055 $1056 $701 $438 forward $1057 $-1 #
-700 loop $-1 -1 -1 $-1 $-1 $698 $930 T 0 1.4399999999999999 -5.6039617390979402e-11 0.95999999999999996 1.4399999999999999 1.3999999999999999 periphery $603 F #
-701 coedge $-1 -1 -1 $-1 $692 $745 $252 $438 reversed $747 $-1 #
-702 straight-curve $-1 -1 -1 $-1 0 1.4399999999999999 1.3999999999999999 1 0 0 I I #
-703 point $-1 -1 -1 $-1 0 1.4399999999999999 1.3999999999999999 #
-704 coedge $-1 -1 -1 $-1 $442 $441 $1010 $1058 forward $444 $-1 #
-705 coedge $-1 -1 -1 $-1 $1059 $1060 $698 $706 reversed $1061 $-1 #
-706 edge $-1 -1 -1 $-1 $1062 -0.34999999998599007 $445 1.0500000000140099 $442 $1063 forward @7 unknown T 0.95999999999999996 1.4399999999999999 0 0.95999999999999996 1.4399999999999999 1.3999999999999999 #
-707 coedge $-1 -1 -1 $-1 $488 $443 $745 $709 forward $696 $-1 #
-708 face $1064 -1 -1 $-1 $201 $444 $6 $-1 $359 forward single T 0.95999999999999996 0.95999999999999996 0 0.95999999999999996 1.4399999999999999 1.3999999999999999 F #
-709 edge $-1 -1 -1 $-1 $445 0.20999999999999996 $489 2.1699999999999999 $707 $1065 forward @7 unknown T 0.95999999999999996 1.4399999999999999 1.3999999999999999 0.95999999999999996 1.4399999999999999 3.3599999999999999 #
-710 point $-1 -1 -1 $-1 0.95999999999999996 1.4399999999999999 1.3999999999999999 #
-711 coedge $-1 -1 -1 $-1 $448 $693 $1009 $1066 reversed $377 $-1 #
-712 coedge $-1 -1 -1 $-1 $1067 $694 $257 $449 reversed $964 $-1 #
-713 vertex $-1 -1 -1 $-1 $1066 $1068 #
-714 straight-curve $-1 -1 -1 $-1 0 0.96000000000000019 2.3999999999999999 0 -0 1 I I #
-715 cface $-1 -1 $1069 $384 $259 1 #
-716 cface_ptr-ct-attrib $-1 -1 $-1 $-1 $452 1 1 1 1 1 1 1 1 1 1 1 1 0 1 0 1 1 1 $1070 $642 #
-717 face $1071 -1 -1 $-1 $496 $1072 $6 $-1 $308 forward single T 4.7999999999999998 3.8399999999999999 3.3599999999999999 4.7999999999999998 4.8000000000560394 4.7999999999999998 F #
-718 point $-1 -1 -1 $-1 0 3.2760016921429269e-11 1.4000000000000001 #
-719 coedge $-1 -1 -1 $-1 $1073 $1074 $605 $720 reversed $1075 $-1 #
-720 edge $-1 -1 -1 $-1 $721 0.23999999999999999 $460 1.2 $454 $1076 forward @7 unknown T 0 1.4399999999999999 4.7999999999672402 0.95999999999999996 1.4399999999999999 4.7999999999999998 #
-721 vertex $-1 -1 -1 $-1 $456 $1077 #
-722 straight-curve $-1 -1 -1 $-1 0.95999999999999996 0.95999999999999996 4.7999999999999998 -0 -1 -0 I I #
-723 coedge $-1 -1 -1 $-1 $1078 $1079 $268 $459 forward $1080 $-1 #
-724 straight-curve $-1 -1 -1 $-1 0 1.4399999999999999 3.3599999999999999 0 7.709882115627874e-17 1 F 0 F 1.4399999999672404 #
-725 edge $-1 -1 -1 $-1 $460 1.4399999999999999 $1081 3.4000000000000004 $1078 $461 forward @7 unknown T 0 1.4399999999999999 4.7999999999672402 0 3.4000000000000004 4.7999999999999998 #
-726 point $-1 -1 -1 $-1 0 1.4399999999999999 4.7999999999672402 #
-727 vertex $1082 -1 -1 $-1 $481 $1083 #
-728 cface_ptr-ct-attrib $-1 -1 $-1 $-1 $465 1 1 1 1 1 1 1 1 1 1 1 1 0 1 0 1 1 1 $-1 $1084 #
-729 loop $-1 -1 -1 $-1 $-1 $1085 $465 T 0 3.8399999999999999 3.3599999999999999 0 4.8000000000560394 4.7999999999999998 periphery $274 F #
-730 coedge $-1 -1 -1 $-1 $1086 $466 $1087 $1088 forward $468 $-1 #
-731 coedge $-1 -1 -1 $-1 $467 $1089 $1090 $1091 reversed $468 $-1 #
-732 coedge $-1 -1 -1 $-1 $1090 $1092 $470 $733 forward $1093 $-1 #
-733 edge $-1 -1 -1 $-1 $1094 3.3599999999999999 $734 4.7999999999999998 $732 $1095 forward @7 unknown T 1.9199999999999999 0.95999999999999996 3.3599999999999999 1.9199999999999999 0.95999999999999996 4.7999999999999998 #
-734 vertex $-1 -1 -1 $-1 $733 $1096 #
-735 straight-curve $-1 -1 -1 $-1 1.9199999999999999 0.95999999999999996 4.7999999999999998 1 0 0 I I #
-736 coedge $-1 -1 -1 $-1 $1097 $1098 $472 $737 reversed $1099 $-1 #
-737 edge $-1 -1 -1 $-1 $1094 0.010000000000000009 $738 0.48999999999999999 $472 $1100 forward @7 unknown T 1.4399999999999999 0.95999999999999996 3.3599999999999999 1.9199999999999999 0.95999999999999996 3.3599999999999999 #
-738 vertex $-1 -1 -1 $-1 $1052 $1101 #
-739 straight-curve $-1 -1 -1 $-1 0.71999999999999997 0.95999999999999996 3.3599999999999999 -1 0 -0 I I #
-740 cface_ptr-ct-attrib $-1 -1 $-1 $-1 $474 1 1 1 1 1 1 1 1 1 1 1 1 0 1 0 1 1 1 $-1 $1102 #
-741 face $1103 -1 -1 $-1 $1104 $1105 $6 $-1 $1106 forward single T 1.9199999999999999 0.95999999999999996 0 1.9199999999999999 1.4399999999999999 1.3999999999999999 F #
-742 coedge $-1 -1 -1 $-1 $672 $479 $636 $680 reversed $648 $-1 #
-743 straight-curve $-1 -1 -1 $-1 0 0 0 0 0 1 I I #
-744 straight-curve $-1 -1 -1 $-1 0 1.4399999999999999 1.1899999999999999 -0 -0 -1 I I #
-745 coedge $-1 -1 -1 $-1 $701 $485 $707 $709 reversed $747 $-1 #
-746 coedge $-1 -1 -1 $-1 $1107 $1108 $606 $486 reversed $1109 $-1 #
-747 loop $-1 -1 -1 $-1 $-1 $745 $959 T 0 1.4399999999999999 1.3999999999999999 0.95999999999999996 1.4399999999999999 3.3599999999999999 periphery $1110 T #
-748 straight-curve $-1 -1 -1 $-1 0 1.4399999999999999 3.3599999999999999 1 0 0 I I #
-749 coedge $-1 -1 -1 $-1 $1111 $1112 $364 $607 reversed $1113 $-1 #
-750 point $-1 -1 -1 $-1 0.95999999999999996 1.4399999999999999 3.3599999999999999 #
-751 cell3d-cell $-1 -1 $1114 $2 $-1 1 $1115 #
-752 cshell $-1 -1 $-1 $1116 $491 #
-753 cface $-1 -1 $1117 $492 $1118 0 #
-754 cface $-1 -1 $1119 $296 $310 1 #
-755 face $1120 -1 -1 $-1 $570 $1121 $6 $-1 $889 forward double in T 0.95999999999999996 3.8399999999999999 1.3999999999999999 0.96000000000000008 4.8000000000560394 3.3600000000000003 F #
-756 cface $-1 -1 $1122 $87 $388 1 #
-757 face $1123 -1 -1 $-1 $324 $903 $6 $-1 $1124 forward single T 3.8399999999999999 3.3999999999999999 1.3999999999999999 3.8399999999999999 3.8399999999999999 3.3599999999999999 F #
-758 cface $-1 -1 $764 $45 $1125 0 #
-759 face $1126 -1 -1 $-1 $1127 $1128 $6 $-1 $176 reversed single T 3.8399999999999999 3.3999999999999999 -5.6039617390979402e-11 4.7999999999999998 3.8400000000000003 0 F #
-760 cface_ptr-ct-attrib $-1 -1 $-1 $-1 $496 1 1 1 1 1 1 1 1 1 1 1 1 0 1 0 1 1 1 $-1 $298 #
-761 loop $-1 -1 -1 $-1 $-1 $534 $496 T 4.7999999999999998 3.3999999999999999 -5.6039617390979402e-11 4.7999999999999998 3.8399999999999999 1.3999999999999999 periphery $308 F #
-762 coedge $-1 -1 -1 $-1 $1129 $904 $505 $771 reversed $498 $-1 #
-763 cface $-1 -1 $1130 $365 $302 1 #
-764 cface $-1 -1 $-1 $45 $302 0 #
-765 cface_ptr-ct-attrib $-1 -1 $-1 $-1 $500 1 1 1 1 1 1 1 1 1 1 1 1 0 1 0 1 1 1 $1131 $1132 #
-766 face $1133 -1 -1 $-1 $1134 $1135 $6 $-1 $502 forward double in T 0 3.3999999999999999 -5.6039617390979402e-11 0.96000000000000008 3.4000000000000004 1.3999999999999999 F #
-767 loop $-1 -1 -1 $-1 $-1 $1136 $500 T 1.9200000000000002 3.3999999999999999 -5.6039617390979402e-11 2.8799999999999999 3.4000000000000004 1.3999999999999999 periphery $502 F #
-768 coedge $-1 -1 -1 $-1 $1137 $1138 $1139 $1140 forward $501 $-1 #
-769 coedge $-1 -1 -1 $-1 $879 $503 $1129 $838 forward $303 $-1 #
-770 coedge $-1 -1 -1 $-1 $1141 $836 $762 $771 forward $778 $-1 #
-771 edge $-1 -1 -1 $-1 $539 -1 $772 0.95999999999999996 $770 $1142 forward @7 unknown T 4.7999999999999998 3.8399999999999999 1.3999999999999999 4.7999999999999998 3.8399999999999999 3.3599999999999999 #
-772 vertex $-1 -1 -1 $-1 $1143 $1144 #
-773 coedge $-1 -1 -1 $-1 $1145 $1146 $304 $506 forward $634 $-1 #
-774 straight-curve $-1 -1 -1 $-1 2.1600000000000001 3.8399999999999994 3.3599999999999999 1 2.312964634635743e-16 5.5026569837432678e-32 I I #
-775 cface $-1 -1 $763 $365 $306 0 #
-776 cface_ptr-ct-attrib $-1 -1 $-1 $-1 $508 1 1 1 1 1 1 1 1 1 1 1 1 0 1 0 1 1 1 $-1 $1122 #
-777 face $1147 -1 -1 $-1 $1148 $1149 $6 $-1 $308 forward single T 4.7999999999999998 0.95999999999999996 -5.6039617390979402e-11 4.7999999999999998 1.4399999999999999 1.3999999999999999 F #
-778 loop $-1 -1 -1 $-1 $-1 $770 $508 T 4.7999999999999998 3.3999999999999999 1.3999999999999999 4.7999999999999998 3.8399999999999999 3.3599999999999999 periphery $308 F #
-779 coedge $-1 -1 -1 $-1 $1150 $1151 $1152 $1153 reversed $509 $-1 #
-780 coedge $-1 -1 -1 $-1 $1154 $510 $517 $794 reversed $307 $-1 #
-781 coedge $-1 -1 -1 $-1 $510 $1154 $769 $838 reversed $307 $-1 #
-782 cshell $-1 -1 $-1 $1155 $1114 #
-783 cface $-1 -1 $1156 $849 $310 0 #
-784 cface_ptr-ct-attrib $-1 -1 $-1 $-1 $513 1 1 1 1 1 1 1 1 1 1 1 1 0 1 0 1 1 1 $1157 $1158 #
-785 face $1159 -1 -1 $-1 $571 $1160 $6 $-1 $186 forward single T 0 4.7999999999999998 0 0.95999999999999996 4.8000000000560394 1.4000000000000001 F #
-786 loop $-1 -1 -1 $-1 $-1 $1161 $513 T 0 3.3999999999999999 3.3599999999999999 0.96000000000000008 3.8399999999999999 3.3599999999999999 periphery $328 F #
-787 coedge $-1 -1 -1 $-1 $1162 $1163 $1164 $1165 reversed $514 $-1 #
-788 coedge $-1 -1 -1 $-1 $1166 $515 $1167 $1168 forward $311 $-1 #
-789 coedge $-1 -1 -1 $-1 $515 $1166 $1169 $1170 forward $311 $-1 #
-790 coedge $-1 -1 -1 $-1 $1171 $1172 $1173 $791 reversed $883 $-1 #
-791 edge $-1 -1 -1 $-1 $1174 -0.96000000000000041 $1175 0.99999999999999978 $515 $1176 forward @7 unknown T 0.95999999999999996 4.8000000000000007 1.4000000000000001 0.95999999999999996 4.8000000000560394 3.3600000000000003 #
-792 coedge $-1 -1 -1 $-1 $517 $516 $1177 $1178 forward $175 $-1 #
-793 edge $-1 -1 -1 $-1 $896 -1.4399999999999995 $796 -0.47999999999999954 $892 $1179 forward @7 unknown T 3.8399999999999999 3.8399999999999999 0 3.8399999999999999 4.7999999999999998 0 #
-794 edge $-1 -1 -1 $-1 $1180 0 $797 0.95999999999999996 $780 $1181 forward @7 unknown T 4.7999999999999998 3.8399999999999999 0 4.7999999999999998 4.7999999999999998 0 #
-795 coedge $-1 -1 -1 $-1 $1182 $1183 $312 $519 forward $1128 $-1 #
-796 vertex $-1 -1 -1 $-1 $1184 $1185 #
-797 vertex $-1 -1 -1 $-1 $1186 $1187 #
-798 straight-curve $-1 -1 -1 $-1 3.3600000000000003 3.8399999999999999 0 1 2.312964634635743e-16 -0 I I #
-799 face $1188 -1 -1 $-1 $1003 $1189 $6 $-1 $211 forward single T 3.8399999999999999 0 4.7999999999999998 4.7999999999999998 0.96000000000000019 4.7999999999999998 F #
-800 cface $-1 -1 $1190 $521 $640 1 #
-801 cface $-1 -1 $1191 $120 $1192 0 #
-802 face $1193 -1 -1 $-1 $998 $1093 $6 $-1 $1106 forward single T 1.9199999999999999 0.95999999999999996 3.3599999999999999 1.9199999999999999 1.4399999999999999 4.7999999999999998 F #
-803 cface $-1 -1 $-1 $804 $984 0 #
-804 cshell $-1 -1 $-1 $1194 $1195 #
-805 cface $-1 -1 $1196 $806 $1197 0 #
-806 cshell $-1 -1 $-1 $524 $1198 #
-807 cface $-1 -1 $1199 $926 $316 1 #
-808 cface $-1 -1 $1200 $399 $316 0 #
-809 cface_ptr-ct-attrib $-1 -1 $-1 $-1 $526 1 1 1 1 1 1 1 1 1 1 1 1 0 1 0 1 1 1 $1190 $860 #
-810 face $1201 -1 -1 $-1 $1202 $1203 $6 $-1 $812 forward double in T 3.8399999999999999 0.95999999999999996 1.3999999999999999 4.7999999999999998 0.96000000000000063 3.3599999999999999 F #
-811 loop $-1 -1 -1 $-1 $-1 $1204 $526 T 3.8399999999999999 0.95999999999999996 3.3599999999999999 4.7999999999999998 0.96000000000000063 4.7999999999999998 periphery $812 F #
-812 plane-surface $-1 -1 -1 $-1 4.3200000000000003 0.96000000000000008 4.7999999999999998 2.312964634635743e-16 -1 0 -1 -2.312964634635743e-16 0 forward_v I I I I #
-813 coedge $-1 -1 -1 $-1 $1205 $1206 $1207 $1208 forward $527 $-1 #
-814 coedge $-1 -1 -1 $-1 $825 $528 $1209 $1210 forward $317 $-1 #
-815 coedge $-1 -1 -1 $-1 $528 $825 $1211 $1212 forward $317 $-1 #
-816 coedge $-1 -1 -1 $-1 $604 $1213 $1214 $817 forward $363 $-1 #
-817 edge $-1 -1 -1 $-1 $1215 -0.59999999997542974 $1216 0.3599999999918102 $816 $1217 forward @7 unknown T 3.8399999999999999 3.2760016921429269e-11 1.3999999999999999 3.8399999999999999 0.95999999999999996 1.4000000000000001 #
-818 coedge $-1 -1 -1 $-1 $530 $529 $730 $1088 reversed $179 $-1 #
-819 coedge $-1 -1 -1 $-1 $1204 $1218 $1219 $820 reversed $811 $-1 #
-820 edge $-1 -1 -1 $-1 $826 3.3599999999999999 $1220 4.7999999999999998 $1219 $1221 forward @7 unknown T 3.8399999999999999 0.95999999999999996 3.3599999999999999 3.8399999999999999 0.95999999999999996 4.7999999999999998 #
-821 coedge $-1 -1 -1 $-1 $1222 $1223 $683 $822 forward $1224 $-1 #
-822 edge $-1 -1 -1 $-1 $1041 -2.3999999999999999 $827 -0.96000000000000041 $821 $1225 forward @7 unknown T 3.8399999999999999 0 3.3600000000000003 3.8399999999999999 3.2760016921429269e-11 4.7999999999999998 #
-823 coedge $-1 -1 -1 $-1 $1226 $531 $1227 $1228 forward $641 $-1 #
-824 coedge $-1 -1 -1 $-1 $531 $1226 $1038 $1229 forward $641 $-1 #
-825 coedge $-1 -1 -1 $-1 $815 $814 $828 $532 forward $317 $-1 #
-826 vertex $-1 -1 -1 $-1 $820 $1230 #
-827 vertex $-1 -1 -1 $-1 $1231 $1232 #
-828 coedge $-1 -1 -1 $-1 $1233 $1234 $318 $532 forward $985 $-1 #
-829 straight-curve $-1 -1 -1 $-1 3.8399999999999999 0.60000000000818976 3.3599999999999999 0 -1 2.3129646346883629e-16 I I #
-830 coedge $-1 -1 -1 $-1 $1235 $534 $537 $837 reversed $761 $-1 #
-831 coedge $-1 -1 -1 $-1 $534 $1235 $1182 $1186 reversed $761 $-1 #
-832 straight-curve $-1 -1 -1 $-1 4.7999999999999998 3.8399999999999999 2.3999999999999999 0 0 1 I I #
-833 coedge $-1 -1 -1 $-1 $537 $536 $1236 $1237 forward $190 $-1 #
-834 coedge $-1 -1 -1 $-1 $1238 $578 $1239 $835 forward $903 $-1 #
-835 edge $-1 -1 -1 $-1 $540 -0.10999999998599019 $1240 0.33000000001400975 $834 $1241 forward @7 unknown T 3.8399999999999999 3.3999999999999999 1.3999999999999999 3.8399999999999999 3.8399999999999999 1.3999999999999999 #
-836 coedge $-1 -1 -1 $-1 $770 $1242 $830 $837 forward $778 $-1 #
-837 edge $-1 -1 -1 $-1 $1243 0.14999999998598978 $539 0.58999999998598973 $836 $1244 forward @7 unknown T 4.7999999999999998 3.3999999999999999 1.3999999999999999 4.7999999999999998 3.8399999999999999 1.3999999999999999 #
-838 edge $-1 -1 -1 $-1 $539 0.58999999998598973 $1245 1.5500000000420293 $1129 $1244 forward @7 unknown T 4.7999999999999998 3.8399999999999999 1.3999999999999999 4.7999999999999998 4.8000000000560394 1.4000000000000001 #
-839 point $-1 -1 -1 $-1 4.7999999999999998 3.8399999999999999 1.3999999999999999 #
-840 point $-1 -1 -1 $-1 3.8399999999999999 3.8399999999999999 1.3999999999999999 #
-841 cface_ptr-ct-attrib $-1 -1 $-1 $-1 $542 1 1 1 1 1 1 1 1 1 1 1 1 0 1 0 1 1 1 $-1 $323 #
-842 face $1246 -1 -1 $-1 $1247 $1248 $6 $-1 $844 reversed single T 3.3999999999999999 0 1.3999999999999999 3.3999999999999999 0.95999999999999996 3.3599999999999999 F #
-843 loop $-1 -1 -1 $-1 $-1 $1249 $542 T 3.3999999999999999 3.8399999999999999 1.3999999999999999 3.3999999999999999 4.7999999999999998 3.3599999999999999 periphery $844 T #
-844 plane-surface $-1 -1 -1 $-1 3.3999999999999999 4.7999999999999998 2.3799999999999999 1 0 0 -0 -0 1 forward_v I I I I #
-845 cface_ptr-ct-attrib $-1 -1 $-1 $-1 $544 1 1 1 1 1 1 1 1 1 1 1 1 0 1 0 1 1 1 $-1 $552 #
-846 loop $-1 -1 -1 $-1 $-1 $1250 $544 T 2.8799999999999999 3.3999999999999999 0 2.8799999999999999 3.8399999999999999 1.3999999999999999 periphery $847 F #
-847 plane-surface $-1 -1 -1 $-1 2.8799999999999999 3.3599999999999999 0 1 0 0 0 1 0 forward_v I I I I #
-848 cface $-1 -1 $783 $849 $1251 0 #
-849 cshell $-1 -1 $-1 $1252 $1253 #
-850 cface $-1 -1 $-1 $1006 $326 0 #
-851 coedge $-1 -1 -1 $-1 $550 $549 $1254 $1255 forward $185 $-1 #
-852 coedge $-1 -1 -1 $-1 $573 $1256 $334 $560 reversed $895 $-1 #
-853 coedge $-1 -1 -1 $-1 $1257 $914 $591 $854 reversed $1258 $-1 #
-854 edge $-1 -1 -1 $-1 $1259 2.2000000000000002 $350 2.6399999999999997 $550 $909 forward @7 unknown T 3.3999999999999999 4.7999999999999998 3.3599999999999999 3.8399999999999999 4.8000000000560394 3.3600000000000003 #
-855 coedge $-1 -1 -1 $-1 $551 $906 $1260 $1261 forward $568 $-1 #
-856 cface $-1 -1 $1262 $164 $1263 0 #
-857 cface_ptr-ct-attrib $-1 -1 $-1 $-1 $553 1 1 1 1 1 1 1 1 1 1 1 1 0 1 0 1 1 1 $-1 $330 #
-858 face $1264 -1 -1 $-1 $1265 $1266 $6 $-1 $546 forward single T 2.8799999999999999 3.8399999999999999 3.3599999999999999 3.8399999999999999 3.8399999999999999 4.7999999999999998 F #
-859 loop $-1 -1 -1 $-1 $-1 $876 $553 T 2.8799999999999999 3.8399999999999999 0 3.8399999999999999 3.8399999999999999 1.3999999999999999 periphery $546 F #
-860 cface $-1 -1 $611 $861 $526 0 #
-861 cshell $-1 -1 $-1 $1267 $629 #
-862 cface $-1 -1 $1268 $1269 $332 0 #
-863 cface_ptr-ct-attrib $-1 -1 $-1 $-1 $556 1 1 1 1 1 1 1 1 1 1 1 1 0 1 0 1 1 1 $-1 $1270 #
-864 face $1271 -1 -1 $-1 $1001 $1272 $6 $-1 $176 reversed single T 3.8399999999999999 0 0 4.7999999999999998 0.96000000000000008 0 F #
-865 loop $-1 -1 -1 $-1 $-1 $1273 $556 T 3.8399999999999999 0.95999999999999985 -5.6039617390979402e-11 4.7999999999999998 1.4399999999999999 0 periphery $176 T #
-866 coedge $-1 -1 -1 $-1 $1274 $1275 $1276 $1277 reversed $557 $-1 #
-867 coedge $-1 -1 -1 $-1 $1278 $558 $1275 $1279 forward $333 $-1 #
-868 coedge $-1 -1 -1 $-1 $558 $1278 $946 $1280 forward $333 $-1 #
-869 coedge $-1 -1 -1 $-1 $1218 $1204 $1281 $870 forward $811 $-1 #
-870 edge $-1 -1 -1 $-1 $1282 0.95999999999999996 $1283 2.3999999999999999 $1281 $1284 forward @7 unknown T 4.7999999999999998 0.96000000000000019 3.3599999999999999 4.7999999999999998 0.96000000000000019 4.7999999999999998 #
-871 coedge $-1 -1 -1 $-1 $1249 $1254 $1285 $872 forward $843 $-1 #
-872 edge $-1 -1 -1 $-1 $873 0 $877 0.95999999999999996 $1285 $1286 forward @7 unknown T 3.3999999999999999 3.8399999999999999 1.3999999999999999 3.3999999999999999 4.7999999999999998 1.3999999999999999 #
-873 vertex $-1 -1 -1 $-1 $1255 $1287 #
-874 straight-curve $-1 -1 -1 $-1 1.2 4.8000000000560394 1.4000000000000001 -1 0 0 I I #
-875 coedge $-1 -1 -1 $-1 $561 $577 $1249 $1288 forward $545 $-1 #
-876 coedge $-1 -1 -1 $-1 $1289 $575 $335 $562 reversed $859 $-1 #
-877 vertex $-1 -1 -1 $-1 $1288 $1290 #
-878 straight-curve $-1 -1 -1 $-1 1.6799999999999999 3.8399999999999999 1.3999999999999999 1 0 0 I I #
-879 coedge $-1 -1 -1 $-1 $563 $769 $855 $1261 forward $303 $-1 #
-880 point $-1 -1 -1 $-1 3.8399999999999999 4.8000000000560394 1.4000000000000001 #
-881 cface_ptr-ct-attrib $-1 -1 $-1 $-1 $567 1 1 1 1 1 1 1 1 1 1 1 1 0 1 0 1 1 1 $-1 $1119 #
-882 face $1291 -1 -1 $-1 $1292 $1293 $6 $-1 $621 forward single T 0.96000000000000008 3.8399999999999999 0 1.9200000000000002 3.8399999999999999 1.3999999999999999 F #
-883 loop $-1 -1 -1 $-1 $-1 $790 $567 T 0.95999999999999996 4.7999999999999998 1.3999999999999999 1.4399999999999999 4.8000000000560394 3.3600000000000003 periphery $186 F #
-884 cface $-1 -1 $187 $164 $1294 0 #
-885 face $1295 -1 -1 $-1 $1296 $1297 $6 $-1 $102 forward double in T 0.95999999999999996 3.8399999999999999 1.3999999999999999 1.4399999999999999 4.8000000000560394 1.4000000000000001 F #
-886 cface_ptr-ct-attrib $-1 -1 $-1 $-1 $570 1 1 1 1 1 1 1 1 1 1 1 1 0 1 0 1 1 1 $1298 $339 #
-887 face $1299 -1 -1 $-1 $1118 $1300 $6 $-1 $1301 forward double in T 0 3.8399999999999999 1.3999999999999999 0.96000000000000008 3.8399999999999999 3.3599999999999999 F #
-888 loop $-1 -1 -1 $-1 $-1 $1302 $570 T 0.95999999999999996 3.8399999999999999 0 0.96000000000000008 4.8000000000560394 1.4000000000000004 periphery $889 F #
-889 plane-surface $-1 -1 -1 $-1 0.95999999999999996 4.3200000000000003 4.7999999999999998 -1 0 0 0 1 0 forward_v I I I I #
-890 cface_ptr-ct-attrib $-1 -1 $-1 $-1 $571 1 1 1 1 1 1 1 1 1 1 1 1 0 1 0 1 1 1 $-1 $340 #
-891 loop $-1 -1 -1 $-1 $-1 $894 $571 T 3.8399999999999999 4.7999999999999998 0 4.7999999999999998 4.8000000000560394 1.4000000000000001 periphery $186 F #
-892 coedge $-1 -1 -1 $-1 $1303 $1304 $516 $793 forward $1305 $-1 #
-893 coedge $-1 -1 -1 $-1 $1306 $573 $1304 $1307 reversed $895 $-1 #
-894 coedge $-1 -1 -1 $-1 $1260 $1177 $341 $574 reversed $891 $-1 #
-895 loop $-1 -1 -1 $-1 $-1 $573 $1294 T 0.95999999999999996 4.7999999999999998 0 3.8399999999999999 4.8000000000560394 1.4000000000000001 periphery $186 F #
-896 vertex $-1 -1 -1 $-1 $1178 $1308 #
-897 straight-curve $-1 -1 -1 $-1 3.8399999999999999 4.8000000000000007 2.3999999999999999 0 0 -1 I I #
-898 coedge $-1 -1 -1 $-1 $575 $1309 $1303 $1310 forward $859 $-1 #
-899 coedge $-1 -1 -1 $-1 $1311 $1239 $319 $533 reversed $1312 $-1 #
-900 coedge $-1 -1 -1 $-1 $913 $1313 $590 $901 reversed $1266 $-1 #
-901 edge $-1 -1 -1 $-1 $351 -2.1600000000000001 $1314 -1.72 $577 $1315 forward @7 unknown T 3.3999999999999999 3.8399999999999999 3.3599999999999999 3.8399999999999999 3.8399999999999999 3.3599999999999999 #
-902 coedge $-1 -1 -1 $-1 $578 $1238 $1316 $1317 forward $903 $-1 #
-903 loop $-1 -1 -1 $-1 $-1 $902 $757 T 3.8399999999999999 3.3999999999999999 1.3999999999999999 3.8399999999999999 3.8399999999999999 3.3599999999999999 periphery $1124 F #
-904 coedge $-1 -1 -1 $-1 $762 $1318 $1319 $905 forward $498 $-1 #
-905 edge $-1 -1 -1 $-1 $908 -1.5500000000420298 $772 -0.58999999998599018 $904 $1320 forward @7 unknown T 4.7999999999999998 3.8399999999999999 3.3599999999999999 4.7999999999999998 4.8000000000560394 3.3600000000000003 #
-906 coedge $-1 -1 -1 $-1 $855 $581 $1318 $1321 reversed $568 $-1 #
-907 coedge $-1 -1 -1 $-1 $1322 $1323 $346 $582 reversed $1324 $-1 #
-908 vertex $-1 -1 -1 $-1 $1325 $1326 #
-909 straight-curve $-1 -1 -1 $-1 1.2 4.8000000000560394 3.3600000000000003 1 -0 0 I I #
-910 coedge $-1 -1 -1 $-1 $1327 $583 $1328 $1329 forward $405 $-1 #
-911 coedge $-1 -1 -1 $-1 $583 $1327 $584 $588 reversed $405 $-1 #
-912 coedge $-1 -1 -1 $-1 $585 $584 $1330 $1331 forward $586 $-1 #
-913 coedge $-1 -1 -1 $-1 $1332 $900 $1333 $588 forward $1266 $-1 #
-914 coedge $-1 -1 -1 $-1 $853 $1334 $1322 $915 forward $1258 $-1 #
-915 edge $-1 -1 -1 $-1 $1335 -2.3999999999999999 $350 -0.96000000000000041 $914 $1336 forward @7 unknown T 3.8399999999999999 4.8000000000000007 3.3600000000000003 3.8399999999999999 4.8000000000560394 4.7999999999999998 #
-916 vertex $1337 -1 -1 $-1 $588 $1338 #
-917 coedge $-1 -1 -1 $-1 $591 $590 $1339 $1340 reversed $327 $-1 #
-918 cface $-1 -1 $1341 $378 $357 0 #
-919 cface_ptr-ct-attrib $-1 -1 $-1 $-1 $594 1 1 1 1 1 1 1 1 1 1 1 1 0 1 0 1 1 1 $-1 $1342 #
-920 face $1343 -1 -1 $-1 $1344 $1345 $6 $-1 $1346 reversed single T 1.4399999999999999 3.3999999999999999 3.3599999999999999 3.3999999999999999 4.7999999999999998 3.3599999999999999 F #
-921 loop $-1 -1 -1 $-1 $-1 $1347 $594 T 2.8799999999999999 3.3999999999999995 3.3599999999999999 2.8799999999999999 3.8399999999999999 4.7999999999999998 periphery $847 F #
-922 coedge $-1 -1 -1 $-1 $1348 $1349 $1350 $1351 forward $595 $-1 #
-923 cface $-1 -1 $1352 $378 $953 0 #
-924 face $1353 -1 -1 $-1 $708 $1113 $6 $-1 $359 forward single T 0.95999999999999996 1.4399999999999997 3.3599999999999999 0.95999999999999996 1.9199999999999999 4.7999999999999998 F #
-925 cface $-1 -1 $1354 $926 $996 0 #
-926 cshell $-1 -1 $-1 $1355 $1356 #
-927 cface $-1 -1 $-1 $1357 $362 1 #
-928 cface $-1 -1 $775 $365 $362 0 #
-929 cface_ptr-ct-attrib $-1 -1 $-1 $-1 $601 1 1 1 1 1 1 1 1 1 1 1 1 0 1 0 1 1 1 $1358 $1359 #
-930 face $1360 -1 -1 $-1 $118 $700 $6 $-1 $603 forward double in T 0 1.4399999999999999 -5.6039617390979402e-11 0.95999999999999996 1.4399999999999999 1.3999999999999999 F #
-931 loop $-1 -1 -1 $-1 $-1 $1361 $601 T 1.9199999999999999 1.4399999999999999 -5.6039617390979402e-11 2.8799999999999999 1.4399999999999999 1.3999999999999999 periphery $603 F #
-932 coedge $-1 -1 -1 $-1 $1362 $1363 $1364 $1365 forward $602 $-1 #
-933 coedge $-1 -1 -1 $-1 $1213 $604 $1366 $1367 forward $363 $-1 #
-934 coedge $-1 -1 -1 $-1 $1368 $1369 $1370 $935 reversed $1371 $-1 #
-935 edge $-1 -1 -1 $-1 $1216 1.6799999999999997 $1372 2.6399999999999997 $604 $1373 forward @7 unknown T 3.8399999999999999 0.95999999999999985 1.3999999999999999 4.7999999999999998 0.96000000000000019 1.3999999999999999 #
-936 straight-curve $-1 -1 -1 $-1 0.95999999999999996 1.4399999999999997 2.0399999999918101 -0 7.709882115627874e-17 1 I I #
-937 cface $-1 -1 $1374 $365 $1375 0 #
-938 cface $-1 -1 $1376 $207 $633 0 #
-939 face $1377 -1 -1 $-1 $1378 $1379 $6 $-1 $274 forward single T 0 3.3999999999999999 3.3599999999999999 0 3.8399999999999999 4.7999999999999998 F #
-940 cface_ptr-ct-attrib $-1 -1 $-1 $-1 $610 1 1 1 1 1 1 1 1 1 1 1 1 0 1 0 1 1 1 $-1 $366 #
-941 face $1380 -1 -1 $-1 $1381 $1382 $6 $-1 $211 forward single T 3.8399999999999999 3.8399999999999999 4.7999999999999998 4.7999999999999998 4.8000000000000007 4.7999999999999998 F #
-942 loop $-1 -1 -1 $-1 $-1 $1383 $610 T 0 3.3999999999999999 4.7999999999672402 0.96000000000000008 3.8399999999999999 4.7999999999999998 periphery $211 F #
-943 cface $-1 -1 $1102 $120 $368 0 #
-944 cface_ptr-ct-attrib $-1 -1 $-1 $-1 $613 1 1 1 1 1 1 1 1 1 1 1 1 0 1 0 1 1 1 $-1 $1004 #
-945 loop $-1 -1 -1 $-1 $-1 $1384 $613 T 3.8399999999999999 3.3999999999999999 4.7999999999672402 4.7999999999999998 3.8399999999999999 4.7999999999999998 periphery $211 F #
-946 coedge $-1 -1 -1 $-1 $1385 $614 $868 $1280 reversed $369 $-1 #
-947 coedge $-1 -1 -1 $-1 $614 $1385 $1386 $1387 reversed $369 $-1 #
-948 coedge $-1 -1 -1 $-1 $1087 $1388 $1218 $949 reversed $1189 $-1 #
-949 edge $-1 -1 -1 $-1 $1220 -0.95999999999999996 $1283 0 $614 $1389 forward @7 unknown T 3.8399999999999999 0.95999999999999996 4.7999999999999998 4.7999999999999998 0.96000000000000019 4.7999999999999998 #
-950 cface_ptr-ct-attrib $-1 -1 $-1 $-1 $617 1 1 1 1 1 1 1 1 1 1 1 1 0 1 0 1 1 1 $-1 $986 #
-951 cface $-1 -1 $1390 $296 $373 0 #
-952 cface_ptr-ct-attrib $-1 -1 $-1 $-1 $619 1 1 1 1 1 1 1 1 1 1 1 1 0 1 0 1 1 1 $-1 $608 #
-953 face $1391 -1 -1 $-1 $625 $1392 $6 $-1 $1393 forward single T 0.95999999999999996 1.9199999999999999 3.3599999999999999 1.9199999999999999 1.9199999999999999 4.7999999999999998 F #
-954 loop $-1 -1 -1 $-1 $-1 $1394 $619 T 2.8799999999999999 1.4399999999999999 0 2.8799999999999999 1.9199999999999999 1.3999999999999999 periphery $955 F #
-955 plane-surface $-1 -1 -1 $-1 2.8799999999999999 1.4399999999999999 0 1 0 0 0 1 0 forward_v I I I I #
-956 coedge $-1 -1 -1 $-1 $1395 $1396 $1397 $1398 forward $620 $-1 #
-957 cface $-1 -1 $1399 $378 $1400 0 #
-958 face $1401 -1 -1 $-1 $1402 $1403 $6 $-1 $1404 forward single T 3.8399999999999999 1.4399999999999997 3.3599999999999999 3.8399999999999999 1.9199999999999999 4.7999999999999998 F #
-959 face $1405 -1 -1 $-1 $1406 $747 $6 $-1 $1110 reversed single T 0 1.4399999999999999 1.3999999999999999 0.95999999999999996 1.4399999999999999 3.3599999999999999 F #
-960 cface_ptr-ct-attrib $-1 -1 $-1 $-1 $625 1 1 1 1 1 1 1 1 1 1 1 1 0 1 0 1 1 1 $-1 $379 #
-961 cface $-1 -1 $1407 $782 $381 0 #
-962 cface_ptr-ct-attrib $-1 -1 $-1 $-1 $627 1 1 1 1 1 1 1 1 1 1 1 1 0 1 0 1 1 1 $-1 $1002 #
-963 face $1408 -1 -1 $-1 $959 $1409 $6 $-1 $274 forward single T 0 3.3999999999999999 -5.6039617390979402e-11 0 3.8399999999999999 1.3999999999999999 F #
-964 loop $-1 -1 -1 $-1 $-1 $712 $627 T 0 0 0 0 0.96000000000000019 1.4000000000000001 periphery $274 F #
-965 coedge $-1 -1 -1 $-1 $1410 $1411 $1412 $1413 forward $628 $-1 #
-966 cshell $-1 -1 $-1 $1414 $1415 #
-967 cface $-1 -1 $1416 $1005 $388 0 #
-968 cface_ptr-ct-attrib $-1 -1 $-1 $-1 $633 1 1 1 1 1 1 1 1 1 1 1 1 0 1 0 1 1 1 $1417 $938 #
-969 face $1418 -1 -1 $-1 $1419 $1420 $6 $-1 $971 forward double in T 1.9200000000000002 3.3999999999999995 3.3599999999999999 2.8799999999999999 3.4000000000000004 4.7999999999999998 F #
-970 loop $-1 -1 -1 $-1 $-1 $1421 $633 T 0 3.3999999999999995 3.3599999999999999 0.96000000000000008 3.4000000000000004 4.7999999999999998 periphery $971 F #
-971 plane-surface $-1 -1 -1 $-1 0 3.3999999999999999 4.0799999999836203 0 -1 1.5419764231255748e-16 -0 -1.5419764231255748e-16 -1 forward_v I I I I #
-972 coedge $-1 -1 -1 $-1 $1422 $635 $1410 $1423 forward $389 $-1 #
-973 coedge $-1 -1 -1 $-1 $635 $1422 $1424 $1165 forward $389 $-1 #
-974 coedge $-1 -1 -1 $-1 $1425 $1426 $1161 $975 reversed $1300 $-1 #
-975 edge $-1 -1 -1 $-1 $1427 -0.72000000000000008 $1428 0.23999999999999996 $635 $1429 forward @7 unknown T 0 3.8399999999999999 3.3599999999999999 0.96000000000000008 3.8399999999999999 3.3599999999999999 #
-976 coedge $-1 -1 -1 $-1 $1430 $1017 $742 $680 forward $1000 $-1 #
-977 cface $-1 -1 $314 $120 $1431 0 #
-978 face $1432 -1 -1 $-1 $1433 $1434 $6 $-1 $955 forward single T 2.8799999999999999 0.95999999999999996 3.3599999999999999 2.8799999999999999 1.4399999999999999 4.7999999999999998 F #
-979 cface_ptr-ct-attrib $-1 -1 $-1 $-1 $638 1 1 1 1 1 1 1 1 1 1 1 1 0 1 0 1 1 1 $392 $1435 #
-980 face $1436 -1 -1 $-1 $395 $1437 $6 $-1 $156 forward double in T 3.8399999999999999 0.95999999999999985 3.3599999999999999 4.7999999999999998 1.4399999999999999 3.3599999999999999 F #
-981 loop $-1 -1 -1 $-1 $-1 $1438 $638 T 1.9199999999999999 1.4399999999999997 3.3599999999999999 2.8799999999999999 1.4399999999999999 4.7999999999999998 periphery $205 F #
-982 cface $-1 -1 $1439 $806 $393 0 #
-983 cface_ptr-ct-attrib $-1 -1 $-1 $-1 $640 1 1 1 1 1 1 1 1 1 1 1 1 0 1 0 1 1 1 $800 $1440 #
-984 face $1441 -1 -1 $-1 $1197 $1442 $6 $-1 $375 forward single T 3.8399999999999999 0 1.4000000000000001 4.7999999999999998 3.2760016921429269e-11 3.3600000000000003 F #
-985 loop $-1 -1 -1 $-1 $-1 $1234 $640 T 3.8399999999999999 3.2760016921429269e-11 3.3599999999999999 4.7999999999999998 0.96000000000000019 3.3600000000000003 periphery $156 F #
-986 cface $-1 -1 $1443 $230 $617 0 #
-987 cface_ptr-ct-attrib $-1 -1 $-1 $-1 $643 1 1 1 1 1 1 1 1 1 1 1 1 0 1 0 1 1 1 $-1 $394 #
-988 face $1444 -1 -1 $-1 $397 $1018 $6 $-1 $375 forward single T 0.95999999999999996 0 0 3.8399999999999999 3.2760016921429269e-11 1.4000000000000001 F #
-989 cface $-1 -1 $64 $120 $395 1 #
-990 cface_ptr-ct-attrib $-1 -1 $-1 $-1 $647 1 1 1 1 1 1 1 1 1 1 1 1 0 1 0 1 1 1 $-1 $1439 #
-991 face $1445 -1 -1 $-1 $924 $1061 $6 $-1 $359 forward single T 0.95999999999999996 1.4399999999999999 0 0.95999999999999996 1.9199999999999999 1.3999999999999999 F #
-992 loop $-1 -1 -1 $-1 $-1 $1446 $647 T 3.3999999999999999 0 1.3999999999999999 3.8399999999999999 3.2760016921429269e-11 3.3600000000000003 periphery $375 F #
-993 cface $-1 -1 $1447 $399 $1448 0 #
-994 face $1449 -1 -1 $-1 $1431 $1450 $6 $-1 $1451 forward single T 2.8799999999999999 0.95999999999999996 0 3.8399999999999999 0.95999999999999996 1.3999999999999999 F #
-995 cface_ptr-ct-attrib $-1 -1 $-1 $-1 $650 1 1 1 1 1 1 1 1 1 1 1 1 0 1 0 1 1 1 $-1 $398 #
-996 face $1452 -1 -1 $-1 $1453 $1454 $6 $-1 $308 forward single T 4.7999999999999998 0 0 4.7999999999999998 0.96000000000000019 1.4000000000000001 F #
-997 cface $-1 -1 $1455 $399 $1456 0 #
-998 face $1457 -1 -1 $-1 $1458 $1459 $6 $-1 $955 forward single T 2.8799999999999999 0.95999999999999996 0 2.8799999999999999 1.4399999999999999 1.3999999999999999 F #
-999 cface_ptr-ct-attrib $-1 -1 $-1 $-1 $652 1 1 1 1 1 1 1 1 1 1 1 1 0 1 0 1 1 1 $-1 $400 #
-1000 loop $-1 -1 -1 $-1 $-1 $1017 $652 T 0 0 0 0.95999999999999996 3.2760016921429269e-11 1.4000000000000001 periphery $375 F #
-1001 face $1460 -1 -1 $-1 $650 $1012 $6 $-1 $176 reversed single T 0 0.95999999999999985 -5.6039617390979402e-11 0.95999999999999996 1.4399999999999999 0 F #
-1002 cface $-1 -1 $386 $391 $627 0 #
-1003 face $1461 -1 -1 $-1 $-1 $1025 $6 $-1 $176 reversed single T 0 0 0 0.95999999999999996 0.96000000000000019 0 F #
-1004 cface $-1 -1 $1462 $1005 $613 0 #
-1005 cshell $-1 -1 $-1 $1463 $1464 #
-1006 cshell $-1 -1 $-1 $1465 $1466 #
-1007 cface $-1 -1 $547 $849 $404 1 #
-1008 cface $-1 -1 $656 $1006 $404 0 #
-1009 coedge $-1 -1 -1 $-1 $1467 $658 $711 $1066 forward $1012 $-1 #
-1010 coedge $-1 -1 -1 $-1 $658 $1467 $704 $1058 reversed $1012 $-1 #
-1011 coedge $-1 -1 -1 $-1 $665 $1468 $406 $659 reversed $1025 $-1 #
-1012 loop $-1 -1 -1 $-1 $-1 $658 $1001 T 0 0.95999999999999985 -5.6039617390979402e-11 0.95999999999999996 1.4399999999999999 0 periphery $176 T #
-1013 straight-curve $-1 -1 -1 $-1 1.4399999999999997 0.95999999999999974 0 -1 2.312964634635743e-16 0 I I #
-1014 coedge $-1 -1 -1 $-1 $660 $1469 $663 $1021 forward $1015 $-1 #
-1015 loop $-1 -1 -1 $-1 $-1 $676 $1456 T 0.95999999999999996 0.95999999999999996 0 1.9199999999999999 0.95999999999999996 1.3999999999999999 periphery $475 F #
-1016 coedge $-1 -1 -1 $-1 $1470 $661 $664 $1023 reversed $1018 $-1 #
-1017 coedge $-1 -1 -1 $-1 $976 $1471 $408 $662 reversed $1000 $-1 #
-1018 loop $-1 -1 -1 $-1 $-1 $661 $988 T 0.95999999999999996 0 0 3.8399999999999999 3.2760016921429269e-11 1.4000000000000001 periphery $375 F #
-1019 straight-curve $-1 -1 -1 $-1 0.95999999999999996 0 2.3999999999999999 0 0 -1 I I #
-1020 coedge $-1 -1 -1 $-1 $1472 $663 $1473 $1474 reversed $666 $-1 #
-1021 edge $-1 -1 -1 $-1 $1475 0 $668 0.95999999999999996 $1014 $1476 forward @7 unknown T 0.95999999999999996 0.95999999999999996 0 1.9199999999999999 0.95999999999999996 0 #
-1022 coedge $-1 -1 -1 $-1 $664 $1477 $813 $1208 reversed $666 $-1 #
-1023 edge $-1 -1 -1 $-1 $1478 0.95999999999999996 $667 3.8399999999999999 $1016 $1479 forward @7 unknown T 0.95999999999999996 0 0 3.8399999999999999 0 0 #
-1024 coedge $-1 -1 -1 $-1 $1468 $665 $1471 $1026 forward $1025 $-1 #
-1025 loop $-1 -1 -1 $-1 $-1 $665 $1003 T 0 0 0 0.95999999999999996 0.96000000000000019 0 periphery $176 T #
-1026 edge $-1 -1 -1 $-1 $667 3.8399999999999999 $1480 4.7999999999999998 $1471 $1479 forward @7 unknown T 0 0 0 0.95999999999999996 0 0 #
-1027 point $-1 -1 -1 $-1 0.95999999999999996 0 0 #
-1028 point $-1 -1 -1 $-1 0.95999999999999996 0.95999999999999996 0 #
-1029 coedge $-1 -1 -1 $-1 $671 $670 $1481 $1045 forward $673 $-1 #
-1030 coedge $-1 -1 -1 $-1 $1482 $1483 $1484 $1031 forward $1485 $-1 #
-1031 edge $-1 -1 -1 $-1 $1033 3.8399999999999999 $1036 4.7999999999999998 $1484 $1486 forward @7 unknown T 1.4399999999999999 0 1.3999999999999999 1.4399999999999999 0.95999999999999996 1.3999999999999999 #
-1032 coedge $-1 -1 -1 $-1 $1469 $676 $1483 $1487 forward $1015 $-1 #
-1033 vertex $-1 -1 -1 $-1 $1052 $1488 #
-1034 straight-curve $-1 -1 -1 $-1 0.71999999999999997 0.95999999999999996 1.3999999999999999 1 0 0 I I #
-1035 coedge $-1 -1 -1 $-1 $678 $1489 $1482 $1490 forward $1018 $-1 #
-1036 vertex $-1 -1 -1 $-1 $1045 $1491 #
-1037 straight-curve $-1 -1 -1 $-1 1.2 3.2760016921429269e-11 1.4000000000000001 -1 -0 0 I I #
-1038 coedge $-1 -1 -1 $-1 $683 $682 $1492 $1229 forward $422 $-1 #
-1039 coedge $-1 -1 -1 $-1 $1098 $1493 $682 $1040 reversed $1099 $-1 #
-1040 edge $-1 -1 -1 $-1 $690 -0.9700000000000002 $1494 0.98999999999999977 $682 $1495 forward @7 unknown T 1.4399999999999999 0 3.3599999999999999 3.3999999999999999 0 3.3599999999999999 #
-1041 vertex $1496 -1 -1 $-1 $684 $1497 #
-1042 straight-curve $-1 -1 -1 $-1 4.7999999999999998 0 4.7999999999999998 -1 0 0 I I #
-1043 cface_ptr-ct-attrib $-1 -1 $-1 $-1 $686 1 1 1 1 1 1 1 1 1 1 1 1 0 1 0 1 1 1 $-1 $1191 #
-1044 face $1498 -1 -1 $-1 $652 $1499 $6 $-1 $375 forward single T 3.8399999999999999 0 0 4.7999999999999998 3.2760016921429269e-11 1.4000000000000001 F #
-1045 edge $-1 -1 -1 $-1 $1036 0.20999999999999996 $690 2.1699999999999999 $1029 $1500 forward @7 unknown T 1.4399999999999999 0 1.3999999999999999 1.4399999999999999 0 3.3599999999999999 #
-1046 point $-1 -1 -1 $-1 1.4399999999999999 0 3.3599999999999999 #
-1047 coedge $-1 -1 -1 $-1 $1481 $1051 $1098 $1048 forward $1501 $-1 #
-1048 edge $-1 -1 -1 $-1 $738 3.8399999999999999 $690 4.7999999999999998 $1098 $1502 forward @7 unknown T 1.4399999999999999 0 3.3599999999999999 1.4399999999999999 0.95999999999999996 3.3599999999999999 #
-1049 edge $-1 -1 -1 $-1 $1503 -1.4000000000560395 $439 0 $1054 $1504 forward @7 unknown T 0 1.4399999999999999 -5.6039617390979402e-11 0 1.4399999999999999 1.3999999999999999 #
-1050 coedge $-1 -1 -1 $-1 $694 $1067 $1430 $1505 forward $964 $-1 #
-1051 coedge $-1 -1 -1 $-1 $1047 $1484 $695 $1052 reversed $1501 $-1 #
-1052 edge $-1 -1 -1 $-1 $738 -2.1699999999999999 $1033 -0.20999999999999996 $695 $1506 forward @7 unknown T 1.4399999999999999 0.95999999999999996 1.3999999999999999 1.4399999999999999 0.95999999999999996 3.3599999999999999 #
-1053 coedge $-1 -1 -1 $-1 $698 $697 $1467 $1507 forward $700 $-1 #
-1054 coedge $-1 -1 -1 $-1 $1508 $1509 $693 $1049 forward $1510 $-1 #
-1055 coedge $-1 -1 -1 $-1 $1511 $699 $1060 $1512 reversed $1057 $-1 #
-1056 coedge $-1 -1 -1 $-1 $699 $1513 $1508 $1514 reversed $1057 $-1 #
-1057 loop $-1 -1 -1 $-1 $-1 $1515 $1516 T 0 1.4399999999999999 1.3999999999999999 4.7999999999999998 3.3999999999999999 1.3999999999999999 periphery $1517 T #
-1058 edge $-1 -1 -1 $-1 $668 0 $1062 0.47999999999999998 $704 $1518 forward @7 unknown T 0.95999999999999996 0.95999999999999996 0 0.95999999999999996 1.4399999999999999 0 #
-1059 coedge $-1 -1 -1 $-1 $1519 $705 $1520 $1521 forward $1061 $-1 #
-1060 coedge $-1 -1 -1 $-1 $705 $1519 $1055 $1512 forward $1061 $-1 #
-1061 loop $-1 -1 -1 $-1 $-1 $705 $991 T 0.95999999999999996 1.4399999999999999 0 0.95999999999999996 1.9199999999999999 1.3999999999999999 periphery $359 F #
-1062 vertex $-1 -1 -1 $-1 $1521 $1522 #
-1063 straight-curve $-1 -1 -1 $-1 0.95999999999999996 1.4399999999999999 0.34999999998599007 0 -7.9301644612908309e-17 1 I I #
-1064 cface_ptr-ct-attrib $-1 -1 $-1 $-1 $708 1 1 1 1 1 1 1 1 1 1 1 1 0 1 0 1 1 1 $-1 $1069 #
-1065 straight-curve $-1 -1 -1 $-1 0.95999999999999996 1.4399999999999999 1.1899999999999999 -0 0 1 I I #
-1066 edge $-1 -1 -1 $-1 $713 0.96000000000000019 $1503 1.4399999999999999 $711 $1523 forward @7 unknown T 0 0.96000000000000019 -5.6039617390979402e-11 0 1.4399999999999999 0 #
-1067 coedge $-1 -1 -1 $-1 $1050 $712 $1468 $1524 reversed $964 $-1 #
-1068 point $-1 -1 -1 $-1 0 0.96000000000000019 0 #
-1069 cface $-1 -1 $1525 $384 $708 0 #
-1070 cface $-1 -1 $232 $399 $452 1 #
-1071 cface_ptr-ct-attrib $-1 -1 $-1 $-1 $717 1 1 1 1 1 1 1 1 1 1 1 1 0 1 0 1 1 1 $-1 $1526 #
-1072 loop $-1 -1 -1 $-1 $-1 $1527 $717 T 4.7999999999999998 3.8399999999999999 3.3599999999999999 4.7999999999999998 4.8000000000560394 4.7999999999999998 periphery $308 F #
-1073 coedge $-1 -1 -1 $-1 $1528 $719 $1112 $1529 reversed $1075 $-1 #
-1074 coedge $-1 -1 -1 $-1 $719 $1530 $1078 $725 reversed $1075 $-1 #
-1075 loop $-1 -1 -1 $-1 $-1 $1531 $1532 T 0 1.4399999999999999 4.7999999999672402 4.7999999999999998 3.4000000000000004 4.7999999999999998 periphery $211 F #
-1076 straight-curve $-1 -1 -1 $-1 1.2 1.4399999999999999 4.7999999999672402 -1 0 0 I I #
-1077 point $-1 -1 -1 $-1 0.95999999999999996 1.4399999999999999 4.7999999999999998 #
-1078 coedge $-1 -1 -1 $-1 $1533 $723 $1074 $725 forward $1080 $-1 #
-1079 coedge $-1 -1 -1 $-1 $723 $1533 $1107 $1534 forward $1080 $-1 #
-1080 loop $-1 -1 -1 $-1 $-1 $723 $1535 T 0 1.4399999999999999 3.3599999999999999 0 3.4000000000000004 4.7999999999999998 periphery $274 F #
-1081 vertex $-1 -1 -1 $-1 $1536 $1537 #
-1082 integer_attrib-name_attrib-gen-attrib $-1 -1 $-1 $-1 $727 2 4 2 1 1 1 1 1 1 1 1 1 1 1 0 1 1 1 @16 SKETCH_ENTITY_ID 300025 #
-1083 point $-1 -1 -1 $-1 0 0 4.7999999999999998 #
-1084 cface $-1 -1 $1538 $966 $465 0 #
-1085 coedge $-1 -1 -1 $-1 $1539 $1540 $1541 $1542 forward $729 $-1 #
-1086 coedge $-1 -1 -1 $-1 $1543 $730 $1544 $1545 reversed $468 $-1 #
-1087 coedge $-1 -1 -1 $-1 $1546 $948 $818 $1088 reversed $1189 $-1 #
-1088 edge $-1 -1 -1 $-1 $1041 -0.95999999999999996 $1220 0 $730 $1547 forward @7 unknown T 3.8399999999999999 0 4.7999999999999998 3.8399999999999999 0.95999999999999996 4.7999999999999998 #
-1089 coedge $-1 -1 -1 $-1 $731 $1543 $1548 $1549 forward $468 $-1 #
-1090 coedge $-1 -1 -1 $-1 $1550 $732 $731 $1091 forward $1093 $-1 #
-1091 edge $-1 -1 -1 $-1 $734 -0.95999999999999996 $1551 -0.47999999999999998 $1090 $1552 forward @7 unknown T 1.9199999999999999 0.95999999999999996 4.7999999999999998 1.9199999999999999 1.4399999999999999 4.7999999999999998 #
-1092 coedge $-1 -1 -1 $-1 $732 $1550 $1097 $1553 forward $1093 $-1 #
-1093 loop $-1 -1 -1 $-1 $-1 $1550 $802 T 1.9199999999999999 0.95999999999999996 3.3599999999999999 1.9199999999999999 1.4399999999999999 4.7999999999999998 periphery $1106 F #
-1094 vertex $-1 -1 -1 $-1 $733 $1554 #
-1095 straight-curve $-1 -1 -1 $-1 1.9199999999999999 0.95999999999999996 0 0 0 1 I I #
-1096 point $-1 -1 -1 $-1 1.9199999999999999 0.95999999999999996 4.7999999999999998 #
-1097 coedge $-1 -1 -1 $-1 $1555 $736 $1092 $1553 reversed $1099 $-1 #
-1098 coedge $-1 -1 -1 $-1 $736 $1039 $691 $1048 reversed $1099 $-1 #
-1099 loop $-1 -1 -1 $-1 $-1 $1555 $1192 T 1.4399999999999999 0 3.3599999999999999 3.3999999999999999 1.4399999999999999 3.3599999999999999 periphery $1346 T #
-1100 straight-curve $-1 -1 -1 $-1 1.9299999999999999 0.95999999999999996 3.3599999999999999 -1 0 -0 I I #
-1101 point $-1 -1 -1 $-1 1.4399999999999999 0.95999999999999996 3.3599999999999999 #
-1102 cface $-1 -1 $989 $120 $474 0 #
-1103 cface_ptr-ct-attrib $-1 -1 $-1 $-1 $741 1 1 1 1 1 1 1 1 1 1 1 1 0 1 0 1 1 1 $-1 $1455 #
-1104 face $1556 -1 -1 $-1 $1557 $1558 $6 $-1 $1106 forward single T 1.9199999999999999 1.4399999999999997 3.3599999999999999 1.9199999999999999 1.9199999999999999 4.7999999999999998 F #
-1105 loop $-1 -1 -1 $-1 $-1 $1559 $741 T 1.9199999999999999 0.95999999999999996 0 1.9199999999999999 1.4399999999999999 1.3999999999999999 periphery $1106 F #
-1106 plane-surface $-1 -1 -1 $-1 1.9199999999999999 1.4399999999999999 0 -1 0 0 0 -1 0 forward_v I I I I #
-1107 coedge $-1 -1 -1 $-1 $1560 $746 $1079 $1534 reversed $1109 $-1 #
-1108 coedge $-1 -1 -1 $-1 $746 $1561 $1111 $1562 reversed $1109 $-1 #
-1109 loop $-1 -1 -1 $-1 $-1 $1563 $1344 T 0 1.4399999999999999 3.3599999999999999 4.7999999999999998 3.3999999999999999 3.3599999999999999 periphery $1346 T #
-1110 plane-surface $-1 -1 -1 $-1 0 1.4399999999999999 2.3799999999999999 0 -1 0 -0 -0 -1 forward_v I I I I #
-1111 coedge $-1 -1 -1 $-1 $1564 $749 $1108 $1562 forward $1113 $-1 #
-1112 coedge $-1 -1 -1 $-1 $749 $1564 $1073 $1529 forward $1113 $-1 #
-1113 loop $-1 -1 -1 $-1 $-1 $749 $924 T 0.95999999999999996 1.4399999999999997 3.3599999999999999 0.95999999999999996 1.9199999999999999 4.7999999999999998 periphery $359 F #
-1114 cell3d-cell $-1 -1 $1464 $2 $-1 1 $782 #
-1115 cshell $-1 -1 $-1 $1565 $751 #
-1116 cface $-1 -1 $1566 $752 $887 0 #
-1117 cface $-1 -1 $1567 $492 $1568 0 #
-1118 face $1569 -1 -1 $-1 $371 $1570 $6 $-1 $1301 forward double in T 0 3.8399999999999999 0 0.96000000000000008 3.8400000000000003 1.3999999999999999 F #
-1119 cface $-1 -1 $1571 $296 $567 0 #
-1120 cface_ptr-ct-attrib $-1 -1 $-1 $-1 $755 1 1 1 1 1 1 1 1 1 1 1 1 0 1 0 1 1 1 $1572 $493 #
-1121 loop $-1 -1 -1 $-1 $-1 $1424 $755 T 0.95999999999999996 3.8399999999999999 1.3999999999999999 0.96000000000000008 4.8000000000560394 3.3600000000000003 periphery $889 F #
-1122 cface $-1 -1 $1573 $87 $508 0 #
-1123 cface_ptr-ct-attrib $-1 -1 $-1 $-1 $757 1 1 1 1 1 1 1 1 1 1 1 1 0 1 0 1 1 1 $-1 $494 #
-1124 plane-surface $-1 -1 -1 $-1 3.8399999999999999 3.3599999999999999 0 -1 0 0 0 -1 0 forward_v I I I I #
-1125 face $1574 -1 -1 $-1 $1575 $1312 $6 $-1 $1124 forward single T 3.8399999999999999 3.3999999999999999 0 3.8399999999999999 3.8399999999999999 1.3999999999999999 F #
-1126 cface_ptr-ct-attrib $-1 -1 $-1 $-1 $759 1 1 1 1 1 1 1 1 1 1 1 1 0 1 0 1 1 1 $-1 $495 #
-1127 face $1576 -1 -1 $-1 $1577 $1578 $6 $-1 $176 reversed single T 0 1.4399999999999999 -5.6039617390979402e-11 4.7999999999999998 3.4000000000000004 0 F #
-1128 loop $-1 -1 -1 $-1 $-1 $795 $759 T 3.8399999999999999 3.3999999999999999 -5.6039617390979402e-11 4.7999999999999998 3.8400000000000003 0 periphery $176 T #
-1129 coedge $-1 -1 -1 $-1 $1318 $762 $781 $838 forward $498 $-1 #
-1130 cface $-1 -1 $1579 $365 $1580 0 #
-1131 cface $-1 -1 $1581 $365 $500 1 #
-1132 cface $-1 -1 $1582 $164 $500 0 #
-1133 cface_ptr-ct-attrib $-1 -1 $-1 $-1 $766 1 1 1 1 1 1 1 1 1 1 1 1 0 1 0 1 1 1 $1583 $1584 #
-1134 face $1585 -1 -1 $-1 $1586 $1587 $6 $-1 $102 forward double in T 0 3.3999999999999999 1.3999999999999999 0.96000000000000008 3.8399999999999999 1.3999999999999999 F #
-1135 loop $-1 -1 -1 $-1 $-1 $1588 $766 T 0 3.3999999999999999 -5.6039617390979402e-11 0.96000000000000008 3.4000000000000004 1.3999999999999999 periphery $502 F #
-1136 coedge $-1 -1 -1 $-1 $1589 $1590 $1591 $1592 forward $767 $-1 #
-1137 coedge $-1 -1 -1 $-1 $1593 $768 $1594 $1595 forward $501 $-1 #
-1138 coedge $-1 -1 -1 $-1 $768 $1593 $833 $1237 reversed $501 $-1 #
-1139 coedge $-1 -1 -1 $-1 $1596 $1597 $1598 $1140 forward $1599 $-1 #
-1140 edge $-1 -1 -1 $-1 $1240 -1.0500000000140099 $1600 0.34999999998599007 $1139 $1601 forward @7 unknown T 3.8399999999999999 3.3999999999999999 0 3.8399999999999999 3.3999999999999999 1.3999999999999999 #
-1141 coedge $-1 -1 -1 $-1 $1242 $770 $1602 $1143 forward $778 $-1 #
-1142 straight-curve $-1 -1 -1 $-1 4.7999999999999998 3.8399999999999999 2.3999999999999999 0 0 1 I I #
-1143 edge $-1 -1 -1 $-1 $772 -0.58999999998599018 $1603 -0.14999999998599023 $1141 $1320 forward @7 unknown T 4.7999999999999998 3.3999999999999999 3.3599999999999999 4.7999999999999998 3.8399999999999999 3.3599999999999999 #
-1144 point $-1 -1 -1 $-1 4.7999999999999998 3.8399999999999999 3.3599999999999999 #
-1145 coedge $-1 -1 -1 $-1 $1604 $773 $1141 $1143 forward $634 $-1 #
-1146 coedge $-1 -1 -1 $-1 $773 $1604 $902 $1317 forward $634 $-1 #
-1147 cface_ptr-ct-attrib $-1 -1 $-1 $-1 $777 1 1 1 1 1 1 1 1 1 1 1 1 0 1 0 1 1 1 $-1 $1605 #
-1148 face $1606 -1 -1 $-1 $1607 $1608 $6 $-1 $308 forward single T 4.7999999999999998 3.3999999999999999 3.3599999999999999 4.7999999999999998 3.8399999999999999 4.7999999999999998 F #
-1149 loop $-1 -1 -1 $-1 $-1 $1609 $777 T 4.7999999999999998 0.95999999999999996 -5.6039617390979402e-11 4.7999999999999998 1.4399999999999999 1.3999999999999999 periphery $308 F #
-1150 coedge $-1 -1 -1 $-1 $1610 $779 $1611 $1612 reversed $509 $-1 #
-1151 coedge $-1 -1 -1 $-1 $779 $1610 $1613 $1614 forward $509 $-1 #
-1152 coedge $-1 -1 -1 $-1 $1363 $1362 $1615 $1153 forward $602 $-1 #
-1153 edge $-1 -1 -1 $-1 $1616 -0.35000000004202958 $1617 1.0500000000140099 $1615 $1618 forward @7 unknown T 4.7999999999999998 1.4399999999999999 -5.6039617390979402e-11 4.7999999999999998 1.4399999999999999 1.3999999999999999 #
-1154 coedge $-1 -1 -1 $-1 $781 $780 $1619 $1620 forward $307 $-1 #
-1155 cface $-1 -1 $630 $782 $887 1 #
-1156 cface $-1 -1 $1621 $849 $1292 0 #
-1157 cface $-1 -1 $1622 $752 $513 1 #
-1158 cface $-1 -1 $-1 $207 $513 0 #
-1159 cface_ptr-ct-attrib $-1 -1 $-1 $-1 $785 1 1 1 1 1 1 1 1 1 1 1 1 0 1 0 1 1 1 $-1 $1623 #
-1160 loop $-1 -1 -1 $-1 $-1 $1624 $785 T 0 4.7999999999999998 0 0.95999999999999996 4.8000000000560394 1.4000000000000001 periphery $186 F #
-1161 coedge $-1 -1 -1 $-1 $1625 $1626 $1627 $975 reversed $786 $-1 #
-1162 coedge $-1 -1 -1 $-1 $1628 $787 $1171 $1629 forward $514 $-1 #
-1163 coedge $-1 -1 -1 $-1 $787 $1628 $956 $1398 forward $514 $-1 #
-1164 coedge $-1 -1 -1 $-1 $1630 $1631 $973 $1165 forward $1632 $-1 #
-1165 edge $-1 -1 -1 $-1 $1174 -0.59000000004202935 $1427 0.37000000001401023 $787 $1633 forward @7 unknown T 0.95999999999999996 3.8399999999999999 3.3599999999999999 0.96000000000000008 4.8000000000560394 3.3600000000000003 #
-1166 coedge $-1 -1 -1 $-1 $789 $788 $1634 $1635 forward $311 $-1 #
-1167 coedge $-1 -1 -1 $-1 $1624 $1636 $1637 $1168 reversed $1160 $-1 #
-1168 edge $-1 -1 -1 $-1 $1175 0.23999999999999999 $1638 1.2 $788 $1639 forward @7 unknown T 0 4.8000000000560394 1.4000000000000001 0.95999999999999996 4.8000000000560394 1.4000000000000001 #
-1169 coedge $-1 -1 -1 $-1 $1640 $1641 $1422 $1170 reversed $1642 $-1 #
-1170 edge $-1 -1 -1 $-1 $1643 -1.2 $1174 -0.23999999999999999 $789 $1644 forward @7 unknown T 0 4.8000000000560394 3.3600000000000003 0.95999999999999996 4.8000000000560394 3.3600000000000003 #
-1171 coedge $-1 -1 -1 $-1 $1645 $790 $1646 $1629 forward $883 $-1 #
-1172 coedge $-1 -1 -1 $-1 $790 $1645 $1647 $1648 forward $883 $-1 #
-1173 coedge $-1 -1 -1 $-1 $1649 $1424 $515 $791 forward $1121 $-1 #
-1174 vertex $-1 -1 -1 $-1 $1629 $1650 #
-1175 vertex $-1 -1 -1 $-1 $1168 $1651 #
-1176 straight-curve $-1 -1 -1 $-1 0.95999999999999996 4.8000000000000007 2.3999999999999999 0 0 -1 I I #
-1177 coedge $-1 -1 -1 $-1 $894 $1619 $792 $1178 reversed $891 $-1 #
-1178 edge $-1 -1 -1 $-1 $896 3.8399999999999999 $1180 4.7999999999999998 $1177 $1652 forward @7 unknown T 3.8399999999999999 4.7999999999999998 0 4.7999999999999998 4.7999999999999998 0 #
-1179 straight-curve $-1 -1 -1 $-1 3.8399999999999999 3.3600000000000003 0 0 -1 0 I I #
-1180 vertex $-1 -1 -1 $-1 $794 $1653 #
-1181 straight-curve $-1 -1 -1 $-1 4.7999999999999998 4.7999999999999998 0 0 -1 0 I I #
-1182 coedge $-1 -1 -1 $-1 $1654 $795 $831 $1186 forward $1128 $-1 #
-1183 coedge $-1 -1 -1 $-1 $795 $1654 $1311 $1184 reversed $1128 $-1 #
-1184 edge $-1 -1 -1 $-1 $796 0 $1600 0.43999999999999995 $1311 $1655 forward @7 unknown T 3.8399999999999999 3.3999999999999999 0 3.8399999999999999 3.8399999999999999 0 #
-1185 point $-1 -1 -1 $-1 3.8399999999999999 3.8399999999999999 0 #
-1186 edge $-1 -1 -1 $-1 $797 0.95999999999999996 $1656 1.3999999999999999 $831 $1181 forward @7 unknown T 4.7999999999999998 3.3999999999999999 -5.6039617390979402e-11 4.7999999999999998 3.8399999999999999 0 #
-1187 point $-1 -1 -1 $-1 4.7999999999999998 3.8399999999999999 0 #
-1188 cface_ptr-ct-attrib $-1 -1 $-1 $-1 $799 1 1 1 1 1 1 1 1 1 1 1 1 0 1 0 1 1 1 $-1 $520 #
-1189 loop $-1 -1 -1 $-1 $-1 $1087 $799 T 3.8399999999999999 0 4.7999999999999998 4.7999999999999998 0.96000000000000019 4.7999999999999998 periphery $211 F #
-1190 cface $-1 -1 $1657 $521 $526 1 #
-1191 cface $-1 -1 $943 $120 $686 0 #
-1192 face $1658 -1 -1 $-1 $1659 $1099 $6 $-1 $1346 reversed single T 1.4399999999999999 0 3.3599999999999999 3.3999999999999999 1.4399999999999999 3.3599999999999999 F #
-1193 cface_ptr-ct-attrib $-1 -1 $-1 $-1 $802 1 1 1 1 1 1 1 1 1 1 1 1 0 1 0 1 1 1 $-1 $522 #
-1194 cface $-1 -1 $1440 $804 $810 1 #
-1195 cell3d-cell $-1 -1 $1356 $2 $-1 1 $804 #
-1196 cface $-1 -1 $982 $806 $1659 0 #
-1197 face $1660 -1 -1 $-1 $1661 $1662 $6 $-1 $226 forward double in T 3.3999999999999999 0 1.3999999999999999 3.8399999999999999 0.95999999999999996 1.4000000000000001 F #
-1198 cell3d-cell $-1 -1 $1663 $2 $-1 1 $806 #
-1199 cface $-1 -1 $-1 $926 $1044 0 #
-1200 cface $-1 -1 $-1 $399 $1197 1 #
-1201 cface_ptr-ct-attrib $-1 -1 $-1 $-1 $810 1 1 1 1 1 1 1 1 1 1 1 1 0 1 0 1 1 1 $1194 $1664 #
-1202 face $1665 -1 -1 $-1 $1666 $1371 $6 $-1 $812 forward double in T 3.8399999999999999 0.95999999999999996 0 4.7999999999999998 0.96000000000000063 1.3999999999999999 F #
-1203 loop $-1 -1 -1 $-1 $-1 $1667 $810 T 3.8399999999999999 0.95999999999999996 1.3999999999999999 4.7999999999999998 0.96000000000000063 3.3599999999999999 periphery $812 F #
-1204 coedge $-1 -1 -1 $-1 $869 $819 $1668 $1669 reversed $811 $-1 #
-1205 coedge $-1 -1 -1 $-1 $1214 $813 $1368 $1670 forward $527 $-1 #
-1206 coedge $-1 -1 -1 $-1 $813 $1214 $1671 $1672 forward $527 $-1 #
-1207 coedge $-1 -1 -1 $-1 $1673 $1674 $1022 $1208 forward $1272 $-1 #
-1208 edge $-1 -1 -1 $-1 $1478 -1.4399999999999999 $1675 -0.47999999999999998 $1207 $1676 forward @7 unknown T 3.8399999999999999 0 0 3.8399999999999999 0.95999999999999996 0 #
-1209 coedge $-1 -1 -1 $-1 $1667 $1677 $1678 $1210 reversed $1203 $-1 #
-1210 edge $-1 -1 -1 $-1 $1216 1.3999999999999999 $826 3.3599999999999999 $1678 $1221 forward @7 unknown T 3.8399999999999999 0.95999999999999996 1.3999999999999999 3.8399999999999999 0.95999999999999996 3.3599999999999999 #
-1211 coedge $-1 -1 -1 $-1 $1679 $1680 $1446 $1212 forward $1442 $-1 #
-1212 edge $-1 -1 -1 $-1 $827 -0.96000000000000041 $1215 0.99999999999999978 $1211 $1681 forward @7 unknown T 3.8399999999999999 0 1.4000000000000001 3.8399999999999999 3.2760016921429269e-11 3.3600000000000003 #
-1213 coedge $-1 -1 -1 $-1 $816 $933 $1682 $1683 forward $363 $-1 #
-1214 coedge $-1 -1 -1 $-1 $1206 $1205 $1684 $817 reversed $527 $-1 #
-1215 vertex $-1 -1 -1 $-1 $1685 $1686 #
-1216 vertex $-1 -1 -1 $-1 $1210 $1687 #
-1217 straight-curve $-1 -1 -1 $-1 3.8399999999999999 0.60000000000818976 1.3999999999999999 0 1 -1.5419764231255753e-16 I I #
-1218 coedge $-1 -1 -1 $-1 $819 $869 $614 $949 reversed $811 $-1 #
-1219 coedge $-1 -1 -1 $-1 $1386 $1688 $1689 $820 forward $1690 $-1 #
-1220 vertex $1691 -1 -1 $-1 $820 $1692 #
-1221 straight-curve $-1 -1 -1 $-1 3.8399999999999999 0.95999999999999996 0 0 0 1 I I #
-1222 coedge $-1 -1 -1 $-1 $1693 $821 $1680 $1231 forward $1224 $-1 #
-1223 coedge $-1 -1 -1 $-1 $821 $1693 $1546 $1694 forward $1224 $-1 #
-1224 loop $-1 -1 -1 $-1 $-1 $821 $1453 T 3.8399999999999999 0 3.3599999999999999 4.7999999999999998 3.2760016921429269e-11 4.7999999999999998 periphery $375 F #
-1225 straight-curve $-1 -1 -1 $-1 3.8399999999999999 0 2.3999999999999999 0 0 -1 I I #
-1226 coedge $-1 -1 -1 $-1 $824 $823 $1493 $1695 forward $641 $-1 #
-1227 coedge $-1 -1 -1 $-1 $1696 $1689 $1697 $1228 forward $1698 $-1 #
-1228 edge $-1 -1 -1 $-1 $826 -2.1600000000000001 $1699 -1.72 $1227 $1700 forward @7 unknown T 3.3999999999999999 0.95999999999999996 3.3599999999999999 3.8399999999999999 0.95999999999999996 3.3599999999999999 #
-1229 edge $-1 -1 -1 $-1 $1494 2.2000000000000002 $827 2.6399999999999997 $1038 $1701 forward @7 unknown T 3.3999999999999999 0 3.3599999999999999 3.8399999999999999 3.2760016921429269e-11 3.3600000000000003 #
-1230 point $-1 -1 -1 $-1 3.8399999999999999 0.95999999999999996 3.3599999999999999 #
-1231 edge $-1 -1 -1 $-1 $827 2.6399999999999997 $1702 3.5999999999999996 $1222 $1701 forward @7 unknown T 3.8399999999999999 3.2760016921429269e-11 3.3600000000000003 4.7999999999999998 3.2760016921429269e-11 3.3600000000000003 #
-1232 point $-1 -1 -1 $-1 3.8399999999999999 3.2760016921429269e-11 3.3600000000000003 #
-1233 coedge $-1 -1 -1 $-1 $1703 $828 $1222 $1231 forward $985 $-1 #
-1234 coedge $-1 -1 -1 $-1 $828 $1703 $1204 $1669 forward $985 $-1 #
-1235 coedge $-1 -1 -1 $-1 $831 $830 $1593 $1704 reversed $761 $-1 #
-1236 coedge $-1 -1 -1 $-1 $1705 $1706 $1707 $1237 forward $1708 $-1 #
-1237 edge $-1 -1 -1 $-1 $1240 3.8399999999999999 $1243 4.7999999999999998 $1707 $1709 forward @7 unknown T 3.8399999999999999 3.3999999999999999 1.3999999999999999 4.7999999999999998 3.3999999999999999 1.3999999999999999 #
-1238 coedge $-1 -1 -1 $-1 $902 $834 $1706 $1710 forward $903 $-1 #
-1239 coedge $-1 -1 -1 $-1 $899 $1598 $536 $835 reversed $1312 $-1 #
-1240 vertex $-1 -1 -1 $-1 $1710 $1711 #
-1241 straight-curve $-1 -1 -1 $-1 3.8399999999999999 3.7300000000140097 1.3999999999999999 -0 -1 -1.5860328922581657e-16 I I #
-1242 coedge $-1 -1 -1 $-1 $836 $1141 $1705 $1712 forward $778 $-1 #
-1243 vertex $-1 -1 -1 $-1 $1712 $1713 #
-1244 straight-curve $-1 -1 -1 $-1 4.7999999999999998 3.2500000000140101 1.3999999999999999 0 1 1.5860328922581657e-16 I I #
-1245 vertex $-1 -1 -1 $-1 $1321 $1714 #
-1246 cface_ptr-ct-attrib $-1 -1 $-1 $-1 $842 1 1 1 1 1 1 1 1 1 1 1 1 0 1 0 1 1 1 $-1 $1715 #
-1247 face $1716 -1 -1 $-1 $1516 $1717 $6 $-1 $1718 reversed single T 1.4399999999999999 3.8399999999999999 1.3999999999999999 1.4399999999999999 4.7999999999999998 3.3599999999999999 F #
-1248 loop $-1 -1 -1 $-1 $-1 $1719 $842 T 3.3999999999999999 0 1.3999999999999999 3.3999999999999999 0.95999999999999996 3.3599999999999999 periphery $844 T #
-1249 coedge $-1 -1 -1 $-1 $1720 $871 $875 $1288 reversed $843 $-1 #
-1250 coedge $-1 -1 -1 $-1 $1721 $1722 $1136 $1592 reversed $846 $-1 #
-1251 face $1723 -1 -1 $-1 $1724 $1258 $6 $-1 $186 forward single T 0.95999999999999996 4.7999999999999998 3.3599999999999999 3.8399999999999999 4.8000000000560394 4.7999999999999998 F #
-1252 cface $-1 -1 $1007 $849 $1725 0 #
-1253 cell3d-cell $-1 -1 $1415 $2 $-1 1 $849 #
-1254 coedge $-1 -1 -1 $-1 $871 $1720 $851 $1255 reversed $843 $-1 #
-1255 edge $-1 -1 -1 $-1 $873 0.20999999999999996 $1259 2.1699999999999999 $851 $1726 forward @7 unknown T 3.3999999999999999 4.7999999999999998 1.3999999999999999 3.3999999999999999 4.7999999999999998 3.3599999999999999 #
-1256 coedge $-1 -1 -1 $-1 $852 $1647 $1727 $1728 forward $895 $-1 #
-1257 coedge $-1 -1 -1 $-1 $1646 $853 $1729 $1730 forward $1258 $-1 #
-1258 loop $-1 -1 -1 $-1 $-1 $914 $1251 T 0.95999999999999996 4.7999999999999998 3.3599999999999999 3.8399999999999999 4.8000000000560394 4.7999999999999998 periphery $186 F #
-1259 vertex $-1 -1 -1 $-1 $1730 $1731 #
-1260 coedge $-1 -1 -1 $-1 $1619 $894 $879 $1261 reversed $891 $-1 #
-1261 edge $-1 -1 -1 $-1 $1245 -3.5999999999999996 $564 -2.6399999999999997 $855 $874 forward @7 unknown T 3.8399999999999999 4.8000000000560394 1.4000000000000001 4.7999999999999998 4.8000000000560394 1.4000000000000001 #
-1262 cface $-1 -1 $1732 $164 $882 0 #
-1263 face $1733 -1 -1 $-1 $92 $1305 $6 $-1 $176 reversed single T 0.95999999999999996 3.3999999999999999 -5.6039617390979402e-11 3.8399999999999999 4.7999999999999998 0 F #
-1264 cface_ptr-ct-attrib $-1 -1 $-1 $-1 $858 1 1 1 1 1 1 1 1 1 1 1 1 0 1 0 1 1 1 $-1 $1734 #
-1265 face $1735 -1 -1 $-1 $1736 $1737 $6 $-1 $596 forward single T 1.9200000000000002 3.3999999999999999 0 1.9200000000000002 3.8399999999999999 1.3999999999999999 F #
-1266 loop $-1 -1 -1 $-1 $-1 $900 $858 T 2.8799999999999999 3.8399999999999999 3.3599999999999999 3.8399999999999999 3.8399999999999999 4.7999999999999998 periphery $546 F #
-1267 cface $-1 -1 $1738 $861 $980 1 #
-1268 cface $-1 -1 $-1 $1269 $1739 0 #
-1269 cshell $-1 -1 $-1 $1664 $1663 #
-1270 cface $-1 -1 $1740 $1357 $556 0 #
-1271 cface_ptr-ct-attrib $-1 -1 $-1 $-1 $864 1 1 1 1 1 1 1 1 1 1 1 1 0 1 0 1 1 1 $-1 $1354 #
-1272 loop $-1 -1 -1 $-1 $-1 $1673 $864 T 3.8399999999999999 0 0 4.7999999999999998 0.96000000000000008 0 periphery $176 T #
-1273 coedge $-1 -1 -1 $-1 $1741 $1742 $1743 $1744 reversed $865 $-1 #
-1274 coedge $-1 -1 -1 $-1 $1745 $866 $1746 $1747 reversed $557 $-1 #
-1275 coedge $-1 -1 -1 $-1 $866 $1745 $1748 $1279 reversed $557 $-1 #
-1276 coedge $-1 -1 -1 $-1 $1677 $1667 $1749 $1277 forward $1203 $-1 #
-1277 edge $-1 -1 -1 $-1 $1372 -1 $1282 0.95999999999999996 $1749 $1750 forward @7 unknown T 4.7999999999999998 0.96000000000000019 1.3999999999999999 4.7999999999999998 0.96000000000000019 3.3599999999999999 #
-1278 coedge $-1 -1 -1 $-1 $868 $867 $1751 $1752 forward $333 $-1 #
-1279 edge $-1 -1 -1 $-1 $1282 -0.6000000000081902 $1753 -0.12000000000819044 $867 $1754 forward @7 unknown T 4.7999999999999998 0.96000000000000019 3.3599999999999999 4.7999999999999998 1.4399999999999999 3.3599999999999999 #
-1280 edge $-1 -1 -1 $-1 $1755 3.3599999999999999 $1283 3.8399999999999999 $868 $1756 forward @7 unknown T 4.7999999999999998 0.95999999999999996 4.7999999999672402 4.7999999999999998 1.4399999999999999 4.7999999999999998 #
-1281 coedge $-1 -1 -1 $-1 $1757 $1758 $558 $870 forward $1759 $-1 #
-1282 vertex $-1 -1 -1 $-1 $1279 $1760 #
-1283 vertex $1761 -1 -1 $-1 $1762 $1763 #
-1284 straight-curve $-1 -1 -1 $-1 4.7999999999999998 0.96000000000000019 2.3999999999999999 0 0 1 I I #
-1285 coedge $-1 -1 -1 $-1 $1727 $1764 $559 $872 reversed $1765 $-1 #
-1286 straight-curve $-1 -1 -1 $-1 3.3999999999999999 4.7999999999999998 1.3999999999999999 0 -1 0 I I #
-1287 point $-1 -1 -1 $-1 3.3999999999999999 4.7999999999999998 1.3999999999999999 #
-1288 edge $-1 -1 -1 $-1 $1314 -2.1699999999999999 $877 -0.20999999999999996 $875 $1766 forward @7 unknown T 3.3999999999999999 3.8399999999999999 1.3999999999999999 3.3999999999999999 3.8399999999999999 3.3599999999999999 #
-1289 coedge $-1 -1 -1 $-1 $1309 $876 $1764 $1767 forward $859 $-1 #
-1290 point $-1 -1 -1 $-1 3.3999999999999999 3.8399999999999999 1.3999999999999999 #
-1291 cface_ptr-ct-attrib $-1 -1 $-1 $-1 $882 1 1 1 1 1 1 1 1 1 1 1 1 0 1 0 1 1 1 $-1 $1262 #
-1292 face $1768 -1 -1 $-1 $759 $1769 $6 $-1 $621 forward single T 0.96000000000000008 3.8399999999999999 3.3599999999999999 1.9200000000000002 3.8399999999999999 4.7999999999999998 F #
-1293 loop $-1 -1 -1 $-1 $-1 $1770 $882 T 0.96000000000000008 3.8399999999999999 0 1.9200000000000002 3.8399999999999999 1.3999999999999999 periphery $621 F #
-1294 face $1771 -1 -1 $-1 $338 $895 $6 $-1 $186 forward single T 0.95999999999999996 4.7999999999999998 0 3.8399999999999999 4.8000000000560394 1.4000000000000001 F #
-1295 cface_ptr-ct-attrib $-1 -1 $-1 $-1 $885 1 1 1 1 1 1 1 1 1 1 1 1 0 1 0 1 1 1 $1571 $569 #
-1296 face $1772 -1 -1 $-1 $355 $1773 $6 $-1 $102 forward double in T 0 3.8399999999999999 1.3999999999999999 0.96000000000000008 4.8000000000560394 1.4000000000000001 F #
-1297 loop $-1 -1 -1 $-1 $-1 $1774 $885 T 0.95999999999999996 3.8399999999999999 1.3999999999999999 1.4399999999999999 4.8000000000560394 1.4000000000000001 periphery $102 F #
-1298 cface $-1 -1 $1623 $1115 $570 1 #
-1299 cface_ptr-ct-attrib $-1 -1 $-1 $-1 $887 1 1 1 1 1 1 1 1 1 1 1 1 0 1 0 1 1 1 $1155 $1116 #
-1300 loop $-1 -1 -1 $-1 $-1 $974 $887 T 0 3.8399999999999999 1.3999999999999999 0.96000000000000008 3.8399999999999999 3.3599999999999999 periphery $1301 F #
-1301 plane-surface $-1 -1 -1 $-1 0.47999999999999998 3.8399999999999999 4.7999999999999998 2.312964634635743e-16 1 0 1 -2.312964634635743e-16 0 forward_v I I I I #
-1302 coedge $-1 -1 -1 $-1 $1775 $1776 $1777 $1778 forward $888 $-1 #
-1303 coedge $-1 -1 -1 $-1 $1779 $892 $898 $1310 reversed $1305 $-1 #
-1304 coedge $-1 -1 -1 $-1 $892 $1780 $893 $1307 forward $1305 $-1 #
-1305 loop $-1 -1 -1 $-1 $-1 $892 $1263 T 0.95999999999999996 3.3999999999999999 -5.6039617390979402e-11 3.8399999999999999 4.7999999999999998 0 periphery $176 T #
-1306 coedge $-1 -1 -1 $-1 $1647 $893 $1775 $1781 reversed $895 $-1 #
-1307 edge $-1 -1 -1 $-1 $1782 0.95999999999999996 $896 3.8399999999999999 $893 $1652 forward @7 unknown T 0.95999999999999996 4.7999999999999998 0 3.8399999999999999 4.7999999999999998 0 #
-1308 point $-1 -1 -1 $-1 3.8399999999999999 4.7999999999999998 0 #
-1309 coedge $-1 -1 -1 $-1 $898 $1289 $1783 $1784 reversed $859 $-1 #
-1310 edge $-1 -1 -1 $-1 $1785 0 $796 0.95999999999999996 $898 $1786 forward @7 unknown T 2.8799999999999999 3.8399999999999999 0 3.8399999999999999 3.8399999999999999 0 #
-1311 coedge $-1 -1 -1 $-1 $1598 $899 $1183 $1184 forward $1312 $-1 #
-1312 loop $-1 -1 -1 $-1 $-1 $1598 $1125 T 3.8399999999999999 3.3999999999999999 0 3.8399999999999999 3.8399999999999999 1.3999999999999999 periphery $1124 F #
-1313 coedge $-1 -1 -1 $-1 $900 $1787 $1788 $1789 forward $1266 $-1 #
-1314 vertex $-1 -1 -1 $-1 $1789 $1790 #
-1315 straight-curve $-1 -1 -1 $-1 1.6799999999999999 3.8399999999999999 3.3599999999999999 -1 -0 -0 I I #
-1316 coedge $-1 -1 -1 $-1 $1791 $1333 $1146 $1317 reversed $1792 $-1 #
-1317 edge $-1 -1 -1 $-1 $1793 -0.33000000001400931 $351 0.10999999998599064 $902 $1794 forward @7 unknown T 3.8399999999999999 3.3999999999999999 3.3599999999999999 3.8399999999999999 3.8399999999999999 3.3599999999999999 #
-1318 coedge $-1 -1 -1 $-1 $904 $1129 $906 $1321 forward $498 $-1 #
-1319 coedge $-1 -1 -1 $-1 $1795 $1527 $580 $905 reversed $1072 $-1 #
-1320 straight-curve $-1 -1 -1 $-1 4.7999999999999998 3.2500000000140097 3.3599999999999999 0 -1 -2.3790493383872484e-16 I I #
-1321 edge $-1 -1 -1 $-1 $1245 1.3999999999999999 $908 3.3599999999999999 $1318 $1796 forward @7 unknown T 4.7999999999999998 4.7999999999999998 1.3999999999999999 4.7999999999999998 4.8000000000560394 3.3600000000000003 #
-1322 coedge $-1 -1 -1 $-1 $1797 $907 $585 $915 reversed $1324 $-1 #
-1323 coedge $-1 -1 -1 $-1 $907 $1797 $1795 $1325 reversed $1324 $-1 #
-1324 loop $-1 -1 -1 $-1 $-1 $1322 $1798 T 3.8399999999999999 4.7999999999999998 3.3599999999999999 4.7999999999999998 4.8000000000560394 4.7999999999999998 periphery $186 F #
-1325 edge $-1 -1 -1 $-1 $908 3.3599999999999999 $1799 4.7999999999999998 $1795 $1796 forward @7 unknown T 4.7999999999999998 4.7999999999999998 3.3599999999999999 4.7999999999999998 4.8000000000560394 4.7999999999999998 #
-1326 point $-1 -1 -1 $-1 4.7999999999999998 4.8000000000560394 3.3600000000000003 #
-1327 coedge $-1 -1 -1 $-1 $911 $910 $1384 $1800 forward $405 $-1 #
-1328 coedge $-1 -1 -1 $-1 $1801 $1602 $1527 $1329 forward $1608 $-1 #
-1329 edge $-1 -1 -1 $-1 $772 0.95999999999999996 $1802 2.3999999999999999 $1328 $1803 forward @7 unknown T 4.7999999999999998 3.8399999999999999 3.3599999999999999 4.7999999999999998 3.8399999999999999 4.7999999999999998 #
-1330 coedge $-1 -1 -1 $-1 $1804 $1805 $1806 $1331 forward $1807 $-1 #
-1331 edge $-1 -1 -1 $-1 $916 0 $1335 0.96000000000000041 $1330 $1808 forward @7 unknown T 3.8399999999999999 3.8399999999999999 4.7999999999999998 3.8399999999999999 4.8000000000000007 4.7999999999999998 #
-1332 coedge $-1 -1 -1 $-1 $1787 $913 $1805 $1809 forward $1266 $-1 #
-1333 coedge $-1 -1 -1 $-1 $1316 $1810 $911 $588 reversed $1792 $-1 #
-1334 coedge $-1 -1 -1 $-1 $914 $1811 $1804 $1812 forward $1258 $-1 #
-1335 vertex $1813 -1 -1 $-1 $1814 $1815 #
-1336 straight-curve $-1 -1 -1 $-1 3.8399999999999999 4.8000000000000007 2.3999999999999999 0 0 -1 I I #
-1337 integer_attrib-name_attrib-gen-attrib $-1 -1 $-1 $-1 $916 2 4 2 1 1 1 1 1 1 1 1 1 1 1 0 1 1 1 @16 SKETCH_ENTITY_ID 300022 #
-1338 point $-1 -1 -1 $-1 3.8399999999999999 3.8399999999999999 4.7999999999999998 #
-1339 coedge $-1 -1 -1 $-1 $1788 $1729 $1720 $1340 forward $1345 $-1 #
-1340 edge $-1 -1 -1 $-1 $1259 0 $1314 0.95999999999999996 $1720 $1816 forward @7 unknown T 3.3999999999999999 3.8399999999999999 3.3599999999999999 3.3999999999999999 4.7999999999999998 3.3599999999999999 #
-1341 cface $-1 -1 $1817 $378 $1818 0 #
-1342 cface $-1 -1 $-1 $849 $594 0 #
-1343 cface_ptr-ct-attrib $-1 -1 $-1 $-1 $920 1 1 1 1 1 1 1 1 1 1 1 1 0 1 0 1 1 1 $-1 $1819 #
-1344 face $1820 -1 -1 $-1 $1821 $1109 $6 $-1 $1346 reversed single T 0 1.4399999999999999 3.3599999999999999 4.7999999999999998 3.3999999999999999 3.3599999999999999 F #
-1345 loop $-1 -1 -1 $-1 $-1 $1822 $920 T 1.4399999999999999 3.3999999999999999 3.3599999999999999 3.3999999999999999 4.7999999999999998 3.3599999999999999 periphery $1346 T #
-1346 plane-surface $-1 -1 -1 $-1 2.4199999999999999 4.7999999999999998 3.3599999999999999 -0 0 1 -1 -0 -0 forward_v I I I I #
-1347 coedge $-1 -1 -1 $-1 $1823 $1824 $1825 $1826 reversed $921 $-1 #
-1348 coedge $-1 -1 -1 $-1 $1827 $922 $1828 $1829 forward $595 $-1 #
-1349 coedge $-1 -1 -1 $-1 $922 $1827 $1830 $1831 forward $595 $-1 #
-1350 coedge $-1 -1 -1 $-1 $1832 $1833 $1834 $1351 reversed $1835 $-1 #
-1351 edge $-1 -1 -1 $-1 $1836 -2.7600000000081897 $1837 -1.3200000000081897 $922 $1838 forward @7 unknown T 1.9200000000000002 3.3999999999999995 3.3599999999999999 1.9200000000000002 3.3999999999999999 4.7999999999999998 #
-1352 cface $-1 -1 $1839 $378 $1104 0 #
-1353 cface_ptr-ct-attrib $-1 -1 $-1 $-1 $924 1 1 1 1 1 1 1 1 1 1 1 1 0 1 0 1 1 1 $-1 $597 #
-1354 cface $-1 -1 $807 $926 $864 0 #
-1355 cface $-1 -1 $598 $926 $1202 1 #
-1356 cell3d-cell $-1 -1 $396 $2 $-1 1 $926 #
-1357 cshell $-1 -1 $-1 $1840 $1841 #
-1358 cface $-1 -1 $1070 $399 $601 1 #
-1359 cface $-1 -1 $1842 $365 $601 0 #
-1360 cface_ptr-ct-attrib $-1 -1 $-1 $-1 $930 1 1 1 1 1 1 1 1 1 1 1 1 0 1 0 1 1 1 $1525 $1843 #
-1361 coedge $-1 -1 -1 $-1 $1844 $1845 $1846 $1847 forward $931 $-1 #
-1362 coedge $-1 -1 -1 $-1 $1152 $932 $1848 $1849 forward $602 $-1 #
-1363 coedge $-1 -1 -1 $-1 $932 $1152 $1850 $1851 reversed $602 $-1 #
-1364 coedge $-1 -1 -1 $-1 $1852 $1853 $1854 $1365 forward $1855 $-1 #
-1365 edge $-1 -1 -1 $-1 $1856 -1.0500000000140099 $1857 0.34999999998599007 $1364 $1858 forward @7 unknown T 3.8399999999999999 1.4399999999999999 0 3.8399999999999999 1.4399999999999999 1.3999999999999999 #
-1366 coedge $-1 -1 -1 $-1 $1859 $1860 $1861 $1367 forward $1454 $-1 #
-1367 edge $-1 -1 -1 $-1 $1372 0.60000000000818976 $1862 1.5599999999754299 $1366 $1863 forward @7 unknown T 4.7999999999999998 3.2760016921429269e-11 1.3999999999999999 4.7999999999999998 0.96000000000000019 1.4000000000000001 #
-1368 coedge $-1 -1 -1 $-1 $1743 $934 $1864 $1670 reversed $1371 $-1 #
-1369 coedge $-1 -1 -1 $-1 $934 $1743 $1860 $1865 forward $1371 $-1 #
-1370 coedge $-1 -1 -1 $-1 $1866 $1746 $1667 $935 reversed $1867 $-1 #
-1371 loop $-1 -1 -1 $-1 $-1 $1743 $1202 T 3.8399999999999999 0.95999999999999996 0 4.7999999999999998 0.96000000000000063 1.3999999999999999 periphery $812 F #
-1372 vertex $-1 -1 -1 $-1 $1367 $1868 #
-1373 straight-curve $-1 -1 -1 $-1 2.1600000000000001 0.95999999999999952 1.3999999999999999 1 2.312964634635743e-16 -3.5665369341315759e-32 I I #
-1374 cface $-1 -1 $928 $365 $1869 0 #
-1375 face $1870 -1 -1 $-1 $1871 $1872 $6 $-1 $1873 forward single T 2.8799999999999999 1.9199999999999999 0 3.8399999999999999 1.9199999999999999 1.3999999999999999 F #
-1376 cface $-1 -1 $1874 $207 $1875 0 #
-1377 cface_ptr-ct-attrib $-1 -1 $-1 $-1 $939 1 1 1 1 1 1 1 1 1 1 1 1 0 1 0 1 1 1 $-1 $609 #
-1378 face $1876 -1 -1 $-1 $1877 $1878 $6 $-1 $274 forward single T 0 3.8399999999999999 0 0 4.8000000000560394 1.4000000000000001 F #
-1379 loop $-1 -1 -1 $-1 $-1 $1541 $939 T 0 3.3999999999999999 3.3599999999999999 0 3.8399999999999999 4.7999999999999998 periphery $274 F #
-1380 cface_ptr-ct-attrib $-1 -1 $-1 $-1 $941 1 1 1 1 1 1 1 1 1 1 1 1 0 1 0 1 1 1 $-1 $1465 #
-1381 face $1879 -1 -1 $-1 $1400 $1880 $6 $-1 $211 forward single T 0 3.8399999999999999 4.7999999999999998 0.96000000000000008 4.8000000000000007 4.7999999999999998 F #
-1382 loop $-1 -1 -1 $-1 $-1 $1881 $941 T 3.8399999999999999 3.8399999999999999 4.7999999999999998 4.7999999999999998 4.8000000000000007 4.7999999999999998 periphery $211 F #
-1383 coedge $-1 -1 -1 $-1 $1882 $1883 $1884 $1885 forward $942 $-1 #
-1384 coedge $-1 -1 -1 $-1 $1886 $1887 $1881 $1800 forward $945 $-1 #
-1385 coedge $-1 -1 -1 $-1 $947 $946 $1531 $1888 forward $369 $-1 #
-1386 coedge $-1 -1 -1 $-1 $1889 $1219 $947 $1387 forward $1690 $-1 #
-1387 edge $-1 -1 -1 $-1 $1220 -0.95999999999999996 $1890 -0.47999999999999998 $1386 $1891 forward @7 unknown T 3.8399999999999999 0.95999999999999996 4.7999999999999998 3.8399999999999999 1.4399999999999999 4.7999999999999998 #
-1388 coedge $-1 -1 -1 $-1 $948 $1546 $1757 $1762 reversed $1189 $-1 #
-1389 straight-curve $-1 -1 -1 $-1 4.7999999999999998 0.96000000000000019 4.7999999999999998 1 2.312964634635743e-16 -0 F -0.95999999999999996 F -0 #
-1390 cface $-1 -1 $-1 $296 $1247 0 #
-1391 cface_ptr-ct-attrib $-1 -1 $-1 $-1 $953 1 1 1 1 1 1 1 1 1 1 1 1 0 1 0 1 1 1 $-1 $923 #
-1392 loop $-1 -1 -1 $-1 $-1 $1892 $953 T 0.95999999999999996 1.9199999999999999 3.3599999999999999 1.9199999999999999 1.9199999999999999 4.7999999999999998 periphery $1393 F #
-1393 plane-surface $-1 -1 -1 $-1 1.4399999999999999 1.9199999999999999 0 0 -1 0 1 0 0 forward_v I I I I #
-1394 coedge $-1 -1 -1 $-1 $1893 $1894 $1361 $1847 reversed $954 $-1 #
-1395 coedge $-1 -1 -1 $-1 $1895 $956 $1896 $1897 reversed $620 $-1 #
-1396 coedge $-1 -1 -1 $-1 $956 $1895 $1898 $1899 forward $620 $-1 #
-1397 coedge $-1 -1 -1 $-1 $1900 $1901 $1163 $1398 reversed $1769 $-1 #
-1398 edge $-1 -1 -1 $-1 $1902 -0.71999999999999986 $1427 -0.23999999999999999 $956 $1903 forward @7 unknown T 0.96000000000000008 3.8399999999999999 3.3599999999999999 1.4399999999999999 3.8399999999999999 3.3599999999999999 #
-1399 cface $-1 -1 $1904 $378 $1905 0 #
-1400 face $1906 -1 -1 $-1 $638 $1907 $6 $-1 $205 forward double in T 3.8399999999999999 1.4399999999999997 3.3599999999999999 4.7999999999999998 1.4400000000000002 4.7999999999999998 F #
-1401 cface_ptr-ct-attrib $-1 -1 $-1 $-1 $958 1 1 1 1 1 1 1 1 1 1 1 1 0 1 0 1 1 1 $-1 $623 #
-1402 face $1908 -1 -1 $-1 $1375 $1909 $6 $-1 $1910 forward single T 2.8799999999999999 2.8799999999999999 0 3.8399999999999999 2.8799999999999999 1.3999999999999999 F #
-1403 loop $-1 -1 -1 $-1 $-1 $1911 $958 T 3.8399999999999999 1.4399999999999997 3.3599999999999999 3.8399999999999999 1.9199999999999999 4.7999999999999998 periphery $1404 F #
-1404 plane-surface $-1 -1 -1 $-1 3.8399999999999999 1.4399999999999999 0 -1 0 0 0 -1 0 forward_v I I I I #
-1405 cface_ptr-ct-attrib $-1 -1 $-1 $-1 $959 1 1 1 1 1 1 1 1 1 1 1 1 0 1 0 1 1 1 $-1 $624 #
-1406 face $1912 -1 -1 $-1 $1913 $1914 $6 $-1 $1915 reversed single T 0 3.3999999999999999 1.3999999999999999 0.96000000000000008 3.3999999999999999 3.3599999999999999 F #
-1407 cface $-1 -1 $1572 $782 $1296 1 #
-1408 cface_ptr-ct-attrib $-1 -1 $-1 $-1 $963 1 1 1 1 1 1 1 1 1 1 1 1 0 1 0 1 1 1 $-1 $1567 #
-1409 loop $-1 -1 -1 $-1 $-1 $1916 $963 T 0 3.3999999999999999 -5.6039617390979402e-11 0 3.8399999999999999 1.3999999999999999 periphery $274 F #
-1410 coedge $-1 -1 -1 $-1 $1634 $965 $1540 $1423 forward $628 $-1 #
-1411 coedge $-1 -1 -1 $-1 $965 $1634 $1917 $1918 forward $628 $-1 #
-1412 coedge $-1 -1 -1 $-1 $1919 $1920 $1426 $1413 reversed $1921 $-1 #
-1413 edge $-1 -1 -1 $-1 $1922 -1 $1428 0.95999999999999996 $965 $1923 forward @7 unknown T 0 3.8399999999999999 1.3999999999999999 0 3.8399999999999999 3.3599999999999999 #
-1414 cface $-1 -1 $1924 $966 $1381 0 #
-1415 cell3d-cell $-1 -1 $1198 $2 $-1 1 $966 #
-1416 cface $-1 -1 $-1 $1005 $1575 0 #
-1417 cface $-1 -1 $1925 $378 $633 1 #
-1418 cface_ptr-ct-attrib $-1 -1 $-1 $-1 $969 1 1 1 1 1 1 1 1 1 1 1 1 0 1 0 1 1 1 $1926 $1927 #
-1419 face $1928 -1 -1 $-1 $168 $1929 $6 $-1 $971 forward double in T 3.8399999999999999 3.3999999999999995 3.3599999999999999 4.7999999999999998 3.4000000000000004 4.7999999999999998 F #
-1420 loop $-1 -1 -1 $-1 $-1 $1834 $969 T 1.9200000000000002 3.3999999999999995 3.3599999999999999 2.8799999999999999 3.4000000000000004 4.7999999999999998 periphery $971 F #
-1421 coedge $-1 -1 -1 $-1 $1930 $1931 $1932 $1933 forward $970 $-1 #
-1422 coedge $-1 -1 -1 $-1 $973 $972 $789 $1170 forward $389 $-1 #
-1423 edge $-1 -1 -1 $-1 $1428 0.43999999999999995 $1643 1.4000000000560395 $1410 $1934 forward @7 unknown T 0 3.8399999999999999 3.3599999999999999 0 4.8000000000560394 3.3600000000000003 #
-1424 coedge $-1 -1 -1 $-1 $1173 $1896 $787 $1165 reversed $1121 $-1 #
-1425 coedge $-1 -1 -1 $-1 $1935 $974 $1936 $1897 reversed $1300 $-1 #
-1426 coedge $-1 -1 -1 $-1 $974 $1935 $965 $1413 forward $1300 $-1 #
-1427 vertex $-1 -1 -1 $-1 $1937 $1938 #
-1428 vertex $-1 -1 -1 $-1 $1423 $1939 #
-1429 straight-curve $-1 -1 -1 $-1 0.23999999999999996 3.8399999999999999 3.3599999999999999 -1 2.312964634635743e-16 5.5026569837432678e-32 I I #
-1430 coedge $-1 -1 -1 $-1 $1471 $976 $1050 $1505 reversed $1000 $-1 #
-1431 face $1940 -1 -1 $-1 $1456 $1698 $6 $-1 $1451 forward single T 2.8799999999999999 0.95999999999999996 3.3599999999999999 3.8399999999999999 0.95999999999999996 4.7999999999999998 F #
-1432 cface_ptr-ct-attrib $-1 -1 $-1 $-1 $978 1 1 1 1 1 1 1 1 1 1 1 1 0 1 0 1 1 1 $-1 $637 #
-1433 face $1941 -1 -1 $-1 $1942 $1943 $6 $-1 $1910 forward single T 2.8799999999999999 2.8799999999999999 3.3599999999999999 3.8399999999999999 2.8799999999999999 4.7999999999999998 F #
-1434 loop $-1 -1 -1 $-1 $-1 $1944 $978 T 2.8799999999999999 0.95999999999999996 3.3599999999999999 2.8799999999999999 1.4399999999999999 4.7999999999999998 periphery $955 F #
-1435 cface $-1 -1 $1945 $378 $638 0 #
-1436 cface_ptr-ct-attrib $-1 -1 $-1 $-1 $980 1 1 1 1 1 1 1 1 1 1 1 1 0 1 0 1 1 1 $1267 $1946 #
-1437 loop $-1 -1 -1 $-1 $-1 $1668 $980 T 3.8399999999999999 0.95999999999999985 3.3599999999999999 4.7999999999999998 1.4399999999999999 3.3599999999999999 periphery $156 F #
-1438 coedge $-1 -1 -1 $-1 $1947 $1948 $1550 $1949 forward $981 $-1 #
-1439 cface $-1 -1 $1715 $806 $647 0 #
-1440 cface $-1 -1 $1950 $804 $640 0 #
-1441 cface_ptr-ct-attrib $-1 -1 $-1 $-1 $984 1 1 1 1 1 1 1 1 1 1 1 1 0 1 0 1 1 1 $-1 $803 #
-1442 loop $-1 -1 -1 $-1 $-1 $1211 $984 T 3.8399999999999999 0 1.4000000000000001 4.7999999999999998 3.2760016921429269e-11 3.3600000000000003 periphery $375 F #
-1443 cface $-1 -1 $-1 $230 $1951 0 #
-1444 cface_ptr-ct-attrib $-1 -1 $-1 $-1 $988 1 1 1 1 1 1 1 1 1 1 1 1 0 1 0 1 1 1 $-1 $1447 #
-1445 cface_ptr-ct-attrib $-1 -1 $-1 $-1 $991 1 1 1 1 1 1 1 1 1 1 1 1 0 1 0 1 1 1 $-1 $1952 #
-1446 coedge $-1 -1 -1 $-1 $1492 $1953 $815 $1212 reversed $992 $-1 #
-1447 cface $-1 -1 $808 $399 $988 0 #
-1448 face $1954 -1 -1 $-1 $1294 $1485 $6 $-1 $1517 reversed single T 1.4399999999999999 0 1.3999999999999999 3.3999999999999999 1.4399999999999999 1.3999999999999999 F #
-1449 cface_ptr-ct-attrib $-1 -1 $-1 $-1 $994 1 1 1 1 1 1 1 1 1 1 1 1 0 1 0 1 1 1 $-1 $649 #
-1450 loop $-1 -1 -1 $-1 $-1 $1955 $994 T 2.8799999999999999 0.95999999999999996 0 3.8399999999999999 0.95999999999999996 1.3999999999999999 periphery $1451 F #
-1451 plane-surface $-1 -1 -1 $-1 3.3599999999999999 0.95999999999999996 0 0 1 -0 -1 0 0 forward_v I I I I #
-1452 cface_ptr-ct-attrib $-1 -1 $-1 $-1 $996 1 1 1 1 1 1 1 1 1 1 1 1 0 1 0 1 1 1 $-1 $925 #
-1453 face $1956 -1 -1 $-1 $686 $1224 $6 $-1 $375 forward single T 3.8399999999999999 0 3.3599999999999999 4.7999999999999998 3.2760016921429269e-11 4.7999999999999998 F #
-1454 loop $-1 -1 -1 $-1 $-1 $1860 $996 T 4.7999999999999998 0 0 4.7999999999999998 0.96000000000000019 1.4000000000000001 periphery $308 F #
-1455 cface $-1 -1 $1358 $399 $741 0 #
-1456 face $1957 -1 -1 $-1 $643 $1015 $6 $-1 $475 forward single T 0.95999999999999996 0.95999999999999996 0 1.9199999999999999 0.95999999999999996 1.3999999999999999 F #
-1457 cface_ptr-ct-attrib $-1 -1 $-1 $-1 $998 1 1 1 1 1 1 1 1 1 1 1 1 0 1 0 1 1 1 $-1 $651 #
-1458 face $1958 -1 -1 $-1 $1869 $1959 $6 $-1 $1106 forward single T 1.9199999999999999 1.4399999999999999 0 1.9199999999999999 1.9199999999999999 1.3999999999999999 F #
-1459 loop $-1 -1 -1 $-1 $-1 $1846 $998 T 2.8799999999999999 0.95999999999999996 0 2.8799999999999999 1.4399999999999999 1.3999999999999999 periphery $955 F #
-1460 cface_ptr-ct-attrib $-1 -1 $-1 $-1 $1001 1 1 1 1 1 1 1 1 1 1 1 1 0 1 0 1 1 1 $-1 $653 #
-1461 cface_ptr-ct-attrib $-1 -1 $-1 $-1 $1003 1 1 1 1 1 1 1 1 1 1 1 1 0 1 0 1 1 1 $-1 $654 #
-1462 cface $-1 -1 $967 $1005 $1419 0 #
-1463 cface $-1 -1 $655 $1005 $1148 0 #
-1464 cell3d-cell $-1 -1 $1466 $2 $-1 1 $1005 #
-1465 cface $-1 -1 $1526 $1006 $941 0 #
-1466 cell3d-cell $-1 -1 $1253 $2 $-1 1 $1006 #
-1467 coedge $-1 -1 -1 $-1 $1010 $1009 $1960 $1507 forward $1012 $-1 #
-1468 coedge $-1 -1 -1 $-1 $1011 $1024 $1067 $1524 forward $1025 $-1 #
-1469 coedge $-1 -1 -1 $-1 $1014 $1032 $1961 $1962 reversed $1015 $-1 #
-1470 coedge $-1 -1 -1 $-1 $1489 $1016 $1206 $1672 reversed $1018 $-1 #
-1471 coedge $-1 -1 -1 $-1 $1017 $1430 $1024 $1026 reversed $1000 $-1 #
-1472 coedge $-1 -1 -1 $-1 $1963 $1020 $1964 $1965 forward $666 $-1 #
-1473 coedge $-1 -1 -1 $-1 $1961 $1559 $1020 $1474 forward $1105 $-1 #
-1474 edge $-1 -1 -1 $-1 $1966 0.47999999999999998 $1475 0.95999999999999996 $1473 $1967 forward @7 unknown T 1.9199999999999999 0.95999999999999996 0 1.9199999999999999 1.4399999999999999 0 #
-1475 vertex $-1 -1 -1 $-1 $1021 $1968 #
-1476 straight-curve $-1 -1 -1 $-1 1.9199999999999999 0.95999999999999996 0 -1 0 0 I I #
-1477 coedge $-1 -1 -1 $-1 $1022 $1963 $1969 $1970 reversed $666 $-1 #
-1478 vertex $-1 -1 -1 $-1 $1023 $1971 #
-1479 straight-curve $-1 -1 -1 $-1 4.7999999999999998 0 0 -1 0 0 I I #
-1480 vertex $-1 -1 -1 $-1 $1026 $1972 #
-1481 coedge $-1 -1 -1 $-1 $1484 $1047 $1029 $1045 reversed $1501 $-1 #
-1482 coedge $-1 -1 -1 $-1 $1973 $1030 $1035 $1490 reversed $1485 $-1 #
-1483 coedge $-1 -1 -1 $-1 $1030 $1974 $1032 $1487 reversed $1485 $-1 #
-1484 coedge $-1 -1 -1 $-1 $1051 $1481 $675 $1031 reversed $1501 $-1 #
-1485 loop $-1 -1 -1 $-1 $-1 $1975 $1448 T 1.4399999999999999 0 1.3999999999999999 3.3999999999999999 1.4399999999999999 1.3999999999999999 periphery $1517 T #
-1486 straight-curve $-1 -1 -1 $-1 1.4399999999999999 4.7999999999999998 1.3999999999999999 0 -1 0 I I #
-1487 edge $-1 -1 -1 $-1 $1033 -0.48999999999999999 $1976 -0.010000000000000009 $1032 $1977 forward @7 unknown T 1.4399999999999999 0.95999999999999996 1.3999999999999999 1.9199999999999999 0.95999999999999996 1.3999999999999999 #
-1488 point $-1 -1 -1 $-1 1.4399999999999999 0.95999999999999996 1.3999999999999999 #
-1489 coedge $-1 -1 -1 $-1 $1035 $1470 $1953 $1685 forward $1018 $-1 #
-1490 edge $-1 -1 -1 $-1 $1978 -0.98999999999999977 $1036 0.9700000000000002 $1035 $1979 forward @7 unknown T 1.4399999999999999 0 1.3999999999999999 3.3999999999999999 0 1.3999999999999999 #
-1491 point $-1 -1 -1 $-1 1.4399999999999999 0 1.3999999999999999 #
-1492 coedge $-1 -1 -1 $-1 $1980 $1446 $824 $1229 reversed $992 $-1 #
-1493 coedge $-1 -1 -1 $-1 $1039 $1981 $1982 $1695 forward $1099 $-1 #
-1494 vertex $-1 -1 -1 $-1 $1040 $1983 #
-1495 straight-curve $-1 -1 -1 $-1 2.4100000000000001 0 3.3599999999999999 1 0 0 I I #
-1496 integer_attrib-name_attrib-gen-attrib $-1 -1 $-1 $-1 $1041 2 4 2 1 1 1 1 1 1 1 1 1 1 1 0 1 1 1 @16 SKETCH_ENTITY_ID 300032 #
-1497 point $-1 -1 -1 $-1 3.8399999999999999 0 4.7999999999999998 #
-1498 cface_ptr-ct-attrib $-1 -1 $-1 $-1 $1044 1 1 1 1 1 1 1 1 1 1 1 1 0 1 0 1 1 1 $-1 $1199 #
-1499 loop $-1 -1 -1 $-1 $-1 $1671 $1044 T 3.8399999999999999 0 0 4.7999999999999998 3.2760016921429269e-11 1.4000000000000001 periphery $375 F #
-1500 straight-curve $-1 -1 -1 $-1 1.4399999999999999 0 1.1899999999999999 0 0 1 I I #
-1501 loop $-1 -1 -1 $-1 $-1 $1481 $1951 T 1.4399999999999999 0 1.3999999999999999 1.4399999999999999 0.95999999999999996 3.3599999999999999 periphery $1718 T #
-1502 straight-curve $-1 -1 -1 $-1 1.4399999999999999 4.7999999999999998 3.3599999999999999 0 -1 0 I I #
-1503 vertex $-1 -1 -1 $-1 $1984 $1985 #
-1504 straight-curve $-1 -1 -1 $-1 0 1.4399999999999999 1.3999999999999999 -0 -7.9301644612908309e-17 1 F -1.4000000000560395 F -0 #
-1505 edge $-1 -1 -1 $-1 $1480 0 $453 1.4000000000000001 $1050 $743 forward @7 unknown T 0 0 0 0 3.2760016921429269e-11 1.4000000000000001 #
-1506 straight-curve $-1 -1 -1 $-1 1.4399999999999999 0.95999999999999996 1.1899999999999999 -0 0 -1 I I #
-1507 edge $-1 -1 -1 $-1 $1503 -1.2 $1062 -0.23999999999999999 $1467 $1986 forward @7 unknown T 0 1.4399999999999999 -5.6039617390979402e-11 0.95999999999999996 1.4399999999999999 0 #
-1508 coedge $-1 -1 -1 $-1 $1987 $1054 $1056 $1514 forward $1510 $-1 #
-1509 coedge $-1 -1 -1 $-1 $1054 $1987 $1988 $1984 reversed $1510 $-1 #
-1510 loop $-1 -1 -1 $-1 $-1 $1987 $1557 T 0 1.4399999999999999 -5.6039617390979402e-11 0 3.4000000000000004 1.3999999999999999 periphery $274 F #
-1511 coedge $-1 -1 -1 $-1 $1989 $1055 $1990 $1991 reversed $1057 $-1 #
-1512 edge $-1 -1 -1 $-1 $1992 0.010000000000000009 $445 0.48999999999999999 $1060 $1993 forward @7 unknown T 0.95999999999999996 1.4399999999999999 1.3999999999999999 0.95999999999999996 1.9199999999999999 1.3999999999999999 #
-1513 coedge $-1 -1 -1 $-1 $1056 $1994 $1995 $1996 reversed $1057 $-1 #
-1514 edge $-1 -1 -1 $-1 $439 -0.9700000000000002 $1997 0.98999999999999977 $1508 $1998 forward @7 unknown T 0 1.4399999999999999 1.3999999999999999 0 3.3999999999999999 1.3999999999999999 #
-1515 coedge $-1 -1 -1 $-1 $1999 $2000 $1844 $2001 reversed $1057 $-1 #
-1516 face $2002 -1 -1 $-1 $1951 $1057 $6 $-1 $1517 reversed single T 0 1.4399999999999999 1.3999999999999999 4.7999999999999998 3.3999999999999999 1.3999999999999999 F #
-1517 plane-surface $-1 -1 -1 $-1 2.4199999999999999 4.7999999999999998 1.3999999999999999 -0 -0 -1 1 -0 -0 forward_v I I I I #
-1518 straight-curve $-1 -1 -1 $-1 0.95999999999999996 0.95999999999999996 0 0 1 0 I I #
-1519 coedge $-1 -1 -1 $-1 $1060 $1059 $2003 $2004 forward $1061 $-1 #
-1520 coedge $-1 -1 -1 $-1 $1960 $2005 $1059 $1521 reversed $1578 $-1 #
-1521 edge $-1 -1 -1 $-1 $1062 0.47999999999999998 $2006 0.95999999999999996 $1059 $1518 forward @7 unknown T 0.95999999999999996 1.4399999999999999 0 0.95999999999999996 1.9199999999999999 0 #
-1522 point $-1 -1 -1 $-1 0.95999999999999996 1.4399999999999999 0 #
-1523 straight-curve $-1 -1 -1 $-1 0 0 0 0 1 0 I I #
-1524 edge $-1 -1 -1 $-1 $1480 0 $713 0.96000000000000019 $1067 $1523 forward @7 unknown T 0 0 0 0 0.96000000000000019 0 #
-1525 cface $-1 -1 $-1 $384 $930 1 #
-1526 cface $-1 -1 $2007 $1006 $717 0 #
-1527 coedge $-1 -1 -1 $-1 $1319 $2008 $910 $1329 reversed $1072 $-1 #
-1528 coedge $-1 -1 -1 $-1 $2009 $1073 $2010 $2011 reversed $1075 $-1 #
-1529 edge $-1 -1 -1 $-1 $2012 -0.95999999999999996 $721 -0.47999999999999998 $1112 $722 forward @7 unknown T 0.95999999999999996 1.4399999999999999 4.7999999999999998 0.95999999999999996 1.9199999999999999 4.7999999999999998 #
-1530 coedge $-1 -1 -1 $-1 $1074 $2013 $2014 $2015 forward $1075 $-1 #
-1531 coedge $-1 -1 -1 $-1 $2016 $2017 $2018 $1888 reversed $1075 $-1 #
-1532 face $2019 -1 -1 $-1 $172 $1075 $6 $-1 $211 forward single T 0 1.4399999999999999 4.7999999999672402 4.7999999999999998 3.4000000000000004 4.7999999999999998 F #
-1533 coedge $-1 -1 -1 $-1 $1079 $1078 $2020 $2021 forward $1080 $-1 #
-1534 edge $-1 -1 -1 $-1 $2022 -0.98999999999999977 $291 0.9700000000000002 $1079 $2023 forward @7 unknown T 0 1.4399999999999999 3.3599999999999999 0 3.3999999999999999 3.3599999999999999 #
-1535 face $2024 -1 -1 $-1 $273 $1080 $6 $-1 $274 forward single T 0 1.4399999999999999 3.3599999999999999 0 3.4000000000000004 4.7999999999999998 F #
-1536 edge $-1 -1 -1 $-1 $1081 3.4000000000000004 $2025 3.8399999999999999 $2026 $461 forward @7 unknown T 0 3.4000000000000004 4.7999999999672402 0 3.8399999999999999 4.7999999999999998 #
-1537 point $-1 -1 -1 $-1 0 3.4000000000000004 4.7999999999672402 #
-1538 cface $-1 -1 $631 $966 $1666 1 #
-1539 coedge $-1 -1 -1 $-1 $2027 $1085 $2028 $2029 forward $729 $-1 #
-1540 coedge $-1 -1 -1 $-1 $1085 $2027 $972 $1423 reversed $729 $-1 #
-1541 coedge $-1 -1 -1 $-1 $2030 $2026 $2031 $1542 reversed $1379 $-1 #
-1542 edge $-1 -1 -1 $-1 $1428 0.95999999999999996 $2025 2.3999999999999999 $1085 $2032 forward @7 unknown T 0 3.8399999999999999 3.3599999999999999 0 3.8399999999999999 4.7999999999999998 #
-1543 coedge $-1 -1 -1 $-1 $1089 $1086 $2033 $2034 reversed $468 $-1 #
-1544 coedge $-1 -1 -1 $-1 $1689 $2035 $1086 $1545 forward $1698 $-1 #
-1545 edge $-1 -1 -1 $-1 $2036 -0.95999999999999996 $1220 0 $1544 $2037 forward @7 unknown T 2.8799999999999999 0.95999999999999996 4.7999999999999998 3.8399999999999999 0.95999999999999996 4.7999999999999998 #
-1546 coedge $-1 -1 -1 $-1 $1388 $1087 $1223 $1694 reversed $1189 $-1 #
-1547 straight-curve $-1 -1 -1 $-1 3.8399999999999999 0.95999999999999996 4.7999999999999998 -0 1 -0 F -0.95999999999999996 F -0 #
-1548 coedge $-1 -1 -1 $-1 $2038 $2009 $1948 $1549 reversed $1075 $-1 #
-1549 edge $-1 -1 -1 $-1 $2039 -1.6799999999999999 $1551 -0.71999999999999997 $1089 $2040 forward @7 unknown T 1.9199999999999999 1.4399999999999999 4.7999999999672402 2.8799999999999999 1.4399999999999999 4.7999999999999998 #
-1550 coedge $-1 -1 -1 $-1 $1092 $1090 $2041 $1949 forward $1093 $-1 #
-1551 vertex $-1 -1 -1 $-1 $2042 $2043 #
-1552 straight-curve $-1 -1 -1 $-1 1.9199999999999999 1.9199999999999999 4.7999999999999998 0 1 0 I I #
-1553 edge $-1 -1 -1 $-1 $2044 1.6800000000000002 $1094 2.1600000000000001 $1092 $2045 forward @7 unknown T 1.9199999999999999 0.95999999999999996 3.3599999999999999 1.9199999999999999 1.4399999999999999 3.3599999999999999 #
-1554 point $-1 -1 -1 $-1 1.9199999999999999 0.95999999999999996 3.3599999999999999 #
-1555 coedge $-1 -1 -1 $-1 $2046 $1097 $1563 $2047 forward $1099 $-1 #
-1556 cface_ptr-ct-attrib $-1 -1 $-1 $-1 $1104 1 1 1 1 1 1 1 1 1 1 1 1 0 1 0 1 1 1 $-1 $1352 #
-1557 face $2048 -1 -1 $-1 $1798 $1510 $6 $-1 $274 forward single T 0 1.4399999999999999 -5.6039617390979402e-11 0 3.4000000000000004 1.3999999999999999 F #
-1558 loop $-1 -1 -1 $-1 $-1 $2041 $1104 T 1.9199999999999999 1.4399999999999997 3.3599999999999999 1.9199999999999999 1.9199999999999999 4.7999999999999998 periphery $1106 F #
-1559 coedge $-1 -1 -1 $-1 $1473 $2049 $2050 $2051 forward $1105 $-1 #
-1560 coedge $-1 -1 -1 $-1 $2052 $1107 $2053 $2054 forward $1109 $-1 #
-1561 coedge $-1 -1 -1 $-1 $1108 $2055 $1892 $2056 reversed $1109 $-1 #
-1562 edge $-1 -1 -1 $-1 $489 -0.48999999999999999 $2057 -0.010000000000000009 $1111 $2058 forward @7 unknown T 0.95999999999999996 1.4399999999999999 3.3599999999999999 0.95999999999999996 1.9199999999999999 3.3599999999999999 #
-1563 coedge $-1 -1 -1 $-1 $2059 $2060 $1947 $2047 reversed $1109 $-1 #
-1564 coedge $-1 -1 -1 $-1 $1112 $1111 $2061 $2062 forward $1113 $-1 #
-1565 cface $-1 -1 $2063 $1115 $1118 1 #
-1566 cface $-1 -1 $2064 $752 $1134 1 #
-1567 cface $-1 -1 $2065 $492 $963 0 #
-1568 face $2066 -1 -1 $-1 $2067 $2068 $6 $-1 $176 reversed single T 0 3.3999999999999999 -5.6039617390979402e-11 0.96000000000000008 3.8400000000000003 0 F #
-1569 cface_ptr-ct-attrib $-1 -1 $-1 $-1 $1118 1 1 1 1 1 1 1 1 1 1 1 1 0 1 0 1 1 1 $1565 $753 #
-1570 loop $-1 -1 -1 $-1 $-1 $2069 $1118 T 0 3.8399999999999999 0 0.96000000000000008 3.8400000000000003 1.3999999999999999 periphery $1301 F #
-1571 cface $-1 -1 $951 $296 $885 1 #
-1572 cface $-1 -1 $511 $782 $755 1 #
-1573 cface $-1 -1 $-1 $87 $1913 0 #
-1574 cface_ptr-ct-attrib $-1 -1 $-1 $-1 $1125 1 1 1 1 1 1 1 1 1 1 1 1 0 1 0 1 1 1 $-1 $758 #
-1575 face $2070 -1 -1 $-1 $2071 $1792 $6 $-1 $1124 forward single T 3.8399999999999999 3.3999999999999995 3.3599999999999999 3.8399999999999999 3.8399999999999999 4.7999999999999998 F #
-1576 cface_ptr-ct-attrib $-1 -1 $-1 $-1 $1127 1 1 1 1 1 1 1 1 1 1 1 1 0 1 0 1 1 1 $-1 $2072 #
-1577 face $2073 -1 -1 $-1 $2074 $2075 $6 $-1 $2076 forward single T 0.96000000000000008 2.8799999999999999 0 0.96000000000000008 3.3999999999999999 1.3999999999999999 F #
-1578 loop $-1 -1 -1 $-1 $-1 $1964 $1127 T 0 1.4399999999999999 -5.6039617390979402e-11 4.7999999999999998 3.4000000000000004 0 periphery $176 T #
-1579 cface $-1 -1 $2077 $365 $1402 0 #
-1580 face $2078 -1 -1 $-1 $2079 $1599 $6 $-1 $1124 forward single T 3.8399999999999999 2.8799999999999999 0 3.8399999999999999 3.3999999999999999 1.3999999999999999 F #
-1581 cface $-1 -1 $2080 $365 $2081 0 #
-1582 cface $-1 -1 $-1 $164 $1265 0 #
-1583 cface $-1 -1 $2082 $365 $766 1 #
-1584 cface $-1 -1 $-1 $492 $766 0 #
-1585 cface_ptr-ct-attrib $-1 -1 $-1 $-1 $1134 1 1 1 1 1 1 1 1 1 1 1 1 0 1 0 1 1 1 $1566 $2065 #
-1586 face $2083 -1 -1 $-1 $802 $2084 $6 $-1 $955 forward single T 2.8799999999999999 1.4399999999999997 3.3599999999999999 2.8799999999999999 1.9199999999999999 4.7999999999999998 F #
-1587 loop $-1 -1 -1 $-1 $-1 $2085 $1134 T 0 3.3999999999999999 1.3999999999999999 0.96000000000000008 3.8399999999999999 1.3999999999999999 periphery $102 F #
-1588 coedge $-1 -1 -1 $-1 $1995 $2086 $2087 $2088 forward $1135 $-1 #
-1589 coedge $-1 -1 -1 $-1 $2089 $1136 $2090 $2091 forward $767 $-1 #
-1590 coedge $-1 -1 -1 $-1 $1136 $2089 $2092 $2093 forward $767 $-1 #
-1591 coedge $-1 -1 -1 $-1 $2094 $2095 $1250 $1592 forward $2096 $-1 #
-1592 edge $-1 -1 -1 $-1 $2097 -0.34999999998599007 $2098 1.0500000000140099 $1591 $2099 forward @7 unknown T 2.8799999999999999 3.3999999999999999 0 2.8799999999999999 3.3999999999999999 1.3999999999999999 #
-1593 coedge $-1 -1 -1 $-1 $1138 $1137 $1610 $1704 forward $501 $-1 #
-1594 coedge $-1 -1 -1 $-1 $1611 $2100 $1654 $1595 forward $1578 $-1 #
-1595 edge $-1 -1 -1 $-1 $1600 2.6399999999999997 $1656 3.5999999999999996 $1594 $2101 forward @7 unknown T 3.8399999999999999 3.3999999999999999 -5.6039617390979402e-11 4.7999999999999998 3.4000000000000004 0 #
-1596 coedge $-1 -1 -1 $-1 $2102 $1139 $2100 $2103 forward $1599 $-1 #
-1597 coedge $-1 -1 -1 $-1 $1139 $2102 $2104 $2105 forward $1599 $-1 #
-1598 coedge $-1 -1 -1 $-1 $1239 $1311 $768 $1140 reversed $1312 $-1 #
-1599 loop $-1 -1 -1 $-1 $-1 $1139 $1580 T 3.8399999999999999 2.8799999999999999 0 3.8399999999999999 3.3999999999999999 1.3999999999999999 periphery $1124 F #
-1600 vertex $-1 -1 -1 $-1 $2103 $2106 #
-1601 straight-curve $-1 -1 -1 $-1 3.8399999999999999 3.3999999999999999 0.34999999998599007 0 1.5860328922581662e-16 -1 I I #
-1602 coedge $-1 -1 -1 $-1 $1328 $2107 $1145 $1143 reversed $1608 $-1 #
-1603 vertex $-1 -1 -1 $-1 $2108 $2109 #
-1604 coedge $-1 -1 -1 $-1 $1146 $1145 $2110 $2111 reversed $634 $-1 #
-1605 cface $-1 -1 $1270 $1357 $777 0 #
-1606 cface_ptr-ct-attrib $-1 -1 $-1 $-1 $1148 1 1 1 1 1 1 1 1 1 1 1 1 0 1 0 1 1 1 $-1 $1463 #
-1607 face $2112 -1 -1 $-1 $1905 $2113 $6 $-1 $308 forward single T 4.7999999999999998 0 1.3999999999999999 4.7999999999999998 0.96000000000000019 3.3600000000000003 F #
-1608 loop $-1 -1 -1 $-1 $-1 $1328 $1148 T 4.7999999999999998 3.3999999999999999 3.3599999999999999 4.7999999999999998 3.8399999999999999 4.7999999999999998 periphery $308 F #
-1609 coedge $-1 -1 -1 $-1 $2114 $2115 $1369 $1865 reversed $1149 $-1 #
-1610 coedge $-1 -1 -1 $-1 $1151 $1150 $1235 $1704 forward $509 $-1 #
-1611 coedge $-1 -1 -1 $-1 $2116 $1594 $1150 $1612 forward $1578 $-1 #
-1612 edge $-1 -1 -1 $-1 $1656 1.3999999999999999 $1616 3.3599999999999999 $1150 $1181 forward @7 unknown T 4.7999999999999998 1.4399999999999999 -5.6039617390979402e-11 4.7999999999999998 3.4000000000000004 0 #
-1613 coedge $-1 -1 -1 $-1 $1707 $1850 $1151 $1614 reversed $1057 $-1 #
-1614 edge $-1 -1 -1 $-1 $1243 -0.98999999999999977 $1617 0.9700000000000002 $1151 $2117 forward @7 unknown T 4.7999999999999998 1.4399999999999999 1.3999999999999999 4.7999999999999998 3.3999999999999999 1.3999999999999999 #
-1615 coedge $-1 -1 -1 $-1 $2115 $2114 $779 $1153 forward $1149 $-1 #
-1616 vertex $-1 -1 -1 $-1 $2118 $2119 #
-1617 vertex $-1 -1 -1 $-1 $2120 $2121 #
-1618 straight-curve $-1 -1 -1 $-1 4.7999999999999998 1.4399999999999999 0.34999999998598996 0 -7.9301644612908309e-17 1 I I #
-1619 coedge $-1 -1 -1 $-1 $1177 $1260 $1154 $1620 reversed $891 $-1 #
-1620 edge $-1 -1 -1 $-1 $1180 0 $1245 1.3999999999999999 $1154 $1796 forward @7 unknown T 4.7999999999999998 4.7999999999999998 0 4.7999999999999998 4.8000000000560394 1.4000000000000001 #
-1621 cface $-1 -1 $2122 $849 $2123 0 #
-1622 cface $-1 -1 $2124 $752 $2125 0 #
-1623 cface $-1 -1 $-1 $1115 $785 0 #
-1624 coedge $-1 -1 -1 $-1 $2126 $1167 $1306 $1781 forward $1160 $-1 #
-1625 coedge $-1 -1 -1 $-1 $2127 $1161 $2128 $2129 forward $786 $-1 #
-1626 coedge $-1 -1 -1 $-1 $1161 $2127 $1920 $2130 forward $786 $-1 #
-1627 coedge $-1 -1 -1 $-1 $2031 $2131 $635 $975 forward $2132 $-1 #
-1628 coedge $-1 -1 -1 $-1 $1163 $1162 $2133 $2134 forward $514 $-1 #
-1629 edge $-1 -1 -1 $-1 $1174 -0.23999999999999999 $2135 0.23999999999999999 $1171 $1644 forward @7 unknown T 0.95999999999999996 4.7999999999999998 3.3599999999999999 1.4399999999999999 4.8000000000560394 3.3600000000000003 #
-1630 coedge $-1 -1 -1 $-1 $2136 $1164 $2131 $1937 forward $1632 $-1 #
-1631 coedge $-1 -1 -1 $-1 $1164 $2136 $1641 $2137 forward $1632 $-1 #
-1632 loop $-1 -1 -1 $-1 $-1 $1164 $1725 T 0.95999999999999996 3.8399999999999999 3.3599999999999999 0.96000000000000008 4.8000000000560394 4.7999999999999998 periphery $889 F #
-1633 straight-curve $-1 -1 -1 $-1 0.95999999999999996 4.2100000000140101 3.3599999999999999 -0 -1 -2.3790493383872484e-16 I I #
-1634 coedge $-1 -1 -1 $-1 $1411 $1410 $1166 $1635 reversed $628 $-1 #
-1635 edge $-1 -1 -1 $-1 $1638 1.4000000000000001 $1643 3.3600000000000003 $1166 $2138 forward @7 unknown T 0 4.7999999999999998 1.4000000000000001 0 4.8000000000560394 3.3600000000000003 #
-1636 coedge $-1 -1 -1 $-1 $1167 $2126 $2139 $2140 forward $1160 $-1 #
-1637 coedge $-1 -1 -1 $-1 $2141 $1777 $788 $1168 forward $1773 $-1 #
-1638 vertex $-1 -1 -1 $-1 $1635 $2142 #
-1639 straight-curve $-1 -1 -1 $-1 1.2 4.8000000000560394 1.4000000000000001 -1 0 0 I I #
-1640 coedge $-1 -1 -1 $-1 $2143 $1169 $2027 $2144 forward $1642 $-1 #
-1641 coedge $-1 -1 -1 $-1 $1169 $2143 $1811 $2137 forward $1642 $-1 #
-1642 loop $-1 -1 -1 $-1 $-1 $1641 $1877 T 0 4.7999999999999998 3.3600000000000003 0.95999999999999996 4.8000000000560394 4.7999999999999998 periphery $186 F #
-1643 vertex $-1 -1 -1 $-1 $2144 $2145 #
-1644 straight-curve $-1 -1 -1 $-1 1.2 4.8000000000560394 3.3600000000000003 1 -0 0 I I #
-1645 coedge $-1 -1 -1 $-1 $1172 $1171 $2146 $2147 forward $883 $-1 #
-1646 coedge $-1 -1 -1 $-1 $1811 $1257 $1162 $1629 reversed $1258 $-1 #
-1647 coedge $-1 -1 -1 $-1 $1256 $1306 $2148 $1648 reversed $895 $-1 #
-1648 edge $-1 -1 -1 $-1 $2149 -0.23999999999999999 $1175 0.23999999999999999 $1172 $1639 forward @7 unknown T 0.95999999999999996 4.7999999999999998 1.3999999999999999 1.4399999999999999 4.8000000000560394 1.4000000000000001 #
-1649 coedge $-1 -1 -1 $-1 $1896 $1173 $1774 $1778 reversed $1121 $-1 #
-1650 point $-1 -1 -1 $-1 0.95999999999999996 4.8000000000560394 3.3600000000000003 #
-1651 point $-1 -1 -1 $-1 0.95999999999999996 4.8000000000560394 1.4000000000000001 #
-1652 straight-curve $-1 -1 -1 $-1 0 4.7999999999999998 0 1 0 0 I I #
-1653 point $-1 -1 -1 $-1 4.7999999999999998 4.7999999999999998 0 #
-1654 coedge $-1 -1 -1 $-1 $1183 $1182 $1137 $1595 reversed $1128 $-1 #
-1655 straight-curve $-1 -1 -1 $-1 3.8399999999999999 3.8399999999999999 0 0 -1 0 I I #
-1656 vertex $-1 -1 -1 $-1 $1612 $2150 #
-1657 cface $-1 -1 $2151 $521 $2152 0 #
-1658 cface_ptr-ct-attrib $-1 -1 $-1 $-1 $1192 1 1 1 1 1 1 1 1 1 1 1 1 0 1 0 1 1 1 $-1 $801 #
-1659 face $2153 -1 -1 $-1 $978 $2154 $6 $-1 $1451 forward single T 3.3999999999999999 0.95999999999999996 1.3999999999999999 3.8399999999999999 0.95999999999999996 3.3599999999999999 F #
-1660 cface_ptr-ct-attrib $-1 -1 $-1 $-1 $1197 1 1 1 1 1 1 1 1 1 1 1 1 0 1 0 1 1 1 $1200 $805 #
-1661 face $2155 -1 -1 $-1 $939 $1867 $6 $-1 $226 forward double in T 3.8399999999999999 0.95999999999999985 1.3999999999999999 4.7999999999999998 1.4399999999999999 1.3999999999999999 F #
-1662 loop $-1 -1 -1 $-1 $-1 $1684 $1197 T 3.3999999999999999 0 1.3999999999999999 3.8399999999999999 0.95999999999999996 1.4000000000000001 periphery $226 F #
-1663 cell3d-cell $-1 -1 $1841 $2 $-1 1 $1269 #
-1664 cface $-1 -1 $1946 $1269 $810 0 #
-1665 cface_ptr-ct-attrib $-1 -1 $-1 $-1 $1202 1 1 1 1 1 1 1 1 1 1 1 1 0 1 0 1 1 1 $1355 $1840 #
-1666 face $2156 -1 -1 $-1 $1725 $2132 $6 $-1 $1301 forward double in T 0 3.8399999999999999 3.3599999999999999 0.96000000000000008 3.8399999999999999 4.7999999999999998 F #
-1667 coedge $-1 -1 -1 $-1 $1276 $1209 $604 $935 forward $1203 $-1 #
-1668 coedge $-1 -1 -1 $-1 $1748 $2157 $1677 $1669 reversed $1437 $-1 #
-1669 edge $-1 -1 -1 $-1 $1282 -2.6399999999999997 $826 -1.6799999999999997 $1668 $2158 forward @7 unknown T 3.8399999999999999 0.95999999999999985 3.3599999999999999 4.7999999999999998 0.96000000000000019 3.3599999999999999 #
-1670 edge $-1 -1 -1 $-1 $1675 0 $1216 1.3999999999999999 $1864 $1221 forward @7 unknown T 3.8399999999999999 0.95999999999999996 0 3.8399999999999999 0.95999999999999996 1.3999999999999999 #
-1671 coedge $-1 -1 -1 $-1 $2159 $1682 $1470 $1672 forward $1499 $-1 #
-1672 edge $-1 -1 -1 $-1 $1215 0.99999999999999978 $1478 2.3999999999999999 $1671 $2160 forward @7 unknown T 3.8399999999999999 0 0 3.8399999999999999 3.2760016921429269e-11 1.4000000000000001 #
-1673 coedge $-1 -1 -1 $-1 $2161 $1207 $1273 $1744 forward $1272 $-1 #
-1674 coedge $-1 -1 -1 $-1 $1207 $2161 $2159 $2162 forward $1272 $-1 #
-1675 vertex $-1 -1 -1 $-1 $1970 $2163 #
-1676 straight-curve $-1 -1 -1 $-1 3.8399999999999999 1.4399999999999999 0 0 1 0 I I #
-1677 coedge $-1 -1 -1 $-1 $1209 $1276 $1234 $1669 forward $1203 $-1 #
-1678 coedge $-1 -1 -1 $-1 $2164 $2165 $2166 $1210 forward $2167 $-1 #
-1679 coedge $-1 -1 -1 $-1 $2168 $1211 $1213 $1683 reversed $1442 $-1 #
-1680 coedge $-1 -1 -1 $-1 $1211 $2168 $1233 $1231 reversed $1442 $-1 #
-1681 straight-curve $-1 -1 -1 $-1 3.8399999999999999 0 2.3999999999999999 0 0 -1 I I #
-1682 coedge $-1 -1 -1 $-1 $1671 $2169 $1679 $1683 forward $1499 $-1 #
-1683 edge $-1 -1 -1 $-1 $1862 -3.5999999999999996 $1215 -2.6399999999999997 $1682 $2170 forward @7 unknown T 3.8399999999999999 3.2760016921429269e-11 1.4000000000000001 4.7999999999999998 3.2760016921429269e-11 1.4000000000000001 #
-1684 coedge $-1 -1 -1 $-1 $2171 $2172 $528 $817 reversed $1662 $-1 #
-1685 edge $-1 -1 -1 $-1 $1215 -2.6399999999999997 $1978 -2.2000000000000002 $1489 $2170 forward @7 unknown T 3.3999999999999999 0 1.3999999999999999 3.8399999999999999 3.2760016921429269e-11 1.4000000000000001 #
-1686 point $-1 -1 -1 $-1 3.8399999999999999 3.2760016921429269e-11 1.4000000000000001 #
-1687 point $-1 -1 -1 $-1 3.8399999999999999 0.95999999999999996 1.3999999999999999 #
-1688 coedge $-1 -1 -1 $-1 $1219 $1889 $2164 $2173 forward $1690 $-1 #
-1689 coedge $-1 -1 -1 $-1 $1227 $1544 $529 $820 reversed $1698 $-1 #
-1690 loop $-1 -1 -1 $-1 $-1 $1889 $2174 T 3.8399999999999999 0.95999999999999996 3.3599999999999999 3.8399999999999999 1.4399999999999999 4.7999999999999998 periphery $1404 F #
-1691 integer_attrib-name_attrib-gen-attrib $-1 -1 $-1 $-1 $1220 2 4 2 1 1 1 1 1 1 1 1 1 1 1 0 1 1 1 @16 SKETCH_ENTITY_ID 300014 #
-1692 point $-1 -1 -1 $-1 3.8399999999999999 0.95999999999999996 4.7999999999999998 #
-1693 coedge $-1 -1 -1 $-1 $1223 $1222 $2175 $2176 forward $1224 $-1 #
-1694 edge $-1 -1 -1 $-1 $2177 0 $1041 0.95999999999999996 $1223 $1042 forward @7 unknown T 3.8399999999999999 0 4.7999999999999998 4.7999999999999998 0 4.7999999999999998 #
-1695 edge $-1 -1 -1 $-1 $1699 3.8399999999999999 $1494 4.7999999999999998 $1982 $1816 forward @7 unknown T 3.3999999999999999 0 3.3599999999999999 3.3999999999999999 0.95999999999999996 3.3599999999999999 #
-1696 coedge $-1 -1 -1 $-1 $2035 $1227 $1981 $2178 forward $1698 $-1 #
-1697 coedge $-1 -1 -1 $-1 $2166 $2179 $823 $1228 reversed $2154 $-1 #
-1698 loop $-1 -1 -1 $-1 $-1 $1227 $1431 T 2.8799999999999999 0.95999999999999996 3.3599999999999999 3.8399999999999999 0.95999999999999996 4.7999999999999998 periphery $1451 F #
-1699 vertex $-1 -1 -1 $-1 $2178 $2180 #
-1700 straight-curve $-1 -1 -1 $-1 1.6799999999999999 0.95999999999999996 3.3599999999999999 -1 0 -0 I I #
-1701 straight-curve $-1 -1 -1 $-1 1.2 3.2760016921429269e-11 3.3600000000000003 1 0 0 I I #
-1702 vertex $-1 -1 -1 $-1 $2176 $2181 #
-1703 coedge $-1 -1 -1 $-1 $1234 $1233 $1758 $2182 forward $985 $-1 #
-1704 edge $-1 -1 -1 $-1 $1656 -0.3500000000420298 $1243 1.0500000000140097 $1610 $2183 forward @7 unknown T 4.7999999999999998 3.3999999999999999 -5.6039617390979402e-11 4.7999999999999998 3.4000000000000004 1.3999999999999999 #
-1705 coedge $-1 -1 -1 $-1 $2184 $1236 $1242 $1712 reversed $1708 $-1 #
-1706 coedge $-1 -1 -1 $-1 $1236 $2184 $1238 $1710 reversed $1708 $-1 #
-1707 coedge $-1 -1 -1 $-1 $2104 $1613 $1138 $1237 reversed $1057 $-1 #
-1708 loop $-1 -1 -1 $-1 $-1 $1705 $1913 T 3.8399999999999999 3.3999999999999999 1.3999999999999999 4.7999999999999998 3.3999999999999999 3.3599999999999999 periphery $1915 T #
-1709 straight-curve $-1 -1 -1 $-1 0 3.3999999999999999 1.3999999999999999 1 0 0 I I #
-1710 edge $-1 -1 -1 $-1 $1240 0.20999999999999996 $1793 2.1699999999999999 $1238 $2185 forward @7 unknown T 3.8399999999999999 3.3999999999999999 1.3999999999999999 3.8399999999999999 3.3999999999999999 3.3599999999999999 #
-1711 point $-1 -1 -1 $-1 3.8399999999999999 3.3999999999999999 1.3999999999999999 #
-1712 edge $-1 -1 -1 $-1 $1603 -2.1699999999999999 $1243 -0.20999999999999996 $1242 $2186 forward @7 unknown T 4.7999999999999998 3.3999999999999999 1.3999999999999999 4.7999999999999998 3.3999999999999999 3.3599999999999999 #
-1713 point $-1 -1 -1 $-1 4.7999999999999998 3.3999999999999999 1.3999999999999999 #
-1714 point $-1 -1 -1 $-1 4.7999999999999998 4.8000000000560394 1.4000000000000001 #
-1715 cface $-1 -1 $-1 $806 $842 0 #
-1716 cface_ptr-ct-attrib $-1 -1 $-1 $-1 $1247 1 1 1 1 1 1 1 1 1 1 1 1 0 1 0 1 1 1 $-1 $1390 #
-1717 loop $-1 -1 -1 $-1 $-1 $1898 $1247 T 1.4399999999999999 3.8399999999999999 1.3999999999999999 1.4399999999999999 4.7999999999999998 3.3599999999999999 periphery $1718 T #
-1718 plane-surface $-1 -1 -1 $-1 1.4399999999999999 4.7999999999999998 2.3799999999999999 -1 0 0 -0 -0 -1 forward_v I I I I #
-1719 coedge $-1 -1 -1 $-1 $1982 $2187 $1980 $2188 reversed $1248 $-1 #
-1720 coedge $-1 -1 -1 $-1 $1254 $1249 $917 $1340 reversed $843 $-1 #
-1721 coedge $-1 -1 -1 $-1 $1783 $1250 $1779 $2189 forward $846 $-1 #
-1722 coedge $-1 -1 -1 $-1 $1250 $1783 $2190 $2191 forward $846 $-1 #
-1723 cface_ptr-ct-attrib $-1 -1 $-1 $-1 $1251 1 1 1 1 1 1 1 1 1 1 1 1 0 1 0 1 1 1 $-1 $848 #
-1724 face $2192 -1 -1 $-1 $1568 $1921 $6 $-1 $274 forward single T 0 3.3999999999999999 1.3999999999999999 0 3.8399999999999999 3.3599999999999999 F #
-1725 face $2193 -1 -1 $-1 $755 $1632 $6 $-1 $889 forward double in T 0.95999999999999996 3.8399999999999999 3.3599999999999999 0.96000000000000008 4.8000000000560394 4.7999999999999998 F #
-1726 straight-curve $-1 -1 -1 $-1 3.3999999999999999 4.7999999999999998 1.1899999999999999 0 0 1 I I #
-1727 coedge $-1 -1 -1 $-1 $2194 $1285 $1256 $1728 reversed $1765 $-1 #
-1728 edge $-1 -1 -1 $-1 $2149 -0.9700000000000002 $873 0.98999999999999977 $1256 $2195 forward @7 unknown T 1.4399999999999999 4.7999999999999998 1.3999999999999999 3.3999999999999999 4.7999999999999998 1.3999999999999999 #
-1729 coedge $-1 -1 -1 $-1 $1339 $2196 $1257 $1730 reversed $1345 $-1 #
-1730 edge $-1 -1 -1 $-1 $1259 -0.98999999999999977 $2135 0.9700000000000002 $1257 $2197 forward @7 unknown T 1.4399999999999999 4.7999999999999998 3.3599999999999999 3.3999999999999999 4.7999999999999998 3.3599999999999999 #
-1731 point $-1 -1 -1 $-1 3.3999999999999999 4.7999999999999998 3.3599999999999999 #
-1732 cface $-1 -1 $1132 $164 $1736 0 #
-1733 cface_ptr-ct-attrib $-1 -1 $-1 $-1 $1263 1 1 1 1 1 1 1 1 1 1 1 1 0 1 0 1 1 1 $-1 $856 #
-1734 cface $-1 -1 $1819 $849 $858 0 #
-1735 cface_ptr-ct-attrib $-1 -1 $-1 $-1 $1265 1 1 1 1 1 1 1 1 1 1 1 1 0 1 0 1 1 1 $-1 $1582 #
-1736 face $2198 -1 -1 $-1 $1448 $1765 $6 $-1 $1517 reversed single T 1.4399999999999999 3.3999999999999999 1.3999999999999999 3.3999999999999999 4.7999999999999998 1.3999999999999999 F #
-1737 loop $-1 -1 -1 $-1 $-1 $2199 $1265 T 1.9200000000000002 3.3999999999999999 0 1.9200000000000002 3.8399999999999999 1.3999999999999999 periphery $596 F #
-1738 cface $-1 -1 $2200 $861 $2174 0 #
-1739 face $2201 -1 -1 $-1 $958 $2202 $6 $-1 $1110 reversed single T 3.8399999999999999 1.4399999999999999 1.3999999999999999 4.7999999999999998 1.4399999999999999 3.3599999999999999 F #
-1740 cface $-1 -1 $927 $1357 $2203 0 #
-1741 coedge $-1 -1 -1 $-1 $1848 $1273 $1852 $2204 reversed $865 $-1 #
-1742 coedge $-1 -1 -1 $-1 $1273 $1848 $2114 $2118 forward $865 $-1 #
-1743 coedge $-1 -1 -1 $-1 $1369 $1368 $1673 $1744 forward $1371 $-1 #
-1744 edge $-1 -1 -1 $-1 $1675 0.47999999999999954 $2205 1.4399999999999995 $1673 $2206 forward @7 unknown T 3.8399999999999999 0.95999999999999985 0 4.7999999999999998 0.96000000000000008 0 #
-1745 coedge $-1 -1 -1 $-1 $1275 $1274 $2207 $2120 forward $557 $-1 #
-1746 coedge $-1 -1 -1 $-1 $1370 $2208 $2115 $1747 forward $1867 $-1 #
-1747 edge $-1 -1 -1 $-1 $1617 0.12000000000819 $1372 0.60000000000818976 $2115 $1863 forward @7 unknown T 4.7999999999999998 0.96000000000000019 1.3999999999999999 4.7999999999999998 1.4399999999999999 1.3999999999999999 #
-1748 coedge $-1 -1 -1 $-1 $2209 $1668 $867 $1279 forward $1437 $-1 #
-1749 coedge $-1 -1 -1 $-1 $2210 $1861 $866 $1277 forward $2113 $-1 #
-1750 straight-curve $-1 -1 -1 $-1 4.7999999999999998 0.96000000000000019 2.3999999999999999 0 0 1 I I #
-1751 coedge $-1 -1 -1 $-1 $2211 $2212 $2213 $1752 reversed $2214 $-1 #
-1752 edge $-1 -1 -1 $-1 $1753 1.3200000000081897 $1755 2.7599999999754301 $1278 $2215 forward @7 unknown T 4.7999999999999998 1.4399999999999999 3.3599999999999999 4.7999999999999998 1.4400000000000002 4.7999999999672402 #
-1753 vertex $-1 -1 -1 $-1 $2120 $2216 #
-1754 straight-curve $-1 -1 -1 $-1 4.7999999999999998 1.5600000000081904 3.3599999999999999 -0 1 -2.3129646346883629e-16 I I #
-1755 vertex $-1 -1 -1 $-1 $1280 $2217 #
-1756 straight-curve $-1 -1 -1 $-1 4.7999999999999998 4.7999999999999998 4.7999999999999998 0 -1 0 I I #
-1757 coedge $-1 -1 -1 $-1 $2175 $1281 $1388 $1762 forward $1759 $-1 #
-1758 coedge $-1 -1 -1 $-1 $1281 $2175 $2210 $2182 forward $1759 $-1 #
-1759 loop $-1 -1 -1 $-1 $-1 $1281 $2152 T 4.7999999999999998 0 3.3599999999999999 4.7999999999999998 0.96000000000000019 4.7999999999999998 periphery $308 F #
-1760 point $-1 -1 -1 $-1 4.7999999999999998 0.96000000000000019 3.3599999999999999 #
-1761 integer_attrib-name_attrib-gen-attrib $-1 -1 $-1 $-1 $1283 2 4 2 1 1 1 1 1 1 1 1 1 1 1 0 1 1 1 @16 SKETCH_ENTITY_ID 300033 #
-1762 edge $-1 -1 -1 $-1 $1283 3.8399999999999999 $2177 4.7999999999999998 $1757 $1756 forward @7 unknown T 4.7999999999999998 0 4.7999999999999998 4.7999999999999998 0.96000000000000019 4.7999999999999998 #
-1763 point $-1 -1 -1 $-1 4.7999999999999998 0.96000000000000019 4.7999999999999998 #
-1764 coedge $-1 -1 -1 $-1 $1285 $2190 $1289 $1767 reversed $1765 $-1 #
-1765 loop $-1 -1 -1 $-1 $-1 $2218 $1736 T 1.4399999999999999 3.3999999999999999 1.3999999999999999 3.3999999999999999 4.7999999999999998 1.3999999999999999 periphery $1517 T #
-1766 straight-curve $-1 -1 -1 $-1 3.3999999999999999 3.8399999999999999 1.1899999999999999 0 0 -1 I I #
-1767 edge $-1 -1 -1 $-1 $877 -0.51000000000000023 $2219 0.0099999999999997868 $1289 $2220 forward @7 unknown T 2.8799999999999999 3.8399999999999999 1.3999999999999999 3.3999999999999999 3.8399999999999999 1.3999999999999999 #
-1768 cface_ptr-ct-attrib $-1 -1 $-1 $-1 $1292 1 1 1 1 1 1 1 1 1 1 1 1 0 1 0 1 1 1 $-1 $1156 #
-1769 loop $-1 -1 -1 $-1 $-1 $1397 $1292 T 0.96000000000000008 3.8399999999999999 3.3599999999999999 1.9200000000000002 3.8399999999999999 4.7999999999999998 periphery $621 F #
-1770 coedge $-1 -1 -1 $-1 $2221 $2222 $2223 $2224 reversed $1293 $-1 #
-1771 cface_ptr-ct-attrib $-1 -1 $-1 $-1 $1294 1 1 1 1 1 1 1 1 1 1 1 1 0 1 0 1 1 1 $-1 $884 #
-1772 cface_ptr-ct-attrib $-1 -1 $-1 $-1 $1296 1 1 1 1 1 1 1 1 1 1 1 1 0 1 0 1 1 1 $1407 $2063 #
-1773 loop $-1 -1 -1 $-1 $-1 $2225 $1296 T 0 3.8399999999999999 1.3999999999999999 0.96000000000000008 4.8000000000560394 1.4000000000000001 periphery $102 F #
-1774 coedge $-1 -1 -1 $-1 $2223 $2148 $1302 $1778 reversed $1297 $-1 #
-1775 coedge $-1 -1 -1 $-1 $2226 $1302 $1624 $1781 forward $888 $-1 #
-1776 coedge $-1 -1 -1 $-1 $1302 $2226 $2227 $2228 forward $888 $-1 #
-1777 coedge $-1 -1 -1 $-1 $1637 $2225 $1649 $1778 forward $1773 $-1 #
-1778 edge $-1 -1 -1 $-1 $2229 -0.37000000001401023 $1175 0.59000000004202935 $1777 $2230 forward @7 unknown T 0.95999999999999996 3.8399999999999999 1.3999999999999999 0.96000000000000008 4.8000000000560394 1.4000000000000001 #
-1779 coedge $-1 -1 -1 $-1 $2231 $1303 $1721 $2189 reversed $1305 $-1 #
-1780 coedge $-1 -1 -1 $-1 $1304 $2232 $2226 $2233 reversed $1305 $-1 #
-1781 edge $-1 -1 -1 $-1 $1175 0.99999999999999978 $1782 2.3999999999999999 $1624 $2234 forward @7 unknown T 0.95999999999999996 4.7999999999999998 0 0.95999999999999996 4.8000000000560394 1.4000000000000001 #
-1782 vertex $-1 -1 -1 $-1 $1307 $2235 #
-1783 coedge $-1 -1 -1 $-1 $1722 $1721 $1309 $1784 forward $846 $-1 #
-1784 edge $-1 -1 -1 $-1 $1785 0 $2219 1.3999999999999999 $1783 $2236 forward @7 unknown T 2.8799999999999999 3.8399999999999999 0 2.8799999999999999 3.8399999999999999 1.3999999999999999 #
-1785 vertex $-1 -1 -1 $-1 $1310 $2237 #
-1786 straight-curve $-1 -1 -1 $-1 2.8799999999999999 3.8399999999999999 0 1 0 0 I I #
-1787 coedge $-1 -1 -1 $-1 $1313 $1332 $2238 $2239 reversed $1266 $-1 #
-1788 coedge $-1 -1 -1 $-1 $2240 $1339 $1313 $1789 reversed $1345 $-1 #
-1789 edge $-1 -1 -1 $-1 $2241 -0.0099999999999997868 $1314 0.51000000000000023 $1313 $2242 forward @7 unknown T 2.8799999999999999 3.8399999999999999 3.3599999999999999 3.3999999999999999 3.8399999999999999 3.3599999999999999 #
-1790 point $-1 -1 -1 $-1 3.3999999999999999 3.8399999999999999 3.3599999999999999 #
-1791 coedge $-1 -1 -1 $-1 $1810 $1316 $2243 $2244 reversed $1792 $-1 #
-1792 loop $-1 -1 -1 $-1 $-1 $1316 $1575 T 3.8399999999999999 3.3999999999999995 3.3599999999999999 3.8399999999999999 3.8399999999999999 4.7999999999999998 periphery $1124 F #
-1793 vertex $-1 -1 -1 $-1 $2245 $2246 #
-1794 straight-curve $-1 -1 -1 $-1 3.8399999999999999 3.7300000000140092 3.3599999999999999 0 1 2.3790493383872484e-16 I I #
-1795 coedge $-1 -1 -1 $-1 $2008 $1319 $1323 $1325 forward $1072 $-1 #
-1796 straight-curve $-1 -1 -1 $-1 4.7999999999999998 4.7999999999999998 0 0 0 1 I I #
-1797 coedge $-1 -1 -1 $-1 $1323 $1322 $2247 $1814 forward $1324 $-1 #
-1798 face $2248 -1 -1 $-1 $2152 $1324 $6 $-1 $186 forward single T 3.8399999999999999 4.7999999999999998 3.3599999999999999 4.7999999999999998 4.8000000000560394 4.7999999999999998 F #
-1799 vertex $2249 -1 -1 $-1 $1325 $2250 #
-1800 edge $-1 -1 -1 $-1 $1802 0 $916 0.95999999999999996 $1384 $2251 forward @7 unknown T 3.8399999999999999 3.8399999999999999 4.7999999999999998 4.7999999999999998 3.8399999999999999 4.7999999999999998 #
-1801 coedge $-1 -1 -1 $-1 $2107 $1328 $1887 $2252 forward $1608 $-1 #
-1802 vertex $2253 -1 -1 $-1 $2252 $2254 #
-1803 straight-curve $-1 -1 -1 $-1 4.7999999999999998 3.8399999999999999 2.3999999999999999 0 0 1 I I #
-1804 coedge $-1 -1 -1 $-1 $2255 $1330 $1334 $1812 reversed $1807 $-1 #
-1805 coedge $-1 -1 -1 $-1 $1330 $2256 $1332 $1809 reversed $1807 $-1 #
-1806 coedge $-1 -1 -1 $-1 $1881 $2247 $912 $1331 reversed $1382 $-1 #
-1807 loop $-1 -1 -1 $-1 $-1 $2255 $1821 T 0.95999999999999996 3.3999999999999999 4.7999999999672402 3.8399999999999999 4.8000000000000007 4.7999999999999998 periphery $211 F #
-1808 straight-curve $-1 -1 -1 $-1 3.8399999999999999 3.8399999999999999 4.7999999999999998 0 1 0 F 0 F 0.96000000000000041 #
-1809 edge $-1 -1 -1 $-1 $916 -0.95999999999999996 $2257 -0 $1332 $2258 forward @7 unknown T 2.8799999999999999 3.8399999999999999 4.7999999999999998 3.8399999999999999 3.8399999999999999 4.7999999999999998 #
-1810 coedge $-1 -1 -1 $-1 $1333 $1791 $1886 $2259 forward $1792 $-1 #
-1811 coedge $-1 -1 -1 $-1 $1334 $1646 $1631 $2137 reversed $1258 $-1 #
-1812 edge $-1 -1 -1 $-1 $2260 0.95999999999999996 $1335 3.8399999999999999 $1334 $2261 forward @7 unknown T 0.95999999999999996 4.7999999999999998 4.7999999999999998 3.8399999999999999 4.8000000000000007 4.7999999999999998 #
-1813 integer_attrib-name_attrib-gen-attrib $-1 -1 $-1 $-1 $1335 2 4 2 1 1 1 1 1 1 1 1 1 1 1 0 1 1 1 @16 SKETCH_ENTITY_ID 300039 #
-1814 edge $-1 -1 -1 $-1 $1335 3.8399999999999999 $1799 4.7999999999999998 $1797 $2261 forward @7 unknown T 3.8399999999999999 4.7999999999999998 4.7999999999999998 4.7999999999999998 4.8000000000000007 4.7999999999999998 #
-1815 point $-1 -1 -1 $-1 3.8399999999999999 4.8000000000000007 4.7999999999999998 #
-1816 straight-curve $-1 -1 -1 $-1 3.3999999999999999 4.7999999999999998 3.3599999999999999 0 -1 0 I I #
-1817 cface $-1 -1 $1417 $378 $2262 0 #
-1818 face $2263 -1 -1 $-1 $542 $2264 $6 $-1 $2265 forward single T 0.96000000000000008 2.8799999999999999 3.3599999999999999 1.9200000000000002 2.8799999999999999 4.7999999999999998 F #
-1819 cface $-1 -1 $1927 $849 $920 0 #
-1820 cface_ptr-ct-attrib $-1 -1 $-1 $-1 $1344 1 1 1 1 1 1 1 1 1 1 1 1 0 1 0 1 1 1 $-1 $2266 #
-1821 face $2267 -1 -1 $-1 $1532 $1807 $6 $-1 $211 forward single T 0.95999999999999996 3.3999999999999999 4.7999999999672402 3.8399999999999999 4.8000000000000007 4.7999999999999998 F #
-1822 coedge $-1 -1 -1 $-1 $2268 $2240 $2269 $2270 reversed $1345 $-1 #
-1823 coedge $-1 -1 -1 $-1 $2238 $1347 $2240 $2271 forward $921 $-1 #
-1824 coedge $-1 -1 -1 $-1 $1347 $2238 $2256 $2272 forward $921 $-1 #
-1825 coedge $-1 -1 -1 $-1 $2273 $2269 $2274 $1826 forward $1420 $-1 #
-1826 edge $-1 -1 -1 $-1 $2275 1.3200000000081897 $2276 2.7600000000081897 $2274 $2277 forward @7 unknown T 2.8799999999999999 3.3999999999999995 3.3599999999999999 2.8799999999999999 3.3999999999999999 4.7999999999999998 #
-1827 coedge $-1 -1 -1 $-1 $1349 $1348 $2278 $2279 forward $595 $-1 #
-1828 coedge $-1 -1 -1 $-1 $2280 $2281 $1348 $1829 reversed $1109 $-1 #
-1829 edge $-1 -1 -1 $-1 $1837 0.68000000000000016 $2282 1.2000000000000002 $1348 $2283 forward @7 unknown T 1.9200000000000002 2.8799999999999999 3.3599999999999999 1.9200000000000002 3.3999999999999999 3.3599999999999999 #
-1830 coedge $-1 -1 -1 $-1 $2284 $2285 $1349 $1831 reversed $1075 $-1 #
-1831 edge $-1 -1 -1 $-1 $2286 -0.95999999999999996 $1836 -0.43999999999999995 $1349 $2287 forward @7 unknown T 1.9200000000000002 2.8799999999999999 4.7999999999999998 1.9200000000000002 3.3999999999999999 4.7999999999999998 #
-1832 coedge $-1 -1 -1 $-1 $2288 $1350 $2289 $2290 forward $1835 $-1 #
-1833 coedge $-1 -1 -1 $-1 $1350 $2288 $2268 $2291 forward $1835 $-1 #
-1834 coedge $-1 -1 -1 $-1 $2269 $2273 $922 $1351 forward $1420 $-1 #
-1835 loop $-1 -1 -1 $-1 $-1 $1350 $2123 T 1.9200000000000002 3.3999999999999995 3.3599999999999999 1.9200000000000002 3.8399999999999999 4.7999999999999998 periphery $596 F #
-1836 vertex $-1 -1 -1 $-1 $2290 $2292 #
-1837 vertex $-1 -1 -1 $-1 $1829 $2293 #
-1838 straight-curve $-1 -1 -1 $-1 1.9200000000000002 3.3999999999999995 2.0399999999918101 -0 -1.5419764231255748e-16 -1 I I #
-1839 cface $-1 -1 $2294 $378 $1532 0 #
-1840 cface $-1 -1 $2295 $1357 $1202 0 #
-1841 cell3d-cell $-1 -1 $1195 $2 $-1 1 $1357 #
-1842 cface $-1 -1 $2296 $365 $1557 0 #
-1843 cface $-1 -1 $1952 $365 $930 0 #
-1844 coedge $-1 -1 -1 $-1 $2297 $1361 $1975 $2001 forward $931 $-1 #
-1845 coedge $-1 -1 -1 $-1 $1361 $2297 $1472 $1965 forward $931 $-1 #
-1846 coedge $-1 -1 -1 $-1 $2298 $2299 $1394 $1847 forward $1459 $-1 #
-1847 edge $-1 -1 -1 $-1 $2300 -0.34999999998599007 $2301 1.0500000000140099 $1846 $2302 forward @7 unknown T 2.8799999999999999 1.4399999999999999 0 2.8799999999999999 1.4399999999999999 1.3999999999999999 #
-1848 coedge $-1 -1 -1 $-1 $1742 $1741 $2116 $1849 forward $865 $-1 #
-1849 edge $-1 -1 -1 $-1 $1857 2.6399999999999997 $1616 3.5999999999999996 $1848 $2303 forward @7 unknown T 3.8399999999999999 1.4399999999999999 -5.6039617390979402e-11 4.7999999999999998 1.4399999999999999 0 #
-1850 coedge $-1 -1 -1 $-1 $1613 $2304 $2305 $1851 forward $1057 $-1 #
-1851 edge $-1 -1 -1 $-1 $1856 3.8399999999999999 $1617 4.7999999999999998 $2305 $702 forward @7 unknown T 3.8399999999999999 1.4399999999999999 1.3999999999999999 4.7999999999999998 1.4399999999999999 1.3999999999999999 #
-1852 coedge $-1 -1 -1 $-1 $1864 $1364 $1741 $2204 forward $1855 $-1 #
-1853 coedge $-1 -1 -1 $-1 $1364 $1864 $2165 $2306 forward $1855 $-1 #
-1854 coedge $-1 -1 -1 $-1 $2307 $2308 $932 $1365 reversed $2309 $-1 #
-1855 loop $-1 -1 -1 $-1 $-1 $1364 $2203 T 3.8399999999999999 0.95999999999999996 0 3.8399999999999999 1.4399999999999999 1.3999999999999999 periphery $1404 F #
-1856 vertex $-1 -1 -1 $-1 $2310 $2311 #
-1857 vertex $-1 -1 -1 $-1 $2204 $2312 #
-1858 straight-curve $-1 -1 -1 $-1 3.8399999999999999 1.4399999999999999 0.34999999998599007 0 7.9301644612908309e-17 -1 I I #
-1859 coedge $-1 -1 -1 $-1 $2313 $1366 $2169 $2314 reversed $1454 $-1 #
-1860 coedge $-1 -1 -1 $-1 $1366 $2313 $1609 $1865 forward $1454 $-1 #
-1861 coedge $-1 -1 -1 $-1 $1749 $2315 $933 $1367 reversed $2113 $-1 #
-1862 vertex $-1 -1 -1 $-1 $2316 $2317 #
-1863 straight-curve $-1 -1 -1 $-1 4.7999999999999998 1.5600000000081899 1.3999999999999999 0 -1 1.5419764231255753e-16 I I #
-1864 coedge $-1 -1 -1 $-1 $1853 $1852 $2318 $1670 forward $1855 $-1 #
-1865 edge $-1 -1 -1 $-1 $2205 -2.3999999999999999 $1372 -1 $1860 $2319 forward @7 unknown T 4.7999999999999998 0.95999999999999996 0 4.7999999999999998 0.96000000000000019 1.3999999999999999 #
-1866 coedge $-1 -1 -1 $-1 $2208 $1370 $1853 $2306 forward $1867 $-1 #
-1867 loop $-1 -1 -1 $-1 $-1 $1370 $1661 T 3.8399999999999999 0.95999999999999985 1.3999999999999999 4.7999999999999998 1.4399999999999999 1.3999999999999999 periphery $226 F #
-1868 point $-1 -1 -1 $-1 4.7999999999999998 0.96000000000000019 1.3999999999999999 #
-1869 face $2320 -1 -1 $-1 $2203 $2309 $6 $-1 $1404 forward single T 3.8399999999999999 1.4399999999999999 0 3.8399999999999999 1.9199999999999999 1.3999999999999999 F #
-1870 cface_ptr-ct-attrib $-1 -1 $-1 $-1 $1375 1 1 1 1 1 1 1 1 1 1 1 1 0 1 0 1 1 1 $-1 $937 #
-1871 face $2321 -1 -1 $-1 $2262 $2322 $6 $-1 $1873 forward single T 2.8799999999999999 1.9199999999999999 3.3599999999999999 3.8399999999999999 1.9199999999999999 4.7999999999999998 F #
-1872 loop $-1 -1 -1 $-1 $-1 $2323 $1375 T 2.8799999999999999 1.9199999999999999 0 3.8399999999999999 1.9199999999999999 1.3999999999999999 periphery $1873 F #
-1873 plane-surface $-1 -1 -1 $-1 3.3599999999999999 1.9199999999999999 0 0 -1 0 1 0 0 forward_v I I I I #
-1874 cface $-1 -1 $1158 $207 $1666 0 #
-1875 face $2324 -1 -1 $-1 $1535 $2325 $6 $-1 $2076 forward single T 0.96000000000000008 3.3999999999999995 3.3599999999999999 0.96000000000000008 3.8399999999999999 4.7999999999999998 F #
-1876 cface_ptr-ct-attrib $-1 -1 $-1 $-1 $1378 1 1 1 1 1 1 1 1 1 1 1 1 0 1 0 1 1 1 $-1 $2326 #
-1877 face $2327 -1 -1 $-1 $1251 $1642 $6 $-1 $186 forward single T 0 4.7999999999999998 3.3600000000000003 0.95999999999999996 4.8000000000560394 4.7999999999999998 F #
-1878 loop $-1 -1 -1 $-1 $-1 $2328 $1378 T 0 3.8399999999999999 0 0 4.8000000000560394 1.4000000000000001 periphery $274 F #
-1879 cface_ptr-ct-attrib $-1 -1 $-1 $-1 $1381 1 1 1 1 1 1 1 1 1 1 1 1 0 1 0 1 1 1 $-1 $1414 #
-1880 loop $-1 -1 -1 $-1 $-1 $1884 $1381 T 0 3.8399999999999999 4.7999999999999998 0.96000000000000008 4.8000000000000007 4.7999999999999998 periphery $211 F #
-1881 coedge $-1 -1 -1 $-1 $2329 $1806 $1327 $1800 reversed $1382 $-1 #
-1882 coedge $-1 -1 -1 $-1 $2014 $1383 $2026 $1536 reversed $942 $-1 #
-1883 coedge $-1 -1 -1 $-1 $1383 $2014 $2330 $2331 reversed $942 $-1 #
-1884 coedge $-1 -1 -1 $-1 $2332 $2028 $2333 $1885 reversed $1880 $-1 #
-1885 edge $-1 -1 -1 $-1 $2334 -0.95999999999999996 $2025 0 $1383 $2335 forward @7 unknown T 0 3.8399999999999999 4.7999999999999998 0.96000000000000008 3.8399999999999999 4.7999999999999998 #
-1886 coedge $-1 -1 -1 $-1 $2336 $1384 $1810 $2259 reversed $945 $-1 #
-1887 coedge $-1 -1 -1 $-1 $1384 $2336 $1801 $2252 reversed $945 $-1 #
-1888 edge $-1 -1 -1 $-1 $1755 -3.5999999999999996 $1890 -2.6399999999999997 $1385 $2337 forward @7 unknown T 3.8399999999999999 1.4399999999999999 4.7999999999672402 4.7999999999999998 1.4399999999999999 4.7999999999999998 #
-1889 coedge $-1 -1 -1 $-1 $1688 $1386 $1911 $2338 forward $1690 $-1 #
-1890 vertex $-1 -1 -1 $-1 $2339 $2340 #
-1891 straight-curve $-1 -1 -1 $-1 3.8399999999999999 1.9199999999999999 4.7999999999999998 0 1 0 I I #
-1892 coedge $-1 -1 -1 $-1 $2341 $2061 $1561 $2056 forward $1392 $-1 #
-1893 coedge $-1 -1 -1 $-1 $2342 $1394 $2343 $2344 forward $954 $-1 #
-1894 coedge $-1 -1 -1 $-1 $1394 $2342 $1999 $2345 forward $954 $-1 #
-1895 coedge $-1 -1 -1 $-1 $1396 $1395 $1770 $2224 forward $620 $-1 #
-1896 coedge $-1 -1 -1 $-1 $1424 $1649 $1425 $1897 forward $1121 $-1 #
-1897 edge $-1 -1 -1 $-1 $2229 1.3999999999999999 $1427 3.3599999999999999 $1936 $2346 forward @7 unknown T 0.96000000000000008 3.8399999999999999 1.3999999999999999 0.96000000000000008 3.8399999999999999 3.3599999999999999 #
-1898 coedge $-1 -1 -1 $-1 $2347 $2133 $1396 $1899 reversed $1717 $-1 #
-1899 edge $-1 -1 -1 $-1 $2348 0.20999999999999996 $1902 2.1699999999999999 $1396 $2349 forward @7 unknown T 1.4399999999999999 3.8399999999999999 1.3999999999999999 1.4399999999999999 3.8399999999999999 3.3599999999999999 #
-1900 coedge $-1 -1 -1 $-1 $2350 $1397 $2351 $2352 forward $1769 $-1 #
-1901 coedge $-1 -1 -1 $-1 $1397 $2353 $1630 $1937 reversed $1769 $-1 #
-1902 vertex $-1 -1 -1 $-1 $1899 $2354 #
-1903 straight-curve $-1 -1 -1 $-1 0.72000000000000008 3.8399999999999999 3.3599999999999999 -1 -0 -0 I I #
-1904 cface $-1 -1 $2355 $378 $1419 1 #
-1905 face $2356 -1 -1 $-1 $1580 $2214 $6 $-1 $308 forward single T 4.7999999999999998 1.4399999999999999 3.3599999999999999 4.7999999999999998 3.4000000000000004 4.7999999999999998 F #
-1906 cface_ptr-ct-attrib $-1 -1 $-1 $-1 $1400 1 1 1 1 1 1 1 1 1 1 1 1 0 1 0 1 1 1 $2200 $957 #
-1907 loop $-1 -1 -1 $-1 $-1 $2357 $1400 T 3.8399999999999999 1.4399999999999997 3.3599999999999999 4.7999999999999998 1.4400000000000002 4.7999999999999998 periphery $205 F #
-1908 cface_ptr-ct-attrib $-1 -1 $-1 $-1 $1402 1 1 1 1 1 1 1 1 1 1 1 1 0 1 0 1 1 1 $-1 $1579 #
-1909 loop $-1 -1 -1 $-1 $-1 $2358 $1402 T 2.8799999999999999 2.8799999999999999 0 3.8399999999999999 2.8799999999999999 1.3999999999999999 periphery $1910 F #
-1910 plane-surface $-1 -1 -1 $-1 3.3599999999999999 2.8799999999999999 0 0 1 -0 -1 0 0 forward_v I I I I #
-1911 coedge $-1 -1 -1 $-1 $2359 $2360 $2357 $2338 reversed $1403 $-1 #
-1912 cface_ptr-ct-attrib $-1 -1 $-1 $-1 $1406 1 1 1 1 1 1 1 1 1 1 1 1 0 1 0 1 1 1 $-1 $2124 #
-1913 face $2361 -1 -1 $-1 $1739 $1708 $6 $-1 $1915 reversed single T 3.8399999999999999 3.3999999999999999 1.3999999999999999 4.7999999999999998 3.3999999999999999 3.3599999999999999 F #
-1914 loop $-1 -1 -1 $-1 $-1 $2362 $1406 T 0 3.3999999999999999 1.3999999999999999 0.96000000000000008 3.3999999999999999 3.3599999999999999 periphery $1915 T #
-1915 plane-surface $-1 -1 -1 $-1 0 3.3999999999999999 2.3799999999999999 -0 1 0 -0 -0 1 forward_v I I I I #
-1916 coedge $-1 -1 -1 $-1 $2363 $2364 $2365 $2366 reversed $1409 $-1 #
-1917 coedge $-1 -1 -1 $-1 $2139 $2328 $2141 $1918 reversed $1878 $-1 #
-1918 edge $-1 -1 -1 $-1 $1638 -1.4000000000560395 $1922 -0.43999999999999995 $1411 $2367 forward @7 unknown T 0 3.8399999999999999 1.3999999999999999 0 4.8000000000560394 1.4000000000000001 #
-1919 coedge $-1 -1 -1 $-1 $2368 $1412 $2364 $2369 forward $1921 $-1 #
-1920 coedge $-1 -1 -1 $-1 $1412 $2368 $2030 $2130 forward $1921 $-1 #
-1921 loop $-1 -1 -1 $-1 $-1 $1412 $1724 T 0 3.3999999999999999 1.3999999999999999 0 3.8399999999999999 3.3599999999999999 periphery $274 F #
-1922 vertex $-1 -1 -1 $-1 $2369 $2370 #
-1923 straight-curve $-1 -1 -1 $-1 0 3.8399999999999999 2.3999999999999999 0 -0 1 I I #
-1924 cface $-1 -1 $2371 $966 $1725 1 #
-1925 cface $-1 -1 $360 $378 $1535 0 #
-1926 cface $-1 -1 $918 $378 $969 1 #
-1927 cface $-1 -1 $1342 $849 $969 0 #
-1928 cface_ptr-ct-attrib $-1 -1 $-1 $-1 $1419 1 1 1 1 1 1 1 1 1 1 1 1 0 1 0 1 1 1 $1904 $1462 #
-1929 loop $-1 -1 -1 $-1 $-1 $2243 $1419 T 3.8399999999999999 3.3999999999999995 3.3599999999999999 4.7999999999999998 3.4000000000000004 4.7999999999999998 periphery $971 F #
-1930 coedge $-1 -1 -1 $-1 $2372 $1421 $1530 $2015 forward $970 $-1 #
-1931 coedge $-1 -1 -1 $-1 $1421 $2372 $1560 $2054 forward $970 $-1 #
-1932 coedge $-1 -1 -1 $-1 $2373 $2374 $2375 $1933 forward $2376 $-1 #
-1933 edge $-1 -1 -1 $-1 $2377 1.3200000000081897 $2378 2.7600000000081897 $1932 $2379 forward @7 unknown T 0.96000000000000008 3.3999999999999995 3.3599999999999999 0.96000000000000008 3.3999999999999999 4.7999999999999998 #
-1934 straight-curve $-1 -1 -1 $-1 0 3.3999999999999999 3.3599999999999999 0 1 2.3790493383872484e-16 F 0 F 1.40000000005604 #
-1935 coedge $-1 -1 -1 $-1 $1426 $1425 $2085 $2380 reversed $1300 $-1 #
-1936 coedge $-1 -1 -1 $-1 $2128 $2381 $1395 $1897 forward $2382 $-1 #
-1937 edge $-1 -1 -1 $-1 $1427 3.3599999999999999 $2334 4.7999999999999998 $2383 $2346 forward @7 unknown T 0.96000000000000008 3.8399999999999999 3.3599999999999999 0.96000000000000008 3.8399999999999999 4.7999999999999998 #
-1938 point $-1 -1 -1 $-1 0.96000000000000008 3.8399999999999999 3.3599999999999999 #
-1939 point $-1 -1 -1 $-1 0 3.8399999999999999 3.3599999999999999 #
-1940 cface_ptr-ct-attrib $-1 -1 $-1 $-1 $1431 1 1 1 1 1 1 1 1 1 1 1 1 0 1 0 1 1 1 $-1 $977 #
-1941 cface_ptr-ct-attrib $-1 -1 $-1 $-1 $1433 1 1 1 1 1 1 1 1 1 1 1 1 0 1 0 1 1 1 $-1 $2384 #
-1942 face $2385 -1 -1 $-1 $2081 $2386 $6 $-1 $847 forward single T 2.8799999999999999 2.8799999999999999 3.3599999999999999 2.8799999999999999 3.3999999999999999 4.7999999999999998 F #
-1943 loop $-1 -1 -1 $-1 $-1 $2387 $1433 T 2.8799999999999999 2.8799999999999999 3.3599999999999999 3.8399999999999999 2.8799999999999999 4.7999999999999998 periphery $1910 F #
-1944 coedge $-1 -1 -1 $-1 $2033 $2388 $2389 $2390 forward $1434 $-1 #
-1945 cface $-1 -1 $-1 $378 $1586 0 #
-1946 cface $-1 -1 $2391 $1269 $980 0 #
-1947 coedge $-1 -1 -1 $-1 $2392 $1438 $1555 $2047 forward $981 $-1 #
-1948 coedge $-1 -1 -1 $-1 $1438 $2392 $1089 $1549 forward $981 $-1 #
-1949 edge $-1 -1 -1 $-1 $1551 -2.7600000000081897 $2044 -1.3200000000081897 $1550 $2393 forward @7 unknown T 1.9199999999999999 1.4399999999999997 3.3599999999999999 1.9199999999999999 1.4399999999999999 4.7999999999999998 #
-1950 cface $-1 -1 $599 $804 $1607 0 #
-1951 face $2394 -1 -1 $-1 $1192 $1501 $6 $-1 $1718 reversed single T 1.4399999999999999 0 1.3999999999999999 1.4399999999999999 0.95999999999999996 3.3599999999999999 F #
-1952 cface $-1 -1 $-1 $365 $991 0 #
-1953 coedge $-1 -1 -1 $-1 $1446 $1980 $2171 $1685 reversed $992 $-1 #
-1954 cface_ptr-ct-attrib $-1 -1 $-1 $-1 $1448 1 1 1 1 1 1 1 1 1 1 1 1 0 1 0 1 1 1 $-1 $993 #
-1955 coedge $-1 -1 -1 $-1 $2318 $2395 $2396 $2397 forward $1450 $-1 #
-1956 cface_ptr-ct-attrib $-1 -1 $-1 $-1 $1453 1 1 1 1 1 1 1 1 1 1 1 1 0 1 0 1 1 1 $-1 $2151 #
-1957 cface_ptr-ct-attrib $-1 -1 $-1 $-1 $1456 1 1 1 1 1 1 1 1 1 1 1 1 0 1 0 1 1 1 $-1 $997 #
-1958 cface_ptr-ct-attrib $-1 -1 $-1 $-1 $1458 1 1 1 1 1 1 1 1 1 1 1 1 0 1 0 1 1 1 $-1 $2082 #
-1959 loop $-1 -1 -1 $-1 $-1 $2050 $1458 T 1.9199999999999999 1.4399999999999999 0 1.9199999999999999 1.9199999999999999 1.3999999999999999 periphery $1106 F #
-1960 coedge $-1 -1 -1 $-1 $1988 $1520 $1053 $1507 reversed $1578 $-1 #
-1961 coedge $-1 -1 -1 $-1 $2049 $1473 $1469 $1962 forward $1105 $-1 #
-1962 edge $-1 -1 -1 $-1 $1475 0 $1976 1.3999999999999999 $1961 $1095 forward @7 unknown T 1.9199999999999999 0.95999999999999996 0 1.9199999999999999 0.95999999999999996 1.3999999999999999 #
-1963 coedge $-1 -1 -1 $-1 $1477 $1472 $2299 $2398 reversed $666 $-1 #
-1964 coedge $-1 -1 -1 $-1 $2399 $2343 $1845 $1965 reversed $1578 $-1 #
-1965 edge $-1 -1 -1 $-1 $1966 0.71999999999999997 $2300 1.6799999999999999 $1472 $2400 forward @7 unknown T 1.9199999999999999 1.4399999999999999 -5.6039617390979402e-11 2.8799999999999999 1.4399999999999999 0 #
-1966 vertex $-1 -1 -1 $-1 $1474 $2401 #
-1967 straight-curve $-1 -1 -1 $-1 1.9199999999999999 1.9199999999999999 0 0 -1 0 I I #
-1968 point $-1 -1 -1 $-1 1.9199999999999999 0.95999999999999996 0 #
-1969 coedge $-1 -1 -1 $-1 $2402 $2318 $1477 $1970 forward $1450 $-1 #
-1970 edge $-1 -1 -1 $-1 $1675 0 $2403 0.95999999999999996 $1969 $2404 forward @7 unknown T 2.8799999999999999 0.95999999999999996 0 3.8399999999999999 0.95999999999999996 0 #
-1971 point $-1 -1 -1 $-1 3.8399999999999999 0 0 #
-1972 point $-1 -1 -1 $-1 0 0 0 #
-1973 coedge $-1 -1 -1 $-1 $2405 $1482 $2406 $2407 reversed $1485 $-1 #
-1974 coedge $-1 -1 -1 $-1 $1483 $1975 $2049 $2408 reversed $1485 $-1 #
-1975 coedge $-1 -1 -1 $-1 $1974 $2409 $1515 $2001 forward $1485 $-1 #
-1976 vertex $-1 -1 -1 $-1 $2408 $2410 #
-1977 straight-curve $-1 -1 -1 $-1 1.9299999999999999 0.95999999999999996 1.3999999999999999 1 -0 0 I I #
-1978 vertex $-1 -1 -1 $-1 $2188 $2411 #
-1979 straight-curve $-1 -1 -1 $-1 2.4100000000000001 0 1.3999999999999999 -1 0 0 I I #
-1980 coedge $-1 -1 -1 $-1 $1953 $1492 $1719 $2188 forward $992 $-1 #
-1981 coedge $-1 -1 -1 $-1 $1493 $2046 $1696 $2178 reversed $1099 $-1 #
-1982 coedge $-1 -1 -1 $-1 $2412 $1719 $1226 $1695 reversed $1248 $-1 #
-1983 point $-1 -1 -1 $-1 3.3999999999999999 0 3.3599999999999999 #
-1984 edge $-1 -1 -1 $-1 $1503 1.4399999999999999 $2413 3.4000000000000004 $1509 $1523 forward @7 unknown T 0 1.4399999999999999 -5.6039617390979402e-11 0 3.4000000000000004 0 #
-1985 point $-1 -1 -1 $-1 0 1.4399999999999999 -5.6039617390979402e-11 #
-1986 straight-curve $-1 -1 -1 $-1 1.2 1.4399999999999999 -5.6039617390979402e-11 1 0 -0 I I #
-1987 coedge $-1 -1 -1 $-1 $1509 $1508 $2414 $2415 forward $1510 $-1 #
-1988 coedge $-1 -1 -1 $-1 $2416 $1960 $1509 $1984 forward $1578 $-1 #
-1989 coedge $-1 -1 -1 $-1 $2000 $1511 $2417 $2418 reversed $1057 $-1 #
-1990 coedge $-1 -1 -1 $-1 $2003 $2417 $1511 $1991 forward $2419 $-1 #
-1991 edge $-1 -1 -1 $-1 $2420 -0.71999999999999997 $1992 -0.23999999999999999 $1990 $2421 forward @7 unknown T 0.95999999999999996 1.9199999999999999 1.3999999999999999 1.4399999999999999 1.9199999999999999 1.3999999999999999 #
-1992 vertex $-1 -1 -1 $-1 $1991 $2422 #
-1993 straight-curve $-1 -1 -1 $-1 0.95999999999999996 1.9299999999999999 1.3999999999999999 0 -1 0 I I #
-1994 coedge $-1 -1 -1 $-1 $1513 $2423 $2424 $2425 reversed $1057 $-1 #
-1995 coedge $-1 -1 -1 $-1 $2426 $1588 $2427 $1996 reversed $1135 $-1 #
-1996 edge $-1 -1 -1 $-1 $1997 0 $2428 0.96000000000000008 $1513 $1709 forward @7 unknown T 0 3.3999999999999999 1.3999999999999999 0.96000000000000008 3.3999999999999999 1.3999999999999999 #
-1997 vertex $-1 -1 -1 $-1 $2429 $2430 #
-1998 straight-curve $-1 -1 -1 $-1 0 2.4100000000000001 1.3999999999999999 0 1 0 I I #
-1999 coedge $-1 -1 -1 $-1 $2431 $1515 $1894 $2345 reversed $1057 $-1 #
-2000 coedge $-1 -1 -1 $-1 $1515 $1989 $2432 $2433 reversed $1057 $-1 #
-2001 edge $-1 -1 -1 $-1 $2301 -1.6699999999999999 $2434 -0.70999999999999996 $1975 $2435 forward @7 unknown T 1.9199999999999999 1.4399999999999999 1.3999999999999999 2.8799999999999999 1.4399999999999999 1.3999999999999999 #
-2002 cface_ptr-ct-attrib $-1 -1 $-1 $-1 $1516 1 1 1 1 1 1 1 1 1 1 1 1 0 1 0 1 1 1 $-1 $2296 #
-2003 coedge $-1 -1 -1 $-1 $2436 $1990 $1519 $2004 reversed $2419 $-1 #
-2004 edge $-1 -1 -1 $-1 $2006 0 $1992 1.3999999999999999 $1519 $2437 forward @7 unknown T 0.95999999999999996 1.9199999999999999 0 0.95999999999999996 1.9199999999999999 1.3999999999999999 #
-2005 coedge $-1 -1 -1 $-1 $1520 $2399 $2436 $2438 reversed $1578 $-1 #
-2006 vertex $-1 -1 -1 $-1 $2438 $2439 #
-2007 cface $-1 -1 $1008 $1006 $1798 0 #
-2008 coedge $-1 -1 -1 $-1 $1527 $1795 $2329 $2440 forward $1072 $-1 #
-2009 coedge $-1 -1 -1 $-1 $1548 $1528 $2441 $2042 reversed $1075 $-1 #
-2010 coedge $-1 -1 -1 $-1 $2061 $2442 $1528 $2011 forward $1392 $-1 #
-2011 edge $-1 -1 -1 $-1 $2443 -0.95999999999999996 $2012 -0 $2010 $2444 forward @7 unknown T 0.95999999999999996 1.9199999999999999 4.7999999999999998 1.9199999999999999 1.9199999999999999 4.7999999999999998 #
-2012 vertex $-1 -1 -1 $-1 $2062 $2445 #
-2013 coedge $-1 -1 -1 $-1 $1530 $2284 $2373 $2446 reversed $1075 $-1 #
-2014 coedge $-1 -1 -1 $-1 $1883 $1882 $1930 $2015 reversed $942 $-1 #
-2015 edge $-1 -1 -1 $-1 $2378 0.23999999999999988 $1081 1.2 $1530 $2447 forward @7 unknown T 0 3.3999999999999999 4.7999999999672402 0.96000000000000008 3.4000000000000004 4.7999999999999998 #
-2016 coedge $-1 -1 -1 $-1 $2448 $1531 $2212 $2449 reversed $1075 $-1 #
-2017 coedge $-1 -1 -1 $-1 $1531 $2450 $2359 $2339 reversed $1075 $-1 #
-2018 coedge $-1 -1 -1 $-1 $2357 $2213 $1385 $1888 forward $1907 $-1 #
-2019 cface_ptr-ct-attrib $-1 -1 $-1 $-1 $1532 1 1 1 1 1 1 1 1 1 1 1 1 0 1 0 1 1 1 $-1 $1839 #
-2020 coedge $-1 -1 -1 $-1 $2026 $2030 $2372 $2021 reversed $1379 $-1 #
-2021 edge $-1 -1 -1 $-1 $1081 -1.4399999999672404 $2022 -0 $1533 $2451 forward @7 unknown T 0 3.3999999999999999 3.3599999999999999 0 3.4000000000000004 4.7999999999672402 #
-2022 vertex $-1 -1 -1 $-1 $1534 $2452 #
-2023 straight-curve $-1 -1 -1 $-1 0 2.4100000000000001 3.3599999999999999 0 -1 0 I I #
-2024 cface_ptr-ct-attrib $-1 -1 $-1 $-1 $1535 1 1 1 1 1 1 1 1 1 1 1 1 0 1 0 1 1 1 $-1 $1925 #
-2025 vertex $2453 -1 -1 $-1 $2029 $2454 #
-2026 coedge $-1 -1 -1 $-1 $1541 $2020 $1882 $1536 forward $1379 $-1 #
-2027 coedge $-1 -1 -1 $-1 $1540 $1539 $1640 $2144 reversed $729 $-1 #
-2028 coedge $-1 -1 -1 $-1 $1884 $2455 $1539 $2029 reversed $1880 $-1 #
-2029 edge $-1 -1 -1 $-1 $2025 3.8399999999999999 $2456 4.7999999999999998 $1539 $461 forward @7 unknown T 0 3.8399999999999999 4.7999999999999998 0 4.7999999999999998 4.7999999999999998 #
-2030 coedge $-1 -1 -1 $-1 $2020 $1541 $1626 $2130 reversed $1379 $-1 #
-2031 coedge $-1 -1 -1 $-1 $2333 $1627 $1085 $1542 forward $2132 $-1 #
-2032 straight-curve $-1 -1 -1 $-1 0 3.8399999999999999 2.3999999999999999 0 -0 1 I I #
-2033 coedge $-1 -1 -1 $-1 $2457 $1944 $1543 $2034 forward $1434 $-1 #
-2034 edge $-1 -1 -1 $-1 $2039 -0.47999999999999998 $2036 -0 $2033 $2458 forward @7 unknown T 2.8799999999999999 0.95999999999999996 4.7999999999999998 2.8799999999999999 1.4399999999999999 4.7999999999999998 #
-2035 coedge $-1 -1 -1 $-1 $1544 $1696 $2457 $2459 forward $1698 $-1 #
-2036 vertex $-1 -1 -1 $-1 $2459 $2460 #
-2037 straight-curve $-1 -1 -1 $-1 3.8399999999999999 0.95999999999999996 4.7999999999999998 1 0 0 I I #
-2038 coedge $-1 -1 -1 $-1 $2450 $1548 $2461 $2462 reversed $1075 $-1 #
-2039 vertex $-1 -1 -1 $-1 $2034 $2463 #
-2040 straight-curve $-1 -1 -1 $-1 1.2 1.4399999999999999 4.7999999999672402 -1 0 0 I I #
-2041 coedge $-1 -1 -1 $-1 $2441 $2464 $1438 $1949 reversed $1558 $-1 #
-2042 edge $-1 -1 -1 $-1 $1551 -0.47999999999999998 $2443 0 $2441 $1552 forward @7 unknown T 1.9199999999999999 1.4399999999999999 4.7999999999999998 1.9199999999999999 1.9199999999999999 4.7999999999999998 #
-2043 point $-1 -1 -1 $-1 1.9199999999999999 1.4399999999999999 4.7999999999999998 #
-2044 vertex $-1 -1 -1 $-1 $1553 $2465 #
-2045 straight-curve $-1 -1 -1 $-1 1.9199999999999999 3.1200000000000001 3.3599999999999999 0 -1 0 I I #
-2046 coedge $-1 -1 -1 $-1 $1981 $1555 $2388 $2466 reversed $1099 $-1 #
-2047 edge $-1 -1 -1 $-1 $2044 0.70999999999999996 $2467 1.6699999999999999 $1555 $2468 forward @7 unknown T 1.9199999999999999 1.4399999999999999 3.3599999999999999 2.8799999999999999 1.4399999999999999 3.3599999999999999 #
-2048 cface_ptr-ct-attrib $-1 -1 $-1 $-1 $1557 1 1 1 1 1 1 1 1 1 1 1 1 0 1 0 1 1 1 $-1 $1842 #
-2049 coedge $-1 -1 -1 $-1 $1559 $1961 $1974 $2408 forward $1105 $-1 #
-2050 coedge $-1 -1 -1 $-1 $2432 $2469 $2297 $2051 reversed $1959 $-1 #
-2051 edge $-1 -1 -1 $-1 $2434 -1.0500000000140099 $1966 0.34999999998599007 $1559 $2470 forward @7 unknown T 1.9199999999999999 1.4399999999999999 0 1.9199999999999999 1.4399999999999999 1.3999999999999999 #
-2052 coedge $-1 -1 -1 $-1 $2471 $1560 $2374 $2472 reversed $1109 $-1 #
-2053 coedge $-1 -1 -1 $-1 $2473 $2362 $2127 $2054 reversed $1914 $-1 #
-2054 edge $-1 -1 -1 $-1 $2022 0 $2377 0.96000000000000008 $2053 $2474 forward @7 unknown T 0 3.3999999999999999 3.3599999999999999 0.96000000000000008 3.3999999999999999 3.3599999999999999 #
-2055 coedge $-1 -1 -1 $-1 $1561 $2059 $2341 $2475 reversed $1109 $-1 #
-2056 edge $-1 -1 -1 $-1 $2057 0.23999999999999999 $2476 0.71999999999999997 $1892 $2477 forward @7 unknown T 0.95999999999999996 1.9199999999999999 3.3599999999999999 1.4399999999999999 1.9199999999999999 3.3599999999999999 #
-2057 vertex $-1 -1 -1 $-1 $2062 $2478 #
-2058 straight-curve $-1 -1 -1 $-1 0.95999999999999996 1.9299999999999999 3.3599999999999999 0 1 0 I I #
-2059 coedge $-1 -1 -1 $-1 $2055 $1563 $2464 $2479 reversed $1109 $-1 #
-2060 coedge $-1 -1 -1 $-1 $1563 $2480 $2481 $2482 reversed $1109 $-1 #
-2061 coedge $-1 -1 -1 $-1 $1892 $2010 $1564 $2062 reversed $1392 $-1 #
-2062 edge $-1 -1 -1 $-1 $2057 3.3599999999999999 $2012 4.7999999999999998 $1564 $2437 forward @7 unknown T 0.95999999999999996 1.9199999999999999 3.3599999999999999 0.95999999999999996 1.9199999999999999 4.7999999999999998 #
-2063 cface $-1 -1 $2326 $1115 $1296 0 #
-2064 cface $-1 -1 $1157 $752 $1724 0 #
-2065 cface $-1 -1 $2483 $492 $1134 0 #
-2066 cface_ptr-ct-attrib $-1 -1 $-1 $-1 $1568 1 1 1 1 1 1 1 1 1 1 1 1 0 1 0 1 1 1 $-1 $1117 #
-2067 face $2484 -1 -1 $-1 $1263 $2485 $6 $-1 $176 reversed single T 0 3.8399999999999999 0 0.96000000000000008 4.7999999999999998 0 F #
-2068 loop $-1 -1 -1 $-1 $-1 $2486 $1568 T 0 3.3999999999999999 -5.6039617390979402e-11 0.96000000000000008 3.8400000000000003 0 periphery $176 T #
-2069 coedge $-1 -1 -1 $-1 $2227 $2365 $2225 $2380 forward $1570 $-1 #
-2070 cface_ptr-ct-attrib $-1 -1 $-1 $-1 $1575 1 1 1 1 1 1 1 1 1 1 1 1 0 1 0 1 1 1 $-1 $1416 #
-2071 face $2487 -1 -1 $-1 $553 $2096 $6 $-1 $847 forward single T 2.8799999999999999 2.8799999999999999 0 2.8799999999999999 3.3999999999999999 1.3999999999999999 F #
-2072 cface $-1 -1 $1843 $365 $1127 0 #
-2073 cface_ptr-ct-attrib $-1 -1 $-1 $-1 $1577 1 1 1 1 1 1 1 1 1 1 1 1 0 1 0 1 1 1 $-1 $2488 #
-2074 face $2489 -1 -1 $-1 $2125 $2490 $6 $-1 $2076 forward single T 0.96000000000000008 3.3999999999999999 0 0.96000000000000008 3.8399999999999999 1.3999999999999999 F #
-2075 loop $-1 -1 -1 $-1 $-1 $2087 $1577 T 0.96000000000000008 2.8799999999999999 0 0.96000000000000008 3.3999999999999999 1.3999999999999999 periphery $2076 F #
-2076 plane-surface $-1 -1 -1 $-1 0.96000000000000008 3.3599999999999999 0 1 0 0 0 1 0 forward_v I I I I #
-2077 cface $-1 -1 $1131 $365 $2071 0 #
-2078 cface_ptr-ct-attrib $-1 -1 $-1 $-1 $1580 1 1 1 1 1 1 1 1 1 1 1 1 0 1 0 1 1 1 $-1 $1130 #
-2079 face $2491 -1 -1 $-1 $1125 $2492 $6 $-1 $1124 forward single T 3.8399999999999999 2.8799999999999999 3.3599999999999999 3.8399999999999999 3.3999999999999999 4.7999999999999998 F #
-2080 cface $-1 -1 $2488 $365 $2493 0 #
-2081 face $2494 -1 -1 $-1 $2123 $2495 $6 $-1 $596 forward single T 1.9200000000000002 2.8799999999999999 0 1.9200000000000002 3.3999999999999999 1.3999999999999999 F #
-2082 cface $-1 -1 $1359 $365 $1458 0 #
-2083 cface_ptr-ct-attrib $-1 -1 $-1 $-1 $1586 1 1 1 1 1 1 1 1 1 1 1 1 0 1 0 1 1 1 $-1 $1945 #
-2084 loop $-1 -1 -1 $-1 $-1 $2389 $1586 T 2.8799999999999999 1.4399999999999997 3.3599999999999999 2.8799999999999999 1.9199999999999999 4.7999999999999998 periphery $955 F #
-2085 coedge $-1 -1 -1 $-1 $2496 $2497 $2069 $2380 reversed $1587 $-1 #
-2086 coedge $-1 -1 -1 $-1 $1588 $2426 $2416 $2498 forward $1135 $-1 #
-2087 coedge $-1 -1 -1 $-1 $2424 $2499 $2500 $2088 forward $2075 $-1 #
-2088 edge $-1 -1 -1 $-1 $2501 -0.34999999998599007 $2428 1.0500000000140099 $2087 $2502 forward @7 unknown T 0.96000000000000008 3.3999999999999999 0 0.96000000000000008 3.3999999999999999 1.3999999999999999 #
-2089 coedge $-1 -1 -1 $-1 $1590 $1589 $2503 $2504 forward $767 $-1 #
-2090 coedge $-1 -1 -1 $-1 $2505 $2506 $2218 $2091 forward $1057 $-1 #
-2091 edge $-1 -1 -1 $-1 $2098 -1.6699999999999999 $2507 -0.71000000000000019 $2090 $2508 forward @7 unknown T 1.9200000000000002 3.3999999999999999 1.3999999999999999 2.8799999999999999 3.3999999999999999 1.3999999999999999 #
-2092 coedge $-1 -1 -1 $-1 $2509 $2510 $2231 $2093 forward $1578 $-1 #
-2093 edge $-1 -1 -1 $-1 $2511 0.7200000000000002 $2097 1.6799999999999999 $2092 $2512 forward @7 unknown T 1.9200000000000002 3.3999999999999999 -5.6039617390979402e-11 2.8799999999999999 3.4000000000000004 0 #
-2094 coedge $-1 -1 -1 $-1 $2513 $1591 $2506 $2514 forward $2096 $-1 #
-2095 coedge $-1 -1 -1 $-1 $1591 $2513 $2509 $2515 forward $2096 $-1 #
-2096 loop $-1 -1 -1 $-1 $-1 $1591 $2071 T 2.8799999999999999 2.8799999999999999 0 2.8799999999999999 3.3999999999999999 1.3999999999999999 periphery $847 F #
-2097 vertex $-1 -1 -1 $-1 $2189 $2516 #
-2098 vertex $-1 -1 -1 $-1 $2514 $2517 #
-2099 straight-curve $-1 -1 -1 $-1 2.8799999999999999 3.3999999999999999 0.34999999998599007 0 -1.5860328922581662e-16 1 I I #
-2100 coedge $-1 -1 -1 $-1 $1594 $2518 $1596 $2103 reversed $1578 $-1 #
-2101 straight-curve $-1 -1 -1 $-1 1.2 3.4000000000000004 -5.6039617390979402e-11 1 0 -0 I I #
-2102 coedge $-1 -1 -1 $-1 $1597 $1596 $2519 $2520 forward $1599 $-1 #
-2103 edge $-1 -1 -1 $-1 $1600 0.43999999999999995 $2521 0.95999999999999996 $1596 $1655 forward @7 unknown T 3.8399999999999999 2.8799999999999999 0 3.8399999999999999 3.3999999999999999 0 #
-2104 coedge $-1 -1 -1 $-1 $2522 $1707 $1597 $2105 reversed $1057 $-1 #
-2105 edge $-1 -1 -1 $-1 $2523 -0.0099999999999997868 $1240 0.51000000000000023 $1597 $2524 forward @7 unknown T 3.8399999999999999 2.8799999999999999 1.3999999999999999 3.8399999999999999 3.3999999999999999 1.3999999999999999 #
-2106 point $-1 -1 -1 $-1 3.8399999999999999 3.3999999999999999 0 #
-2107 coedge $-1 -1 -1 $-1 $1602 $1801 $2525 $2526 reversed $1608 $-1 #
-2108 edge $-1 -1 -1 $-1 $1753 -0.9700000000000002 $1603 0.98999999999999977 $2211 $2527 forward @7 unknown T 4.7999999999999998 1.4399999999999999 3.3599999999999999 4.7999999999999998 3.3999999999999999 3.3599999999999999 #
-2109 point $-1 -1 -1 $-1 4.7999999999999998 3.3999999999999999 3.3599999999999999 #
-2110 coedge $-1 -1 -1 $-1 $2525 $2243 $2528 $2111 forward $1929 $-1 #
-2111 edge $-1 -1 -1 $-1 $1793 3.8399999999999999 $1603 4.7999999999999998 $2184 $2474 forward @7 unknown T 3.8399999999999999 3.3999999999999999 3.3599999999999999 4.7999999999999998 3.3999999999999999 3.3599999999999999 #
-2112 cface_ptr-ct-attrib $-1 -1 $-1 $-1 $1607 1 1 1 1 1 1 1 1 1 1 1 1 0 1 0 1 1 1 $-1 $1950 #
-2113 loop $-1 -1 -1 $-1 $-1 $1749 $1607 T 4.7999999999999998 0 1.3999999999999999 4.7999999999999998 0.96000000000000019 3.3600000000000003 periphery $308 F #
-2114 coedge $-1 -1 -1 $-1 $1615 $1609 $1742 $2118 reversed $1149 $-1 #
-2115 coedge $-1 -1 -1 $-1 $1609 $1615 $1274 $1747 forward $1149 $-1 #
-2116 coedge $-1 -1 -1 $-1 $2529 $1611 $1362 $1849 reversed $1578 $-1 #
-2117 straight-curve $-1 -1 -1 $-1 4.7999999999999998 2.4100000000000001 1.3999999999999999 0 -1 0 I I #
-2118 edge $-1 -1 -1 $-1 $1616 3.3599999999999999 $2205 3.8399999999999999 $2114 $1181 forward @7 unknown T 4.7999999999999998 0.95999999999999996 -5.6039617390979402e-11 4.7999999999999998 1.4399999999999999 0 #
-2119 point $-1 -1 -1 $-1 4.7999999999999998 1.4399999999999999 -5.6039617390979402e-11 #
-2120 edge $-1 -1 -1 $-1 $1617 0.20999999999999996 $1753 2.1699999999999999 $1745 $2530 forward @7 unknown T 4.7999999999999998 1.4399999999999999 1.3999999999999999 4.7999999999999998 1.4399999999999999 3.3599999999999999 #
-2121 point $-1 -1 -1 $-1 4.7999999999999998 1.4399999999999999 1.3999999999999999 #
-2122 cface $-1 -1 $1734 $849 $1821 0 #
-2123 face $2531 -1 -1 $-1 $474 $1835 $6 $-1 $596 forward single T 1.9200000000000002 3.3999999999999995 3.3599999999999999 1.9200000000000002 3.8399999999999999 4.7999999999999998 F #
-2124 cface $-1 -1 $-1 $752 $1406 0 #
-2125 face $2532 -1 -1 $-1 $1875 $2382 $6 $-1 $2076 forward single T 0.96000000000000008 3.3999999999999999 1.3999999999999999 0.96000000000000008 3.8399999999999999 3.3599999999999999 F #
-2126 coedge $-1 -1 -1 $-1 $1636 $1624 $2533 $2534 reversed $1160 $-1 #
-2127 coedge $-1 -1 -1 $-1 $1626 $1625 $1931 $2054 reversed $786 $-1 #
-2128 coedge $-1 -1 -1 $-1 $2535 $1936 $2536 $2129 forward $2382 $-1 #
-2129 edge $-1 -1 -1 $-1 $1427 -0.10999999998599064 $2377 0.33000000001400931 $2128 $2537 forward @7 unknown T 0.96000000000000008 3.3999999999999999 3.3599999999999999 0.96000000000000008 3.8399999999999999 3.3599999999999999 #
-2130 edge $-1 -1 -1 $-1 $2022 0 $1428 0.43999999999999995 $1920 $1934 forward @7 unknown T 0 3.3999999999999999 3.3599999999999999 0 3.8399999999999999 3.3599999999999999 #
-2131 coedge $-1 -1 -1 $-1 $1627 $2333 $2383 $1937 reversed $2132 $-1 #
-2132 loop $-1 -1 -1 $-1 $-1 $1627 $1666 T 0 3.8399999999999999 3.3599999999999999 0.96000000000000008 3.8399999999999999 4.7999999999999998 periphery $1301 F #
-2133 coedge $-1 -1 -1 $-1 $1898 $2146 $2196 $2134 forward $1717 $-1 #
-2134 edge $-1 -1 -1 $-1 $2135 0 $1902 0.95999999999999996 $2196 $1502 forward @7 unknown T 1.4399999999999999 3.8399999999999999 3.3599999999999999 1.4399999999999999 4.7999999999999998 3.3599999999999999 #
-2135 vertex $-1 -1 -1 $-1 $2147 $2538 #
-2136 coedge $-1 -1 -1 $-1 $1631 $1630 $2255 $2539 reversed $1632 $-1 #
-2137 edge $-1 -1 -1 $-1 $2260 -2.3999999999999999 $1174 -0.96000000000000041 $1641 $2540 forward @7 unknown T 0.95999999999999996 4.8000000000000007 3.3600000000000003 0.95999999999999996 4.8000000000560394 4.7999999999999998 #
-2138 straight-curve $-1 -1 -1 $-1 0 4.7999999999999998 0 0 0 1 I I #
-2139 coedge $-1 -1 -1 $-1 $2541 $1917 $1636 $2140 reversed $1878 $-1 #
-2140 edge $-1 -1 -1 $-1 $2542 0 $1638 1.4000000000000001 $1636 $2138 forward @7 unknown T 0 4.7999999999999998 0 0 4.8000000000560394 1.4000000000000001 #
-2141 coedge $-1 -1 -1 $-1 $2225 $1637 $1411 $1918 forward $1773 $-1 #
-2142 point $-1 -1 -1 $-1 0 4.8000000000560394 1.4000000000000001 #
-2143 coedge $-1 -1 -1 $-1 $1641 $1640 $2455 $2543 forward $1642 $-1 #
-2144 edge $-1 -1 -1 $-1 $1643 3.3600000000000003 $2456 4.7999999999999998 $1640 $2138 forward @7 unknown T 0 4.7999999999999998 3.3600000000000003 0 4.8000000000560394 4.7999999999999998 #
-2145 point $-1 -1 -1 $-1 0 4.8000000000560394 3.3600000000000003 #
-2146 coedge $-1 -1 -1 $-1 $2133 $2347 $1645 $2147 reversed $1717 $-1 #
-2147 edge $-1 -1 -1 $-1 $2135 -2.1699999999999999 $2149 -0.20999999999999996 $1645 $2544 forward @7 unknown T 1.4399999999999999 4.7999999999999998 1.3999999999999999 1.4399999999999999 4.7999999999999998 3.3599999999999999 #
-2148 coedge $-1 -1 -1 $-1 $1774 $2545 $1172 $1648 forward $1297 $-1 #
-2149 vertex $-1 -1 -1 $-1 $2147 $2546 #
-2150 point $-1 -1 -1 $-1 4.7999999999999998 3.4000000000000004 -5.6039617390979402e-11 #
-2151 cface $-1 -1 $313 $521 $1453 0 #
-2152 face $2547 -1 -1 $-1 $213 $1759 $6 $-1 $308 forward single T 4.7999999999999998 0 3.3599999999999999 4.7999999999999998 0.96000000000000019 4.7999999999999998 F #
-2153 cface_ptr-ct-attrib $-1 -1 $-1 $-1 $1659 1 1 1 1 1 1 1 1 1 1 1 1 0 1 0 1 1 1 $-1 $1196 #
-2154 loop $-1 -1 -1 $-1 $-1 $1697 $1659 T 3.3999999999999999 0.95999999999999996 1.3999999999999999 3.8399999999999999 0.95999999999999996 3.3599999999999999 periphery $1451 F #
-2155 cface_ptr-ct-attrib $-1 -1 $-1 $-1 $1661 1 1 1 1 1 1 1 1 1 1 1 1 0 1 0 1 1 1 $2295 $2548 #
-2156 cface_ptr-ct-attrib $-1 -1 $-1 $-1 $1666 1 1 1 1 1 1 1 1 1 1 1 1 0 1 0 1 1 1 $1538 $1874 #
-2157 coedge $-1 -1 -1 $-1 $1668 $2209 $1688 $2173 forward $1437 $-1 #
-2158 straight-curve $-1 -1 -1 $-1 2.1600000000000001 0.95999999999999952 3.3599999999999999 -1 -2.312964634635743e-16 5.3498054011973644e-32 I I #
-2159 coedge $-1 -1 -1 $-1 $2169 $1671 $1674 $2162 reversed $1499 $-1 #
-2160 straight-curve $-1 -1 -1 $-1 3.8399999999999999 0 2.3999999999999999 0 0 -1 I I #
-2161 coedge $-1 -1 -1 $-1 $1674 $1673 $2313 $2549 forward $1272 $-1 #
-2162 edge $-1 -1 -1 $-1 $2550 0 $1478 0.95999999999999996 $2159 $1479 forward @7 unknown T 3.8399999999999999 0 0 4.7999999999999998 0 0 #
-2163 point $-1 -1 -1 $-1 3.8399999999999999 0.95999999999999996 0 #
-2164 coedge $-1 -1 -1 $-1 $2551 $1678 $2157 $2173 reversed $2167 $-1 #
-2165 coedge $-1 -1 -1 $-1 $1678 $2551 $1866 $2306 reversed $2167 $-1 #
-2166 coedge $-1 -1 -1 $-1 $2396 $1697 $814 $1210 reversed $2154 $-1 #
-2167 loop $-1 -1 -1 $-1 $-1 $2164 $2552 T 3.8399999999999999 0.95999999999999996 1.3999999999999999 3.8399999999999999 1.4399999999999999 3.3599999999999999 periphery $1404 F #
-2168 coedge $-1 -1 -1 $-1 $1680 $1679 $2315 $2316 forward $1442 $-1 #
-2169 coedge $-1 -1 -1 $-1 $1682 $2159 $1859 $2314 forward $1499 $-1 #
-2170 straight-curve $-1 -1 -1 $-1 1.2 3.2760016921429269e-11 1.4000000000000001 -1 -0 0 I I #
-2171 coedge $-1 -1 -1 $-1 $2406 $1684 $1489 $1685 forward $1662 $-1 #
-2172 coedge $-1 -1 -1 $-1 $1684 $2406 $1955 $2397 forward $1662 $-1 #
-2173 edge $-1 -1 -1 $-1 $2553 -0.35999999999180954 $826 0.12000000000819044 $1688 $2554 forward @7 unknown T 3.8399999999999999 0.95999999999999996 3.3599999999999999 3.8399999999999999 1.4399999999999999 3.3599999999999999 #
-2174 face $2555 -1 -1 $-1 $994 $1690 $6 $-1 $1404 forward single T 3.8399999999999999 0.95999999999999996 3.3599999999999999 3.8399999999999999 1.4399999999999999 4.7999999999999998 F #
-2175 coedge $-1 -1 -1 $-1 $1758 $1757 $1693 $2176 reversed $1759 $-1 #
-2176 edge $-1 -1 -1 $-1 $1702 3.3599999999999999 $2177 4.7999999999999998 $1693 $2556 forward @7 unknown T 4.7999999999999998 0 3.3599999999999999 4.7999999999999998 3.2760016921429269e-11 4.7999999999999998 #
-2177 vertex $2557 -1 -1 $-1 $2176 $2558 #
-2178 edge $-1 -1 -1 $-1 $1699 -0.51000000000000023 $2559 0.0099999999999997868 $1696 $2560 forward @7 unknown T 2.8799999999999999 0.95999999999999996 3.3599999999999999 3.3999999999999999 0.95999999999999996 3.3599999999999999 #
-2179 coedge $-1 -1 -1 $-1 $1697 $2396 $2412 $2561 forward $2154 $-1 #
-2180 point $-1 -1 -1 $-1 3.3999999999999999 0.95999999999999996 3.3599999999999999 #
-2181 point $-1 -1 -1 $-1 4.7999999999999998 3.2760016921429269e-11 3.3600000000000003 #
-2182 edge $-1 -1 -1 $-1 $1702 -1.5599999999754304 $1282 -0.6000000000081902 $1758 $1754 forward @7 unknown T 4.7999999999999998 3.2760016921429269e-11 3.3599999999999999 4.7999999999999998 0.96000000000000019 3.3600000000000003 #
-2183 straight-curve $-1 -1 -1 $-1 4.7999999999999998 3.3999999999999999 0.34999999998599018 0 -1.5860328922581662e-16 1 I I #
-2184 coedge $-1 -1 -1 $-1 $1706 $1705 $1604 $2111 reversed $1708 $-1 #
-2185 straight-curve $-1 -1 -1 $-1 3.8399999999999999 3.3999999999999999 1.1899999999999999 0 0 1 I I #
-2186 straight-curve $-1 -1 -1 $-1 4.7999999999999998 3.3999999999999999 1.1899999999999999 -0 0 -1 I I #
-2187 coedge $-1 -1 -1 $-1 $1719 $2412 $1973 $2407 forward $1248 $-1 #
-2188 edge $-1 -1 -1 $-1 $1494 -2.1699999999999999 $1978 -0.20999999999999996 $1980 $2562 forward @7 unknown T 3.3999999999999999 0 1.3999999999999999 3.3999999999999999 0 3.3599999999999999 #
-2189 edge $-1 -1 -1 $-1 $2097 0.52000000000000002 $1785 0.95999999999999996 $1721 $2563 forward @7 unknown T 2.8799999999999999 3.3999999999999999 0 2.8799999999999999 3.8399999999999999 0 #
-2190 coedge $-1 -1 -1 $-1 $1764 $2218 $1722 $2191 reversed $1765 $-1 #
-2191 edge $-1 -1 -1 $-1 $2219 0.24000000000000021 $2098 0.68000000000000016 $1722 $2564 forward @7 unknown T 2.8799999999999999 3.3999999999999999 1.3999999999999999 2.8799999999999999 3.8399999999999999 1.3999999999999999 #
-2192 cface_ptr-ct-attrib $-1 -1 $-1 $-1 $1724 1 1 1 1 1 1 1 1 1 1 1 1 0 1 0 1 1 1 $-1 $2064 #
-2193 cface_ptr-ct-attrib $-1 -1 $-1 $-1 $1725 1 1 1 1 1 1 1 1 1 1 1 1 0 1 0 1 1 1 $1924 $1252 #
-2194 coedge $-1 -1 -1 $-1 $2565 $1727 $2347 $2566 forward $1765 $-1 #
-2195 straight-curve $-1 -1 -1 $-1 2.4100000000000001 4.7999999999999998 1.3999999999999999 1 0 0 I I #
-2196 coedge $-1 -1 -1 $-1 $1729 $2351 $1628 $2134 reversed $1345 $-1 #
-2197 straight-curve $-1 -1 -1 $-1 2.4100000000000001 4.7999999999999998 3.3599999999999999 -1 0 -0 I I #
-2198 cface_ptr-ct-attrib $-1 -1 $-1 $-1 $1736 1 1 1 1 1 1 1 1 1 1 1 1 0 1 0 1 1 1 $-1 $1732 #
-2199 coedge $-1 -1 -1 $-1 $2567 $2568 $2089 $2504 reversed $1737 $-1 #
-2200 cface $-1 -1 $554 $861 $1400 1 #
-2201 cface_ptr-ct-attrib $-1 -1 $-1 $-1 $1739 1 1 1 1 1 1 1 1 1 1 1 1 0 1 0 1 1 1 $-1 $1268 #
-2202 loop $-1 -1 -1 $-1 $-1 $2207 $1739 T 3.8399999999999999 1.4399999999999999 1.3999999999999999 4.7999999999999998 1.4399999999999999 3.3599999999999999 periphery $1110 T #
-2203 face $2569 -1 -1 $-1 $2552 $1855 $6 $-1 $1404 forward single T 3.8399999999999999 0.95999999999999996 0 3.8399999999999999 1.4399999999999999 1.3999999999999999 F #
-2204 edge $-1 -1 -1 $-1 $1857 0.47999999999999998 $1675 0.95999999999999996 $1852 $2570 forward @7 unknown T 3.8399999999999999 0.95999999999999996 0 3.8399999999999999 1.4399999999999999 0 #
-2205 vertex $-1 -1 -1 $-1 $2549 $2571 #
-2206 straight-curve $-1 -1 -1 $-1 3.3600000000000003 0.95999999999999974 0 1 2.312964634635743e-16 -0 I I #
-2207 coedge $-1 -1 -1 $-1 $2305 $2572 $1745 $2120 reversed $2202 $-1 #
-2208 coedge $-1 -1 -1 $-1 $1746 $1866 $1363 $1851 forward $1867 $-1 #
-2209 coedge $-1 -1 -1 $-1 $2157 $1748 $2572 $2573 reversed $1437 $-1 #
-2210 coedge $-1 -1 -1 $-1 $2315 $1749 $1703 $2182 reversed $2113 $-1 #
-2211 coedge $-1 -1 -1 $-1 $2574 $1751 $2575 $2108 forward $2214 $-1 #
-2212 coedge $-1 -1 -1 $-1 $1751 $2574 $2016 $2449 forward $2214 $-1 #
-2213 coedge $-1 -1 -1 $-1 $2018 $2576 $1278 $1752 forward $1907 $-1 #
-2214 loop $-1 -1 -1 $-1 $-1 $1751 $1905 T 4.7999999999999998 1.4399999999999999 3.3599999999999999 4.7999999999999998 3.4000000000000004 4.7999999999999998 periphery $308 F #
-2215 straight-curve $-1 -1 -1 $-1 4.7999999999999998 1.4399999999999999 2.0399999999918101 0 7.709882115627874e-17 1 I I #
-2216 point $-1 -1 -1 $-1 4.7999999999999998 1.4399999999999999 3.3599999999999999 #
-2217 point $-1 -1 -1 $-1 4.7999999999999998 1.4399999999999999 4.7999999999672402 #
-2218 coedge $-1 -1 -1 $-1 $2190 $2577 $1589 $2091 reversed $1765 $-1 #
-2219 vertex $-1 -1 -1 $-1 $1767 $2578 #
-2220 straight-curve $-1 -1 -1 $-1 2.8899999999999997 3.8399999999999999 1.3999999999999999 -1 0 0 I I #
-2221 coedge $-1 -1 -1 $-1 $2579 $1770 $1776 $2228 reversed $1293 $-1 #
-2222 coedge $-1 -1 -1 $-1 $1770 $2580 $2565 $2581 forward $1293 $-1 #
-2223 coedge $-1 -1 -1 $-1 $2545 $1774 $1895 $2224 forward $1297 $-1 #
-2224 edge $-1 -1 -1 $-1 $2229 0.23999999999999999 $2348 0.71999999999999986 $1895 $2582 forward @7 unknown T 0.96000000000000008 3.8399999999999999 1.3999999999999999 1.4399999999999999 3.8399999999999999 1.3999999999999999 #
-2225 coedge $-1 -1 -1 $-1 $1777 $2141 $1935 $2380 forward $1773 $-1 #
-2226 coedge $-1 -1 -1 $-1 $1776 $1775 $2583 $2233 forward $888 $-1 #
-2227 coedge $-1 -1 -1 $-1 $2584 $2069 $2585 $2228 reversed $1570 $-1 #
-2228 edge $-1 -1 -1 $-1 $2586 0 $2229 1.3999999999999999 $2585 $2346 forward @7 unknown T 0.96000000000000008 3.8399999999999999 0 0.96000000000000008 3.8399999999999999 1.3999999999999999 #
-2229 vertex $-1 -1 -1 $-1 $1897 $2587 #
-2230 straight-curve $-1 -1 -1 $-1 0.95999999999999996 4.2100000000140101 1.3999999999999999 0 1 1.5860328922581657e-16 I I #
-2231 coedge $-1 -1 -1 $-1 $2588 $1779 $1590 $2093 reversed $1305 $-1 #
-2232 coedge $-1 -1 -1 $-1 $1780 $2588 $2579 $2589 reversed $1305 $-1 #
-2233 edge $-1 -1 -1 $-1 $1782 -1.4399999999999995 $2586 -0.47999999999999954 $2583 $2590 forward @7 unknown T 0.95999999999999996 3.8399999999999999 0 0.96000000000000008 4.7999999999999998 0 #
-2234 straight-curve $-1 -1 -1 $-1 0.95999999999999996 4.8000000000000007 2.3999999999999999 0 0 -1 I I #
-2235 point $-1 -1 -1 $-1 0.95999999999999996 4.7999999999999998 0 #
-2236 straight-curve $-1 -1 -1 $-1 2.8799999999999999 3.8399999999999999 0 0 0 1 I I #
-2237 point $-1 -1 -1 $-1 2.8799999999999999 3.8399999999999999 0 #
-2238 coedge $-1 -1 -1 $-1 $1824 $1823 $1787 $2239 forward $921 $-1 #
-2239 edge $-1 -1 -1 $-1 $2241 3.3599999999999999 $2257 4.7999999999999998 $2238 $2236 forward @7 unknown T 2.8799999999999999 3.8399999999999999 3.3599999999999999 2.8799999999999999 3.8399999999999999 4.7999999999999998 #
-2240 coedge $-1 -1 -1 $-1 $1822 $1788 $1823 $2271 reversed $1345 $-1 #
-2241 vertex $-1 -1 -1 $-1 $2239 $2591 #
-2242 straight-curve $-1 -1 -1 $-1 2.8899999999999997 3.8399999999999999 3.3599999999999999 1 0 0 I I #
-2243 coedge $-1 -1 -1 $-1 $2110 $2592 $2593 $2244 forward $1929 $-1 #
-2244 edge $-1 -1 -1 $-1 $2594 -2.7600000000081897 $1793 -1.3200000000081897 $2593 $2595 forward @7 unknown T 3.8399999999999999 3.3999999999999995 3.3599999999999999 3.8399999999999999 3.3999999999999999 4.7999999999999998 #
-2245 edge $-1 -1 -1 $-1 $1793 -0.51000000000000023 $2596 0.0099999999999997868 $2597 $2598 forward @7 unknown T 3.8399999999999999 2.8799999999999999 3.3599999999999999 3.8399999999999999 3.3999999999999999 3.3599999999999999 #
-2246 point $-1 -1 -1 $-1 3.8399999999999999 3.3999999999999999 3.3599999999999999 #
-2247 coedge $-1 -1 -1 $-1 $1806 $2329 $1797 $1814 reversed $1382 $-1 #
-2248 cface_ptr-ct-attrib $-1 -1 $-1 $-1 $1798 1 1 1 1 1 1 1 1 1 1 1 1 0 1 0 1 1 1 $-1 $2007 #
-2249 integer_attrib-name_attrib-gen-attrib $-1 -1 $-1 $-1 $1799 2 4 2 1 1 1 1 1 1 1 1 1 1 1 0 1 1 1 @16 SKETCH_ENTITY_ID 300020 #
-2250 point $-1 -1 -1 $-1 4.7999999999999998 4.7999999999999998 4.7999999999999998 #
-2251 straight-curve $-1 -1 -1 $-1 4.7999999999999998 3.8399999999999999 4.7999999999999998 -1 -2.312964634635743e-16 0 F 0 F 0.95999999999999996 #
-2252 edge $-1 -1 -1 $-1 $1802 0.95999999999999996 $2599 1.3999999999999995 $1801 $1756 forward @7 unknown T 4.7999999999999998 3.4000000000000004 4.7999999999672402 4.7999999999999998 3.8399999999999999 4.7999999999999998 #
-2253 integer_attrib-name_attrib-gen-attrib $-1 -1 $-1 $-1 $1802 2 4 2 1 1 1 1 1 1 1 1 1 1 1 0 1 1 1 @16 SKETCH_ENTITY_ID 300038 #
-2254 point $-1 -1 -1 $-1 4.7999999999999998 3.8399999999999999 4.7999999999999998 #
-2255 coedge $-1 -1 -1 $-1 $2600 $1804 $2332 $2539 forward $1807 $-1 #
-2256 coedge $-1 -1 -1 $-1 $1805 $2601 $1824 $2272 reversed $1807 $-1 #
-2257 vertex $-1 -1 -1 $-1 $2239 $2602 #
-2258 straight-curve $-1 -1 -1 $-1 2.8799999999999999 3.8399999999999999 4.7999999999999998 -1 -0 -0 I I #
-2259 edge $-1 -1 -1 $-1 $2594 -0.43999999999999995 $916 0 $1810 $2603 forward @7 unknown T 3.8399999999999999 3.3999999999999999 4.7999999999999998 3.8399999999999999 3.8399999999999999 4.7999999999999998 #
-2260 vertex $2604 -1 -1 $-1 $1812 $2605 #
-2261 straight-curve $-1 -1 -1 $-1 0 4.7999999999999998 4.7999999999999998 1 0 0 I I #
-2262 face $2606 -1 -1 $-1 $2607 $2376 $6 $-1 $2076 forward single T 0.96000000000000008 2.8799999999999999 3.3599999999999999 0.96000000000000008 3.3999999999999999 4.7999999999999998 F #
-2263 cface_ptr-ct-attrib $-1 -1 $-1 $-1 $1818 1 1 1 1 1 1 1 1 1 1 1 1 0 1 0 1 1 1 $-1 $1341 #
-2264 loop $-1 -1 -1 $-1 $-1 $2608 $1818 T 0.96000000000000008 2.8799999999999999 3.3599999999999999 1.9200000000000002 2.8799999999999999 4.7999999999999998 periphery $2265 F #
-2265 plane-surface $-1 -1 -1 $-1 1.4400000000000002 2.8799999999999999 0 0 1 -0 -1 0 0 forward_v I I I I #
-2266 cface $-1 -1 $1435 $378 $1344 0 #
-2267 cface_ptr-ct-attrib $-1 -1 $-1 $-1 $1821 1 1 1 1 1 1 1 1 1 1 1 1 0 1 0 1 1 1 $-1 $2122 #
-2268 coedge $-1 -1 -1 $-1 $2351 $1822 $1833 $2291 reversed $1345 $-1 #
-2269 coedge $-1 -1 -1 $-1 $1825 $1834 $2280 $2270 forward $1420 $-1 #
-2270 edge $-1 -1 -1 $-1 $1837 0.71000000000000019 $2275 1.6699999999999999 $2280 $2609 forward @7 unknown T 1.9200000000000002 3.3999999999999999 3.3599999999999999 2.8799999999999999 3.3999999999999999 3.3599999999999999 #
-2271 edge $-1 -1 -1 $-1 $2275 -0.68000000000000016 $2241 -0.24000000000000021 $1823 $2610 forward @7 unknown T 2.8799999999999999 3.3999999999999999 3.3599999999999999 2.8799999999999999 3.8399999999999999 3.3599999999999999 #
-2272 edge $-1 -1 -1 $-1 $2257 -0.95999999999999996 $2276 -0.52000000000000002 $1824 $2611 forward @7 unknown T 2.8799999999999999 3.3999999999999999 4.7999999999999998 2.8799999999999999 3.8399999999999999 4.7999999999999998 #
-2273 coedge $-1 -1 -1 $-1 $1834 $1825 $2285 $2612 forward $1420 $-1 #
-2274 coedge $-1 -1 -1 $-1 $2613 $2614 $1347 $1826 forward $2386 $-1 #
-2275 vertex $-1 -1 -1 $-1 $2271 $2615 #
-2276 vertex $-1 -1 -1 $-1 $2616 $2617 #
-2277 straight-curve $-1 -1 -1 $-1 2.8799999999999999 3.3999999999999995 2.0399999999918101 -0 1.5419764231255748e-16 1 I I #
-2278 coedge $-1 -1 -1 $-1 $2618 $2619 $1827 $2279 reversed $2264 $-1 #
-2279 edge $-1 -1 -1 $-1 $2282 3.3599999999999999 $2286 4.7999999999999998 $1827 $2620 forward @7 unknown T 1.9200000000000002 2.8799999999999999 3.3599999999999999 1.9200000000000002 2.8799999999999999 4.7999999999999998 #
-2280 coedge $-1 -1 -1 $-1 $2621 $1828 $1822 $2270 forward $1109 $-1 #
-2281 coedge $-1 -1 -1 $-1 $1828 $2471 $2618 $2622 reversed $1109 $-1 #
-2282 vertex $-1 -1 -1 $-1 $2279 $2623 #
-2283 straight-curve $-1 -1 -1 $-1 1.9200000000000002 4.0800000000000001 3.3599999999999999 0 -1 0 I I #
-2284 coedge $-1 -1 -1 $-1 $2013 $1830 $2619 $2624 reversed $1075 $-1 #
-2285 coedge $-1 -1 -1 $-1 $1830 $2625 $2601 $2612 forward $1075 $-1 #
-2286 vertex $-1 -1 -1 $-1 $2279 $2626 #
-2287 straight-curve $-1 -1 -1 $-1 1.9200000000000002 3.8399999999999999 4.7999999999999998 0 1 0 I I #
-2288 coedge $-1 -1 -1 $-1 $1833 $1832 $2350 $2627 reversed $1835 $-1 #
-2289 coedge $-1 -1 -1 $-1 $2601 $2600 $1832 $2290 reversed $1807 $-1 #
-2290 edge $-1 -1 -1 $-1 $1836 -0.43999999999999995 $2628 0 $1832 $2287 forward @7 unknown T 1.9200000000000002 3.3999999999999999 4.7999999999999998 1.9200000000000002 3.8399999999999999 4.7999999999999998 #
-2291 edge $-1 -1 -1 $-1 $2629 0.24000000000000021 $1837 0.68000000000000016 $1833 $2283 forward @7 unknown T 1.9200000000000002 3.3999999999999999 3.3599999999999999 1.9200000000000002 3.8399999999999999 3.3599999999999999 #
-2292 point $-1 -1 -1 $-1 1.9200000000000002 3.3999999999999999 4.7999999999999998 #
-2293 point $-1 -1 -1 $-1 1.9200000000000002 3.3999999999999999 3.3599999999999999 #
-2294 cface $-1 -1 $2266 $378 $1871 0 #
-2295 cface $-1 -1 $1605 $1357 $1661 1 #
-2296 cface $-1 -1 $2630 $365 $1516 0 #
-2297 coedge $-1 -1 -1 $-1 $1845 $1844 $1559 $2051 forward $931 $-1 #
-2298 coedge $-1 -1 -1 $-1 $2631 $1846 $2409 $2632 forward $1459 $-1 #
-2299 coedge $-1 -1 -1 $-1 $1846 $2631 $1963 $2398 forward $1459 $-1 #
-2300 vertex $-1 -1 -1 $-1 $2344 $2633 #
-2301 vertex $-1 -1 -1 $-1 $2632 $2634 #
-2302 straight-curve $-1 -1 -1 $-1 2.8799999999999999 1.4399999999999999 0.34999999998599007 0 -7.9301644612908309e-17 1 I I #
-2303 straight-curve $-1 -1 -1 $-1 1.2 1.4399999999999999 -5.6039617390979402e-11 1 0 -0 I I #
-2304 coedge $-1 -1 -1 $-1 $1850 $2635 $2307 $2636 reversed $1057 $-1 #
-2305 coedge $-1 -1 -1 $-1 $2637 $2207 $2208 $1851 reversed $2202 $-1 #
-2306 edge $-1 -1 -1 $-1 $1216 -0.12000000000819 $1856 0.35999999999180998 $1853 $2638 forward @7 unknown T 3.8399999999999999 0.95999999999999996 1.3999999999999999 3.8399999999999999 1.4399999999999999 1.3999999999999999 #
-2307 coedge $-1 -1 -1 $-1 $2639 $1854 $2304 $2636 forward $2309 $-1 #
-2308 coedge $-1 -1 -1 $-1 $1854 $2639 $2529 $2640 forward $2309 $-1 #
-2309 loop $-1 -1 -1 $-1 $-1 $1854 $1869 T 3.8399999999999999 1.4399999999999999 0 3.8399999999999999 1.9199999999999999 1.3999999999999999 periphery $1404 F #
-2310 edge $-1 -1 -1 $-1 $2553 -2.1699999999999999 $1856 -0.20999999999999996 $2551 $2641 forward @7 unknown T 3.8399999999999999 1.4399999999999999 1.3999999999999999 3.8399999999999999 1.4399999999999999 3.3599999999999999 #
-2311 point $-1 -1 -1 $-1 3.8399999999999999 1.4399999999999999 1.3999999999999999 #
-2312 point $-1 -1 -1 $-1 3.8399999999999999 1.4399999999999999 0 #
-2313 coedge $-1 -1 -1 $-1 $1860 $1859 $2161 $2549 reversed $1454 $-1 #
-2314 edge $-1 -1 -1 $-1 $2550 0 $1862 1.4000000000000001 $2169 $2556 forward @7 unknown T 4.7999999999999998 0 0 4.7999999999999998 3.2760016921429269e-11 1.4000000000000001 #
-2315 coedge $-1 -1 -1 $-1 $1861 $2210 $2168 $2316 reversed $2113 $-1 #
-2316 edge $-1 -1 -1 $-1 $1862 1.4000000000000001 $1702 3.3599999999999999 $2168 $2556 forward @7 unknown T 4.7999999999999998 0 1.4000000000000001 4.7999999999999998 3.2760016921429269e-11 3.3600000000000003 #
-2317 point $-1 -1 -1 $-1 4.7999999999999998 3.2760016921429269e-11 1.4000000000000001 #
-2318 coedge $-1 -1 -1 $-1 $1969 $1955 $1205 $1670 reversed $1450 $-1 #
-2319 straight-curve $-1 -1 -1 $-1 4.7999999999999998 0.96000000000000019 2.3999999999999999 0 0 1 I I #
-2320 cface_ptr-ct-attrib $-1 -1 $-1 $-1 $1869 1 1 1 1 1 1 1 1 1 1 1 1 0 1 0 1 1 1 $-1 $1374 #
-2321 cface_ptr-ct-attrib $-1 -1 $-1 $-1 $1871 1 1 1 1 1 1 1 1 1 1 1 1 0 1 0 1 1 1 $-1 $2294 #
-2322 loop $-1 -1 -1 $-1 $-1 $2642 $1871 T 2.8799999999999999 1.9199999999999999 3.3599999999999999 3.8399999999999999 1.9199999999999999 4.7999999999999998 periphery $1873 F #
-2323 coedge $-1 -1 -1 $-1 $2643 $2644 $2635 $2645 forward $1872 $-1 #
-2324 cface_ptr-ct-attrib $-1 -1 $-1 $-1 $1875 1 1 1 1 1 1 1 1 1 1 1 1 0 1 0 1 1 1 $-1 $1376 #
-2325 loop $-1 -1 -1 $-1 $-1 $2375 $1875 T 0.96000000000000008 3.3999999999999995 3.3599999999999999 0.96000000000000008 3.8399999999999999 4.7999999999999998 periphery $2076 F #
-2326 cface $-1 -1 $2646 $1115 $1378 0 #
-2327 cface_ptr-ct-attrib $-1 -1 $-1 $-1 $1877 1 1 1 1 1 1 1 1 1 1 1 1 0 1 0 1 1 1 $-1 $2371 #
-2328 coedge $-1 -1 -1 $-1 $1917 $2541 $1916 $2366 forward $1878 $-1 #
-2329 coedge $-1 -1 -1 $-1 $2247 $1881 $2008 $2440 reversed $1382 $-1 #
-2330 coedge $-1 -1 -1 $-1 $2375 $2383 $1883 $2331 forward $2325 $-1 #
-2331 edge $-1 -1 -1 $-1 $2334 -0.95999999999999996 $2378 -0.52000000000000002 $2330 $2647 forward @7 unknown T 0.96000000000000008 3.3999999999999999 4.7999999999999998 0.96000000000000008 3.8399999999999999 4.7999999999999998 #
-2332 coedge $-1 -1 -1 $-1 $2455 $1884 $2136 $2539 reversed $1880 $-1 #
-2333 coedge $-1 -1 -1 $-1 $2131 $2031 $1383 $1885 reversed $2132 $-1 #
-2334 vertex $2648 -1 -1 $-1 $1937 $2649 #
-2335 straight-curve $-1 -1 -1 $-1 0 3.8399999999999999 4.7999999999999998 -1 2.312964634635743e-16 -0 F -0.95999999999999996 F -0 #
-2336 coedge $-1 -1 -1 $-1 $1887 $1886 $2592 $2650 reversed $945 $-1 #
-2337 straight-curve $-1 -1 -1 $-1 1.2 1.4399999999999999 4.7999999999672402 -1 0 0 I I #
-2338 edge $-1 -1 -1 $-1 $1890 -2.7600000000081897 $2553 -1.3200000000081897 $1889 $2651 forward @7 unknown T 3.8399999999999999 1.4399999999999997 3.3599999999999999 3.8399999999999999 1.4399999999999999 4.7999999999999998 #
-2339 edge $-1 -1 -1 $-1 $1890 -0.47999999999999998 $2652 0 $2359 $1891 forward @7 unknown T 3.8399999999999999 1.4399999999999999 4.7999999999999998 3.8399999999999999 1.9199999999999999 4.7999999999999998 #
-2340 point $-1 -1 -1 $-1 3.8399999999999999 1.4399999999999999 4.7999999999999998 #
-2341 coedge $-1 -1 -1 $-1 $2442 $1892 $2055 $2475 forward $1392 $-1 #
-2342 coedge $-1 -1 -1 $-1 $1894 $1893 $2653 $2654 forward $954 $-1 #
-2343 coedge $-1 -1 -1 $-1 $1964 $2655 $1893 $2344 reversed $1578 $-1 #
-2344 edge $-1 -1 -1 $-1 $2300 0.47999999999999998 $2656 0.95999999999999996 $1893 $2657 forward @7 unknown T 2.8799999999999999 1.4399999999999999 0 2.8799999999999999 1.9199999999999999 0 #
-2345 edge $-1 -1 -1 $-1 $2658 1.2000000000000002 $2301 1.6800000000000002 $1894 $2659 forward @7 unknown T 2.8799999999999999 1.4399999999999999 1.3999999999999999 2.8799999999999999 1.9199999999999999 1.3999999999999999 #
-2346 straight-curve $-1 -1 -1 $-1 0.96000000000000008 3.8399999999999999 0 0 0 1 I I #
-2347 coedge $-1 -1 -1 $-1 $2146 $1898 $2545 $2566 reversed $1717 $-1 #
-2348 vertex $-1 -1 -1 $-1 $1899 $2660 #
-2349 straight-curve $-1 -1 -1 $-1 1.4399999999999999 3.8399999999999999 1.1899999999999999 0 0 1 I I #
-2350 coedge $-1 -1 -1 $-1 $2353 $1900 $2288 $2627 forward $1769 $-1 #
-2351 coedge $-1 -1 -1 $-1 $2196 $2268 $1900 $2352 reversed $1345 $-1 #
-2352 edge $-1 -1 -1 $-1 $1902 -0.49000000000000021 $2629 -0.010000000000000009 $1900 $2661 forward @7 unknown T 1.4399999999999999 3.8399999999999999 3.3599999999999999 1.9200000000000002 3.8399999999999999 3.3599999999999999 #
-2353 coedge $-1 -1 -1 $-1 $1901 $2350 $2600 $2662 forward $1769 $-1 #
-2354 point $-1 -1 -1 $-1 1.4399999999999999 3.8399999999999999 3.3599999999999999 #
-2355 cface $-1 -1 $2384 $378 $2079 0 #
-2356 cface_ptr-ct-attrib $-1 -1 $-1 $-1 $1905 1 1 1 1 1 1 1 1 1 1 1 1 0 1 0 1 1 1 $-1 $1399 #
-2357 coedge $-1 -1 -1 $-1 $2576 $2018 $1889 $2338 forward $1907 $-1 #
-2358 coedge $-1 -1 -1 $-1 $2519 $2663 $2522 $2664 forward $1909 $-1 #
-2359 coedge $-1 -1 -1 $-1 $2665 $1911 $2017 $2339 forward $1403 $-1 #
-2360 coedge $-1 -1 -1 $-1 $1911 $2665 $2666 $2667 forward $1403 $-1 #
-2361 cface_ptr-ct-attrib $-1 -1 $-1 $-1 $1913 1 1 1 1 1 1 1 1 1 1 1 1 0 1 0 1 1 1 $-1 $1573 #
-2362 coedge $-1 -1 -1 $-1 $2053 $2668 $2535 $2669 reversed $1914 $-1 #
-2363 coedge $-1 -1 -1 $-1 $2414 $1916 $2670 $2671 reversed $1409 $-1 #
-2364 coedge $-1 -1 -1 $-1 $1916 $2414 $2496 $2369 reversed $1409 $-1 #
-2365 coedge $-1 -1 -1 $-1 $2069 $2584 $2328 $2366 forward $1570 $-1 #
-2366 edge $-1 -1 -1 $-1 $2672 -2.3999999999999999 $1922 -1 $2328 $2673 forward @7 unknown T 0 3.8399999999999999 0 0 3.8399999999999999 1.3999999999999999 #
-2367 straight-curve $-1 -1 -1 $-1 0 3.3999999999999999 1.3999999999999999 -0 -1 -1.5860328922581657e-16 F -1.40000000005604 F -0 #
-2368 coedge $-1 -1 -1 $-1 $1920 $1919 $2473 $2429 forward $1921 $-1 #
-2369 edge $-1 -1 -1 $-1 $1922 -0.43999999999999995 $1997 -0 $1919 $2367 forward @7 unknown T 0 3.3999999999999999 1.3999999999999999 0 3.8399999999999999 1.3999999999999999 #
-2370 point $-1 -1 -1 $-1 0 3.8399999999999999 1.3999999999999999 #
-2371 cface $-1 -1 $1084 $966 $1877 0 #
-2372 coedge $-1 -1 -1 $-1 $1931 $1930 $1533 $2021 forward $970 $-1 #
-2373 coedge $-1 -1 -1 $-1 $2674 $1932 $2013 $2446 forward $2376 $-1 #
-2374 coedge $-1 -1 -1 $-1 $1932 $2674 $2052 $2472 forward $2376 $-1 #
-2375 coedge $-1 -1 -1 $-1 $2536 $2330 $1421 $1933 reversed $2325 $-1 #
-2376 loop $-1 -1 -1 $-1 $-1 $1932 $2262 T 0.96000000000000008 2.8799999999999999 3.3599999999999999 0.96000000000000008 3.3999999999999999 4.7999999999999998 periphery $2076 F #
-2377 vertex $-1 -1 -1 $-1 $2472 $2675 #
-2378 vertex $-1 -1 -1 $-1 $2446 $2676 #
-2379 straight-curve $-1 -1 -1 $-1 0.96000000000000008 3.3999999999999995 2.0399999999918101 -0 1.5419764231255748e-16 1 I I #
-2380 edge $-1 -1 -1 $-1 $1922 -0.23999999999999996 $2229 0.72000000000000008 $2085 $2677 forward @7 unknown T 0 3.8399999999999999 1.3999999999999999 0.96000000000000008 3.8399999999999999 1.3999999999999999 #
-2381 coedge $-1 -1 -1 $-1 $1936 $2535 $2678 $2679 forward $2382 $-1 #
-2382 loop $-1 -1 -1 $-1 $-1 $2128 $2125 T 0.96000000000000008 3.3999999999999999 1.3999999999999999 0.96000000000000008 3.8399999999999999 3.3599999999999999 periphery $2076 F #
-2383 coedge $-1 -1 -1 $-1 $2330 $2536 $1901 $1937 forward $2325 $-1 #
-2384 cface $-1 -1 $2680 $378 $1433 0 #
-2385 cface_ptr-ct-attrib $-1 -1 $-1 $-1 $1942 1 1 1 1 1 1 1 1 1 1 1 1 0 1 0 1 1 1 $-1 $2680 #
-2386 loop $-1 -1 -1 $-1 $-1 $2274 $1942 T 2.8799999999999999 2.8799999999999999 3.3599999999999999 2.8799999999999999 3.3999999999999999 4.7999999999999998 periphery $847 F #
-2387 coedge $-1 -1 -1 $-1 $2681 $2682 $2683 $2684 forward $1943 $-1 #
-2388 coedge $-1 -1 -1 $-1 $1944 $2457 $2046 $2466 forward $1434 $-1 #
-2389 coedge $-1 -1 -1 $-1 $2481 $2461 $2392 $2390 reversed $2084 $-1 #
-2390 edge $-1 -1 -1 $-1 $2467 1.3200000000081897 $2039 2.7600000000081897 $1944 $2685 forward @7 unknown T 2.8799999999999999 1.4399999999999997 3.3599999999999999 2.8799999999999999 1.4399999999999999 4.7999999999999998 #
-2391 cface $-1 -1 $2548 $1269 $2552 0 #
-2392 coedge $-1 -1 -1 $-1 $1948 $1947 $1944 $2390 forward $981 $-1 #
-2393 straight-curve $-1 -1 -1 $-1 1.9199999999999999 1.4399999999999997 2.0399999999918101 -0 -7.709882115627874e-17 -1 I I #
-2394 cface_ptr-ct-attrib $-1 -1 $-1 $-1 $1951 1 1 1 1 1 1 1 1 1 1 1 1 0 1 0 1 1 1 $-1 $1443 #
-2395 coedge $-1 -1 -1 $-1 $1955 $2402 $2405 $2686 forward $1450 $-1 #
-2396 coedge $-1 -1 -1 $-1 $2179 $2166 $2172 $2397 reversed $2154 $-1 #
-2397 edge $-1 -1 -1 $-1 $2687 1.72 $1216 2.1600000000000001 $1955 $2688 forward @7 unknown T 3.3999999999999999 0.95999999999999996 1.3999999999999999 3.8399999999999999 0.95999999999999996 1.3999999999999999 #
-2398 edge $-1 -1 -1 $-1 $2403 0 $2300 0.47999999999999998 $2299 $2657 forward @7 unknown T 2.8799999999999999 0.95999999999999996 0 2.8799999999999999 1.4399999999999999 0 #
-2399 coedge $-1 -1 -1 $-1 $2005 $1964 $2469 $2689 reversed $1578 $-1 #
-2400 straight-curve $-1 -1 -1 $-1 1.2 1.4399999999999999 -5.6039617390979402e-11 1 0 -0 I I #
-2401 point $-1 -1 -1 $-1 1.9199999999999999 1.4399999999999999 0 #
-2402 coedge $-1 -1 -1 $-1 $2395 $1969 $2631 $2690 forward $1450 $-1 #
-2403 vertex $-1 -1 -1 $-1 $1970 $2691 #
-2404 straight-curve $-1 -1 -1 $-1 3.8399999999999999 0.95999999999999996 0 -1 0 0 I I #
-2405 coedge $-1 -1 -1 $-1 $2409 $1973 $2395 $2686 reversed $1485 $-1 #
-2406 coedge $-1 -1 -1 $-1 $2172 $2171 $2187 $2407 reversed $1662 $-1 #
-2407 edge $-1 -1 -1 $-1 $2687 3.8399999999999999 $1978 4.7999999999999998 $1973 $1286 forward @7 unknown T 3.3999999999999999 0 1.3999999999999999 3.3999999999999999 0.95999999999999996 1.3999999999999999 #
-2408 edge $-1 -1 -1 $-1 $1976 -2.1600000000000001 $2434 -1.6800000000000002 $2049 $2692 forward @7 unknown T 1.9199999999999999 0.95999999999999996 1.3999999999999999 1.9199999999999999 1.4399999999999999 1.3999999999999999 #
-2409 coedge $-1 -1 -1 $-1 $1975 $2405 $2298 $2632 reversed $1485 $-1 #
-2410 point $-1 -1 -1 $-1 1.9199999999999999 0.95999999999999996 1.3999999999999999 #
-2411 point $-1 -1 -1 $-1 3.3999999999999999 0 1.3999999999999999 #
-2412 coedge $-1 -1 -1 $-1 $2187 $1982 $2179 $2561 reversed $1248 $-1 #
-2413 vertex $-1 -1 -1 $-1 $2671 $2693 #
-2414 coedge $-1 -1 -1 $-1 $2364 $2363 $2426 $2415 reversed $1409 $-1 #
-2415 edge $-1 -1 -1 $-1 $1997 0 $2413 1.4000000000560395 $1987 $2694 forward @7 unknown T 0 3.3999999999999999 -5.6039617390979402e-11 0 3.4000000000000004 1.3999999999999999 #
-2416 coedge $-1 -1 -1 $-1 $2695 $1988 $2696 $2498 forward $1578 $-1 #
-2417 coedge $-1 -1 -1 $-1 $1990 $2697 $1989 $2418 forward $2419 $-1 #
-2418 edge $-1 -1 -1 $-1 $2698 0.010000000000000009 $2420 0.48999999999999999 $2417 $2699 forward @7 unknown T 1.4399999999999999 1.9199999999999999 1.3999999999999999 1.9199999999999999 1.9199999999999999 1.3999999999999999 #
-2419 loop $-1 -1 -1 $-1 $-1 $1990 $2607 T 0.95999999999999996 1.9199999999999999 0 1.9199999999999999 1.9199999999999999 1.3999999999999999 periphery $1393 F #
-2420 vertex $-1 -1 -1 $-1 $1991 $2700 #
-2421 straight-curve $-1 -1 -1 $-1 0.71999999999999997 1.9199999999999999 1.3999999999999999 -1 -0 -0 I I #
-2422 point $-1 -1 -1 $-1 0.95999999999999996 1.9199999999999999 1.3999999999999999 #
-2423 coedge $-1 -1 -1 $-1 $1994 $2701 $2702 $2703 reversed $1057 $-1 #
-2424 coedge $-1 -1 -1 $-1 $2704 $2087 $1994 $2425 forward $2075 $-1 #
-2425 edge $-1 -1 -1 $-1 $2428 -0.51000000000000023 $2705 0.0099999999999997868 $2424 $2706 forward @7 unknown T 0.96000000000000008 2.8799999999999999 1.3999999999999999 0.96000000000000008 3.3999999999999999 1.3999999999999999 #
-2426 coedge $-1 -1 -1 $-1 $2086 $1995 $1987 $2415 forward $1135 $-1 #
-2427 coedge $-1 -1 -1 $-1 $2497 $2496 $2668 $1996 forward $1587 $-1 #
-2428 vertex $-1 -1 -1 $-1 $2669 $2707 #
-2429 edge $-1 -1 -1 $-1 $1997 0.20999999999999996 $2022 2.1699999999999999 $2368 $2708 forward @7 unknown T 0 3.3999999999999999 1.3999999999999999 0 3.3999999999999999 3.3599999999999999 #
-2430 point $-1 -1 -1 $-1 0 3.3999999999999999 1.3999999999999999 #
-2431 coedge $-1 -1 -1 $-1 $2635 $1999 $2643 $2709 reversed $1057 $-1 #
-2432 coedge $-1 -1 -1 $-1 $2710 $2050 $2000 $2433 forward $1959 $-1 #
-2433 edge $-1 -1 -1 $-1 $2434 -1.6800000000000002 $2698 -1.2000000000000002 $2432 $2692 forward @7 unknown T 1.9199999999999999 1.4399999999999999 1.3999999999999999 1.9199999999999999 1.9199999999999999 1.3999999999999999 #
-2434 vertex $-1 -1 -1 $-1 $2433 $2711 #
-2435 straight-curve $-1 -1 -1 $-1 1.21 1.4399999999999999 1.3999999999999999 -1 -0 0 I I #
-2436 coedge $-1 -1 -1 $-1 $2697 $2003 $2005 $2438 forward $2419 $-1 #
-2437 straight-curve $-1 -1 -1 $-1 0.95999999999999996 1.9199999999999999 0 0 0 1 I I #
-2438 edge $-1 -1 -1 $-1 $2006 0 $2712 0.95999999999999996 $2436 $2713 forward @7 unknown T 0.95999999999999996 1.9199999999999999 0 1.9199999999999999 1.9199999999999999 0 #
-2439 point $-1 -1 -1 $-1 0.95999999999999996 1.9199999999999999 0 #
-2440 edge $-1 -1 -1 $-1 $1799 0 $1802 0.95999999999999996 $2008 $1756 forward @7 unknown T 4.7999999999999998 3.8399999999999999 4.7999999999999998 4.7999999999999998 4.7999999999999998 4.7999999999999998 #
-2441 coedge $-1 -1 -1 $-1 $2714 $2041 $2009 $2042 forward $1558 $-1 #
-2442 coedge $-1 -1 -1 $-1 $2010 $2341 $2714 $2715 forward $1392 $-1 #
-2443 vertex $-1 -1 -1 $-1 $2715 $2716 #
-2444 straight-curve $-1 -1 -1 $-1 0.95999999999999996 1.9199999999999999 4.7999999999999998 -1 -0 -0 I I #
-2445 point $-1 -1 -1 $-1 0.95999999999999996 1.9199999999999999 4.7999999999999998 #
-2446 edge $-1 -1 -1 $-1 $2378 -0.52000000000000002 $2717 -0 $2373 $2647 forward @7 unknown T 0.96000000000000008 2.8799999999999999 4.7999999999999998 0.96000000000000008 3.3999999999999999 4.7999999999999998 #
-2447 straight-curve $-1 -1 -1 $-1 1.2 3.4000000000000004 4.7999999999672402 -1 0 0 I I #
-2448 coedge $-1 -1 -1 $-1 $2718 $2016 $2336 $2650 forward $1075 $-1 #
-2449 edge $-1 -1 -1 $-1 $2599 1.3999999999999995 $1755 3.3599999999999999 $2212 $1756 forward @7 unknown T 4.7999999999999998 1.4399999999999999 4.7999999999672402 4.7999999999999998 3.4000000000000004 4.7999999999999998 #
-2450 coedge $-1 -1 -1 $-1 $2017 $2038 $2719 $2720 reversed $1075 $-1 #
-2451 straight-curve $-1 -1 -1 $-1 0 3.3999999999999999 3.3599999999999999 -0 -1.5419764231255748e-16 -1 F -1.4399999999672404 F -0 #
-2452 point $-1 -1 -1 $-1 0 3.3999999999999999 3.3599999999999999 #
-2453 integer_attrib-name_attrib-gen-attrib $-1 -1 $-1 $-1 $2025 2 4 2 1 1 1 1 1 1 1 1 1 1 1 0 1 1 1 @16 SKETCH_ENTITY_ID 300036 #
-2454 point $-1 -1 -1 $-1 0 3.8399999999999999 4.7999999999999998 #
-2455 coedge $-1 -1 -1 $-1 $2028 $2332 $2143 $2543 reversed $1880 $-1 #
-2456 vertex $2721 -1 -1 $-1 $2144 $2722 #
-2457 coedge $-1 -1 -1 $-1 $2388 $2033 $2035 $2459 reversed $1434 $-1 #
-2458 straight-curve $-1 -1 -1 $-1 2.8799999999999999 0.95999999999999996 4.7999999999999998 -0 -1 -0 I I #
-2459 edge $-1 -1 -1 $-1 $2559 3.3599999999999999 $2036 4.7999999999999998 $2035 $2723 forward @7 unknown T 2.8799999999999999 0.95999999999999996 3.3599999999999999 2.8799999999999999 0.95999999999999996 4.7999999999999998 #
-2460 point $-1 -1 -1 $-1 2.8799999999999999 0.95999999999999996 4.7999999999999998 #
-2461 coedge $-1 -1 -1 $-1 $2389 $2724 $2038 $2462 forward $2084 $-1 #
-2462 edge $-1 -1 -1 $-1 $2725 -0.95999999999999996 $2039 -0.47999999999999998 $2461 $2458 forward @7 unknown T 2.8799999999999999 1.4399999999999999 4.7999999999999998 2.8799999999999999 1.9199999999999999 4.7999999999999998 #
-2463 point $-1 -1 -1 $-1 2.8799999999999999 1.4399999999999999 4.7999999999999998 #
-2464 coedge $-1 -1 -1 $-1 $2041 $2714 $2059 $2479 forward $1558 $-1 #
-2465 point $-1 -1 -1 $-1 1.9199999999999999 1.4399999999999999 3.3599999999999999 #
-2466 edge $-1 -1 -1 $-1 $2559 -2.1600000000000001 $2467 -1.6800000000000002 $2388 $2726 forward @7 unknown T 2.8799999999999999 0.95999999999999996 3.3599999999999999 2.8799999999999999 1.4399999999999999 3.3599999999999999 #
-2467 vertex $-1 -1 -1 $-1 $2482 $2727 #
-2468 straight-curve $-1 -1 -1 $-1 1.21 1.4399999999999999 3.3599999999999999 1 0 0 I I #
-2469 coedge $-1 -1 -1 $-1 $2050 $2710 $2399 $2689 forward $1959 $-1 #
-2470 straight-curve $-1 -1 -1 $-1 1.9199999999999999 1.4399999999999999 0.34999999998599007 0 7.9301644612908309e-17 -1 I I #
-2471 coedge $-1 -1 -1 $-1 $2281 $2052 $2608 $2728 reversed $1109 $-1 #
-2472 edge $-1 -1 -1 $-1 $2729 -0.0099999999999997868 $2377 0.51000000000000023 $2374 $2730 forward @7 unknown T 0.96000000000000008 2.8799999999999999 3.3599999999999999 0.96000000000000008 3.3999999999999999 3.3599999999999999 #
-2473 coedge $-1 -1 -1 $-1 $2668 $2053 $2368 $2429 reversed $1914 $-1 #
-2474 straight-curve $-1 -1 -1 $-1 0 3.3999999999999999 3.3599999999999999 1 0 0 I I #
-2475 edge $-1 -1 -1 $-1 $2476 -0.48999999999999999 $2731 -0.010000000000000009 $2341 $2732 forward @7 unknown T 1.4399999999999999 1.9199999999999999 3.3599999999999999 1.9199999999999999 1.9199999999999999 3.3599999999999999 #
-2476 vertex $-1 -1 -1 $-1 $2056 $2733 #
-2477 straight-curve $-1 -1 -1 $-1 0.71999999999999997 1.9199999999999999 3.3599999999999999 1 0 -0 I I #
-2478 point $-1 -1 -1 $-1 0.95999999999999996 1.9199999999999999 3.3599999999999999 #
-2479 edge $-1 -1 -1 $-1 $2731 1.2000000000000002 $2044 1.6800000000000002 $2464 $2045 forward @7 unknown T 1.9199999999999999 1.4399999999999999 3.3599999999999999 1.9199999999999999 1.9199999999999999 3.3599999999999999 #
-2480 coedge $-1 -1 -1 $-1 $2060 $2734 $2735 $2736 reversed $1109 $-1 #
-2481 coedge $-1 -1 -1 $-1 $2724 $2389 $2060 $2482 forward $2084 $-1 #
-2482 edge $-1 -1 -1 $-1 $2467 -1.6800000000000002 $2737 -1.2000000000000002 $2481 $2726 forward @7 unknown T 2.8799999999999999 1.4399999999999999 3.3599999999999999 2.8799999999999999 1.9199999999999999 3.3599999999999999 #
-2483 cface $-1 -1 $1584 $492 $2074 0 #
-2484 cface_ptr-ct-attrib $-1 -1 $-1 $-1 $2067 1 1 1 1 1 1 1 1 1 1 1 1 0 1 0 1 1 1 $-1 $2646 #
-2485 loop $-1 -1 -1 $-1 $-1 $2738 $2067 T 0 3.8399999999999999 0 0.96000000000000008 4.7999999999999998 0 periphery $176 T #
-2486 coedge $-1 -1 -1 $-1 $2739 $2670 $2584 $2740 reversed $2068 $-1 #
-2487 cface_ptr-ct-attrib $-1 -1 $-1 $-1 $2071 1 1 1 1 1 1 1 1 1 1 1 1 0 1 0 1 1 1 $-1 $2077 #
-2488 cface $-1 -1 $1583 $365 $1577 0 #
-2489 cface_ptr-ct-attrib $-1 -1 $-1 $-1 $2074 1 1 1 1 1 1 1 1 1 1 1 1 0 1 0 1 1 1 $-1 $2483 #
-2490 loop $-1 -1 -1 $-1 $-1 $2678 $2074 T 0.96000000000000008 3.3999999999999999 0 0.96000000000000008 3.8399999999999999 1.3999999999999999 periphery $2076 F #
-2491 cface_ptr-ct-attrib $-1 -1 $-1 $-1 $2079 1 1 1 1 1 1 1 1 1 1 1 1 0 1 0 1 1 1 $-1 $2355 #
-2492 loop $-1 -1 -1 $-1 $-1 $2593 $2079 T 3.8399999999999999 2.8799999999999999 3.3599999999999999 3.8399999999999999 3.3999999999999999 4.7999999999999998 periphery $1124 F #
-2493 face $2741 -1 -1 $-1 $1818 $2742 $6 $-1 $2265 forward single T 0.96000000000000008 2.8799999999999999 0 1.9200000000000002 2.8799999999999999 1.3999999999999999 F #
-2494 cface_ptr-ct-attrib $-1 -1 $-1 $-1 $2081 1 1 1 1 1 1 1 1 1 1 1 1 0 1 0 1 1 1 $-1 $1581 #
-2495 loop $-1 -1 -1 $-1 $-1 $2503 $2081 T 1.9200000000000002 2.8799999999999999 0 1.9200000000000002 3.3999999999999999 1.3999999999999999 periphery $596 F #
-2496 coedge $-1 -1 -1 $-1 $2427 $2085 $1919 $2369 forward $1587 $-1 #
-2497 coedge $-1 -1 -1 $-1 $2085 $2427 $2381 $2679 forward $1587 $-1 #
-2498 edge $-1 -1 -1 $-1 $2413 -1.2 $2501 -0.23999999999999988 $2416 $2743 forward @7 unknown T 0 3.3999999999999999 -5.6039617390979402e-11 0.96000000000000008 3.4000000000000004 0 #
-2499 coedge $-1 -1 -1 $-1 $2087 $2704 $2695 $2744 forward $2075 $-1 #
-2500 coedge $-1 -1 -1 $-1 $2745 $2678 $1588 $2088 reversed $2490 $-1 #
-2501 vertex $-1 -1 -1 $-1 $2746 $2747 #
-2502 straight-curve $-1 -1 -1 $-1 0.96000000000000008 3.3999999999999999 0.34999999998599007 0 -1.5860328922581662e-16 1 I I #
-2503 coedge $-1 -1 -1 $-1 $2748 $2749 $2199 $2504 forward $2495 $-1 #
-2504 edge $-1 -1 -1 $-1 $2507 -1.0500000000140099 $2511 0.34999999998599007 $2503 $2750 forward @7 unknown T 1.9200000000000002 3.3999999999999999 0 1.9200000000000002 3.3999999999999999 1.3999999999999999 #
-2505 coedge $-1 -1 -1 $-1 $2701 $2090 $2749 $2751 reversed $1057 $-1 #
-2506 coedge $-1 -1 -1 $-1 $2090 $2752 $2094 $2514 reversed $1057 $-1 #
-2507 vertex $-1 -1 -1 $-1 $2753 $2754 #
-2508 straight-curve $-1 -1 -1 $-1 1.21 3.3999999999999999 1.3999999999999999 -1 -0 0 I I #
-2509 coedge $-1 -1 -1 $-1 $2518 $2092 $2095 $2515 reversed $1578 $-1 #
-2510 coedge $-1 -1 -1 $-1 $2092 $2755 $2748 $2756 reversed $1578 $-1 #
-2511 vertex $-1 -1 -1 $-1 $2756 $2757 #
-2512 straight-curve $-1 -1 -1 $-1 1.2 3.4000000000000004 -5.6039617390979402e-11 1 0 -0 I I #
-2513 coedge $-1 -1 -1 $-1 $2095 $2094 $2758 $2759 reversed $2096 $-1 #
-2514 edge $-1 -1 -1 $-1 $2098 0.68000000000000016 $2760 1.2000000000000002 $2094 $2564 forward @7 unknown T 2.8799999999999999 2.8799999999999999 1.3999999999999999 2.8799999999999999 3.3999999999999999 1.3999999999999999 #
-2515 edge $-1 -1 -1 $-1 $2761 0 $2097 0.52000000000000002 $2095 $2563 forward @7 unknown T 2.8799999999999999 2.8799999999999999 0 2.8799999999999999 3.3999999999999999 0 #
-2516 point $-1 -1 -1 $-1 2.8799999999999999 3.3999999999999999 0 #
-2517 point $-1 -1 -1 $-1 2.8799999999999999 3.3999999999999999 1.3999999999999999 #
-2518 coedge $-1 -1 -1 $-1 $2100 $2509 $2762 $2763 reversed $1578 $-1 #
-2519 coedge $-1 -1 -1 $-1 $2762 $2358 $2102 $2520 reversed $1909 $-1 #
-2520 edge $-1 -1 -1 $-1 $2521 0 $2523 1.3999999999999999 $2102 $2764 forward @7 unknown T 3.8399999999999999 2.8799999999999999 0 3.8399999999999999 2.8799999999999999 1.3999999999999999 #
-2521 vertex $-1 -1 -1 $-1 $2763 $2765 #
-2522 coedge $-1 -1 -1 $-1 $2752 $2104 $2358 $2664 reversed $1057 $-1 #
-2523 vertex $-1 -1 -1 $-1 $2664 $2766 #
-2524 straight-curve $-1 -1 -1 $-1 3.8399999999999999 2.8899999999999997 1.3999999999999999 0 1 0 I I #
-2525 coedge $-1 -1 -1 $-1 $2592 $2110 $2574 $2526 forward $1929 $-1 #
-2526 edge $-1 -1 -1 $-1 $1603 1.3200000000081897 $2599 2.7599999999754301 $2574 $2767 forward @7 unknown T 4.7999999999999998 3.3999999999999999 3.3599999999999999 4.7999999999999998 3.4000000000000004 4.7999999999672402 #
-2527 straight-curve $-1 -1 -1 $-1 4.7999999999999998 2.4100000000000001 3.3599999999999999 -0 1 0 I I #
-2528 coedge $-1 -1 -1 $-1 $2575 $2768 $2184 $2111 forward $1109 $-1 #
-2529 coedge $-1 -1 -1 $-1 $2655 $2116 $2308 $2640 reversed $1578 $-1 #
-2530 straight-curve $-1 -1 -1 $-1 4.7999999999999998 1.4399999999999999 1.1899999999999999 0 0 1 I I #
-2531 cface_ptr-ct-attrib $-1 -1 $-1 $-1 $2123 1 1 1 1 1 1 1 1 1 1 1 1 0 1 0 1 1 1 $-1 $1621 #
-2532 cface_ptr-ct-attrib $-1 -1 $-1 $-1 $2125 1 1 1 1 1 1 1 1 1 1 1 1 0 1 0 1 1 1 $-1 $1622 #
-2533 coedge $-1 -1 -1 $-1 $2583 $2769 $2126 $2534 forward $2485 $-1 #
-2534 edge $-1 -1 -1 $-1 $2542 0 $1782 0.95999999999999996 $2126 $1652 forward @7 unknown T 0 4.7999999999999998 0 0.95999999999999996 4.7999999999999998 0 #
-2535 coedge $-1 -1 -1 $-1 $2381 $2128 $2362 $2669 forward $2382 $-1 #
-2536 coedge $-1 -1 -1 $-1 $2383 $2375 $1625 $2129 reversed $2325 $-1 #
-2537 straight-curve $-1 -1 -1 $-1 0.96000000000000008 3.7300000000140092 3.3599999999999999 0 -1 -2.3790493383872484e-16 I I #
-2538 point $-1 -1 -1 $-1 1.4399999999999999 4.7999999999999998 3.3599999999999999 #
-2539 edge $-1 -1 -1 $-1 $2260 -0.96000000000000041 $2334 -0 $2255 $2770 forward @7 unknown T 0.95999999999999996 3.8399999999999999 4.7999999999999998 0.96000000000000008 4.8000000000000007 4.7999999999999998 #
-2540 straight-curve $-1 -1 -1 $-1 0.95999999999999996 4.8000000000000007 2.3999999999999999 0 0 -1 I I #
-2541 coedge $-1 -1 -1 $-1 $2328 $2139 $2769 $2771 reversed $1878 $-1 #
-2542 vertex $-1 -1 -1 $-1 $2534 $2772 #
-2543 edge $-1 -1 -1 $-1 $2456 0 $2260 0.95999999999999996 $2143 $2261 forward @7 unknown T 0 4.7999999999999998 4.7999999999999998 0.95999999999999996 4.8000000000000007 4.7999999999999998 #
-2544 straight-curve $-1 -1 -1 $-1 1.4399999999999999 4.7999999999999998 1.1899999999999999 0 0 -1 I I #
-2545 coedge $-1 -1 -1 $-1 $2148 $2223 $2194 $2566 reversed $1297 $-1 #
-2546 point $-1 -1 -1 $-1 1.4399999999999999 4.7999999999999998 1.3999999999999999 #
-2547 cface_ptr-ct-attrib $-1 -1 $-1 $-1 $2152 1 1 1 1 1 1 1 1 1 1 1 1 0 1 0 1 1 1 $-1 $1657 #
-2548 cface $-1 -1 $862 $1269 $1661 0 #
-2549 edge $-1 -1 -1 $-1 $2205 3.8399999999999999 $2550 4.7999999999999998 $2313 $1181 forward @7 unknown T 4.7999999999999998 0 0 4.7999999999999998 0.95999999999999996 0 #
-2550 vertex $-1 -1 -1 $-1 $2162 $2773 #
-2551 coedge $-1 -1 -1 $-1 $2165 $2164 $2637 $2310 forward $2167 $-1 #
-2552 face $2774 -1 -1 $-1 $2174 $2167 $6 $-1 $1404 forward single T 3.8399999999999999 0.95999999999999996 1.3999999999999999 3.8399999999999999 1.4399999999999999 3.3599999999999999 F #
-2553 vertex $-1 -1 -1 $-1 $2310 $2775 #
-2554 straight-curve $-1 -1 -1 $-1 3.8399999999999999 1.0800000000081904 3.3599999999999999 0 -1 2.3129646346883629e-16 I I #
-2555 cface_ptr-ct-attrib $-1 -1 $-1 $-1 $2174 1 1 1 1 1 1 1 1 1 1 1 1 0 1 0 1 1 1 $-1 $1738 #
-2556 straight-curve $-1 -1 -1 $-1 4.7999999999999998 0 0 0 0 1 I I #
-2557 integer_attrib-name_attrib-gen-attrib $-1 -1 $-1 $-1 $2177 2 4 2 1 1 1 1 1 1 1 1 1 1 1 0 1 1 1 @16 SKETCH_ENTITY_ID 300031 #
-2558 point $-1 -1 -1 $-1 4.7999999999999998 0 4.7999999999999998 #
-2559 vertex $-1 -1 -1 $-1 $2459 $2776 #
-2560 straight-curve $-1 -1 -1 $-1 2.8899999999999997 0.95999999999999996 3.3599999999999999 -1 0 -0 I I #
-2561 edge $-1 -1 -1 $-1 $2687 0.20999999999999996 $1699 2.1699999999999999 $2179 $2777 forward @7 unknown T 3.3999999999999999 0.95999999999999996 1.3999999999999999 3.3999999999999999 0.95999999999999996 3.3599999999999999 #
-2562 straight-curve $-1 -1 -1 $-1 3.3999999999999999 0 1.1899999999999999 0 0 -1 I I #
-2563 straight-curve $-1 -1 -1 $-1 2.8799999999999999 2.8799999999999999 0 0 1 0 I I #
-2564 straight-curve $-1 -1 -1 $-1 2.8799999999999999 4.0800000000000001 1.3999999999999999 0 -1 0 I I #
-2565 coedge $-1 -1 -1 $-1 $2577 $2194 $2222 $2581 reversed $1765 $-1 #
-2566 edge $-1 -1 -1 $-1 $2149 0 $2348 0.95999999999999996 $2347 $1486 forward @7 unknown T 1.4399999999999999 3.8399999999999999 1.3999999999999999 1.4399999999999999 4.7999999999999998 1.3999999999999999 #
-2567 coedge $-1 -1 -1 $-1 $2778 $2199 $2577 $2753 forward $1737 $-1 #
-2568 coedge $-1 -1 -1 $-1 $2199 $2778 $2588 $2779 forward $1737 $-1 #
-2569 cface_ptr-ct-attrib $-1 -1 $-1 $-1 $2203 1 1 1 1 1 1 1 1 1 1 1 1 0 1 0 1 1 1 $-1 $1740 #
-2570 straight-curve $-1 -1 -1 $-1 3.8399999999999999 1.9199999999999999 0 0 -1 0 I I #
-2571 point $-1 -1 -1 $-1 4.7999999999999998 0.95999999999999996 0 #
-2572 coedge $-1 -1 -1 $-1 $2207 $2637 $2780 $2573 forward $2202 $-1 #
-2573 edge $-1 -1 -1 $-1 $2553 3.8399999999999999 $1753 4.7999999999999998 $2780 $748 forward @7 unknown T 3.8399999999999999 1.4399999999999999 3.3599999999999999 4.7999999999999998 1.4399999999999999 3.3599999999999999 #
-2574 coedge $-1 -1 -1 $-1 $2212 $2211 $2107 $2526 forward $2214 $-1 #
-2575 coedge $-1 -1 -1 $-1 $2780 $2528 $2211 $2108 reversed $1109 $-1 #
-2576 coedge $-1 -1 -1 $-1 $2213 $2357 $2209 $2573 forward $1907 $-1 #
-2577 coedge $-1 -1 -1 $-1 $2218 $2565 $2567 $2753 reversed $1765 $-1 #
-2578 point $-1 -1 -1 $-1 2.8799999999999999 3.8399999999999999 1.3999999999999999 #
-2579 coedge $-1 -1 -1 $-1 $2580 $2221 $2232 $2589 forward $1293 $-1 #
-2580 coedge $-1 -1 -1 $-1 $2222 $2579 $2778 $2781 forward $1293 $-1 #
-2581 edge $-1 -1 -1 $-1 $2782 0.010000000000000009 $2348 0.49000000000000021 $2222 $2783 forward @7 unknown T 1.4399999999999999 3.8399999999999999 1.3999999999999999 1.9200000000000002 3.8399999999999999 1.3999999999999999 #
-2582 straight-curve $-1 -1 -1 $-1 0.72000000000000008 3.8399999999999999 1.3999999999999999 1 0 0 I I #
-2583 coedge $-1 -1 -1 $-1 $2738 $2533 $1780 $2233 forward $2485 $-1 #
-2584 coedge $-1 -1 -1 $-1 $2365 $2227 $2738 $2740 forward $1570 $-1 #
-2585 coedge $-1 -1 -1 $-1 $2678 $2745 $2221 $2228 forward $2490 $-1 #
-2586 vertex $-1 -1 -1 $-1 $2589 $2784 #
-2587 point $-1 -1 -1 $-1 0.96000000000000008 3.8399999999999999 1.3999999999999999 #
-2588 coedge $-1 -1 -1 $-1 $2232 $2231 $2568 $2779 reversed $1305 $-1 #
-2589 edge $-1 -1 -1 $-1 $2586 0 $2785 0.96000000000000008 $2579 $2786 forward @7 unknown T 0.96000000000000008 3.8399999999999999 0 1.9200000000000002 3.8399999999999999 0 #
-2590 straight-curve $-1 -1 -1 $-1 0.95999999999999996 3.3600000000000003 0 0 -1 0 I I #
-2591 point $-1 -1 -1 $-1 2.8799999999999999 3.8399999999999999 3.3599999999999999 #
-2592 coedge $-1 -1 -1 $-1 $2243 $2525 $2448 $2650 forward $1929 $-1 #
-2593 coedge $-1 -1 -1 $-1 $2597 $2787 $1791 $2244 forward $2492 $-1 #
-2594 vertex $-1 -1 -1 $-1 $2259 $2788 #
-2595 straight-curve $-1 -1 -1 $-1 3.8399999999999999 3.3999999999999995 2.0399999999918101 -0 -1.5419764231255748e-16 -1 I I #
-2596 vertex $-1 -1 -1 $-1 $2789 $2790 #
-2597 coedge $-1 -1 -1 $-1 $2791 $2593 $2768 $2245 forward $2492 $-1 #
-2598 straight-curve $-1 -1 -1 $-1 3.8399999999999999 2.8899999999999997 3.3599999999999999 0 -1 0 I I #
-2599 vertex $-1 -1 -1 $-1 $2449 $2792 #
-2600 coedge $-1 -1 -1 $-1 $2289 $2255 $2353 $2662 reversed $1807 $-1 #
-2601 coedge $-1 -1 -1 $-1 $2256 $2289 $2273 $2612 reversed $1807 $-1 #
-2602 point $-1 -1 -1 $-1 2.8799999999999999 3.8399999999999999 4.7999999999999998 #
-2603 straight-curve $-1 -1 -1 $-1 3.8399999999999999 3.8399999999999999 4.7999999999999998 0 1 0 I I #
-2604 integer_attrib-name_attrib-gen-attrib $-1 -1 $-1 $-1 $2260 2 4 2 1 1 1 1 1 1 1 1 1 1 1 0 1 1 1 @16 SKETCH_ENTITY_ID 300037 #
-2605 point $-1 -1 -1 $-1 0.95999999999999996 4.8000000000000007 4.7999999999999998 #
-2606 cface_ptr-ct-attrib $-1 -1 $-1 $-1 $2262 1 1 1 1 1 1 1 1 1 1 1 1 0 1 0 1 1 1 $-1 $1817 #
-2607 face $2793 -1 -1 $-1 $2493 $2419 $6 $-1 $1393 forward single T 0.95999999999999996 1.9199999999999999 0 1.9199999999999999 1.9199999999999999 1.3999999999999999 F #
-2608 coedge $-1 -1 -1 $-1 $2794 $2618 $2471 $2728 forward $2264 $-1 #
-2609 straight-curve $-1 -1 -1 $-1 1.21 3.3999999999999999 3.3599999999999999 1 0 0 I I #
-2610 straight-curve $-1 -1 -1 $-1 2.8799999999999999 4.0800000000000001 3.3599999999999999 0 1 -0 I I #
-2611 straight-curve $-1 -1 -1 $-1 2.8799999999999999 2.8799999999999999 4.7999999999999998 -0 -1 -0 I I #
-2612 edge $-1 -1 -1 $-1 $2276 -1.6799999999999999 $1836 -0.7200000000000002 $2285 $2795 forward @7 unknown T 1.9200000000000002 3.3999999999999999 4.7999999999672402 2.8799999999999999 3.4000000000000004 4.7999999999999998 #
-2613 coedge $-1 -1 -1 $-1 $2796 $2274 $2625 $2616 forward $2386 $-1 #
-2614 coedge $-1 -1 -1 $-1 $2274 $2796 $2621 $2797 forward $2386 $-1 #
-2615 point $-1 -1 -1 $-1 2.8799999999999999 3.3999999999999999 3.3599999999999999 #
-2616 edge $-1 -1 -1 $-1 $2276 -0.52000000000000002 $2798 -0 $2613 $2611 forward @7 unknown T 2.8799999999999999 2.8799999999999999 4.7999999999999998 2.8799999999999999 3.3999999999999999 4.7999999999999998 #
-2617 point $-1 -1 -1 $-1 2.8799999999999999 3.3999999999999999 4.7999999999999998 #
-2618 coedge $-1 -1 -1 $-1 $2608 $2278 $2281 $2622 forward $2264 $-1 #
-2619 coedge $-1 -1 -1 $-1 $2278 $2794 $2284 $2624 forward $2264 $-1 #
-2620 straight-curve $-1 -1 -1 $-1 1.9200000000000002 2.8799999999999999 0 0 0 1 I I #
-2621 coedge $-1 -1 -1 $-1 $2799 $2280 $2614 $2797 reversed $1109 $-1 #
-2622 edge $-1 -1 -1 $-1 $2282 0.010000000000000009 $2800 0.49000000000000021 $2618 $2801 forward @7 unknown T 1.4399999999999999 2.8799999999999999 3.3599999999999999 1.9200000000000002 2.8799999999999999 3.3599999999999999 #
-2623 point $-1 -1 -1 $-1 1.9200000000000002 2.8799999999999999 3.3599999999999999 #
-2624 edge $-1 -1 -1 $-1 $2717 -0.96000000000000008 $2286 0 $2619 $2802 forward @7 unknown T 0.96000000000000008 2.8799999999999999 4.7999999999999998 1.9200000000000002 2.8799999999999999 4.7999999999999998 #
-2625 coedge $-1 -1 -1 $-1 $2285 $2803 $2613 $2616 reversed $1075 $-1 #
-2626 point $-1 -1 -1 $-1 1.9200000000000002 2.8799999999999999 4.7999999999999998 #
-2627 edge $-1 -1 -1 $-1 $2629 3.3599999999999999 $2628 4.7999999999999998 $2350 $2804 forward @7 unknown T 1.9200000000000002 3.8399999999999999 3.3599999999999999 1.9200000000000002 3.8399999999999999 4.7999999999999998 #
-2628 vertex $-1 -1 -1 $-1 $2627 $2805 #
-2629 vertex $-1 -1 -1 $-1 $2627 $2806 #
-2630 cface $-1 -1 $2072 $365 $2607 0 #
-2631 coedge $-1 -1 -1 $-1 $2299 $2298 $2402 $2690 reversed $1459 $-1 #
-2632 edge $-1 -1 -1 $-1 $2301 1.6800000000000002 $2807 2.1600000000000001 $2298 $2659 forward @7 unknown T 2.8799999999999999 0.95999999999999996 1.3999999999999999 2.8799999999999999 1.4399999999999999 1.3999999999999999 #
-2633 point $-1 -1 -1 $-1 2.8799999999999999 1.4399999999999999 0 #
-2634 point $-1 -1 -1 $-1 2.8799999999999999 1.4399999999999999 1.3999999999999999 #
-2635 coedge $-1 -1 -1 $-1 $2304 $2431 $2323 $2645 reversed $1057 $-1 #
-2636 edge $-1 -1 -1 $-1 $1856 -0.48999999999999999 $2808 -0.010000000000000009 $2307 $2809 forward @7 unknown T 3.8399999999999999 1.4399999999999999 1.3999999999999999 3.8399999999999999 1.9199999999999999 1.3999999999999999 #
-2637 coedge $-1 -1 -1 $-1 $2572 $2305 $2551 $2310 reversed $2202 $-1 #
-2638 straight-curve $-1 -1 -1 $-1 3.8399999999999999 1.08000000000819 1.3999999999999999 0 1 -1.5419764231255753e-16 I I #
-2639 coedge $-1 -1 -1 $-1 $2308 $2307 $2644 $2810 reversed $2309 $-1 #
-2640 edge $-1 -1 -1 $-1 $2811 0 $1857 0.47999999999999998 $2308 $2570 forward @7 unknown T 3.8399999999999999 1.4399999999999999 0 3.8399999999999999 1.9199999999999999 0 #
-2641 straight-curve $-1 -1 -1 $-1 3.8399999999999999 1.4399999999999999 1.1899999999999999 -0 -0 -1 I I #
-2642 coedge $-1 -1 -1 $-1 $2812 $2735 $2734 $2813 forward $2322 $-1 #
-2643 coedge $-1 -1 -1 $-1 $2653 $2323 $2431 $2709 forward $1872 $-1 #
-2644 coedge $-1 -1 -1 $-1 $2323 $2814 $2639 $2810 forward $1872 $-1 #
-2645 edge $-1 -1 -1 $-1 $2808 -2.1600000000000001 $2815 -1.72 $2323 $2816 forward @7 unknown T 3.3999999999999999 1.9199999999999999 1.3999999999999999 3.8399999999999999 1.9199999999999999 1.3999999999999999 #
-2646 cface $-1 -1 $1298 $1115 $2067 0 #
-2647 straight-curve $-1 -1 -1 $-1 0.96000000000000008 2.8799999999999999 4.7999999999999998 -0 -1 -0 I I #
-2648 integer_attrib-name_attrib-gen-attrib $-1 -1 $-1 $-1 $2334 2 4 2 1 1 1 1 1 1 1 1 1 1 1 0 1 1 1 @16 SKETCH_ENTITY_ID 300024 #
-2649 point $-1 -1 -1 $-1 0.96000000000000008 3.8399999999999999 4.7999999999999998 #
-2650 edge $-1 -1 -1 $-1 $2599 -3.5999999999999996 $2594 -2.6399999999999997 $2448 $2817 forward @7 unknown T 3.8399999999999999 3.3999999999999999 4.7999999999672402 4.7999999999999998 3.4000000000000004 4.7999999999999998 #
-2651 straight-curve $-1 -1 -1 $-1 3.8399999999999999 1.4399999999999997 2.0399999999918101 -0 -7.709882115627874e-17 -1 I I #
-2652 vertex $-1 -1 -1 $-1 $2818 $2819 #
-2653 coedge $-1 -1 -1 $-1 $2814 $2643 $2342 $2654 reversed $1872 $-1 #
-2654 edge $-1 -1 -1 $-1 $2656 0 $2658 1.3999999999999999 $2342 $2820 forward @7 unknown T 2.8799999999999999 1.9199999999999999 0 2.8799999999999999 1.9199999999999999 1.3999999999999999 #
-2655 coedge $-1 -1 -1 $-1 $2343 $2529 $2814 $2821 reversed $1578 $-1 #
-2656 vertex $-1 -1 -1 $-1 $2821 $2822 #
-2657 straight-curve $-1 -1 -1 $-1 2.8799999999999999 0.95999999999999996 0 0 1 0 I I #
-2658 vertex $-1 -1 -1 $-1 $2709 $2823 #
-2659 straight-curve $-1 -1 -1 $-1 2.8799999999999999 3.1200000000000001 1.3999999999999999 0 -1 0 I I #
-2660 point $-1 -1 -1 $-1 1.4399999999999999 3.8399999999999999 1.3999999999999999 #
-2661 straight-curve $-1 -1 -1 $-1 1.9300000000000002 3.8399999999999999 3.3599999999999999 1 0 0 I I #
-2662 edge $-1 -1 -1 $-1 $2628 -0.96000000000000008 $2334 -0 $2353 $2824 forward @7 unknown T 0.96000000000000008 3.8399999999999999 4.7999999999999998 1.9200000000000002 3.8399999999999999 4.7999999999999998 #
-2663 coedge $-1 -1 -1 $-1 $2358 $2758 $2752 $2825 forward $1909 $-1 #
-2664 edge $-1 -1 -1 $-1 $2826 1.72 $2523 2.1600000000000001 $2358 $2827 forward @7 unknown T 3.3999999999999999 2.8799999999999999 1.3999999999999999 3.8399999999999999 2.8799999999999999 1.3999999999999999 #
-2665 coedge $-1 -1 -1 $-1 $2360 $2359 $2812 $2818 reversed $1403 $-1 #
-2666 coedge $-1 -1 -1 $-1 $2734 $2780 $2360 $2667 reversed $1109 $-1 #
-2667 edge $-1 -1 -1 $-1 $2828 0.010000000000000009 $2553 0.48999999999999999 $2360 $2829 forward @7 unknown T 3.8399999999999999 1.4399999999999999 3.3599999999999999 3.8399999999999999 1.9199999999999999 3.3599999999999999 #
-2668 coedge $-1 -1 -1 $-1 $2362 $2473 $1513 $1996 forward $1914 $-1 #
-2669 edge $-1 -1 -1 $-1 $2377 -2.1699999999999999 $2428 -0.20999999999999996 $2535 $2830 forward @7 unknown T 0.96000000000000008 3.3999999999999999 1.3999999999999999 0.96000000000000008 3.3999999999999999 3.3599999999999999 #
-2670 coedge $-1 -1 -1 $-1 $2486 $2696 $2363 $2671 forward $2068 $-1 #
-2671 edge $-1 -1 -1 $-1 $2413 3.4000000000000004 $2672 3.8399999999999999 $2363 $1523 forward @7 unknown T 0 3.4000000000000004 -5.6039617390979402e-11 0 3.8399999999999999 0 #
-2672 vertex $-1 -1 -1 $-1 $2771 $2831 #
-2673 straight-curve $-1 -1 -1 $-1 0 3.8399999999999999 2.3999999999999999 0 -0 1 I I #
-2674 coedge $-1 -1 -1 $-1 $2374 $2373 $2794 $2832 reversed $2376 $-1 #
-2675 point $-1 -1 -1 $-1 0.96000000000000008 3.3999999999999999 3.3599999999999999 #
-2676 point $-1 -1 -1 $-1 0.96000000000000008 3.3999999999999999 4.7999999999999998 #
-2677 straight-curve $-1 -1 -1 $-1 0.23999999999999996 3.8399999999999999 1.3999999999999999 1 -2.312964634635743e-16 -3.6684379891621789e-32 I I #
-2678 coedge $-1 -1 -1 $-1 $2500 $2585 $2497 $2679 reversed $2490 $-1 #
-2679 edge $-1 -1 -1 $-1 $2428 -0.33000000001400975 $2229 0.10999999998599019 $2381 $2833 forward @7 unknown T 0.96000000000000008 3.3999999999999999 1.3999999999999999 0.96000000000000008 3.8399999999999999 1.3999999999999999 #
-2680 cface $-1 -1 $1926 $378 $1942 0 #
-2681 coedge $-1 -1 -1 $-1 $2834 $2387 $2799 $2835 forward $1943 $-1 #
-2682 coedge $-1 -1 -1 $-1 $2387 $2836 $2791 $2789 reversed $1943 $-1 #
-2683 coedge $-1 -1 -1 $-1 $2768 $2799 $2387 $2684 reversed $1109 $-1 #
-2684 edge $-1 -1 -1 $-1 $2596 -2.1600000000000001 $2837 -1.72 $2387 $2838 forward @7 unknown T 3.3999999999999999 2.8799999999999999 3.3599999999999999 3.8399999999999999 2.8799999999999999 3.3599999999999999 #
-2685 straight-curve $-1 -1 -1 $-1 2.8799999999999999 1.4399999999999997 2.0399999999918101 -0 7.709882115627874e-17 1 I I #
-2686 edge $-1 -1 -1 $-1 $2807 -0.0099999999999997868 $2687 0.51000000000000023 $2395 $2839 forward @7 unknown T 2.8799999999999999 0.95999999999999996 1.3999999999999999 3.3999999999999999 0.95999999999999996 1.3999999999999999 #
-2687 vertex $-1 -1 -1 $-1 $2561 $2840 #
-2688 straight-curve $-1 -1 -1 $-1 1.6799999999999999 0.95999999999999996 1.3999999999999999 1 0 0 I I #
-2689 edge $-1 -1 -1 $-1 $2712 0 $1966 0.47999999999999998 $2469 $1967 forward @7 unknown T 1.9199999999999999 1.4399999999999999 0 1.9199999999999999 1.9199999999999999 0 #
-2690 edge $-1 -1 -1 $-1 $2403 0 $2807 1.3999999999999999 $2402 $2723 forward @7 unknown T 2.8799999999999999 0.95999999999999996 0 2.8799999999999999 0.95999999999999996 1.3999999999999999 #
-2691 point $-1 -1 -1 $-1 2.8799999999999999 0.95999999999999996 0 #
-2692 straight-curve $-1 -1 -1 $-1 1.9199999999999999 3.1200000000000001 1.3999999999999999 0 1 -0 I I #
-2693 point $-1 -1 -1 $-1 0 3.4000000000000004 -5.6039617390979402e-11 #
-2694 straight-curve $-1 -1 -1 $-1 0 3.3999999999999999 1.3999999999999999 0 1.5860328922581662e-16 -1 F 0 F 1.4000000000560395 #
-2695 coedge $-1 -1 -1 $-1 $2755 $2416 $2499 $2744 reversed $1578 $-1 #
-2696 coedge $-1 -1 -1 $-1 $2670 $2739 $2086 $2498 reversed $2068 $-1 #
-2697 coedge $-1 -1 -1 $-1 $2417 $2436 $2710 $2841 forward $2419 $-1 #
-2698 vertex $-1 -1 -1 $-1 $2433 $2842 #
-2699 straight-curve $-1 -1 -1 $-1 1.9299999999999999 1.9199999999999999 1.3999999999999999 -1 0 0 I I #
-2700 point $-1 -1 -1 $-1 1.4399999999999999 1.9199999999999999 1.3999999999999999 #
-2701 coedge $-1 -1 -1 $-1 $2423 $2505 $2843 $2844 reversed $1057 $-1 #
-2702 coedge $-1 -1 -1 $-1 $2843 $2845 $2423 $2703 forward $2742 $-1 #
-2703 edge $-1 -1 -1 $-1 $2705 0.23999999999999988 $2846 0.71999999999999975 $2702 $2847 forward @7 unknown T 0.96000000000000008 2.8799999999999999 1.3999999999999999 1.4399999999999999 2.8799999999999999 1.3999999999999999 #
-2704 coedge $-1 -1 -1 $-1 $2499 $2424 $2845 $2848 reversed $2075 $-1 #
-2705 vertex $-1 -1 -1 $-1 $2703 $2849 #
-2706 straight-curve $-1 -1 -1 $-1 0.96000000000000008 2.8899999999999997 1.3999999999999999 0 -1 0 I I #
-2707 point $-1 -1 -1 $-1 0.96000000000000008 3.3999999999999999 1.3999999999999999 #
-2708 straight-curve $-1 -1 -1 $-1 0 3.3999999999999999 1.1899999999999999 0 0 1 I I #
-2709 edge $-1 -1 -1 $-1 $2815 -0.51000000000000023 $2658 0.0099999999999997868 $2643 $2850 forward @7 unknown T 2.8799999999999999 1.9199999999999999 1.3999999999999999 3.3999999999999999 1.9199999999999999 1.3999999999999999 #
-2710 coedge $-1 -1 -1 $-1 $2469 $2432 $2697 $2841 reversed $1959 $-1 #
-2711 point $-1 -1 -1 $-1 1.9199999999999999 1.4399999999999999 1.3999999999999999 #
-2712 vertex $-1 -1 -1 $-1 $2689 $2851 #
-2713 straight-curve $-1 -1 -1 $-1 0.95999999999999996 1.9199999999999999 0 1 0 0 I I #
-2714 coedge $-1 -1 -1 $-1 $2464 $2441 $2442 $2715 reversed $1558 $-1 #
-2715 edge $-1 -1 -1 $-1 $2731 3.3599999999999999 $2443 4.7999999999999998 $2442 $2852 forward @7 unknown T 1.9199999999999999 1.9199999999999999 3.3599999999999999 1.9199999999999999 1.9199999999999999 4.7999999999999998 #
-2716 point $-1 -1 -1 $-1 1.9199999999999999 1.9199999999999999 4.7999999999999998 #
-2717 vertex $-1 -1 -1 $-1 $2832 $2853 #
-2718 coedge $-1 -1 -1 $-1 $2803 $2448 $2787 $2854 reversed $1075 $-1 #
-2719 coedge $-1 -1 -1 $-1 $2855 $2812 $2450 $2720 forward $2322 $-1 #
-2720 edge $-1 -1 -1 $-1 $2652 -0.95999999999999996 $2725 -0 $2719 $2856 forward @7 unknown T 2.8799999999999999 1.9199999999999999 4.7999999999999998 3.8399999999999999 1.9199999999999999 4.7999999999999998 #
-2721 integer_attrib-name_attrib-gen-attrib $-1 -1 $-1 $-1 $2456 2 4 2 1 1 1 1 1 1 1 1 1 1 1 0 1 1 1 @16 SKETCH_ENTITY_ID 300026 #
-2722 point $-1 -1 -1 $-1 0 4.7999999999999998 4.7999999999999998 #
-2723 straight-curve $-1 -1 -1 $-1 2.8799999999999999 0.95999999999999996 0 0 0 1 I I #
-2724 coedge $-1 -1 -1 $-1 $2461 $2481 $2855 $2857 forward $2084 $-1 #
-2725 vertex $-1 -1 -1 $-1 $2857 $2858 #
-2726 straight-curve $-1 -1 -1 $-1 2.8799999999999999 3.1200000000000001 3.3599999999999999 0 1 -0 I I #
-2727 point $-1 -1 -1 $-1 2.8799999999999999 1.4399999999999999 3.3599999999999999 #
-2728 edge $-1 -1 -1 $-1 $2800 -0.71999999999999975 $2729 -0.23999999999999988 $2608 $2859 forward @7 unknown T 0.96000000000000008 2.8799999999999999 3.3599999999999999 1.4399999999999999 2.8799999999999999 3.3599999999999999 #
-2729 vertex $-1 -1 -1 $-1 $2832 $2860 #
-2730 straight-curve $-1 -1 -1 $-1 0.96000000000000008 2.8899999999999997 3.3599999999999999 0 1 0 I I #
-2731 vertex $-1 -1 -1 $-1 $2715 $2861 #
-2732 straight-curve $-1 -1 -1 $-1 1.9299999999999999 1.9199999999999999 3.3599999999999999 1 0 0 I I #
-2733 point $-1 -1 -1 $-1 1.4399999999999999 1.9199999999999999 3.3599999999999999 #
-2734 coedge $-1 -1 -1 $-1 $2480 $2666 $2642 $2813 reversed $1109 $-1 #
-2735 coedge $-1 -1 -1 $-1 $2642 $2855 $2480 $2736 forward $2322 $-1 #
-2736 edge $-1 -1 -1 $-1 $2737 -0.0099999999999997868 $2862 0.51000000000000023 $2735 $2863 forward @7 unknown T 2.8799999999999999 1.9199999999999999 3.3599999999999999 3.3999999999999999 1.9199999999999999 3.3599999999999999 #
-2737 vertex $-1 -1 -1 $-1 $2857 $2864 #
-2738 coedge $-1 -1 -1 $-1 $2769 $2583 $2486 $2740 forward $2485 $-1 #
-2739 coedge $-1 -1 -1 $-1 $2696 $2486 $2745 $2746 reversed $2068 $-1 #
-2740 edge $-1 -1 -1 $-1 $2586 0.48000000000000009 $2672 1.4400000000000002 $2738 $2865 forward @7 unknown T 0 3.8399999999999999 0 0.96000000000000008 3.8400000000000003 0 #
-2741 cface_ptr-ct-attrib $-1 -1 $-1 $-1 $2493 1 1 1 1 1 1 1 1 1 1 1 1 0 1 0 1 1 1 $-1 $2080 #
-2742 loop $-1 -1 -1 $-1 $-1 $2702 $2493 T 0.96000000000000008 2.8799999999999999 0 1.9200000000000002 2.8799999999999999 1.3999999999999999 periphery $2265 F #
-2743 straight-curve $-1 -1 -1 $-1 1.2 3.4000000000000004 -5.6039617390979402e-11 1 0 -0 I I #
-2744 edge $-1 -1 -1 $-1 $2866 0 $2501 0.52000000000000002 $2499 $2867 forward @7 unknown T 0.96000000000000008 2.8799999999999999 0 0.96000000000000008 3.3999999999999999 0 #
-2745 coedge $-1 -1 -1 $-1 $2585 $2500 $2739 $2746 forward $2490 $-1 #
-2746 edge $-1 -1 -1 $-1 $2501 0.52000000000000002 $2586 0.95999999999999996 $2745 $2867 forward @7 unknown T 0.96000000000000008 3.3999999999999999 0 0.96000000000000008 3.8399999999999999 0 #
-2747 point $-1 -1 -1 $-1 0.96000000000000008 3.3999999999999999 0 #
-2748 coedge $-1 -1 -1 $-1 $2868 $2503 $2510 $2756 forward $2495 $-1 #
-2749 coedge $-1 -1 -1 $-1 $2503 $2868 $2505 $2751 forward $2495 $-1 #
-2750 straight-curve $-1 -1 -1 $-1 1.9200000000000002 3.3999999999999999 0.34999999998599007 0 1.5860328922581662e-16 -1 I I #
-2751 edge $-1 -1 -1 $-1 $2869 -1.2000000000000002 $2507 -0.68000000000000016 $2749 $2870 forward @7 unknown T 1.9200000000000002 2.8799999999999999 1.3999999999999999 1.9200000000000002 3.3999999999999999 1.3999999999999999 #
-2752 coedge $-1 -1 -1 $-1 $2506 $2522 $2663 $2825 reversed $1057 $-1 #
-2753 edge $-1 -1 -1 $-1 $2507 -0.68000000000000016 $2782 -0.24000000000000021 $2567 $2870 forward @7 unknown T 1.9200000000000002 3.3999999999999999 1.3999999999999999 1.9200000000000002 3.8399999999999999 1.3999999999999999 #
-2754 point $-1 -1 -1 $-1 1.9200000000000002 3.3999999999999999 1.3999999999999999 #
-2755 coedge $-1 -1 -1 $-1 $2510 $2695 $2871 $2872 reversed $1578 $-1 #
-2756 edge $-1 -1 -1 $-1 $2511 0.43999999999999995 $2873 0.95999999999999996 $2748 $2874 forward @7 unknown T 1.9200000000000002 2.8799999999999999 0 1.9200000000000002 3.3999999999999999 0 #
-2757 point $-1 -1 -1 $-1 1.9200000000000002 3.3999999999999999 0 #
-2758 coedge $-1 -1 -1 $-1 $2663 $2762 $2513 $2759 forward $1909 $-1 #
-2759 edge $-1 -1 -1 $-1 $2761 0 $2760 1.3999999999999999 $2758 $2875 forward @7 unknown T 2.8799999999999999 2.8799999999999999 0 2.8799999999999999 2.8799999999999999 1.3999999999999999 #
-2760 vertex $-1 -1 -1 $-1 $2514 $2876 #
-2761 vertex $-1 -1 -1 $-1 $2763 $2877 #
-2762 coedge $-1 -1 -1 $-1 $2758 $2519 $2518 $2763 forward $1909 $-1 #
-2763 edge $-1 -1 -1 $-1 $2521 0 $2761 0.95999999999999996 $2762 $2878 forward @7 unknown T 2.8799999999999999 2.8799999999999999 0 3.8399999999999999 2.8799999999999999 0 #
-2764 straight-curve $-1 -1 -1 $-1 3.8399999999999999 2.8799999999999999 0 0 0 1 I I #
-2765 point $-1 -1 -1 $-1 3.8399999999999999 2.8799999999999999 0 #
-2766 point $-1 -1 -1 $-1 3.8399999999999999 2.8799999999999999 1.3999999999999999 #
-2767 straight-curve $-1 -1 -1 $-1 4.7999999999999998 3.3999999999999999 2.0399999999918101 0 1.5419764231255748e-16 1 I I #
-2768 coedge $-1 -1 -1 $-1 $2528 $2683 $2597 $2245 reversed $1109 $-1 #
-2769 coedge $-1 -1 -1 $-1 $2533 $2738 $2541 $2771 forward $2485 $-1 #
-2770 straight-curve $-1 -1 -1 $-1 0.95999999999999996 3.8399999999999999 4.7999999999999998 -0 -1 -0 F -0.96000000000000041 F -0 #
-2771 edge $-1 -1 -1 $-1 $2672 3.8399999999999999 $2542 4.7999999999999998 $2541 $1523 forward @7 unknown T 0 3.8399999999999999 0 0 4.7999999999999998 0 #
-2772 point $-1 -1 -1 $-1 0 4.7999999999999998 0 #
-2773 point $-1 -1 -1 $-1 4.7999999999999998 0 0 #
-2774 cface_ptr-ct-attrib $-1 -1 $-1 $-1 $2552 1 1 1 1 1 1 1 1 1 1 1 1 0 1 0 1 1 1 $-1 $2391 #
-2775 point $-1 -1 -1 $-1 3.8399999999999999 1.4399999999999999 3.3599999999999999 #
-2776 point $-1 -1 -1 $-1 2.8799999999999999 0.95999999999999996 3.3599999999999999 #
-2777 straight-curve $-1 -1 -1 $-1 3.3999999999999999 0.95999999999999996 1.1899999999999999 -0 0 1 I I #
-2778 coedge $-1 -1 -1 $-1 $2568 $2567 $2580 $2781 reversed $1737 $-1 #
-2779 edge $-1 -1 -1 $-1 $2785 0 $2511 0.43999999999999995 $2568 $2874 forward @7 unknown T 1.9200000000000002 3.3999999999999999 0 1.9200000000000002 3.8399999999999999 0 #
-2780 coedge $-1 -1 -1 $-1 $2666 $2575 $2576 $2573 reversed $1109 $-1 #
-2781 edge $-1 -1 -1 $-1 $2785 0 $2782 1.3999999999999999 $2580 $2804 forward @7 unknown T 1.9200000000000002 3.8399999999999999 0 1.9200000000000002 3.8399999999999999 1.3999999999999999 #
-2782 vertex $-1 -1 -1 $-1 $2753 $2879 #
-2783 straight-curve $-1 -1 -1 $-1 1.9300000000000002 3.8399999999999999 1.3999999999999999 -1 0 0 I I #
-2784 point $-1 -1 -1 $-1 0.96000000000000008 3.8399999999999999 0 #
-2785 vertex $-1 -1 -1 $-1 $2779 $2880 #
-2786 straight-curve $-1 -1 -1 $-1 0.96000000000000008 3.8399999999999999 0 1 0 0 I I #
-2787 coedge $-1 -1 -1 $-1 $2593 $2791 $2718 $2854 forward $2492 $-1 #
-2788 point $-1 -1 -1 $-1 3.8399999999999999 3.3999999999999999 4.7999999999999998 #
-2789 edge $-1 -1 -1 $-1 $2596 3.3599999999999999 $2881 4.7999999999999998 $2791 $2764 forward @7 unknown T 3.8399999999999999 2.8799999999999999 3.3599999999999999 3.8399999999999999 2.8799999999999999 4.7999999999999998 #
-2790 point $-1 -1 -1 $-1 3.8399999999999999 2.8799999999999999 3.3599999999999999 #
-2791 coedge $-1 -1 -1 $-1 $2787 $2597 $2682 $2789 forward $2492 $-1 #
-2792 point $-1 -1 -1 $-1 4.7999999999999998 3.4000000000000004 4.7999999999672402 #
-2793 cface_ptr-ct-attrib $-1 -1 $-1 $-1 $2607 1 1 1 1 1 1 1 1 1 1 1 1 0 1 0 1 1 1 $-1 $2630 #
-2794 coedge $-1 -1 -1 $-1 $2619 $2608 $2674 $2832 forward $2264 $-1 #
-2795 straight-curve $-1 -1 -1 $-1 1.2 3.4000000000000004 4.7999999999672402 -1 0 0 I I #
-2796 coedge $-1 -1 -1 $-1 $2614 $2613 $2834 $2882 reversed $2386 $-1 #
-2797 edge $-1 -1 -1 $-1 $2883 -1.2000000000000002 $2275 -0.68000000000000016 $2614 $2610 forward @7 unknown T 2.8799999999999999 2.8799999999999999 3.3599999999999999 2.8799999999999999 3.3999999999999999 3.3599999999999999 #
-2798 vertex $-1 -1 -1 $-1 $2882 $2884 #
-2799 coedge $-1 -1 -1 $-1 $2683 $2621 $2681 $2835 reversed $1109 $-1 #
-2800 vertex $-1 -1 -1 $-1 $2728 $2885 #
-2801 straight-curve $-1 -1 -1 $-1 1.9300000000000002 2.8799999999999999 3.3599999999999999 -1 0 -0 I I #
-2802 straight-curve $-1 -1 -1 $-1 1.9200000000000002 2.8799999999999999 4.7999999999999998 1 0 0 I I #
-2803 coedge $-1 -1 -1 $-1 $2625 $2718 $2836 $2886 reversed $1075 $-1 #
-2804 straight-curve $-1 -1 -1 $-1 1.9200000000000002 3.8399999999999999 0 0 0 1 I I #
-2805 point $-1 -1 -1 $-1 1.9200000000000002 3.8399999999999999 4.7999999999999998 #
-2806 point $-1 -1 -1 $-1 1.9200000000000002 3.8399999999999999 3.3599999999999999 #
-2807 vertex $-1 -1 -1 $-1 $2632 $2887 #
-2808 vertex $-1 -1 -1 $-1 $2645 $2888 #
-2809 straight-curve $-1 -1 -1 $-1 3.8399999999999999 1.9299999999999999 1.3999999999999999 0 1 0 I I #
-2810 edge $-1 -1 -1 $-1 $2811 0 $2808 1.3999999999999999 $2644 $2889 forward @7 unknown T 3.8399999999999999 1.9199999999999999 0 3.8399999999999999 1.9199999999999999 1.3999999999999999 #
-2811 vertex $-1 -1 -1 $-1 $2640 $2890 #
-2812 coedge $-1 -1 -1 $-1 $2719 $2642 $2665 $2818 forward $2322 $-1 #
-2813 edge $-1 -1 -1 $-1 $2862 1.72 $2828 2.1600000000000001 $2642 $2891 forward @7 unknown T 3.3999999999999999 1.9199999999999999 3.3599999999999999 3.8399999999999999 1.9199999999999999 3.3599999999999999 #
-2814 coedge $-1 -1 -1 $-1 $2644 $2653 $2655 $2821 forward $1872 $-1 #
-2815 vertex $-1 -1 -1 $-1 $2645 $2892 #
-2816 straight-curve $-1 -1 -1 $-1 1.6799999999999999 1.9199999999999999 1.3999999999999999 -1 -0 -0 I I #
-2817 straight-curve $-1 -1 -1 $-1 1.2 3.4000000000000004 4.7999999999672402 -1 0 0 I I #
-2818 edge $-1 -1 -1 $-1 $2828 3.3599999999999999 $2652 4.7999999999999998 $2812 $2889 forward @7 unknown T 3.8399999999999999 1.9199999999999999 3.3599999999999999 3.8399999999999999 1.9199999999999999 4.7999999999999998 #
-2819 point $-1 -1 -1 $-1 3.8399999999999999 1.9199999999999999 4.7999999999999998 #
-2820 straight-curve $-1 -1 -1 $-1 2.8799999999999999 1.9199999999999999 0 0 0 1 I I #
-2821 edge $-1 -1 -1 $-1 $2656 0 $2811 0.95999999999999996 $2814 $2893 forward @7 unknown T 2.8799999999999999 1.9199999999999999 0 3.8399999999999999 1.9199999999999999 0 #
-2822 point $-1 -1 -1 $-1 2.8799999999999999 1.9199999999999999 0 #
-2823 point $-1 -1 -1 $-1 2.8799999999999999 1.9199999999999999 1.3999999999999999 #
-2824 straight-curve $-1 -1 -1 $-1 0.96000000000000008 3.8399999999999999 4.7999999999999998 -1 -0 -0 I I #
-2825 edge $-1 -1 -1 $-1 $2760 -0.0099999999999997868 $2826 0.51000000000000023 $2663 $2894 forward @7 unknown T 2.8799999999999999 2.8799999999999999 1.3999999999999999 3.3999999999999999 2.8799999999999999 1.3999999999999999 #
-2826 vertex $-1 -1 -1 $-1 $2664 $2895 #
-2827 straight-curve $-1 -1 -1 $-1 1.6799999999999999 2.8799999999999999 1.3999999999999999 1 0 0 I I #
-2828 vertex $-1 -1 -1 $-1 $2818 $2896 #
-2829 straight-curve $-1 -1 -1 $-1 3.8399999999999999 1.9299999999999999 3.3599999999999999 0 -1 0 I I #
-2830 straight-curve $-1 -1 -1 $-1 0.96000000000000008 3.3999999999999999 1.1899999999999999 0 0 -1 I I #
-2831 point $-1 -1 -1 $-1 0 3.8399999999999999 0 #
-2832 edge $-1 -1 -1 $-1 $2729 3.3599999999999999 $2717 4.7999999999999998 $2794 $2897 forward @7 unknown T 0.96000000000000008 2.8799999999999999 3.3599999999999999 0.96000000000000008 2.8799999999999999 4.7999999999999998 #
-2833 straight-curve $-1 -1 -1 $-1 0.96000000000000008 3.7300000000140097 1.3999999999999999 -0 1 1.5860328922581657e-16 I I #
-2834 coedge $-1 -1 -1 $-1 $2836 $2681 $2796 $2882 forward $1943 $-1 #
-2835 edge $-1 -1 -1 $-1 $2837 -0.51000000000000023 $2883 0.0099999999999997868 $2681 $2898 forward @7 unknown T 2.8799999999999999 2.8799999999999999 3.3599999999999999 3.3999999999999999 2.8799999999999999 3.3599999999999999 #
-2836 coedge $-1 -1 -1 $-1 $2682 $2834 $2803 $2886 forward $1943 $-1 #
-2837 vertex $-1 -1 -1 $-1 $2835 $2899 #
-2838 straight-curve $-1 -1 -1 $-1 1.6799999999999999 2.8799999999999999 3.3599999999999999 -1 0 0 I I #
-2839 straight-curve $-1 -1 -1 $-1 2.8899999999999997 0.95999999999999996 1.3999999999999999 1 -0 0 I I #
-2840 point $-1 -1 -1 $-1 3.3999999999999999 0.95999999999999996 1.3999999999999999 #
-2841 edge $-1 -1 -1 $-1 $2712 0 $2698 1.3999999999999999 $2697 $2852 forward @7 unknown T 1.9199999999999999 1.9199999999999999 0 1.9199999999999999 1.9199999999999999 1.3999999999999999 #
-2842 point $-1 -1 -1 $-1 1.9199999999999999 1.9199999999999999 1.3999999999999999 #
-2843 coedge $-1 -1 -1 $-1 $2900 $2702 $2701 $2844 forward $2742 $-1 #
-2844 edge $-1 -1 -1 $-1 $2846 -0.49000000000000021 $2869 -0.010000000000000009 $2843 $2901 forward @7 unknown T 1.4399999999999999 2.8799999999999999 1.3999999999999999 1.9200000000000002 2.8799999999999999 1.3999999999999999 #
-2845 coedge $-1 -1 -1 $-1 $2702 $2871 $2704 $2848 forward $2742 $-1 #
-2846 vertex $-1 -1 -1 $-1 $2703 $2902 #
-2847 straight-curve $-1 -1 -1 $-1 0.7200000000000002 2.8799999999999999 1.3999999999999999 1 0 0 I I #
-2848 edge $-1 -1 -1 $-1 $2866 0 $2705 1.3999999999999999 $2845 $2897 forward @7 unknown T 0.96000000000000008 2.8799999999999999 0 0.96000000000000008 2.8799999999999999 1.3999999999999999 #
-2849 point $-1 -1 -1 $-1 0.96000000000000008 2.8799999999999999 1.3999999999999999 #
-2850 straight-curve $-1 -1 -1 $-1 2.8899999999999997 1.9199999999999999 1.3999999999999999 -1 0 0 I I #
-2851 point $-1 -1 -1 $-1 1.9199999999999999 1.9199999999999999 0 #
-2852 straight-curve $-1 -1 -1 $-1 1.9199999999999999 1.9199999999999999 0 0 0 1 I I #
-2853 point $-1 -1 -1 $-1 0.96000000000000008 2.8799999999999999 4.7999999999999998 #
-2854 edge $-1 -1 -1 $-1 $2881 -0.95999999999999996 $2594 -0.43999999999999995 $2787 $2603 forward @7 unknown T 3.8399999999999999 2.8799999999999999 4.7999999999999998 3.8399999999999999 3.3999999999999999 4.7999999999999998 #
-2855 coedge $-1 -1 -1 $-1 $2735 $2719 $2724 $2857 reversed $2322 $-1 #
-2856 straight-curve $-1 -1 -1 $-1 2.8799999999999999 1.9199999999999999 4.7999999999999998 -1 -0 -0 I I #
-2857 edge $-1 -1 -1 $-1 $2737 3.3599999999999999 $2725 4.7999999999999998 $2724 $2820 forward @7 unknown T 2.8799999999999999 1.9199999999999999 3.3599999999999999 2.8799999999999999 1.9199999999999999 4.7999999999999998 #
-2858 point $-1 -1 -1 $-1 2.8799999999999999 1.9199999999999999 4.7999999999999998 #
-2859 straight-curve $-1 -1 -1 $-1 0.7200000000000002 2.8799999999999999 3.3599999999999999 -1 0 0 I I #
-2860 point $-1 -1 -1 $-1 0.96000000000000008 2.8799999999999999 3.3599999999999999 #
-2861 point $-1 -1 -1 $-1 1.9199999999999999 1.9199999999999999 3.3599999999999999 #
-2862 vertex $-1 -1 -1 $-1 $2736 $2903 #
-2863 straight-curve $-1 -1 -1 $-1 2.8899999999999997 1.9199999999999999 3.3599999999999999 1 0 0 I I #
-2864 point $-1 -1 -1 $-1 2.8799999999999999 1.9199999999999999 3.3599999999999999 #
-2865 straight-curve $-1 -1 -1 $-1 1.4400000000000002 3.8399999999999999 0 -1 2.312964634635743e-16 0 I I #
-2866 vertex $-1 -1 -1 $-1 $2872 $2904 #
-2867 straight-curve $-1 -1 -1 $-1 0.96000000000000008 2.8799999999999999 0 0 1 0 I I #
-2868 coedge $-1 -1 -1 $-1 $2749 $2748 $2900 $2905 forward $2495 $-1 #
-2869 vertex $-1 -1 -1 $-1 $2751 $2906 #
-2870 straight-curve $-1 -1 -1 $-1 1.9200000000000002 4.0800000000000001 1.3999999999999999 0 1 -0 I I #
-2871 coedge $-1 -1 -1 $-1 $2845 $2900 $2755 $2872 forward $2742 $-1 #
-2872 edge $-1 -1 -1 $-1 $2873 0 $2866 0.96000000000000008 $2871 $2907 forward @7 unknown T 0.96000000000000008 2.8799999999999999 0 1.9200000000000002 2.8799999999999999 0 #
-2873 vertex $-1 -1 -1 $-1 $2872 $2908 #
-2874 straight-curve $-1 -1 -1 $-1 1.9200000000000002 3.8399999999999999 0 0 -1 0 I I #
-2875 straight-curve $-1 -1 -1 $-1 2.8799999999999999 2.8799999999999999 0 0 0 1 I I #
-2876 point $-1 -1 -1 $-1 2.8799999999999999 2.8799999999999999 1.3999999999999999 #
-2877 point $-1 -1 -1 $-1 2.8799999999999999 2.8799999999999999 0 #
-2878 straight-curve $-1 -1 -1 $-1 3.8399999999999999 2.8799999999999999 0 -1 0 0 I I #
-2879 point $-1 -1 -1 $-1 1.9200000000000002 3.8399999999999999 1.3999999999999999 #
-2880 point $-1 -1 -1 $-1 1.9200000000000002 3.8399999999999999 0 #
-2881 vertex $-1 -1 -1 $-1 $2789 $2909 #
-2882 edge $-1 -1 -1 $-1 $2883 3.3599999999999999 $2798 4.7999999999999998 $2834 $2875 forward @7 unknown T 2.8799999999999999 2.8799999999999999 3.3599999999999999 2.8799999999999999 2.8799999999999999 4.7999999999999998 #
-2883 vertex $-1 -1 -1 $-1 $2882 $2910 #
-2884 point $-1 -1 -1 $-1 2.8799999999999999 2.8799999999999999 4.7999999999999998 #
-2885 point $-1 -1 -1 $-1 1.4399999999999999 2.8799999999999999 3.3599999999999999 #
-2886 edge $-1 -1 -1 $-1 $2798 -0.95999999999999996 $2881 0 $2836 $2911 forward @7 unknown T 2.8799999999999999 2.8799999999999999 4.7999999999999998 3.8399999999999999 2.8799999999999999 4.7999999999999998 #
-2887 point $-1 -1 -1 $-1 2.8799999999999999 0.95999999999999996 1.3999999999999999 #
-2888 point $-1 -1 -1 $-1 3.8399999999999999 1.9199999999999999 1.3999999999999999 #
-2889 straight-curve $-1 -1 -1 $-1 3.8399999999999999 1.9199999999999999 0 0 0 1 I I #
-2890 point $-1 -1 -1 $-1 3.8399999999999999 1.9199999999999999 0 #
-2891 straight-curve $-1 -1 -1 $-1 1.6799999999999999 1.9199999999999999 3.3599999999999999 1 0 -0 I I #
-2892 point $-1 -1 -1 $-1 3.3999999999999999 1.9199999999999999 1.3999999999999999 #
-2893 straight-curve $-1 -1 -1 $-1 2.8799999999999999 1.9199999999999999 0 1 0 0 I I #
-2894 straight-curve $-1 -1 -1 $-1 2.8899999999999997 2.8799999999999999 1.3999999999999999 1 -0 0 I I #
-2895 point $-1 -1 -1 $-1 3.3999999999999999 2.8799999999999999 1.3999999999999999 #
-2896 point $-1 -1 -1 $-1 3.8399999999999999 1.9199999999999999 3.3599999999999999 #
-2897 straight-curve $-1 -1 -1 $-1 0.96000000000000008 2.8799999999999999 0 0 0 1 I I #
-2898 straight-curve $-1 -1 -1 $-1 2.8899999999999997 2.8799999999999999 3.3599999999999999 -1 0 -0 I I #
-2899 point $-1 -1 -1 $-1 3.3999999999999999 2.8799999999999999 3.3599999999999999 #
-2900 coedge $-1 -1 -1 $-1 $2871 $2843 $2868 $2905 reversed $2742 $-1 #
-2901 straight-curve $-1 -1 -1 $-1 1.9300000000000002 2.8799999999999999 1.3999999999999999 1 -0 0 I I #
-2902 point $-1 -1 -1 $-1 1.4399999999999999 2.8799999999999999 1.3999999999999999 #
-2903 point $-1 -1 -1 $-1 3.3999999999999999 1.9199999999999999 3.3599999999999999 #
-2904 point $-1 -1 -1 $-1 0.96000000000000008 2.8799999999999999 0 #
-2905 edge $-1 -1 -1 $-1 $2873 0 $2869 1.3999999999999999 $2868 $2620 forward @7 unknown T 1.9200000000000002 2.8799999999999999 0 1.9200000000000002 2.8799999999999999 1.3999999999999999 #
-2906 point $-1 -1 -1 $-1 1.9200000000000002 2.8799999999999999 1.3999999999999999 #
-2907 straight-curve $-1 -1 -1 $-1 1.9200000000000002 2.8799999999999999 0 -1 0 0 I I #
-2908 point $-1 -1 -1 $-1 1.9200000000000002 2.8799999999999999 0 #
-2909 point $-1 -1 -1 $-1 3.8399999999999999 2.8799999999999999 4.7999999999999998 #
-2910 point $-1 -1 -1 $-1 2.8799999999999999 2.8799999999999999 3.3599999999999999 #
-2911 straight-curve $-1 -1 -1 $-1 3.8399999999999999 2.8799999999999999 4.7999999999999998 1 0 0 I I #
End-of-ACIS-data 
