2.000000000000000111e-01,-3.687025547027587891e+00,1.310501861572265625e+01,3.599999999999999867e-01,0.000000000000000000e+00
2.000696803995262729e-01,-3.656723499298095703e+00,1.317000198364257812e+01,3.599999999999999867e-01,0.000000000000000000e+00
2.000961614557396628e-01,-3.524318218231201172e+00,1.317000198364257812e+01,3.599999999999999867e-01,3.700000000000000000e+05
2.004703091064404807e-01,-3.687025547027587891e+00,1.282107543945312500e+01,3.599999999999999867e-01,0.000000000000000000e+00
2.005270977416943878e-01,-3.687025547027587891e+00,1.253713226318359375e+01,3.599999999999999867e-01,3.700000000000000000e+05
2.012057126435700671e-01,-3.391912937164306641e+00,1.317000198364257812e+01,3.599999999999999867e-01,0.000000000000000000e+00
2.012321936997834571e-01,-3.259507656097412109e+00,1.317000198364257812e+01,3.599999999999999867e-01,3.700000000000000000e+05
2.022152792126879484e-01,-3.687025547027587891e+00,1.225318527221679688e+01,3.599999999999999867e-01,0.000000000000000000e+00
2.022720678479418555e-01,-3.687025547027587891e+00,1.196924209594726562e+01,3.599999999999999867e-01,3.700000000000000000e+05
2.030998931187278922e-01,-3.327025890350341797e+00,1.274126434326171875e+01,3.599999999999999867e-01,0.000000000000000000e+00
2.031566817539817993e-01,-3.327025890350341797e+00,1.245732116699218750e+01,3.599999999999999867e-01,3.700000000000000000e+05
2.039845070247678360e-01,-3.687025547027587891e+00,1.168529891967773438e+01,3.599999999999999867e-01,0.000000000000000000e+00
2.040412956600217431e-01,-3.687025547027587891e+00,1.140135574340820312e+01,3.599999999999999867e-01,3.700000000000000000e+05
2.048691209308077799e-01,-3.327025890350341797e+00,1.217337799072265625e+01,3.599999999999999867e-01,0.000000000000000000e+00
2.049259103290011486e-01,-3.327025890350341797e+00,1.188943099975585938e+01,3.599999999999999867e-01,3.700000000000000000e+05
2.057537355997871853e-01,-3.687025547027587891e+00,1.111740875244140625e+01,3.599999999999999867e-01,0.000000000000000000e+00
2.058105242350410924e-01,-3.687025547027587891e+00,1.083346557617187500e+01,3.599999999999999867e-01,3.700000000000000000e+05
2.066383495058271291e-01,-3.327025890350341797e+00,1.160548782348632812e+01,3.599999999999999867e-01,0.000000000000000000e+00
2.066914749356365821e-01,-3.318418979644775391e+00,1.134000015258789062e+01,3.599999999999999867e-01,3.700000000000000000e+05
2.075390901052303061e-01,-3.687025547027587891e+00,1.054952239990234375e+01,3.599999999999999867e-01,0.000000000000000000e+00
2.075958787404842132e-01,-3.687025547027587891e+00,1.026557922363281250e+01,3.599999999999999867e-01,3.700000000000000000e+05
2.087479611612528263e-01,-3.186013698577880859e+00,1.134000015258789062e+01,3.599999999999999867e-01,0.000000000000000000e+00
2.087744422174662162e-01,-3.053608417510986328e+00,1.134000015258789062e+01,3.599999999999999867e-01,3.700000000000000000e+05
2.091604607278883809e-01,-3.221478939056396484e+00,1.098000335693359375e+01,3.599999999999999867e-01,0.000000000000000000e+00
2.091869417841017709e-01,-3.089073657989501953e+00,1.098000335693359375e+01,3.599999999999999867e-01,3.700000000000000000e+05
2.095729602945239356e-01,-2.921203136444091797e+00,1.134000015258789062e+01,3.599999999999999867e-01,0.000000000000000000e+00
2.095994415414721701e-01,-2.788796901702880859e+00,1.134000015258789062e+01,3.599999999999999867e-01,3.700000000000000000e+05
2.099854604435790750e-01,-2.956668376922607422e+00,1.098000335693359375e+01,3.599999999999999867e-01,0.000000000000000000e+00
2.100119414997924649e-01,-2.824263095855712891e+00,1.098000335693359375e+01,3.599999999999999867e-01,3.700000000000000000e+05
2.103979604018993699e-01,-2.656391620635986328e+00,1.134000015258789062e+01,3.599999999999999867e-01,0.000000000000000000e+00
2.104244414581127598e-01,-2.523986339569091797e+00,1.134000015258789062e+01,3.599999999999999867e-01,3.700000000000000000e+05
2.108104603602196647e-01,-2.691857814788818359e+00,1.098000335693359375e+01,3.599999999999999867e-01,0.000000000000000000e+00
2.108369414164330546e-01,-2.559452533721923828e+00,1.098000335693359375e+01,3.599999999999999867e-01,3.700000000000000000e+05
2.112229603185399596e-01,-2.391581058502197266e+00,1.134000015258789062e+01,3.599999999999999867e-01,0.000000000000000000e+00
2.112494413747533495e-01,-2.259175777435302734e+00,1.134000015258789062e+01,3.599999999999999867e-01,3.700000000000000000e+05
2.116354598851755142e-01,-2.427046298980712891e+00,1.098000335693359375e+01,3.599999999999999867e-01,0.000000000000000000e+00
2.116619409413889041e-01,-2.294641017913818359e+00,1.098000335693359375e+01,3.599999999999999867e-01,3.700000000000000000e+05
2.120479594518110689e-01,-2.126770496368408203e+00,1.134000015258789062e+01,3.599999999999999867e-01,0.000000000000000000e+00
2.120744405080244588e-01,-1.994365215301513672e+00,1.134000015258789062e+01,3.599999999999999867e-01,3.700000000000000000e+05
2.124604590184466235e-01,-2.162235736846923828e+00,1.098000335693359375e+01,3.599999999999999867e-01,0.000000000000000000e+00
2.124869400746600134e-01,-2.029830455780029297e+00,1.098000335693359375e+01,3.599999999999999867e-01,3.700000000000000000e+05
2.128729585850821782e-01,-1.861959934234619141e+00,1.134000015258789062e+01,3.599999999999999867e-01,0.000000000000000000e+00
2.139709947115869260e-01,-1.817632198333740234e+00,1.683000183105468750e+01,3.599999999999999867e-01,3.700000000000000000e+05
2.140615795443170655e-01,-1.857025623321533203e+00,1.674552345275878906e+01,3.599999999999999867e-01,0.000000000000000000e+00
2.141183685610406895e-01,-1.857025623321533203e+00,1.646157836914062500e+01,3.599999999999999867e-01,3.700000000000000000e+05
2.145134223248714445e-01,-1.685226917266845703e+00,1.683000183105468750e+01,3.599999999999999867e-01,0.000000000000000000e+00
2.145399033810848344e-01,-1.552821636199951172e+00,1.683000183105468750e+01,3.599999999999999867e-01,3.700000000000000000e+05
2.152394243960903952e-01,-1.857025623321533203e+00,1.617763519287109375e+01,3.599999999999999867e-01,0.000000000000000000e+00
2.152962134128140193e-01,-1.857025623321533203e+00,1.589369010925292969e+01,3.599999999999999867e-01,3.700000000000000000e+05
2.163002033589212225e-01,-1.420416355133056641e+00,1.683000183105468750e+01,3.599999999999999867e-01,0.000000000000000000e+00
2.163266844151346124e-01,-1.288011074066162109e+00,1.683000183105468750e+01,3.599999999999999867e-01,3.700000000000000000e+05
2.167127062854095065e-01,-1.455881595611572266e+00,1.647000122070312500e+01,3.599999999999999867e-01,0.000000000000000000e+00
2.167391873416228965e-01,-1.323476314544677734e+00,1.647000122070312500e+01,3.599999999999999867e-01,3.700000000000000000e+05
2.171252092118977906e-01,-1.155605792999267578e+00,1.683000183105468750e+01,3.599999999999999867e-01,0.000000000000000000e+00
2.171516902681111805e-01,-1.023200511932373047e+00,1.683000183105468750e+01,3.599999999999999867e-01,3.700000000000000000e+05
2.175377121383860746e-01,-1.191071033477783203e+00,1.647000122070312500e+01,3.599999999999999867e-01,0.000000000000000000e+00
2.175641931945994645e-01,-1.058665752410888672e+00,1.647000122070312500e+01,3.599999999999999867e-01,3.700000000000000000e+05
2.179502150648743586e-01,-8.907952308654785156e-01,1.683000183105468750e+01,3.599999999999999867e-01,0.000000000000000000e+00
2.179766961210877485e-01,-7.583899497985839844e-01,1.683000183105468750e+01,3.599999999999999867e-01,3.700000000000000000e+05
2.183627179913626426e-01,-9.262604713439941406e-01,1.647000122070312500e+01,3.599999999999999867e-01,0.000000000000000000e+00
2.183891990475760325e-01,-7.938551902770996094e-01,1.647000122070312500e+01,3.599999999999999867e-01,3.700000000000000000e+05
2.187752209178509266e-01,-6.259846687316894531e-01,1.683000183105468750e+01,3.599999999999999867e-01,0.000000000000000000e+00
2.188017020694317250e-01,-4.935789108276367188e-01,1.683000183105468750e+01,3.599999999999999867e-01,3.700000000000000000e+05
2.191877241355470740e-01,-6.614499092102050781e-01,1.647000122070312500e+01,3.599999999999999867e-01,0.000000000000000000e+00
2.192142051917604639e-01,-5.290446281433105469e-01,1.647000122070312500e+01,3.599999999999999867e-01,3.700000000000000000e+05
2.196002272578758130e-01,-3.611736297607421875e-01,1.683000183105468750e+01,3.599999999999999867e-01,0.000000000000000000e+00
2.196267083140892029e-01,-2.287683486938476562e-01,1.683000183105468750e+01,3.599999999999999867e-01,3.700000000000000000e+05
2.200127301843640970e-01,-3.966388702392578125e-01,1.647000122070312500e+01,3.599999999999999867e-01,0.000000000000000000e+00
2.200392112405774869e-01,-2.642335891723632812e-01,1.647000122070312500e+01,3.599999999999999867e-01,3.700000000000000000e+05
2.204252331108523810e-01,-9.636306762695312500e-02,1.683000183105468750e+01,3.599999999999999867e-01,0.000000000000000000e+00
2.214526864386151261e-01,-3.294972896575927734e+00,1.281000137329101562e+01,3.599999999999999867e-01,3.700000000000000000e+05
2.218387083088900202e-01,-3.127102375030517578e+00,1.317000198364257812e+01,3.599999999999999867e-01,0.000000000000000000e+00
2.218651893651034102e-01,-2.994697093963623047e+00,1.317000198364257812e+01,3.599999999999999867e-01,3.700000000000000000e+05
2.222512112353783043e-01,-3.162567615509033203e+00,1.281000137329101562e+01,3.599999999999999867e-01,0.000000000000000000e+00
2.222776922915916942e-01,-3.030162334442138672e+00,1.281000137329101562e+01,3.599999999999999867e-01,3.700000000000000000e+05
2.226637141618665883e-01,-2.862291812896728516e+00,1.317000198364257812e+01,3.599999999999999867e-01,0.000000000000000000e+00
2.226901952180799782e-01,-2.729886531829833984e+00,1.317000198364257812e+01,3.599999999999999867e-01,3.700000000000000000e+05
2.230762170883548723e-01,-2.897757053375244141e+00,1.281000137329101562e+01,3.599999999999999867e-01,0.000000000000000000e+00
2.231026981445682622e-01,-2.765351772308349609e+00,1.281000137329101562e+01,3.599999999999999867e-01,3.700000000000000000e+05
2.234887200148431563e-01,-2.597481250762939453e+00,1.317000198364257812e+01,3.599999999999999867e-01,0.000000000000000000e+00
2.235152010710565462e-01,-2.465075969696044922e+00,1.317000198364257812e+01,3.599999999999999867e-01,3.700000000000000000e+05
2.239012229413314403e-01,-2.632946491241455078e+00,1.281000137329101562e+01,3.599999999999999867e-01,0.000000000000000000e+00
2.239277039975448302e-01,-2.500541210174560547e+00,1.281000137329101562e+01,3.599999999999999867e-01,3.700000000000000000e+05
2.243137258678197243e-01,-2.332670688629150391e+00,1.317000198364257812e+01,3.599999999999999867e-01,0.000000000000000000e+00
2.243402069240331143e-01,-2.200265407562255859e+00,1.317000198364257812e+01,3.599999999999999867e-01,3.700000000000000000e+05
2.247262287943080084e-01,-2.368135929107666016e+00,1.281000137329101562e+01,3.599999999999999867e-01,0.000000000000000000e+00
2.247527098505213983e-01,-2.235730648040771484e+00,1.281000137329101562e+01,3.599999999999999867e-01,3.700000000000000000e+05
2.251387317207962924e-01,-2.067860126495361328e+00,1.317000198364257812e+01,3.599999999999999867e-01,0.000000000000000000e+00
2.251652127770096823e-01,-1.935454845428466797e+00,1.317000198364257812e+01,3.599999999999999867e-01,3.700000000000000000e+05
2.255512346472845764e-01,-2.103325366973876953e+00,1.281000137329101562e+01,3.599999999999999867e-01,0.000000000000000000e+00
2.262758069136600048e-01,-1.497025966644287109e+00,1.638176918029785156e+01,3.599999999999999867e-01,3.700000000000000000e+05
2.271036321844460415e-01,-1.857025623321533203e+00,1.560974693298339844e+01,3.599999999999999867e-01,0.000000000000000000e+00
2.271604212011696655e-01,-1.857025623321533203e+00,1.532580184936523438e+01,3.599999999999999867e-01,3.700000000000000000e+05
2.279882464719557023e-01,-1.497025966644287109e+00,1.609782409667968750e+01,3.599999999999999867e-01,0.000000000000000000e+00
2.280450351072096093e-01,-1.497025966644287109e+00,1.581388092041015625e+01,3.599999999999999867e-01,3.700000000000000000e+05
2.288728603779956461e-01,-1.857025623321533203e+00,1.504185867309570312e+01,3.599999999999999867e-01,0.000000000000000000e+00
2.289296497761890148e-01,-1.857025623321533203e+00,1.475791168212890625e+01,3.599999999999999867e-01,3.700000000000000000e+05
2.297574767269026375e-01,-1.497025966644287109e+00,1.552993583679199219e+01,3.599999999999999867e-01,0.000000000000000000e+00
2.298142657436262615e-01,-1.497025966644287109e+00,1.524599075317382812e+01,3.599999999999999867e-01,3.700000000000000000e+05
2.306420910144122982e-01,-1.857025623321533203e+00,1.447396850585937500e+01,3.599999999999999867e-01,0.000000000000000000e+00
2.306988796496662053e-01,-1.857025623321533203e+00,1.419002532958984375e+01,3.599999999999999867e-01,3.700000000000000000e+05
2.315674009323897831e-01,-1.479327678680419922e+00,1.500000000000000000e+01,3.599999999999999867e-01,0.000000000000000000e+00
2.315938819886031730e-01,-1.346922397613525391e+00,1.500000000000000000e+01,3.599999999999999867e-01,3.700000000000000000e+05
2.327668705225016399e-01,-1.857025623321533203e+00,1.390608215332031250e+01,3.599999999999999867e-01,0.000000000000000000e+00
2.328236599206950086e-01,-1.857025623321533203e+00,1.362213516235351562e+01,3.599999999999999867e-01,3.700000000000000000e+05
2.336514851914810453e-01,-1.497025966644287109e+00,1.439415740966796875e+01,3.599999999999999867e-01,0.000000000000000000e+00
2.337082738267349524e-01,-1.497025966644287109e+00,1.411021423339843750e+01,3.599999999999999867e-01,3.700000000000000000e+05
2.345360990975209892e-01,-1.857025623321533203e+00,1.333819198608398438e+01,3.599999999999999867e-01,0.000000000000000000e+00
2.346441652387586951e-01,-1.970920085906982422e+00,1.281000137329101562e+01,3.599999999999999867e-01,3.700000000000000000e+05
2.357338925829020604e-01,-1.497025966644287109e+00,1.382627105712890625e+01,3.599999999999999867e-01,0.000000000000000000e+00
2.357906812181559675e-01,-1.497025966644287109e+00,1.354232788085937500e+01,3.599999999999999867e-01,3.700000000000000000e+05
2.366185064889420042e-01,-1.857025623321533203e+00,1.277030563354492188e+01,3.599999999999999867e-01,0.000000000000000000e+00
2.366752958871353729e-01,-1.857025623321533203e+00,1.248635864257812500e+01,3.599999999999999867e-01,3.700000000000000000e+05
2.375031211579214097e-01,-1.497025966644287109e+00,1.325838088989257812e+01,3.599999999999999867e-01,0.000000000000000000e+00
2.375285196071989235e-01,-1.405832767486572266e+00,1.317000198364257812e+01,3.599999999999999867e-01,3.700000000000000000e+05
2.385660449091758506e-01,-1.857025623321533203e+00,1.220241546630859375e+01,3.599999999999999867e-01,0.000000000000000000e+00
2.386228335444297577e-01,-1.857025623321533203e+00,1.191847229003906250e+01,3.599999999999999867e-01,3.700000000000000000e+05
2.394506588152157944e-01,-1.497025966644287109e+00,1.269049453735351562e+01,3.599999999999999867e-01,0.000000000000000000e+00
2.395074474504697015e-01,-1.497025966644287109e+00,1.240655136108398438e+01,3.599999999999999867e-01,3.700000000000000000e+05
2.403352727212557383e-01,-1.857025623321533203e+00,1.163452911376953125e+01,3.599999999999999867e-01,0.000000000000000000e+00
2.403920621194491070e-01,-1.857025623321533203e+00,1.135058212280273438e+01,3.599999999999999867e-01,3.700000000000000000e+05
2.412198873902351437e-01,-1.497025966644287109e+00,1.212260437011718750e+01,3.599999999999999867e-01,0.000000000000000000e+00
2.412766760254890508e-01,-1.497025966644287109e+00,1.183866119384765625e+01,3.599999999999999867e-01,3.700000000000000000e+05
2.421973993503790112e-01,-1.897425174713134766e+00,1.098000335693359375e+01,3.599999999999999867e-01,0.000000000000000000e+00
2.422376795725780796e-01,-1.857025623321533203e+00,1.078269577026367188e+01,3.599999999999999867e-01,3.700000000000000000e+05
2.430655048433641163e-01,-1.497025966644287109e+00,1.155471801757812500e+01,3.599999999999999867e-01,0.000000000000000000e+00
2.431089310479133958e-01,-1.464744091033935547e+00,1.134000015258789062e+01,3.599999999999999867e-01,3.700000000000000000e+05
2.440109893664336727e-01,-1.857025623321533203e+00,1.049874877929687500e+01,3.599999999999999867e-01,0.000000000000000000e+00
2.440677780016875797e-01,-1.857025623321533203e+00,1.021480560302734375e+01,3.599999999999999867e-01,3.700000000000000000e+05
2.452743035713824959e-01,-1.332338809967041016e+00,1.134000015258789062e+01,3.599999999999999867e-01,0.000000000000000000e+00
2.453007846275958859e-01,-1.199933528900146484e+00,1.134000015258789062e+01,3.599999999999999867e-01,3.700000000000000000e+05
2.456868031380180506e-01,-1.367804050445556641e+00,1.098000335693359375e+01,3.599999999999999867e-01,0.000000000000000000e+00
2.457132841942314405e-01,-1.235398769378662109e+00,1.098000335693359375e+01,3.599999999999999867e-01,3.700000000000000000e+05
2.460993027046536052e-01,-1.067528247833251953e+00,1.134000015258789062e+01,3.599999999999999867e-01,0.000000000000000000e+00
2.461257839516018397e-01,-9.351220130920410156e-01,1.134000015258789062e+01,3.599999999999999867e-01,3.700000000000000000e+05
2.465118028537087447e-01,-1.102993488311767578e+00,1.098000335693359375e+01,3.599999999999999867e-01,0.000000000000000000e+00
2.465382839099221346e-01,-9.705882072448730469e-01,1.098000335693359375e+01,3.599999999999999867e-01,3.700000000000000000e+05
2.469243028120290395e-01,-8.027167320251464844e-01,1.134000015258789062e+01,3.599999999999999867e-01,0.000000000000000000e+00
2.469507838682424294e-01,-6.703114509582519531e-01,1.134000015258789062e+01,3.599999999999999867e-01,3.700000000000000000e+05
2.473368027703493344e-01,-8.381829261779785156e-01,1.098000335693359375e+01,3.599999999999999867e-01,0.000000000000000000e+00
2.473632838265627243e-01,-7.057776451110839844e-01,1.098000335693359375e+01,3.599999999999999867e-01,3.700000000000000000e+05
2.477493027286696292e-01,-5.379061698913574219e-01,1.134000015258789062e+01,3.599999999999999867e-01,0.000000000000000000e+00
2.477757837848830191e-01,-4.055008888244628906e-01,1.134000015258789062e+01,3.599999999999999867e-01,3.700000000000000000e+05
2.481618022953051839e-01,-5.733714103698730469e-01,1.098000335693359375e+01,3.599999999999999867e-01,0.000000000000000000e+00
2.481882832561511376e-01,-4.409666061401367188e-01,1.098000335693359375e+01,3.599999999999999867e-01,3.700000000000000000e+05
2.485743019624154226e-01,-2.730956077575683594e-01,1.134000015258789062e+01,3.599999999999999867e-01,0.000000000000000000e+00
2.486007830186288126e-01,-1.406903266906738281e-01,1.134000015258789062e+01,3.599999999999999867e-01,3.700000000000000000e+05
2.489868017248930976e-01,-3.085613250732421875e-01,1.098000335693359375e+01,3.599999999999999867e-01,0.000000000000000000e+00
2.505249200460857306e-01,9.495306015014648438e-02,1.866000175476074219e+01,3.599999999999999867e-01,3.700000000000000000e+05
2.508054129395900222e-01,-2.702569961547851562e-02,1.839841651916503906e+01,3.599999999999999867e-01,0.000000000000000000e+00
2.508622015748439016e-01,-2.702569961547851562e-02,1.811447334289550781e+01,3.599999999999999867e-01,3.700000000000000000e+05
2.514471619153634818e-01,2.273588180541992188e-01,1.866000175476074219e+01,3.599999999999999867e-01,0.000000000000000000e+00
2.514736429715768717e-01,3.597640991210937500e-01,1.866000175476074219e+01,3.599999999999999867e-01,3.700000000000000000e+05
2.523630722431980389e-01,-2.702569961547851562e-02,1.783052825927734375e+01,3.599999999999999867e-01,0.000000000000000000e+00
2.524198608784519182e-01,-2.702569961547851562e-02,1.754658508300781250e+01,3.599999999999999867e-01,3.700000000000000000e+05
2.536137574012478635e-01,4.921693801879882812e-01,1.866000175476074219e+01,3.599999999999999867e-01,0.000000000000000000e+00
2.536402384574612534e-01,6.245746612548828125e-01,1.866000175476074219e+01,3.599999999999999867e-01,3.700000000000000000e+05
2.540262603277361753e-01,4.567041397094726562e-01,1.830000114440917969e+01,3.599999999999999867e-01,0.000000000000000000e+00
2.540527413839495652e-01,5.891094207763671875e-01,1.830000114440917969e+01,3.599999999999999867e-01,3.700000000000000000e+05
2.544387632542244870e-01,7.569799423217773438e-01,1.866000175476074219e+01,3.599999999999999867e-01,0.000000000000000000e+00
2.544652443104378770e-01,8.893852233886718750e-01,1.866000175476074219e+01,3.599999999999999867e-01,3.700000000000000000e+05
2.548512661807127988e-01,7.215147018432617188e-01,1.830000114440917969e+01,3.599999999999999867e-01,0.000000000000000000e+00
2.548777472369261887e-01,8.539199829101562500e-01,1.830000114440917969e+01,3.599999999999999867e-01,3.700000000000000000e+05
2.552637691072011106e-01,1.021790504455566406e+00,1.866000175476074219e+01,3.599999999999999867e-01,0.000000000000000000e+00
2.552902502587819367e-01,1.154196262359619141e+00,1.866000175476074219e+01,3.599999999999999867e-01,3.700000000000000000e+05
2.556762723248972580e-01,9.863252639770507812e-01,1.830000114440917969e+01,3.599999999999999867e-01,0.000000000000000000e+00
2.557027533811106479e-01,1.118730545043945312e+00,1.830000114440917969e+01,3.599999999999999867e-01,3.700000000000000000e+05
2.560887754472259692e-01,1.286601543426513672e+00,1.866000175476074219e+01,3.599999999999999867e-01,0.000000000000000000e+00
2.561152565034393591e-01,1.419006824493408203e+00,1.866000175476074219e+01,3.599999999999999867e-01,3.700000000000000000e+05
2.565012785695546804e-01,1.251135826110839844e+00,1.830000114440917969e+01,3.599999999999999867e-01,0.000000000000000000e+00
2.565277596257680703e-01,1.383541107177734375e+00,1.830000114440917969e+01,3.599999999999999867e-01,3.700000000000000000e+05
2.569137816918833916e-01,1.551412105560302734e+00,1.866000175476074219e+01,3.599999999999999867e-01,0.000000000000000000e+00
2.569402627480967816e-01,1.683817386627197266e+00,1.866000175476074219e+01,3.599999999999999867e-01,3.700000000000000000e+05
2.573262846183717034e-01,1.515946865081787109e+00,1.830000114440917969e+01,3.599999999999999867e-01,0.000000000000000000e+00
2.573527656745850933e-01,1.648352146148681641e+00,1.830000114440917969e+01,3.599999999999999867e-01,3.700000000000000000e+05
2.577387875448600152e-01,1.816222667694091797e+00,1.866000175476074219e+01,3.599999999999999867e-01,0.000000000000000000e+00
2.577652686010734051e-01,1.948627948760986328e+00,1.866000175476074219e+01,3.599999999999999867e-01,3.700000000000000000e+05
2.581512904713483270e-01,1.780757427215576172e+00,1.830000114440917969e+01,3.599999999999999867e-01,0.000000000000000000e+00
2.581987587962583652e-01,1.802974224090576172e+00,1.806370162963867188e+01,3.599999999999999867e-01,3.700000000000000000e+05
2.588381606057775230e-01,2.081033706665039062e+00,1.866000175476074219e+01,3.599999999999999867e-01,0.000000000000000000e+00
2.588646416619909130e-01,2.213438987731933594e+00,1.866000175476074219e+01,3.599999999999999867e-01,3.700000000000000000e+05
2.598085107226849044e-01,1.802974224090576172e+00,1.777975845336914062e+01,3.599999999999999867e-01,0.000000000000000000e+00
2.598652997394085284e-01,1.802974224090576172e+00,1.749581336975097656e+01,3.599999999999999867e-01,3.700000000000000000e+05
2.606931252060352699e-01,2.162974357604980469e+00,1.826783561706542969e+01,3.599999999999999867e-01,0.000000000000000000e+00
2.607499138412891493e-01,2.162974357604980469e+00,1.798389244079589844e+01,3.599999999999999867e-01,3.700000000000000000e+05
2.615777393079158908e-01,1.802974224090576172e+00,1.721187019348144531e+01,3.599999999999999867e-01,0.000000000000000000e+00
2.616345283246395148e-01,1.802974224090576172e+00,1.692792510986328125e+01,3.599999999999999867e-01,3.700000000000000000e+05
2.624623537912662563e-01,2.162974357604980469e+00,1.769994735717773438e+01,3.599999999999999867e-01,0.000000000000000000e+00
2.642331286212020180e-01,-3.327025890350341797e+00,1.075365447998046875e+01,3.599999999999999867e-01,3.700000000000000000e+05
2.650609538919880825e-01,-3.687025547027587891e+00,9.981632232666015625e+00,3.599999999999999867e-01,0.000000000000000000e+00
2.651177425272419619e-01,-3.687025547027587891e+00,9.697689056396484375e+00,3.599999999999999867e-01,3.700000000000000000e+05
2.659455677980280264e-01,-3.327025890350341797e+00,1.046971130371093750e+01,3.599999999999999867e-01,0.000000000000000000e+00
2.660023564332819057e-01,-3.327025890350341797e+00,1.018576812744140625e+01,3.599999999999999867e-01,3.700000000000000000e+05
2.668301817040679702e-01,-3.687025547027587891e+00,9.413745880126953125e+00,3.599999999999999867e-01,0.000000000000000000e+00
2.668869711022613389e-01,-3.687025547027587891e+00,9.129798889160156250e+00,3.599999999999999867e-01,3.700000000000000000e+05
2.677147997329032969e-01,-3.327025890350341797e+00,9.901824951171875000e+00,3.599999999999999867e-01,0.000000000000000000e+00
2.677715891310966656e-01,-3.327025890350341797e+00,9.617877960205078125e+00,3.599999999999999867e-01,3.700000000000000000e+05
2.685994144018827301e-01,-3.687025547027587891e+00,8.845855712890625000e+00,3.599999999999999867e-01,0.000000000000000000e+00
2.686562030371366094e-01,-3.687025547027587891e+00,8.561912536621093750e+00,3.599999999999999867e-01,3.700000000000000000e+05
2.696728222259835439e-01,-3.244924068450927734e+00,9.510002136230468750e+00,3.599999999999999867e-01,0.000000000000000000e+00
2.696993032821969338e-01,-3.112518787384033203e+00,9.510002136230468750e+00,3.599999999999999867e-01,3.700000000000000000e+05
2.700853251524718557e-01,-3.280389308929443359e+00,9.150001525878906250e+00,3.599999999999999867e-01,0.000000000000000000e+00
2.701118062086852456e-01,-3.147984027862548828e+00,9.150001525878906250e+00,3.599999999999999867e-01,3.700000000000000000e+05
2.704978280789601675e-01,-2.980113506317138672e+00,9.510002136230468750e+00,3.599999999999999867e-01,0.000000000000000000e+00
2.705243091351735574e-01,-2.847708225250244141e+00,9.510002136230468750e+00,3.599999999999999867e-01,3.700000000000000000e+05
2.709103310054484792e-01,-3.015578746795654297e+00,9.150001525878906250e+00,3.599999999999999867e-01,0.000000000000000000e+00
2.709368120616618691e-01,-2.883173465728759766e+00,9.150001525878906250e+00,3.599999999999999867e-01,3.700000000000000000e+05
2.713228339319367910e-01,-2.715302944183349609e+00,9.510002136230468750e+00,3.599999999999999867e-01,0.000000000000000000e+00
2.713493149881501809e-01,-2.582897663116455078e+00,9.510002136230468750e+00,3.599999999999999867e-01,3.700000000000000000e+05
2.717353368584251028e-01,-2.750768184661865234e+00,9.150001525878906250e+00,3.599999999999999867e-01,0.000000000000000000e+00
2.717618179146384927e-01,-2.618362903594970703e+00,9.150001525878906250e+00,3.599999999999999867e-01,3.700000000000000000e+05
2.721478397849134145e-01,-2.450492382049560547e+00,9.510002136230468750e+00,3.599999999999999867e-01,0.000000000000000000e+00
2.721743208411268045e-01,-2.318087100982666016e+00,9.510002136230468750e+00,3.599999999999999867e-01,3.700000000000000000e+05
2.725603427114017263e-01,-2.485957622528076172e+00,9.150001525878906250e+00,3.599999999999999867e-01,0.000000000000000000e+00
2.725868237676151162e-01,-2.353552341461181641e+00,9.150001525878906250e+00,3.599999999999999867e-01,3.700000000000000000e+05
2.729728456378900381e-01,-2.185681819915771484e+00,9.510002136230468750e+00,3.599999999999999867e-01,0.000000000000000000e+00
2.729993266941034280e-01,-2.053276538848876953e+00,9.510002136230468750e+00,3.599999999999999867e-01,3.700000000000000000e+05
2.733853485643783499e-01,-2.221147060394287109e+00,9.150001525878906250e+00,3.599999999999999867e-01,0.000000000000000000e+00
2.734118296205917398e-01,-2.088741779327392578e+00,9.150001525878906250e+00,3.599999999999999867e-01,3.700000000000000000e+05
2.737978514908666616e-01,-1.920871257781982422e+00,9.510002136230468750e+00,3.599999999999999867e-01,0.000000000000000000e+00
2.748294885504479201e-01,-1.382387638092041016e+00,1.464000320434570312e+01,3.599999999999999867e-01,3.700000000000000000e+05
2.752155070608700571e-01,-1.214517116546630859e+00,1.500000000000000000e+01,3.599999999999999867e-01,0.000000000000000000e+00
2.752419883078183194e-01,-1.082110881805419922e+00,1.500000000000000000e+01,3.599999999999999867e-01,3.700000000000000000e+05
2.756280072099251965e-01,-1.249982357025146484e+00,1.464000320434570312e+01,3.599999999999999867e-01,0.000000000000000000e+00
2.756544882661385865e-01,-1.117577075958251953e+00,1.464000320434570312e+01,3.599999999999999867e-01,3.700000000000000000e+05
2.760405071682454636e-01,-9.497056007385253906e-01,1.500000000000000000e+01,3.599999999999999867e-01,0.000000000000000000e+00
2.760669882244588536e-01,-8.173003196716308594e-01,1.500000000000000000e+01,3.599999999999999867e-01,3.700000000000000000e+05
2.764530071265657307e-01,-9.851717948913574219e-01,1.464000320434570312e+01,3.599999999999999867e-01,0.000000000000000000e+00
2.764794883735139930e-01,-8.527655601501464844e-01,1.464000320434570312e+01,3.599999999999999867e-01,3.700000000000000000e+05
2.768655068839361300e-01,-6.848950386047363281e-01,1.500000000000000000e+01,3.599999999999999867e-01,0.000000000000000000e+00
2.768919879401495199e-01,-5.524897575378417969e-01,1.500000000000000000e+01,3.599999999999999867e-01,3.700000000000000000e+05
2.772780064505716568e-01,-7.203602790832519531e-01,1.464000320434570312e+01,3.599999999999999867e-01,0.000000000000000000e+00
2.773044875067850468e-01,-5.879549980163574219e-01,1.464000320434570312e+01,3.599999999999999867e-01,3.700000000000000000e+05
2.776905060172071837e-01,-4.200844764709472656e-01,1.500000000000000000e+01,3.599999999999999867e-01,0.000000000000000000e+00
2.777169870734205737e-01,-2.876791954040527344e-01,1.500000000000000000e+01,3.599999999999999867e-01,3.700000000000000000e+05
2.781030057796848864e-01,-4.555501937866210938e-01,1.464000320434570312e+01,3.599999999999999867e-01,0.000000000000000000e+00
2.781294869312657125e-01,-3.231444358825683594e-01,1.464000320434570312e+01,3.599999999999999867e-01,3.700000000000000000e+05
2.785155054416878495e-01,-1.552739143371582031e-01,1.500000000000000000e+01,3.599999999999999867e-01,0.000000000000000000e+00
2.791302431548998153e-01,3.329744338989257812e-01,1.803466224670410156e+01,3.599999999999999867e-01,3.700000000000000000e+05
2.799580686215265568e-01,-2.702569961547851562e-02,1.726263999938964844e+01,3.599999999999999867e-01,0.000000000000000000e+00
2.800148572567804361e-01,-2.702569961547851562e-02,1.697869682312011719e+01,3.599999999999999867e-01,3.700000000000000000e+05
2.808426827234071776e-01,3.329744338989257812e-01,1.775071907043457031e+01,3.599999999999999867e-01,0.000000000000000000e+00
2.808994717401308017e-01,3.329744338989257812e-01,1.746677398681640625e+01,3.599999999999999867e-01,3.700000000000000000e+05
2.819682929711441743e-01,-1.318283081054687500e-01,1.647000122070312500e+01,3.599999999999999867e-01,0.000000000000000000e+00
2.819923656589415351e-01,-2.702569961547851562e-02,1.641080856323242188e+01,3.599999999999999867e-01,3.700000000000000000e+05
2.828201911255682766e-01,3.329744338989257812e-01,1.718283081054687500e+01,3.599999999999999867e-01,0.000000000000000000e+00
2.828769801422919006e-01,3.329744338989257812e-01,1.689888572692871094e+01,3.599999999999999867e-01,3.700000000000000000e+05
2.837048056089186421e-01,-2.702569961547851562e-02,1.612686347961425781e+01,3.599999999999999867e-01,0.000000000000000000e+00
2.837615942441725214e-01,-2.702569961547851562e-02,1.584292030334472656e+01,3.599999999999999867e-01,3.700000000000000000e+05
2.848200239793525212e-01,4.332585334777832031e-01,1.683000183105468750e+01,3.599999999999999867e-01,0.000000000000000000e+00
2.848465050355659112e-01,5.656638145446777344e-01,1.683000183105468750e+01,3.599999999999999867e-01,3.700000000000000000e+05
2.852325271016812325e-01,3.977928161621093750e-01,1.647000122070312500e+01,3.599999999999999867e-01,0.000000000000000000e+00
2.852590082532620586e-01,5.301985740661621094e-01,1.647000122070312500e+01,3.599999999999999867e-01,3.700000000000000000e+05
2.856450301235369804e-01,6.980690956115722656e-01,1.683000183105468750e+01,3.599999999999999867e-01,0.000000000000000000e+00
2.856715111797503703e-01,8.304743766784667969e-01,1.683000183105468750e+01,3.599999999999999867e-01,3.700000000000000000e+05
2.860575330500252922e-01,6.626038551330566406e-01,1.647000122070312500e+01,3.599999999999999867e-01,0.000000000000000000e+00
2.860840141062386821e-01,7.950091361999511719e-01,1.647000122070312500e+01,3.599999999999999867e-01,3.700000000000000000e+05
2.864700359765136040e-01,9.628796577453613281e-01,1.683000183105468750e+01,3.599999999999999867e-01,0.000000000000000000e+00
2.864965170327269939e-01,1.095284938812255859e+00,1.683000183105468750e+01,3.599999999999999867e-01,3.700000000000000000e+05
2.868825389030019157e-01,9.274144172668457031e-01,1.647000122070312500e+01,3.599999999999999867e-01,0.000000000000000000e+00
2.869090199592153057e-01,1.059819698333740234e+00,1.647000122070312500e+01,3.599999999999999867e-01,3.700000000000000000e+05
2.872950420253306270e-01,1.227690696716308594e+00,1.683000183105468750e+01,3.599999999999999867e-01,0.000000000000000000e+00
2.873215230815440169e-01,1.360095977783203125e+00,1.683000183105468750e+01,3.599999999999999867e-01,3.700000000000000000e+05
2.877075451476593382e-01,1.192224979400634766e+00,1.647000122070312500e+01,3.599999999999999867e-01,0.000000000000000000e+00
2.877340262038727281e-01,1.324630260467529297e+00,1.647000122070312500e+01,3.599999999999999867e-01,3.700000000000000000e+05
2.881200482699880494e-01,1.492501258850097656e+00,1.683000183105468750e+01,3.599999999999999867e-01,0.000000000000000000e+00
2.881465293262014393e-01,1.624906539916992188e+00,1.683000183105468750e+01,3.599999999999999867e-01,3.700000000000000000e+05
2.885325513923167606e-01,1.457035541534423828e+00,1.647000122070312500e+01,3.599999999999999867e-01,0.000000000000000000e+00
2.885590325438975867e-01,1.589441299438476562e+00,1.647000122070312500e+01,3.599999999999999867e-01,3.700000000000000000e+05
2.889450544141725086e-01,1.757311820983886719e+00,1.683000183105468750e+01,3.599999999999999867e-01,0.000000000000000000e+00
2.890875971583093951e-01,2.162974357604980469e+00,1.741600418090820312e+01,3.599999999999999867e-01,3.700000000000000000e+05
2.901019786002502210e-01,1.721846580505371094e+00,1.647000122070312500e+01,3.599999999999999867e-01,0.000000000000000000e+00
2.901293090648516260e-01,1.802974224090576172e+00,1.636003684997558594e+01,3.599999999999999867e-01,3.700000000000000000e+05
2.909571345314783675e-01,2.162974357604980469e+00,1.713205909729003906e+01,3.599999999999999867e-01,0.000000000000000000e+00
2.910139231667322468e-01,2.162974357604980469e+00,1.684811592102050781e+01,3.599999999999999867e-01,3.700000000000000000e+05
2.918417503132861857e-01,1.802974224090576172e+00,1.607609176635742188e+01,3.599999999999999867e-01,0.000000000000000000e+00
2.918985389485400650e-01,1.802974224090576172e+00,1.579214859008789062e+01,3.599999999999999867e-01,3.700000000000000000e+05
2.930114101527196979e-01,2.286933422088623047e+00,1.683000183105468750e+01,3.599999999999999867e-01,0.000000000000000000e+00
2.930378912089330878e-01,2.419338703155517578e+00,1.683000183105468750e+01,3.599999999999999867e-01,3.700000000000000000e+05
2.934239132750484091e-01,2.251467704772949219e+00,1.647000122070312500e+01,3.599999999999999867e-01,0.000000000000000000e+00
2.934503944266292352e-01,2.383873462677001953e+00,1.647000122070312500e+01,3.599999999999999867e-01,3.700000000000000000e+05
2.938364162969041571e-01,2.551743984222412109e+00,1.683000183105468750e+01,3.599999999999999867e-01,0.000000000000000000e+00
2.938628973531175470e-01,2.684149265289306641e+00,1.683000183105468750e+01,3.599999999999999867e-01,3.700000000000000000e+05
2.942489192233924689e-01,2.516278743743896484e+00,1.647000122070312500e+01,3.599999999999999867e-01,0.000000000000000000e+00
2.942754002796058588e-01,2.648684024810791016e+00,1.647000122070312500e+01,3.599999999999999867e-01,3.700000000000000000e+05
2.946614221498807806e-01,2.816554546356201172e+00,1.683000183105468750e+01,3.599999999999999867e-01,0.000000000000000000e+00
2.946879033014616067e-01,2.948960304260253906e+00,1.683000183105468750e+01,3.599999999999999867e-01,3.700000000000000000e+05
2.950739253675769280e-01,2.781089305877685547e+00,1.647000122070312500e+01,3.599999999999999867e-01,0.000000000000000000e+00
2.951004064237903179e-01,2.913494586944580078e+00,1.647000122070312500e+01,3.599999999999999867e-01,3.700000000000000000e+05
2.954864284899056392e-01,3.081365585327148438e+00,1.683000183105468750e+01,3.599999999999999867e-01,0.000000000000000000e+00
2.955129095461190292e-01,3.213770866394042969e+00,1.683000183105468750e+01,3.599999999999999867e-01,3.700000000000000000e+05
2.958989316122343505e-01,3.045899868011474609e+00,1.647000122070312500e+01,3.599999999999999867e-01,0.000000000000000000e+00
2.959254126684477404e-01,3.178305149078369141e+00,1.647000122070312500e+01,3.599999999999999867e-01,3.700000000000000000e+05
2.963114347345630617e-01,3.346176147460937500e+00,1.683000183105468750e+01,3.599999999999999867e-01,0.000000000000000000e+00
2.963379157907764516e-01,3.478581428527832031e+00,1.683000183105468750e+01,3.599999999999999867e-01,3.700000000000000000e+05
2.967239376610513735e-01,3.310710906982421875e+00,1.647000122070312500e+01,3.599999999999999867e-01,0.000000000000000000e+00
2.967504187172647634e-01,3.443116188049316406e+00,1.647000122070312500e+01,3.599999999999999867e-01,3.700000000000000000e+05
2.971364405875396852e-01,3.610986709594726562e+00,1.683000183105468750e+01,3.599999999999999867e-01,0.000000000000000000e+00
2.992212866529654347e-01,-3.327025890350341797e+00,9.049991607666015625e+00,3.599999999999999867e-01,3.700000000000000000e+05
3.000491119237514992e-01,-3.687025547027587891e+00,8.277969360351562500e+00,3.599999999999999867e-01,0.000000000000000000e+00
3.001059013219448679e-01,-3.687025547027587891e+00,7.994022369384765625e+00,3.599999999999999867e-01,3.700000000000000000e+05
3.009337265927309324e-01,-3.327025890350341797e+00,8.766044616699218750e+00,3.599999999999999867e-01,0.000000000000000000e+00
3.009905152279848117e-01,-3.327025890350341797e+00,8.482101440429687500e+00,3.599999999999999867e-01,3.700000000000000000e+05
3.018183404987708762e-01,-3.687025547027587891e+00,7.710079193115234375e+00,3.599999999999999867e-01,0.000000000000000000e+00
3.018751291340247556e-01,-3.687025547027587891e+00,7.426136016845703125e+00,3.599999999999999867e-01,3.700000000000000000e+05
3.027029544048108201e-01,-3.327025890350341797e+00,8.198158264160156250e+00,3.599999999999999867e-01,0.000000000000000000e+00
3.027597430400646994e-01,-3.327025890350341797e+00,7.914215087890625000e+00,3.599999999999999867e-01,3.700000000000000000e+05
3.035875683108507639e-01,-3.687025547027587891e+00,7.142192840576171875e+00,3.599999999999999867e-01,0.000000000000000000e+00
3.036443577090441326e-01,-3.687025547027587891e+00,6.858245849609375000e+00,3.599999999999999867e-01,3.700000000000000000e+05
3.045255099144343891e-01,-3.303835391998291016e+00,7.680000305175781250e+00,3.599999999999999867e-01,0.000000000000000000e+00
3.045519909706477790e-01,-3.171430110931396484e+00,7.680000305175781250e+00,3.599999999999999867e-01,3.700000000000000000e+05
3.057376104272127026e-01,-3.687025547027587891e+00,6.574302673339843750e+00,3.599999999999999867e-01,0.000000000000000000e+00
3.057943990624665820e-01,-3.687025547027587891e+00,6.290359497070312500e+00,3.599999999999999867e-01,3.700000000000000000e+05
3.066222243332526465e-01,-3.327025890350341797e+00,7.062381744384765625e+00,3.599999999999999867e-01,0.000000000000000000e+00
3.066790129685065258e-01,-3.327025890350341797e+00,6.778438568115234375e+00,3.599999999999999867e-01,3.700000000000000000e+05
3.075068382392925903e-01,-3.687025547027587891e+00,6.006416320800781250e+00,3.599999999999999867e-01,0.000000000000000000e+00
3.075636276374859590e-01,-3.687025547027587891e+00,5.722469329833984375e+00,3.599999999999999867e-01,3.700000000000000000e+05
3.083914529082720235e-01,-3.327025890350341797e+00,6.494491577148437500e+00,3.599999999999999867e-01,0.000000000000000000e+00
3.084482415435259028e-01,-3.327025890350341797e+00,6.210548400878906250e+00,3.599999999999999867e-01,3.700000000000000000e+05
3.092208707138278112e-01,-3.663022518157958984e+00,5.490001678466796875e+00,3.599999999999999867e-01,0.000000000000000000e+00
3.092473517700412011e-01,-3.530617237091064453e+00,5.490001678466796875e+00,3.599999999999999867e-01,3.700000000000000000e+05
3.097155136891683869e-01,-3.327025890350341797e+00,5.926605224609375000e+00,3.599999999999999867e-01,0.000000000000000000e+00
3.097401843828682666e-01,-3.230340480804443359e+00,5.850002288818359375e+00,3.599999999999999867e-01,3.700000000000000000e+05
3.101262066448244870e-01,-3.398211956024169922e+00,5.490001678466796875e+00,3.599999999999999867e-01,0.000000000000000000e+00
3.101526877010378769e-01,-3.265806674957275391e+00,5.490001678466796875e+00,3.599999999999999867e-01,3.700000000000000000e+05
3.105387099629940972e-01,-3.097935199737548828e+00,5.850002288818359375e+00,3.599999999999999867e-01,0.000000000000000000e+00
3.105651910192074872e-01,-2.965529918670654297e+00,5.850002288818359375e+00,3.599999999999999867e-01,3.700000000000000000e+05
3.109512128894824090e-01,-3.133400440216064453e+00,5.490001678466796875e+00,3.599999999999999867e-01,0.000000000000000000e+00
3.109776939456957989e-01,-3.000995159149169922e+00,5.490001678466796875e+00,3.599999999999999867e-01,3.700000000000000000e+05
3.113637158159707208e-01,-2.833124637603759766e+00,5.850002288818359375e+00,3.599999999999999867e-01,0.000000000000000000e+00
3.113901968721841107e-01,-2.700719356536865234e+00,5.850002288818359375e+00,3.599999999999999867e-01,3.700000000000000000e+05
3.117762187424590326e-01,-2.868589878082275391e+00,5.490001678466796875e+00,3.599999999999999867e-01,0.000000000000000000e+00
3.118026997986724225e-01,-2.736184597015380859e+00,5.490001678466796875e+00,3.599999999999999867e-01,3.700000000000000000e+05
3.121887216689473443e-01,-2.568314075469970703e+00,5.850002288818359375e+00,3.599999999999999867e-01,0.000000000000000000e+00
3.122152027251607342e-01,-2.435908794403076172e+00,5.850002288818359375e+00,3.599999999999999867e-01,3.700000000000000000e+05
3.126012245954356561e-01,-2.603779315948486328e+00,5.490001678466796875e+00,3.599999999999999867e-01,0.000000000000000000e+00
3.126277056516490460e-01,-2.471374034881591797e+00,5.490001678466796875e+00,3.599999999999999867e-01,3.700000000000000000e+05
3.130137275219239679e-01,-2.303503513336181641e+00,5.850002288818359375e+00,3.599999999999999867e-01,0.000000000000000000e+00
3.130402085781373578e-01,-2.171098232269287109e+00,5.850002288818359375e+00,3.599999999999999867e-01,3.700000000000000000e+05
3.134262304484122796e-01,-2.338968753814697266e+00,5.490001678466796875e+00,3.599999999999999867e-01,0.000000000000000000e+00
3.134527115046256696e-01,-2.206563472747802734e+00,5.490001678466796875e+00,3.599999999999999867e-01,3.700000000000000000e+05
3.138387333749005914e-01,-2.038692951202392578e+00,5.850002288818359375e+00,3.599999999999999867e-01,0.000000000000000000e+00
3.138652144311139813e-01,-1.906287670135498047e+00,5.850002288818359375e+00,3.599999999999999867e-01,3.700000000000000000e+05
3.142512363013889032e-01,-2.074158191680908203e+00,5.490001678466796875e+00,3.599999999999999867e-01,0.000000000000000000e+00
3.157206975297900953e-01,-1.441298007965087891e+00,1.281000137329101562e+01,3.599999999999999867e-01,3.700000000000000000e+05
3.161067194000650171e-01,-1.273427486419677734e+00,1.317000198364257812e+01,3.599999999999999867e-01,0.000000000000000000e+00
3.161332004562784070e-01,-1.141022205352783203e+00,1.317000198364257812e+01,3.599999999999999867e-01,3.700000000000000000e+05
3.165192223265533289e-01,-1.308892726898193359e+00,1.281000137329101562e+01,3.599999999999999867e-01,0.000000000000000000e+00
3.165457033827667188e-01,-1.176487445831298828e+00,1.281000137329101562e+01,3.599999999999999867e-01,3.700000000000000000e+05
3.169317252530416407e-01,-1.008616924285888672e+00,1.317000198364257812e+01,3.599999999999999867e-01,0.000000000000000000e+00
3.169582063092550306e-01,-8.762116432189941406e-01,1.317000198364257812e+01,3.599999999999999867e-01,3.700000000000000000e+05
3.173442281795299524e-01,-1.044082164764404297e+00,1.281000137329101562e+01,3.599999999999999867e-01,0.000000000000000000e+00
3.173707092357433424e-01,-9.116768836975097656e-01,1.281000137329101562e+01,3.599999999999999867e-01,3.700000000000000000e+05
3.177567311060182642e-01,-7.438063621520996094e-01,1.317000198364257812e+01,3.599999999999999867e-01,0.000000000000000000e+00
3.177832121622316541e-01,-6.114010810852050781e-01,1.317000198364257812e+01,3.599999999999999867e-01,3.700000000000000000e+05
3.181692340325065760e-01,-7.792716026306152344e-01,1.281000137329101562e+01,3.599999999999999867e-01,0.000000000000000000e+00
3.181957150887199659e-01,-6.468663215637207031e-01,1.281000137329101562e+01,3.599999999999999867e-01,3.700000000000000000e+05
3.185817371548352872e-01,-4.789953231811523438e-01,1.317000198364257812e+01,3.599999999999999867e-01,0.000000000000000000e+00
3.186082182110486771e-01,-3.465900421142578125e-01,1.317000198364257812e+01,3.599999999999999867e-01,3.700000000000000000e+05
3.189942402771639984e-01,-5.144610404968261719e-01,1.281000137329101562e+01,3.599999999999999867e-01,0.000000000000000000e+00
3.190207213333773884e-01,-3.820557594299316406e-01,1.281000137329101562e+01,3.599999999999999867e-01,3.700000000000000000e+05
3.194067433994927097e-01,-2.141847610473632812e-01,1.317000198364257812e+01,3.599999999999999867e-01,0.000000000000000000e+00
3.194332244557060996e-01,-8.177947998046875000e-02,1.317000198364257812e+01,3.599999999999999867e-01,3.700000000000000000e+05
3.198192465218214209e-01,-2.496504783630371094e-01,1.281000137329101562e+01,3.599999999999999867e-01,0.000000000000000000e+00
3.205330214241706166e-01,3.329744338989257812e-01,1.633099746704101562e+01,3.599999999999999867e-01,3.700000000000000000e+05
3.213608468907973581e-01,-2.702569961547851562e-02,1.555897521972656250e+01,3.599999999999999867e-01,0.000000000000000000e+00
3.214176355260512374e-01,-2.702569961547851562e-02,1.527503204345703125e+01,3.599999999999999867e-01,3.700000000000000000e+05
3.222454609926779789e-01,3.329744338989257812e-01,1.604705429077148438e+01,3.599999999999999867e-01,0.000000000000000000e+00
3.223022500094016030e-01,3.329744338989257812e-01,1.576310920715332031e+01,3.599999999999999867e-01,3.700000000000000000e+05
3.235065363481040568e-01,-1.907391548156738281e-01,1.464000320434570312e+01,3.599999999999999867e-01,0.000000000000000000e+00
3.235330174043174467e-01,-5.833387374877929688e-02,1.464000320434570312e+01,3.599999999999999867e-01,3.700000000000000000e+05
3.244328364918450669e-01,3.329744338989257812e-01,1.547916603088378906e+01,3.599999999999999867e-01,0.000000000000000000e+00
3.244896255085686909e-01,3.329744338989257812e-01,1.519522094726562500e+01,3.599999999999999867e-01,3.700000000000000000e+05
3.253174509751954324e-01,-2.702569961547851562e-02,1.442319869995117188e+01,3.599999999999999867e-01,0.000000000000000000e+00
3.253742396104493118e-01,-2.702569961547851562e-02,1.413925552368164062e+01,3.599999999999999867e-01,3.700000000000000000e+05
3.262972008780872790e-01,3.743476867675781250e-01,1.500000000000000000e+01,3.599999999999999867e-01,0.000000000000000000e+00
3.263236819343006689e-01,5.067529678344726562e-01,1.500000000000000000e+01,3.599999999999999867e-01,3.700000000000000000e+05
3.267097006405649817e-01,3.388819694519042969e-01,1.464000320434570312e+01,3.599999999999999867e-01,0.000000000000000000e+00
3.267361816967783716e-01,4.712872505187988281e-01,1.464000320434570312e+01,3.599999999999999867e-01,3.700000000000000000e+05
3.271222004030426844e-01,6.391582489013671875e-01,1.500000000000000000e+01,3.599999999999999867e-01,0.000000000000000000e+00
3.271486814592560743e-01,7.715635299682617188e-01,1.500000000000000000e+01,3.599999999999999867e-01,3.700000000000000000e+05
3.275346999696782113e-01,6.036930084228515625e-01,1.464000320434570312e+01,3.599999999999999867e-01,0.000000000000000000e+00
3.275611810258916012e-01,7.360982894897460938e-01,1.464000320434570312e+01,3.599999999999999867e-01,3.700000000000000000e+05
3.279471995363137382e-01,9.039688110351562500e-01,1.500000000000000000e+01,3.599999999999999867e-01,0.000000000000000000e+00
3.279736805925271281e-01,1.036374092102050781e+00,1.500000000000000000e+01,3.599999999999999867e-01,3.700000000000000000e+05
3.283596991029492651e-01,8.685035705566406250e-01,1.464000320434570312e+01,3.599999999999999867e-01,0.000000000000000000e+00
3.283861801591626550e-01,1.000908851623535156e+00,1.464000320434570312e+01,3.599999999999999867e-01,3.700000000000000000e+05
3.287721986695847920e-01,1.168779373168945312e+00,1.500000000000000000e+01,3.599999999999999867e-01,0.000000000000000000e+00
3.287986798211656181e-01,1.301185131072998047e+00,1.500000000000000000e+01,3.599999999999999867e-01,3.700000000000000000e+05
3.291846985274299309e-01,1.133314132690429688e+00,1.464000320434570312e+01,3.599999999999999867e-01,0.000000000000000000e+00
3.292111795836433208e-01,1.265719413757324219e+00,1.464000320434570312e+01,3.599999999999999867e-01,3.700000000000000000e+05
3.295971982899076336e-01,1.433590412139892578e+00,1.500000000000000000e+01,3.599999999999999867e-01,0.000000000000000000e+00
3.296236793461210235e-01,1.565995693206787109e+00,1.500000000000000000e+01,3.599999999999999867e-01,3.700000000000000000e+05
3.300096980523853363e-01,1.398124694824218750e+00,1.464000320434570312e+01,3.599999999999999867e-01,0.000000000000000000e+00
3.300361791085987262e-01,1.530529975891113281e+00,1.464000320434570312e+01,3.599999999999999867e-01,3.700000000000000000e+05
3.304221978148630390e-01,1.698400974273681641e+00,1.500000000000000000e+01,3.599999999999999867e-01,0.000000000000000000e+00
3.322447704815792435e-01,-3.206895351409912109e+00,7.320003509521484375e+00,3.599999999999999867e-01,3.700000000000000000e+05
3.326307889920013805e-01,-3.039024829864501953e+00,7.680000305175781250e+00,3.599999999999999867e-01,0.000000000000000000e+00
3.326572700482147704e-01,-2.906619548797607422e+00,7.680000305175781250e+00,3.599999999999999867e-01,3.700000000000000000e+05
3.330432885586369074e-01,-3.074490070343017578e+00,7.320003509521484375e+00,3.599999999999999867e-01,0.000000000000000000e+00
3.330697696148502973e-01,-2.942084789276123047e+00,7.320003509521484375e+00,3.599999999999999867e-01,3.700000000000000000e+05
3.334557881252724343e-01,-2.774214267730712891e+00,7.680000305175781250e+00,3.599999999999999867e-01,0.000000000000000000e+00
3.334822691814858242e-01,-2.641808986663818359e+00,7.680000305175781250e+00,3.599999999999999867e-01,3.700000000000000000e+05
3.338682876919079612e-01,-2.809679508209228516e+00,7.320003509521484375e+00,3.599999999999999867e-01,0.000000000000000000e+00
3.338947687481213511e-01,-2.677274227142333984e+00,7.320003509521484375e+00,3.599999999999999867e-01,3.700000000000000000e+05
3.342807876502282283e-01,-2.509402751922607422e+00,7.680000305175781250e+00,3.599999999999999867e-01,0.000000000000000000e+00
3.343072687064416182e-01,-2.376997470855712891e+00,7.680000305175781250e+00,3.599999999999999867e-01,3.700000000000000000e+05
3.346932876085484954e-01,-2.544868946075439453e+00,7.320003509521484375e+00,3.599999999999999867e-01,0.000000000000000000e+00
3.347197686647618853e-01,-2.412463665008544922e+00,7.320003509521484375e+00,3.599999999999999867e-01,3.700000000000000000e+05
3.351057875668687625e-01,-2.244592189788818359e+00,7.680000305175781250e+00,3.599999999999999867e-01,0.000000000000000000e+00
3.351322686230821524e-01,-2.112186908721923828e+00,7.680000305175781250e+00,3.599999999999999867e-01,3.700000000000000000e+05
3.355182871335042893e-01,-2.280057430267333984e+00,7.320003509521484375e+00,3.599999999999999867e-01,0.000000000000000000e+00
3.355447681897176793e-01,-2.147652149200439453e+00,7.320003509521484375e+00,3.599999999999999867e-01,3.700000000000000000e+05
3.359307867001398162e-01,-1.979781627655029297e+00,7.680000305175781250e+00,3.599999999999999867e-01,0.000000000000000000e+00
3.373952216263428339e-01,3.329744338989257812e-01,1.462733078002929688e+01,3.599999999999999867e-01,3.700000000000000000e+05
3.382230470929695754e-01,-2.702569961547851562e-02,1.385530853271484375e+01,3.599999999999999867e-01,0.000000000000000000e+00
3.382798357282234547e-01,-2.702569961547851562e-02,1.357136535644531250e+01,3.599999999999999867e-01,3.700000000000000000e+05
3.391076611948501962e-01,3.329744338989257812e-01,1.434338760375976562e+01,3.599999999999999867e-01,0.000000000000000000e+00
3.391644498301040755e-01,3.329744338989257812e-01,1.405944442749023438e+01,3.599999999999999867e-01,3.700000000000000000e+05
3.399922752967308170e-01,-2.702569961547851562e-02,1.328742218017578125e+01,3.599999999999999867e-01,0.000000000000000000e+00
3.400894493876333580e-01,-1.172447204589843750e-01,1.281000137329101562e+01,3.599999999999999867e-01,3.700000000000000000e+05
3.411247369427042875e-01,3.329744338989257812e-01,1.377550125122070312e+01,3.599999999999999867e-01,0.000000000000000000e+00
3.411815263408976562e-01,3.329744338989257812e-01,1.349155426025390625e+01,3.599999999999999867e-01,3.700000000000000000e+05
3.420093518075243977e-01,-2.702569961547851562e-02,1.271953201293945312e+01,3.599999999999999867e-01,0.000000000000000000e+00
3.420661404427782770e-01,-2.702569961547851562e-02,1.243558883666992188e+01,3.599999999999999867e-01,3.700000000000000000e+05
3.428939659094050185e-01,3.329744338989257812e-01,1.320761108398437500e+01,3.599999999999999867e-01,0.000000000000000000e+00
3.429181394734757138e-01,4.478421211242675781e-01,1.317000198364257812e+01,3.599999999999999867e-01,3.700000000000000000e+05
3.440101045645254096e-01,-2.702569961547851562e-02,1.215164566040039062e+01,3.599999999999999867e-01,0.000000000000000000e+00
3.440668931997792890e-01,-2.702569961547851562e-02,1.186770248413085938e+01,3.599999999999999867e-01,3.700000000000000000e+05
3.448947186664060305e-01,3.329744338989257812e-01,1.263972473144531250e+01,3.599999999999999867e-01,0.000000000000000000e+00
3.449515080645993992e-01,3.329744338989257812e-01,1.235577774047851562e+01,3.599999999999999867e-01,3.700000000000000000e+05
3.457793335312261407e-01,-2.702569961547851562e-02,1.158375549316406250e+01,3.599999999999999867e-01,0.000000000000000000e+00
3.459037130085363954e-01,-1.761555671691894531e-01,1.098000335693359375e+01,3.599999999999999867e-01,3.700000000000000000e+05
3.470744639913692087e-01,3.329744338989257812e-01,1.207183456420898438e+01,3.599999999999999867e-01,0.000000000000000000e+00
3.471312526266230880e-01,3.329744338989257812e-01,1.178789138793945312e+01,3.599999999999999867e-01,3.700000000000000000e+05
3.479975363582810677e-01,-4.375028610229492188e-02,1.098000335693359375e+01,3.599999999999999867e-01,0.000000000000000000e+00
3.480472652220108487e-01,-2.702569961547851562e-02,1.073192214965820312e+01,3.599999999999999867e-01,3.700000000000000000e+05
3.488750940484927621e-01,3.329744338989257812e-01,1.150394821166992188e+01,3.599999999999999867e-01,0.000000000000000000e+00
3.489097408842575798e-01,3.889307975769042969e-01,1.134000015258789062e+01,3.599999999999999867e-01,3.700000000000000000e+05
3.498662389918504867e-01,-2.702569961547851562e-02,1.044797897338867188e+01,3.599999999999999867e-01,0.000000000000000000e+00
3.499230276271043660e-01,-2.702569961547851562e-02,1.016403579711914062e+01,3.599999999999999867e-01,3.700000000000000000e+05
3.507508530937311075e-01,3.329744338989257812e-01,1.093605804443359375e+01,3.599999999999999867e-01,0.000000000000000000e+00
3.508076417289849869e-01,3.329744338989257812e-01,1.065211486816406250e+01,3.599999999999999867e-01,3.700000000000000000e+05
3.516354671956117284e-01,-2.702569961547851562e-02,9.880092620849609375e+00,3.599999999999999867e-01,0.000000000000000000e+00
3.516922565938050971e-01,-2.702569961547851562e-02,9.596145629882812500e+00,3.599999999999999867e-01,3.700000000000000000e+05
3.525200820604318386e-01,3.329744338989257812e-01,1.036816787719726562e+01,3.599999999999999867e-01,0.000000000000000000e+00
3.528921539244634364e-01,-1.497025966644287109e+00,1.070288467407226562e+01,3.599999999999999867e-01,3.700000000000000000e+05
3.537199791952495009e-01,-1.857025623321533203e+00,9.930862426757812500e+00,3.599999999999999867e-01,0.000000000000000000e+00
3.537767678305033803e-01,-1.857025623321533203e+00,9.646919250488281250e+00,3.599999999999999867e-01,3.700000000000000000e+05
3.546045931012894448e-01,-1.497025966644287109e+00,1.041894149780273438e+01,3.599999999999999867e-01,0.000000000000000000e+00
3.546613817365433241e-01,-1.497025966644287109e+00,1.013499832153320312e+01,3.599999999999999867e-01,3.700000000000000000e+05
3.557175754047443572e-01,-1.956336498260498047e+00,9.150001525878906250e+00,3.599999999999999867e-01,0.000000000000000000e+00
3.557419883009212414e-01,-1.857025623321533203e+00,9.079029083251953125e+00,3.599999999999999867e-01,3.700000000000000000e+05
3.565698135717073058e-01,-1.497025966644287109e+00,9.851051330566406250e+00,3.599999999999999867e-01,0.000000000000000000e+00
3.566266022069611852e-01,-1.497025966644287109e+00,9.567108154296875000e+00,3.599999999999999867e-01,3.700000000000000000e+05
3.574544274777472497e-01,-1.857025623321533203e+00,8.795085906982421875e+00,3.599999999999999867e-01,0.000000000000000000e+00
3.575112161130011290e-01,-1.857025623321533203e+00,8.511142730712890625e+00,3.599999999999999867e-01,3.700000000000000000e+05
3.585822750909208878e-01,-1.391249179840087891e+00,9.510002136230468750e+00,3.599999999999999867e-01,0.000000000000000000e+00
3.586087561471342777e-01,-1.258843898773193359e+00,9.510002136230468750e+00,3.599999999999999867e-01,3.700000000000000000e+05
3.589947780174091996e-01,-1.426714420318603516e+00,9.150001525878906250e+00,3.599999999999999867e-01,0.000000000000000000e+00
3.590212590736225895e-01,-1.294309139251708984e+00,9.150001525878906250e+00,3.599999999999999867e-01,3.700000000000000000e+05
3.594072809438975113e-01,-1.126438617706298828e+00,9.510002136230468750e+00,3.599999999999999867e-01,0.000000000000000000e+00
3.594337620001109013e-01,-9.940333366394042969e-01,9.510002136230468750e+00,3.599999999999999867e-01,3.700000000000000000e+05
3.598197838703858231e-01,-1.161903858184814453e+00,9.150001525878906250e+00,3.599999999999999867e-01,0.000000000000000000e+00
3.598462649265992130e-01,-1.029498577117919922e+00,9.150001525878906250e+00,3.599999999999999867e-01,3.700000000000000000e+05
3.602322867968741349e-01,-8.616280555725097656e-01,9.510002136230468750e+00,3.599999999999999867e-01,0.000000000000000000e+00
3.602587678530875248e-01,-7.292227745056152344e-01,9.510002136230468750e+00,3.599999999999999867e-01,3.700000000000000000e+05
3.606447897233624467e-01,-8.970932960510253906e-01,9.150001525878906250e+00,3.599999999999999867e-01,0.000000000000000000e+00
3.606712707795758366e-01,-7.646880149841308594e-01,9.150001525878906250e+00,3.599999999999999867e-01,3.700000000000000000e+05
3.610572926498507584e-01,-5.968174934387207031e-01,9.510002136230468750e+00,3.599999999999999867e-01,0.000000000000000000e+00
3.610837738014315845e-01,-4.644117355346679688e-01,9.510002136230468750e+00,3.599999999999999867e-01,3.700000000000000000e+05
3.614697958675469058e-01,-6.322827339172363281e-01,9.150001525878906250e+00,3.599999999999999867e-01,0.000000000000000000e+00
3.614962769237602958e-01,-4.998774528503417969e-01,9.150001525878906250e+00,3.599999999999999867e-01,3.700000000000000000e+05
3.618822989898756171e-01,-3.320064544677734375e-01,9.510002136230468750e+00,3.599999999999999867e-01,0.000000000000000000e+00
3.619087800460890070e-01,-1.996011734008789062e-01,9.510002136230468750e+00,3.599999999999999867e-01,3.700000000000000000e+05
3.622948021122043283e-01,-3.674721717834472656e-01,9.150001525878906250e+00,3.599999999999999867e-01,0.000000000000000000e+00
3.623212831684177182e-01,-2.350668907165527344e-01,9.150001525878906250e+00,3.599999999999999867e-01,3.700000000000000000e+05
3.627073052345330395e-01,-6.719589233398437500e-02,9.510002136230468750e+00,3.599999999999999867e-01,0.000000000000000000e+00
3.628472863538034221e-01,3.329744338989257812e-01,1.008422470092773438e+01,3.599999999999999867e-01,3.700000000000000000e+05
3.638490368730773472e-01,-1.026611328125000000e-01,9.150001525878906250e+00,3.599999999999999867e-01,0.000000000000000000e+00
3.638777017601926289e-01,-2.702569961547851562e-02,9.028259277343750000e+00,3.599999999999999867e-01,3.700000000000000000e+05
3.647055272268193704e-01,3.329744338989257812e-01,9.800281524658203125e+00,3.599999999999999867e-01,0.000000000000000000e+00
3.647623158620732498e-01,3.329744338989257812e-01,9.516338348388671875e+00,3.599999999999999867e-01,3.700000000000000000e+05
3.655901413286999913e-01,-2.702569961547851562e-02,8.744316101074218750e+00,3.599999999999999867e-01,0.000000000000000000e+00
3.656469307268933600e-01,-2.702569961547851562e-02,8.460369110107421875e+00,3.599999999999999867e-01,3.700000000000000000e+05
3.667724328537397827e-01,4.624257087707519531e-01,9.510002136230468750e+00,3.599999999999999867e-01,0.000000000000000000e+00
3.667989139099531726e-01,5.948309898376464844e-01,9.510002136230468750e+00,3.599999999999999867e-01,3.700000000000000000e+05
3.671849359760684939e-01,4.269599914550781250e-01,9.150001525878906250e+00,3.599999999999999867e-01,0.000000000000000000e+00
3.672114170322818838e-01,5.593652725219726562e-01,9.150001525878906250e+00,3.599999999999999867e-01,3.700000000000000000e+05
3.675974390983972051e-01,7.272362709045410156e-01,9.510002136230468750e+00,3.599999999999999867e-01,0.000000000000000000e+00
3.676239201546105950e-01,8.596415519714355469e-01,9.510002136230468750e+00,3.599999999999999867e-01,3.700000000000000000e+05
3.680099420248855169e-01,6.917710304260253906e-01,9.150001525878906250e+00,3.599999999999999867e-01,0.000000000000000000e+00
3.680364230810989068e-01,8.241763114929199219e-01,9.150001525878906250e+00,3.599999999999999867e-01,3.700000000000000000e+05
3.684224449513738286e-01,9.920468330383300781e-01,9.510002136230468750e+00,3.599999999999999867e-01,0.000000000000000000e+00
3.684489260075872186e-01,1.124452114105224609e+00,9.510002136230468750e+00,3.599999999999999867e-01,3.700000000000000000e+05
3.688349478778621404e-01,9.565815925598144531e-01,9.150001525878906250e+00,3.599999999999999867e-01,0.000000000000000000e+00
3.688614289340755303e-01,1.088986873626708984e+00,9.150001525878906250e+00,3.599999999999999867e-01,3.700000000000000000e+05
3.692474510001908516e-01,1.256857872009277344e+00,9.510002136230468750e+00,3.599999999999999867e-01,0.000000000000000000e+00
3.692739320564042416e-01,1.389263153076171875e+00,9.510002136230468750e+00,3.599999999999999867e-01,3.700000000000000000e+05
3.696599541225195629e-01,1.221392154693603516e+00,9.150001525878906250e+00,3.599999999999999867e-01,0.000000000000000000e+00
3.696864351787329528e-01,1.353797435760498047e+00,9.150001525878906250e+00,3.599999999999999867e-01,3.700000000000000000e+05
3.700724572448482741e-01,1.521668434143066406e+00,9.510002136230468750e+00,3.599999999999999867e-01,0.000000000000000000e+00
3.700989383010616640e-01,1.654073715209960938e+00,9.510002136230468750e+00,3.599999999999999867e-01,3.700000000000000000e+05
3.704849603671769853e-01,1.486202716827392578e+00,9.150001525878906250e+00,3.599999999999999867e-01,0.000000000000000000e+00
3.705114415187578114e-01,1.618608474731445312e+00,9.150001525878906250e+00,3.599999999999999867e-01,3.700000000000000000e+05
3.708974633890327333e-01,1.786478996276855469e+00,9.510002136230468750e+00,3.599999999999999867e-01,0.000000000000000000e+00
3.726572059876018250e-01,2.177973270416259766e+00,1.830000114440917969e+01,3.599999999999999867e-01,3.700000000000000000e+05
3.730432280537171463e-01,2.345844268798828125e+00,1.866000175476074219e+01,3.599999999999999867e-01,0.000000000000000000e+00
3.730697091099305363e-01,2.478249549865722656e+00,1.866000175476074219e+01,3.599999999999999867e-01,3.700000000000000000e+05
3.734557309802054581e-01,2.310379028320312500e+00,1.830000114440917969e+01,3.599999999999999867e-01,0.000000000000000000e+00
3.734822120364188480e-01,2.442784309387207031e+00,1.830000114440917969e+01,3.599999999999999867e-01,3.700000000000000000e+05
3.738682339066937699e-01,2.610654830932617188e+00,1.866000175476074219e+01,3.599999999999999867e-01,0.000000000000000000e+00
3.738947149629071598e-01,2.743060111999511719e+00,1.866000175476074219e+01,3.599999999999999867e-01,3.700000000000000000e+05
3.742807368331820816e-01,2.575189590454101562e+00,1.830000114440917969e+01,3.599999999999999867e-01,0.000000000000000000e+00
3.743072178893954716e-01,2.707594871520996094e+00,1.830000114440917969e+01,3.599999999999999867e-01,3.700000000000000000e+05
3.746932399555107929e-01,2.875465869903564453e+00,1.866000175476074219e+01,3.599999999999999867e-01,0.000000000000000000e+00
3.747197210117241828e-01,3.007871150970458984e+00,1.866000175476074219e+01,3.599999999999999867e-01,3.700000000000000000e+05
3.751057430778395041e-01,2.840000152587890625e+00,1.830000114440917969e+01,3.599999999999999867e-01,0.000000000000000000e+00
3.751322241340528940e-01,2.972405433654785156e+00,1.830000114440917969e+01,3.599999999999999867e-01,3.700000000000000000e+05
3.755182462001682153e-01,3.140276432037353516e+00,1.866000175476074219e+01,3.599999999999999867e-01,0.000000000000000000e+00
3.755447272563816052e-01,3.272681713104248047e+00,1.866000175476074219e+01,3.599999999999999867e-01,3.700000000000000000e+05
3.759307493224969265e-01,3.104810714721679688e+00,1.830000114440917969e+01,3.599999999999999867e-01,0.000000000000000000e+00
3.759572304740777526e-01,3.237216472625732422e+00,1.830000114440917969e+01,3.599999999999999867e-01,3.700000000000000000e+05
3.763432523443526745e-01,3.405086994171142578e+00,1.866000175476074219e+01,3.599999999999999867e-01,0.000000000000000000e+00
3.763697334005660644e-01,3.537492275238037109e+00,1.866000175476074219e+01,3.599999999999999867e-01,3.700000000000000000e+05
3.767557552708409863e-01,3.369621753692626953e+00,1.830000114440917969e+01,3.599999999999999867e-01,0.000000000000000000e+00
3.771561316057822633e-01,3.632974386215209961e+00,2.028448486328125000e+01,3.599999999999999867e-01,3.700000000000000000e+05
3.773765036138729823e-01,3.728808641433715820e+00,2.049000167846679688e+01,3.599999999999999867e-01,0.000000000000000000e+00
3.774029846700863722e-01,3.861213922500610352e+00,2.049000167846679688e+01,3.599999999999999867e-01,3.700000000000000000e+05
3.779278256092788446e-01,3.632974386215209961e+00,2.000053977966308594e+01,3.599999999999999867e-01,0.000000000000000000e+00
3.779846142445327239e-01,3.632974386215209961e+00,1.971659660339355469e+01,3.599999999999999867e-01,3.700000000000000000e+05
3.788139225328202575e-01,3.993619441986083984e+00,2.049000167846679688e+01,3.599999999999999867e-01,0.000000000000000000e+00
3.788404035890336474e-01,4.126024723052978516e+00,2.049000167846679688e+01,3.599999999999999867e-01,3.700000000000000000e+05
3.799741808084228789e-01,3.632974386215209961e+00,1.943265151977539062e+01,3.599999999999999867e-01,0.000000000000000000e+00
3.800309694436767582e-01,3.632974386215209961e+00,1.914870834350585938e+01,3.599999999999999867e-01,3.700000000000000000e+05
3.808587948123831057e-01,3.992974281311035156e+00,1.992073059082031250e+01,3.599999999999999867e-01,0.000000000000000000e+00
3.809155838291067298e-01,3.992974281311035156e+00,1.963678550720214844e+01,3.599999999999999867e-01,3.700000000000000000e+05
3.817434091978130772e-01,3.632974386215209961e+00,1.886476325988769531e+01,3.599999999999999867e-01,0.000000000000000000e+00
3.818593580582529956e-01,3.502027034759521484e+00,1.830000114440917969e+01,3.599999999999999867e-01,3.700000000000000000e+05
3.829883001746798299e-01,3.992974281311035156e+00,1.935284233093261719e+01,3.599999999999999867e-01,0.000000000000000000e+00
3.830450891914034539e-01,3.992974281311035156e+00,1.906889724731445312e+01,3.599999999999999867e-01,3.700000000000000000e+05
3.838729145601098014e-01,3.632974386215209961e+00,1.829687500000000000e+01,3.599999999999999867e-01,0.000000000000000000e+00
3.839297031953636807e-01,3.632974386215209961e+00,1.801293182373046875e+01,3.599999999999999867e-01,3.700000000000000000e+05
3.847575285640700282e-01,3.992974281311035156e+00,1.878495407104492188e+01,3.599999999999999867e-01,0.000000000000000000e+00
3.847865869610638256e-01,4.067113876342773438e+00,1.866000175476074219e+01,3.599999999999999867e-01,3.700000000000000000e+05
3.857848973928370007e-01,3.632974386215209961e+00,1.772898674011230469e+01,3.599999999999999867e-01,0.000000000000000000e+00
3.858416864095606247e-01,3.632974386215209961e+00,1.744504165649414062e+01,3.599999999999999867e-01,3.700000000000000000e+05
3.866695134581943916e-01,3.992974281311035156e+00,1.821706581115722656e+01,3.599999999999999867e-01,0.000000000000000000e+00
3.867263024749180156e-01,3.992974281311035156e+00,1.793312072753906250e+01,3.599999999999999867e-01,3.700000000000000000e+05
3.875541278436243631e-01,3.632974386215209961e+00,1.716109848022460938e+01,3.599999999999999867e-01,0.000000000000000000e+00
3.876109168603479871e-01,3.632974386215209961e+00,1.687715339660644531e+01,3.599999999999999867e-01,3.700000000000000000e+05
3.884387439089817540e-01,3.992974281311035156e+00,1.764917755126953125e+01,3.599999999999999867e-01,0.000000000000000000e+00
3.884955329257053780e-01,3.992974281311035156e+00,1.736523246765136719e+01,3.599999999999999867e-01,3.700000000000000000e+05
3.894554728986464043e-01,3.575521469116210938e+00,1.647000122070312500e+01,3.599999999999999867e-01,0.000000000000000000e+00
3.894896119826281589e-01,3.632974386215209961e+00,1.630926513671875000e+01,3.599999999999999867e-01,3.700000000000000000e+05
3.903174373513345063e-01,3.992974281311035156e+00,1.708128738403320312e+01,3.599999999999999867e-01,0.000000000000000000e+00
3.903677866657884743e-01,4.008202791213989258e+00,1.683000183105468750e+01,3.599999999999999867e-01,3.700000000000000000e+05
3.912306302120253099e-01,3.632974386215209961e+00,1.602532196044921875e+01,3.599999999999999867e-01,0.000000000000000000e+00
3.912874192287489339e-01,3.632974386215209961e+00,1.574137687683105469e+01,3.599999999999999867e-01,3.700000000000000000e+05
3.924547318040078614e-01,4.140608310699462891e+00,1.683000183105468750e+01,3.599999999999999867e-01,0.000000000000000000e+00
3.924812128602212513e-01,4.273013591766357422e+00,1.683000183105468750e+01,3.599999999999999867e-01,3.700000000000000000e+05
3.928672348284162896e-01,4.105142831802368164e+00,1.647000122070312500e+01,3.599999999999999867e-01,0.000000000000000000e+00
3.928937158846296795e-01,4.237548112869262695e+00,1.647000122070312500e+01,3.599999999999999867e-01,3.700000000000000000e+05
3.932797378528247179e-01,4.405418872833251953e+00,1.683000183105468750e+01,3.599999999999999867e-01,0.000000000000000000e+00
3.933062189567217981e-01,4.537824392318725586e+00,1.683000183105468750e+01,3.599999999999999867e-01,3.700000000000000000e+05
3.936922409249168364e-01,4.369953632354736328e+00,1.647000122070312500e+01,3.599999999999999867e-01,0.000000000000000000e+00
3.937187219811302263e-01,4.502358913421630859e+00,1.647000122070312500e+01,3.599999999999999867e-01,3.700000000000000000e+05
3.941047439493252647e-01,4.670229673385620117e+00,1.683000183105468750e+01,3.599999999999999867e-01,0.000000000000000000e+00
3.941312250055386546e-01,4.802634954452514648e+00,1.683000183105468750e+01,3.599999999999999867e-01,3.700000000000000000e+05
3.945172469737336929e-01,4.634764194488525391e+00,1.647000122070312500e+01,3.599999999999999867e-01,0.000000000000000000e+00
3.945437280776307731e-01,4.767169713973999023e+00,1.647000122070312500e+01,3.599999999999999867e-01,3.700000000000000000e+05
3.949297499479056950e-01,4.935040235519409180e+00,1.683000183105468750e+01,3.599999999999999867e-01,0.000000000000000000e+00
3.949562310518027752e-01,5.067445755004882812e+00,1.683000183105468750e+01,3.599999999999999867e-01,3.700000000000000000e+05
3.953422530199978135e-01,4.899574995040893555e+00,1.647000122070312500e+01,3.599999999999999867e-01,0.000000000000000000e+00
3.953687340762112035e-01,5.031980276107788086e+00,1.647000122070312500e+01,3.599999999999999867e-01,3.700000000000000000e+05
3.957547560444062418e-01,5.199851036071777344e+00,1.683000183105468750e+01,3.599999999999999867e-01,0.000000000000000000e+00
3.957812371006196317e-01,5.332256317138671875e+00,1.683000183105468750e+01,3.599999999999999867e-01,3.700000000000000000e+05
3.961672590688146700e-01,5.164385557174682617e+00,1.647000122070312500e+01,3.599999999999999867e-01,0.000000000000000000e+00
3.981691282514911445e-01,-1.497025966644287109e+00,8.999217987060546875e+00,3.599999999999999867e-01,3.700000000000000000e+05
3.989969535222772090e-01,-1.857025623321533203e+00,8.227195739746093750e+00,3.599999999999999867e-01,0.000000000000000000e+00
3.990537421575310884e-01,-1.857025623321533203e+00,7.943252563476562500e+00,3.599999999999999867e-01,3.700000000000000000e+05
3.998815674283171528e-01,-1.497025966644287109e+00,8.715274810791015625e+00,3.599999999999999867e-01,0.000000000000000000e+00
3.999383560635710322e-01,-1.497025966644287109e+00,8.431331634521484375e+00,3.599999999999999867e-01,3.700000000000000000e+05
4.011300129636929390e-01,-2.015246868133544922e+00,7.320003509521484375e+00,3.599999999999999867e-01,0.000000000000000000e+00
4.011564940199063289e-01,-1.882841587066650391e+00,7.320003509521484375e+00,3.599999999999999867e-01,3.700000000000000000e+05
4.020436836688535687e-01,-1.497025966644287109e+00,8.147388458251953125e+00,3.599999999999999867e-01,0.000000000000000000e+00
4.021004730670469374e-01,-1.497025966644287109e+00,7.863441467285156250e+00,3.599999999999999867e-01,3.700000000000000000e+05
4.029282983378330019e-01,-1.857025623321533203e+00,7.091419219970703125e+00,3.599999999999999867e-01,0.000000000000000000e+00
4.029850869730868812e-01,-1.857025623321533203e+00,6.807476043701171875e+00,3.599999999999999867e-01,3.700000000000000000e+05
4.039206789675497955e-01,-1.450160503387451172e+00,7.680000305175781250e+00,3.599999999999999867e-01,0.000000000000000000e+00
4.039471600237631854e-01,-1.317755222320556641e+00,7.680000305175781250e+00,3.599999999999999867e-01,3.700000000000000000e+05
4.043331785341853224e-01,-1.485625743865966797e+00,7.320003509521484375e+00,3.599999999999999867e-01,0.000000000000000000e+00
4.043596595903987123e-01,-1.353220462799072266e+00,7.320003509521484375e+00,3.599999999999999867e-01,3.700000000000000000e+05
4.047456781008208493e-01,-1.185349941253662109e+00,7.680000305175781250e+00,3.599999999999999867e-01,0.000000000000000000e+00
4.047721591570342392e-01,-1.052944660186767578e+00,7.680000305175781250e+00,3.599999999999999867e-01,3.700000000000000000e+05
4.051581776674563762e-01,-1.220815181732177734e+00,7.320003509521484375e+00,3.599999999999999867e-01,0.000000000000000000e+00
4.051846587236697661e-01,-1.088409900665283203e+00,7.320003509521484375e+00,3.599999999999999867e-01,3.700000000000000000e+05
4.055706772340919031e-01,-9.205393791198730469e-01,7.680000305175781250e+00,3.599999999999999867e-01,0.000000000000000000e+00
4.055971584810401653e-01,-7.881331443786621094e-01,7.680000305175781250e+00,3.599999999999999867e-01,3.700000000000000000e+05
4.059831773831470425e-01,-9.560046195983886719e-01,7.320003509521484375e+00,3.599999999999999867e-01,0.000000000000000000e+00
4.060096584393604324e-01,-8.235993385314941406e-01,7.320003509521484375e+00,3.599999999999999867e-01,3.700000000000000000e+05
4.063956773414673096e-01,-6.557278633117675781e-01,7.680000305175781250e+00,3.599999999999999867e-01,0.000000000000000000e+00
4.064221583023132633e-01,-5.233230590820312500e-01,7.680000305175781250e+00,3.599999999999999867e-01,3.700000000000000000e+05
4.068081770085775761e-01,-6.911940574645996094e-01,7.320003509521484375e+00,3.599999999999999867e-01,0.000000000000000000e+00
4.068346580647909660e-01,-5.587887763977050781e-01,7.320003509521484375e+00,3.599999999999999867e-01,3.700000000000000000e+05
4.072206769668978432e-01,-3.909173011779785156e-01,7.680000305175781250e+00,3.599999999999999867e-01,0.000000000000000000e+00
4.072471580231112331e-01,-2.585120201110839844e-01,7.680000305175781250e+00,3.599999999999999867e-01,3.700000000000000000e+05
4.076331767293755459e-01,-4.263830184936523438e-01,7.320003509521484375e+00,3.599999999999999867e-01,0.000000000000000000e+00
4.076596577855889358e-01,-2.939777374267578125e-01,7.320003509521484375e+00,3.599999999999999867e-01,3.700000000000000000e+05
4.080456764918532486e-01,-1.261067390441894531e-01,7.680000305175781250e+00,3.599999999999999867e-01,0.000000000000000000e+00
4.090773135414787487e-01,4.123764038085937500e-01,1.281000137329101562e+01,3.599999999999999867e-01,3.700000000000000000e+05
4.094633356075940700e-01,5.802474021911621094e-01,1.317000198364257812e+01,3.599999999999999867e-01,0.000000000000000000e+00
4.094898166638074599e-01,7.126526832580566406e-01,1.317000198364257812e+01,3.599999999999999867e-01,3.700000000000000000e+05
4.098758387299227812e-01,5.447816848754882812e-01,1.281000137329101562e+01,3.599999999999999867e-01,0.000000000000000000e+00
4.099023198815036073e-01,6.771874427795410156e-01,1.281000137329101562e+01,3.599999999999999867e-01,3.700000000000000000e+05
4.102883417517785292e-01,8.450579643249511719e-01,1.317000198364257812e+01,3.599999999999999867e-01,0.000000000000000000e+00
4.103148228079919191e-01,9.774632453918457031e-01,1.317000198364257812e+01,3.599999999999999867e-01,3.700000000000000000e+05
4.107008446782668409e-01,8.095927238464355469e-01,1.281000137329101562e+01,3.599999999999999867e-01,0.000000000000000000e+00
4.107273257344802309e-01,9.419980049133300781e-01,1.281000137329101562e+01,3.599999999999999867e-01,3.700000000000000000e+05
4.111133476047551527e-01,1.109868526458740234e+00,1.317000198364257812e+01,3.599999999999999867e-01,0.000000000000000000e+00
4.111398287563359788e-01,1.242274284362792969e+00,1.317000198364257812e+01,3.599999999999999867e-01,3.700000000000000000e+05
4.115258508224513001e-01,1.074403285980224609e+00,1.281000137329101562e+01,3.599999999999999867e-01,0.000000000000000000e+00
4.115523318786646900e-01,1.206808567047119141e+00,1.281000137329101562e+01,3.599999999999999867e-01,3.700000000000000000e+05
4.119383539447800113e-01,1.374679565429687500e+00,1.317000198364257812e+01,3.599999999999999867e-01,0.000000000000000000e+00
4.119648350009934012e-01,1.507084846496582031e+00,1.317000198364257812e+01,3.599999999999999867e-01,3.700000000000000000e+05
4.123508570671087226e-01,1.339213848114013672e+00,1.281000137329101562e+01,3.599999999999999867e-01,0.000000000000000000e+00
4.123773382186895486e-01,1.471619606018066406e+00,1.281000137329101562e+01,3.599999999999999867e-01,3.700000000000000000e+05
4.127633600889644705e-01,1.639490127563476562e+00,1.317000198364257812e+01,3.599999999999999867e-01,0.000000000000000000e+00
4.127898411451778604e-01,1.771895408630371094e+00,1.317000198364257812e+01,3.599999999999999867e-01,3.700000000000000000e+05
4.131758630154527823e-01,1.604024887084960938e+00,1.281000137329101562e+01,3.599999999999999867e-01,0.000000000000000000e+00
4.138788532504223405e-01,2.162974357604980469e+00,1.628022575378417969e+01,3.599999999999999867e-01,3.700000000000000000e+05
4.147066787170490820e-01,1.802974224090576172e+00,1.550820350646972656e+01,3.599999999999999867e-01,0.000000000000000000e+00
4.147634677337727060e-01,1.802974224090576172e+00,1.522425842285156250e+01,3.599999999999999867e-01,3.700000000000000000e+05
4.155912948803266449e-01,2.162974357604980469e+00,1.599628257751464844e+01,3.599999999999999867e-01,0.000000000000000000e+00
4.156480838970502689e-01,2.162974357604980469e+00,1.571233749389648438e+01,3.599999999999999867e-01,3.700000000000000000e+05
4.167979287667532007e-01,1.662935733795166016e+00,1.464000320434570312e+01,3.599999999999999867e-01,0.000000000000000000e+00
4.168244098229665906e-01,1.795341014862060547e+00,1.464000320434570312e+01,3.599999999999999867e-01,3.700000000000000000e+05
4.176697874414946332e-01,2.162974357604980469e+00,1.542839431762695312e+01,3.599999999999999867e-01,0.000000000000000000e+00
4.177265760767485125e-01,2.162974357604980469e+00,1.514445114135742188e+01,3.599999999999999867e-01,3.700000000000000000e+05
4.185544015433752540e-01,1.802974224090576172e+00,1.437242889404296875e+01,3.599999999999999867e-01,0.000000000000000000e+00
4.186111909415686227e-01,1.802974224090576172e+00,1.408848190307617188e+01,3.599999999999999867e-01,3.700000000000000000e+05
4.195885953581323102e-01,2.228022575378417969e+00,1.500000000000000000e+01,3.599999999999999867e-01,0.000000000000000000e+00
4.196150764143457002e-01,2.360427856445312500e+00,1.500000000000000000e+01,3.599999999999999867e-01,3.700000000000000000e+05
4.200010951206100129e-01,2.192556858062744141e+00,1.464000320434570312e+01,3.599999999999999867e-01,0.000000000000000000e+00
4.200275761768234029e-01,2.324962139129638672e+00,1.464000320434570312e+01,3.599999999999999867e-01,3.700000000000000000e+05
4.204135948830877156e-01,2.492833137512207031e+00,1.500000000000000000e+01,3.599999999999999867e-01,0.000000000000000000e+00
4.204400759393011056e-01,2.625238418579101562e+00,1.500000000000000000e+01,3.599999999999999867e-01,3.700000000000000000e+05
4.208260944497232425e-01,2.457367897033691406e+00,1.464000320434570312e+01,3.599999999999999867e-01,0.000000000000000000e+00
4.208525755059366324e-01,2.589773178100585938e+00,1.464000320434570312e+01,3.599999999999999867e-01,3.700000000000000000e+05
4.212385940163587694e-01,2.757643699645996094e+00,1.500000000000000000e+01,3.599999999999999867e-01,0.000000000000000000e+00
4.212650750725721593e-01,2.890048980712890625e+00,1.500000000000000000e+01,3.599999999999999867e-01,3.700000000000000000e+05
4.216510935829942963e-01,2.722178459167480469e+00,1.464000320434570312e+01,3.599999999999999867e-01,0.000000000000000000e+00
4.216775746392076862e-01,2.854583740234375000e+00,1.464000320434570312e+01,3.599999999999999867e-01,3.700000000000000000e+05
4.220635933454719990e-01,3.022454738616943359e+00,1.500000000000000000e+01,3.599999999999999867e-01,0.000000000000000000e+00
4.220900744016853889e-01,3.154860019683837891e+00,1.500000000000000000e+01,3.599999999999999867e-01,3.700000000000000000e+05
4.224760931079497017e-01,2.986989021301269531e+00,1.464000320434570312e+01,3.599999999999999867e-01,0.000000000000000000e+00
4.225025741641630916e-01,3.119394302368164062e+00,1.464000320434570312e+01,3.599999999999999867e-01,3.700000000000000000e+05
4.228885928704274044e-01,3.287265300750732422e+00,1.500000000000000000e+01,3.599999999999999867e-01,0.000000000000000000e+00
4.229150739266407943e-01,3.419670581817626953e+00,1.500000000000000000e+01,3.599999999999999867e-01,3.700000000000000000e+05
4.233010926329051071e-01,3.251799583435058594e+00,1.464000320434570312e+01,3.599999999999999867e-01,0.000000000000000000e+00
4.233275737844859332e-01,3.384205341339111328e+00,1.464000320434570312e+01,3.599999999999999867e-01,3.700000000000000000e+05
4.237135922949080702e-01,3.552075862884521484e+00,1.500000000000000000e+01,3.599999999999999867e-01,0.000000000000000000e+00
4.247452293495114772e-01,4.090559244155883789e+00,2.013000106811523438e+01,3.599999999999999867e-01,3.700000000000000000e+05
4.251312513177065155e-01,4.258430004119873047e+00,2.049000167846679688e+01,3.599999999999999867e-01,0.000000000000000000e+00
4.251577323739199055e-01,4.390835285186767578e+00,2.049000167846679688e+01,3.599999999999999867e-01,3.700000000000000000e+05
4.255437542441948273e-01,4.222964763641357422e+00,2.013000106811523438e+01,3.599999999999999867e-01,0.000000000000000000e+00
4.255702353004082172e-01,4.355370044708251953e+00,2.013000106811523438e+01,3.599999999999999867e-01,3.700000000000000000e+05
4.259562572686032556e-01,4.523240804672241211e+00,2.049000167846679688e+01,3.599999999999999867e-01,0.000000000000000000e+00
4.259827383248166455e-01,4.655646085739135742e+00,2.049000167846679688e+01,3.599999999999999867e-01,3.700000000000000000e+05
4.263687602930116838e-01,4.487775325775146484e+00,2.013000106811523438e+01,3.599999999999999867e-01,0.000000000000000000e+00
4.263952413492250737e-01,4.620180606842041016e+00,2.013000106811523438e+01,3.599999999999999867e-01,3.700000000000000000e+05
4.267812633174201120e-01,4.788051366806030273e+00,2.049000167846679688e+01,3.599999999999999867e-01,0.000000000000000000e+00
4.268077444213171923e-01,4.920456886291503906e+00,2.049000167846679688e+01,3.599999999999999867e-01,3.700000000000000000e+05
4.271937663895122306e-01,4.752586126327514648e+00,2.013000106811523438e+01,3.599999999999999867e-01,0.000000000000000000e+00
4.272202474457256205e-01,4.884991407394409180e+00,2.013000106811523438e+01,3.599999999999999867e-01,3.700000000000000000e+05
4.276062694139206588e-01,5.052862167358398438e+00,2.049000167846679688e+01,3.599999999999999867e-01,0.000000000000000000e+00
4.276327504701340487e-01,5.185267448425292969e+00,2.049000167846679688e+01,3.599999999999999867e-01,3.700000000000000000e+05
4.280187724383290870e-01,5.017396688461303711e+00,2.013000106811523438e+01,3.599999999999999867e-01,0.000000000000000000e+00
4.280452535422261673e-01,5.149802207946777344e+00,2.013000106811523438e+01,3.599999999999999867e-01,3.700000000000000000e+05
4.284312755104212056e-01,5.317672967910766602e+00,2.049000167846679688e+01,3.599999999999999867e-01,0.000000000000000000e+00
4.284577565666345955e-01,5.450078248977661133e+00,2.049000167846679688e+01,3.599999999999999867e-01,3.700000000000000000e+05
4.288437785348296338e-01,5.282207489013671875e+00,2.013000106811523438e+01,3.599999999999999867e-01,0.000000000000000000e+00
4.288702595910430238e-01,5.414612770080566406e+00,2.013000106811523438e+01,3.599999999999999867e-01,3.700000000000000000e+05
4.292562815592380621e-01,5.582483530044555664e+00,2.049000167846679688e+01,3.599999999999999867e-01,0.000000000000000000e+00
4.292827626154514520e-01,5.714888811111450195e+00,2.049000167846679688e+01,3.599999999999999867e-01,3.700000000000000000e+05
4.298620433437165822e-01,5.462974309921264648e+00,1.994976997375488281e+01,3.599999999999999867e-01,0.000000000000000000e+00
4.299188323604402062e-01,5.462974309921264648e+00,1.966582489013671875e+01,3.599999999999999867e-01,3.700000000000000000e+05
4.308025820687672036e-01,5.847294211387634277e+00,2.049000167846679688e+01,3.599999999999999867e-01,0.000000000000000000e+00
4.308290631488224665e-01,5.979699611663818359e+00,2.049000167846679688e+01,3.599999999999999867e-01,3.700000000000000000e+05
4.320172801572844112e-01,5.462974309921264648e+00,1.938188171386718750e+01,3.599999999999999867e-01,0.000000000000000000e+00
4.320740691740080353e-01,5.462974309921264648e+00,1.909793663024902344e+01,3.599999999999999867e-01,3.700000000000000000e+05
4.329018945427143827e-01,5.822974205017089844e+00,1.986995887756347656e+01,3.599999999999999867e-01,0.000000000000000000e+00
4.329586831779682621e-01,5.822974205017089844e+00,1.958601570129394531e+01,3.599999999999999867e-01,3.700000000000000000e+05
4.337865102266020290e-01,5.462974309921264648e+00,1.881399154663085938e+01,3.599999999999999867e-01,0.000000000000000000e+00
4.364780969830351909e-01,-1.497025966644287109e+00,7.295555114746093750e+00,3.599999999999999867e-01,3.700000000000000000e+05
4.373059222538212554e-01,-1.857025623321533203e+00,6.523532867431640625e+00,3.599999999999999867e-01,0.000000000000000000e+00
4.373627108890751347e-01,-1.857025623321533203e+00,6.239589691162109375e+00,3.599999999999999867e-01,3.700000000000000000e+05
4.381905361598611992e-01,-1.497025966644287109e+00,7.011611938476562500e+00,3.599999999999999867e-01,0.000000000000000000e+00
4.382473255580545679e-01,-1.497025966644287109e+00,6.727664947509765625e+00,3.599999999999999867e-01,3.700000000000000000e+05
4.390751508288406324e-01,-1.857025623321533203e+00,5.955642700195312500e+00,3.599999999999999867e-01,0.000000000000000000e+00
4.391698081633326201e-01,-1.941752910614013672e+00,5.490001678466796875e+00,3.599999999999999867e-01,3.700000000000000000e+05
4.401924647957365377e-01,-1.497025966644287109e+00,6.443721771240234375e+00,3.599999999999999867e-01,0.000000000000000000e+00
4.402492534309904171e-01,-1.497025966644287109e+00,6.159778594970703125e+00,3.599999999999999867e-01,3.700000000000000000e+05
4.410770787017764816e-01,-1.857025623321533203e+00,5.387756347656250000e+00,3.599999999999999867e-01,0.000000000000000000e+00
4.411338680999698503e-01,-1.857025623321533203e+00,5.103809356689453125e+00,3.599999999999999867e-01,3.700000000000000000e+05
4.419616967306118083e-01,-1.497025966644287109e+00,5.875835418701171875e+00,3.599999999999999867e-01,0.000000000000000000e+00
4.419863170233293559e-01,-1.376665592193603516e+00,5.850002288818359375e+00,3.599999999999999867e-01,3.700000000000000000e+05
4.430909130370457305e-01,-1.857025623321533203e+00,4.819866180419921875e+00,3.599999999999999867e-01,0.000000000000000000e+00
4.431477016722996098e-01,-1.857025623321533203e+00,4.535923004150390625e+00,3.599999999999999867e-01,3.700000000000000000e+05
4.439755269430856743e-01,-1.497025966644287109e+00,5.307945251464843750e+00,3.599999999999999867e-01,0.000000000000000000e+00
4.440323155783395537e-01,-1.497025966644287109e+00,5.024002075195312500e+00,3.599999999999999867e-01,3.700000000000000000e+05
4.448601408491256182e-01,-1.857025623321533203e+00,4.251979827880859375e+00,3.599999999999999867e-01,0.000000000000000000e+00
4.449169302473189869e-01,-1.857025623321533203e+00,3.968032836914062500e+00,3.599999999999999867e-01,3.700000000000000000e+05
4.457447555181050514e-01,-1.497025966644287109e+00,4.740055084228515625e+00,3.599999999999999867e-01,0.000000000000000000e+00
4.458015441533589307e-01,-1.497025966644287109e+00,4.456111907958984375e+00,3.599999999999999867e-01,3.700000000000000000e+05
4.466293694241449952e-01,-1.857025623321533203e+00,3.684089660644531250e+00,3.599999999999999867e-01,0.000000000000000000e+00
4.466861580593988745e-01,-1.857025623321533203e+00,3.400146484375000000e+00,3.599999999999999867e-01,3.700000000000000000e+05
4.475139833301849390e-01,-1.497025966644287109e+00,4.172168731689453125e+00,3.599999999999999867e-01,0.000000000000000000e+00
4.475468047679636019e-01,-1.435576915740966797e+00,4.020000457763671875e+00,3.599999999999999867e-01,3.700000000000000000e+05
4.485159304383697365e-01,-1.857025623321533203e+00,3.116203308105468750e+00,3.599999999999999867e-01,0.000000000000000000e+00
4.485727198365631052e-01,-1.857025623321533203e+00,2.832256317138671875e+00,3.599999999999999867e-01,3.700000000000000000e+05
4.494005451073491697e-01,-1.497025966644287109e+00,3.604278564453125000e+00,3.599999999999999867e-01,0.000000000000000000e+00
4.494573337426030490e-01,-1.497025966644287109e+00,3.320335388183593750e+00,3.599999999999999867e-01,3.700000000000000000e+05
4.502851590133891135e-01,-1.857025623321533203e+00,2.548313140869140625e+00,3.599999999999999867e-01,0.000000000000000000e+00
4.503419476486429929e-01,-1.857025623321533203e+00,2.264369964599609375e+00,3.599999999999999867e-01,3.700000000000000000e+05
4.511697729194290574e-01,-1.497025966644287109e+00,3.036392211914062500e+00,3.599999999999999867e-01,0.000000000000000000e+00
4.512265615546829367e-01,-1.497025966644287109e+00,2.752449035644531250e+00,3.599999999999999867e-01,3.700000000000000000e+05
4.520543901853248947e-01,-1.857025623321533203e+00,1.980422973632812500e+00,3.599999999999999867e-01,0.000000000000000000e+00
4.520869496844951985e-01,-1.794764041900634766e+00,1.830001831054687500e+00,3.599999999999999867e-01,3.700000000000000000e+05
4.527716020299278332e-01,-1.497025966644287109e+00,2.468502044677734375e+00,3.599999999999999867e-01,0.000000000000000000e+00
4.528273042646850932e-01,-1.494487285614013672e+00,2.190002441406250000e+00,3.599999999999999867e-01,3.700000000000000000e+05
4.532133265266413136e-01,-1.662358760833740234e+00,1.830001831054687500e+00,3.599999999999999867e-01,0.000000000000000000e+00
4.532398075828547035e-01,-1.529953479766845703e+00,1.830001831054687500e+00,3.599999999999999867e-01,3.700000000000000000e+05
4.536258298448109239e-01,-1.362082004547119141e+00,2.190002441406250000e+00,3.599999999999999867e-01,0.000000000000000000e+00
4.536523109010243138e-01,-1.229676723480224609e+00,2.190002441406250000e+00,3.599999999999999867e-01,3.700000000000000000e+05
4.540383331629805341e-01,-1.397548198699951172e+00,1.830001831054687500e+00,3.599999999999999867e-01,0.000000000000000000e+00
4.540648142191939240e-01,-1.265142917633056641e+00,1.830001831054687500e+00,3.599999999999999867e-01,3.700000000000000000e+05
4.544508364811501444e-01,-1.097271442413330078e+00,2.190002441406250000e+00,3.599999999999999867e-01,0.000000000000000000e+00
4.544773175373635343e-01,-9.648661613464355469e-01,2.190002441406250000e+00,3.599999999999999867e-01,3.700000000000000000e+05
4.548633394076384562e-01,-1.132736682891845703e+00,1.830001831054687500e+00,3.599999999999999867e-01,0.000000000000000000e+00
4.548898204638518461e-01,-1.000331401824951172e+00,1.830001831054687500e+00,3.599999999999999867e-01,3.700000000000000000e+05
4.552758423341267680e-01,-8.324608802795410156e-01,2.190002441406250000e+00,3.599999999999999867e-01,0.000000000000000000e+00
4.553023233903401579e-01,-7.000555992126464844e-01,2.190002441406250000e+00,3.599999999999999867e-01,3.700000000000000000e+05
4.556883452606150797e-01,-8.679261207580566406e-01,1.830001831054687500e+00,3.599999999999999867e-01,0.000000000000000000e+00
4.557148263168284696e-01,-7.355208396911621094e-01,1.830001831054687500e+00,3.599999999999999867e-01,3.700000000000000000e+05
4.561008481871033915e-01,-5.676503181457519531e-01,2.190002441406250000e+00,3.599999999999999867e-01,0.000000000000000000e+00
4.561273292433167814e-01,-4.352450370788574219e-01,2.190002441406250000e+00,3.599999999999999867e-01,3.700000000000000000e+05
4.565133511135917033e-01,-6.031155586242675781e-01,1.830001831054687500e+00,3.599999999999999867e-01,0.000000000000000000e+00
4.565398321698050932e-01,-4.707102775573730469e-01,1.830001831054687500e+00,3.599999999999999867e-01,3.700000000000000000e+05
4.569258540400800150e-01,-3.028397560119628906e-01,2.190002441406250000e+00,3.599999999999999867e-01,0.000000000000000000e+00
4.569523351916608411e-01,-1.704339981079101562e-01,2.190002441406250000e+00,3.599999999999999867e-01,3.700000000000000000e+05
4.573383572577761624e-01,-3.383049964904785156e-01,1.830001831054687500e+00,3.599999999999999867e-01,0.000000000000000000e+00
4.573648383139895524e-01,-2.058997154235839844e-01,1.830001831054687500e+00,3.599999999999999867e-01,3.700000000000000000e+05
4.577508603801048737e-01,-3.802871704101562500e-02,2.190002441406250000e+00,3.599999999999999867e-01,0.000000000000000000e+00
4.595106033597659012e-01,3.534655570983886719e-01,1.098000335693359375e+01,3.599999999999999867e-01,3.700000000000000000e+05
4.598966220660302140e-01,5.213365554809570312e-01,1.134000015258789062e+01,3.599999999999999867e-01,0.000000000000000000e+00
4.599231031222436039e-01,6.537418365478515625e-01,1.134000015258789062e+01,3.599999999999999867e-01,3.700000000000000000e+05
4.603091218285079167e-01,4.858708381652832031e-01,1.098000335693359375e+01,3.599999999999999867e-01,0.000000000000000000e+00
4.603356028847213066e-01,6.182761192321777344e-01,1.098000335693359375e+01,3.599999999999999867e-01,3.700000000000000000e+05
4.607216215909856194e-01,7.861471176147460938e-01,1.134000015258789062e+01,3.599999999999999867e-01,0.000000000000000000e+00
4.607481026471990093e-01,9.185523986816406250e-01,1.134000015258789062e+01,3.599999999999999867e-01,3.700000000000000000e+05
4.611341211576211463e-01,7.506818771362304688e-01,1.098000335693359375e+01,3.599999999999999867e-01,0.000000000000000000e+00
4.611606022138345362e-01,8.830871582031250000e-01,1.098000335693359375e+01,3.599999999999999867e-01,3.700000000000000000e+05
4.615466207242566732e-01,1.050957679748535156e+00,1.134000015258789062e+01,3.599999999999999867e-01,0.000000000000000000e+00
4.615731017804700631e-01,1.183362960815429688e+00,1.134000015258789062e+01,3.599999999999999867e-01,3.700000000000000000e+05
4.619591202908922001e-01,1.015492439270019531e+00,1.098000335693359375e+01,3.599999999999999867e-01,0.000000000000000000e+00
4.619856013471055900e-01,1.147897720336914062e+00,1.098000335693359375e+01,3.599999999999999867e-01,3.700000000000000000e+05
4.623716200533699028e-01,1.315768718719482422e+00,1.134000015258789062e+01,3.599999999999999867e-01,0.000000000000000000e+00
4.623981011095832927e-01,1.448173999786376953e+00,1.134000015258789062e+01,3.599999999999999867e-01,3.700000000000000000e+05
4.627841198158476055e-01,1.280303001403808594e+00,1.098000335693359375e+01,3.599999999999999867e-01,0.000000000000000000e+00
4.628106008720609954e-01,1.412708282470703125e+00,1.098000335693359375e+01,3.599999999999999867e-01,3.700000000000000000e+05
4.631966195783253082e-01,1.580579280853271484e+00,1.134000015258789062e+01,3.599999999999999867e-01,0.000000000000000000e+00
4.632231006345386981e-01,1.712984561920166016e+00,1.134000015258789062e+01,3.599999999999999867e-01,3.700000000000000000e+05
4.636091193408030109e-01,1.545113563537597656e+00,1.098000335693359375e+01,3.599999999999999867e-01,0.000000000000000000e+00
4.643389680553896559e-01,2.162974357604980469e+00,1.457656097412109375e+01,3.599999999999999867e-01,3.700000000000000000e+05
4.651667935220163974e-01,1.802974224090576172e+00,1.380453872680664062e+01,3.599999999999999867e-01,0.000000000000000000e+00
4.652235821572702767e-01,1.802974224090576172e+00,1.352059555053710938e+01,3.599999999999999867e-01,3.700000000000000000e+05
4.660514076238970183e-01,2.162974357604980469e+00,1.429261779785156250e+01,3.599999999999999867e-01,0.000000000000000000e+00
4.661081962591508976e-01,2.162974357604980469e+00,1.400867462158203125e+01,3.599999999999999867e-01,3.700000000000000000e+05
4.669360217257776391e-01,1.802974224090576172e+00,1.323665237426757812e+01,3.599999999999999867e-01,0.000000000000000000e+00
4.670223835664285006e-01,1.736430168151855469e+00,1.281000137329101562e+01,3.599999999999999867e-01,3.700000000000000000e+05
4.680032279725724886e-01,2.162974357604980469e+00,1.372472763061523438e+01,3.599999999999999867e-01,0.000000000000000000e+00
4.680600166078263680e-01,2.162974357604980469e+00,1.344078445434570312e+01,3.599999999999999867e-01,3.700000000000000000e+05
4.688878420744531095e-01,1.802974224090576172e+00,1.266876220703125000e+01,3.599999999999999867e-01,0.000000000000000000e+00
4.689446307097069888e-01,1.802974224090576172e+00,1.238481903076171875e+01,3.599999999999999867e-01,3.700000000000000000e+05
4.697865683386547309e-01,2.169111728668212891e+00,1.317000198364257812e+01,3.599999999999999867e-01,0.000000000000000000e+00
4.698130493948681208e-01,2.301517009735107422e+00,1.317000198364257812e+01,3.599999999999999867e-01,3.700000000000000000e+05
4.709594576348445916e-01,1.802974224090576172e+00,1.210087203979492188e+01,3.599999999999999867e-01,0.000000000000000000e+00
4.710162462700984709e-01,1.802974224090576172e+00,1.181692886352539062e+01,3.599999999999999867e-01,3.700000000000000000e+05
4.718440717367252124e-01,2.162974357604980469e+00,1.258895111083984375e+01,3.599999999999999867e-01,0.000000000000000000e+00
4.719008603719790917e-01,2.162974357604980469e+00,1.230500793457031250e+01,3.599999999999999867e-01,3.700000000000000000e+05
4.727286858386058332e-01,1.802974224090576172e+00,1.153298568725585938e+01,3.599999999999999867e-01,0.000000000000000000e+00
4.728420927855266354e-01,1.677519321441650391e+00,1.098000335693359375e+01,3.599999999999999867e-01,3.700000000000000000e+05
4.739584039792865688e-01,2.162974357604980469e+00,1.202106475830078125e+01,3.599999999999999867e-01,0.000000000000000000e+00
4.740151933774799375e-01,2.162974357604980469e+00,1.173711776733398438e+01,3.599999999999999867e-01,3.700000000000000000e+05
4.748430188441066790e-01,1.802974224090576172e+00,1.096509552001953125e+01,3.599999999999999867e-01,0.000000000000000000e+00
4.748998074793605584e-01,1.802974224090576172e+00,1.068115234375000000e+01,3.599999999999999867e-01,3.700000000000000000e+05
4.757276329459872999e-01,2.162974357604980469e+00,1.145317459106445312e+01,3.599999999999999867e-01,0.000000000000000000e+00
4.757553094182761511e-01,2.242606163024902344e+00,1.134000015258789062e+01,3.599999999999999867e-01,3.700000000000000000e+05
4.767662475107830033e-01,1.802974224090576172e+00,1.039720916748046875e+01,3.599999999999999867e-01,0.000000000000000000e+00
4.768230361460368827e-01,1.802974224090576172e+00,1.011326599121093750e+01,3.599999999999999867e-01,3.700000000000000000e+05
4.776508616126636242e-01,2.162974357604980469e+00,1.088528823852539062e+01,3.599999999999999867e-01,0.000000000000000000e+00
4.777076510108569929e-01,2.162974357604980469e+00,1.060134124755859375e+01,3.599999999999999867e-01,3.700000000000000000e+05
4.785354764774837344e-01,1.802974224090576172e+00,9.829319000244140625e+00,3.599999999999999867e-01,0.000000000000000000e+00
4.785922651127376137e-01,1.802974224090576172e+00,9.545375823974609375e+00,3.599999999999999867e-01,3.700000000000000000e+05
4.794200905793643552e-01,2.162974357604980469e+00,1.031739807128906250e+01,3.599999999999999867e-01,0.000000000000000000e+00
4.794768792146182346e-01,2.162974357604980469e+00,1.003345489501953125e+01,3.599999999999999867e-01,3.700000000000000000e+05
4.804241899448195574e-01,1.751013755798339844e+00,9.150001525878906250e+00,3.599999999999999867e-01,0.000000000000000000e+00
4.804602234287995710e-01,1.802974224090576172e+00,8.977489471435546875e+00,3.599999999999999867e-01,3.700000000000000000e+05
4.812880488954263125e-01,2.162974357604980469e+00,9.749511718750000000e+00,3.599999999999999867e-01,0.000000000000000000e+00
4.813361297350561285e-01,2.183694839477539062e+00,9.510002136230468750e+00,3.599999999999999867e-01,3.700000000000000000e+05
4.822116042039599759e-01,1.802974224090576172e+00,8.693542480468750000e+00,3.599999999999999867e-01,0.000000000000000000e+00
4.822683928392138553e-01,1.802974224090576172e+00,8.409599304199218750e+00,3.599999999999999867e-01,3.700000000000000000e+05
4.834483347551328802e-01,2.316100597381591797e+00,9.510002136230468750e+00,3.599999999999999867e-01,0.000000000000000000e+00
4.834748158113462702e-01,2.448505878448486328e+00,9.510002136230468750e+00,3.599999999999999867e-01,3.700000000000000000e+05
4.838608378774615915e-01,2.280634880065917969e+00,9.150001525878906250e+00,3.599999999999999867e-01,0.000000000000000000e+00
4.838873189336749814e-01,2.413040161132812500e+00,9.150001525878906250e+00,3.599999999999999867e-01,3.700000000000000000e+05
4.842733409997903027e-01,2.580911159515380859e+00,9.510002136230468750e+00,3.599999999999999867e-01,0.000000000000000000e+00
4.842998220560036926e-01,2.713316440582275391e+00,9.510002136230468750e+00,3.599999999999999867e-01,3.700000000000000000e+05
4.846858441221190139e-01,2.545445442199707031e+00,9.150001525878906250e+00,3.599999999999999867e-01,0.000000000000000000e+00
4.847123252736998400e-01,2.677851200103759766e+00,9.150001525878906250e+00,3.599999999999999867e-01,3.700000000000000000e+05
4.850983471439747619e-01,2.845721721649169922e+00,9.510002136230468750e+00,3.599999999999999867e-01,0.000000000000000000e+00
4.851248282001881518e-01,2.978127002716064453e+00,9.510002136230468750e+00,3.599999999999999867e-01,3.700000000000000000e+05
4.855108500704630736e-01,2.810256481170654297e+00,9.150001525878906250e+00,3.599999999999999867e-01,0.000000000000000000e+00
4.855373311266764635e-01,2.942661762237548828e+00,9.150001525878906250e+00,3.599999999999999867e-01,3.700000000000000000e+05
4.859233529969513854e-01,3.110532283782958984e+00,9.510002136230468750e+00,3.599999999999999867e-01,0.000000000000000000e+00
4.859498341485322115e-01,3.242938041687011719e+00,9.510002136230468750e+00,3.599999999999999867e-01,3.700000000000000000e+05
4.863358562146475328e-01,3.075067043304443359e+00,9.150001525878906250e+00,3.599999999999999867e-01,0.000000000000000000e+00
4.863623372708609227e-01,3.207472324371337891e+00,9.150001525878906250e+00,3.599999999999999867e-01,3.700000000000000000e+05
4.867483593369762440e-01,3.375343322753906250e+00,9.510002136230468750e+00,3.599999999999999867e-01,0.000000000000000000e+00
4.867748403931896339e-01,3.507748603820800781e+00,9.510002136230468750e+00,3.599999999999999867e-01,3.700000000000000000e+05
4.871608624593049552e-01,3.339877605438232422e+00,9.150001525878906250e+00,3.599999999999999867e-01,0.000000000000000000e+00
4.889960849509694119e-01,4.031648397445678711e+00,1.830000114440917969e+01,3.599999999999999867e-01,3.700000000000000000e+05
4.893821069191644502e-01,4.199519157409667969e+00,1.866000175476074219e+01,3.599999999999999867e-01,0.000000000000000000e+00
4.894085879753778401e-01,4.331924438476562500e+00,1.866000175476074219e+01,3.599999999999999867e-01,3.700000000000000000e+05
4.897946099435728784e-01,4.164053678512573242e+00,1.830000114440917969e+01,3.599999999999999867e-01,0.000000000000000000e+00
4.898210910474699586e-01,4.296459197998046875e+00,1.830000114440917969e+01,3.599999999999999867e-01,3.700000000000000000e+05
4.902071130156649970e-01,4.464329957962036133e+00,1.866000175476074219e+01,3.599999999999999867e-01,0.000000000000000000e+00
4.902335940718783869e-01,4.596735239028930664e+00,1.866000175476074219e+01,3.599999999999999867e-01,3.700000000000000000e+05
4.906196160400734252e-01,4.428864479064941406e+00,1.830000114440917969e+01,3.599999999999999867e-01,0.000000000000000000e+00
4.906460970962868151e-01,4.561269760131835938e+00,1.830000114440917969e+01,3.599999999999999867e-01,3.700000000000000000e+05
4.910321190644818534e-01,4.729140520095825195e+00,1.866000175476074219e+01,3.599999999999999867e-01,0.000000000000000000e+00
4.910586001206952433e-01,4.861545801162719727e+00,1.866000175476074219e+01,3.599999999999999867e-01,3.700000000000000000e+05
4.914446220888902817e-01,4.693675041198730469e+00,1.830000114440917969e+01,3.599999999999999867e-01,0.000000000000000000e+00
4.914711031927873619e-01,4.826080560684204102e+00,1.830000114440917969e+01,3.599999999999999867e-01,3.700000000000000000e+05
4.918571251609824002e-01,4.993951320648193359e+00,1.866000175476074219e+01,3.599999999999999867e-01,0.000000000000000000e+00
4.918836062171957901e-01,5.126356601715087891e+00,1.866000175476074219e+01,3.599999999999999867e-01,3.700000000000000000e+05
4.922696281853908284e-01,4.958485841751098633e+00,1.830000114440917969e+01,3.599999999999999867e-01,0.000000000000000000e+00
4.922961092416042184e-01,5.090891122817993164e+00,1.830000114440917969e+01,3.599999999999999867e-01,3.700000000000000000e+05
4.926821312097992567e-01,5.258761882781982422e+00,1.866000175476074219e+01,3.599999999999999867e-01,0.000000000000000000e+00
4.927086122660126466e-01,5.391167163848876953e+00,1.866000175476074219e+01,3.599999999999999867e-01,3.700000000000000000e+05
4.930946342342076849e-01,5.223296403884887695e+00,1.830000114440917969e+01,3.599999999999999867e-01,0.000000000000000000e+00
4.931211153381047652e-01,5.355701923370361328e+00,1.830000114440917969e+01,3.599999999999999867e-01,3.700000000000000000e+05
4.941956160344919691e-01,5.822974324226379395e+00,1.930207061767578125e+01,3.599999999999999867e-01,0.000000000000000000e+00
4.942524046697458484e-01,5.822974324226379395e+00,1.901812744140625000e+01,3.599999999999999867e-01,3.700000000000000000e+05
4.950802317673397290e-01,5.462974309921264648e+00,1.824610328674316406e+01,3.599999999999999867e-01,0.000000000000000000e+00
4.951370204025936084e-01,5.462974309921264648e+00,1.796216011047363281e+01,3.599999999999999867e-01,3.700000000000000000e+05
4.959648458202601806e-01,5.822974324226379395e+00,1.873418235778808594e+01,3.599999999999999867e-01,0.000000000000000000e+00
4.959893981534937435e-01,5.920788764953613281e+00,1.866000175476074219e+01,3.599999999999999867e-01,3.700000000000000000e+05
4.970421500542666626e-01,5.462974309921264648e+00,1.767821502685546875e+01,3.599999999999999867e-01,0.000000000000000000e+00
4.970989386895205420e-01,5.462974309921264648e+00,1.739427185058593750e+01,3.599999999999999867e-01,3.700000000000000000e+05
4.979267641071871142e-01,5.822974324226379395e+00,1.816629409790039062e+01,3.599999999999999867e-01,0.000000000000000000e+00
4.979835531239107382e-01,5.822974324226379395e+00,1.788234901428222656e+01,3.599999999999999867e-01,3.700000000000000000e+05
4.988113785415773105e-01,5.462974309921264648e+00,1.711032676696777344e+01,3.599999999999999867e-01,0.000000000000000000e+00
4.989436863269051115e-01,5.296790838241577148e+00,1.647000122070312500e+01,3.599999999999999867e-01,3.700000000000000000e+05
5.001536539088287103e-01,5.822974324226379395e+00,1.759840583801269531e+01,3.599999999999999867e-01,0.000000000000000000e+00
5.002104429255523899e-01,5.822974324226379395e+00,1.731446075439453125e+01,3.599999999999999867e-01,3.700000000000000000e+05
5.011159414784538413e-01,5.429196357727050781e+00,1.647000122070312500e+01,3.599999999999999867e-01,0.000000000000000000e+00
5.011587787012926620e-01,5.462974309921264648e+00,1.625849533081054688e+01,3.599999999999999867e-01,3.700000000000000000e+05
5.019866041189592343e-01,5.822974324226379395e+00,1.703051757812500000e+01,3.599999999999999867e-01,0.000000000000000000e+00
5.020274550896577370e-01,5.861877799034118652e+00,1.683000183105468750e+01,3.599999999999999867e-01,3.700000000000000000e+05
5.029447401538544860e-01,5.462974309921264648e+00,1.597455024719238281e+01,3.599999999999999867e-01,0.000000000000000000e+00
5.030015287891084208e-01,5.462974309921264648e+00,1.569060707092285156e+01,3.599999999999999867e-01,3.700000000000000000e+05
5.038293542067749931e-01,5.822974324226379395e+00,1.646262931823730469e+01,3.599999999999999867e-01,0.000000000000000000e+00
5.038861432234986726e-01,5.822974324226379395e+00,1.617868423461914062e+01,3.599999999999999867e-01,3.700000000000000000e+05
5.047139686411652448e-01,5.462974309921264648e+00,1.540666198730468750e+01,3.599999999999999867e-01,0.000000000000000000e+00
5.047707572764191797e-01,5.462974309921264648e+00,1.512271881103515625e+01,3.599999999999999867e-01,3.700000000000000000e+05
5.055985826940857519e-01,5.822974324226379395e+00,1.589474105834960938e+01,3.599999999999999867e-01,0.000000000000000000e+00
5.081331861107529768e-01,-1.412131786346435547e+00,5.490001678466796875e+00,3.599999999999999867e-01,3.700000000000000000e+05
5.085192083727092527e-01,-1.244260311126708984e+00,5.850002288818359375e+00,3.599999999999999867e-01,0.000000000000000000e+00
5.085456894289226426e-01,-1.111855030059814453e+00,5.850002288818359375e+00,3.599999999999999867e-01,3.700000000000000000e+05
5.089317112991975645e-01,-1.279725551605224609e+00,5.490001678466796875e+00,3.599999999999999867e-01,0.000000000000000000e+00
5.089581923554109544e-01,-1.147320270538330078e+00,5.490001678466796875e+00,3.599999999999999867e-01,3.700000000000000000e+05
5.093442142256858762e-01,-9.794497489929199219e-01,5.850002288818359375e+00,3.599999999999999867e-01,0.000000000000000000e+00
5.093706952818992661e-01,-8.470444679260253906e-01,5.850002288818359375e+00,3.599999999999999867e-01,3.700000000000000000e+05
5.097567171521741880e-01,-1.014914989471435547e+00,5.490001678466796875e+00,3.599999999999999867e-01,0.000000000000000000e+00
5.097831982083875779e-01,-8.825097084045410156e-01,5.490001678466796875e+00,3.599999999999999867e-01,3.700000000000000000e+05
5.101692200786624998e-01,-7.146391868591308594e-01,5.850002288818359375e+00,3.599999999999999867e-01,0.000000000000000000e+00
5.101957011348758897e-01,-5.822339057922363281e-01,5.850002288818359375e+00,3.599999999999999867e-01,3.700000000000000000e+05
5.105817230051508115e-01,-7.501044273376464844e-01,5.490001678466796875e+00,3.599999999999999867e-01,0.000000000000000000e+00
5.106082040613642015e-01,-6.176991462707519531e-01,5.490001678466796875e+00,3.599999999999999867e-01,3.700000000000000000e+05
5.109942259316391233e-01,-4.498286247253417969e-01,5.850002288818359375e+00,3.599999999999999867e-01,0.000000000000000000e+00
5.110207069878525132e-01,-3.174233436584472656e-01,5.850002288818359375e+00,3.599999999999999867e-01,3.700000000000000000e+05
5.114067288581274351e-01,-4.852938652038574219e-01,5.490001678466796875e+00,3.599999999999999867e-01,0.000000000000000000e+00
5.114332099143408250e-01,-3.528885841369628906e-01,5.490001678466796875e+00,3.599999999999999867e-01,3.700000000000000000e+05
5.118192319804562018e-01,-1.850175857543945312e-01,5.850002288818359375e+00,3.599999999999999867e-01,0.000000000000000000e+00
5.118457130366695917e-01,-5.261230468750000000e-02,5.850002288818359375e+00,3.599999999999999867e-01,3.700000000000000000e+05
5.122317351027849686e-01,-2.204833030700683594e-01,5.490001678466796875e+00,3.599999999999999867e-01,0.000000000000000000e+00
5.129322254361529110e-01,3.329744338989257812e-01,8.948448181152343750e+00,3.599999999999999867e-01,3.700000000000000000e+05
5.137600509027796525e-01,-2.702569961547851562e-02,8.176425933837890625e+00,3.599999999999999867e-01,0.000000000000000000e+00
5.138168395380335873e-01,-2.702569961547851562e-02,7.892482757568359375e+00,3.599999999999999867e-01,3.700000000000000000e+05
5.146446650046603288e-01,3.329744338989257812e-01,8.664505004882812500e+00,3.599999999999999867e-01,0.000000000000000000e+00
5.147014536399142637e-01,3.329744338989257812e-01,8.380561828613281250e+00,3.599999999999999867e-01,3.700000000000000000e+05
5.158386711426449223e-01,-1.615724563598632812e-01,7.320003509521484375e+00,3.599999999999999867e-01,0.000000000000000000e+00
5.158651522942256928e-01,-2.916669845581054688e-02,7.320003509521484375e+00,3.599999999999999867e-01,3.700000000000000000e+05
5.166978989900876673e-01,3.329744338989257812e-01,8.096614837646484375e+00,3.599999999999999867e-01,0.000000000000000000e+00
5.167546876253416022e-01,3.329744338989257812e-01,7.812671661376953125e+00,3.599999999999999867e-01,3.700000000000000000e+05
5.175825130919683437e-01,-2.702569961547851562e-02,7.040649414062500000e+00,3.599999999999999867e-01,0.000000000000000000e+00
5.176393017272222785e-01,-2.702569961547851562e-02,6.756706237792968750e+00,3.599999999999999867e-01,3.700000000000000000e+05
5.186293335107582392e-01,4.035143852233886719e-01,7.680000305175781250e+00,3.599999999999999867e-01,0.000000000000000000e+00
5.186558146623390098e-01,5.359201431274414062e-01,7.680000305175781250e+00,3.599999999999999867e-01,3.700000000000000000e+05
5.190418333686033225e-01,3.680491447448730469e-01,7.320003509521484375e+00,3.599999999999999867e-01,0.000000000000000000e+00
5.190683144248167125e-01,5.004544258117675781e-01,7.320003509521484375e+00,3.599999999999999867e-01,3.700000000000000000e+05
5.194543331310810252e-01,6.683254241943359375e-01,7.680000305175781250e+00,3.599999999999999867e-01,0.000000000000000000e+00
5.194808141872944152e-01,8.007307052612304688e-01,7.680000305175781250e+00,3.599999999999999867e-01,3.700000000000000000e+05
5.198668328935587279e-01,6.328597068786621094e-01,7.320003509521484375e+00,3.599999999999999867e-01,0.000000000000000000e+00
5.198933139497721179e-01,7.652649879455566406e-01,7.320003509521484375e+00,3.599999999999999867e-01,3.700000000000000000e+05
5.202793326560364306e-01,9.331359863281250000e-01,7.680000305175781250e+00,3.599999999999999867e-01,0.000000000000000000e+00
5.203058137122498206e-01,1.065541267395019531e+00,7.680000305175781250e+00,3.599999999999999867e-01,3.700000000000000000e+05
5.206918322226720131e-01,8.976707458496093750e-01,7.320003509521484375e+00,3.599999999999999867e-01,0.000000000000000000e+00
5.207183132788854030e-01,1.030076026916503906e+00,7.320003509521484375e+00,3.599999999999999867e-01,3.700000000000000000e+05
5.211043317893075955e-01,1.197946548461914062e+00,7.680000305175781250e+00,3.599999999999999867e-01,0.000000000000000000e+00
5.211308128455209854e-01,1.330351829528808594e+00,7.680000305175781250e+00,3.599999999999999867e-01,3.700000000000000000e+05
5.215168313559431779e-01,1.162481307983398438e+00,7.320003509521484375e+00,3.599999999999999867e-01,0.000000000000000000e+00
5.215433124121565678e-01,1.294886589050292969e+00,7.320003509521484375e+00,3.599999999999999867e-01,3.700000000000000000e+05
5.219293309225787603e-01,1.462757110595703125e+00,7.680000305175781250e+00,3.599999999999999867e-01,0.000000000000000000e+00
5.219558120741595308e-01,1.595162868499755859e+00,7.680000305175781250e+00,3.599999999999999867e-01,3.700000000000000000e+05
5.223418307804238436e-01,1.427291870117187500e+00,7.320003509521484375e+00,3.599999999999999867e-01,0.000000000000000000e+00
5.223683118366372335e-01,1.559697151184082031e+00,7.320003509521484375e+00,3.599999999999999867e-01,3.700000000000000000e+05
5.227543305429015463e-01,1.727568149566650391e+00,7.680000305175781250e+00,3.599999999999999867e-01,0.000000000000000000e+00
5.237859675925270464e-01,2.266051292419433594e+00,1.281000137329101562e+01,3.599999999999999867e-01,3.700000000000000000e+05
5.241719896586424232e-01,2.433922290802001953e+00,1.317000198364257812e+01,3.599999999999999867e-01,0.000000000000000000e+00
5.241984707148558131e-01,2.566327571868896484e+00,1.317000198364257812e+01,3.599999999999999867e-01,3.700000000000000000e+05
5.245844927809711900e-01,2.398456573486328125e+00,1.281000137329101562e+01,3.599999999999999867e-01,0.000000000000000000e+00
5.246109739325519605e-01,2.530862331390380859e+00,1.281000137329101562e+01,3.599999999999999867e-01,3.700000000000000000e+05
5.249969958028268824e-01,2.698732852935791016e+00,1.317000198364257812e+01,3.599999999999999867e-01,0.000000000000000000e+00
5.250234768590402723e-01,2.831138134002685547e+00,1.317000198364257812e+01,3.599999999999999867e-01,3.700000000000000000e+05
5.254094987293151942e-01,2.663267612457275391e+00,1.281000137329101562e+01,3.599999999999999867e-01,0.000000000000000000e+00
5.254359797855285841e-01,2.795672893524169922e+00,1.281000137329101562e+01,3.599999999999999867e-01,3.700000000000000000e+05
5.258220016558035059e-01,2.963543415069580078e+00,1.317000198364257812e+01,3.599999999999999867e-01,0.000000000000000000e+00
5.258484828073842765e-01,3.095949172973632812e+00,1.317000198364257812e+01,3.599999999999999867e-01,3.700000000000000000e+05
5.262345048734996533e-01,2.928078174591064453e+00,1.281000137329101562e+01,3.599999999999999867e-01,0.000000000000000000e+00
5.262609859297130432e-01,3.060483455657958984e+00,1.281000137329101562e+01,3.599999999999999867e-01,3.700000000000000000e+05
5.266470079958284201e-01,3.228354454040527344e+00,1.317000198364257812e+01,3.599999999999999867e-01,0.000000000000000000e+00
5.266734890520418100e-01,3.360759735107421875e+00,1.317000198364257812e+01,3.599999999999999867e-01,3.700000000000000000e+05
5.270595111181571868e-01,3.192888736724853516e+00,1.281000137329101562e+01,3.599999999999999867e-01,0.000000000000000000e+00
5.270859922697379574e-01,3.325294494628906250e+00,1.281000137329101562e+01,3.599999999999999867e-01,3.700000000000000000e+05
5.274720141400128792e-01,3.493165016174316406e+00,1.317000198364257812e+01,3.599999999999999867e-01,0.000000000000000000e+00
5.274984951962262691e-01,3.625570297241210938e+00,1.317000198364257812e+01,3.599999999999999867e-01,3.700000000000000000e+05
5.278845170665011910e-01,3.457699775695800781e+00,1.281000137329101562e+01,3.599999999999999867e-01,0.000000000000000000e+00
5.285767363492147597e-01,3.992974281311035156e+00,1.622945594787597656e+01,3.599999999999999867e-01,3.700000000000000000e+05
5.294045617179211627e-01,3.632974386215209961e+00,1.545743370056152344e+01,3.599999999999999867e-01,0.000000000000000000e+00
5.294613507346448422e-01,3.632974386215209961e+00,1.517348861694335938e+01,3.599999999999999867e-01,3.700000000000000000e+05
5.302891761033512452e-01,3.992974281311035156e+00,1.594551086425781250e+01,3.599999999999999867e-01,0.000000000000000000e+00
5.303459647386051801e-01,3.992974281311035156e+00,1.566156768798828125e+01,3.599999999999999867e-01,3.700000000000000000e+05
5.314413699171556260e-01,3.516610383987426758e+00,1.464000320434570312e+01,3.599999999999999867e-01,0.000000000000000000e+00
5.314656384199387684e-01,3.632974386215209961e+00,1.460560226440429688e+01,3.599999999999999867e-01,3.700000000000000000e+05
5.322934621087185292e-01,3.992974281311035156e+00,1.537762260437011719e+01,3.599999999999999867e-01,0.000000000000000000e+00
5.323502511254422087e-01,3.992974281311035156e+00,1.509367752075195312e+01,3.599999999999999867e-01,3.700000000000000000e+05
5.331780764941486117e-01,3.632974386215209961e+00,1.432165527343750000e+01,3.599999999999999867e-01,0.000000000000000000e+00
5.332348651294025466e-01,3.632974386215209961e+00,1.403771209716796875e+01,3.599999999999999867e-01,3.700000000000000000e+05
5.342667091391982703e-01,4.081697225570678711e+00,1.500000000000000000e+01,3.599999999999999867e-01,0.000000000000000000e+00
5.342931902430954061e-01,4.214102745056152344e+00,1.500000000000000000e+01,3.599999999999999867e-01,3.700000000000000000e+05
5.346792088514386032e-01,4.046231985092163086e+00,1.464000320434570312e+01,3.599999999999999867e-01,0.000000000000000000e+00
5.347056899076519931e-01,4.178637266159057617e+00,1.464000320434570312e+01,3.599999999999999867e-01,3.700000000000000000e+05
5.350917085159951903e-01,4.346508026123046875e+00,1.500000000000000000e+01,3.599999999999999867e-01,0.000000000000000000e+00
5.351181895722085802e-01,4.478913307189941406e+00,1.500000000000000000e+01,3.599999999999999867e-01,3.700000000000000000e+05
5.355042081805517773e-01,4.311042547225952148e+00,1.464000320434570312e+01,3.599999999999999867e-01,0.000000000000000000e+00
5.355306892844489131e-01,4.443448066711425781e+00,1.464000320434570312e+01,3.599999999999999867e-01,3.700000000000000000e+05
5.359167078927921102e-01,4.611318826675415039e+00,1.500000000000000000e+01,3.599999999999999867e-01,0.000000000000000000e+00
5.359431889490055001e-01,4.743724107742309570e+00,1.500000000000000000e+01,3.599999999999999867e-01,3.700000000000000000e+05
5.363292075573486972e-01,4.575853347778320312e+00,1.464000320434570312e+01,3.599999999999999867e-01,0.000000000000000000e+00
5.363556886135620871e-01,4.708258628845214844e+00,1.464000320434570312e+01,3.599999999999999867e-01,3.700000000000000000e+05
5.367417072219052843e-01,4.876129388809204102e+00,1.500000000000000000e+01,3.599999999999999867e-01,0.000000000000000000e+00
5.367681883258024200e-01,5.008534908294677734e+00,1.500000000000000000e+01,3.599999999999999867e-01,3.700000000000000000e+05
5.371542070320667328e-01,4.840663909912109375e+00,1.464000320434570312e+01,3.599999999999999867e-01,0.000000000000000000e+00
5.371806881359638686e-01,4.973069429397583008e+00,1.464000320434570312e+01,3.599999999999999867e-01,3.700000000000000000e+05
5.375667067443070657e-01,5.140940189361572266e+00,1.500000000000000000e+01,3.599999999999999867e-01,0.000000000000000000e+00
5.375931878005204556e-01,5.273345470428466797e+00,1.500000000000000000e+01,3.599999999999999867e-01,3.700000000000000000e+05
5.379792064088636527e-01,5.105474710464477539e+00,1.464000320434570312e+01,3.599999999999999867e-01,0.000000000000000000e+00
5.380056874650770427e-01,5.237879991531372070e+00,1.464000320434570312e+01,3.599999999999999867e-01,3.700000000000000000e+05
5.383917060734202398e-01,5.405750751495361328e+00,1.500000000000000000e+01,3.599999999999999867e-01,0.000000000000000000e+00
5.385396448759557364e-01,5.822974324226379395e+00,1.561079597473144531e+01,3.599999999999999867e-01,3.700000000000000000e+05
5.395806085365463245e-01,5.370285511016845703e+00,1.464000320434570312e+01,3.599999999999999867e-01,0.000000000000000000e+00
5.396057846515815992e-01,5.462974309921264648e+00,1.455482864379882812e+01,3.599999999999999867e-01,3.700000000000000000e+05
5.404336100692481715e-01,5.822974324226379395e+00,1.532685089111328125e+01,3.599999999999999867e-01,0.000000000000000000e+00
5.404903987045021063e-01,5.822974324226379395e+00,1.504290771484375000e+01,3.599999999999999867e-01,3.700000000000000000e+05
5.413182241221686786e-01,5.462974309921264648e+00,1.427088546752929688e+01,3.599999999999999867e-01,0.000000000000000000e+00
5.413750127574226134e-01,5.462974309921264648e+00,1.398694229125976562e+01,3.599999999999999867e-01,3.700000000000000000e+05
5.424612966052516638e-01,5.935372233390808105e+00,1.500000000000000000e+01,3.599999999999999867e-01,0.000000000000000000e+00
5.424877776853068712e-01,6.067777633666992188e+00,1.500000000000000000e+01,3.599999999999999867e-01,3.700000000000000000e+05
5.428737963426105706e-01,5.899906754493713379e+00,1.464000320434570312e+01,3.599999999999999867e-01,0.000000000000000000e+00
5.429002774226657779e-01,6.032312154769897461e+00,1.464000320434570312e+01,3.599999999999999867e-01,3.700000000000000000e+05
5.432862960310089750e-01,6.200182914733886719e+00,1.500000000000000000e+01,3.599999999999999867e-01,0.000000000000000000e+00
5.433127770872223650e-01,6.332588195800781250e+00,1.500000000000000000e+01,3.599999999999999867e-01,3.700000000000000000e+05
5.436987956955655621e-01,6.164717435836791992e+00,1.464000320434570312e+01,3.599999999999999867e-01,0.000000000000000000e+00
5.437252767994626979e-01,6.297122955322265625e+00,1.464000320434570312e+01,3.599999999999999867e-01,3.700000000000000000e+05
5.441112954078058950e-01,6.464993715286254883e+00,1.500000000000000000e+01,3.599999999999999867e-01,0.000000000000000000e+00
5.441377764640192849e-01,6.597398996353149414e+00,1.500000000000000000e+01,3.599999999999999867e-01,3.700000000000000000e+05
5.445237950723624820e-01,6.429528236389160156e+00,1.464000320434570312e+01,3.599999999999999867e-01,0.000000000000000000e+00
5.445502761285758719e-01,6.561933517456054688e+00,1.464000320434570312e+01,3.599999999999999867e-01,3.700000000000000000e+05
5.449362947369190691e-01,6.729804277420043945e+00,1.500000000000000000e+01,3.599999999999999867e-01,0.000000000000000000e+00
5.449627757931324590e-01,6.862209558486938477e+00,1.500000000000000000e+01,3.599999999999999867e-01,3.700000000000000000e+05
5.453487944014756561e-01,6.694338798522949219e+00,1.464000320434570312e+01,3.599999999999999867e-01,0.000000000000000000e+00
5.453752755053727919e-01,6.826744318008422852e+00,1.464000320434570312e+01,3.599999999999999867e-01,3.700000000000000000e+05
5.457612941259560868e-01,6.994615107774734497e+00,1.500000000000000000e+01,3.599999999999999867e-01,0.000000000000000000e+00
5.457877751821694767e-01,7.127020388841629028e+00,1.500000000000000000e+01,3.599999999999999867e-01,3.700000000000000000e+05
5.461737938027527717e-01,6.959149599075317383e+00,1.464000320434570312e+01,3.599999999999999867e-01,0.000000000000000000e+00
5.462002748649266159e-01,7.091554909944534302e+00,1.464000320434570312e+01,3.599999999999999867e-01,3.700000000000000000e+05
5.465862934671497086e-01,7.259425655007362366e+00,1.500000000000000000e+01,3.599999999999999867e-01,0.000000000000000000e+00
5.476454750263825000e-01,5.944234251976013184e+00,2.013000106811523438e+01,3.599999999999999867e-01,3.700000000000000000e+05
5.480314969945775383e-01,6.112105011940002441e+00,2.049000167846679688e+01,3.599999999999999867e-01,0.000000000000000000e+00
5.480579780507909282e-01,6.244510293006896973e+00,2.049000167846679688e+01,3.599999999999999867e-01,3.700000000000000000e+05
5.484440000189859665e-01,6.076639533042907715e+00,2.013000106811523438e+01,3.599999999999999867e-01,0.000000000000000000e+00
5.484704810990411739e-01,6.209044933319091797e+00,2.013000106811523438e+01,3.599999999999999867e-01,3.700000000000000000e+05
5.488565030672362122e-01,6.376915693283081055e+00,2.049000167846679688e+01,3.599999999999999867e-01,0.000000000000000000e+00
5.488829841234496021e-01,6.509320974349975586e+00,2.049000167846679688e+01,3.599999999999999867e-01,3.700000000000000000e+05
5.492690060916446404e-01,6.341450214385986328e+00,2.013000106811523438e+01,3.599999999999999867e-01,0.000000000000000000e+00
5.492954871716998477e-01,6.473855614662170410e+00,2.013000106811523438e+01,3.599999999999999867e-01,3.700000000000000000e+05
5.496815091398948860e-01,6.641726374626159668e+00,2.049000167846679688e+01,3.599999999999999867e-01,0.000000000000000000e+00
5.497079902080291847e-01,6.774131715297698975e+00,2.049000167846679688e+01,3.599999999999999867e-01,3.700000000000000000e+05
5.500940121762242230e-01,6.606260955333709717e+00,2.013000106811523438e+01,3.599999999999999867e-01,0.000000000000000000e+00
5.501204932443585216e-01,6.738666296005249023e+00,2.013000106811523438e+01,3.599999999999999867e-01,3.700000000000000000e+05
5.505065152125535599e-01,6.906537055969238281e+00,2.049000167846679688e+01,3.599999999999999867e-01,0.000000000000000000e+00
5.505329962806878585e-01,7.038942396640777588e+00,2.049000167846679688e+01,3.599999999999999867e-01,3.700000000000000000e+05
5.509190182488828968e-01,6.871071636676788330e+00,2.013000106811523438e+01,3.599999999999999867e-01,0.000000000000000000e+00
5.509454993289381042e-01,7.003477036952972412e+00,2.013000106811523438e+01,3.599999999999999867e-01,3.700000000000000000e+05
5.513315212971331425e-01,7.171347796916961670e+00,2.049000167846679688e+01,3.599999999999999867e-01,0.000000000000000000e+00
5.513580023533465324e-01,7.303753077983856201e+00,2.049000167846679688e+01,3.599999999999999867e-01,3.700000000000000000e+05
5.517440243215415707e-01,7.135882318019866943e+00,2.013000106811523438e+01,3.599999999999999867e-01,0.000000000000000000e+00
5.517705054015967781e-01,7.268287718296051025e+00,2.013000106811523438e+01,3.599999999999999867e-01,3.700000000000000000e+05
5.521565273728518131e-01,7.436158485710620880e+00,2.049000167846679688e+01,3.599999999999999867e-01,0.000000000000000000e+00
5.521830084290652030e-01,7.568563766777515411e+00,2.049000167846679688e+01,3.599999999999999867e-01,3.700000000000000000e+05
5.528167306293899630e-01,7.292974293231964111e+00,1.989899826049804688e+01,3.599999999999999867e-01,0.000000000000000000e+00
5.528735196461136425e-01,7.292974293231964111e+00,1.961505317687988281e+01,3.599999999999999867e-01,3.700000000000000000e+05
5.538117108234403840e-01,7.700969159603118896e+00,2.049000167846679688e+01,3.599999999999999867e-01,0.000000000000000000e+00
5.538381919034955914e-01,7.833374559879302979e+00,2.049000167846679688e+01,3.599999999999999867e-01,3.700000000000000000e+05
5.542242138716906297e-01,7.665503799915313721e+00,2.013000106811523438e+01,3.599999999999999867e-01,0.000000000000000000e+00
5.542506949279040196e-01,7.797909080982208252e+00,2.013000106811523438e+01,3.599999999999999867e-01,3.700000000000000000e+05
5.546367168960990579e-01,7.965779840946197510e+00,2.049000167846679688e+01,3.599999999999999867e-01,0.000000000000000000e+00
5.546631979523124478e-01,8.098185122013092041e+00,2.049000167846679688e+01,3.599999999999999867e-01,3.700000000000000000e+05
5.550492198715474279e-01,7.930314481258392334e+00,2.013000106811523438e+01,3.599999999999999867e-01,0.000000000000000000e+00
5.550757009516026352e-01,8.062719881534576416e+00,2.013000106811523438e+01,3.599999999999999867e-01,3.700000000000000000e+05
5.554617229197976735e-01,8.230590641498565674e+00,2.049000167846679688e+01,3.599999999999999867e-01,0.000000000000000000e+00
5.554882039760110635e-01,8.362995922565460205e+00,2.049000167846679688e+01,3.599999999999999867e-01,3.700000000000000000e+05
5.558742259442061018e-01,8.195125162601470947e+00,2.013000106811523438e+01,3.599999999999999867e-01,0.000000000000000000e+00
5.559007070004194917e-01,8.327530443668365479e+00,2.013000106811523438e+01,3.599999999999999867e-01,3.700000000000000000e+05
5.562867289930946146e-01,8.495401263236999512e+00,2.049000167846679688e+01,3.599999999999999867e-01,0.000000000000000000e+00
5.563132100969917504e-01,8.627806782722473145e+00,2.049000167846679688e+01,3.599999999999999867e-01,3.700000000000000000e+05
5.566992320896668733e-01,8.459935963153839111e+00,2.013000106811523438e+01,3.599999999999999867e-01,0.000000000000000000e+00
5.567257131578011720e-01,8.592341303825378418e+00,2.013000106811523438e+01,3.599999999999999867e-01,3.700000000000000000e+05
5.571117351259962103e-01,8.760212063789367676e+00,2.049000167846679688e+01,3.599999999999999867e-01,0.000000000000000000e+00
5.571382161822096002e-01,8.892617344856262207e+00,2.049000167846679688e+01,3.599999999999999867e-01,3.700000000000000000e+05
5.575242381504046385e-01,8.724746584892272949e+00,2.013000106811523438e+01,3.599999999999999867e-01,0.000000000000000000e+00
5.575507192066180284e-01,8.857151865959167480e+00,2.013000106811523438e+01,3.599999999999999867e-01,3.700000000000000000e+05
5.579367411748130667e-01,9.025022625923156738e+00,2.049000167846679688e+01,3.599999999999999867e-01,0.000000000000000000e+00
5.579632222787102025e-01,9.157428145408630371e+00,2.049000167846679688e+01,3.599999999999999867e-01,3.700000000000000000e+05
5.583492442469052408e-01,8.989557385444641113e+00,2.013000106811523438e+01,3.599999999999999867e-01,0.000000000000000000e+00
5.583757253031186307e-01,9.121962666511535645e+00,2.013000106811523438e+01,3.599999999999999867e-01,3.700000000000000000e+05
5.587617472713136690e-01,9.289833426475524902e+00,2.049000167846679688e+01,3.599999999999999867e-01,0.000000000000000000e+00
5.587882283275270590e-01,9.422238707542419434e+00,2.049000167846679688e+01,3.599999999999999867e-01,3.700000000000000000e+05
5.594763919937916219e-01,9.122974276542663574e+00,1.984822654724121094e+01,3.599999999999999867e-01,0.000000000000000000e+00
5.595331806290455567e-01,9.122974276542663574e+00,1.956428337097167969e+01,3.599999999999999867e-01,3.700000000000000000e+05
5.605258115954450115e-01,9.554644107818603516e+00,2.049000167846679688e+01,3.599999999999999867e-01,0.000000000000000000e+00
5.605522926516584015e-01,9.687049388885498047e+00,2.049000167846679688e+01,3.599999999999999867e-01,3.700000000000000000e+05
5.609383146198534398e-01,9.519178628921508789e+00,2.013000106811523438e+01,3.599999999999999867e-01,0.000000000000000000e+00
5.609647956760668297e-01,9.651583909988403320e+00,2.013000106811523438e+01,3.599999999999999867e-01,3.700000000000000000e+05
5.613508176442618680e-01,9.819454669952392578e+00,2.049000167846679688e+01,3.599999999999999867e-01,0.000000000000000000e+00
5.613772987481590038e-01,9.951860189437866211e+00,2.049000167846679688e+01,3.599999999999999867e-01,3.700000000000000000e+05
5.617633208142743806e-01,9.783989191055297852e+00,2.013000106811523438e+01,3.599999999999999867e-01,0.000000000000000000e+00
5.617898019181715163e-01,9.916394710540771484e+00,2.013000106811523438e+01,3.599999999999999867e-01,3.700000000000000000e+05
5.621758238863665547e-01,1.008426547050476074e+01,2.049000167846679688e+01,3.599999999999999867e-01,0.000000000000000000e+00
5.622023049425799446e-01,1.021667075157165527e+01,2.049000167846679688e+01,3.599999999999999867e-01,3.700000000000000000e+05
5.625883270086953214e-01,1.004879975318908691e+01,2.013000106811523438e+01,3.599999999999999867e-01,0.000000000000000000e+00
5.626148081602760920e-01,1.018120551109313965e+01,2.013000106811523438e+01,3.599999999999999867e-01,3.700000000000000000e+05
5.630008300305510138e-01,1.034907603263854980e+01,2.049000167846679688e+01,3.599999999999999867e-01,0.000000000000000000e+00
5.630273110867644037e-01,1.048148131370544434e+01,2.049000167846679688e+01,3.599999999999999867e-01,3.700000000000000000e+05
5.634133329570393256e-01,1.031361079216003418e+01,2.013000106811523438e+01,3.599999999999999867e-01,0.000000000000000000e+00
5.634398140132527155e-01,1.044601607322692871e+01,2.013000106811523438e+01,3.599999999999999867e-01,3.700000000000000000e+05
5.638258358835276374e-01,1.061388659477233887e+01,2.049000167846679688e+01,3.599999999999999867e-01,0.000000000000000000e+00
5.638523170351084079e-01,1.074629235267639160e+01,2.049000167846679688e+01,3.599999999999999867e-01,3.700000000000000000e+05
5.642383391012237848e-01,1.057842135429382324e+01,2.013000106811523438e+01,3.599999999999999867e-01,0.000000000000000000e+00
5.642648201574371747e-01,1.071082663536071777e+01,2.013000106811523438e+01,3.599999999999999867e-01,3.700000000000000000e+05
5.646508422235525515e-01,1.087869763374328613e+01,2.049000167846679688e+01,3.599999999999999867e-01,0.000000000000000000e+00
5.646773232797659414e-01,1.101110291481018066e+01,2.049000167846679688e+01,3.599999999999999867e-01,3.700000000000000000e+05
5.650633453458813182e-01,1.084323191642761230e+01,2.013000106811523438e+01,3.599999999999999867e-01,0.000000000000000000e+00
5.650873498575612608e-01,1.095297408103942871e+01,2.008139991760253906e+01,3.599999999999999867e-01,3.700000000000000000e+05
5.655254860617237034e-01,1.114350819587707520e+01,2.049000167846679688e+01,3.599999999999999867e-01,0.000000000000000000e+00
5.655519671179370933e-01,1.127591347694396973e+01,2.049000167846679688e+01,3.599999999999999867e-01,3.700000000000000000e+05
5.662945705732743695e-01,1.095297408103942871e+01,1.979745674133300781e+01,3.599999999999999867e-01,0.000000000000000000e+00
5.663513595899980491e-01,1.095297408103942871e+01,1.951351165771484375e+01,3.599999999999999867e-01,3.700000000000000000e+05
5.671791850566247906e-01,1.131297421455383301e+01,2.028553390502929688e+01,3.599999999999999867e-01,0.000000000000000000e+00
5.672359736918787254e-01,1.131297421455383301e+01,2.000159072875976562e+01,3.599999999999999867e-01,3.700000000000000000e+05
5.680637991585054669e-01,1.095297408103942871e+01,1.922956848144531250e+01,3.599999999999999867e-01,0.000000000000000000e+00
5.681205881752291464e-01,1.095297408103942871e+01,1.894562339782714844e+01,3.599999999999999867e-01,3.700000000000000000e+05
5.689484136418558879e-01,1.131297421455383301e+01,1.971764564514160156e+01,3.599999999999999867e-01,0.000000000000000000e+00
5.690052022771098228e-01,1.131297421455383301e+01,1.943370246887207031e+01,3.599999999999999867e-01,3.700000000000000000e+05
5.698330277437365643e-01,1.095297408103942871e+01,1.866168022155761719e+01,3.599999999999999867e-01,0.000000000000000000e+00
5.737286995936642375e-01,-1.471042156219482422e+00,3.660003662109375000e+00,3.599999999999999867e-01,3.700000000000000000e+05
5.741147181040864300e-01,-1.303171634674072266e+00,4.020000457763671875e+00,3.599999999999999867e-01,0.000000000000000000e+00
5.741411991602998199e-01,-1.170766353607177734e+00,4.020000457763671875e+00,3.599999999999999867e-01,3.700000000000000000e+05
5.745272176707220124e-01,-1.338636875152587891e+00,3.660003662109375000e+00,3.599999999999999867e-01,0.000000000000000000e+00
5.745536987269354023e-01,-1.206231594085693359e+00,3.660003662109375000e+00,3.599999999999999867e-01,3.700000000000000000e+05
5.749397172373575948e-01,-1.038361072540283203e+00,4.020000457763671875e+00,3.599999999999999867e-01,0.000000000000000000e+00
5.749661982935709847e-01,-9.059557914733886719e-01,4.020000457763671875e+00,3.599999999999999867e-01,3.700000000000000000e+05
5.753522168039931772e-01,-1.073826313018798828e+00,3.660003662109375000e+00,3.599999999999999867e-01,0.000000000000000000e+00
5.753786978602065671e-01,-9.414210319519042969e-01,3.660003662109375000e+00,3.599999999999999867e-01,3.700000000000000000e+05
5.757647163706287596e-01,-7.735505104064941406e-01,4.020000457763671875e+00,3.599999999999999867e-01,0.000000000000000000e+00
5.757911976175770219e-01,-6.411442756652832031e-01,4.020000457763671875e+00,3.599999999999999867e-01,3.700000000000000000e+05
5.761772165196838991e-01,-8.090157508850097656e-01,3.660003662109375000e+00,3.599999999999999867e-01,0.000000000000000000e+00
5.762036975758972890e-01,-6.766104698181152344e-01,3.660003662109375000e+00,3.599999999999999867e-01,3.700000000000000000e+05
5.765897162821616018e-01,-5.087394714355468750e-01,4.020000457763671875e+00,3.599999999999999867e-01,0.000000000000000000e+00
5.766161973383749917e-01,-3.763341903686523438e-01,4.020000457763671875e+00,3.599999999999999867e-01,3.700000000000000000e+05
5.770022160446393045e-01,-5.442051887512207031e-01,3.660003662109375000e+00,3.599999999999999867e-01,0.000000000000000000e+00
5.770286971962200750e-01,-4.117994308471679688e-01,3.660003662109375000e+00,3.599999999999999867e-01,3.700000000000000000e+05
5.774147159024843878e-01,-2.439284324645996094e-01,4.020000457763671875e+00,3.599999999999999867e-01,0.000000000000000000e+00
5.774411969586977778e-01,-1.115231513977050781e-01,4.020000457763671875e+00,3.599999999999999867e-01,3.700000000000000000e+05
5.778272156649620905e-01,-2.793941497802734375e-01,3.660003662109375000e+00,3.599999999999999867e-01,0.000000000000000000e+00
5.785545575305796051e-01,3.329744338989257812e-01,7.244785308837890625e+00,3.599999999999999867e-01,3.700000000000000000e+05
5.793823863570615185e-01,-2.702569961547851562e-02,6.472759246826171875e+00,3.599999999999999867e-01,0.000000000000000000e+00
5.794391749923154533e-01,-2.702569961547851562e-02,6.188816070556640625e+00,3.599999999999999867e-01,3.700000000000000000e+05
5.802670004589421948e-01,3.329744338989257812e-01,6.960838317871093750e+00,3.599999999999999867e-01,0.000000000000000000e+00
5.803237890941961297e-01,3.329744338989257812e-01,6.676895141601562500e+00,3.599999999999999867e-01,3.700000000000000000e+05
5.811516145608228712e-01,-2.702569961547851562e-02,5.904872894287109375e+00,3.599999999999999867e-01,0.000000000000000000e+00
5.812354824359086125e-01,-8.807802200317382812e-02,5.490001678466796875e+00,3.599999999999999867e-01,3.700000000000000000e+05
5.822036994750805494e-01,3.329744338989257812e-01,6.392951965332031250e+00,3.599999999999999867e-01,0.000000000000000000e+00
5.822604888732738626e-01,3.329744338989257812e-01,6.109004974365234375e+00,3.599999999999999867e-01,3.700000000000000000e+05
5.830883143399006041e-01,-2.702569961547851562e-02,5.336982727050781250e+00,3.599999999999999867e-01,0.000000000000000000e+00
5.831451029751545390e-01,-2.702569961547851562e-02,5.053039550781250000e+00,3.599999999999999867e-01,3.700000000000000000e+05
5.839996713309283383e-01,3.446035385131835938e-01,5.850002288818359375e+00,3.599999999999999867e-01,0.000000000000000000e+00
5.840261523871417282e-01,4.770088195800781250e-01,5.850002288818359375e+00,3.599999999999999867e-01,3.700000000000000000e+05
5.851851879940900281e-01,-2.702569961547851562e-02,4.769096374511718750e+00,3.599999999999999867e-01,0.000000000000000000e+00
5.852419766293439629e-01,-2.702569961547851562e-02,4.485153198242187500e+00,3.599999999999999867e-01,3.700000000000000000e+05
5.860698020959707044e-01,3.329744338989257812e-01,5.257175445556640625e+00,3.599999999999999867e-01,0.000000000000000000e+00
5.861265914941640176e-01,3.329744338989257812e-01,4.973228454589843750e+00,3.599999999999999867e-01,3.700000000000000000e+05
5.869544169607907591e-01,-2.702569961547851562e-02,4.201206207275390625e+00,3.599999999999999867e-01,0.000000000000000000e+00
5.870652846940289660e-01,-1.469888687133789062e-01,3.660003662109375000e+00,3.599999999999999867e-01,3.700000000000000000e+05
5.881689651609635083e-01,3.329744338989257812e-01,4.689285278320312500e+00,3.599999999999999867e-01,0.000000000000000000e+00
5.882257537962174432e-01,3.329744338989257812e-01,4.405342102050781250e+00,3.599999999999999867e-01,3.700000000000000000e+05
5.890535792628441847e-01,-2.702569961547851562e-02,3.633319854736328125e+00,3.599999999999999867e-01,0.000000000000000000e+00
5.891103678980981195e-01,-2.702569961547851562e-02,3.349376678466796875e+00,3.599999999999999867e-01,3.700000000000000000e+05
5.899381933647248610e-01,3.329744338989257812e-01,4.121398925781250000e+00,3.599999999999999867e-01,0.000000000000000000e+00
5.899646717832601750e-01,4.180979728698730469e-01,4.020000457763671875e+00,3.599999999999999867e-01,3.700000000000000000e+05
5.909882406025924739e-01,-2.702569961547851562e-02,3.065429687500000000e+00,3.599999999999999867e-01,0.000000000000000000e+00
5.910450292378464088e-01,-2.702569961547851562e-02,2.781486511230468750e+00,3.599999999999999867e-01,3.700000000000000000e+05
5.918728547044731503e-01,3.329744338989257812e-01,3.553508758544921875e+00,3.599999999999999867e-01,0.000000000000000000e+00
5.919296433397270851e-01,3.329744338989257812e-01,3.269565582275390625e+00,3.599999999999999867e-01,3.700000000000000000e+05
5.927574688063538266e-01,-2.702569961547851562e-02,2.497543334960937500e+00,3.599999999999999867e-01,0.000000000000000000e+00
5.928142574416077615e-01,-2.702569961547851562e-02,2.213600158691406250e+00,3.599999999999999867e-01,3.700000000000000000e+05
5.936420829082345030e-01,3.329744338989257812e-01,2.985622406005859375e+00,3.599999999999999867e-01,0.000000000000000000e+00
5.936988723064278162e-01,3.329744338989257812e-01,2.701675415039062500e+00,3.599999999999999867e-01,3.700000000000000000e+05
5.946335523098033038e-01,-7.349443435668945312e-02,1.830001831054687500e+00,3.599999999999999867e-01,0.000000000000000000e+00
5.946715643213004165e-01,-2.702569961547851562e-02,1.645709991455078125e+00,3.599999999999999867e-01,3.700000000000000000e+05
5.954993897879271580e-01,3.329744338989257812e-01,2.417732238769531250e+00,3.599999999999999867e-01,0.000000000000000000e+00
5.955452364741073978e-01,3.591871261596679688e-01,2.190002441406250000e+00,3.599999999999999867e-01,3.700000000000000000e+05
5.964333385058236958e-01,-2.702569961547851562e-02,1.361766815185546875e+00,3.599999999999999867e-01,0.000000000000000000e+00
5.964901279040170090e-01,-2.702569961547851562e-02,1.077819824218750000e+00,3.599999999999999867e-01,3.700000000000000000e+05
5.976827005467625353e-01,4.915924072265625000e-01,2.190002441406250000e+00,3.599999999999999867e-01,0.000000000000000000e+00
5.977091816029759253e-01,6.239976882934570312e-01,2.190002441406250000e+00,3.599999999999999867e-01,3.700000000000000000e+05
5.980952034732508471e-01,4.561271667480468750e-01,1.830001831054687500e+00,3.599999999999999867e-01,0.000000000000000000e+00
5.981216845294642370e-01,5.885324478149414062e-01,1.830001831054687500e+00,3.599999999999999867e-01,3.700000000000000000e+05
5.985077065955796138e-01,7.564034461975097656e-01,2.190002441406250000e+00,3.599999999999999867e-01,0.000000000000000000e+00
5.985341876517930038e-01,8.888087272644042969e-01,2.190002441406250000e+00,3.599999999999999867e-01,3.700000000000000000e+05
5.989202097179083806e-01,7.209377288818359375e-01,1.830001831054687500e+00,3.599999999999999867e-01,0.000000000000000000e+00
5.989466907741217705e-01,8.533430099487304688e-01,1.830001831054687500e+00,3.599999999999999867e-01,3.700000000000000000e+05
5.993327128402371473e-01,1.021214008331298828e+00,2.190002441406250000e+00,3.599999999999999867e-01,0.000000000000000000e+00
5.993591938964505372e-01,1.153619289398193359e+00,2.190002441406250000e+00,3.599999999999999867e-01,3.700000000000000000e+05
5.997452159625659140e-01,9.857482910156250000e-01,1.830001831054687500e+00,3.599999999999999867e-01,0.000000000000000000e+00
5.997716971141466846e-01,1.118154048919677734e+00,1.830001831054687500e+00,3.599999999999999867e-01,3.700000000000000000e+05
6.001577189844216065e-01,1.286024570465087891e+00,2.190002441406250000e+00,3.599999999999999867e-01,0.000000000000000000e+00
6.001842000406349964e-01,1.418429851531982422e+00,2.190002441406250000e+00,3.599999999999999867e-01,3.700000000000000000e+05
6.005702219109099183e-01,1.250559329986572266e+00,1.830001831054687500e+00,3.599999999999999867e-01,0.000000000000000000e+00
6.005967029671233082e-01,1.382964611053466797e+00,1.830001831054687500e+00,3.599999999999999867e-01,3.700000000000000000e+05
6.009827248373982300e-01,1.550835132598876953e+00,2.190002441406250000e+00,3.599999999999999867e-01,0.000000000000000000e+00
6.010092058936116199e-01,1.683240413665771484e+00,2.190002441406250000e+00,3.599999999999999867e-01,3.700000000000000000e+05
6.013952277638865418e-01,1.515369892120361328e+00,1.830001831054687500e+00,3.599999999999999867e-01,0.000000000000000000e+00
6.032304506323403759e-01,2.207140445709228516e+00,1.098000335693359375e+01,3.599999999999999867e-01,3.700000000000000000e+05
6.036164693386046887e-01,2.375011444091796875e+00,1.134000015258789062e+01,3.599999999999999867e-01,0.000000000000000000e+00
6.036429503948180786e-01,2.507416725158691406e+00,1.134000015258789062e+01,3.599999999999999867e-01,3.700000000000000000e+05
6.040289691010823914e-01,2.339545726776123047e+00,1.098000335693359375e+01,3.599999999999999867e-01,0.000000000000000000e+00
6.040554501572957813e-01,2.471951007843017578e+00,1.098000335693359375e+01,3.599999999999999867e-01,3.700000000000000000e+05
6.044414688635600941e-01,2.639822006225585938e+00,1.134000015258789062e+01,3.599999999999999867e-01,0.000000000000000000e+00
6.044679499197734840e-01,2.772227287292480469e+00,1.134000015258789062e+01,3.599999999999999867e-01,3.700000000000000000e+05
6.048539684301956765e-01,2.604356765747070312e+00,1.098000335693359375e+01,3.599999999999999867e-01,0.000000000000000000e+00
6.048804494864090664e-01,2.736762046813964844e+00,1.098000335693359375e+01,3.599999999999999867e-01,3.700000000000000000e+05
6.052664679968312589e-01,2.904632568359375000e+00,1.134000015258789062e+01,3.599999999999999867e-01,0.000000000000000000e+00
6.052929490530446488e-01,3.037037849426269531e+00,1.134000015258789062e+01,3.599999999999999867e-01,3.700000000000000000e+05
6.056789675634668413e-01,2.869167327880859375e+00,1.098000335693359375e+01,3.599999999999999867e-01,0.000000000000000000e+00
6.057054486196802312e-01,3.001572608947753906e+00,1.098000335693359375e+01,3.599999999999999867e-01,3.700000000000000000e+05
6.060914673259445440e-01,3.169443607330322266e+00,1.134000015258789062e+01,3.599999999999999867e-01,0.000000000000000000e+00
6.061179483821579339e-01,3.301848888397216797e+00,1.134000015258789062e+01,3.599999999999999867e-01,3.700000000000000000e+05
6.065039670884222467e-01,3.133977890014648438e+00,1.098000335693359375e+01,3.599999999999999867e-01,0.000000000000000000e+00
6.065304481446356366e-01,3.266383171081542969e+00,1.098000335693359375e+01,3.599999999999999867e-01,3.700000000000000000e+05
6.069164668508999494e-01,3.434254169464111328e+00,1.134000015258789062e+01,3.599999999999999867e-01,0.000000000000000000e+00
6.069429479071133393e-01,3.566659450531005859e+00,1.134000015258789062e+01,3.599999999999999867e-01,3.700000000000000000e+05
6.073289666133776521e-01,3.398788452148437500e+00,1.098000335693359375e+01,3.599999999999999867e-01,0.000000000000000000e+00
6.080480123143506832e-01,3.992974281311035156e+00,1.452579116821289062e+01,3.599999999999999867e-01,3.700000000000000000e+05
6.088758376830570862e-01,3.632974386215209961e+00,1.375376892089843750e+01,3.599999999999999867e-01,0.000000000000000000e+00
6.089326270812503994e-01,3.632974386215209961e+00,1.346982192993164062e+01,3.599999999999999867e-01,3.700000000000000000e+05
6.097604558098123073e-01,3.992974281311035156e+00,1.424184799194335938e+01,3.599999999999999867e-01,0.000000000000000000e+00
6.098172452080056205e-01,3.992974281311035156e+00,1.395790100097656250e+01,3.599999999999999867e-01,3.700000000000000000e+05
6.106450705767120235e-01,3.632974386215209961e+00,1.318587875366210938e+01,3.599999999999999867e-01,0.000000000000000000e+00
6.107207334036437452e-01,3.590105056762695312e+00,1.281000137329101562e+01,3.599999999999999867e-01,3.700000000000000000e+05
6.116471380207150199e-01,3.992974281311035156e+00,1.367395782470703125e+01,3.599999999999999867e-01,0.000000000000000000e+00
6.117039266559689548e-01,3.992974281311035156e+00,1.339001464843750000e+01,3.599999999999999867e-01,3.700000000000000000e+05
6.125317520246753578e-01,3.632974386215209961e+00,1.261799240112304688e+01,3.599999999999999867e-01,0.000000000000000000e+00
6.125885414228686709e-01,3.632974386215209961e+00,1.233404541015625000e+01,3.599999999999999867e-01,3.700000000000000000e+05
6.134849220049026775e-01,4.022786378860473633e+00,1.317000198364257812e+01,3.599999999999999867e-01,0.000000000000000000e+00
6.135114030611160674e-01,4.155191659927368164e+00,1.317000198364257812e+01,3.599999999999999867e-01,3.700000000000000000e+05
6.147122508943244634e-01,3.632974386215209961e+00,1.205010223388671875e+01,3.599999999999999867e-01,0.000000000000000000e+00
6.147690395295783983e-01,3.632974386215209961e+00,1.176615905761718750e+01,3.599999999999999867e-01,3.700000000000000000e+05
6.155968648982848013e-01,3.992974281311035156e+00,1.253818130493164062e+01,3.599999999999999867e-01,0.000000000000000000e+00
6.156536535335387361e-01,3.992974281311035156e+00,1.225423812866210938e+01,3.599999999999999867e-01,3.700000000000000000e+05
6.164814789022451391e-01,3.632974386215209961e+00,1.148221588134765625e+01,3.599999999999999867e-01,0.000000000000000000e+00
6.165839633737461023e-01,3.531193971633911133e+00,1.098000335693359375e+01,3.599999999999999867e-01,3.700000000000000000e+05
6.176458315165005430e-01,3.992974281311035156e+00,1.197029113769531250e+01,3.599999999999999867e-01,0.000000000000000000e+00
6.177026201517544779e-01,3.992974281311035156e+00,1.168634796142578125e+01,3.599999999999999867e-01,3.700000000000000000e+05
6.185304455204608809e-01,3.632974386215209961e+00,1.091432571411132812e+01,3.599999999999999867e-01,0.000000000000000000e+00
6.185872341557148157e-01,3.632974386215209961e+00,1.063038253784179688e+01,3.599999999999999867e-01,3.700000000000000000e+05
6.194150595244212187e-01,3.992974281311035156e+00,1.140240478515625000e+01,3.599999999999999867e-01,0.000000000000000000e+00
6.194391979400282189e-01,4.096280813217163086e+00,1.134000015258789062e+01,3.599999999999999867e-01,3.700000000000000000e+05
6.205045756257671075e-01,3.632974386215209961e+00,1.034643936157226562e+01,3.599999999999999867e-01,0.000000000000000000e+00
6.205613650239604207e-01,3.632974386215209961e+00,1.006249237060546875e+01,3.599999999999999867e-01,3.700000000000000000e+05
6.213891903926668236e-01,3.992974281311035156e+00,1.083451461791992188e+01,3.599999999999999867e-01,0.000000000000000000e+00
6.214459790279207585e-01,3.992974281311035156e+00,1.055057144165039062e+01,3.599999999999999867e-01,3.700000000000000000e+05
6.222738043966271615e-01,3.632974386215209961e+00,9.778549194335937500e+00,3.599999999999999867e-01,0.000000000000000000e+00
6.224035570499880654e-01,3.472283363342285156e+00,9.150001525878906250e+00,3.599999999999999867e-01,3.700000000000000000e+05
6.236008952422914531e-01,3.992974281311035156e+00,1.026662826538085938e+01,3.599999999999999867e-01,0.000000000000000000e+00
6.236576838775453879e-01,3.992974281311035156e+00,9.982685089111328125e+00,3.599999999999999867e-01,3.700000000000000000e+05
6.245505549165946135e-01,3.604688405990600586e+00,9.150001525878906250e+00,3.599999999999999867e-01,0.000000000000000000e+00
6.245955689541203837e-01,3.632974386215209961e+00,8.926715850830078125e+00,3.599999999999999867e-01,3.700000000000000000e+05
6.254233943228267867e-01,3.992974281311035156e+00,9.698738098144531250e+00,3.599999999999999867e-01,0.000000000000000000e+00
6.254621717596599018e-01,4.037369966506958008e+00,9.510002136230468750e+00,3.599999999999999867e-01,3.700000000000000000e+05
6.263920860176361849e-01,3.632974386215209961e+00,8.642772674560546875e+00,3.599999999999999867e-01,0.000000000000000000e+00
6.264488746528901197e-01,3.632974386215209961e+00,8.358829498291015625e+00,3.599999999999999867e-01,3.700000000000000000e+05
6.272767000215965227e-01,3.992974281311035156e+00,9.130851745605468750e+00,3.599999999999999867e-01,0.000000000000000000e+00
6.273334894197898359e-01,3.992974281311035156e+00,8.846904754638671875e+00,3.599999999999999867e-01,3.700000000000000000e+05
6.281613147884962389e-01,3.632974386215209961e+00,8.074882507324218750e+00,3.599999999999999867e-01,0.000000000000000000e+00
6.282181034237501738e-01,3.632974386215209961e+00,7.790939331054687500e+00,3.599999999999999867e-01,3.700000000000000000e+05
6.290459287924565768e-01,3.992974281311035156e+00,8.562961578369140625e+00,3.599999999999999867e-01,0.000000000000000000e+00
6.310297727809435209e-01,5.885323286056518555e+00,1.830000114440917969e+01,3.599999999999999867e-01,3.700000000000000000e+05
6.314157947491385592e-01,6.053194046020507812e+00,1.866000175476074219e+01,3.599999999999999867e-01,0.000000000000000000e+00
6.314422758291937665e-01,6.185599446296691895e+00,1.866000175476074219e+01,3.599999999999999867e-01,3.700000000000000000e+05
6.318282977973888048e-01,6.017728686332702637e+00,1.830000114440917969e+01,3.599999999999999867e-01,0.000000000000000000e+00
6.318547788536021947e-01,6.150133967399597168e+00,1.830000114440917969e+01,3.599999999999999867e-01,3.700000000000000000e+05
6.322408008217972331e-01,6.318004727363586426e+00,1.866000175476074219e+01,3.599999999999999867e-01,0.000000000000000000e+00
6.322672819018524404e-01,6.450410127639770508e+00,1.866000175476074219e+01,3.599999999999999867e-01,3.700000000000000000e+05
6.326533038700474787e-01,6.282539367675781250e+00,1.830000114440917969e+01,3.599999999999999867e-01,0.000000000000000000e+00
6.326797849501026860e-01,6.414944767951965332e+00,1.830000114440917969e+01,3.599999999999999867e-01,3.700000000000000000e+05
6.330658068938177507e-01,6.582815468311309814e+00,1.866000175476074219e+01,3.599999999999999867e-01,0.000000000000000000e+00
6.330922879619520494e-01,6.715220808982849121e+00,1.866000175476074219e+01,3.599999999999999867e-01,3.700000000000000000e+05
6.334783099301470877e-01,6.547350049018859863e+00,1.830000114440917969e+01,3.599999999999999867e-01,0.000000000000000000e+00
6.335047909982813863e-01,6.679755389690399170e+00,1.830000114440917969e+01,3.599999999999999867e-01,3.700000000000000000e+05
6.338908129664764246e-01,6.847626149654388428e+00,1.866000175476074219e+01,3.599999999999999867e-01,0.000000000000000000e+00
6.339172940346107232e-01,6.980031490325927734e+00,1.866000175476074219e+01,3.599999999999999867e-01,3.700000000000000000e+05
6.343033160028057615e-01,6.812160730361938477e+00,1.830000114440917969e+01,3.599999999999999867e-01,0.000000000000000000e+00
6.343297970828609689e-01,6.944566130638122559e+00,1.830000114440917969e+01,3.599999999999999867e-01,3.700000000000000000e+05
6.347158190510560072e-01,7.112436890602111816e+00,1.866000175476074219e+01,3.599999999999999867e-01,0.000000000000000000e+00
6.347423001072693971e-01,7.244842171669006348e+00,1.866000175476074219e+01,3.599999999999999867e-01,3.700000000000000000e+05
6.351283220754644354e-01,7.076971411705017090e+00,1.830000114440917969e+01,3.599999999999999867e-01,0.000000000000000000e+00
6.380136296073516400e-01,4.415435791015625000e-01,5.490001678466796875e+00,3.599999999999999867e-01,3.700000000000000000e+05
6.383996516734670168e-01,6.094145774841308594e-01,5.850002288818359375e+00,3.599999999999999867e-01,0.000000000000000000e+00
6.384261327296804067e-01,7.418198585510253906e-01,5.850002288818359375e+00,3.599999999999999867e-01,3.700000000000000000e+05
6.388121547957957835e-01,5.739488601684570312e-01,5.490001678466796875e+00,3.599999999999999867e-01,0.000000000000000000e+00
6.388386358520091735e-01,7.063541412353515625e-01,5.490001678466796875e+00,3.599999999999999867e-01,3.700000000000000000e+05
6.392246579181245503e-01,8.742251396179199219e-01,5.850002288818359375e+00,3.599999999999999867e-01,0.000000000000000000e+00
6.392511389743379402e-01,1.006630420684814453e+00,5.850002288818359375e+00,3.599999999999999867e-01,3.700000000000000000e+05
6.396371610404533170e-01,8.387594223022460938e-01,5.490001678466796875e+00,3.599999999999999867e-01,0.000000000000000000e+00
6.396636421920340876e-01,9.711651802062988281e-01,5.490001678466796875e+00,3.599999999999999867e-01,3.700000000000000000e+05
6.400496640623090094e-01,1.139035701751708984e+00,5.850002288818359375e+00,3.599999999999999867e-01,0.000000000000000000e+00
6.400761451185223994e-01,1.271440982818603516e+00,5.850002288818359375e+00,3.599999999999999867e-01,3.700000000000000000e+05
6.404621669887973212e-01,1.103570461273193359e+00,5.490001678466796875e+00,3.599999999999999867e-01,0.000000000000000000e+00
6.404886480450107111e-01,1.235975742340087891e+00,5.490001678466796875e+00,3.599999999999999867e-01,3.700000000000000000e+05
6.408746699152856330e-01,1.403846263885498047e+00,5.850002288818359375e+00,3.599999999999999867e-01,0.000000000000000000e+00
6.409011510668664036e-01,1.536252021789550781e+00,5.850002288818359375e+00,3.599999999999999867e-01,3.700000000000000000e+05
6.412871731329817804e-01,1.368381023406982422e+00,5.490001678466796875e+00,3.599999999999999867e-01,0.000000000000000000e+00
6.413136541891951703e-01,1.500786304473876953e+00,5.490001678466796875e+00,3.599999999999999867e-01,3.700000000000000000e+05
6.416996762553105471e-01,1.668657302856445312e+00,5.850002288818359375e+00,3.599999999999999867e-01,0.000000000000000000e+00
6.417261573115239370e-01,1.801062583923339844e+00,5.850002288818359375e+00,3.599999999999999867e-01,3.700000000000000000e+05
6.421121793776393138e-01,1.633191585540771484e+00,5.490001678466796875e+00,3.599999999999999867e-01,0.000000000000000000e+00
6.428019019379586085e-01,2.162974357604980469e+00,8.897678375244140625e+00,3.599999999999999867e-01,3.700000000000000000e+05
6.436297274045853500e-01,1.802974224090576172e+00,8.125656127929687500e+00,3.599999999999999867e-01,0.000000000000000000e+00
6.436865168027786632e-01,1.802974224090576172e+00,7.841709136962890625e+00,3.599999999999999867e-01,3.700000000000000000e+05
6.445143456292605766e-01,2.162974357604980469e+00,8.613735198974609375e+00,3.599999999999999867e-01,0.000000000000000000e+00
6.445711350274538898e-01,2.162974357604980469e+00,8.329788208007812500e+00,3.599999999999999867e-01,3.700000000000000000e+05
6.456539093812586616e-01,1.692102432250976562e+00,7.320003509521484375e+00,3.599999999999999867e-01,0.000000000000000000e+00
6.456779303833994899e-01,1.802974224090576172e+00,7.273822784423828125e+00,3.599999999999999867e-01,3.700000000000000000e+05
6.465057558500262314e-01,2.162974357604980469e+00,8.045845031738281250e+00,3.599999999999999867e-01,0.000000000000000000e+00
6.465625444852801662e-01,2.162974357604980469e+00,7.761901855468750000e+00,3.599999999999999867e-01,3.700000000000000000e+05
6.473903699519069077e-01,1.802974224090576172e+00,6.989879608154296875e+00,3.599999999999999867e-01,0.000000000000000000e+00
6.474471593501002209e-01,1.802974224090576172e+00,6.705932617187500000e+00,3.599999999999999867e-01,3.700000000000000000e+05
6.484916342825625124e-01,2.257189273834228516e+00,7.680000305175781250e+00,3.599999999999999867e-01,0.000000000000000000e+00
6.485181154341432830e-01,2.389595031738281250e+00,7.680000305175781250e+00,3.599999999999999867e-01,3.700000000000000000e+05
6.489041341404075958e-01,2.221724033355712891e+00,7.320003509521484375e+00,3.599999999999999867e-01,0.000000000000000000e+00
6.489306151966209857e-01,2.354129314422607422e+00,7.320003509521484375e+00,3.599999999999999867e-01,3.700000000000000000e+05
6.493166339028852985e-01,2.522000312805175781e+00,7.680000305175781250e+00,3.599999999999999867e-01,0.000000000000000000e+00
6.493431149590986884e-01,2.654405593872070312e+00,7.680000305175781250e+00,3.599999999999999867e-01,3.700000000000000000e+05
6.497291336653630012e-01,2.486534595489501953e+00,7.320003509521484375e+00,3.599999999999999867e-01,0.000000000000000000e+00
6.497556148169437717e-01,2.618940353393554688e+00,7.320003509521484375e+00,3.599999999999999867e-01,3.700000000000000000e+05
6.501416333273659642e-01,2.786810874938964844e+00,7.680000305175781250e+00,3.599999999999999867e-01,0.000000000000000000e+00
6.501681143835793542e-01,2.919216156005859375e+00,7.680000305175781250e+00,3.599999999999999867e-01,3.700000000000000000e+05
6.505541328940015466e-01,2.751345634460449219e+00,7.320003509521484375e+00,3.599999999999999867e-01,0.000000000000000000e+00
6.505806139502149366e-01,2.883750915527343750e+00,7.320003509521484375e+00,3.599999999999999867e-01,3.700000000000000000e+05
6.509666324606371290e-01,3.051621437072753906e+00,7.680000305175781250e+00,3.599999999999999867e-01,0.000000000000000000e+00
6.509931135168505190e-01,3.184026718139648438e+00,7.680000305175781250e+00,3.599999999999999867e-01,3.700000000000000000e+05
6.513791320272727114e-01,3.016156196594238281e+00,7.320003509521484375e+00,3.599999999999999867e-01,0.000000000000000000e+00
6.514056130834861014e-01,3.148561477661132812e+00,7.320003509521484375e+00,3.599999999999999867e-01,3.700000000000000000e+05
6.517916317897504141e-01,3.316432476043701172e+00,7.680000305175781250e+00,3.599999999999999867e-01,0.000000000000000000e+00
6.518181128459638041e-01,3.448837757110595703e+00,7.680000305175781250e+00,3.599999999999999867e-01,3.700000000000000000e+05
6.522041315522281169e-01,3.280966758728027344e+00,7.320003509521484375e+00,3.599999999999999867e-01,0.000000000000000000e+00
6.522306126084415068e-01,3.413372039794921875e+00,7.320003509521484375e+00,3.599999999999999867e-01,3.700000000000000000e+05
6.526166313147058196e-01,3.581243038177490234e+00,7.680000305175781250e+00,3.599999999999999867e-01,0.000000000000000000e+00
6.527620060438734662e-01,3.992974281311035156e+00,8.279018402099609375e+00,3.599999999999999867e-01,3.700000000000000000e+05
6.537903405106845200e-01,3.545777559280395508e+00,7.320003509521484375e+00,3.599999999999999867e-01,0.000000000000000000e+00
6.538164193849622663e-01,3.632974386215209961e+00,7.223052978515625000e+00,3.599999999999999867e-01,3.700000000000000000e+05
6.546442447536686693e-01,3.992974281311035156e+00,7.995075225830078125e+00,3.599999999999999867e-01,0.000000000000000000e+00
6.547010341518619825e-01,3.992974281311035156e+00,7.711128234863281250e+00,3.599999999999999867e-01,3.700000000000000000e+05
6.555288595205683855e-01,3.632974386215209961e+00,6.939105987548828125e+00,3.599999999999999867e-01,0.000000000000000000e+00
6.555856481558223203e-01,3.632974386215209961e+00,6.655162811279296875e+00,3.599999999999999867e-01,3.700000000000000000e+05
6.566845628773573251e-01,4.110864400863647461e+00,7.680000305175781250e+00,3.599999999999999867e-01,0.000000000000000000e+00
6.567110439335707150e-01,4.243269681930541992e+00,7.680000305175781250e+00,3.599999999999999867e-01,3.700000000000000000e+05
6.570970625419139122e-01,4.075398921966552734e+00,7.320003509521484375e+00,3.599999999999999867e-01,0.000000000000000000e+00
6.571235436458110479e-01,4.207804441452026367e+00,7.320003509521484375e+00,3.599999999999999867e-01,3.700000000000000000e+05
6.575095622541542451e-01,4.375675201416015625e+00,7.680000305175781250e+00,3.599999999999999867e-01,0.000000000000000000e+00
6.575360433103676350e-01,4.508080482482910156e+00,7.680000305175781250e+00,3.599999999999999867e-01,3.700000000000000000e+05
6.579220619187108321e-01,4.340209722518920898e+00,7.320003509521484375e+00,3.599999999999999867e-01,0.000000000000000000e+00
6.579485429749242220e-01,4.472615003585815430e+00,7.320003509521484375e+00,3.599999999999999867e-01,3.700000000000000000e+05
6.583345615832674191e-01,4.640485763549804688e+00,7.680000305175781250e+00,3.599999999999999867e-01,0.000000000000000000e+00
6.583610426871645549e-01,4.772891283035278320e+00,7.680000305175781250e+00,3.599999999999999867e-01,3.700000000000000000e+05
6.587470612955077520e-01,4.605020523071289062e+00,7.320003509521484375e+00,3.599999999999999867e-01,0.000000000000000000e+00
6.587735423517211419e-01,4.737425804138183594e+00,7.320003509521484375e+00,3.599999999999999867e-01,3.700000000000000000e+05
6.591595609600643391e-01,4.905296564102172852e+00,7.680000305175781250e+00,3.599999999999999867e-01,0.000000000000000000e+00
6.591860420162777290e-01,5.037701845169067383e+00,7.680000305175781250e+00,3.599999999999999867e-01,3.700000000000000000e+05
6.595720606246209261e-01,4.869831085205078125e+00,7.320003509521484375e+00,3.599999999999999867e-01,0.000000000000000000e+00
6.595985416808343160e-01,5.002236366271972656e+00,7.320003509521484375e+00,3.599999999999999867e-01,3.700000000000000000e+05
6.599845602891775131e-01,5.170107126235961914e+00,7.680000305175781250e+00,3.599999999999999867e-01,0.000000000000000000e+00
6.600110413930746489e-01,5.302512645721435547e+00,7.680000305175781250e+00,3.599999999999999867e-01,3.700000000000000000e+05
6.603970600014178460e-01,5.134641885757446289e+00,7.320003509521484375e+00,3.599999999999999867e-01,0.000000000000000000e+00
6.604235410576312360e-01,5.267047166824340820e+00,7.320003509521484375e+00,3.599999999999999867e-01,3.700000000000000000e+05
6.608095596659744331e-01,5.434917926788330078e+00,7.680000305175781250e+00,3.599999999999999867e-01,0.000000000000000000e+00
6.618687412303880802e-01,4.119726419448852539e+00,1.281000137329101562e+01,3.599999999999999867e-01,3.700000000000000000e+05
6.622547631985831185e-01,4.287597179412841797e+00,1.317000198364257812e+01,3.599999999999999867e-01,0.000000000000000000e+00
6.622812442547965084e-01,4.420002460479736328e+00,1.317000198364257812e+01,3.599999999999999867e-01,3.700000000000000000e+05
6.626672662229915467e-01,4.252131700515747070e+00,1.281000137329101562e+01,3.599999999999999867e-01,0.000000000000000000e+00
6.626937472792049366e-01,4.384536981582641602e+00,1.281000137329101562e+01,3.599999999999999867e-01,3.700000000000000000e+05
6.630797692473999749e-01,4.552407741546630859e+00,1.317000198364257812e+01,3.599999999999999867e-01,0.000000000000000000e+00
6.631062503036133648e-01,4.684813022613525391e+00,1.317000198364257812e+01,3.599999999999999867e-01,3.700000000000000000e+05
6.634922721738882867e-01,4.516942501068115234e+00,1.281000137329101562e+01,3.599999999999999867e-01,0.000000000000000000e+00
6.635187532301016766e-01,4.649347782135009766e+00,1.281000137329101562e+01,3.599999999999999867e-01,3.700000000000000000e+05
6.639047751982967149e-01,4.817218542098999023e+00,1.317000198364257812e+01,3.599999999999999867e-01,0.000000000000000000e+00
6.639312562545101049e-01,4.949623823165893555e+00,1.317000198364257812e+01,3.599999999999999867e-01,3.700000000000000000e+05
6.643172782227051432e-01,4.781753063201904297e+00,1.281000137329101562e+01,3.599999999999999867e-01,0.000000000000000000e+00
6.643437592789185331e-01,4.914158344268798828e+00,1.281000137329101562e+01,3.599999999999999867e-01,3.700000000000000000e+05
6.647297812471135714e-01,5.082029104232788086e+00,1.317000198364257812e+01,3.599999999999999867e-01,0.000000000000000000e+00
6.647562623510107072e-01,5.214434623718261719e+00,1.317000198364257812e+01,3.599999999999999867e-01,3.700000000000000000e+05
6.651422843192057455e-01,5.046563863754272461e+00,1.281000137329101562e+01,3.599999999999999867e-01,0.000000000000000000e+00
6.651687653754191354e-01,5.178969144821166992e+00,1.281000137329101562e+01,3.599999999999999867e-01,3.700000000000000000e+05
6.655547873436141737e-01,5.346839904785156250e+00,1.317000198364257812e+01,3.599999999999999867e-01,0.000000000000000000e+00
6.662217201638042097e-01,5.826412320137023926e+00,1.647000122070312500e+01,3.599999999999999867e-01,3.700000000000000000e+05
6.666077421319992480e-01,5.994283080101013184e+00,1.683000183105468750e+01,3.599999999999999867e-01,0.000000000000000000e+00
6.666342232120544553e-01,6.126688480377197266e+00,1.683000183105468750e+01,3.599999999999999867e-01,3.700000000000000000e+05
6.670202451802494936e-01,5.958817720413208008e+00,1.647000122070312500e+01,3.599999999999999867e-01,0.000000000000000000e+00
6.670467262603047010e-01,6.091223120689392090e+00,1.647000122070312500e+01,3.599999999999999867e-01,3.700000000000000000e+05
6.674327482284997393e-01,6.259093880653381348e+00,1.683000183105468750e+01,3.599999999999999867e-01,0.000000000000000000e+00
6.674592292847131292e-01,6.391499161720275879e+00,1.683000183105468750e+01,3.599999999999999867e-01,3.700000000000000000e+05
6.678452512529081675e-01,6.223628401756286621e+00,1.647000122070312500e+01,3.599999999999999867e-01,0.000000000000000000e+00
6.678717323329633748e-01,6.356033802032470703e+00,1.647000122070312500e+01,3.599999999999999867e-01,3.700000000000000000e+05
6.682577543011584131e-01,6.523904561996459961e+00,1.683000183105468750e+01,3.599999999999999867e-01,0.000000000000000000e+00
6.682842353692927118e-01,6.656309902667999268e+00,1.683000183105468750e+01,3.599999999999999867e-01,3.700000000000000000e+05
6.686702573374877501e-01,6.488439142704010010e+00,1.647000122070312500e+01,3.599999999999999867e-01,0.000000000000000000e+00
6.686967384056220487e-01,6.620844483375549316e+00,1.647000122070312500e+01,3.599999999999999867e-01,3.700000000000000000e+05
6.690827603738170870e-01,6.788715243339538574e+00,1.683000183105468750e+01,3.599999999999999867e-01,0.000000000000000000e+00
6.691092414419513856e-01,6.921120584011077881e+00,1.683000183105468750e+01,3.599999999999999867e-01,3.700000000000000000e+05
6.694952634101464239e-01,6.753249824047088623e+00,1.647000122070312500e+01,3.599999999999999867e-01,0.000000000000000000e+00
6.695217444902016313e-01,6.885655224323272705e+00,1.647000122070312500e+01,3.599999999999999867e-01,3.700000000000000000e+05
6.699077664583966696e-01,7.053525984287261963e+00,1.683000183105468750e+01,3.599999999999999867e-01,0.000000000000000000e+00
6.699342475146100595e-01,7.185931265354156494e+00,1.683000183105468750e+01,3.599999999999999867e-01,3.700000000000000000e+05
6.703202694828050978e-01,7.018060505390167236e+00,1.647000122070312500e+01,3.599999999999999867e-01,0.000000000000000000e+00
6.710579077843354945e-01,7.652974307537078857e+00,2.010313224792480469e+01,3.599999999999999867e-01,3.700000000000000000e+05
6.718857332020020667e-01,7.292974293231964111e+00,1.933111000061035156e+01,3.599999999999999867e-01,0.000000000000000000e+00
6.719425222187257463e-01,7.292974293231964111e+00,1.904716491699218750e+01,3.599999999999999867e-01,3.700000000000000000e+05
6.727703493163196269e-01,7.652974307537078857e+00,1.981918907165527344e+01,3.599999999999999867e-01,0.000000000000000000e+00
6.728271383330433064e-01,7.652974307537078857e+00,1.953524398803710938e+01,3.599999999999999867e-01,3.700000000000000000e+05
6.736549637507098787e-01,7.292974293231964111e+00,1.876322174072265625e+01,3.599999999999999867e-01,0.000000000000000000e+00
6.737491044676613416e-01,7.209376782178878784e+00,1.830000114440917969e+01,3.599999999999999867e-01,3.700000000000000000e+05
6.747691637317689839e-01,7.652974307537078857e+00,1.925129890441894531e+01,3.599999999999999867e-01,0.000000000000000000e+00
6.748259523670229187e-01,7.652974307537078857e+00,1.896735572814941406e+01,3.599999999999999867e-01,3.700000000000000000e+05
6.756537777846894910e-01,7.292974293231964111e+00,1.819533348083496094e+01,3.599999999999999867e-01,0.000000000000000000e+00
6.757105668014131705e-01,7.292974293231964111e+00,1.791138839721679688e+01,3.599999999999999867e-01,3.700000000000000000e+05
6.765383922190797428e-01,7.652974307537078857e+00,1.868341064453125000e+01,3.599999999999999867e-01,0.000000000000000000e+00
6.765631370147635604e-01,7.774463593959808350e+00,1.866000175476074219e+01,3.599999999999999867e-01,3.700000000000000000e+05
6.776703286556490236e-01,7.292974293231964111e+00,1.762744522094726562e+01,3.599999999999999867e-01,0.000000000000000000e+00
6.777271176723727031e-01,7.292974293231964111e+00,1.734350013732910156e+01,3.599999999999999867e-01,3.700000000000000000e+05
6.785549430900392753e-01,7.652974307537078857e+00,1.811552238464355469e+01,3.599999999999999867e-01,0.000000000000000000e+00
6.786117317252932102e-01,7.652974307537078857e+00,1.783157920837402344e+01,3.599999999999999867e-01,3.700000000000000000e+05
6.794395571429597824e-01,7.292974293231964111e+00,1.705955696105957031e+01,3.599999999999999867e-01,0.000000000000000000e+00
6.795608641273446215e-01,7.150465905666351318e+00,1.647000122070312500e+01,3.599999999999999867e-01,3.700000000000000000e+05
6.807163901913082515e-01,7.652974307537078857e+00,1.754763412475585938e+01,3.599999999999999867e-01,0.000000000000000000e+00
6.807731788265621864e-01,7.652974307537078857e+00,1.726369094848632812e+01,3.599999999999999867e-01,3.700000000000000000e+05
6.816242376148712312e-01,7.282871246337890625e+00,1.647000122070312500e+01,3.599999999999999867e-01,0.000000000000000000e+00
6.816767320384494733e-01,7.292974293231964111e+00,1.620772361755371094e+01,3.599999999999999867e-01,3.700000000000000000e+05
6.825045574561160455e-01,7.652974307537078857e+00,1.697974586486816406e+01,3.599999999999999867e-01,0.000000000000000000e+00
6.825370162480342007e-01,7.715552687644958496e+00,1.683000183105468750e+01,3.599999999999999867e-01,3.700000000000000000e+05
6.835087410768235783e-01,7.292974293231964111e+00,1.592378044128417969e+01,3.599999999999999867e-01,0.000000000000000000e+00
6.835655300935472578e-01,7.292974293231964111e+00,1.563983535766601562e+01,3.599999999999999867e-01,3.700000000000000000e+05
6.843933555112138301e-01,7.652974307537078857e+00,1.641185760498046875e+01,3.599999999999999867e-01,0.000000000000000000e+00
6.844501441464677649e-01,7.652974307537078857e+00,1.612791442871093750e+01,3.599999999999999867e-01,3.700000000000000000e+05
6.852779695641343372e-01,7.292974293231964111e+00,1.535589218139648438e+01,3.599999999999999867e-01,0.000000000000000000e+00
6.853347581993882720e-01,7.292974293231964111e+00,1.507194900512695312e+01,3.599999999999999867e-01,3.700000000000000000e+05
6.861625819371283130e-01,7.652974307537078857e+00,1.584396934509277344e+01,3.599999999999999867e-01,0.000000000000000000e+00
6.862193705723822479e-01,7.652974307537078857e+00,1.556002616882324219e+01,3.599999999999999867e-01,3.700000000000000000e+05
6.872058945051002787e-01,7.223960310220718384e+00,1.464000320434570312e+01,3.599999999999999867e-01,0.000000000000000000e+00
6.872363863404808981e-01,7.292974293231964111e+00,1.450405883789062500e+01,3.599999999999999867e-01,3.700000000000000000e+05
6.880642117581474704e-01,7.652974307537078857e+00,1.527608108520507812e+01,3.599999999999999867e-01,0.000000000000000000e+00
6.881194320839508771e-01,7.656641766428947449e+00,1.500000381469726562e+01,3.599999999999999867e-01,3.700000000000000000e+05
6.889556917744511511e-01,7.292974293231964111e+00,1.422011566162109375e+01,3.599999999999999867e-01,0.000000000000000000e+00
6.890124811726444642e-01,7.292974293231964111e+00,1.393616867065429688e+01,3.599999999999999867e-01,3.700000000000000000e+05
6.901532115047744886e-01,7.789047122001647949e+00,1.500000381469726562e+01,3.599999999999999867e-01,0.000000000000000000e+00
6.901796925788692416e-01,7.921452492475509644e+00,1.500000381469726562e+01,3.599999999999999867e-01,3.700000000000000000e+05
6.905657145470642799e-01,7.753581732511520386e+00,1.464000320434570312e+01,3.599999999999999867e-01,0.000000000000000000e+00
6.905921956151985786e-01,7.885987073183059692e+00,1.464000320434570312e+01,3.599999999999999867e-01,3.700000000000000000e+05
6.909782175711536301e-01,8.053857803344726562e+00,1.500000381469726562e+01,3.599999999999999867e-01,0.000000000000000000e+00
6.910046986512088374e-01,8.186263203620910645e+00,1.500000381469726562e+01,3.599999999999999867e-01,3.700000000000000000e+05
6.913907206438839603e-01,8.018392384052276611e+00,1.464000320434570312e+01,3.599999999999999867e-01,0.000000000000000000e+00
6.914172017239391677e-01,8.150797784328460693e+00,1.464000320434570312e+01,3.599999999999999867e-01,3.700000000000000000e+05
6.918032236921342060e-01,8.318668544292449951e+00,1.500000381469726562e+01,3.599999999999999867e-01,0.000000000000000000e+00
6.918297047602685046e-01,8.451073884963989258e+00,1.500000381469726562e+01,3.599999999999999867e-01,3.700000000000000000e+05
6.922157267284635429e-01,8.283203125000000000e+00,1.464000320434570312e+01,3.599999999999999867e-01,0.000000000000000000e+00
6.922422077965978415e-01,8.415608465671539307e+00,1.464000320434570312e+01,3.599999999999999867e-01,3.700000000000000000e+05
6.926282297403129062e-01,8.583479166030883789e+00,1.500000381469726562e+01,3.599999999999999867e-01,0.000000000000000000e+00
6.926547108203681136e-01,8.715884566307067871e+00,1.500000381469726562e+01,3.599999999999999867e-01,3.700000000000000000e+05
6.930407327885631519e-01,8.548013806343078613e+00,1.464000320434570312e+01,3.599999999999999867e-01,0.000000000000000000e+00
6.930672138447765418e-01,8.680419087409973145e+00,1.464000320434570312e+01,3.599999999999999867e-01,3.700000000000000000e+05
6.934532358129715801e-01,8.848289847373962402e+00,1.500000381469726562e+01,3.599999999999999867e-01,0.000000000000000000e+00
6.934797168930267874e-01,8.980695247650146484e+00,1.500000381469726562e+01,3.599999999999999867e-01,3.700000000000000000e+05
6.938657388612218258e-01,8.812824487686157227e+00,1.464000320434570312e+01,3.599999999999999867e-01,0.000000000000000000e+00
6.938922199174352157e-01,8.945229768753051758e+00,1.464000320434570312e+01,3.599999999999999867e-01,3.700000000000000000e+05
6.942782418856302540e-01,9.113100528717041016e+00,1.500000381469726562e+01,3.599999999999999867e-01,0.000000000000000000e+00
6.971405253894318310e-01,3.826327323913574219e-01,3.660003662109375000e+00,3.599999999999999867e-01,3.700000000000000000e+05
6.975265438998540235e-01,5.505032539367675781e-01,4.020000457763671875e+00,3.599999999999999867e-01,0.000000000000000000e+00
6.975530250514347941e-01,6.829090118408203125e-01,4.020000457763671875e+00,3.599999999999999867e-01,3.700000000000000000e+05
6.979390437576991069e-01,5.150380134582519531e-01,3.660003662109375000e+00,3.599999999999999867e-01,0.000000000000000000e+00
6.979655248139124968e-01,6.474432945251464844e-01,3.660003662109375000e+00,3.599999999999999867e-01,3.700000000000000000e+05
6.983515435201768096e-01,8.153142929077148438e-01,4.020000457763671875e+00,3.599999999999999867e-01,0.000000000000000000e+00
6.983780245763901995e-01,9.477195739746093750e-01,4.020000457763671875e+00,3.599999999999999867e-01,3.700000000000000000e+05
6.987640432826545123e-01,7.798485755920410156e-01,3.660003662109375000e+00,3.599999999999999867e-01,0.000000000000000000e+00
6.987905244342352828e-01,9.122543334960937500e-01,3.660003662109375000e+00,3.599999999999999867e-01,3.700000000000000000e+05
6.991765429446574753e-01,1.080124855041503906e+00,4.020000457763671875e+00,3.599999999999999867e-01,0.000000000000000000e+00
6.992030240008708653e-01,1.212530136108398438e+00,4.020000457763671875e+00,3.599999999999999867e-01,3.700000000000000000e+05
6.995890425112930577e-01,1.044659614562988281e+00,3.660003662109375000e+00,3.599999999999999867e-01,0.000000000000000000e+00
6.996155235675064477e-01,1.177064895629882812e+00,3.660003662109375000e+00,3.599999999999999867e-01,3.700000000000000000e+05
7.000015420779286401e-01,1.344935417175292969e+00,4.020000457763671875e+00,3.599999999999999867e-01,0.000000000000000000e+00
7.000280231341420301e-01,1.477340698242187500e+00,4.020000457763671875e+00,3.599999999999999867e-01,3.700000000000000000e+05
7.004140416445642225e-01,1.309470176696777344e+00,3.660003662109375000e+00,3.599999999999999867e-01,0.000000000000000000e+00
7.004405227007776125e-01,1.441875457763671875e+00,3.660003662109375000e+00,3.599999999999999867e-01,3.700000000000000000e+05
7.008265414070419252e-01,1.609746456146240234e+00,4.020000457763671875e+00,3.599999999999999867e-01,0.000000000000000000e+00
7.008530224632553152e-01,1.742151737213134766e+00,4.020000457763671875e+00,3.599999999999999867e-01,3.700000000000000000e+05
7.012390411695196279e-01,1.574280738830566406e+00,3.660003662109375000e+00,3.599999999999999867e-01,0.000000000000000000e+00
7.019555821077915203e-01,2.162974357604980469e+00,7.194011688232421875e+00,3.599999999999999867e-01,3.700000000000000000e+05
7.027834075744182618e-01,1.802974224090576172e+00,6.421989440917968750e+00,3.599999999999999867e-01,0.000000000000000000e+00
7.028401962096721967e-01,1.802974224090576172e+00,6.138046264648437500e+00,3.599999999999999867e-01,3.700000000000000000e+05
7.036680216762989382e-01,2.162974357604980469e+00,6.910068511962890625e+00,3.599999999999999867e-01,0.000000000000000000e+00
7.037248103115528730e-01,2.162974357604980469e+00,6.626125335693359375e+00,3.599999999999999867e-01,3.700000000000000000e+05
7.045526357781796145e-01,1.802974224090576172e+00,5.854103088378906250e+00,3.599999999999999867e-01,0.000000000000000000e+00
7.046258387572316151e-01,1.765596866607666016e+00,5.490001678466796875e+00,3.599999999999999867e-01,3.700000000000000000e+05
7.055396126474772212e-01,2.162974357604980469e+00,6.342178344726562500e+00,3.599999999999999867e-01,0.000000000000000000e+00
7.055964012827311560e-01,2.162974357604980469e+00,6.058235168457031250e+00,3.599999999999999867e-01,3.700000000000000000e+05
7.064242267493578975e-01,1.802974224090576172e+00,5.286212921142578125e+00,3.599999999999999867e-01,0.000000000000000000e+00
7.064810153846118324e-01,1.802974224090576172e+00,5.002269744873046875e+00,3.599999999999999867e-01,3.700000000000000000e+05
7.073900235294581229e-01,2.198278427124023438e+00,5.850002288818359375e+00,3.599999999999999867e-01,0.000000000000000000e+00
7.074165045856715128e-01,2.330683708190917969e+00,5.850002288818359375e+00,3.599999999999999867e-01,3.700000000000000000e+05
7.086299799816925260e-01,1.802974224090576172e+00,4.718326568603515625e+00,3.599999999999999867e-01,0.000000000000000000e+00
7.086867693798858392e-01,1.802974224090576172e+00,4.434379577636718750e+00,3.599999999999999867e-01,3.700000000000000000e+05
7.095145948465125807e-01,2.162974357604980469e+00,5.206401824951171875e+00,3.599999999999999867e-01,0.000000000000000000e+00
7.095713834817665155e-01,2.162974357604980469e+00,4.922458648681640625e+00,3.599999999999999867e-01,3.700000000000000000e+05
7.103992089483932570e-01,1.802974224090576172e+00,4.150436401367187500e+00,3.599999999999999867e-01,0.000000000000000000e+00
7.104991680780418095e-01,1.706686019897460938e+00,3.660003662109375000e+00,3.599999999999999867e-01,3.700000000000000000e+05
7.115484087559033055e-01,2.162974357604980469e+00,4.638515472412109375e+00,3.599999999999999867e-01,0.000000000000000000e+00
7.116051973911572404e-01,2.162974357604980469e+00,4.354572296142578125e+00,3.599999999999999867e-01,3.700000000000000000e+05
7.124330262176391537e-01,1.802974224090576172e+00,3.582546234130859375e+00,3.599999999999999867e-01,0.000000000000000000e+00
7.124898148528930886e-01,1.802974224090576172e+00,3.298603057861328125e+00,3.599999999999999867e-01,3.700000000000000000e+05
7.133176403195198301e-01,2.162974357604980469e+00,4.070625305175781250e+00,3.599999999999999867e-01,0.000000000000000000e+00
7.133416403108707726e-01,2.271772861480712891e+00,4.020000457763671875e+00,3.599999999999999867e-01,3.700000000000000000e+05
7.144196489192758959e-01,1.802974224090576172e+00,3.014659881591796875e+00,3.599999999999999867e-01,0.000000000000000000e+00
7.144764375545298307e-01,1.802974224090576172e+00,2.730716705322265625e+00,3.599999999999999867e-01,3.700000000000000000e+05
7.153042630211565722e-01,2.162974357604980469e+00,3.502738952636718750e+00,3.599999999999999867e-01,0.000000000000000000e+00
7.153610524193498854e-01,2.162974357604980469e+00,3.218791961669921875e+00,3.599999999999999867e-01,3.700000000000000000e+05
7.161888778859766269e-01,1.802974224090576172e+00,2.446769714355468750e+00,3.599999999999999867e-01,0.000000000000000000e+00
7.163160768430907321e-01,1.647775173187255859e+00,1.830001831054687500e+00,3.599999999999999867e-01,3.700000000000000000e+05
7.175007843085681181e-01,2.162974357604980469e+00,2.934848785400390625e+00,3.599999999999999867e-01,0.000000000000000000e+00
7.175575729438220529e-01,2.162974357604980469e+00,2.650905609130859375e+00,3.599999999999999867e-01,3.700000000000000000e+05
7.184378131581246052e-01,1.780180454254150391e+00,1.830001831054687500e+00,3.599999999999999867e-01,0.000000000000000000e+00
7.184850459997211836e-01,1.802974224090576172e+00,1.594940185546875000e+00,3.599999999999999867e-01,3.700000000000000000e+05
7.193128714663479251e-01,2.162974357604980469e+00,2.366962432861328125e+00,3.599999999999999867e-01,0.000000000000000000e+00
7.193496429862584751e-01,2.212862014770507812e+00,2.190002441406250000e+00,3.599999999999999867e-01,3.700000000000000000e+05
7.202921881669018811e-01,1.802974224090576172e+00,1.310993194580078125e+00,3.599999999999999867e-01,0.000000000000000000e+00
7.203489768021558159e-01,1.802974224090576172e+00,1.027050018310546875e+00,3.599999999999999867e-01,3.700000000000000000e+05
7.211768022687825574e-01,2.162974357604980469e+00,1.799072265625000000e+00,3.599999999999999867e-01,0.000000000000000000e+00
7.212335909040364923e-01,2.162974357604980469e+00,1.515129089355468750e+00,3.599999999999999867e-01,3.700000000000000000e+05
7.220614163706632338e-01,1.802974224090576172e+00,7.431068420410156250e-01,3.599999999999999867e-01,0.000000000000000000e+00
7.221182050059171686e-01,1.802974224090576172e+00,4.591636657714843750e-01,3.599999999999999867e-01,3.700000000000000000e+05
7.229460304725439102e-01,2.162974357604980469e+00,1.231185913085937500e+00,3.599999999999999867e-01,0.000000000000000000e+00
7.249323964199601011e-01,4.060815334320068359e+00,1.098000335693359375e+01,3.599999999999999867e-01,3.700000000000000000e+05
7.253184150283032983e-01,4.228686094284057617e+00,1.134000015258789062e+01,3.599999999999999867e-01,0.000000000000000000e+00
7.253448961322004340e-01,4.361091613769531250e+00,1.134000015258789062e+01,3.599999999999999867e-01,3.700000000000000000e+05
7.257309147405436311e-01,4.193220853805541992e+00,1.098000335693359375e+01,3.599999999999999867e-01,0.000000000000000000e+00
7.257573957967570211e-01,4.325626134872436523e+00,1.098000335693359375e+01,3.599999999999999867e-01,3.700000000000000000e+05
7.261434144051002182e-01,4.493496894836425781e+00,1.134000015258789062e+01,3.599999999999999867e-01,0.000000000000000000e+00
7.261698954613136081e-01,4.625902175903320312e+00,1.134000015258789062e+01,3.599999999999999867e-01,3.700000000000000000e+05
7.265559140696568052e-01,4.458031415939331055e+00,1.098000335693359375e+01,3.599999999999999867e-01,0.000000000000000000e+00
7.265823951735539410e-01,4.590436935424804688e+00,1.098000335693359375e+01,3.599999999999999867e-01,3.700000000000000000e+05
7.269684137818971381e-01,4.758307695388793945e+00,1.134000015258789062e+01,3.599999999999999867e-01,0.000000000000000000e+00
7.269948948381105280e-01,4.890712976455688477e+00,1.134000015258789062e+01,3.599999999999999867e-01,3.700000000000000000e+05
7.273809134464537252e-01,4.722842216491699219e+00,1.098000335693359375e+01,3.599999999999999867e-01,0.000000000000000000e+00
7.274073945026671151e-01,4.855247497558593750e+00,1.098000335693359375e+01,3.599999999999999867e-01,3.700000000000000000e+05
7.277934131110103122e-01,5.023118257522583008e+00,1.134000015258789062e+01,3.599999999999999867e-01,0.000000000000000000e+00
7.278198941672237021e-01,5.155523538589477539e+00,1.134000015258789062e+01,3.599999999999999867e-01,3.700000000000000000e+05
7.282059127755668992e-01,4.987652778625488281e+00,1.098000335693359375e+01,3.599999999999999867e-01,0.000000000000000000e+00
7.282323938794640350e-01,5.120058298110961914e+00,1.098000335693359375e+01,3.599999999999999867e-01,3.700000000000000000e+05
7.286184124878072321e-01,5.287929058074951172e+00,1.134000015258789062e+01,3.599999999999999867e-01,0.000000000000000000e+00
7.286448935440206220e-01,5.420334339141845703e+00,1.134000015258789062e+01,3.599999999999999867e-01,3.700000000000000000e+05
7.290309121523638192e-01,5.252463579177856445e+00,1.098000335693359375e+01,3.599999999999999867e-01,0.000000000000000000e+00
7.297391672862832968e-01,5.822974324226379395e+00,1.447502136230468750e+01,3.599999999999999867e-01,3.700000000000000000e+05
7.305669960638051519e-01,5.462974309921264648e+00,1.370299530029296875e+01,3.599999999999999867e-01,0.000000000000000000e+00
7.306237846990590867e-01,5.462974309921264648e+00,1.341905212402343750e+01,3.599999999999999867e-01,3.700000000000000000e+05
7.314516101167256590e-01,5.822974324226379395e+00,1.419107437133789062e+01,3.599999999999999867e-01,0.000000000000000000e+00
7.315083987519795938e-01,5.822974324226379395e+00,1.390713119506835938e+01,3.599999999999999867e-01,3.700000000000000000e+05
7.326848309780333857e-01,5.311374425888061523e+00,1.281000137329101562e+01,3.599999999999999867e-01,0.000000000000000000e+00
7.327113120819305214e-01,5.443779945373535156e+00,1.281000137329101562e+01,3.599999999999999867e-01,3.700000000000000000e+05
7.335832769588895852e-01,5.822974324226379395e+00,1.362318801879882812e+01,3.599999999999999867e-01,0.000000000000000000e+00
7.336400663570828984e-01,5.822974324226379395e+00,1.333924102783203125e+01,3.599999999999999867e-01,3.700000000000000000e+05
7.344678917747494706e-01,5.462974309921264648e+00,1.256721878051757812e+01,3.599999999999999867e-01,0.000000000000000000e+00
7.345246804100034055e-01,5.462974309921264648e+00,1.228327560424804688e+01,3.599999999999999867e-01,3.700000000000000000e+05
7.354755007811096812e-01,5.876461267471313477e+00,1.317000198364257812e+01,3.599999999999999867e-01,0.000000000000000000e+00
7.355019818611648885e-01,6.008866667747497559e+00,1.317000198364257812e+01,3.599999999999999867e-01,3.700000000000000000e+05
7.358880038293599268e-01,5.840995907783508301e+00,1.281000137329101562e+01,3.599999999999999867e-01,0.000000000000000000e+00
7.359144849094151342e-01,5.973401308059692383e+00,1.281000137329101562e+01,3.599999999999999867e-01,3.700000000000000000e+05
7.363005068776101725e-01,6.141272068023681641e+00,1.317000198364257812e+01,3.599999999999999867e-01,0.000000000000000000e+00
7.363269879338235624e-01,6.273677349090576172e+00,1.317000198364257812e+01,3.599999999999999867e-01,3.700000000000000000e+05
7.367130099020186007e-01,6.105806589126586914e+00,1.281000137329101562e+01,3.599999999999999867e-01,0.000000000000000000e+00
7.367394909820738080e-01,6.238211989402770996e+00,1.281000137329101562e+01,3.599999999999999867e-01,3.700000000000000000e+05
7.371255129502688463e-01,6.406082749366760254e+00,1.317000198364257812e+01,3.599999999999999867e-01,0.000000000000000000e+00
7.371519940184031450e-01,6.538488090038299561e+00,1.317000198364257812e+01,3.599999999999999867e-01,3.700000000000000000e+05
7.375380160110782679e-01,6.370617270469665527e+00,1.281000137329101562e+01,3.599999999999999867e-01,0.000000000000000000e+00
7.375644970911334752e-01,6.503022670745849609e+00,1.281000137329101562e+01,3.599999999999999867e-01,3.700000000000000000e+05
7.379505190593285135e-01,6.670893430709838867e+00,1.317000198364257812e+01,3.599999999999999867e-01,0.000000000000000000e+00
7.379770001274628122e-01,6.803298771381378174e+00,1.317000198364257812e+01,3.599999999999999867e-01,3.700000000000000000e+05
7.383630220956578505e-01,6.635428011417388916e+00,1.281000137329101562e+01,3.599999999999999867e-01,0.000000000000000000e+00
7.383895031637921491e-01,6.767833352088928223e+00,1.281000137329101562e+01,3.599999999999999867e-01,3.700000000000000000e+05
7.387755251319871874e-01,6.935704112052917480e+00,1.317000198364257812e+01,3.599999999999999867e-01,0.000000000000000000e+00
7.388020062060819404e-01,7.068109482526779175e+00,1.317000198364257812e+01,3.599999999999999867e-01,3.700000000000000000e+05
7.391880281620369919e-01,6.900238752365112305e+00,1.281000137329101562e+01,3.599999999999999867e-01,0.000000000000000000e+00
7.392145092122899275e-01,7.032644003629684448e+00,1.281000137329101562e+01,3.599999999999999867e-01,3.700000000000000000e+05
7.396005311804849658e-01,7.200514763593673706e+00,1.317000198364257812e+01,3.599999999999999867e-01,0.000000000000000000e+00
7.406321678569474098e-01,7.738998204469680786e+00,1.830000114440917969e+01,3.599999999999999867e-01,3.700000000000000000e+05
7.410181898251424482e-01,7.906868964433670044e+00,1.866000175476074219e+01,3.599999999999999867e-01,0.000000000000000000e+00
7.410446708873162924e-01,8.039274275302886963e+00,1.866000175476074219e+01,3.599999999999999867e-01,3.700000000000000000e+05
7.414306928432713439e-01,7.871403545141220093e+00,1.830000114440917969e+01,3.599999999999999867e-01,0.000000000000000000e+00
7.414571739173660969e-01,8.003808915615081787e+00,1.830000114440917969e+01,3.599999999999999867e-01,3.700000000000000000e+05
7.418431958855611352e-01,8.171679675579071045e+00,1.866000175476074219e+01,3.599999999999999867e-01,0.000000000000000000e+00
7.418696769417745251e-01,8.304084956645965576e+00,1.866000175476074219e+01,3.599999999999999867e-01,3.700000000000000000e+05
7.422556988854895899e-01,8.136214256286621094e+00,1.830000114440917969e+01,3.599999999999999867e-01,0.000000000000000000e+00
7.422821799536238885e-01,8.268619596958160400e+00,1.830000114440917969e+01,3.599999999999999867e-01,3.700000000000000000e+05
7.426682019218189268e-01,8.436490356922149658e+00,1.866000175476074219e+01,3.599999999999999867e-01,0.000000000000000000e+00
7.426946829899532254e-01,8.568895697593688965e+00,1.866000175476074219e+01,3.599999999999999867e-01,3.700000000000000000e+05
7.430807049581482637e-01,8.401024937629699707e+00,1.830000114440917969e+01,3.599999999999999867e-01,0.000000000000000000e+00
7.431071860382034711e-01,8.533430337905883789e+00,1.830000114440917969e+01,3.599999999999999867e-01,3.700000000000000000e+05
7.434932080063985094e-01,8.701301097869873047e+00,1.866000175476074219e+01,3.599999999999999867e-01,0.000000000000000000e+00
7.435196890626118993e-01,8.833706378936767578e+00,1.866000175476074219e+01,3.599999999999999867e-01,3.700000000000000000e+05
7.439057110308069376e-01,8.665835618972778320e+00,1.830000114440917969e+01,3.599999999999999867e-01,0.000000000000000000e+00
7.439321921108621449e-01,8.798241019248962402e+00,1.830000114440917969e+01,3.599999999999999867e-01,3.700000000000000000e+05
7.443182140790571832e-01,8.966111779212951660e+00,1.866000175476074219e+01,3.599999999999999867e-01,0.000000000000000000e+00
7.443446951352705732e-01,9.098517060279846191e+00,1.866000175476074219e+01,3.599999999999999867e-01,3.700000000000000000e+05
7.447307171034656115e-01,8.930646300315856934e+00,1.830000114440917969e+01,3.599999999999999867e-01,0.000000000000000000e+00
7.484934296335823412e-01,3.329744338989257812e-01,1.565898895263671875e+00,3.599999999999999867e-01,3.700000000000000000e+05
7.493212551002090827e-01,-2.702569961547851562e-02,7.938766479492187500e-01,3.599999999999999867e-01,0.000000000000000000e+00
7.493780437354630175e-01,-2.702569961547851562e-02,5.099334716796875000e-01,3.599999999999999867e-01,3.700000000000000000e+05
7.502058692020897590e-01,3.329744338989257812e-01,1.281955718994140625e+00,3.599999999999999867e-01,0.000000000000000000e+00
7.502626578373436939e-01,3.329744338989257812e-01,9.980125427246093750e-01,3.599999999999999867e-01,3.700000000000000000e+05
7.510904833039704354e-01,-2.702569961547851562e-02,2.259902954101562500e-01,3.599999999999999867e-01,0.000000000000000000e+00
7.511360034103232719e-01,0.000000000000000000e+00,0.000000000000000000e+00,3.599999999999999867e-01,3.700000000000000000e+05
7.519016829501398158e-01,3.329744338989257812e-01,7.140655517578125000e-01,3.599999999999999867e-01,0.000000000000000000e+00
7.519584715853937507e-01,3.329744338989257812e-01,4.301223754882812500e-01,3.599999999999999867e-01,3.700000000000000000e+05
7.524196838740355719e-01,1.324052810668945312e-01,0.000000000000000000e+00,3.599999999999999867e-01,0.000000000000000000e+00
7.524461650256163425e-01,2.648110389709472656e-01,0.000000000000000000e+00,3.599999999999999867e-01,3.700000000000000000e+05
7.528321868958912644e-01,4.326815605163574219e-01,3.600006103515625000e-01,3.599999999999999867e-01,0.000000000000000000e+00
7.528586679521046543e-01,5.650868415832519531e-01,3.600006103515625000e-01,3.599999999999999867e-01,3.700000000000000000e+05
7.532446898223795761e-01,3.972163200378417969e-01,0.000000000000000000e+00,3.599999999999999867e-01,0.000000000000000000e+00
7.532711708785929661e-01,5.296216011047363281e-01,0.000000000000000000e+00,3.599999999999999867e-01,3.700000000000000000e+05
7.536571927488678879e-01,6.974921226501464844e-01,3.600006103515625000e-01,3.599999999999999867e-01,0.000000000000000000e+00
7.536836739004486585e-01,8.298978805541992188e-01,3.600006103515625000e-01,3.599999999999999867e-01,3.700000000000000000e+05
7.540696959665640353e-01,6.620268821716308594e-01,0.000000000000000000e+00,3.599999999999999867e-01,0.000000000000000000e+00
7.540961770227774252e-01,7.944321632385253906e-01,0.000000000000000000e+00,3.599999999999999867e-01,3.700000000000000000e+05
7.544821990888928021e-01,9.623031616210937500e-01,3.600006103515625000e-01,3.599999999999999867e-01,0.000000000000000000e+00
7.545086801451061920e-01,1.094708442687988281e+00,3.600006103515625000e-01,3.599999999999999867e-01,3.700000000000000000e+05
7.548947022112215688e-01,9.268374443054199219e-01,0.000000000000000000e+00,3.599999999999999867e-01,0.000000000000000000e+00
7.549211832674349587e-01,1.059242725372314453e+00,0.000000000000000000e+00,3.599999999999999867e-01,3.700000000000000000e+05
7.553072053335503355e-01,1.227113723754882812e+00,3.600006103515625000e-01,3.599999999999999867e-01,0.000000000000000000e+00
7.553336863897637254e-01,1.359519004821777344e+00,3.600006103515625000e-01,3.599999999999999867e-01,3.700000000000000000e+05
7.557197082600386473e-01,1.191648483276367188e+00,0.000000000000000000e+00,3.599999999999999867e-01,0.000000000000000000e+00
7.557461893162520372e-01,1.324053764343261719e+00,0.000000000000000000e+00,3.599999999999999867e-01,3.700000000000000000e+05
7.561322111865269591e-01,1.491924285888671875e+00,3.600006103515625000e-01,3.599999999999999867e-01,0.000000000000000000e+00
7.561586922427403490e-01,1.624329566955566406e+00,3.600006103515625000e-01,3.599999999999999867e-01,3.700000000000000000e+05
7.565447141130152708e-01,1.456459045410156250e+00,0.000000000000000000e+00,3.599999999999999867e-01,0.000000000000000000e+00
7.565711951692286608e-01,1.588864326477050781e+00,0.000000000000000000e+00,3.599999999999999867e-01,3.700000000000000000e+05
7.569572170395035826e-01,1.756734848022460938e+00,3.600006103515625000e-01,3.599999999999999867e-01,0.000000000000000000e+00
7.571000287160505327e-01,2.162974357604980469e+00,9.472389221191406250e-01,3.599999999999999867e-01,3.700000000000000000e+05
7.581157357179690859e-01,1.721269607543945312e+00,0.000000000000000000e+00,3.599999999999999867e-01,0.000000000000000000e+00
7.581422167741824758e-01,1.853674888610839844e+00,0.000000000000000000e+00,3.599999999999999867e-01,3.700000000000000000e+05
7.588534565249264174e-01,2.162974357604980469e+00,6.632957458496093750e-01,3.599999999999999867e-01,0.000000000000000000e+00
7.589102451601803523e-01,2.162974357604980469e+00,3.793525695800781250e-01,3.599999999999999867e-01,3.700000000000000000e+05
7.593170176597501264e-01,1.986080169677734375e+00,0.000000000000000000e+00,3.599999999999999867e-01,0.000000000000000000e+00
7.593434988113308970e-01,2.118485927581787109e+00,0.000000000000000000e+00,3.599999999999999867e-01,3.700000000000000000e+05
7.597295206816058188e-01,2.286356449127197266e+00,3.600006103515625000e-01,3.599999999999999867e-01,0.000000000000000000e+00
7.597560017378192088e-01,2.418761730194091797e+00,3.600006103515625000e-01,3.599999999999999867e-01,3.700000000000000000e+05
7.601420236080941306e-01,2.250891208648681641e+00,0.000000000000000000e+00,3.599999999999999867e-01,0.000000000000000000e+00
7.601685046643075205e-01,2.383296489715576172e+00,0.000000000000000000e+00,3.599999999999999867e-01,3.700000000000000000e+05
7.605545265345824424e-01,2.551167011260986328e+00,3.600006103515625000e-01,3.599999999999999867e-01,0.000000000000000000e+00
7.605810076861632130e-01,2.683572769165039062e+00,3.600006103515625000e-01,3.599999999999999867e-01,3.700000000000000000e+05
7.609670297522785898e-01,2.515701770782470703e+00,0.000000000000000000e+00,3.599999999999999867e-01,0.000000000000000000e+00
7.609935108084919797e-01,2.648107051849365234e+00,0.000000000000000000e+00,3.599999999999999867e-01,3.700000000000000000e+05
7.613795328746073565e-01,2.815978050231933594e+00,3.600006103515625000e-01,3.599999999999999867e-01,0.000000000000000000e+00
7.614060139308207464e-01,2.948383331298828125e+00,3.600006103515625000e-01,3.599999999999999867e-01,3.700000000000000000e+05
7.617920359969361233e-01,2.780512332916259766e+00,0.000000000000000000e+00,3.599999999999999867e-01,0.000000000000000000e+00
7.618185171485168938e-01,2.912918090820312500e+00,0.000000000000000000e+00,3.599999999999999867e-01,3.700000000000000000e+05
7.622045390187918157e-01,3.080788612365722656e+00,3.600006103515625000e-01,3.599999999999999867e-01,0.000000000000000000e+00
7.622310200750052056e-01,3.213193893432617188e+00,3.600006103515625000e-01,3.599999999999999867e-01,3.700000000000000000e+05
7.626170419452801275e-01,3.045323371887207031e+00,0.000000000000000000e+00,3.599999999999999867e-01,0.000000000000000000e+00
7.626435230014935174e-01,3.177728652954101562e+00,0.000000000000000000e+00,3.599999999999999867e-01,3.700000000000000000e+05
7.630295448717684392e-01,3.345599174499511719e+00,3.600006103515625000e-01,3.599999999999999867e-01,0.000000000000000000e+00
7.630560259279818291e-01,3.478004455566406250e+00,3.600006103515625000e-01,3.599999999999999867e-01,3.700000000000000000e+05
7.634420477982567510e-01,3.310133934020996094e+00,0.000000000000000000e+00,3.599999999999999867e-01,0.000000000000000000e+00
7.634685288544701409e-01,3.442539215087890625e+00,0.000000000000000000e+00,3.599999999999999867e-01,3.700000000000000000e+05
7.638545508226651792e-01,3.610409975051879883e+00,3.600006103515625000e-01,3.599999999999999867e-01,0.000000000000000000e+00
7.649137323870788263e-01,2.295218467712402344e+00,5.490001678466796875e+00,3.599999999999999867e-01,3.700000000000000000e+05
7.652997544531942031e-01,2.463089466094970703e+00,5.850002288818359375e+00,3.599999999999999867e-01,0.000000000000000000e+00
7.653262355094075930e-01,2.595494747161865234e+00,5.850002288818359375e+00,3.599999999999999867e-01,3.700000000000000000e+05
7.657122575755229699e-01,2.427623748779296875e+00,5.490001678466796875e+00,3.599999999999999867e-01,0.000000000000000000e+00
7.657387386317363598e-01,2.560029029846191406e+00,5.490001678466796875e+00,3.599999999999999867e-01,3.700000000000000000e+05
7.661247606978517366e-01,2.727900028228759766e+00,5.850002288818359375e+00,3.599999999999999867e-01,0.000000000000000000e+00
7.661512417540651265e-01,2.860305309295654297e+00,5.850002288818359375e+00,3.599999999999999867e-01,3.700000000000000000e+05
7.665372638201805033e-01,2.692434310913085938e+00,5.490001678466796875e+00,3.599999999999999867e-01,0.000000000000000000e+00
7.665637449717612739e-01,2.824840068817138672e+00,5.490001678466796875e+00,3.599999999999999867e-01,3.700000000000000000e+05
7.669497668420361958e-01,2.992710590362548828e+00,5.850002288818359375e+00,3.599999999999999867e-01,0.000000000000000000e+00
7.669762478982495857e-01,3.125115871429443359e+00,5.850002288818359375e+00,3.599999999999999867e-01,3.700000000000000000e+05
7.673622697685245075e-01,2.957245349884033203e+00,5.490001678466796875e+00,3.599999999999999867e-01,0.000000000000000000e+00
7.673887508247378975e-01,3.089650630950927734e+00,5.490001678466796875e+00,3.599999999999999867e-01,3.700000000000000000e+05
7.677747726950128193e-01,3.257521152496337891e+00,5.850002288818359375e+00,3.599999999999999867e-01,0.000000000000000000e+00
7.678012538465935899e-01,3.389926910400390625e+00,5.850002288818359375e+00,3.599999999999999867e-01,3.700000000000000000e+05
7.681872759127089667e-01,3.222055912017822266e+00,5.490001678466796875e+00,3.599999999999999867e-01,0.000000000000000000e+00
7.682137569689223566e-01,3.354461193084716797e+00,5.490001678466796875e+00,3.599999999999999867e-01,3.700000000000000000e+05
7.685997790350377334e-01,3.522332191467285156e+00,5.850002288818359375e+00,3.599999999999999867e-01,0.000000000000000000e+00
7.692667118517989566e-01,4.001904487609863281e+00,9.150001525878906250e+00,3.599999999999999867e-01,3.700000000000000000e+05
7.696527338199939949e-01,4.169775247573852539e+00,9.510002136230468750e+00,3.599999999999999867e-01,0.000000000000000000e+00
7.696792148762073849e-01,4.302180528640747070e+00,9.510002136230468750e+00,3.599999999999999867e-01,3.700000000000000000e+05
7.700652368444024232e-01,4.134309768676757812e+00,9.150001525878906250e+00,3.599999999999999867e-01,0.000000000000000000e+00
7.700917179482995589e-01,4.266715288162231445e+00,9.150001525878906250e+00,3.599999999999999867e-01,3.700000000000000000e+05
7.704777399164945972e-01,4.434586048126220703e+00,9.510002136230468750e+00,3.599999999999999867e-01,0.000000000000000000e+00
7.705042209727079872e-01,4.566991329193115234e+00,9.510002136230468750e+00,3.599999999999999867e-01,3.700000000000000000e+05
7.708902429409030255e-01,4.399120569229125977e+00,9.150001525878906250e+00,3.599999999999999867e-01,0.000000000000000000e+00
7.709167239971164154e-01,4.531525850296020508e+00,9.150001525878906250e+00,3.599999999999999867e-01,3.700000000000000000e+05
7.713027459653114537e-01,4.699396610260009766e+00,9.510002136230468750e+00,3.599999999999999867e-01,0.000000000000000000e+00
7.713292270692085895e-01,4.831802129745483398e+00,9.510002136230468750e+00,3.599999999999999867e-01,3.700000000000000000e+05
7.717152490374036278e-01,4.663931369781494141e+00,9.150001525878906250e+00,3.599999999999999867e-01,0.000000000000000000e+00
7.717417300936170177e-01,4.796336650848388672e+00,9.150001525878906250e+00,3.599999999999999867e-01,3.700000000000000000e+05
7.721277520618120560e-01,4.964207410812377930e+00,9.510002136230468750e+00,3.599999999999999867e-01,0.000000000000000000e+00
7.721542331180254459e-01,5.096612691879272461e+00,9.510002136230468750e+00,3.599999999999999867e-01,3.700000000000000000e+05
7.725402550862204842e-01,4.928741931915283203e+00,9.150001525878906250e+00,3.599999999999999867e-01,0.000000000000000000e+00
7.725667361901176200e-01,5.061147451400756836e+00,9.150001525878906250e+00,3.599999999999999867e-01,3.700000000000000000e+05
7.729527581583126583e-01,5.229018211364746094e+00,9.510002136230468750e+00,3.599999999999999867e-01,0.000000000000000000e+00
7.729792392145260482e-01,5.361423492431640625e+00,9.510002136230468750e+00,3.599999999999999867e-01,3.700000000000000000e+05
7.733652611827210865e-01,5.193552732467651367e+00,9.150001525878906250e+00,3.599999999999999867e-01,0.000000000000000000e+00
7.741003902917337198e-01,5.822974324226379395e+00,1.277135467529296875e+01,3.599999999999999867e-01,3.700000000000000000e+05
7.749282157094002921e-01,5.462974309921264648e+00,1.199933242797851562e+01,3.599999999999999867e-01,0.000000000000000000e+00
7.749850043446542269e-01,5.462974309921264648e+00,1.171538925170898438e+01,3.599999999999999867e-01,3.700000000000000000e+05
7.758128297623207992e-01,5.822974324226379395e+00,1.248741149902343750e+01,3.599999999999999867e-01,0.000000000000000000e+00
7.758696191605141124e-01,5.822974324226379395e+00,1.220346450805664062e+01,3.599999999999999867e-01,3.700000000000000000e+05
7.766974445781806846e-01,5.462974309921264648e+00,1.143144226074218750e+01,3.599999999999999867e-01,0.000000000000000000e+00
7.767890737318690064e-01,5.384868860244750977e+00,1.098000335693359375e+01,3.599999999999999867e-01,3.700000000000000000e+05
7.777965021345104590e-01,5.822974324226379395e+00,1.191952133178710938e+01,3.599999999999999867e-01,0.000000000000000000e+00
7.778532907697643939e-01,5.822974324226379395e+00,1.163557815551757812e+01,3.599999999999999867e-01,3.700000000000000000e+05
7.786811161874309661e-01,5.462974309921264648e+00,1.086355590820312500e+01,3.599999999999999867e-01,0.000000000000000000e+00
7.787379048226849010e-01,5.462974309921264648e+00,1.057961273193359375e+01,3.599999999999999867e-01,3.700000000000000000e+05
7.795657302403514732e-01,5.822974324226379395e+00,1.135163497924804688e+01,3.599999999999999867e-01,0.000000000000000000e+00
7.795912328986043249e-01,5.949955701828002930e+00,1.134000015258789062e+01,3.599999999999999867e-01,3.700000000000000000e+05
7.807110537332693223e-01,5.462974309921264648e+00,1.029566574096679688e+01,3.599999999999999867e-01,0.000000000000000000e+00
7.807678423685232572e-01,5.462974309921264648e+00,1.001172256469726562e+01,3.599999999999999867e-01,3.700000000000000000e+05
7.815956677861898294e-01,5.822974324226379395e+00,1.078374481201171875e+01,3.599999999999999867e-01,0.000000000000000000e+00
7.816524564214437643e-01,5.822974324226379395e+00,1.049980163574218750e+01,3.599999999999999867e-01,3.700000000000000000e+05
7.824802818391103365e-01,5.462974309921264648e+00,9.727779388427734375e+00,3.599999999999999867e-01,0.000000000000000000e+00
7.825990422237387723e-01,5.325958013534545898e+00,9.150001525878906250e+00,3.599999999999999867e-01,3.700000000000000000e+05
7.837419407738501764e-01,5.822974324226379395e+00,1.021585845947265625e+01,3.599999999999999867e-01,0.000000000000000000e+00
7.837987301720434896e-01,5.822974324226379395e+00,9.931911468505859375e+00,3.599999999999999867e-01,3.700000000000000000e+05
7.846371581111259985e-01,5.458363294601440430e+00,9.150001525878906250e+00,3.599999999999999867e-01,0.000000000000000000e+00
7.846919769648552645e-01,5.462974309921264648e+00,8.875946044921875000e+00,3.599999999999999867e-01,3.700000000000000000e+05
7.855198023825218367e-01,5.822974324226379395e+00,9.647968292236328125e+00,3.599999999999999867e-01,0.000000000000000000e+00
7.855505713652016775e-01,5.891044855117797852e+00,9.510002136230468750e+00,3.599999999999999867e-01,3.700000000000000000e+05
7.865349254122506739e-01,5.462974309921264648e+00,8.592002868652343750e+00,3.599999999999999867e-01,0.000000000000000000e+00
7.865917148104439871e-01,5.462974309921264648e+00,8.308055877685546875e+00,3.599999999999999867e-01,3.700000000000000000e+05
7.874195402281105594e-01,5.822974324226379395e+00,9.080078125000000000e+00,3.599999999999999867e-01,0.000000000000000000e+00
7.874763288633644942e-01,5.822974324226379395e+00,8.796134948730468750e+00,3.599999999999999867e-01,3.700000000000000000e+05
7.883041542810310665e-01,5.462974309921264648e+00,8.024112701416015625e+00,3.599999999999999867e-01,0.000000000000000000e+00
7.883609429162850013e-01,5.462974309921264648e+00,7.740169525146484375e+00,3.599999999999999867e-01,3.700000000000000000e+05
7.891887683339515736e-01,5.822974324226379395e+00,8.512191772460937500e+00,3.599999999999999867e-01,0.000000000000000000e+00
7.892455569692055084e-01,5.822974324226379395e+00,8.228248596191406250e+00,3.599999999999999867e-01,3.700000000000000000e+05
7.902194516959039072e-01,5.399452447891235352e+00,7.320003509521484375e+00,3.599999999999999867e-01,0.000000000000000000e+00
7.902516122008284016e-01,5.462974309921264648e+00,7.172279357910156250e+00,3.599999999999999867e-01,3.700000000000000000e+05
7.910794376184949739e-01,5.822974324226379395e+00,7.944301605224609375e+00,3.599999999999999867e-01,0.000000000000000000e+00
7.911323296121567372e-01,5.832133889198303223e+00,7.680000305175781250e+00,3.599999999999999867e-01,3.700000000000000000e+05
7.919812168226295634e-01,5.462974309921264648e+00,6.888336181640625000e+00,3.599999999999999867e-01,0.000000000000000000e+00
7.920380054578834983e-01,5.462974309921264648e+00,6.604393005371093750e+00,3.599999999999999867e-01,3.700000000000000000e+05
7.931913599684915495e-01,5.964539289474487305e+00,7.680000305175781250e+00,3.599999999999999867e-01,0.000000000000000000e+00
7.932178410247049394e-01,6.096944570541381836e+00,7.680000305175781250e+00,3.599999999999999867e-01,3.700000000000000000e+05
7.936038596330481365e-01,5.929073810577392578e+00,7.320003509521484375e+00,3.599999999999999867e-01,0.000000000000000000e+00
7.936303407131033438e-01,6.061479210853576660e+00,7.320003509521484375e+00,3.599999999999999867e-01,3.700000000000000000e+05
7.940163593214465410e-01,6.229349970817565918e+00,7.680000305175781250e+00,3.599999999999999867e-01,0.000000000000000000e+00
7.940428404015017483e-01,6.361755371093750000e+00,7.680000305175781250e+00,3.599999999999999867e-01,3.700000000000000000e+05
7.944288590098449454e-01,6.193884611129760742e+00,7.320003509521484375e+00,3.599999999999999867e-01,0.000000000000000000e+00
7.944553400660583353e-01,6.326289892196655273e+00,7.320003509521484375e+00,3.599999999999999867e-01,3.700000000000000000e+05
7.948413586988817281e-01,6.494160711765289307e+00,7.680000305175781250e+00,3.599999999999999867e-01,0.000000000000000000e+00
7.948678397670160267e-01,6.626566052436828613e+00,7.680000305175781250e+00,3.599999999999999867e-01,3.700000000000000000e+05
7.952538583753592238e-01,6.458695292472839355e+00,7.320003509521484375e+00,3.599999999999999867e-01,0.000000000000000000e+00
7.952803394434935225e-01,6.591100633144378662e+00,7.320003509521484375e+00,3.599999999999999867e-01,3.700000000000000000e+05
7.956663580518367196e-01,6.758971393108367920e+00,7.680000305175781250e+00,3.599999999999999867e-01,0.000000000000000000e+00
7.956928391199710182e-01,6.891376733779907227e+00,7.680000305175781250e+00,3.599999999999999867e-01,3.700000000000000000e+05
7.960788577283142153e-01,6.723505973815917969e+00,7.320003509521484375e+00,3.599999999999999867e-01,0.000000000000000000e+00
7.961053388083694227e-01,6.855911374092102051e+00,7.320003509521484375e+00,3.599999999999999867e-01,3.700000000000000000e+05
7.964913574044724109e-01,7.023782104253768921e+00,7.680000305175781250e+00,3.599999999999999867e-01,0.000000000000000000e+00
7.965178384606858009e-01,7.156187385320663452e+00,7.680000305175781250e+00,3.599999999999999867e-01,3.700000000000000000e+05
7.969038570690289980e-01,6.988316625356674194e+00,7.320003509521484375e+00,3.599999999999999867e-01,0.000000000000000000e+00
7.969303381490842053e-01,7.120722025632858276e+00,7.320003509521484375e+00,3.599999999999999867e-01,3.700000000000000000e+05
7.973163567574274024e-01,7.288592785596847534e+00,7.680000305175781250e+00,3.599999999999999867e-01,0.000000000000000000e+00
7.990760997390774500e-01,7.680087283253669739e+00,1.647000122070312500e+01,3.599999999999999867e-01,3.700000000000000000e+05
7.994621217011524950e-01,7.847958028316497803e+00,1.683000183105468750e+01,3.599999999999999867e-01,0.000000000000000000e+00
7.994886027692867936e-01,7.980363368988037109e+00,1.683000183105468750e+01,3.599999999999999867e-01,3.700000000000000000e+05
7.998746247252418451e-01,7.812492638826370239e+00,1.647000122070312500e+01,3.599999999999999867e-01,0.000000000000000000e+00
7.999011057933761437e-01,7.944897979497909546e+00,1.647000122070312500e+01,3.599999999999999867e-01,3.700000000000000000e+05
8.002871277738112799e-01,8.112768769264221191e+00,1.683000183105468750e+01,3.599999999999999867e-01,0.000000000000000000e+00
8.003136088300246698e-01,8.245174050331115723e+00,1.683000183105468750e+01,3.599999999999999867e-01,3.700000000000000000e+05
8.006996307737397345e-01,8.077303349971771240e+00,1.647000122070312500e+01,3.599999999999999867e-01,0.000000000000000000e+00
8.007261118418740331e-01,8.209708690643310547e+00,1.647000122070312500e+01,3.599999999999999867e-01,3.700000000000000000e+05
8.011121338100690714e-01,8.377579450607299805e+00,1.683000183105468750e+01,3.599999999999999867e-01,0.000000000000000000e+00
8.011386148901242787e-01,8.509984850883483887e+00,1.683000183105468750e+01,3.599999999999999867e-01,3.700000000000000000e+05
8.015246368827994017e-01,8.342114031314849854e+00,1.647000122070312500e+01,3.599999999999999867e-01,0.000000000000000000e+00
8.015511179509337003e-01,8.474519371986389160e+00,1.647000122070312500e+01,3.599999999999999867e-01,3.700000000000000000e+05
8.019371399191287386e-01,8.642390131950378418e+00,1.683000183105468750e+01,3.599999999999999867e-01,0.000000000000000000e+00
8.019636209991839459e-01,8.774795532226562500e+00,1.683000183105468750e+01,3.599999999999999867e-01,3.700000000000000000e+05
8.023496429673789843e-01,8.606924772262573242e+00,1.647000122070312500e+01,3.599999999999999867e-01,0.000000000000000000e+00
8.023761240474341916e-01,8.739330172538757324e+00,1.647000122070312500e+01,3.599999999999999867e-01,3.700000000000000000e+05
8.027621460156292299e-01,8.907200932502746582e+00,1.683000183105468750e+01,3.599999999999999867e-01,0.000000000000000000e+00
8.027886270718426198e-01,9.039606213569641113e+00,1.683000183105468750e+01,3.599999999999999867e-01,3.700000000000000000e+05
8.031746490400376581e-01,8.871735453605651855e+00,1.647000122070312500e+01,3.599999999999999867e-01,0.000000000000000000e+00
8.039014753238360456e-01,9.482974290847778320e+00,2.005236053466796875e+01,3.599999999999999867e-01,3.700000000000000000e+05
8.047293007415026178e-01,9.122974276542663574e+00,1.928033828735351562e+01,3.599999999999999867e-01,0.000000000000000000e+00
8.047860893767565527e-01,9.122974276542663574e+00,1.899639511108398438e+01,3.599999999999999867e-01,3.700000000000000000e+05
8.056139147944231249e-01,9.482974290847778320e+00,1.976841735839843750e+01,3.599999999999999867e-01,0.000000000000000000e+00
8.056707038111468044e-01,9.482974290847778320e+00,1.948447227478027344e+01,3.599999999999999867e-01,3.700000000000000000e+05
8.064985292288133767e-01,9.122974276542663574e+00,1.871245002746582031e+01,3.599999999999999867e-01,0.000000000000000000e+00
8.065818850435458875e-01,9.063051700592041016e+00,1.830000114440917969e+01,3.599999999999999867e-01,3.700000000000000000e+05
8.075475045308210253e-01,9.482974290847778320e+00,1.920052909851074219e+01,3.599999999999999867e-01,0.000000000000000000e+00
8.076042935475447049e-01,9.482974290847778320e+00,1.891658401489257812e+01,3.599999999999999867e-01,3.700000000000000000e+05
8.084321189652112771e-01,9.122974276542663574e+00,1.814456176757812500e+01,3.599999999999999867e-01,0.000000000000000000e+00
8.084889076004652120e-01,9.122974276542663574e+00,1.786061859130859375e+01,3.599999999999999867e-01,3.700000000000000000e+05
8.093460717792486658e-01,9.495733261108398438e+00,1.866000175476074219e+01,3.599999999999999867e-01,0.000000000000000000e+00
8.093725528354620558e-01,9.628138542175292969e+00,1.866000175476074219e+01,3.599999999999999867e-01,3.700000000000000000e+05
8.105341859453472075e-01,9.122974276542663574e+00,1.757667350769042969e+01,3.599999999999999867e-01,0.000000000000000000e+00
8.105909745806011424e-01,9.122974276542663574e+00,1.729273033142089844e+01,3.599999999999999867e-01,3.700000000000000000e+05
8.114187999982677146e-01,9.482974290847778320e+00,1.806475257873535156e+01,3.599999999999999867e-01,0.000000000000000000e+00
8.114755890149913942e-01,9.482974290847778320e+00,1.778080749511718750e+01,3.599999999999999867e-01,3.700000000000000000e+05
8.123034144326579664e-01,9.122974276542663574e+00,1.700878524780273438e+01,3.599999999999999867e-01,0.000000000000000000e+00
8.124137610934195619e-01,9.004140734672546387e+00,1.647000122070312500e+01,3.599999999999999867e-01,3.700000000000000000e+05
8.135148474172708699e-01,9.482974290847778320e+00,1.749686431884765625e+01,3.599999999999999867e-01,0.000000000000000000e+00
8.135716364339945494e-01,9.482974290847778320e+00,1.721291923522949219e+01,3.599999999999999867e-01,3.700000000000000000e+05
8.143994618516611217e-01,9.122974276542663574e+00,1.644089698791503906e+01,3.599999999999999867e-01,0.000000000000000000e+00
8.144562508683848012e-01,9.122974276542663574e+00,1.615695190429687500e+01,3.599999999999999867e-01,3.700000000000000000e+05
8.152840779659786818e-01,9.482974290847778320e+00,1.692897605895996094e+01,3.599999999999999867e-01,0.000000000000000000e+00
8.153103348108748927e-01,9.569227695465087891e+00,1.683000183105468750e+01,3.599999999999999867e-01,3.700000000000000000e+05
8.163365011331440435e-01,9.122974276542663574e+00,1.587300872802734375e+01,3.599999999999999867e-01,0.000000000000000000e+00
8.163932901498677230e-01,9.122974276542663574e+00,1.558906364440917969e+01,3.599999999999999867e-01,3.700000000000000000e+05
8.172211172474616037e-01,9.482974290847778320e+00,1.636108779907226562e+01,3.599999999999999867e-01,0.000000000000000000e+00
8.172779062641852832e-01,9.482974290847778320e+00,1.607714271545410156e+01,3.599999999999999867e-01,3.700000000000000000e+05
8.181057333617791638e-01,9.122974276542663574e+00,1.530511856079101562e+01,3.599999999999999867e-01,0.000000000000000000e+00
8.181625219970330987e-01,9.122974276542663574e+00,1.502117538452148438e+01,3.599999999999999867e-01,3.700000000000000000e+05
8.189903474146996709e-01,9.482974290847778320e+00,1.579319763183593750e+01,3.599999999999999867e-01,0.000000000000000000e+00
8.190471360499536058e-01,9.482974290847778320e+00,1.550925445556640625e+01,3.599999999999999867e-01,3.700000000000000000e+05
8.199792185503921305e-01,9.077635169029235840e+00,1.464000320434570312e+01,3.599999999999999867e-01,0.000000000000000000e+00
8.200176465697693873e-01,9.122974276542663574e+00,1.445328903198242188e+01,3.599999999999999867e-01,3.700000000000000000e+05
8.208454719874359595e-01,9.482974290847778320e+00,1.522531127929687500e+01,3.599999999999999867e-01,0.000000000000000000e+00
8.208908648393020702e-01,9.510316610336303711e+00,1.500000000000000000e+01,3.599999999999999867e-01,3.700000000000000000e+05
8.217815642760347705e-01,9.122974276542663574e+00,1.416934204101562500e+01,3.599999999999999867e-01,0.000000000000000000e+00
8.218383529112887054e-01,9.122974276542663574e+00,1.388539886474609375e+01,3.599999999999999867e-01,3.700000000000000000e+05
8.230335196971166889e-01,9.642722129821777344e+00,1.500000000000000000e+01,3.599999999999999867e-01,0.000000000000000000e+00
8.230600007533300788e-01,9.775127410888671875e+00,1.500000000000000000e+01,3.599999999999999867e-01,3.700000000000000000e+05
8.234460193616732759e-01,9.607256650924682617e+00,1.464000320434570312e+01,3.599999999999999867e-01,0.000000000000000000e+00
8.234725004178866659e-01,9.739661931991577148e+00,1.464000320434570312e+01,3.599999999999999867e-01,3.700000000000000000e+05
8.238585190262298630e-01,9.907532691955566406e+00,1.500000000000000000e+01,3.599999999999999867e-01,0.000000000000000000e+00
8.238850001301269987e-01,1.003993821144104004e+01,1.500000000000000000e+01,3.599999999999999867e-01,3.700000000000000000e+05
8.242710188363913115e-01,9.872067213058471680e+00,1.464000320434570312e+01,3.599999999999999867e-01,0.000000000000000000e+00
8.242974999402884473e-01,1.000447273254394531e+01,1.464000320434570312e+01,3.599999999999999867e-01,3.700000000000000000e+05
8.246835185486316444e-01,1.017234349250793457e+01,1.500000000000000000e+01,3.599999999999999867e-01,0.000000000000000000e+00
8.247099996048450343e-01,1.030474877357482910e+01,1.500000000000000000e+01,3.599999999999999867e-01,3.700000000000000000e+05
8.250960182131882314e-01,1.013687801361083984e+01,1.464000320434570312e+01,3.599999999999999867e-01,0.000000000000000000e+00
8.251224992694016214e-01,1.026928329467773438e+01,1.464000320434570312e+01,3.599999999999999867e-01,3.700000000000000000e+05
8.255085178777448185e-01,1.043715405464172363e+01,1.500000000000000000e+01,3.599999999999999867e-01,0.000000000000000000e+00
8.255349989816419543e-01,1.056955957412719727e+01,1.500000000000000000e+01,3.599999999999999867e-01,3.700000000000000000e+05
8.259210175899851514e-01,1.040168881416320801e+01,1.464000320434570312e+01,3.599999999999999867e-01,0.000000000000000000e+00
8.259474986461985413e-01,1.053409409523010254e+01,1.464000320434570312e+01,3.599999999999999867e-01,3.700000000000000000e+05
8.263335172545417384e-01,1.070196485519409180e+01,1.500000000000000000e+01,3.599999999999999867e-01,0.000000000000000000e+00
8.263599983107551283e-01,1.083437013626098633e+01,1.500000000000000000e+01,3.599999999999999867e-01,3.700000000000000000e+05
8.267460169190983255e-01,1.066649937629699707e+01,1.464000320434570312e+01,3.599999999999999867e-01,0.000000000000000000e+00
8.295146160087358833e-01,2.236307621002197266e+00,3.660003662109375000e+00,3.599999999999999867e-01,3.700000000000000000e+05
8.299006345191580758e-01,2.404178142547607422e+00,4.020000457763671875e+00,3.599999999999999867e-01,0.000000000000000000e+00
8.299271156707388464e-01,2.536583900451660156e+00,4.020000457763671875e+00,3.599999999999999867e-01,3.700000000000000000e+05
8.303131343770031592e-01,2.368712902069091797e+00,3.660003662109375000e+00,3.599999999999999867e-01,0.000000000000000000e+00
8.303396154332165491e-01,2.501118183135986328e+00,3.660003662109375000e+00,3.599999999999999867e-01,3.700000000000000000e+05
8.307256341394808619e-01,2.668989181518554688e+00,4.020000457763671875e+00,3.599999999999999867e-01,0.000000000000000000e+00
8.307521151956942518e-01,2.801394462585449219e+00,4.020000457763671875e+00,3.599999999999999867e-01,3.700000000000000000e+05
8.311381339019585646e-01,2.633523464202880859e+00,3.660003662109375000e+00,3.599999999999999867e-01,0.000000000000000000e+00
8.311646150535393351e-01,2.765929222106933594e+00,3.660003662109375000e+00,3.599999999999999867e-01,3.700000000000000000e+05
8.315506335639615276e-01,2.933799743652343750e+00,4.020000457763671875e+00,3.599999999999999867e-01,0.000000000000000000e+00
8.315771146201749175e-01,3.066205024719238281e+00,4.020000457763671875e+00,3.599999999999999867e-01,3.700000000000000000e+05
8.319631331305971100e-01,2.898334503173828125e+00,3.660003662109375000e+00,3.599999999999999867e-01,0.000000000000000000e+00
8.319896141868105000e-01,3.030739784240722656e+00,3.660003662109375000e+00,3.599999999999999867e-01,3.700000000000000000e+05
8.323756326972326924e-01,3.198610305786132812e+00,4.020000457763671875e+00,3.599999999999999867e-01,0.000000000000000000e+00
8.324021137534460824e-01,3.331015586853027344e+00,4.020000457763671875e+00,3.599999999999999867e-01,3.700000000000000000e+05
8.327881322638682748e-01,3.163145065307617188e+00,3.660003662109375000e+00,3.599999999999999867e-01,0.000000000000000000e+00
8.328146133200816648e-01,3.295550346374511719e+00,3.660003662109375000e+00,3.599999999999999867e-01,3.700000000000000000e+05
8.332006320263459775e-01,3.463421344757080078e+00,4.020000457763671875e+00,3.599999999999999867e-01,0.000000000000000000e+00
8.332271130348756216e-01,3.595826387405395508e+00,4.020000457763671875e+00,3.599999999999999867e-01,3.700000000000000000e+05
8.336131316432188187e-01,3.427955627441406250e+00,3.660003662109375000e+00,3.599999999999999867e-01,0.000000000000000000e+00
8.343188849876100877e-01,3.992974281311035156e+00,7.143241882324218750e+00,3.599999999999999867e-01,3.700000000000000000e+05
8.351467103563164907e-01,3.632974386215209961e+00,6.371219635009765625e+00,3.599999999999999867e-01,0.000000000000000000e+00
8.352034989915704255e-01,3.632974386215209961e+00,6.087276458740234375e+00,3.599999999999999867e-01,3.700000000000000000e+05
8.360313243602768285e-01,3.992974281311035156e+00,6.859298706054687500e+00,3.599999999999999867e-01,0.000000000000000000e+00
8.360881137584701417e-01,3.992974281311035156e+00,6.575351715087890625e+00,3.599999999999999867e-01,3.700000000000000000e+05
8.372519150128970855e-01,3.486866712570190430e+00,5.490001678466796875e+00,3.599999999999999867e-01,0.000000000000000000e+00
8.372783960691104754e-01,3.619271993637084961e+00,5.490001678466796875e+00,3.599999999999999867e-01,3.700000000000000000e+05
8.381377300723626966e-01,3.992974281311035156e+00,6.291408538818359375e+00,3.599999999999999867e-01,0.000000000000000000e+00
8.381945187076166315e-01,3.992974281311035156e+00,6.007465362548828125e+00,3.599999999999999867e-01,3.700000000000000000e+05
8.390223440763230345e-01,3.632974386215209961e+00,5.235443115234375000e+00,3.599999999999999867e-01,0.000000000000000000e+00
8.390791327115769693e-01,3.632974386215209961e+00,4.951499938964843750e+00,3.599999999999999867e-01,3.700000000000000000e+05
8.400425806454960842e-01,4.051953554153442383e+00,5.850002288818359375e+00,3.599999999999999867e-01,0.000000000000000000e+00
8.400690617017094741e-01,4.184358835220336914e+00,5.850002288818359375e+00,3.599999999999999867e-01,3.700000000000000000e+05
8.404550836699045124e-01,4.016488075256347656e+00,5.490001678466796875e+00,3.599999999999999867e-01,0.000000000000000000e+00
8.404815647261179024e-01,4.148893356323242188e+00,5.490001678466796875e+00,3.599999999999999867e-01,3.700000000000000000e+05
8.408675866943129407e-01,4.316764116287231445e+00,5.850002288818359375e+00,3.599999999999999867e-01,0.000000000000000000e+00
8.408940677505263306e-01,4.449169397354125977e+00,5.850002288818359375e+00,3.599999999999999867e-01,3.700000000000000000e+05
8.412800897187213689e-01,4.281298637390136719e+00,5.490001678466796875e+00,3.599999999999999867e-01,0.000000000000000000e+00
8.413065708226185047e-01,4.413704156875610352e+00,5.490001678466796875e+00,3.599999999999999867e-01,3.700000000000000000e+05
8.416925927908135430e-01,4.581574916839599609e+00,5.850002288818359375e+00,3.599999999999999867e-01,0.000000000000000000e+00
8.417190738470269329e-01,4.713980197906494141e+00,5.850002288818359375e+00,3.599999999999999867e-01,3.700000000000000000e+05
8.421050958152219712e-01,4.546109437942504883e+00,5.490001678466796875e+00,3.599999999999999867e-01,0.000000000000000000e+00
8.421315768714353611e-01,4.678514719009399414e+00,5.490001678466796875e+00,3.599999999999999867e-01,3.700000000000000000e+05
8.425175988396303994e-01,4.846385478973388672e+00,5.850002288818359375e+00,3.599999999999999867e-01,0.000000000000000000e+00
8.425440799435275352e-01,4.978790998458862305e+00,5.850002288818359375e+00,3.599999999999999867e-01,3.700000000000000000e+05
8.429301019117225735e-01,4.810920238494873047e+00,5.490001678466796875e+00,3.599999999999999867e-01,0.000000000000000000e+00
8.429565829679359634e-01,4.943325519561767578e+00,5.490001678466796875e+00,3.599999999999999867e-01,3.700000000000000000e+05
8.433426049361310017e-01,5.111196279525756836e+00,5.850002288818359375e+00,3.599999999999999867e-01,0.000000000000000000e+00
8.433690859923443917e-01,5.243601560592651367e+00,5.850002288818359375e+00,3.599999999999999867e-01,3.700000000000000000e+05
8.437551079605394300e-01,5.075730800628662109e+00,5.490001678466796875e+00,3.599999999999999867e-01,0.000000000000000000e+00
8.437815890644365657e-01,5.208136320114135742e+00,5.490001678466796875e+00,3.599999999999999867e-01,3.700000000000000000e+05
8.441676110326316040e-01,5.376007080078125000e+00,5.850002288818359375e+00,3.599999999999999867e-01,0.000000000000000000e+00
8.451992480847460021e-01,5.914490342140197754e+00,1.098000335693359375e+01,3.599999999999999867e-01,3.700000000000000000e+05
8.455852666930891992e-01,6.082361102104187012e+00,1.134000015258789062e+01,3.599999999999999867e-01,0.000000000000000000e+00
8.456117477493025891e-01,6.214766383171081543e+00,1.134000015258789062e+01,3.599999999999999867e-01,3.700000000000000000e+05
8.459977663086852839e-01,6.046895742416381836e+00,1.098000335693359375e+01,3.599999999999999867e-01,0.000000000000000000e+00
8.460242473648986739e-01,6.179301023483276367e+00,1.098000335693359375e+01,3.599999999999999867e-01,3.700000000000000000e+05
8.464102659732418710e-01,6.347171783447265625e+00,1.134000015258789062e+01,3.599999999999999867e-01,0.000000000000000000e+00
8.464367470413761696e-01,6.479577124118804932e+00,1.134000015258789062e+01,3.599999999999999867e-01,3.700000000000000000e+05
8.468227656252390600e-01,6.311706423759460449e+00,1.098000335693359375e+01,3.599999999999999867e-01,0.000000000000000000e+00
8.468492466814524500e-01,6.444111704826354980e+00,1.098000335693359375e+01,3.599999999999999867e-01,3.700000000000000000e+05
8.472352653142758427e-01,6.611982524394989014e+00,1.134000015258789062e+01,3.599999999999999867e-01,0.000000000000000000e+00
8.472617463824101414e-01,6.744387865066528320e+00,1.134000015258789062e+01,3.599999999999999867e-01,3.700000000000000000e+05
8.476477649907533385e-01,6.576517105102539062e+00,1.098000335693359375e+01,3.599999999999999867e-01,0.000000000000000000e+00
8.476742460588876371e-01,6.708922445774078369e+00,1.098000335693359375e+01,3.599999999999999867e-01,3.700000000000000000e+05
8.480602646672308342e-01,6.876793205738067627e+00,1.134000015258789062e+01,3.599999999999999867e-01,0.000000000000000000e+00
8.480867457353651329e-01,7.009198546409606934e+00,1.134000015258789062e+01,3.599999999999999867e-01,3.700000000000000000e+05
8.484727643437083300e-01,6.841327786445617676e+00,1.098000335693359375e+01,3.599999999999999867e-01,0.000000000000000000e+00
8.484992454237635373e-01,6.973733186721801758e+00,1.098000335693359375e+01,3.599999999999999867e-01,3.700000000000000000e+05
8.488852640321067344e-01,7.141603946685791016e+00,1.134000015258789062e+01,3.599999999999999867e-01,0.000000000000000000e+00
8.489117450883201244e-01,7.274009227752685547e+00,1.134000015258789062e+01,3.599999999999999867e-01,3.700000000000000000e+05
8.492977636966633215e-01,7.106138467788696289e+00,1.098000335693359375e+01,3.599999999999999867e-01,0.000000000000000000e+00
8.499952405440962533e-01,7.652974307537078857e+00,1.442424774169921875e+01,3.599999999999999867e-01,3.700000000000000000e+05
8.508230659617628255e-01,7.292974293231964111e+00,1.365222549438476562e+01,3.599999999999999867e-01,0.000000000000000000e+00
8.508798545970167604e-01,7.292974293231964111e+00,1.336828231811523438e+01,3.599999999999999867e-01,3.700000000000000000e+05
8.517076800146833326e-01,7.652974307537078857e+00,1.414030456542968750e+01,3.599999999999999867e-01,0.000000000000000000e+00
8.517644686499372675e-01,7.652974307537078857e+00,1.385636138916015625e+01,3.599999999999999867e-01,3.700000000000000000e+05
8.528864610746785813e-01,7.165049403905868530e+00,1.281000137329101562e+01,3.599999999999999867e-01,0.000000000000000000e+00
8.529121181317697031e-01,7.292974293231964111e+00,1.280039215087890625e+01,3.599999999999999867e-01,3.700000000000000000e+05
8.537399435494362754e-01,7.652974307537078857e+00,1.357241439819335938e+01,3.599999999999999867e-01,0.000000000000000000e+00
8.537967321846902102e-01,7.652974307537078857e+00,1.328847122192382812e+01,3.599999999999999867e-01,3.700000000000000000e+05
8.546245576023567825e-01,7.292974293231964111e+00,1.251644897460937500e+01,3.599999999999999867e-01,0.000000000000000000e+00
8.546813462376107173e-01,7.292974293231964111e+00,1.223250579833984375e+01,3.599999999999999867e-01,3.700000000000000000e+05
8.556866063977897063e-01,7.730136215686798096e+00,1.317000198364257812e+01,3.599999999999999867e-01,0.000000000000000000e+00
8.557130874659240050e-01,7.862541556358337402e+00,1.317000198364257812e+01,3.599999999999999867e-01,3.700000000000000000e+05
8.560991094279990499e-01,7.694670811295509338e+00,1.281000137329101562e+01,3.599999999999999867e-01,0.000000000000000000e+00
8.561255904991136312e-01,7.827076166868209839e+00,1.281000137329101562e+01,3.599999999999999867e-01,3.700000000000000000e+05
8.565116124550686827e-01,7.994946897029876709e+00,1.317000198364257812e+01,3.599999999999999867e-01,0.000000000000000000e+00
8.565380935232029813e-01,8.127352237701416016e+00,1.317000198364257812e+01,3.599999999999999867e-01,3.700000000000000000e+05
8.569241154791580328e-01,7.959481507539749146e+00,1.281000137329101562e+01,3.599999999999999867e-01,0.000000000000000000e+00
8.569505965413318771e-01,8.091886818408966064e+00,1.281000137329101562e+01,3.599999999999999867e-01,3.700000000000000000e+05
8.573366185340070000e-01,8.259757637977600098e+00,1.317000198364257812e+01,3.599999999999999867e-01,0.000000000000000000e+00
8.573630996021412987e-01,8.392162978649139404e+00,1.317000198364257812e+01,3.599999999999999867e-01,3.700000000000000000e+05
8.577491215703363370e-01,8.224292218685150146e+00,1.281000137329101562e+01,3.599999999999999867e-01,0.000000000000000000e+00
8.577756026384706356e-01,8.356697559356689453e+00,1.281000137329101562e+01,3.599999999999999867e-01,3.700000000000000000e+05
8.581616246066656739e-01,8.524568319320678711e+00,1.317000198364257812e+01,3.599999999999999867e-01,0.000000000000000000e+00
8.581881056628790638e-01,8.656973600387573242e+00,1.317000198364257812e+01,3.599999999999999867e-01,3.700000000000000000e+05
8.585741276310741021e-01,8.489102840423583984e+00,1.281000137329101562e+01,3.599999999999999867e-01,0.000000000000000000e+00
8.586006087111293095e-01,8.621508240699768066e+00,1.281000137329101562e+01,3.599999999999999867e-01,3.700000000000000000e+05
8.589866306793243478e-01,8.789379000663757324e+00,1.317000198364257812e+01,3.599999999999999867e-01,0.000000000000000000e+00
8.590131117355377377e-01,8.921784281730651855e+00,1.317000198364257812e+01,3.599999999999999867e-01,3.700000000000000000e+05
8.593991337037327760e-01,8.753913521766662598e+00,1.281000137329101562e+01,3.599999999999999867e-01,0.000000000000000000e+00
8.594256147837879833e-01,8.886318922042846680e+00,1.281000137329101562e+01,3.599999999999999867e-01,3.700000000000000000e+05
8.598116367519830217e-01,9.054189682006835938e+00,1.317000198364257812e+01,3.599999999999999867e-01,0.000000000000000000e+00
8.608432734272010167e-01,9.592673063278198242e+00,1.830000114440917969e+01,3.599999999999999867e-01,3.700000000000000000e+05
8.612292953953960550e-01,9.760543823242187500e+00,1.866000175476074219e+01,3.599999999999999867e-01,0.000000000000000000e+00
8.612557764516094450e-01,9.892949104309082031e+00,1.866000175476074219e+01,3.599999999999999867e-01,3.700000000000000000e+05
8.616417984198044833e-01,9.725078344345092773e+00,1.830000114440917969e+01,3.599999999999999867e-01,0.000000000000000000e+00
8.616682795237016190e-01,9.857483863830566406e+00,1.830000114440917969e+01,3.599999999999999867e-01,3.700000000000000000e+05
8.620543014918966573e-01,1.002535462379455566e+01,1.866000175476074219e+01,3.599999999999999867e-01,0.000000000000000000e+00
8.620807825481100473e-01,1.015775990486145020e+01,1.866000175476074219e+01,3.599999999999999867e-01,3.700000000000000000e+05
8.624668045163050856e-01,9.989889144897460938e+00,1.830000114440917969e+01,3.599999999999999867e-01,0.000000000000000000e+00
8.624932855725184755e-01,1.012229442596435547e+01,1.830000114440917969e+01,3.599999999999999867e-01,3.700000000000000000e+05
8.628793075407135138e-01,1.029016518592834473e+01,1.866000175476074219e+01,3.599999999999999867e-01,0.000000000000000000e+00
8.629057886446106496e-01,1.042257070541381836e+01,1.866000175476074219e+01,3.599999999999999867e-01,3.700000000000000000e+05
8.632918106128056879e-01,1.025469994544982910e+01,1.830000114440917969e+01,3.599999999999999867e-01,0.000000000000000000e+00
8.633182916690190778e-01,1.038710522651672363e+01,1.830000114440917969e+01,3.599999999999999867e-01,3.700000000000000000e+05
8.637043136372141161e-01,1.055497598648071289e+01,1.866000175476074219e+01,3.599999999999999867e-01,0.000000000000000000e+00
8.637307946934275060e-01,1.068738126754760742e+01,1.866000175476074219e+01,3.599999999999999867e-01,3.700000000000000000e+05
8.641168166616225443e-01,1.051951050758361816e+01,1.830000114440917969e+01,3.599999999999999867e-01,0.000000000000000000e+00
8.641432977655196801e-01,1.065191602706909180e+01,1.830000114440917969e+01,3.599999999999999867e-01,3.700000000000000000e+05
8.645293197337147184e-01,1.081978678703308105e+01,1.866000175476074219e+01,3.599999999999999867e-01,0.000000000000000000e+00
8.645558007899281083e-01,1.095219206809997559e+01,1.866000175476074219e+01,3.599999999999999867e-01,3.700000000000000000e+05
8.649418227581231466e-01,1.078432130813598633e+01,1.830000114440917969e+01,3.599999999999999867e-01,0.000000000000000000e+00
8.649683038143365366e-01,1.091672658920288086e+01,1.830000114440917969e+01,3.599999999999999867e-01,3.700000000000000000e+05
8.658794818326118747e-01,1.131297421455383301e+01,1.914975738525390625e+01,3.599999999999999867e-01,0.000000000000000000e+00
8.659362704678658096e-01,1.131297421455383301e+01,1.886581420898437500e+01,3.599999999999999867e-01,3.700000000000000000e+05
8.667640958365722126e-01,1.095297431945800781e+01,1.809379196166992188e+01,3.599999999999999867e-01,0.000000000000000000e+00
8.668208848532958921e-01,1.095297431945800781e+01,1.780984687805175781e+01,3.599999999999999867e-01,3.700000000000000000e+05
8.677324904521187543e-01,1.134940814971923828e+01,1.866000175476074219e+01,3.599999999999999867e-01,0.000000000000000000e+00
8.677589715083321442e-01,1.148181343078613281e+01,1.866000175476074219e+01,3.599999999999999867e-01,3.700000000000000000e+05
8.681449934765271825e-01,1.131394267082214355e+01,1.830000114440917969e+01,3.599999999999999867e-01,0.000000000000000000e+00
8.681714745327405724e-01,1.144634795188903809e+01,1.830000114440917969e+01,3.599999999999999867e-01,3.700000000000000000e+05
8.685574965009356108e-01,1.161421871185302734e+01,1.866000175476074219e+01,3.599999999999999867e-01,0.000000000000000000e+00
8.685839775571490007e-01,1.174662399291992188e+01,1.866000175476074219e+01,3.599999999999999867e-01,3.700000000000000000e+05
8.689699994274239225e-01,1.157875347137451172e+01,1.830000114440917969e+01,3.599999999999999867e-01,0.000000000000000000e+00
8.689964804836373125e-01,1.171115875244140625e+01,1.830000114440917969e+01,3.599999999999999867e-01,3.700000000000000000e+05
8.693825025497526893e-01,1.187902975082397461e+01,1.866000175476074219e+01,3.599999999999999867e-01,0.000000000000000000e+00
8.694089836059660792e-01,1.201143503189086914e+01,1.866000175476074219e+01,3.599999999999999867e-01,3.700000000000000000e+05
8.697950056720814560e-01,1.184356403350830078e+01,1.830000114440917969e+01,3.599999999999999867e-01,0.000000000000000000e+00
8.698214867282948459e-01,1.197596931457519531e+01,1.830000114440917969e+01,3.599999999999999867e-01,3.700000000000000000e+05
8.702075087944102227e-01,1.214384031295776367e+01,1.866000175476074219e+01,3.599999999999999867e-01,0.000000000000000000e+00
8.702339898506236127e-01,1.227624559402465820e+01,1.866000175476074219e+01,3.599999999999999867e-01,3.700000000000000000e+05
8.706200117208985345e-01,1.210837507247924805e+01,1.830000114440917969e+01,3.599999999999999867e-01,0.000000000000000000e+00
8.706464927771119244e-01,1.224078035354614258e+01,1.830000114440917969e+01,3.599999999999999867e-01,3.700000000000000000e+05
8.710325146473868463e-01,1.240865087509155273e+01,1.866000175476074219e+01,3.599999999999999867e-01,0.000000000000000000e+00
8.710589957036002362e-01,1.254105615615844727e+01,1.866000175476074219e+01,3.599999999999999867e-01,3.700000000000000000e+05
8.714450175738751581e-01,1.237318563461303711e+01,1.830000114440917969e+01,3.599999999999999867e-01,0.000000000000000000e+00
8.714714986300885480e-01,1.250559091567993164e+01,1.830000114440917969e+01,3.599999999999999867e-01,3.700000000000000000e+05
8.718575205003634698e-01,1.267346143722534180e+01,1.866000175476074219e+01,3.599999999999999867e-01,0.000000000000000000e+00
8.718840016519442404e-01,1.280586719512939453e+01,1.866000175476074219e+01,3.599999999999999867e-01,3.700000000000000000e+05
8.722700237180596172e-01,1.263799619674682617e+01,1.830000114440917969e+01,3.599999999999999867e-01,0.000000000000000000e+00
8.722965047742730071e-01,1.277040147781372070e+01,1.830000114440917969e+01,3.599999999999999867e-01,3.700000000000000000e+05
8.726825268403883840e-01,1.293827247619628906e+01,1.866000175476074219e+01,3.599999999999999867e-01,0.000000000000000000e+00
8.727090078966017739e-01,1.307067775726318359e+01,1.866000175476074219e+01,3.599999999999999867e-01,3.700000000000000000e+05
8.733705860333226267e-01,1.278297424316406250e+01,1.804302024841308594e+01,3.599999999999999867e-01,0.000000000000000000e+00
8.734273750500463063e-01,1.278297424316406250e+01,1.775907516479492188e+01,3.599999999999999867e-01,3.700000000000000000e+05
8.743934221178688571e-01,1.320308303833007812e+01,1.866000175476074219e+01,3.599999999999999867e-01,0.000000000000000000e+00
8.744199031740822470e-01,1.333548831939697266e+01,1.866000175476074219e+01,3.599999999999999867e-01,3.700000000000000000e+05
8.748059250443571688e-01,1.316761779785156250e+01,1.830000114440917969e+01,3.599999999999999867e-01,0.000000000000000000e+00
8.748324061005705587e-01,1.330002307891845703e+01,1.830000114440917969e+01,3.599999999999999867e-01,3.700000000000000000e+05
8.752184279708454806e-01,1.346789360046386719e+01,1.866000175476074219e+01,3.599999999999999867e-01,0.000000000000000000e+00
8.752449091224262512e-01,1.360029935836791992e+01,1.866000175476074219e+01,3.599999999999999867e-01,3.700000000000000000e+05
8.756309311885416280e-01,1.343242835998535156e+01,1.830000114440917969e+01,3.599999999999999867e-01,0.000000000000000000e+00
8.756574122447550179e-01,1.356483364105224609e+01,1.830000114440917969e+01,3.599999999999999867e-01,3.700000000000000000e+05
8.760434343108703947e-01,1.373270463943481445e+01,1.866000175476074219e+01,3.599999999999999867e-01,0.000000000000000000e+00
8.760699153670837847e-01,1.386510992050170898e+01,1.866000175476074219e+01,3.599999999999999867e-01,3.700000000000000000e+05
8.764559374331991615e-01,1.369723892211914062e+01,1.830000114440917969e+01,3.599999999999999867e-01,0.000000000000000000e+00
8.764824185847799320e-01,1.382964468002319336e+01,1.830000114440917969e+01,3.599999999999999867e-01,3.700000000000000000e+05
8.768684404550548539e-01,1.399751520156860352e+01,1.866000175476074219e+01,3.599999999999999867e-01,0.000000000000000000e+00
8.768949215112682438e-01,1.412992048263549805e+01,1.866000175476074219e+01,3.599999999999999867e-01,3.700000000000000000e+05
8.772809433815431657e-01,1.396204996109008789e+01,1.830000114440917969e+01,3.599999999999999867e-01,0.000000000000000000e+00
8.773074244377565556e-01,1.409445524215698242e+01,1.830000114440917969e+01,3.599999999999999867e-01,3.700000000000000000e+05
8.776934463080314774e-01,1.426232576370239258e+01,1.866000175476074219e+01,3.599999999999999867e-01,0.000000000000000000e+00
8.777199274596122480e-01,1.439473152160644531e+01,1.866000175476074219e+01,3.599999999999999867e-01,3.700000000000000000e+05
8.781059495257276248e-01,1.422686052322387695e+01,1.830000114440917969e+01,3.599999999999999867e-01,0.000000000000000000e+00
8.781324305819410148e-01,1.435926580429077148e+01,1.830000114440917969e+01,3.599999999999999867e-01,3.700000000000000000e+05
8.785184526480563916e-01,1.452713680267333984e+01,1.866000175476074219e+01,3.599999999999999867e-01,0.000000000000000000e+00
8.785449337042697815e-01,1.465954208374023438e+01,1.866000175476074219e+01,3.599999999999999867e-01,3.700000000000000000e+05
8.789309557703851583e-01,1.449167108535766602e+01,1.830000114440917969e+01,3.599999999999999867e-01,0.000000000000000000e+00
8.789556793231598775e-01,1.461297464370727539e+01,1.827619361877441406e+01,3.599999999999999867e-01,3.700000000000000000e+05
8.793672298019379330e-01,1.479194736480712891e+01,1.866000175476074219e+01,3.599999999999999867e-01,0.000000000000000000e+00
8.793937108581513229e-01,1.492435264587402344e+01,1.866000175476074219e+01,3.599999999999999867e-01,3.700000000000000000e+05
8.801097302680312984e-01,1.461297464370727539e+01,1.799224853515625000e+01,3.599999999999999867e-01,0.000000000000000000e+00
8.801665189032852332e-01,1.461297464370727539e+01,1.770830535888671875e+01,3.599999999999999867e-01,3.700000000000000000e+05
8.809943441740712977e-01,1.497297430038452148e+01,1.848032760620117188e+01,3.599999999999999867e-01,0.000000000000000000e+00
8.810511331907949772e-01,1.497297430038452148e+01,1.819638252258300781e+01,3.599999999999999867e-01,3.700000000000000000e+05
8.818789584615810417e-01,1.461297464370727539e+01,1.742436027526855469e+01,3.599999999999999867e-01,0.000000000000000000e+00
8.819357470968349766e-01,1.461297464370727539e+01,1.714041709899902344e+01,3.599999999999999867e-01,3.700000000000000000e+05
8.827635723676210411e-01,1.497297430038452148e+01,1.791243934631347656e+01,3.599999999999999867e-01,0.000000000000000000e+00
8.828203613843447206e-01,1.497297430038452148e+01,1.762849426269531250e+01,3.599999999999999867e-01,3.700000000000000000e+05
8.836481866551307851e-01,1.461297464370727539e+01,1.685647201538085938e+01,3.599999999999999867e-01,0.000000000000000000e+00
8.875491527054661933e-01,2.177396774291992188e+00,1.830001831054687500e+00,3.599999999999999867e-01,3.700000000000000000e+05
8.879351745757411152e-01,2.345267295837402344e+00,2.190002441406250000e+00,3.599999999999999867e-01,0.000000000000000000e+00
8.879616556319545051e-01,2.477672576904296875e+00,2.190002441406250000e+00,3.599999999999999867e-01,3.700000000000000000e+05
8.883476775022294269e-01,2.309802055358886719e+00,1.830001831054687500e+00,3.599999999999999867e-01,0.000000000000000000e+00
8.883741585584428169e-01,2.442207336425781250e+00,1.830001831054687500e+00,3.599999999999999867e-01,3.700000000000000000e+05
8.887601806245581937e-01,2.610078334808349609e+00,2.190002441406250000e+00,3.599999999999999867e-01,0.000000000000000000e+00
8.887866616807715836e-01,2.742483615875244141e+00,2.190002441406250000e+00,3.599999999999999867e-01,3.700000000000000000e+05
8.891726837468869604e-01,2.574612617492675781e+00,1.830001831054687500e+00,3.599999999999999867e-01,0.000000000000000000e+00
8.891991648031003503e-01,2.707017898559570312e+00,1.830001831054687500e+00,3.599999999999999867e-01,3.700000000000000000e+05
8.895851868692157272e-01,2.874888896942138672e+00,2.190002441406250000e+00,3.599999999999999867e-01,0.000000000000000000e+00
8.896116679254291171e-01,3.007294178009033203e+00,2.190002441406250000e+00,3.599999999999999867e-01,3.700000000000000000e+05
8.899976897957040389e-01,2.839423656463623047e+00,1.830001831054687500e+00,3.599999999999999867e-01,0.000000000000000000e+00
8.900241708519174288e-01,2.971828937530517578e+00,1.830001831054687500e+00,3.599999999999999867e-01,3.700000000000000000e+05
8.904101927221923507e-01,3.139699459075927734e+00,2.190002441406250000e+00,3.599999999999999867e-01,0.000000000000000000e+00
8.904366737784057406e-01,3.272104740142822266e+00,2.190002441406250000e+00,3.599999999999999867e-01,3.700000000000000000e+05
8.908226956486806625e-01,3.104234218597412109e+00,1.830001831054687500e+00,3.599999999999999867e-01,0.000000000000000000e+00
8.908491767048940524e-01,3.236639499664306641e+00,1.830001831054687500e+00,3.599999999999999867e-01,3.700000000000000000e+05
8.912351987710094292e-01,3.404510498046875000e+00,2.190002441406250000e+00,3.599999999999999867e-01,0.000000000000000000e+00
8.912616797795390733e-01,3.536915540695190430e+00,2.190002441406250000e+00,3.599999999999999867e-01,3.700000000000000000e+05
8.916477017477341116e-01,3.369044780731201172e+00,1.830001831054687500e+00,3.599999999999999867e-01,0.000000000000000000e+00
8.923803219192733005e-01,3.992974281311035156e+00,5.439575195312500000e+00,3.599999999999999867e-01,3.700000000000000000e+05
8.932081472879797035e-01,3.632974386215209961e+00,4.667552947998046875e+00,3.599999999999999867e-01,0.000000000000000000e+00
8.932649359232336383e-01,3.632974386215209961e+00,4.383609771728515625e+00,3.599999999999999867e-01,3.700000000000000000e+05
8.940927612919400413e-01,3.992974281311035156e+00,5.155632019042968750e+00,3.599999999999999867e-01,0.000000000000000000e+00
8.941495499271939762e-01,3.992974281311035156e+00,4.871688842773437500e+00,3.599999999999999867e-01,3.700000000000000000e+05
8.949773752959003792e-01,3.632974386215209961e+00,4.099666595458984375e+00,3.599999999999999867e-01,0.000000000000000000e+00
8.950664990699410684e-01,3.560361146926879883e+00,3.660003662109375000e+00,3.599999999999999867e-01,3.700000000000000000e+05
8.960612998608092905e-01,3.992974281311035156e+00,4.587745666503906250e+00,3.599999999999999867e-01,0.000000000000000000e+00
8.961180892590026037e-01,3.992974281311035156e+00,4.303798675537109375e+00,3.599999999999999867e-01,3.700000000000000000e+05
8.969459146277090067e-01,3.632974386215209961e+00,3.531776428222656250e+00,3.599999999999999867e-01,0.000000000000000000e+00
8.970027032629629415e-01,3.632974386215209961e+00,3.247833251953125000e+00,3.599999999999999867e-01,3.700000000000000000e+05
8.978306843113457170e-01,3.993042469024658203e+00,4.020000457763671875e+00,3.599999999999999867e-01,0.000000000000000000e+00
8.978571654152428527e-01,4.125447988510131836e+00,4.020000457763671875e+00,3.599999999999999867e-01,3.700000000000000000e+05
8.989896138127210223e-01,3.632974386215209961e+00,2.963890075683593750e+00,3.599999999999999867e-01,0.000000000000000000e+00
8.990464032109143355e-01,3.632974386215209961e+00,2.679943084716796875e+00,3.599999999999999867e-01,3.700000000000000000e+05
8.998742285796207385e-01,3.992974281311035156e+00,3.451965332031250000e+00,3.599999999999999867e-01,0.000000000000000000e+00
8.999310172148746734e-01,3.992974281311035156e+00,3.168022155761718750e+00,3.599999999999999867e-01,3.700000000000000000e+05
9.007588425835810764e-01,3.632974386215209961e+00,2.395999908447265625e+00,3.599999999999999867e-01,0.000000000000000000e+00
9.008750583263228640e-01,3.501450061798095703e+00,1.830001831054687500e+00,3.599999999999999867e-01,3.700000000000000000e+05
9.020053260027274256e-01,3.992974281311035156e+00,2.884078979492187500e+00,3.599999999999999867e-01,0.000000000000000000e+00
9.020621146379813604e-01,3.992974281311035156e+00,2.600135803222656250e+00,3.599999999999999867e-01,3.700000000000000000e+05
9.028899400066877634e-01,3.632974386215209961e+00,1.828113555908203125e+00,3.599999999999999867e-01,0.000000000000000000e+00
9.029467294048810766e-01,3.632974386215209961e+00,1.544166564941406250e+00,3.599999999999999867e-01,3.700000000000000000e+05
9.037745547735874796e-01,3.992974281311035156e+00,2.316188812255859375e+00,3.599999999999999867e-01,0.000000000000000000e+00
9.038037674143815092e-01,4.066536903381347656e+00,2.190002441406250000e+00,3.599999999999999867e-01,3.700000000000000000e+05
9.048007522861769569e-01,3.632974386215209961e+00,1.260223388671875000e+00,3.599999999999999867e-01,0.000000000000000000e+00
9.048575409214308918e-01,3.632974386215209961e+00,9.762802124023437500e-01,3.599999999999999867e-01,3.700000000000000000e+05
9.056853662901372948e-01,3.992974281311035156e+00,1.748302459716796875e+00,3.599999999999999867e-01,0.000000000000000000e+00
9.057421549253912296e-01,3.992974281311035156e+00,1.464359283447265625e+00,3.599999999999999867e-01,3.700000000000000000e+05
9.065699802940976326e-01,3.632974386215209961e+00,6.923370361328125000e-01,3.599999999999999867e-01,0.000000000000000000e+00
9.066267696922909458e-01,3.632974386215209961e+00,4.083900451660156250e-01,3.599999999999999867e-01,3.700000000000000000e+05
9.074545950609973488e-01,3.992974281311035156e+00,1.180412292480468750e+00,3.599999999999999867e-01,0.000000000000000000e+00
9.075113836962512837e-01,3.992974281311035156e+00,8.964691162109375000e-01,3.599999999999999867e-01,3.700000000000000000e+05
9.084726509090973456e-01,3.574944496154785156e+00,0.000000000000000000e+00,3.599999999999999867e-01,0.000000000000000000e+00
9.085065958882289072e-01,3.632974386215209961e+00,-1.594963073730468750e-01,3.599999999999999867e-01,3.700000000000000000e+05
9.093344212569353102e-01,3.992974281311035156e+00,6.125259399414062500e-01,3.599999999999999867e-01,0.000000000000000000e+00
9.093850112625118109e-01,4.007626056671142578e+00,3.600006103515625000e-01,3.599999999999999867e-01,3.700000000000000000e+05
9.102465293466911467e-01,3.632974386215209961e+00,-4.434432983398437500e-01,3.599999999999999867e-01,0.000000000000000000e+00
9.103033179819450815e-01,3.632974386215209961e+00,-7.273864746093750000e-01,3.599999999999999867e-01,3.700000000000000000e+05
9.114693033172991399e-01,4.140031337738037109e+00,3.600006103515625000e-01,3.599999999999999867e-01,0.000000000000000000e+00
9.114957844211962756e-01,4.272436857223510742e+00,3.600006103515625000e-01,3.599999999999999867e-01,3.700000000000000000e+05
9.118818063893913139e-01,4.104566097259521484e+00,0.000000000000000000e+00,3.599999999999999867e-01,0.000000000000000000e+00
9.119082874456047039e-01,4.236971378326416016e+00,0.000000000000000000e+00,3.599999999999999867e-01,3.700000000000000000e+05
9.122943094137997422e-01,4.404842138290405273e+00,3.600006103515625000e-01,3.599999999999999867e-01,0.000000000000000000e+00
9.123207904700131321e-01,4.537247419357299805e+00,3.600006103515625000e-01,3.599999999999999867e-01,3.700000000000000000e+05
9.127068124382081704e-01,4.369376659393310547e+00,0.000000000000000000e+00,3.599999999999999867e-01,0.000000000000000000e+00
9.127332935421053062e-01,4.501782178878784180e+00,0.000000000000000000e+00,3.599999999999999867e-01,3.700000000000000000e+05
9.131193155103003445e-01,4.669652938842773438e+00,3.600006103515625000e-01,3.599999999999999867e-01,0.000000000000000000e+00
9.131457965665137344e-01,4.802058219909667969e+00,3.600006103515625000e-01,3.599999999999999867e-01,3.700000000000000000e+05
9.135318185347087727e-01,4.634187459945678711e+00,0.000000000000000000e+00,3.599999999999999867e-01,0.000000000000000000e+00
9.135582995909221626e-01,4.766592741012573242e+00,0.000000000000000000e+00,3.599999999999999867e-01,3.700000000000000000e+05
9.139443215591172009e-01,4.934463500976562500e+00,3.600006103515625000e-01,3.599999999999999867e-01,0.000000000000000000e+00
9.139708026630143367e-01,5.066869020462036133e+00,3.600006103515625000e-01,3.599999999999999867e-01,3.700000000000000000e+05
9.143568247291297135e-01,4.898998022079467773e+00,0.000000000000000000e+00,3.599999999999999867e-01,0.000000000000000000e+00
9.143833058330268493e-01,5.031403541564941406e+00,0.000000000000000000e+00,3.599999999999999867e-01,3.700000000000000000e+05
9.147693278012218876e-01,5.199274301528930664e+00,3.600006103515625000e-01,3.599999999999999867e-01,0.000000000000000000e+00
9.147958088574352775e-01,5.331679582595825195e+00,3.600006103515625000e-01,3.599999999999999867e-01,3.700000000000000000e+05
9.151818308256303158e-01,5.163808822631835938e+00,0.000000000000000000e+00,3.599999999999999867e-01,0.000000000000000000e+00
9.170170536940841499e-01,5.855579376220703125e+00,9.150001525878906250e+00,3.599999999999999867e-01,3.700000000000000000e+05
9.174030756622791882e-01,6.023450136184692383e+00,9.510002136230468750e+00,3.599999999999999867e-01,0.000000000000000000e+00
9.174295567423343956e-01,6.155855536460876465e+00,9.510002136230468750e+00,3.599999999999999867e-01,3.700000000000000000e+05
9.178155787105294339e-01,5.987984776496887207e+00,9.150001525878906250e+00,3.599999999999999867e-01,0.000000000000000000e+00
9.178420597905846412e-01,6.120390176773071289e+00,9.150001525878906250e+00,3.599999999999999867e-01,3.700000000000000000e+05
9.182280817587796795e-01,6.288260936737060547e+00,9.510002136230468750e+00,3.599999999999999867e-01,0.000000000000000000e+00
9.182545628149930694e-01,6.420666217803955078e+00,9.510002136230468750e+00,3.599999999999999867e-01,3.700000000000000000e+05
9.186405847831881077e-01,6.252795457839965820e+00,9.150001525878906250e+00,3.599999999999999867e-01,0.000000000000000000e+00
9.186670658632433151e-01,6.385200858116149902e+00,9.150001525878906250e+00,3.599999999999999867e-01,3.700000000000000000e+05
9.190530878314383534e-01,6.553071618080139160e+00,9.510002136230468750e+00,3.599999999999999867e-01,0.000000000000000000e+00
9.190795688995726520e-01,6.685476958751678467e+00,9.510002136230468750e+00,3.599999999999999867e-01,3.700000000000000000e+05
9.194655908677676903e-01,6.517606198787689209e+00,9.150001525878906250e+00,3.599999999999999867e-01,0.000000000000000000e+00
9.194920719359019889e-01,6.650011539459228516e+00,9.150001525878906250e+00,3.599999999999999867e-01,3.700000000000000000e+05
9.198780939040970273e-01,6.817882299423217773e+00,9.510002136230468750e+00,3.599999999999999867e-01,0.000000000000000000e+00
9.199045749722313259e-01,6.950287640094757080e+00,9.510002136230468750e+00,3.599999999999999867e-01,3.700000000000000000e+05
9.202905969404263642e-01,6.782416880130767822e+00,9.150001525878906250e+00,3.599999999999999867e-01,0.000000000000000000e+00
9.203170780204815715e-01,6.914822280406951904e+00,9.150001525878906250e+00,3.599999999999999867e-01,3.700000000000000000e+05
9.207030999886766098e-01,7.082693040370941162e+00,9.510002136230468750e+00,3.599999999999999867e-01,0.000000000000000000e+00
9.207295810448899998e-01,7.215098321437835693e+00,9.510002136230468750e+00,3.599999999999999867e-01,3.700000000000000000e+05
9.211156030130850381e-01,7.047227561473846436e+00,9.150001525878906250e+00,3.599999999999999867e-01,0.000000000000000000e+00
9.218399232332442628e-01,7.652974307537078857e+00,1.272058486938476562e+01,3.599999999999999867e-01,3.700000000000000000e+05
9.226677486509108350e-01,7.292974293231964111e+00,1.194856262207031250e+01,3.599999999999999867e-01,0.000000000000000000e+00
9.227245380491041482e-01,7.292974293231964111e+00,1.166461563110351562e+01,3.599999999999999867e-01,3.700000000000000000e+05
9.235523634667707205e-01,7.652974307537078857e+00,1.243663787841796875e+01,3.599999999999999867e-01,0.000000000000000000e+00
9.236091521020246553e-01,7.652974307537078857e+00,1.215269470214843750e+01,3.599999999999999867e-01,3.700000000000000000e+05
9.244369775196912276e-01,7.292974293231964111e+00,1.138067245483398438e+01,3.599999999999999867e-01,0.000000000000000000e+00
9.245178473905802941e-01,7.238543838262557983e+00,1.098000335693359375e+01,3.599999999999999867e-01,3.700000000000000000e+05
9.254708359919087135e-01,7.652974307537078857e+00,1.186875152587890625e+01,3.599999999999999867e-01,0.000000000000000000e+00
9.255276246271626484e-01,7.652974307537078857e+00,1.158480834960937500e+01,3.599999999999999867e-01,3.700000000000000000e+05
9.263554534046845035e-01,7.292974293231964111e+00,1.081278228759765625e+01,3.599999999999999867e-01,0.000000000000000000e+00
9.264122420399384383e-01,7.292974293231964111e+00,1.052883911132812500e+01,3.599999999999999867e-01,3.700000000000000000e+05
9.272820353819013484e-01,7.671225294470787048e+00,1.134000015258789062e+01,3.599999999999999867e-01,0.000000000000000000e+00
9.273085164530159297e-01,7.803630650043487549e+00,1.134000015258789062e+01,3.599999999999999867e-01,3.700000000000000000e+05
9.284827770767537514e-01,7.292974293231964111e+00,1.024489593505859375e+01,3.599999999999999867e-01,0.000000000000000000e+00
9.285395657120076862e-01,7.292974293231964111e+00,9.960952758789062500e+00,3.599999999999999867e-01,3.700000000000000000e+05
9.293673911296742585e-01,7.652974307537078857e+00,1.073297500610351562e+01,3.599999999999999867e-01,0.000000000000000000e+00
9.294241805278675717e-01,7.652974307537078857e+00,1.044902801513671875e+01,3.599999999999999867e-01,3.700000000000000000e+05
9.302520059455341439e-01,7.292974293231964111e+00,9.677005767822265625e+00,3.599999999999999867e-01,0.000000000000000000e+00
9.303598168420528225e-01,7.179632931947708130e+00,9.150001525878906250e+00,3.599999999999999867e-01,3.700000000000000000e+05
9.314482722554773275e-01,7.652974307537078857e+00,1.016508483886718750e+01,3.599999999999999867e-01,0.000000000000000000e+00
9.315050608907312624e-01,7.652974307537078857e+00,9.881141662597656250e+00,3.599999999999999867e-01,3.700000000000000000e+05
9.323328863083978346e-01,7.292974293231964111e+00,9.109119415283203125e+00,3.599999999999999867e-01,0.000000000000000000e+00
9.323896749436517695e-01,7.292974293231964111e+00,8.825176239013671875e+00,3.599999999999999867e-01,3.700000000000000000e+05
9.332175003613183417e-01,7.652974307537078857e+00,9.597198486328125000e+00,3.599999999999999867e-01,0.000000000000000000e+00
9.332428147276207175e-01,7.744719743728637695e+00,9.510002136230468750e+00,3.599999999999999867e-01,3.700000000000000000e+05
9.342816118991165153e-01,7.292974293231964111e+00,8.541229248046875000e+00,3.599999999999999867e-01,0.000000000000000000e+00
9.343384005343704501e-01,7.292974293231964111e+00,8.257286071777343750e+00,3.599999999999999867e-01,3.700000000000000000e+05
9.351662259520370224e-01,7.652974307537078857e+00,9.029308319091796875e+00,3.599999999999999867e-01,0.000000000000000000e+00
9.352230145872909572e-01,7.652974307537078857e+00,8.745365142822265625e+00,3.599999999999999867e-01,3.700000000000000000e+05
9.360508400049575295e-01,7.292974293231964111e+00,7.973342895507812500e+00,3.599999999999999867e-01,0.000000000000000000e+00
9.361076286402114643e-01,7.292974293231964111e+00,7.689399719238281250e+00,3.599999999999999867e-01,3.700000000000000000e+05
9.369354540578780366e-01,7.652974307537078857e+00,8.461421966552734375e+00,3.599999999999999867e-01,0.000000000000000000e+00
9.369922434560713498e-01,7.652974307537078857e+00,8.177474975585937500e+00,3.599999999999999867e-01,3.700000000000000000e+05
9.379116950460839597e-01,7.253127366304397583e+00,7.320003509521484375e+00,3.599999999999999867e-01,0.000000000000000000e+00
9.379521858493643505e-01,7.292974293231964111e+00,7.121509552001953125e+00,3.599999999999999867e-01,3.700000000000000000e+05
9.387800112670309227e-01,7.652974307537078857e+00,7.893531799316406250e+00,3.599999999999999867e-01,0.000000000000000000e+00
9.388232195090056020e-01,7.685808822512626648e+00,7.680000305175781250e+00,3.599999999999999867e-01,3.700000000000000000e+05
9.397265465024315922e-01,7.292974293231964111e+00,6.837566375732421875e+00,3.599999999999999867e-01,0.000000000000000000e+00
9.397833359006249054e-01,7.292974293231964111e+00,6.553619384765625000e+00,3.599999999999999867e-01,3.700000000000000000e+05
9.409911335356792028e-01,7.818214178085327148e+00,7.680000305175781250e+00,3.599999999999999867e-01,0.000000000000000000e+00
9.410176146038135014e-01,7.950619518756866455e+00,7.680000305175781250e+00,3.599999999999999867e-01,3.700000000000000000e+05
9.414036332121566986e-01,7.782748758792877197e+00,7.320003509521484375e+00,3.599999999999999867e-01,0.000000000000000000e+00
9.414301142862514515e-01,7.915154129266738892e+00,7.320003509521484375e+00,3.599999999999999867e-01,3.700000000000000000e+05
9.418161328823544398e-01,8.083024859428405762e+00,7.680000305175781250e+00,3.599999999999999867e-01,0.000000000000000000e+00
9.418426139504887384e-01,8.215430200099945068e+00,7.680000305175781250e+00,3.599999999999999867e-01,3.700000000000000000e+05
9.422286325588319356e-01,8.047559440135955811e+00,7.320003509521484375e+00,3.599999999999999867e-01,0.000000000000000000e+00
9.422551136388871429e-01,8.179964840412139893e+00,7.320003509521484375e+00,3.599999999999999867e-01,3.700000000000000000e+05
9.426411322472303400e-01,8.347835600376129150e+00,7.680000305175781250e+00,3.599999999999999867e-01,0.000000000000000000e+00
9.426676133153646386e-01,8.480240941047668457e+00,7.680000305175781250e+00,3.599999999999999867e-01,3.700000000000000000e+05
9.430536319237078358e-01,8.312370181083679199e+00,7.320003509521484375e+00,3.599999999999999867e-01,0.000000000000000000e+00
9.430801129918421344e-01,8.444775521755218506e+00,7.320003509521484375e+00,3.599999999999999867e-01,3.700000000000000000e+05
9.434661315757050248e-01,8.612646222114562988e+00,7.680000305175781250e+00,3.599999999999999867e-01,0.000000000000000000e+00
9.434926126557602322e-01,8.745051622390747070e+00,7.680000305175781250e+00,3.599999999999999867e-01,3.700000000000000000e+05
9.438786312641034293e-01,8.577180862426757812e+00,7.320003509521484375e+00,3.599999999999999867e-01,0.000000000000000000e+00
9.439051123203168192e-01,8.709586143493652344e+00,7.320003509521484375e+00,3.599999999999999867e-01,3.700000000000000000e+05
9.442911309286600163e-01,8.877456903457641602e+00,7.680000305175781250e+00,3.599999999999999867e-01,0.000000000000000000e+00
9.443176120087152237e-01,9.009862303733825684e+00,7.680000305175781250e+00,3.599999999999999867e-01,3.700000000000000000e+05
9.447036306170584208e-01,8.841991543769836426e+00,7.320003509521484375e+00,3.599999999999999867e-01,0.000000000000000000e+00
9.465388527265413687e-01,9.533762216567993164e+00,1.647000122070312500e+01,3.599999999999999867e-01,3.700000000000000000e+05
9.469248746947364070e-01,9.701632976531982422e+00,1.683000183105468750e+01,3.599999999999999867e-01,0.000000000000000000e+00
9.469513557509497970e-01,9.834038257598876953e+00,1.683000183105468750e+01,3.599999999999999867e-01,3.700000000000000000e+05
9.473373777191448353e-01,9.666167497634887695e+00,1.647000122070312500e+01,3.599999999999999867e-01,0.000000000000000000e+00
9.473638587753582252e-01,9.798572778701782227e+00,1.647000122070312500e+01,3.599999999999999867e-01,3.700000000000000000e+05
9.477498807435532635e-01,9.966443538665771484e+00,1.683000183105468750e+01,3.599999999999999867e-01,0.000000000000000000e+00
9.477763618474503993e-01,1.009884905815124512e+01,1.683000183105468750e+01,3.599999999999999867e-01,3.700000000000000000e+05
9.481623838156454376e-01,9.930978298187255859e+00,1.647000122070312500e+01,3.599999999999999867e-01,0.000000000000000000e+00
9.481888648718588275e-01,1.006338357925415039e+01,1.647000122070312500e+01,3.599999999999999867e-01,3.700000000000000000e+05
9.485748868400538658e-01,1.023125433921813965e+01,1.683000183105468750e+01,3.599999999999999867e-01,0.000000000000000000e+00
9.486013678962672557e-01,1.036365962028503418e+01,1.683000183105468750e+01,3.599999999999999867e-01,3.700000000000000000e+05
9.489873898644622940e-01,1.019578886032104492e+01,1.647000122070312500e+01,3.599999999999999867e-01,0.000000000000000000e+00
9.490138709683594298e-01,1.032819437980651855e+01,1.647000122070312500e+01,3.599999999999999867e-01,3.700000000000000000e+05
9.493998929365544681e-01,1.049606513977050781e+01,1.683000183105468750e+01,3.599999999999999867e-01,0.000000000000000000e+00
9.494263739927678580e-01,1.062847042083740234e+01,1.683000183105468750e+01,3.599999999999999867e-01,3.700000000000000000e+05
9.498123959609628963e-01,1.046059966087341309e+01,1.647000122070312500e+01,3.599999999999999867e-01,0.000000000000000000e+00
9.498388770171762863e-01,1.059300494194030762e+01,1.647000122070312500e+01,3.599999999999999867e-01,3.700000000000000000e+05
9.502248989853713246e-01,1.076087570190429688e+01,1.683000183105468750e+01,3.599999999999999867e-01,0.000000000000000000e+00
9.502513800415847145e-01,1.089328098297119141e+01,1.683000183105468750e+01,3.599999999999999867e-01,3.700000000000000000e+05
9.506374020097797528e-01,1.072541022300720215e+01,1.647000122070312500e+01,3.599999999999999867e-01,0.000000000000000000e+00
9.535227091919761255e-01,4.089982509613037109e+00,3.660003662109375000e+00,3.599999999999999867e-01,3.700000000000000000e+05
9.539087278003193227e-01,4.257853269577026367e+00,4.020000457763671875e+00,3.599999999999999867e-01,0.000000000000000000e+00
9.539352088565327126e-01,4.390258550643920898e+00,4.020000457763671875e+00,3.599999999999999867e-01,3.700000000000000000e+05
9.543212274648759097e-01,4.222387790679931641e+00,3.660003662109375000e+00,3.599999999999999867e-01,0.000000000000000000e+00
9.543477085687730455e-01,4.354793310165405273e+00,3.660003662109375000e+00,3.599999999999999867e-01,3.700000000000000000e+05
9.547337271771162426e-01,4.522664070129394531e+00,4.020000457763671875e+00,3.599999999999999867e-01,0.000000000000000000e+00
9.547602082333296325e-01,4.655069351196289062e+00,4.020000457763671875e+00,3.599999999999999867e-01,3.700000000000000000e+05
9.551462268416728296e-01,4.487198591232299805e+00,3.660003662109375000e+00,3.599999999999999867e-01,0.000000000000000000e+00
9.551727078978862195e-01,4.619603872299194336e+00,3.660003662109375000e+00,3.599999999999999867e-01,3.700000000000000000e+05
9.555587265062294167e-01,4.787474632263183594e+00,4.020000457763671875e+00,3.599999999999999867e-01,0.000000000000000000e+00
9.555852075624428066e-01,4.919879913330078125e+00,4.020000457763671875e+00,3.599999999999999867e-01,3.700000000000000000e+05
9.559712261707860037e-01,4.752009153366088867e+00,3.660003662109375000e+00,3.599999999999999867e-01,0.000000000000000000e+00
9.559977072746831395e-01,4.884414672851562500e+00,3.660003662109375000e+00,3.599999999999999867e-01,3.700000000000000000e+05
9.563837258830263366e-01,5.052285432815551758e+00,4.020000457763671875e+00,3.599999999999999867e-01,0.000000000000000000e+00
9.564102069392397265e-01,5.184690713882446289e+00,4.020000457763671875e+00,3.599999999999999867e-01,3.700000000000000000e+05
9.567962255475829236e-01,5.016819953918457031e+00,3.660003662109375000e+00,3.599999999999999867e-01,0.000000000000000000e+00
9.568227066037963136e-01,5.149225234985351562e+00,3.660003662109375000e+00,3.599999999999999867e-01,3.700000000000000000e+05
9.572087252121395107e-01,5.317095994949340820e+00,4.020000457763671875e+00,3.599999999999999867e-01,0.000000000000000000e+00
9.572352062683529006e-01,5.449501276016235352e+00,4.020000457763671875e+00,3.599999999999999867e-01,3.700000000000000000e+05
9.576212248766960977e-01,5.281630516052246094e+00,3.660003662109375000e+00,3.599999999999999867e-01,0.000000000000000000e+00
9.583162037982141390e-01,5.822974324226379395e+00,7.092472076416015625e+00,3.599999999999999867e-01,3.700000000000000000e+05
9.591440292158807113e-01,5.462974309921264648e+00,6.320449829101562500e+00,3.599999999999999867e-01,0.000000000000000000e+00
9.592008186140740245e-01,5.462974309921264648e+00,6.036502838134765625e+00,3.599999999999999867e-01,3.700000000000000000e+05
9.600286440317405967e-01,5.822974324226379395e+00,6.808525085449218750e+00,3.599999999999999867e-01,0.000000000000000000e+00
9.600854326669945316e-01,5.822974324226379395e+00,6.524581909179687500e+00,3.599999999999999867e-01,3.700000000000000000e+05
9.611947941813089313e-01,5.340541601181030273e+00,5.490001678466796875e+00,3.599999999999999867e-01,0.000000000000000000e+00
9.612196514495768840e-01,5.462974309921264648e+00,5.468616485595703125e+00,3.599999999999999867e-01,3.700000000000000000e+05
9.620474768672434562e-01,5.822974324226379395e+00,6.240638732910156250e+00,3.599999999999999867e-01,0.000000000000000000e+00
9.621042655024973911e-01,5.822974324226379395e+00,5.956695556640625000e+00,3.599999999999999867e-01,3.700000000000000000e+05
9.629320942800192462e-01,5.462974309921264648e+00,5.184669494628906250e+00,3.599999999999999867e-01,0.000000000000000000e+00
9.629888829152731811e-01,5.462974309921264648e+00,4.900726318359375000e+00,3.599999999999999867e-01,3.700000000000000000e+05
9.640067739491587906e-01,5.905628323554992676e+00,5.850002288818359375e+00,3.599999999999999867e-01,0.000000000000000000e+00
9.640332550292139979e-01,6.038033723831176758e+00,5.850002288818359375e+00,3.599999999999999867e-01,3.700000000000000000e+05
9.644192769974090362e-01,5.870162963867187500e+00,5.490001678466796875e+00,3.599999999999999867e-01,0.000000000000000000e+00
9.644457580536224262e-01,6.002568244934082031e+00,5.490001678466796875e+00,3.599999999999999867e-01,3.700000000000000000e+05
9.648317800218174645e-01,6.170439004898071289e+00,5.850002288818359375e+00,3.599999999999999867e-01,0.000000000000000000e+00
9.648582611018726718e-01,6.302844405174255371e+00,5.850002288818359375e+00,3.599999999999999867e-01,3.700000000000000000e+05
9.652442830700677101e-01,6.134973645210266113e+00,5.490001678466796875e+00,3.599999999999999867e-01,0.000000000000000000e+00
9.652707641501229174e-01,6.267379045486450195e+00,5.490001678466796875e+00,3.599999999999999867e-01,3.700000000000000000e+05
9.656567861183179557e-01,6.435249805450439453e+00,5.850002288818359375e+00,3.599999999999999867e-01,0.000000000000000000e+00
9.656832671864522544e-01,6.567655146121978760e+00,5.850002288818359375e+00,3.599999999999999867e-01,3.700000000000000000e+05
9.660692891791273773e-01,6.399784326553344727e+00,5.490001678466796875e+00,3.599999999999999867e-01,0.000000000000000000e+00
9.660957702591825846e-01,6.532189726829528809e+00,5.490001678466796875e+00,3.599999999999999867e-01,3.700000000000000000e+05
9.664817922273776230e-01,6.700060486793518066e+00,5.850002288818359375e+00,3.599999999999999867e-01,0.000000000000000000e+00
9.665082733074328303e-01,6.832465887069702148e+00,5.850002288818359375e+00,3.599999999999999867e-01,3.700000000000000000e+05
9.668942953001079532e-01,6.664595067501068115e+00,5.490001678466796875e+00,3.599999999999999867e-01,0.000000000000000000e+00
9.669207763682422518e-01,6.797000408172607422e+00,5.490001678466796875e+00,3.599999999999999867e-01,3.700000000000000000e+05
9.673067983364372902e-01,6.964871168136596680e+00,5.850002288818359375e+00,3.599999999999999867e-01,0.000000000000000000e+00
9.673332794105320431e-01,7.097276538610458374e+00,5.850002288818359375e+00,3.599999999999999867e-01,3.700000000000000000e+05
9.677193013664870946e-01,6.929405808448791504e+00,5.490001678466796875e+00,3.599999999999999867e-01,0.000000000000000000e+00
9.677457824167400302e-01,7.061811059713363647e+00,5.490001678466796875e+00,3.599999999999999867e-01,3.700000000000000000e+05
9.681318043849350685e-01,7.229681819677352905e+00,5.850002288818359375e+00,3.599999999999999867e-01,0.000000000000000000e+00
9.691634414401606445e-01,7.768165230751037598e+00,1.098000335693359375e+01,3.599999999999999867e-01,3.700000000000000000e+05
9.695494600485038417e-01,7.936035990715026855e+00,1.134000015258789062e+01,3.599999999999999867e-01,0.000000000000000000e+00
9.695759411166381403e-01,8.068441331386566162e+00,1.134000015258789062e+01,3.599999999999999867e-01,3.700000000000000000e+05
9.699619597127411286e-01,7.900570601224899292e+00,1.098000335693359375e+01,3.599999999999999867e-01,0.000000000000000000e+00
9.699884407868358815e-01,8.032975971698760986e+00,1.098000335693359375e+01,3.599999999999999867e-01,3.700000000000000000e+05
9.703744593951790787e-01,8.200846731662750244e+00,1.134000015258789062e+01,3.599999999999999867e-01,0.000000000000000000e+00
9.704009404513924686e-01,8.333252012729644775e+00,1.134000015258789062e+01,3.599999999999999867e-01,3.700000000000000000e+05
9.707869590352553590e-01,8.165381312370300293e+00,1.098000335693359375e+01,3.599999999999999867e-01,0.000000000000000000e+00
9.708134401033896577e-01,8.297786653041839600e+00,1.098000335693359375e+01,3.599999999999999867e-01,3.700000000000000000e+05
9.711994587117328548e-01,8.465657413005828857e+00,1.134000015258789062e+01,3.599999999999999867e-01,0.000000000000000000e+00
9.712259397798671534e-01,8.598062753677368164e+00,1.134000015258789062e+01,3.599999999999999867e-01,3.700000000000000000e+05
9.716119583882103505e-01,8.430191993713378906e+00,1.098000335693359375e+01,3.599999999999999867e-01,0.000000000000000000e+00
9.716384394682655579e-01,8.562597393989562988e+00,1.098000335693359375e+01,3.599999999999999867e-01,3.700000000000000000e+05
9.720244580766087550e-01,8.730468153953552246e+00,1.134000015258789062e+01,3.599999999999999867e-01,0.000000000000000000e+00
9.720509391328221449e-01,8.862873435020446777e+00,1.134000015258789062e+01,3.599999999999999867e-01,3.700000000000000000e+05
9.724369577411653420e-01,8.695002675056457520e+00,1.098000335693359375e+01,3.599999999999999867e-01,0.000000000000000000e+00
9.724634388212205494e-01,8.827408075332641602e+00,1.098000335693359375e+01,3.599999999999999867e-01,3.700000000000000000e+05
9.728494574295637465e-01,8.995278835296630859e+00,1.134000015258789062e+01,3.599999999999999867e-01,0.000000000000000000e+00
9.743162149863637822e-01,1.131297421455383301e+01,1.829792594909667969e+01,3.599999999999999867e-01,3.700000000000000000e+05
9.751440420349976046e-01,1.095297431945800781e+01,1.752590179443359375e+01,3.599999999999999867e-01,0.000000000000000000e+00
9.752008306702515394e-01,1.095297431945800781e+01,1.724195861816406250e+01,3.599999999999999867e-01,3.700000000000000000e+05
9.760286560389579424e-01,1.131297421455383301e+01,1.801398086547851562e+01,3.599999999999999867e-01,0.000000000000000000e+00
9.760854446742118773e-01,1.131297421455383301e+01,1.773003768920898438e+01,3.599999999999999867e-01,3.700000000000000000e+05
9.769132717228456997e-01,1.095297431945800781e+01,1.695801353454589844e+01,3.599999999999999867e-01,0.000000000000000000e+00
9.770127123932441648e-01,1.085781574249267578e+01,1.647000122070312500e+01,3.599999999999999867e-01,3.700000000000000000e+05
9.780593571991355040e-01,1.131297421455383301e+01,1.744609260559082031e+01,3.599999999999999867e-01,0.000000000000000000e+00
9.781161462158591835e-01,1.131297421455383301e+01,1.716214752197265625e+01,3.599999999999999867e-01,3.700000000000000000e+05
9.789439715845655865e-01,1.095297431945800781e+01,1.639012527465820312e+01,3.599999999999999867e-01,0.000000000000000000e+00
9.790007602198195213e-01,1.095297431945800781e+01,1.610618209838867188e+01,3.599999999999999867e-01,3.700000000000000000e+05
9.798285855885259243e-01,1.131297421455383301e+01,1.687820434570312500e+01,3.599999999999999867e-01,0.000000000000000000e+00
9.798525920283654989e-01,1.142290258407592773e+01,1.683000183105468750e+01,3.599999999999999867e-01,3.700000000000000000e+05
9.809331997706741690e-01,1.095297431945800781e+01,1.582223701477050781e+01,3.599999999999999867e-01,0.000000000000000000e+00
9.809899884059281039e-01,1.095297431945800781e+01,1.553829383850097656e+01,3.599999999999999867e-01,3.700000000000000000e+05
9.818178137746345069e-01,1.131297421455383301e+01,1.631031608581542969e+01,3.599999999999999867e-01,0.000000000000000000e+00
9.818746027913581864e-01,1.131297421455383301e+01,1.602637100219726562e+01,3.599999999999999867e-01,3.700000000000000000e+05
9.827024281600645894e-01,1.095297431945800781e+01,1.525434875488281250e+01,3.599999999999999867e-01,0.000000000000000000e+00
9.828291022167995328e-01,1.079890465736389160e+01,1.464000320434570312e+01,3.599999999999999867e-01,3.700000000000000000e+05
9.840112122283002360e-01,1.131297421455383301e+01,1.574242782592773438e+01,3.599999999999999867e-01,0.000000000000000000e+00
9.840680012450239156e-01,1.131297421455383301e+01,1.545848274230957031e+01,3.599999999999999867e-01,3.700000000000000000e+05
9.849456422275026934e-01,1.093131017684936523e+01,1.464000320434570312e+01,3.599999999999999867e-01,0.000000000000000000e+00
9.849933370015913070e-01,1.095297431945800781e+01,1.440251541137695312e+01,3.599999999999999867e-01,3.700000000000000000e+05
9.858211623702977100e-01,1.131297421455383301e+01,1.517453765869140625e+01,3.599999999999999867e-01,0.000000000000000000e+00
9.858575305748771278e-01,1.136399149894714355e+01,1.500000000000000000e+01,3.599999999999999867e-01,3.700000000000000000e+05
9.868026697517224832e-01,1.095297431945800781e+01,1.411857223510742188e+01,3.599999999999999867e-01,0.000000000000000000e+00
9.868594583869764181e-01,1.095297431945800781e+01,1.383462905883789062e+01,3.599999999999999867e-01,3.700000000000000000e+05
9.876872837556828211e-01,1.131297421455383301e+01,1.460665130615234375e+01,3.599999999999999867e-01,0.000000000000000000e+00
9.877440723909367559e-01,1.131297421455383301e+01,1.432270812988281250e+01,3.599999999999999867e-01,3.700000000000000000e+05
9.885718977596431589e-01,1.095297431945800781e+01,1.355068588256835938e+01,3.599999999999999867e-01,0.000000000000000000e+00
9.886286871578364721e-01,1.095297431945800781e+01,1.326673889160156250e+01,3.599999999999999867e-01,3.700000000000000000e+05
9.894565125265428751e-01,1.131297421455383301e+01,1.403876113891601562e+01,3.599999999999999867e-01,0.000000000000000000e+00
9.898285842967633474e-01,9.482974290847778320e+00,1.437347793579101562e+01,3.599999999999999867e-01,3.700000000000000000e+05
9.906564097144299197e-01,9.122974276542663574e+00,1.360145568847656250e+01,3.599999999999999867e-01,0.000000000000000000e+00
9.907131983496838545e-01,9.122974276542663574e+00,1.331751251220703125e+01,3.599999999999999867e-01,3.700000000000000000e+05
9.915410237673504268e-01,9.482974290847778320e+00,1.408953475952148438e+01,3.599999999999999867e-01,0.000000000000000000e+00
9.915978131655437400e-01,9.482974290847778320e+00,1.380558776855468750e+01,3.599999999999999867e-01,3.700000000000000000e+05
9.926653624535982656e-01,9.018724322319030762e+00,1.281000137329101562e+01,3.599999999999999867e-01,0.000000000000000000e+00
9.926894570007129825e-01,9.122974276542663574e+00,1.274962234497070312e+01,3.599999999999999867e-01,3.700000000000000000e+05
9.935172824183795548e-01,9.482974290847778320e+00,1.352164459228515625e+01,3.599999999999999867e-01,0.000000000000000000e+00
9.935740710536334896e-01,9.482974290847778320e+00,1.323770141601562500e+01,3.599999999999999867e-01,3.700000000000000000e+05
9.944018964713000619e-01,9.122974276542663574e+00,1.246567916870117188e+01,3.599999999999999867e-01,0.000000000000000000e+00
9.944586851065539967e-01,9.122974276542663574e+00,1.218173599243164062e+01,3.599999999999999867e-01,3.700000000000000000e+05
9.955183850068456408e-01,9.583811044692993164e+00,1.317000198364257812e+01,3.599999999999999867e-01,0.000000000000000000e+00
9.955448661107427766e-01,9.716216564178466797e+00,1.317000198364257812e+01,3.599999999999999867e-01,3.700000000000000000e+05
9.959308880789378149e-01,9.548345804214477539e+00,1.281000137329101562e+01,3.599999999999999867e-01,0.000000000000000000e+00
9.959573691351512048e-01,9.680751085281372070e+00,1.281000137329101562e+01,3.599999999999999867e-01,3.700000000000000000e+05
9.963433911033462431e-01,9.848621845245361328e+00,1.317000198364257812e+01,3.599999999999999867e-01,0.000000000000000000e+00
9.963698721595596330e-01,9.981027126312255859e+00,1.317000198364257812e+01,3.599999999999999867e-01,3.700000000000000000e+05
9.967558941277546714e-01,9.813156366348266602e+00,1.281000137329101562e+01,3.599999999999999867e-01,0.000000000000000000e+00
9.967823751839680613e-01,9.945561647415161133e+00,1.281000137329101562e+01,3.599999999999999867e-01,3.700000000000000000e+05
9.971683972500834381e-01,1.011343264579772949e+01,1.317000198364257812e+01,3.599999999999999867e-01,0.000000000000000000e+00
9.971948783062968280e-01,1.024583792686462402e+01,1.317000198364257812e+01,3.599999999999999867e-01,3.700000000000000000e+05
9.975809002744918663e-01,1.007796716690063477e+01,1.281000137329101562e+01,3.599999999999999867e-01,0.000000000000000000e+00
9.976073813307052562e-01,1.021037244796752930e+01,1.281000137329101562e+01,3.599999999999999867e-01,3.700000000000000000e+05
9.979934032989002946e-01,1.037824320793151855e+01,1.317000198364257812e+01,3.599999999999999867e-01,0.000000000000000000e+00
9.980198844027974303e-01,1.051064872741699219e+01,1.317000198364257812e+01,3.599999999999999867e-01,3.700000000000000000e+05
9.984059064689128071e-01,1.034277772903442383e+01,1.281000137329101562e+01,3.599999999999999867e-01,0.000000000000000000e+00
9.984323875728099429e-01,1.047518324851989746e+01,1.281000137329101562e+01,3.599999999999999867e-01,3.700000000000000000e+05
9.988184095410049812e-01,1.064305400848388672e+01,1.317000198364257812e+01,3.599999999999999867e-01,0.000000000000000000e+00
9.988448905972183711e-01,1.077545928955078125e+01,1.317000198364257812e+01,3.599999999999999867e-01,3.700000000000000000e+05
9.992309125654134094e-01,1.060758852958679199e+01,1.281000137329101562e+01,3.599999999999999867e-01,0.000000000000000000e+00
9.992573936216267994e-01,1.073999381065368652e+01,1.281000137329101562e+01,3.599999999999999867e-01,3.700000000000000000e+05
9.996434155898218377e-01,1.090786457061767578e+01,1.317000198364257812e+01,3.599999999999999867e-01,0.000000000000000000e+00
9.997857003389806207e-01,1.131297445297241211e+01,1.375481796264648438e+01,3.599999999999999867e-01,3.700000000000000000e+05
1.000798809886922491e+00,1.087239933013916016e+01,1.281000137329101562e+01,3.599999999999999867e-01,0.000000000000000000e+00
1.000826266319505109e+00,1.095297431945800781e+01,1.269885253906250000e+01,3.599999999999999867e-01,3.700000000000000000e+05
1.001654091786131850e+00,1.131297445297241211e+01,1.347087478637695312e+01,3.599999999999999867e-01,0.000000000000000000e+00
1.001710880421385674e+00,1.131297445297241211e+01,1.318693161010742188e+01,3.599999999999999867e-01,3.700000000000000000e+05
1.002538709247867477e+00,1.095297431945800781e+01,1.241490554809570312e+01,3.599999999999999867e-01,0.000000000000000000e+00
1.002595497883121300e+00,1.095297431945800781e+01,1.213096237182617188e+01,3.599999999999999867e-01,3.700000000000000000e+05
1.003709640981299556e+00,1.143748617172241211e+01,1.317000198364257812e+01,3.599999999999999867e-01,0.000000000000000000e+00
1.003736122037512946e+00,1.156989145278930664e+01,1.317000198364257812e+01,3.599999999999999867e-01,3.700000000000000000e+05
1.004122144005707984e+00,1.140202069282531738e+01,1.281000137329101562e+01,3.599999999999999867e-01,0.000000000000000000e+00
1.004148625109605009e+00,1.153442621231079102e+01,1.281000137329101562e+01,3.599999999999999867e-01,3.700000000000000000e+05
1.004534646979879930e+00,1.170229673385620117e+01,1.317000198364257812e+01,3.599999999999999867e-01,0.000000000000000000e+00
1.004561128036093320e+00,1.183470201492309570e+01,1.317000198364257812e+01,3.599999999999999867e-01,3.700000000000000000e+05
1.004947149906368242e+00,1.166683149337768555e+01,1.281000137329101562e+01,3.599999999999999867e-01,0.000000000000000000e+00
1.004973630962581632e+00,1.179923677444458008e+01,1.281000137329101562e+01,3.599999999999999867e-01,3.700000000000000000e+05
1.005359652832856554e+00,1.196710729598999023e+01,1.317000198364257812e+01,3.599999999999999867e-01,0.000000000000000000e+00
1.005386133984437436e+00,1.209951305389404297e+01,1.317000198364257812e+01,3.599999999999999867e-01,3.700000000000000000e+05
1.005772156050552812e+00,1.193164205551147461e+01,1.281000137329101562e+01,3.599999999999999867e-01,0.000000000000000000e+00
1.005798637106766202e+00,1.206404733657836914e+01,1.281000137329101562e+01,3.599999999999999867e-01,3.700000000000000000e+05
1.006184659172881579e+00,1.223191833496093750e+01,1.317000198364257812e+01,3.599999999999999867e-01,0.000000000000000000e+00
1.006211140229094969e+00,1.236432361602783203e+01,1.317000198364257812e+01,3.599999999999999867e-01,3.700000000000000000e+05
1.006597162295210346e+00,1.219645261764526367e+01,1.281000137329101562e+01,3.599999999999999867e-01,0.000000000000000000e+00
1.006623643446791228e+00,1.232885837554931641e+01,1.281000137329101562e+01,3.599999999999999867e-01,3.700000000000000000e+05
1.007009665317066149e+00,1.249672889709472656e+01,1.317000198364257812e+01,3.599999999999999867e-01,0.000000000000000000e+00
1.007036146373279539e+00,1.262913417816162109e+01,1.317000198364257812e+01,3.599999999999999867e-01,3.700000000000000000e+05
1.007422168243554461e+00,1.246126365661621094e+01,1.281000137329101562e+01,3.599999999999999867e-01,0.000000000000000000e+00
1.007448649299767851e+00,1.259366893768310547e+01,1.281000137329101562e+01,3.599999999999999867e-01,3.700000000000000000e+05
1.007834671170042773e+00,1.276153945922851562e+01,1.317000198364257812e+01,3.599999999999999867e-01,0.000000000000000000e+00
1.010696954673844461e+00,4.031071662902832031e+00,1.830001831054687500e+00,3.599999999999999867e-01,3.700000000000000000e+05
1.011082976642039499e+00,4.198942422866821289e+00,2.190002441406250000e+00,3.599999999999999867e-01,0.000000000000000000e+00
1.011109457698252889e+00,4.331347703933715820e+00,2.190002441406250000e+00,3.599999999999999867e-01,3.700000000000000000e+05
1.011495479666447928e+00,4.163476943969726562e+00,1.830001831054687500e+00,3.599999999999999867e-01,0.000000000000000000e+00
1.011521960722661317e+00,4.295882225036621094e+00,1.830001831054687500e+00,3.599999999999999867e-01,3.700000000000000000e+05
1.011907982690856356e+00,4.463752985000610352e+00,2.190002441406250000e+00,3.599999999999999867e-01,0.000000000000000000e+00
1.011934463747069746e+00,4.596158266067504883e+00,2.190002441406250000e+00,3.599999999999999867e-01,3.700000000000000000e+05
1.012320485715264784e+00,4.428287506103515625e+00,1.830001831054687500e+00,3.599999999999999867e-01,0.000000000000000000e+00
1.012346966819161809e+00,4.560693025588989258e+00,1.830001831054687500e+00,3.599999999999999867e-01,3.700000000000000000e+05
1.012732988787356847e+00,4.728563785552978516e+00,2.190002441406250000e+00,3.599999999999999867e-01,0.000000000000000000e+00
1.012759469843570237e+00,4.860969066619873047e+00,2.190002441406250000e+00,3.599999999999999867e-01,3.700000000000000000e+05
1.013145491811765275e+00,4.693098306655883789e+00,1.830001831054687500e+00,3.599999999999999867e-01,0.000000000000000000e+00
1.013171972867978665e+00,4.825503587722778320e+00,1.830001831054687500e+00,3.599999999999999867e-01,3.700000000000000000e+05
1.013557994836173703e+00,4.993374347686767578e+00,2.190002441406250000e+00,3.599999999999999867e-01,0.000000000000000000e+00
1.013584475940070728e+00,5.125779867172241211e+00,2.190002441406250000e+00,3.599999999999999867e-01,3.700000000000000000e+05
1.013970497908265767e+00,4.957909107208251953e+00,1.830001831054687500e+00,3.599999999999999867e-01,0.000000000000000000e+00
1.013996978964479156e+00,5.090314388275146484e+00,1.830001831054687500e+00,3.599999999999999867e-01,3.700000000000000000e+05
1.014383000932674195e+00,5.258185148239135742e+00,2.190002441406250000e+00,3.599999999999999867e-01,0.000000000000000000e+00
1.014409481988887585e+00,5.390590429306030273e+00,2.190002441406250000e+00,3.599999999999999867e-01,3.700000000000000000e+05
1.014795503957082623e+00,5.222719669342041016e+00,1.830001831054687500e+00,3.599999999999999867e-01,0.000000000000000000e+00
1.015517318016730508e+00,5.822974324226379395e+00,5.388805389404296875e+00,3.599999999999999867e-01,3.700000000000000000e+05
1.016345143434397080e+00,5.462974309921264648e+00,4.616783142089843750e+00,3.599999999999999867e-01,0.000000000000000000e+00
1.016401932069650904e+00,5.462974309921264648e+00,4.332839965820312500e+00,3.599999999999999867e-01,3.700000000000000000e+05
1.017229757487317476e+00,5.822974324226379395e+00,5.104862213134765625e+00,3.599999999999999867e-01,0.000000000000000000e+00
1.017286546885510790e+00,5.822974324226379395e+00,4.820915222167968750e+00,3.599999999999999867e-01,3.700000000000000000e+05
1.018114372303177362e+00,5.462974309921264648e+00,4.048892974853515625e+00,3.599999999999999867e-01,0.000000000000000000e+00
1.018192763591536876e+00,5.414036035537719727e+00,3.660003662109375000e+00,3.599999999999999867e-01,3.700000000000000000e+05
1.019133121282439047e+00,5.822974324226379395e+00,4.536972045898437500e+00,3.599999999999999867e-01,0.000000000000000000e+00
1.019189909917692871e+00,5.822974324226379395e+00,4.253028869628906250e+00,3.599999999999999867e-01,3.700000000000000000e+05
1.020017735335359443e+00,5.462974309921264648e+00,3.481006622314453125e+00,3.599999999999999867e-01,0.000000000000000000e+00
1.020074523970613267e+00,5.462974309921264648e+00,3.197063446044921875e+00,3.599999999999999867e-01,3.700000000000000000e+05
1.020956944857029480e+00,5.846717476844787598e+00,4.020000457763671875e+00,3.599999999999999867e-01,0.000000000000000000e+00
1.020983425913242870e+00,5.979122757911682129e+00,4.020000457763671875e+00,3.599999999999999867e-01,3.700000000000000000e+05
1.022170317410687090e+00,5.462974309921264648e+00,2.913116455078125000e+00,3.599999999999999867e-01,0.000000000000000000e+00
1.022227106045940914e+00,5.462974309921264648e+00,2.629173278808593750e+00,3.599999999999999867e-01,3.700000000000000000e+05
1.023054931463607486e+00,5.822974324226379395e+00,3.401195526123046875e+00,3.599999999999999867e-01,0.000000000000000000e+00
1.023111720098861310e+00,5.822974324226379395e+00,3.117252349853515625e+00,3.599999999999999867e-01,3.700000000000000000e+05
1.023939545516527883e+00,5.462974309921264648e+00,2.345230102539062500e+00,3.599999999999999867e-01,0.000000000000000000e+00
1.024044824499170669e+00,5.355125188827514648e+00,1.830001831054687500e+00,3.599999999999999867e-01,3.700000000000000000e+05
1.025120652337542682e+00,5.822974324226379395e+00,2.833309173583984375e+00,3.599999999999999867e-01,0.000000000000000000e+00
1.025177441735735995e+00,5.822974324226379395e+00,2.549362182617187500e+00,3.599999999999999867e-01,3.700000000000000000e+05
1.026005267153402567e+00,5.462974309921264648e+00,1.777339935302734375e+00,3.599999999999999867e-01,0.000000000000000000e+00
1.026062055788656391e+00,5.462974309921264648e+00,1.493396759033203125e+00,3.599999999999999867e-01,3.700000000000000000e+05
1.026889881206322963e+00,5.822974324226379395e+00,2.265419006347656250e+00,3.599999999999999867e-01,0.000000000000000000e+00
1.026914492428631753e+00,5.920211911201477051e+00,2.190002441406250000e+00,3.599999999999999867e-01,3.700000000000000000e+05
1.027965917138459861e+00,5.462974309921264648e+00,1.209453582763671875e+00,3.599999999999999867e-01,0.000000000000000000e+00
1.028022705773713685e+00,5.462974309921264648e+00,9.255104064941406250e-01,3.599999999999999867e-01,3.700000000000000000e+05
1.028850531191380258e+00,5.822974324226379395e+00,1.697532653808593750e+00,3.599999999999999867e-01,0.000000000000000000e+00
1.028907320589573571e+00,5.822974324226379395e+00,1.413585662841796875e+00,3.599999999999999867e-01,3.700000000000000000e+05
1.029735146007240143e+00,5.462974309921264648e+00,6.415634155273437500e-01,3.599999999999999867e-01,0.000000000000000000e+00
1.029867721674358361e+00,5.296214103698730469e+00,3.814697265625000000e-06,3.599999999999999867e-01,3.700000000000000000e+05
1.031079013038412651e+00,5.822974324226379395e+00,1.129642486572265625e+00,3.599999999999999867e-01,0.000000000000000000e+00
1.031135801673666474e+00,5.822974324226379395e+00,8.456993103027343750e-01,3.599999999999999867e-01,3.700000000000000000e+05
1.032042625688625481e+00,5.428619623184204102e+00,3.814697265625000000e-06,3.599999999999999867e-01,0.000000000000000000e+00
1.032085238030199026e+00,5.462974309921264648e+00,-2.102699279785156250e-01,3.599999999999999867e-01,3.700000000000000000e+05
1.032913066807720881e+00,5.822974324226379395e+00,5.617561340332031250e-01,3.599999999999999867e-01,0.000000000000000000e+00
1.032954139534057347e+00,5.861300945281982422e+00,3.600006103515625000e-01,3.599999999999999867e-01,3.700000000000000000e+05
1.033870097407309396e+00,5.462974309921264648e+00,-4.942131042480468750e-01,3.599999999999999867e-01,0.000000000000000000e+00
1.033926886042563220e+00,5.462974309921264648e+00,-7.781562805175781250e-01,3.599999999999999867e-01,3.700000000000000000e+05
1.034754711460229792e+00,5.822974324226379395e+00,-6.134033203125000000e-03,3.599999999999999867e-01,0.000000000000000000e+00
1.034811500095483616e+00,5.822974324226379395e+00,-2.900772094726562500e-01,3.599999999999999867e-01,3.700000000000000000e+05
1.035639325513150188e+00,5.462974309921264648e+00,-1.062099456787109375e+00,3.599999999999999867e-01,0.000000000000000000e+00
1.035696114911343502e+00,5.462974309921264648e+00,-1.346046447753906250e+00,3.599999999999999867e-01,3.700000000000000000e+05
1.036523940329010074e+00,5.822974324226379395e+00,-5.740242004394531250e-01,3.599999999999999867e-01,0.000000000000000000e+00
1.038504997910861594e+00,7.709254324436187744e+00,9.150001525878906250e+00,3.599999999999999867e-01,3.700000000000000000e+05
1.038891019879056632e+00,7.877125084400177002e+00,9.510002136230468750e+00,3.599999999999999867e-01,0.000000000000000000e+00
1.038917500947190931e+00,8.009530425071716309e+00,9.510002136230468750e+00,3.599999999999999867e-01,3.700000000000000000e+05
1.039303522903145982e+00,7.841659694910049438e+00,9.150001525878906250e+00,3.599999999999999867e-01,0.000000000000000000e+00
1.039330003977240846e+00,7.974065065383911133e+00,9.150001525878906250e+00,3.599999999999999867e-01,3.700000000000000000e+05
1.039716025945435884e+00,8.141935825347900391e+00,9.510002136230468750e+00,3.599999999999999867e-01,0.000000000000000000e+00
1.039742507001649274e+00,8.274341106414794922e+00,9.510002136230468750e+00,3.599999999999999867e-01,3.700000000000000000e+05
1.040128528945364339e+00,8.106470406055450439e+00,9.150001525878906250e+00,3.599999999999999867e-01,0.000000000000000000e+00
1.040155010013498638e+00,8.238875746726989746e+00,9.150001525878906250e+00,3.599999999999999867e-01,3.700000000000000000e+05
1.040541031981693676e+00,8.406746506690979004e+00,9.510002136230468750e+00,3.599999999999999867e-01,0.000000000000000000e+00
1.040567513061748883e+00,8.539151906967163086e+00,9.510002136230468750e+00,3.599999999999999867e-01,3.700000000000000000e+05
1.040953535054424117e+00,8.371281087398529053e+00,9.150001525878906250e+00,3.599999999999999867e-01,0.000000000000000000e+00
1.040980016122558416e+00,8.503686428070068359e+00,9.150001525878906250e+00,3.599999999999999867e-01,3.700000000000000000e+05
1.041366038090753454e+00,8.671557188034057617e+00,9.510002136230468750e+00,3.599999999999999867e-01,0.000000000000000000e+00
1.041392519170808661e+00,8.803962588310241699e+00,9.510002136230468750e+00,3.599999999999999867e-01,3.700000000000000000e+05
1.041778541139003700e+00,8.636091828346252441e+00,9.150001525878906250e+00,3.599999999999999867e-01,0.000000000000000000e+00
1.041805022219058907e+00,8.768497228622436523e+00,9.150001525878906250e+00,3.599999999999999867e-01,3.700000000000000000e+05
1.042191044187253945e+00,8.936367988586425781e+00,9.510002136230468750e+00,3.599999999999999867e-01,0.000000000000000000e+00
1.042217525243467335e+00,9.068773269653320312e+00,9.510002136230468750e+00,3.599999999999999867e-01,3.700000000000000000e+05
1.042603547211662374e+00,8.900902509689331055e+00,9.150001525878906250e+00,3.599999999999999867e-01,0.000000000000000000e+00
1.043317069966557931e+00,9.482974290847778320e+00,1.266981124877929688e+01,3.599999999999999867e-01,3.700000000000000000e+05
1.044144895384224503e+00,9.122974276542663574e+00,1.189778900146484375e+01,3.599999999999999867e-01,0.000000000000000000e+00
1.044201684019478327e+00,9.122974276542663574e+00,1.161384582519531250e+01,3.599999999999999867e-01,3.700000000000000000e+05
1.045029509437144899e+00,9.482974290847778320e+00,1.238586807250976562e+01,3.599999999999999867e-01,0.000000000000000000e+00
1.045086298072398723e+00,9.482974290847778320e+00,1.210192489624023438e+01,3.599999999999999867e-01,3.700000000000000000e+05
1.046289314197029308e+00,8.959813356399536133e+00,1.098000335693359375e+01,3.599999999999999867e-01,0.000000000000000000e+00
1.046315795277084515e+00,9.092218756675720215e+00,1.098000335693359375e+01,3.599999999999999867e-01,3.700000000000000000e+05
1.047214344101580208e+00,9.482974290847778320e+00,1.181798171997070312e+01,3.599999999999999867e-01,0.000000000000000000e+00
1.047271133499773521e+00,9.482974290847778320e+00,1.153403472900390625e+01,3.599999999999999867e-01,3.700000000000000000e+05
1.048098958917440093e+00,9.122974276542663574e+00,1.076201248168945312e+01,3.599999999999999867e-01,0.000000000000000000e+00
1.048155747552693917e+00,9.122974276542663574e+00,1.047806930541992188e+01,3.599999999999999867e-01,3.700000000000000000e+05
1.049079980665369671e+00,9.524900197982788086e+00,1.134000015258789062e+01,3.599999999999999867e-01,0.000000000000000000e+00
1.049106461721583061e+00,9.657305479049682617e+00,1.134000015258789062e+01,3.599999999999999867e-01,3.700000000000000000e+05
1.049492480329926147e+00,9.489434719085693359e+00,1.098000335693359375e+01,3.599999999999999867e-01,0.000000000000000000e+00
1.049518961433823172e+00,9.621840238571166992e+00,1.098000335693359375e+01,3.599999999999999867e-01,3.700000000000000000e+05
1.049904980042166258e+00,9.789710998535156250e+00,1.134000015258789062e+01,3.599999999999999867e-01,0.000000000000000000e+00
1.049931461098379648e+00,9.922116279602050781e+00,1.134000015258789062e+01,3.599999999999999867e-01,3.700000000000000000e+05
1.050317479706722734e+00,9.754245519638061523e+00,1.098000335693359375e+01,3.599999999999999867e-01,0.000000000000000000e+00
1.050343960762936124e+00,9.886650800704956055e+00,1.098000335693359375e+01,3.599999999999999867e-01,3.700000000000000000e+05
1.050729979371279210e+00,1.005452156066894531e+01,1.134000015258789062e+01,3.599999999999999867e-01,0.000000000000000000e+00
1.050756460475176235e+00,1.018692708015441895e+01,1.134000015258789062e+01,3.599999999999999867e-01,3.700000000000000000e+05
1.051142479083519321e+00,1.001905632019042969e+01,1.098000335693359375e+01,3.599999999999999867e-01,0.000000000000000000e+00
1.051168960139732711e+00,1.015146160125732422e+01,1.098000335693359375e+01,3.599999999999999867e-01,3.700000000000000000e+05
1.051554978748075797e+00,1.031933236122131348e+01,1.134000015258789062e+01,3.599999999999999867e-01,0.000000000000000000e+00
1.051581459804289187e+00,1.045173764228820801e+01,1.134000015258789062e+01,3.599999999999999867e-01,3.700000000000000000e+05
1.051967478412632273e+00,1.028386688232421875e+01,1.098000335693359375e+01,3.599999999999999867e-01,0.000000000000000000e+00
1.051993959468845663e+00,1.041627216339111328e+01,1.098000335693359375e+01,3.599999999999999867e-01,3.700000000000000000e+05
1.052379978175109976e+00,1.058414316177368164e+01,1.134000015258789062e+01,3.599999999999999867e-01,0.000000000000000000e+00
1.052406459231323366e+00,1.071654844284057617e+01,1.134000015258789062e+01,3.599999999999999867e-01,3.700000000000000000e+05
1.052792477839666452e+00,1.054867768287658691e+01,1.098000335693359375e+01,3.599999999999999867e-01,0.000000000000000000e+00
1.052818958895879842e+00,1.068108296394348145e+01,1.098000335693359375e+01,3.599999999999999867e-01,3.700000000000000000e+05
1.053204977504222928e+00,1.084895372390747070e+01,1.134000015258789062e+01,3.599999999999999867e-01,0.000000000000000000e+00
1.054236614558826224e+00,1.138743710517883301e+01,1.647000122070312500e+01,3.599999999999999867e-01,3.700000000000000000e+05
1.054622636527021262e+00,1.155530786514282227e+01,1.683000183105468750e+01,3.599999999999999867e-01,0.000000000000000000e+00
1.054649117583234652e+00,1.168771314620971680e+01,1.683000183105468750e+01,3.599999999999999867e-01,3.700000000000000000e+05
1.055035139453509574e+00,1.151984262466430664e+01,1.647000122070312500e+01,3.599999999999999867e-01,0.000000000000000000e+00
1.055061620509722964e+00,1.165224790573120117e+01,1.647000122070312500e+01,3.599999999999999867e-01,3.700000000000000000e+05
1.055447642379997886e+00,1.182011842727661133e+01,1.683000183105468750e+01,3.599999999999999867e-01,0.000000000000000000e+00
1.055474123436211276e+00,1.195252370834350586e+01,1.683000183105468750e+01,3.599999999999999867e-01,3.700000000000000000e+05
1.055860145306486197e+00,1.178465318679809570e+01,1.647000122070312500e+01,3.599999999999999867e-01,0.000000000000000000e+00
1.055886626362699587e+00,1.191705846786499023e+01,1.647000122070312500e+01,3.599999999999999867e-01,3.700000000000000000e+05
1.056272648428814964e+00,1.208492946624755859e+01,1.683000183105468750e+01,3.599999999999999867e-01,0.000000000000000000e+00
1.056299129485028354e+00,1.221733474731445312e+01,1.683000183105468750e+01,3.599999999999999867e-01,3.700000000000000000e+05
1.056685151551143731e+00,1.204946374893188477e+01,1.647000122070312500e+01,3.599999999999999867e-01,0.000000000000000000e+00
1.056711632607357121e+00,1.218186902999877930e+01,1.647000122070312500e+01,3.599999999999999867e-01,3.700000000000000000e+05
1.057097654673472498e+00,1.234974002838134766e+01,1.683000183105468750e+01,3.599999999999999867e-01,0.000000000000000000e+00
1.057124135729685888e+00,1.248214530944824219e+01,1.683000183105468750e+01,3.599999999999999867e-01,3.700000000000000000e+05
1.057510157795801264e+00,1.231427431106567383e+01,1.647000122070312500e+01,3.599999999999999867e-01,0.000000000000000000e+00
1.057536638947382146e+00,1.244668006896972656e+01,1.647000122070312500e+01,3.599999999999999867e-01,3.700000000000000000e+05
1.057922660817657068e+00,1.261455059051513672e+01,1.683000183105468750e+01,3.599999999999999867e-01,0.000000000000000000e+00
1.057949141873870458e+00,1.274695587158203125e+01,1.683000183105468750e+01,3.599999999999999867e-01,3.700000000000000000e+05
1.058335163744145380e+00,1.257908535003662109e+01,1.647000122070312500e+01,3.599999999999999867e-01,0.000000000000000000e+00
1.062092409000902071e+00,3.992974281311035156e+00,-2.393074035644531250e-01,3.599999999999999867e-01,3.700000000000000000e+05
1.062920234369608474e+00,3.632974386215209961e+00,-1.011329650878906250e+00,3.599999999999999867e-01,0.000000000000000000e+00
1.062977023004862298e+00,3.632974386215209961e+00,-1.295272827148437500e+00,3.599999999999999867e-01,3.700000000000000000e+05
1.063804848373568701e+00,3.992974281311035156e+00,-5.232505798339843750e-01,3.599999999999999867e-01,0.000000000000000000e+00
1.063861637771762014e+00,3.992974281311035156e+00,-8.071975708007812500e-01,3.599999999999999867e-01,3.700000000000000000e+05
1.064689463140468417e+00,3.632974386215209961e+00,-1.579219818115234375e+00,3.599999999999999867e-01,0.000000000000000000e+00
1.064739714053631880e+00,3.648438930511474609e+00,-1.829998016357421875e+00,3.599999999999999867e-01,3.700000000000000000e+05
1.065531977443065159e+00,3.992974281311035156e+00,-1.091140747070312500e+00,3.599999999999999867e-01,0.000000000000000000e+00
1.065588766078318983e+00,3.992974281311035156e+00,-1.375083923339843750e+00,3.599999999999999867e-01,3.700000000000000000e+05
1.066076562118656978e+00,3.780844449996948242e+00,-1.829998016357421875e+00,3.599999999999999867e-01,0.000000000000000000e+00
1.066103043174870368e+00,3.913249731063842773e+00,-1.829998016357421875e+00,3.599999999999999867e-01,3.700000000000000000e+05
1.066489065143065407e+00,4.081120491027832031e+00,-1.469997406005859375e+00,3.599999999999999867e-01,0.000000000000000000e+00
1.066515546199278797e+00,4.213525772094726562e+00,-1.469997406005859375e+00,3.599999999999999867e-01,3.700000000000000000e+05
1.066901568167473835e+00,4.045655012130737305e+00,-1.829998016357421875e+00,3.599999999999999867e-01,0.000000000000000000e+00
1.066928049271370860e+00,4.178060531616210938e+00,-1.829998016357421875e+00,3.599999999999999867e-01,3.700000000000000000e+05
1.067314071239565898e+00,4.345931291580200195e+00,-1.469997406005859375e+00,3.599999999999999867e-01,0.000000000000000000e+00
1.067340552295779288e+00,4.478336572647094727e+00,-1.469997406005859375e+00,3.599999999999999867e-01,3.700000000000000000e+05
1.067726574263974326e+00,4.310465812683105469e+00,-1.829998016357421875e+00,3.599999999999999867e-01,0.000000000000000000e+00
1.067753055320187716e+00,4.442871093750000000e+00,-1.829998016357421875e+00,3.599999999999999867e-01,3.700000000000000000e+05
1.068139077288382754e+00,4.610741853713989258e+00,-1.469997406005859375e+00,3.599999999999999867e-01,0.000000000000000000e+00
1.068165558392279779e+00,4.743147373199462891e+00,-1.469997406005859375e+00,3.599999999999999867e-01,3.700000000000000000e+05
1.068551580360474818e+00,4.575276613235473633e+00,-1.829998016357421875e+00,3.599999999999999867e-01,0.000000000000000000e+00
1.068578061416688207e+00,4.707681894302368164e+00,-1.829998016357421875e+00,3.599999999999999867e-01,3.700000000000000000e+05
1.068964083384883246e+00,4.875552654266357422e+00,-1.469997406005859375e+00,3.599999999999999867e-01,0.000000000000000000e+00
1.068990564441096636e+00,5.007957935333251953e+00,-1.469997406005859375e+00,3.599999999999999867e-01,3.700000000000000000e+05
1.069376586409291674e+00,4.840087175369262695e+00,-1.829998016357421875e+00,3.599999999999999867e-01,0.000000000000000000e+00
1.069403067465505064e+00,4.972492456436157227e+00,-1.829998016357421875e+00,3.599999999999999867e-01,3.700000000000000000e+05
1.069789089531620441e+00,5.140363454818725586e+00,-1.469997406005859375e+00,3.599999999999999867e-01,0.000000000000000000e+00
1.069815570587833831e+00,5.272768735885620117e+00,-1.469997406005859375e+00,3.599999999999999867e-01,3.700000000000000000e+05
1.070201592556028869e+00,5.104897975921630859e+00,-1.829998016357421875e+00,3.599999999999999867e-01,0.000000000000000000e+00
1.070228073612242259e+00,5.237303256988525391e+00,-1.829998016357421875e+00,3.599999999999999867e-01,3.700000000000000000e+05
1.070614095580437297e+00,5.405174016952514648e+00,-1.469997406005859375e+00,3.599999999999999867e-01,0.000000000000000000e+00
1.070762303252778436e+00,5.822974324226379395e+00,-8.579673767089843750e-01,3.599999999999999867e-01,3.700000000000000000e+05
1.071804594153273893e+00,5.369708538055419922e+00,-1.829998016357421875e+00,3.599999999999999867e-01,0.000000000000000000e+00
1.071831075233329100e+00,5.502113938331604004e+00,-1.829998016357421875e+00,3.599999999999999867e-01,3.700000000000000000e+05
1.072568898833689444e+00,5.822974324226379395e+00,-1.141910552978515625e+00,3.599999999999999867e-01,0.000000000000000000e+00
1.072625687468943267e+00,5.822974324226379395e+00,-1.425853729248046875e+00,3.599999999999999867e-01,3.700000000000000000e+05
1.073059043818129110e+00,5.634519219398498535e+00,-1.829998016357421875e+00,3.599999999999999867e-01,0.000000000000000000e+00
1.073085524898184318e+00,5.766924619674682617e+00,-1.829998016357421875e+00,3.599999999999999867e-01,3.700000000000000000e+05
1.073471546866379356e+00,5.934795379638671875e+00,-1.469997406005859375e+00,3.599999999999999867e-01,0.000000000000000000e+00
1.073498027922592746e+00,6.067200660705566406e+00,-1.469997406005859375e+00,3.599999999999999867e-01,3.700000000000000000e+05
1.073884049841827615e+00,5.899330019950866699e+00,-1.829998016357421875e+00,3.599999999999999867e-01,0.000000000000000000e+00
1.073910530921882822e+00,6.031735420227050781e+00,-1.829998016357421875e+00,3.599999999999999867e-01,3.700000000000000000e+05
1.074296552890077860e+00,6.199606180191040039e+00,-1.469997406005859375e+00,3.599999999999999867e-01,0.000000000000000000e+00
1.074323033946291250e+00,6.332011461257934570e+00,-1.469997406005859375e+00,3.599999999999999867e-01,3.700000000000000000e+05
1.074709055914486289e+00,6.164140701293945312e+00,-1.829998016357421875e+00,3.599999999999999867e-01,0.000000000000000000e+00
1.074735536970699679e+00,6.296545982360839844e+00,-1.829998016357421875e+00,3.599999999999999867e-01,3.700000000000000000e+05
1.075121558938894717e+00,6.464416742324829102e+00,-1.469997406005859375e+00,3.599999999999999867e-01,0.000000000000000000e+00
1.075148039995108107e+00,6.596822023391723633e+00,-1.469997406005859375e+00,3.599999999999999867e-01,3.700000000000000000e+05
1.075534061963303145e+00,6.428951263427734375e+00,-1.829998016357421875e+00,3.599999999999999867e-01,0.000000000000000000e+00
1.075560543067200170e+00,6.561356782913208008e+00,-1.829998016357421875e+00,3.599999999999999867e-01,3.700000000000000000e+05
1.075946565035395208e+00,6.729227542877197266e+00,-1.469997406005859375e+00,3.599999999999999867e-01,0.000000000000000000e+00
1.075973046091608598e+00,6.861632823944091797e+00,-1.469997406005859375e+00,3.599999999999999867e-01,3.700000000000000000e+05
1.076359068059803636e+00,6.693762063980102539e+00,-1.829998016357421875e+00,3.599999999999999867e-01,0.000000000000000000e+00
1.076385549116017026e+00,6.826167345046997070e+00,-1.829998016357421875e+00,3.599999999999999867e-01,3.700000000000000000e+05
1.076771571096452051e+00,6.994038134813308716e+00,-1.469997406005859375e+00,3.599999999999999867e-01,0.000000000000000000e+00
1.076798052200349076e+00,7.126443654298782349e+00,-1.469997406005859375e+00,3.599999999999999867e-01,3.700000000000000000e+05
1.077184074180784101e+00,6.958572864532470703e+00,-1.829998016357421875e+00,3.599999999999999867e-01,0.000000000000000000e+00
1.077210555242957835e+00,7.090978175401687622e+00,-1.829998016357421875e+00,3.599999999999999867e-01,3.700000000000000000e+05
1.077596577205032879e+00,7.258848920464515686e+00,-1.469997406005859375e+00,3.599999999999999867e-01,0.000000000000000000e+00
1.078655758770186601e+00,5.943657398223876953e+00,3.660003662109375000e+00,3.599999999999999867e-01,3.700000000000000000e+05
1.079041777378529687e+00,6.111528158187866211e+00,4.020000457763671875e+00,3.599999999999999867e-01,0.000000000000000000e+00
1.079068258434743077e+00,6.243933439254760742e+00,4.020000457763671875e+00,3.599999999999999867e-01,3.700000000000000000e+05
1.079454276994125772e+00,6.076062798500061035e+00,3.660003662109375000e+00,3.599999999999999867e-01,0.000000000000000000e+00
1.079480758050339162e+00,6.208468079566955566e+00,3.660003662109375000e+00,3.599999999999999867e-01,3.700000000000000000e+05
1.079866776658682248e+00,6.376338839530944824e+00,4.020000457763671875e+00,3.599999999999999867e-01,0.000000000000000000e+00
1.079893257726816547e+00,6.508744180202484131e+00,4.020000457763671875e+00,3.599999999999999867e-01,3.700000000000000000e+05
1.080279276310679437e+00,6.340873479843139648e+00,3.660003662109375000e+00,3.599999999999999867e-01,0.000000000000000000e+00
1.080305757378813736e+00,6.473278820514678955e+00,3.660003662109375000e+00,3.599999999999999867e-01,3.700000000000000000e+05
1.080691775987156822e+00,6.641149580478668213e+00,4.020000457763671875e+00,3.599999999999999867e-01,0.000000000000000000e+00
1.080718257055291120e+00,6.773554921150207520e+00,4.020000457763671875e+00,3.599999999999999867e-01,3.700000000000000000e+05
1.081104275663634207e+00,6.605684161186218262e+00,3.660003662109375000e+00,3.599999999999999867e-01,0.000000000000000000e+00
1.081130756731768505e+00,6.738089501857757568e+00,3.660003662109375000e+00,3.599999999999999867e-01,3.700000000000000000e+05
1.081516775340111591e+00,6.905960261821746826e+00,4.020000457763671875e+00,3.599999999999999867e-01,0.000000000000000000e+00
1.081543256408245890e+00,7.038365602493286133e+00,4.020000457763671875e+00,3.599999999999999867e-01,3.700000000000000000e+05
1.081929275016588976e+00,6.870494842529296875e+00,3.660003662109375000e+00,3.599999999999999867e-01,0.000000000000000000e+00
1.081955756096644183e+00,7.002900242805480957e+00,3.660003662109375000e+00,3.599999999999999867e-01,3.700000000000000000e+05
1.082341774704987269e+00,7.170771002769470215e+00,4.020000457763671875e+00,3.599999999999999867e-01,0.000000000000000000e+00
1.083805950308579735e+00,9.482974290847778320e+00,1.096614837646484375e+01,3.599999999999999867e-01,3.700000000000000000e+05
1.084633775726246308e+00,9.122974276542663574e+00,1.019412612915039062e+01,3.599999999999999867e-01,0.000000000000000000e+00
1.084690565124439621e+00,9.122974276542663574e+00,9.910179138183593750e+00,3.599999999999999867e-01,3.700000000000000000e+05
1.085518390542106193e+00,9.482974290847778320e+00,1.068220138549804688e+01,3.599999999999999867e-01,0.000000000000000000e+00
1.085575179177360017e+00,9.482974290847778320e+00,1.039825820922851562e+01,3.599999999999999867e-01,3.700000000000000000e+05
1.086403004595026589e+00,9.122974276542663574e+00,9.626235961914062500e+00,3.599999999999999867e-01,0.000000000000000000e+00
1.086499925040081083e+00,9.033307790756225586e+00,9.150001525878906250e+00,3.599999999999999867e-01,3.700000000000000000e+05
1.087533940701153057e+00,9.482974290847778320e+00,1.011431503295898438e+01,3.599999999999999867e-01,0.000000000000000000e+00
1.087590729336406881e+00,9.482974290847778320e+00,9.830371856689453125e+00,3.599999999999999867e-01,3.700000000000000000e+05
1.088418554754073453e+00,9.122974276542663574e+00,9.058349609375000000e+00,3.599999999999999867e-01,0.000000000000000000e+00
1.088475344152266766e+00,9.122974276542663574e+00,8.774402618408203125e+00,3.599999999999999867e-01,3.700000000000000000e+05
1.089303169569933338e+00,9.482974290847778320e+00,9.546424865722656250e+00,3.599999999999999867e-01,0.000000000000000000e+00
1.089327375743074588e+00,9.598394632339477539e+00,9.510002136230468750e+00,3.599999999999999867e-01,3.700000000000000000e+05
1.090420612679162682e+00,9.122974276542663574e+00,8.490459442138671875e+00,3.599999999999999867e-01,0.000000000000000000e+00
1.090477401314416506e+00,9.122974276542663574e+00,8.206516265869140625e+00,3.599999999999999867e-01,3.700000000000000000e+05
1.091305226732083078e+00,9.482974290847778320e+00,8.978538513183593750e+00,3.599999999999999867e-01,0.000000000000000000e+00
1.091362015367336902e+00,9.482974290847778320e+00,8.694595336914062500e+00,3.599999999999999867e-01,3.700000000000000000e+05
1.092189840785003474e+00,9.122974276542663574e+00,7.922573089599609375e+00,3.599999999999999867e-01,0.000000000000000000e+00
1.092313964162747952e+00,8.974396944046020508e+00,7.320003509521484375e+00,3.599999999999999867e-01,3.700000000000000000e+05
1.093483443251582310e+00,9.482974290847778320e+00,8.410648345947265625e+00,3.599999999999999867e-01,0.000000000000000000e+00
1.093540231886836134e+00,9.482974290847778320e+00,8.126705169677734375e+00,3.599999999999999867e-01,3.700000000000000000e+05
1.094405243724495769e+00,9.106802225112915039e+00,7.320003509521484375e+00,3.599999999999999867e-01,0.000000000000000000e+00
1.094455201290091217e+00,9.122974276542663574e+00,7.070739746093750000e+00,3.599999999999999867e-01,3.700000000000000000e+05
1.095283026707757790e+00,9.482974290847778320e+00,7.842761993408203125e+00,3.599999999999999867e-01,0.000000000000000000e+00
1.095317485198819885e+00,9.539483785629272461e+00,7.680000305175781250e+00,3.599999999999999867e-01,3.700000000000000000e+05
1.096275255347292088e+00,9.122974276542663574e+00,6.786792755126953125e+00,3.599999999999999867e-01,0.000000000000000000e+00
1.096332043982545912e+00,9.122974276542663574e+00,6.502849578857421875e+00,3.599999999999999867e-01,3.700000000000000000e+05
1.097159869400212484e+00,9.482974290847778320e+00,7.274871826171875000e+00,3.599999999999999867e-01,0.000000000000000000e+00
1.097216658035466308e+00,9.482974290847778320e+00,6.990928649902343750e+00,3.599999999999999867e-01,3.700000000000000000e+05
1.098044483453132880e+00,9.122974276542663574e+00,6.218906402587890625e+00,3.599999999999999867e-01,0.000000000000000000e+00
1.098101272088386704e+00,9.122974276542663574e+00,5.934963226318359375e+00,3.599999999999999867e-01,3.700000000000000000e+05
1.098929097506053276e+00,9.482974290847778320e+00,6.706985473632812500e+00,3.599999999999999867e-01,0.000000000000000000e+00
1.099301169150732393e+00,7.652974307537078857e+00,7.041698455810546875e+00,3.599999999999999867e-01,3.700000000000000000e+05
1.100128994568398966e+00,7.292974293231964111e+00,6.269676208496093750e+00,3.599999999999999867e-01,0.000000000000000000e+00
1.100185783203652790e+00,7.292974293231964111e+00,5.985733032226562500e+00,3.599999999999999867e-01,3.700000000000000000e+05
1.101013608621319362e+00,7.652974307537078857e+00,6.757755279541015625e+00,3.599999999999999867e-01,0.000000000000000000e+00
1.101070397256573186e+00,7.652974307537078857e+00,6.473812103271484375e+00,3.599999999999999867e-01,3.700000000000000000e+05
1.102125319018535166e+00,7.194216459989547729e+00,5.490001678466796875e+00,3.599999999999999867e-01,0.000000000000000000e+00
1.102149781237558912e+00,7.292974293231964111e+00,5.417842864990234375e+00,3.599999999999999867e-01,3.700000000000000000e+05
1.102977610015080767e+00,7.652974307537078857e+00,6.189868927001953125e+00,3.599999999999999867e-01,0.000000000000000000e+00
1.103034399413274080e+00,7.652974307537078857e+00,5.905921936035156250e+00,3.599999999999999867e-01,3.700000000000000000e+05
1.103862224830940653e+00,7.292974293231964111e+00,5.133899688720703125e+00,3.599999999999999867e-01,0.000000000000000000e+00
1.103919013466194476e+00,7.292974293231964111e+00,4.849956512451171875e+00,3.599999999999999867e-01,3.700000000000000000e+05
1.104991344289152577e+00,7.759303271770477295e+00,5.850002288818359375e+00,3.599999999999999867e-01,0.000000000000000000e+00
1.105017825357286876e+00,7.891708612442016602e+00,5.850002288818359375e+00,3.599999999999999867e-01,3.700000000000000000e+05
1.105403847325481914e+00,7.723837852478027344e+00,5.490001678466796875e+00,3.599999999999999867e-01,0.000000000000000000e+00
1.105430328393616213e+00,7.856243193149566650e+00,5.490001678466796875e+00,3.599999999999999867e-01,3.700000000000000000e+05
1.105816350361811251e+00,8.024113953113555908e+00,5.850002288818359375e+00,3.599999999999999867e-01,0.000000000000000000e+00
1.105842831429945550e+00,8.156519293785095215e+00,5.850002288818359375e+00,3.599999999999999867e-01,3.700000000000000000e+05
1.106228853398140588e+00,7.988648533821105957e+00,5.490001678466796875e+00,3.599999999999999867e-01,0.000000000000000000e+00
1.106255334466274887e+00,8.121053874492645264e+00,5.490001678466796875e+00,3.599999999999999867e-01,3.700000000000000000e+05
1.106641356458950121e+00,8.288924694061279297e+00,5.850002288818359375e+00,3.599999999999999867e-01,0.000000000000000000e+00
1.106667837527084419e+00,8.421330034732818604e+00,5.850002288818359375e+00,3.599999999999999867e-01,3.700000000000000000e+05
1.107053859495279458e+00,8.253459274768829346e+00,5.490001678466796875e+00,3.599999999999999867e-01,0.000000000000000000e+00
1.107080340563413756e+00,8.385864615440368652e+00,5.490001678466796875e+00,3.599999999999999867e-01,3.700000000000000000e+05
1.107466362531608794e+00,8.553735375404357910e+00,5.850002288818359375e+00,3.599999999999999867e-01,0.000000000000000000e+00
1.107492843587822184e+00,8.686140656471252441e+00,5.850002288818359375e+00,3.599999999999999867e-01,3.700000000000000000e+05
1.107878865556017223e+00,8.518269896507263184e+00,5.490001678466796875e+00,3.599999999999999867e-01,0.000000000000000000e+00
1.107905346636072430e+00,8.650675296783447266e+00,5.490001678466796875e+00,3.599999999999999867e-01,3.700000000000000000e+05
1.108291368604267468e+00,8.818546056747436523e+00,5.850002288818359375e+00,3.599999999999999867e-01,0.000000000000000000e+00
1.108317849660480858e+00,8.950951337814331055e+00,5.850002288818359375e+00,3.599999999999999867e-01,3.700000000000000000e+05
1.108703871628675897e+00,8.783080577850341797e+00,5.490001678466796875e+00,3.599999999999999867e-01,0.000000000000000000e+00
1.108730352708731104e+00,8.915485978126525879e+00,5.490001678466796875e+00,3.599999999999999867e-01,3.700000000000000000e+05
1.109116374676926142e+00,9.083356738090515137e+00,5.850002288818359375e+00,3.599999999999999867e-01,0.000000000000000000e+00
1.109256097927379558e+00,9.482974290847778320e+00,6.423038482666015625e+00,3.599999999999999867e-01,3.700000000000000000e+05
1.110256576601615253e+00,9.047891259193420410e+00,5.490001678466796875e+00,3.599999999999999867e-01,0.000000000000000000e+00
1.110285385561997851e+00,9.122974276542663574e+00,5.367073059082031250e+00,3.599999999999999867e-01,3.700000000000000000e+05
1.111113210979664423e+00,9.482974290847778320e+00,6.139095306396484375e+00,3.599999999999999867e-01,0.000000000000000000e+00
1.111169999614918247e+00,9.482974290847778320e+00,5.855152130126953125e+00,3.599999999999999867e-01,3.700000000000000000e+05
1.111997825032584819e+00,9.122974276542663574e+00,5.083129882812500000e+00,3.599999999999999867e-01,0.000000000000000000e+00
1.112054613667838643e+00,9.122974276542663574e+00,4.799186706542968750e+00,3.599999999999999867e-01,3.700000000000000000e+05
1.113181384279869679e+00,9.612978219985961914e+00,5.850002288818359375e+00,3.599999999999999867e-01,0.000000000000000000e+00
1.113207865336083069e+00,9.745383501052856445e+00,5.850002288818359375e+00,3.599999999999999867e-01,3.700000000000000000e+05
1.113593887304278107e+00,9.577512741088867188e+00,5.490001678466796875e+00,3.599999999999999867e-01,0.000000000000000000e+00
1.113620368408175132e+00,9.709918260574340820e+00,5.490001678466796875e+00,3.599999999999999867e-01,3.700000000000000000e+05
1.114006390376370170e+00,9.877789020538330078e+00,5.850002288818359375e+00,3.599999999999999867e-01,0.000000000000000000e+00
1.114032871432583560e+00,1.001019430160522461e+01,5.850002288818359375e+00,3.599999999999999867e-01,3.700000000000000000e+05
1.114418893400778598e+00,9.842323541641235352e+00,5.490001678466796875e+00,3.599999999999999867e-01,0.000000000000000000e+00
1.114445374456991988e+00,9.974728822708129883e+00,5.490001678466796875e+00,3.599999999999999867e-01,3.700000000000000000e+05
1.114831396425187027e+00,1.014259958267211914e+01,5.850002288818359375e+00,3.599999999999999867e-01,0.000000000000000000e+00
1.114857877481400417e+00,1.027500486373901367e+01,5.850002288818359375e+00,3.599999999999999867e-01,3.700000000000000000e+05
1.115243899351675338e+00,1.010713434219360352e+01,5.490001678466796875e+00,3.599999999999999867e-01,0.000000000000000000e+00
1.115270380407888728e+00,1.023953962326049805e+01,5.490001678466796875e+00,3.599999999999999867e-01,3.700000000000000000e+05
1.115656402376083767e+00,1.040741038322448730e+01,5.850002288818359375e+00,3.599999999999999867e-01,0.000000000000000000e+00
1.115682883432297157e+00,1.053981566429138184e+01,5.850002288818359375e+00,3.599999999999999867e-01,3.700000000000000000e+05
1.116068905400492195e+00,1.037194490432739258e+01,5.490001678466796875e+00,3.599999999999999867e-01,0.000000000000000000e+00
1.116095386456705585e+00,1.050435018539428711e+01,5.490001678466796875e+00,3.599999999999999867e-01,3.700000000000000000e+05
1.116481408424900623e+00,1.067222094535827637e+01,5.850002288818359375e+00,3.599999999999999867e-01,0.000000000000000000e+00
1.116507889528797648e+00,1.080462646484375000e+01,5.850002288818359375e+00,3.599999999999999867e-01,3.700000000000000000e+05
1.116893911496992686e+00,1.063675570487976074e+01,5.490001678466796875e+00,3.599999999999999867e-01,0.000000000000000000e+00
1.116920392553206076e+00,1.076916098594665527e+01,5.490001678466796875e+00,3.599999999999999867e-01,3.700000000000000000e+05
1.117306414521401114e+00,1.093703174591064453e+01,5.850002288818359375e+00,3.599999999999999867e-01,0.000000000000000000e+00
1.119066157503183723e+00,1.132852625846862793e+01,1.464000320434570312e+01,3.599999999999999867e-01,3.700000000000000000e+05
1.119452176111526809e+00,1.149639701843261719e+01,1.500000000000000000e+01,3.599999999999999867e-01,0.000000000000000000e+00
1.119478657167740199e+00,1.162880229949951172e+01,1.500000000000000000e+01,3.599999999999999867e-01,3.700000000000000000e+05
1.119864675776083285e+00,1.146093153953552246e+01,1.464000320434570312e+01,3.599999999999999867e-01,0.000000000000000000e+00
1.119891156879980310e+00,1.159333705902099609e+01,1.464000320434570312e+01,3.599999999999999867e-01,3.700000000000000000e+05
1.120277175390402391e+00,1.176120758056640625e+01,1.500000000000000000e+01,3.599999999999999867e-01,0.000000000000000000e+00
1.120303656446615781e+00,1.189361286163330078e+01,1.500000000000000000e+01,3.599999999999999867e-01,3.700000000000000000e+05
1.120689674957037862e+00,1.172574234008789062e+01,1.464000320434570312e+01,3.599999999999999867e-01,0.000000000000000000e+00
1.120716156013251252e+00,1.185814762115478516e+01,1.464000320434570312e+01,3.599999999999999867e-01,3.700000000000000000e+05
1.121102174523673334e+00,1.202601814270019531e+01,1.500000000000000000e+01,3.599999999999999867e-01,0.000000000000000000e+00
1.121128655675254215e+00,1.215842390060424805e+01,1.500000000000000000e+01,3.599999999999999867e-01,3.700000000000000000e+05
1.121514674381518528e+00,1.199055290222167969e+01,1.464000320434570312e+01,3.599999999999999867e-01,0.000000000000000000e+00
1.121541155437731918e+00,1.212295818328857422e+01,1.464000320434570312e+01,3.599999999999999867e-01,3.700000000000000000e+05
1.121927174143996231e+00,1.229082918167114258e+01,1.500000000000000000e+01,3.599999999999999867e-01,0.000000000000000000e+00
1.121953655200209621e+00,1.242323446273803711e+01,1.500000000000000000e+01,3.599999999999999867e-01,3.700000000000000000e+05
1.122339673906473934e+00,1.225536346435546875e+01,1.464000320434570312e+01,3.599999999999999867e-01,0.000000000000000000e+00
1.122366155058054815e+00,1.238776922225952148e+01,1.464000320434570312e+01,3.599999999999999867e-01,3.700000000000000000e+05
1.122752173568476897e+00,1.255563974380493164e+01,1.500000000000000000e+01,3.599999999999999867e-01,0.000000000000000000e+00
1.122778654624690287e+00,1.268804502487182617e+01,1.500000000000000000e+01,3.599999999999999867e-01,3.700000000000000000e+05
1.123164673135112368e+00,1.252017450332641602e+01,1.464000320434570312e+01,3.599999999999999867e-01,0.000000000000000000e+00
1.123896777451347528e+00,1.314297437667846680e+01,1.824715423583984375e+01,3.599999999999999867e-01,3.700000000000000000e+05
1.124724602917974270e+00,1.278297424316406250e+01,1.747513198852539062e+01,3.599999999999999867e-01,0.000000000000000000e+00
1.124781391934697838e+00,1.278297424316406250e+01,1.719118690490722656e+01,3.599999999999999867e-01,3.700000000000000000e+05
1.125609217401324580e+00,1.314297437667846680e+01,1.796320915222167969e+01,3.599999999999999867e-01,0.000000000000000000e+00
1.125666006036578404e+00,1.314297437667846680e+01,1.767926597595214844e+01,3.599999999999999867e-01,3.700000000000000000e+05
1.126493831503205145e+00,1.278297424316406250e+01,1.690724372863769531e+01,3.599999999999999867e-01,0.000000000000000000e+00
1.126582440964898124e+00,1.271149063110351562e+01,1.647000122070312500e+01,3.599999999999999867e-01,3.700000000000000000e+05
1.127574644399710113e+00,1.314297437667846680e+01,1.739532089233398438e+01,3.599999999999999867e-01,0.000000000000000000e+00
1.127631433034963937e+00,1.314297437667846680e+01,1.711137771606445312e+01,3.599999999999999867e-01,3.700000000000000000e+05
1.128459258501590678e+00,1.278297424316406250e+01,1.633935546875000000e+01,3.599999999999999867e-01,0.000000000000000000e+00
1.128516047518314247e+00,1.278297424316406250e+01,1.605541038513183594e+01,3.599999999999999867e-01,3.700000000000000000e+05
1.129346627798520908e+00,1.314417219161987305e+01,1.683000183105468750e+01,3.599999999999999867e-01,0.000000000000000000e+00
1.129373108854734298e+00,1.327657747268676758e+01,1.683000183105468750e+01,3.599999999999999867e-01,3.700000000000000000e+05
1.130508156386115681e+00,1.278297424316406250e+01,1.577146720886230469e+01,3.599999999999999867e-01,0.000000000000000000e+00
1.130564945402839250e+00,1.278297424316406250e+01,1.548752212524414062e+01,3.599999999999999867e-01,3.700000000000000000e+05
1.131392770869465991e+00,1.314297437667846680e+01,1.625954437255859375e+01,3.599999999999999867e-01,0.000000000000000000e+00
1.131449559504719815e+00,1.314297437667846680e+01,1.597560119628906250e+01,3.599999999999999867e-01,3.700000000000000000e+05
1.132277384971346557e+00,1.278297424316406250e+01,1.520357894897460938e+01,3.599999999999999867e-01,0.000000000000000000e+00
1.132393077725624808e+00,1.265257978439331055e+01,1.464000320434570312e+01,3.599999999999999867e-01,3.700000000000000000e+05
1.133520746268126045e+00,1.314297437667846680e+01,1.569165611267089844e+01,3.599999999999999867e-01,0.000000000000000000e+00
1.133577534903379869e+00,1.314297437667846680e+01,1.540771293640136719e+01,3.599999999999999867e-01,3.700000000000000000e+05
1.134405362049933919e+00,1.278297424316406250e+01,1.463568878173828125e+01,3.599999999999999867e-01,0.000000000000000000e+00
1.134462150685187742e+00,1.278297424316406250e+01,1.435174560546875000e+01,3.599999999999999867e-01,3.700000000000000000e+05
1.135289976151814484e+00,1.314297437667846680e+01,1.512376785278320312e+01,3.599999999999999867e-01,0.000000000000000000e+00
1.135318888027220918e+00,1.321766662597656250e+01,1.500000000000000000e+01,3.599999999999999867e-01,3.700000000000000000e+05
1.136318467091059992e+00,1.278297424316406250e+01,1.406780242919921875e+01,3.599999999999999867e-01,0.000000000000000000e+00
1.136375256489253305e+00,1.278297424316406250e+01,1.378385543823242188e+01,3.599999999999999867e-01,3.700000000000000000e+05
1.137203085315735107e+00,1.314297437667846680e+01,1.455588150024414062e+01,3.599999999999999867e-01,0.000000000000000000e+00
1.137259874713928420e+00,1.314297437667846680e+01,1.427193450927734375e+01,3.599999999999999867e-01,3.700000000000000000e+05
1.138087700180555162e+00,1.278297424316406250e+01,1.349991226196289062e+01,3.599999999999999867e-01,0.000000000000000000e+00
1.138144488815808986e+00,1.278297424316406250e+01,1.321596908569335938e+01,3.599999999999999867e-01,3.700000000000000000e+05
1.138972314282435727e+00,1.314297437667846680e+01,1.398799133300781250e+01,3.599999999999999867e-01,0.000000000000000000e+00
1.139029102917689551e+00,1.314297437667846680e+01,1.370404815673828125e+01,3.599999999999999867e-01,3.700000000000000000e+05
1.139987772676559041e+00,1.272607421875000000e+01,1.281000137329101562e+01,3.599999999999999867e-01,0.000000000000000000e+00
1.140022098465207190e+00,1.278297424316406250e+01,1.264807891845703125e+01,3.599999999999999867e-01,3.700000000000000000e+05
1.140849923931833931e+00,1.314297437667846680e+01,1.342010116577148438e+01,3.599999999999999867e-01,0.000000000000000000e+00
1.140900043250891338e+00,1.315875577926635742e+01,1.317000198364257812e+01,3.599999999999999867e-01,3.700000000000000000e+05
1.141764158886967584e+00,1.278297424316406250e+01,1.236413574218750000e+01,3.599999999999999867e-01,0.000000000000000000e+00
1.141820947522221408e+00,1.278297424316406250e+01,1.208019256591796875e+01,3.599999999999999867e-01,3.700000000000000000e+05
1.142989530409472376e+00,1.329116106033325195e+01,1.317000198364257812e+01,3.599999999999999867e-01,0.000000000000000000e+00
1.143016011465685766e+00,1.342356634140014648e+01,1.317000198364257812e+01,3.599999999999999867e-01,3.700000000000000000e+05
1.143402033531801143e+00,1.325569534301757812e+01,1.281000137329101562e+01,3.599999999999999867e-01,0.000000000000000000e+00
1.143428514588014533e+00,1.338810062408447266e+01,1.281000137329101562e+01,3.599999999999999867e-01,3.700000000000000000e+05
1.143814536654129910e+00,1.355597162246704102e+01,1.317000198364257812e+01,3.599999999999999867e-01,0.000000000000000000e+00
1.143841017710343300e+00,1.368837690353393555e+01,1.317000198364257812e+01,3.599999999999999867e-01,3.700000000000000000e+05
1.144227039580618221e+00,1.352050638198852539e+01,1.281000137329101562e+01,3.599999999999999867e-01,0.000000000000000000e+00
1.144253520636831611e+00,1.365291166305541992e+01,1.281000137329101562e+01,3.599999999999999867e-01,3.700000000000000000e+05
1.144639542507106533e+00,1.382078218460083008e+01,1.317000198364257812e+01,3.599999999999999867e-01,0.000000000000000000e+00
1.144666023563319923e+00,1.395318746566772461e+01,1.317000198364257812e+01,3.599999999999999867e-01,3.700000000000000000e+05
1.145052045433594845e+00,1.378531694412231445e+01,1.281000137329101562e+01,3.599999999999999867e-01,0.000000000000000000e+00
1.145078526489808235e+00,1.391772222518920898e+01,1.281000137329101562e+01,3.599999999999999867e-01,3.700000000000000000e+05
1.145464548555923612e+00,1.408559322357177734e+01,1.317000198364257812e+01,3.599999999999999867e-01,0.000000000000000000e+00
1.145491029612137002e+00,1.421799850463867188e+01,1.317000198364257812e+01,3.599999999999999867e-01,3.700000000000000000e+05
1.145877051678252379e+00,1.405012750625610352e+01,1.281000137329101562e+01,3.599999999999999867e-01,0.000000000000000000e+00
1.145903532734465768e+00,1.418253278732299805e+01,1.281000137329101562e+01,3.599999999999999867e-01,3.700000000000000000e+05
1.146289554800581145e+00,1.435040378570556641e+01,1.317000198364257812e+01,3.599999999999999867e-01,0.000000000000000000e+00
1.146316035856794535e+00,1.448280906677246094e+01,1.317000198364257812e+01,3.599999999999999867e-01,3.700000000000000000e+05
1.146702057727069457e+00,1.431493854522705078e+01,1.281000137329101562e+01,3.599999999999999867e-01,0.000000000000000000e+00
1.149470656860265061e+00,5.884746432304382324e+00,1.830001831054687500e+00,3.599999999999999867e-01,3.700000000000000000e+05
1.149856678828460099e+00,6.052617192268371582e+00,2.190002441406250000e+00,3.599999999999999867e-01,0.000000000000000000e+00
1.149883159908515307e+00,6.185022592544555664e+00,2.190002441406250000e+00,3.599999999999999867e-01,3.700000000000000000e+05
1.150269181876710345e+00,6.017151832580566406e+00,1.830001831054687500e+00,3.599999999999999867e-01,0.000000000000000000e+00
1.150295662956765552e+00,6.149557232856750488e+00,1.830001831054687500e+00,3.599999999999999867e-01,3.700000000000000000e+05
1.150681684924960591e+00,6.317427992820739746e+00,2.190002441406250000e+00,3.599999999999999867e-01,0.000000000000000000e+00
1.150708165981173980e+00,6.449833273887634277e+00,2.190002441406250000e+00,3.599999999999999867e-01,3.700000000000000000e+05
1.151094187949369019e+00,6.281962513923645020e+00,1.830001831054687500e+00,3.599999999999999867e-01,0.000000000000000000e+00
1.151120669029424226e+00,6.414367914199829102e+00,1.830001831054687500e+00,3.599999999999999867e-01,3.700000000000000000e+05
1.151506690997619264e+00,6.582238674163818359e+00,2.190002441406250000e+00,3.599999999999999867e-01,0.000000000000000000e+00
1.151533172065753563e+00,6.714644014835357666e+00,2.190002441406250000e+00,3.599999999999999867e-01,3.700000000000000000e+05
1.151919194033948601e+00,6.546773254871368408e+00,1.830001831054687500e+00,3.599999999999999867e-01,0.000000000000000000e+00
1.151945675102082900e+00,6.679178595542907715e+00,1.830001831054687500e+00,3.599999999999999867e-01,3.700000000000000000e+05
1.152331697070277938e+00,6.847049355506896973e+00,2.190002441406250000e+00,3.599999999999999867e-01,0.000000000000000000e+00
1.152358178132451672e+00,6.979454666376113892e+00,2.190002441406250000e+00,3.599999999999999867e-01,3.700000000000000000e+05
1.152744200088406723e+00,6.811583936214447021e+00,1.830001831054687500e+00,3.599999999999999867e-01,0.000000000000000000e+00
1.152770681168461930e+00,6.943989336490631104e+00,1.830001831054687500e+00,3.599999999999999867e-01,3.700000000000000000e+05
1.153156703124416982e+00,7.111860066652297974e+00,2.190002441406250000e+00,3.599999999999999867e-01,0.000000000000000000e+00
1.153183184183610654e+00,7.244265362620353699e+00,2.190002441406250000e+00,3.599999999999999867e-01,3.700000000000000000e+05
1.153569206157925686e+00,7.076394587755203247e+00,1.830001831054687500e+00,3.599999999999999867e-01,0.000000000000000000e+00
1.154280226410282273e+00,7.652974307537078857e+00,5.338035583496093750e+00,3.599999999999999867e-01,3.700000000000000000e+05
1.155108051827948845e+00,7.292974293231964111e+00,4.566013336181640625e+00,3.599999999999999867e-01,0.000000000000000000e+00
1.155164841226142158e+00,7.292974293231964111e+00,4.282066345214843750e+00,3.599999999999999867e-01,3.700000000000000000e+05
1.155992666643808731e+00,7.652974307537078857e+00,5.054088592529296875e+00,3.599999999999999867e-01,0.000000000000000000e+00
1.156049455279062554e+00,7.652974307537078857e+00,4.770145416259765625e+00,3.599999999999999867e-01,3.700000000000000000e+05
1.157239840505506878e+00,7.135305523872375488e+00,3.660003662109375000e+00,3.599999999999999867e-01,0.000000000000000000e+00
1.157266321579601742e+00,7.267710894346237183e+00,3.660003662109375000e+00,3.599999999999999867e-01,3.700000000000000000e+05
1.158152239518151161e+00,7.652974307537078857e+00,4.486202239990234375e+00,3.599999999999999867e-01,0.000000000000000000e+00
1.158209028153404985e+00,7.652974307537078857e+00,4.202259063720703125e+00,3.599999999999999867e-01,3.700000000000000000e+05
1.159036853571071557e+00,7.292974293231964111e+00,3.430236816406250000e+00,3.599999999999999867e-01,0.000000000000000000e+00
1.159093642969264870e+00,7.292974293231964111e+00,3.146289825439453125e+00,3.599999999999999867e-01,3.700000000000000000e+05
1.160030506974006892e+00,7.700392350554466248e+00,4.020000457763671875e+00,3.599999999999999867e-01,0.000000000000000000e+00
1.160056988045121473e+00,7.832797706127166748e+00,4.020000457763671875e+00,3.599999999999999867e-01,3.700000000000000000e+05
1.160443006653464559e+00,7.664926946163177490e+00,3.660003662109375000e+00,3.599999999999999867e-01,0.000000000000000000e+00
1.160469487721598858e+00,7.797332286834716797e+00,3.660003662109375000e+00,3.599999999999999867e-01,3.700000000000000000e+05
1.160855506329941944e+00,7.965203046798706055e+00,4.020000457763671875e+00,3.599999999999999867e-01,0.000000000000000000e+00
1.160881987398076243e+00,8.097608387470245361e+00,4.020000457763671875e+00,3.599999999999999867e-01,3.700000000000000000e+05
1.161268005994179342e+00,7.929737657308578491e+00,3.660003662109375000e+00,3.599999999999999867e-01,0.000000000000000000e+00
1.161294487056353075e+00,8.062142968177795410e+00,3.660003662109375000e+00,3.599999999999999867e-01,3.700000000000000000e+05
1.161680505664696161e+00,8.230013728141784668e+00,4.020000457763671875e+00,3.599999999999999867e-01,0.000000000000000000e+00
1.161706986744751369e+00,8.362419128417968750e+00,4.020000457763671875e+00,3.599999999999999867e-01,3.700000000000000000e+05
1.162093005353094455e+00,8.194548368453979492e+00,3.660003662109375000e+00,3.599999999999999867e-01,0.000000000000000000e+00
1.162119486421228753e+00,8.326953709125518799e+00,3.660003662109375000e+00,3.599999999999999867e-01,3.700000000000000000e+05
1.162505505005091644e+00,8.494824409484863281e+00,4.020000457763671875e+00,3.599999999999999867e-01,0.000000000000000000e+00
1.162531986085146851e+00,8.627229809761047363e+00,4.020000457763671875e+00,3.599999999999999867e-01,3.700000000000000000e+05
1.162918004693489937e+00,8.459359049797058105e+00,3.660003662109375000e+00,3.599999999999999867e-01,0.000000000000000000e+00
1.162944485749703327e+00,8.591764330863952637e+00,3.660003662109375000e+00,3.599999999999999867e-01,3.700000000000000000e+05
1.163330504358046413e+00,8.759635090827941895e+00,4.020000457763671875e+00,3.599999999999999867e-01,0.000000000000000000e+00
1.163356985438101621e+00,8.892040491104125977e+00,4.020000457763671875e+00,3.599999999999999867e-01,3.700000000000000000e+05
1.163743004046444707e+00,8.724169731140136719e+00,3.660003662109375000e+00,3.599999999999999867e-01,0.000000000000000000e+00
1.163769485102658097e+00,8.856575012207031250e+00,3.660003662109375000e+00,3.599999999999999867e-01,3.700000000000000000e+05
1.164155503711001183e+00,9.024445772171020508e+00,4.020000457763671875e+00,3.599999999999999867e-01,0.000000000000000000e+00
1.165187140765604479e+00,9.562929153442382812e+00,9.150001525878906250e+00,3.599999999999999867e-01,3.700000000000000000e+05
1.165573162733799517e+00,9.730799913406372070e+00,9.510002136230468750e+00,3.599999999999999867e-01,0.000000000000000000e+00
1.165599643837696542e+00,9.863205432891845703e+00,9.510002136230468750e+00,3.599999999999999867e-01,3.700000000000000000e+05
1.165985665805891580e+00,9.695334672927856445e+00,9.150001525878906250e+00,3.599999999999999867e-01,0.000000000000000000e+00
1.166012146862104970e+00,9.827739953994750977e+00,9.150001525878906250e+00,3.599999999999999867e-01,3.700000000000000000e+05
1.166398168830300008e+00,9.995610713958740234e+00,9.510002136230468750e+00,3.599999999999999867e-01,0.000000000000000000e+00
1.166424649886513398e+00,1.012801599502563477e+01,9.510002136230468750e+00,3.599999999999999867e-01,3.700000000000000000e+05
1.166810671854708437e+00,9.960145235061645508e+00,9.150001525878906250e+00,3.599999999999999867e-01,0.000000000000000000e+00
1.166837152958605461e+00,1.009255075454711914e+01,9.150001525878906250e+00,3.599999999999999867e-01,3.700000000000000000e+05
1.167223174926800500e+00,1.026042151451110840e+01,9.510002136230468750e+00,3.599999999999999867e-01,0.000000000000000000e+00
1.167249655983013890e+00,1.039282679557800293e+01,9.510002136230468750e+00,3.599999999999999867e-01,3.700000000000000000e+05
1.167635677951208928e+00,1.022495603561401367e+01,9.150001525878906250e+00,3.599999999999999867e-01,0.000000000000000000e+00
1.167662159007422318e+00,1.035736131668090820e+01,9.150001525878906250e+00,3.599999999999999867e-01,3.700000000000000000e+05
1.168048180975617356e+00,1.052523207664489746e+01,9.510002136230468750e+00,3.599999999999999867e-01,0.000000000000000000e+00
1.168074662031830746e+00,1.065763735771179199e+01,9.510002136230468750e+00,3.599999999999999867e-01,3.700000000000000000e+05
1.168460684000025784e+00,1.048976659774780273e+01,9.150001525878906250e+00,3.599999999999999867e-01,0.000000000000000000e+00
1.168487165103922809e+00,1.062217211723327637e+01,9.150001525878906250e+00,3.599999999999999867e-01,3.700000000000000000e+05
1.168873187072117847e+00,1.079004287719726562e+01,9.510002136230468750e+00,3.599999999999999867e-01,0.000000000000000000e+00
1.168899668128331237e+00,1.092244815826416016e+01,9.510002136230468750e+00,3.599999999999999867e-01,3.700000000000000000e+05
1.169285690096526276e+00,1.075457739830017090e+01,9.150001525878906250e+00,3.599999999999999867e-01,0.000000000000000000e+00
1.169988428880146092e+00,1.131297421455383301e+01,1.261904144287109375e+01,3.599999999999999867e-01,3.700000000000000000e+05
1.170816254248852495e+00,1.095297431945800781e+01,1.184701919555664062e+01,3.599999999999999867e-01,0.000000000000000000e+00
1.170873042884106319e+00,1.095297431945800781e+01,1.156307601928710938e+01,3.599999999999999867e-01,3.700000000000000000e+05
1.171700868252812722e+00,1.131297421455383301e+01,1.233509826660156250e+01,3.599999999999999867e-01,0.000000000000000000e+00
1.171757657651006035e+00,1.131297421455383301e+01,1.205115127563476562e+01,3.599999999999999867e-01,3.700000000000000000e+05
1.172906230626710622e+00,1.081348824501037598e+01,1.098000335693359375e+01,3.599999999999999867e-01,0.000000000000000000e+00
1.172932711682924012e+00,1.094589352607727051e+01,1.098000335693359375e+01,3.599999999999999867e-01,3.700000000000000000e+05
1.173776817407453654e+00,1.131297421455383301e+01,1.176720809936523438e+01,3.599999999999999867e-01,0.000000000000000000e+00
1.173833606042707478e+00,1.131297421455383301e+01,1.148326492309570312e+01,3.599999999999999867e-01,3.700000000000000000e+05
1.174661431411413881e+00,1.095297431945800781e+01,1.071124267578125000e+01,3.599999999999999867e-01,0.000000000000000000e+00
1.174718220046667705e+00,1.095297431945800781e+01,1.042729949951171875e+01,3.599999999999999867e-01,3.700000000000000000e+05
1.175696892899456447e+00,1.137857508659362793e+01,1.134000015258789062e+01,3.599999999999999867e-01,0.000000000000000000e+00
1.175723374003353472e+00,1.151098060607910156e+01,1.134000015258789062e+01,3.599999999999999867e-01,3.700000000000000000e+05
1.176109392709617785e+00,1.134310960769653320e+01,1.098000335693359375e+01,3.599999999999999867e-01,0.000000000000000000e+00
1.176135873765831175e+00,1.147551488876342773e+01,1.098000335693359375e+01,3.599999999999999867e-01,3.700000000000000000e+05
1.176521892472095487e+00,1.164338588714599609e+01,1.134000015258789062e+01,3.599999999999999867e-01,0.000000000000000000e+00
1.176548373528308877e+00,1.177579116821289062e+01,1.134000015258789062e+01,3.599999999999999867e-01,3.700000000000000000e+05
1.176934392234573190e+00,1.160792016983032227e+01,1.098000335693359375e+01,3.599999999999999867e-01,0.000000000000000000e+00
1.176960873386154072e+00,1.174032592773437500e+01,1.098000335693359375e+01,3.599999999999999867e-01,3.700000000000000000e+05
1.177346891896576153e+00,1.190819644927978516e+01,1.134000015258789062e+01,3.599999999999999867e-01,0.000000000000000000e+00
1.177373372952789543e+00,1.204060173034667969e+01,1.134000015258789062e+01,3.599999999999999867e-01,3.700000000000000000e+05
1.177759391463211625e+00,1.187273120880126953e+01,1.098000335693359375e+01,3.599999999999999867e-01,0.000000000000000000e+00
1.177785872519425014e+00,1.200513648986816406e+01,1.098000335693359375e+01,3.599999999999999867e-01,3.700000000000000000e+05
1.178171891029847096e+00,1.217300701141357422e+01,1.134000015258789062e+01,3.599999999999999867e-01,0.000000000000000000e+00
1.178198372181427978e+00,1.230541276931762695e+01,1.134000015258789062e+01,3.599999999999999867e-01,3.700000000000000000e+05
1.178584390887692290e+00,1.213754177093505859e+01,1.098000335693359375e+01,3.599999999999999867e-01,0.000000000000000000e+00
1.178610871943905680e+00,1.226994705200195312e+01,1.098000335693359375e+01,3.599999999999999867e-01,3.700000000000000000e+05
1.178996890650169993e+00,1.243781805038452148e+01,1.134000015258789062e+01,3.599999999999999867e-01,0.000000000000000000e+00
1.179023371706383383e+00,1.257022333145141602e+01,1.134000015258789062e+01,3.599999999999999867e-01,3.700000000000000000e+05
1.179409390412647696e+00,1.240235233306884766e+01,1.098000335693359375e+01,3.599999999999999867e-01,0.000000000000000000e+00
1.179435871468861086e+00,1.253475761413574219e+01,1.098000335693359375e+01,3.599999999999999867e-01,3.700000000000000000e+05
1.179821890175125398e+00,1.270262861251831055e+01,1.134000015258789062e+01,3.599999999999999867e-01,0.000000000000000000e+00
1.180853527224750898e+00,1.324111175537109375e+01,1.647000122070312500e+01,3.599999999999999867e-01,3.700000000000000000e+05
1.181239549290866275e+00,1.340898275375366211e+01,1.683000183105468750e+01,3.599999999999999867e-01,0.000000000000000000e+00
1.181266030347079665e+00,1.354138803482055664e+01,1.683000183105468750e+01,3.599999999999999867e-01,3.700000000000000000e+05
1.181652052217354587e+00,1.337351751327514648e+01,1.647000122070312500e+01,3.599999999999999867e-01,0.000000000000000000e+00
1.181678533273567977e+00,1.350592279434204102e+01,1.647000122070312500e+01,3.599999999999999867e-01,3.700000000000000000e+05
1.182064555143842899e+00,1.367379331588745117e+01,1.683000183105468750e+01,3.599999999999999867e-01,0.000000000000000000e+00
1.182091036200056289e+00,1.380619859695434570e+01,1.683000183105468750e+01,3.599999999999999867e-01,3.700000000000000000e+05
1.182477058070331211e+00,1.363832807540893555e+01,1.647000122070312500e+01,3.599999999999999867e-01,0.000000000000000000e+00
1.182503539126544601e+00,1.377073335647583008e+01,1.647000122070312500e+01,3.599999999999999867e-01,3.700000000000000000e+05
1.182889561192659977e+00,1.393860435485839844e+01,1.683000183105468750e+01,3.599999999999999867e-01,0.000000000000000000e+00
1.182916042248873367e+00,1.407100963592529297e+01,1.683000183105468750e+01,3.599999999999999867e-01,3.700000000000000000e+05
1.183302064314988744e+00,1.390313863754272461e+01,1.647000122070312500e+01,3.599999999999999867e-01,0.000000000000000000e+00
1.183328545371202134e+00,1.403554391860961914e+01,1.647000122070312500e+01,3.599999999999999867e-01,3.700000000000000000e+05
1.183714567437317511e+00,1.420341491699218750e+01,1.683000183105468750e+01,3.599999999999999867e-01,0.000000000000000000e+00
1.183741048493530901e+00,1.433582019805908203e+01,1.683000183105468750e+01,3.599999999999999867e-01,3.700000000000000000e+05
1.184127070559646278e+00,1.416794919967651367e+01,1.647000122070312500e+01,3.599999999999999867e-01,0.000000000000000000e+00
1.184153551711227159e+00,1.430035495758056641e+01,1.647000122070312500e+01,3.599999999999999867e-01,3.700000000000000000e+05
1.184539573581502081e+00,1.446822547912597656e+01,1.683000183105468750e+01,3.599999999999999867e-01,0.000000000000000000e+00
1.184566054637715471e+00,1.460063076019287109e+01,1.683000183105468750e+01,3.599999999999999867e-01,3.700000000000000000e+05
1.184952076507990393e+00,1.443276023864746094e+01,1.647000122070312500e+01,3.599999999999999867e-01,0.000000000000000000e+00
1.184978557564203783e+00,1.456516551971435547e+01,1.647000122070312500e+01,3.599999999999999867e-01,3.700000000000000000e+05
1.185916321209943280e+00,1.497297430038452148e+01,1.734455108642578125e+01,3.599999999999999867e-01,0.000000000000000000e+00
1.185973110226666849e+00,1.497297430038452148e+01,1.706060600280761719e+01,3.599999999999999867e-01,3.700000000000000000e+05
1.186800935693293590e+00,1.461297416687011719e+01,1.628858375549316406e+01,3.599999999999999867e-01,0.000000000000000000e+00
1.186857724328547414e+00,1.461297416687011719e+01,1.600464057922363281e+01,3.599999999999999867e-01,3.700000000000000000e+05
1.187742744397826788e+00,1.499784708023071289e+01,1.683000183105468750e+01,3.599999999999999867e-01,0.000000000000000000e+00
1.187769225454040178e+00,1.513025236129760742e+01,1.683000183105468750e+01,3.599999999999999867e-01,3.700000000000000000e+05
1.188958714454421139e+00,1.461297416687011719e+01,1.572069549560546875e+01,3.599999999999999867e-01,0.000000000000000000e+00
1.189015503089674963e+00,1.461297416687011719e+01,1.543675231933593750e+01,3.599999999999999867e-01,3.700000000000000000e+05
1.189843328556301705e+00,1.497297430038452148e+01,1.620877456665039062e+01,3.599999999999999867e-01,0.000000000000000000e+00
1.189900117573025273e+00,1.497297430038452148e+01,1.592482948303222656e+01,3.599999999999999867e-01,3.700000000000000000e+05
1.190727941359725595e+00,1.461297416687011719e+01,1.515280914306640625e+01,3.599999999999999867e-01,0.000000000000000000e+00
1.194231205148667208e+00,5.825835585594177246e+00,0.000000000000000000e+00,3.599999999999999867e-01,3.700000000000000000e+05
1.194617227116862246e+00,5.993706345558166504e+00,3.600006103515625000e-01,3.599999999999999867e-01,0.000000000000000000e+00
1.194643708173075636e+00,6.126111626625061035e+00,3.600006103515625000e-01,3.599999999999999867e-01,3.700000000000000000e+05
1.195029730141270674e+00,5.958240866661071777e+00,0.000000000000000000e+00,3.599999999999999867e-01,0.000000000000000000e+00
1.195056211221325881e+00,6.090646266937255859e+00,0.000000000000000000e+00,3.599999999999999867e-01,3.700000000000000000e+05
1.195442233189520920e+00,6.258517026901245117e+00,3.600006103515625000e-01,3.599999999999999867e-01,0.000000000000000000e+00
1.195468714245734310e+00,6.390922307968139648e+00,3.600006103515625000e-01,3.599999999999999867e-01,3.700000000000000000e+05
1.195854736164969179e+00,6.223051667213439941e+00,0.000000000000000000e+00,3.599999999999999867e-01,0.000000000000000000e+00
1.195881217221182569e+00,6.355456948280334473e+00,0.000000000000000000e+00,3.599999999999999867e-01,3.700000000000000000e+05
1.196267239213857803e+00,6.523327767848968506e+00,3.600006103515625000e-01,3.599999999999999867e-01,0.000000000000000000e+00
1.196293720281992101e+00,6.655733108520507812e+00,3.600006103515625000e-01,3.599999999999999867e-01,3.700000000000000000e+05
1.196679742250187140e+00,6.487862348556518555e+00,0.000000000000000000e+00,3.599999999999999867e-01,0.000000000000000000e+00
1.196706223318321438e+00,6.620267689228057861e+00,0.000000000000000000e+00,3.599999999999999867e-01,3.700000000000000000e+05
1.197092245286516476e+00,6.788138449192047119e+00,3.600006103515625000e-01,3.599999999999999867e-01,0.000000000000000000e+00
1.197118726354650775e+00,6.920543789863586426e+00,3.600006103515625000e-01,3.599999999999999867e-01,3.700000000000000000e+05
1.197504748322845813e+00,6.752673029899597168e+00,0.000000000000000000e+00,3.599999999999999867e-01,0.000000000000000000e+00
1.197531229402901021e+00,6.885078430175781250e+00,0.000000000000000000e+00,3.599999999999999867e-01,3.700000000000000000e+05
1.197917251358856072e+00,7.052949160337448120e+00,3.600006103515625000e-01,3.599999999999999867e-01,0.000000000000000000e+00
1.197943732415069462e+00,7.185354441404342651e+00,3.600006103515625000e-01,3.599999999999999867e-01,3.700000000000000000e+05
1.198329754383264500e+00,7.017483681440353394e+00,0.000000000000000000e+00,3.599999999999999867e-01,0.000000000000000000e+00
1.199067656425857997e+00,7.652974307537078857e+00,3.634368896484375000e+00,3.599999999999999867e-01,3.700000000000000000e+05
1.199895481843524569e+00,7.292974293231964111e+00,2.862346649169921875e+00,3.599999999999999867e-01,0.000000000000000000e+00
1.199952270478778393e+00,7.292974293231964111e+00,2.578403472900390625e+00,3.599999999999999867e-01,3.700000000000000000e+05
1.200780095896444966e+00,7.652974307537078857e+00,3.350425720214843750e+00,3.599999999999999867e-01,0.000000000000000000e+00
1.200836884531698789e+00,7.652974307537078857e+00,3.066482543945312500e+00,3.599999999999999867e-01,3.700000000000000000e+05
1.201664709949365362e+00,7.292974293231964111e+00,2.294460296630859375e+00,3.599999999999999867e-01,0.000000000000000000e+00
1.201759114817863017e+00,7.208799988031387329e+00,1.830001831054687500e+00,3.599999999999999867e-01,3.700000000000000000e+05
1.202780499568508299e+00,7.652974307537078857e+00,2.782535552978515625e+00,3.599999999999999867e-01,0.000000000000000000e+00
1.202837288203762123e+00,7.652974307537078857e+00,2.498592376708984375e+00,3.599999999999999867e-01,3.700000000000000000e+05
1.203665113621428695e+00,7.292974293231964111e+00,1.726570129394531250e+00,3.599999999999999867e-01,0.000000000000000000e+00
1.203721902256682519e+00,7.292974293231964111e+00,1.442626953125000000e+00,3.599999999999999867e-01,3.700000000000000000e+05
1.204549727674349091e+00,7.652974307537078857e+00,2.214649200439453125e+00,3.599999999999999867e-01,0.000000000000000000e+00
1.204574407458399277e+00,7.773886799812316895e+00,2.190002441406250000e+00,3.599999999999999867e-01,3.700000000000000000e+05
1.205680275292674519e+00,7.292974293231964111e+00,1.158679962158203125e+00,3.599999999999999867e-01,0.000000000000000000e+00
1.205737063927928343e+00,7.292974293231964111e+00,8.747367858886718750e-01,3.599999999999999867e-01,3.700000000000000000e+05
1.206564889345594915e+00,7.652974307537078857e+00,1.646759033203125000e+00,3.599999999999999867e-01,0.000000000000000000e+00
1.206621677980848739e+00,7.652974307537078857e+00,1.362815856933593750e+00,3.599999999999999867e-01,3.700000000000000000e+05
1.207449503398515311e+00,7.292974293231964111e+00,5.907936096191406250e-01,3.599999999999999867e-01,0.000000000000000000e+00
1.207571078145144750e+00,7.149889051914215088e+00,0.000000000000000000e+00,3.599999999999999867e-01,3.700000000000000000e+05
1.208727933079980721e+00,7.652974307537078857e+00,1.078872680664062500e+00,3.599999999999999867e-01,0.000000000000000000e+00
1.208784722478174034e+00,7.652974307537078857e+00,7.949256896972656250e-01,3.599999999999999867e-01,3.700000000000000000e+05
1.209637106765260484e+00,7.282294422388076782e+00,0.000000000000000000e+00,3.599999999999999867e-01,0.000000000000000000e+00
1.209689358388128744e+00,7.292974293231964111e+00,-2.610397338867187500e-01,3.599999999999999867e-01,3.700000000000000000e+05
1.210517183805795316e+00,7.652974307537078857e+00,5.109825134277343750e-01,3.599999999999999867e-01,0.000000000000000000e+00
1.210549827169513204e+00,7.714975878596305847e+00,3.600006103515625000e-01,3.599999999999999867e-01,3.700000000000000000e+05
1.211520224825718195e+00,7.292974293231964111e+00,-5.449829101562500000e-01,3.599999999999999867e-01,0.000000000000000000e+00
1.211577013460972019e+00,7.292974293231964111e+00,-8.289260864257812500e-01,3.599999999999999867e-01,3.700000000000000000e+05
1.212404838878638591e+00,7.652974307537078857e+00,-5.690383911132812500e-02,3.599999999999999867e-01,0.000000000000000000e+00
1.212461628276831904e+00,7.652974307537078857e+00,-3.408508300781250000e-01,3.599999999999999867e-01,3.700000000000000000e+05
1.213289453694498476e+00,7.292974293231964111e+00,-1.112873077392578125e+00,3.599999999999999867e-01,0.000000000000000000e+00
1.213346242329752300e+00,7.292974293231964111e+00,-1.396816253662109375e+00,3.599999999999999867e-01,3.700000000000000000e+05
1.214174067747418873e+00,7.652974307537078857e+00,-6.247940063476562500e-01,3.599999999999999867e-01,0.000000000000000000e+00
1.214230856382672696e+00,7.652974307537078857e+00,-9.087371826171875000e-01,3.599999999999999867e-01,3.700000000000000000e+05
1.215218707481855231e+00,7.223383516073226929e+00,-1.829998016357421875e+00,3.599999999999999867e-01,0.000000000000000000e+00
1.215245188548499389e+00,7.355788849294185638e+00,-1.829998016357421875e+00,3.599999999999999867e-01,3.700000000000000000e+05
1.215928572375087446e+00,7.652974307537078857e+00,-1.192680358886718750e+00,3.599999999999999867e-01,0.000000000000000000e+00
1.215984039228879432e+00,7.656064957380294800e+00,-1.469997406005859375e+00,3.599999999999999867e-01,3.700000000000000000e+05
1.216370061194014474e+00,7.488194204866886139e+00,-1.829998016357421875e+00,3.599999999999999867e-01,0.000000000000000000e+00
1.216396542263638914e+00,7.620599552989006042e+00,-1.829998016357421875e+00,3.599999999999999867e-01,3.700000000000000000e+05
1.216782564225713958e+00,7.788470298051834106e+00,-1.469997406005859375e+00,3.599999999999999867e-01,0.000000000000000000e+00
1.216809045299808822e+00,7.920875668525695801e+00,-1.469997406005859375e+00,3.599999999999999867e-01,3.700000000000000000e+05
1.217195067268003861e+00,7.753004908561706543e+00,-1.829998016357421875e+00,3.599999999999999867e-01,0.000000000000000000e+00
1.217221548336138159e+00,7.885410249233245850e+00,-1.829998016357421875e+00,3.599999999999999867e-01,3.700000000000000000e+05
1.217607570304333198e+00,8.053281009197235107e+00,-1.469997406005859375e+00,3.599999999999999867e-01,0.000000000000000000e+00
1.217634051372467496e+00,8.185686349868774414e+00,-1.469997406005859375e+00,3.599999999999999867e-01,3.700000000000000000e+05
1.218020073340662535e+00,8.017815589904785156e+00,-1.829998016357421875e+00,3.599999999999999867e-01,0.000000000000000000e+00
1.218046554408796833e+00,8.150220930576324463e+00,-1.829998016357421875e+00,3.599999999999999867e-01,3.700000000000000000e+05
1.218432576376991872e+00,8.318091690540313721e+00,-1.469997406005859375e+00,3.599999999999999867e-01,0.000000000000000000e+00
1.218459057457047079e+00,8.450497090816497803e+00,-1.469997406005859375e+00,3.599999999999999867e-01,3.700000000000000000e+05
1.218845079425242117e+00,8.282626330852508545e+00,-1.829998016357421875e+00,3.599999999999999867e-01,0.000000000000000000e+00
1.218871560493376416e+00,8.415031671524047852e+00,-1.829998016357421875e+00,3.599999999999999867e-01,3.700000000000000000e+05
1.219257582461571454e+00,8.582902431488037109e+00,-1.469997406005859375e+00,3.599999999999999867e-01,0.000000000000000000e+00
1.219284063517784844e+00,8.715307712554931641e+00,-1.469997406005859375e+00,3.599999999999999867e-01,3.700000000000000000e+05
1.219670085485979882e+00,8.547436952590942383e+00,-1.829998016357421875e+00,3.599999999999999867e-01,0.000000000000000000e+00
1.219696566566035090e+00,8.679842352867126465e+00,-1.829998016357421875e+00,3.599999999999999867e-01,3.700000000000000000e+05
1.220082588534230128e+00,8.847713112831115723e+00,-1.469997406005859375e+00,3.599999999999999867e-01,0.000000000000000000e+00
1.220109069590443518e+00,8.980118393898010254e+00,-1.469997406005859375e+00,3.599999999999999867e-01,3.700000000000000000e+05
1.220495091558638556e+00,8.812247633934020996e+00,-1.829998016357421875e+00,3.599999999999999867e-01,0.000000000000000000e+00
1.220521572638693764e+00,8.944653034210205078e+00,-1.829998016357421875e+00,3.599999999999999867e-01,3.700000000000000000e+05
1.220907594606888802e+00,9.112523794174194336e+00,-1.469997406005859375e+00,3.599999999999999867e-01,0.000000000000000000e+00
1.222667337588671410e+00,9.504018306732177734e+00,7.320003509521484375e+00,3.599999999999999867e-01,3.700000000000000000e+05
1.223053356197014496e+00,9.671889066696166992e+00,7.680000305175781250e+00,3.599999999999999867e-01,0.000000000000000000e+00
1.223079837253227886e+00,9.804294347763061523e+00,7.680000305175781250e+00,3.599999999999999867e-01,3.700000000000000000e+05
1.223465855861570972e+00,9.636423587799072266e+00,7.320003509521484375e+00,3.599999999999999867e-01,0.000000000000000000e+00
1.223492336965467997e+00,9.768829107284545898e+00,7.320003509521484375e+00,3.599999999999999867e-01,3.700000000000000000e+05
1.223878355573811083e+00,9.936699867248535156e+00,7.680000305175781250e+00,3.599999999999999867e-01,0.000000000000000000e+00
1.223904836630024473e+00,1.006910514831542969e+01,7.680000305175781250e+00,3.599999999999999867e-01,3.700000000000000000e+05
1.224290855238367559e+00,9.901234388351440430e+00,7.320003509521484375e+00,3.599999999999999867e-01,0.000000000000000000e+00
1.224317336294580949e+00,1.003363966941833496e+01,7.320003509521484375e+00,3.599999999999999867e-01,3.700000000000000000e+05
1.224703354902924035e+00,1.020151042938232422e+01,7.680000305175781250e+00,3.599999999999999867e-01,0.000000000000000000e+00
1.224729836006821060e+00,1.033391594886779785e+01,7.680000305175781250e+00,3.599999999999999867e-01,3.700000000000000000e+05
1.225115854615164146e+00,1.016604518890380859e+01,7.320003509521484375e+00,3.599999999999999867e-01,0.000000000000000000e+00
1.225142335671377536e+00,1.029845046997070312e+01,7.320003509521484375e+00,3.599999999999999867e-01,3.700000000000000000e+05
1.225528354279720622e+00,1.046632122993469238e+01,7.680000305175781250e+00,3.599999999999999867e-01,0.000000000000000000e+00
1.225554835335934012e+00,1.059872651100158691e+01,7.680000305175781250e+00,3.599999999999999867e-01,3.700000000000000000e+05
1.225940853944277098e+00,1.043085575103759766e+01,7.320003509521484375e+00,3.599999999999999867e-01,0.000000000000000000e+00
1.225967335048174123e+00,1.056326127052307129e+01,7.320003509521484375e+00,3.599999999999999867e-01,3.700000000000000000e+05
1.226353353656517209e+00,1.073113203048706055e+01,7.680000305175781250e+00,3.599999999999999867e-01,0.000000000000000000e+00
1.226379834712730599e+00,1.086353731155395508e+01,7.680000305175781250e+00,3.599999999999999867e-01,3.700000000000000000e+05
1.226765853321073685e+00,1.069566655158996582e+01,7.320003509521484375e+00,3.599999999999999867e-01,0.000000000000000000e+00
1.227495449460036747e+00,1.131297421455383301e+01,1.091537475585937500e+01,3.599999999999999867e-01,3.700000000000000000e+05
1.228323274828743150e+00,1.095297431945800781e+01,1.014335250854492188e+01,3.599999999999999867e-01,0.000000000000000000e+00
1.228380063463996974e+00,1.095297431945800781e+01,9.859409332275390625e+00,3.599999999999999867e-01,3.700000000000000000e+05
1.229207888832703377e+00,1.131297421455383301e+01,1.063143157958984375e+01,3.599999999999999867e-01,0.000000000000000000e+00
1.229264677467957201e+00,1.131297421455383301e+01,1.034748840332031250e+01,3.599999999999999867e-01,3.700000000000000000e+05
1.230092502836663604e+00,1.095297431945800781e+01,9.575466156005859375e+00,3.599999999999999867e-01,0.000000000000000000e+00
1.230178613242086216e+00,1.088698267936706543e+01,9.150001525878906250e+00,3.599999999999999867e-01,3.700000000000000000e+05
1.231158189114085699e+00,1.131297421455383301e+01,1.006354522705078125e+01,3.599999999999999867e-01,0.000000000000000000e+00
1.231214978512279012e+00,1.131297421455383301e+01,9.779598236083984375e+00,3.599999999999999867e-01,3.700000000000000000e+05
1.232042803880985415e+00,1.095297431945800781e+01,9.007575988769531250e+00,3.599999999999999867e-01,0.000000000000000000e+00
1.232099592516239239e+00,1.095297431945800781e+01,8.723632812500000000e+00,3.599999999999999867e-01,3.700000000000000000e+05
1.232942801941265154e+00,1.131966423988342285e+01,9.510002136230468750e+00,3.599999999999999867e-01,0.000000000000000000e+00
1.232969282997478544e+00,1.145206952095031738e+01,9.510002136230468750e+00,3.599999999999999867e-01,3.700000000000000000e+05
1.234116959673679181e+00,1.095297431945800781e+01,8.439689636230468750e+00,3.599999999999999867e-01,0.000000000000000000e+00
1.234173749071872495e+00,1.095297431945800781e+01,8.155742645263671875e+00,3.599999999999999867e-01,3.700000000000000000e+05
1.235001577800434402e+00,1.131297421455383301e+01,8.927768707275390625e+00,3.599999999999999867e-01,0.000000000000000000e+00
1.235058367198627716e+00,1.131297421455383301e+01,8.643821716308593750e+00,3.599999999999999867e-01,3.700000000000000000e+05
1.235886192567334119e+00,1.095297431945800781e+01,7.871799468994140625e+00,3.599999999999999867e-01,0.000000000000000000e+00
1.235999343689661689e+00,1.082807183265686035e+01,7.320003509521484375e+00,3.599999999999999867e-01,3.700000000000000000e+05
1.237114382989423111e+00,1.131297421455383301e+01,8.359878540039062500e+00,3.599999999999999867e-01,0.000000000000000000e+00
1.237171171624676935e+00,1.131297421455383301e+01,8.075935363769531250e+00,3.599999999999999867e-01,3.700000000000000000e+05
1.237998996993383338e+00,1.095297431945800781e+01,7.303913116455078125e+00,3.599999999999999867e-01,0.000000000000000000e+00
1.238055786391576651e+00,1.095297431945800781e+01,7.019966125488281250e+00,3.599999999999999867e-01,3.700000000000000000e+05
1.238883611760283054e+00,1.131297421455383301e+01,7.791988372802734375e+00,3.599999999999999867e-01,0.000000000000000000e+00
1.238911158720090722e+00,1.139315867424011230e+01,7.680000305175781250e+00,3.599999999999999867e-01,3.700000000000000000e+05
1.239923368608675469e+00,1.095297431945800781e+01,6.736022949218750000e+00,3.599999999999999867e-01,0.000000000000000000e+00
1.239980157243929293e+00,1.095297431945800781e+01,6.452079772949218750e+00,3.599999999999999867e-01,3.700000000000000000e+05
1.240807982612635696e+00,1.131297421455383301e+01,7.224102020263671875e+00,3.599999999999999867e-01,0.000000000000000000e+00
1.240864771247889520e+00,1.131297421455383301e+01,6.940158843994140625e+00,3.599999999999999867e-01,3.700000000000000000e+05
1.241692596616595923e+00,1.095297431945800781e+01,6.168136596679687500e+00,3.599999999999999867e-01,0.000000000000000000e+00
1.241749386014789236e+00,1.095297431945800781e+01,5.884189605712890625e+00,3.599999999999999867e-01,3.700000000000000000e+05
1.242577211383495639e+00,1.131297421455383301e+01,6.656211853027343750e+00,3.599999999999999867e-01,0.000000000000000000e+00
1.242634000018749463e+00,1.131297421455383301e+01,6.372268676757812500e+00,3.599999999999999867e-01,3.700000000000000000e+05
1.243580038854952052e+00,1.090156626701354980e+01,5.490001678466796875e+00,3.599999999999999867e-01,0.000000000000000000e+00
1.243616268086688459e+00,1.095297431945800781e+01,5.316303253173828125e+00,3.599999999999999867e-01,3.700000000000000000e+05
1.244444093455394862e+00,1.131297421455383301e+01,6.088325500488281250e+00,3.599999999999999867e-01,0.000000000000000000e+00
1.244491947617107241e+00,1.133424782752990723e+01,5.850002288818359375e+00,3.599999999999999867e-01,3.700000000000000000e+05
1.245368690718076099e+00,1.095297431945800781e+01,5.032360076904296875e+00,3.599999999999999867e-01,0.000000000000000000e+00
1.245425480116269412e+00,1.095297431945800781e+01,4.748413085937500000e+00,3.599999999999999867e-01,3.700000000000000000e+05
1.246606693828266943e+00,1.146665310859680176e+01,5.850002288818359375e+00,3.599999999999999867e-01,0.000000000000000000e+00
1.246633174932163968e+00,1.159905862808227539e+01,5.850002288818359375e+00,3.599999999999999867e-01,3.700000000000000000e+05
1.247019196998279345e+00,1.143118762969970703e+01,5.490001678466796875e+00,3.599999999999999867e-01,0.000000000000000000e+00
1.247045678054492734e+00,1.156359291076660156e+01,5.490001678466796875e+00,3.599999999999999867e-01,3.700000000000000000e+05
1.247431700120608111e+00,1.173146390914916992e+01,5.850002288818359375e+00,3.599999999999999867e-01,0.000000000000000000e+00
1.247458181176821501e+00,1.186386919021606445e+01,5.850002288818359375e+00,3.599999999999999867e-01,3.700000000000000000e+05
1.247844203242936878e+00,1.169599819183349609e+01,5.490001678466796875e+00,3.599999999999999867e-01,0.000000000000000000e+00
1.247870684394517760e+00,1.182840394973754883e+01,5.490001678466796875e+00,3.599999999999999867e-01,3.700000000000000000e+05
1.248256706264792681e+00,1.199627447128295898e+01,5.850002288818359375e+00,3.599999999999999867e-01,0.000000000000000000e+00
1.248283187321006071e+00,1.212867975234985352e+01,5.850002288818359375e+00,3.599999999999999867e-01,3.700000000000000000e+05
1.248669209191280993e+00,1.196080923080444336e+01,5.490001678466796875e+00,3.599999999999999867e-01,0.000000000000000000e+00
1.248695690247494383e+00,1.209321451187133789e+01,5.490001678466796875e+00,3.599999999999999867e-01,3.700000000000000000e+05
1.249081712117769305e+00,1.226108503341674805e+01,5.850002288818359375e+00,3.599999999999999867e-01,0.000000000000000000e+00
1.249108193173982695e+00,1.239349031448364258e+01,5.850002288818359375e+00,3.599999999999999867e-01,3.700000000000000000e+05
1.249494215044257617e+00,1.222561979293823242e+01,5.490001678466796875e+00,3.599999999999999867e-01,0.000000000000000000e+00
1.249520696100471007e+00,1.235802507400512695e+01,5.490001678466796875e+00,3.599999999999999867e-01,3.700000000000000000e+05
1.249906718166586383e+00,1.252589607238769531e+01,5.850002288818359375e+00,3.599999999999999867e-01,0.000000000000000000e+00
1.249933199222799773e+00,1.265830135345458984e+01,5.850002288818359375e+00,3.599999999999999867e-01,3.700000000000000000e+05
1.250319221288915150e+00,1.249043035507202148e+01,5.490001678466796875e+00,3.599999999999999867e-01,0.000000000000000000e+00
1.252154444157369095e+00,1.318220090866088867e+01,1.464000320434570312e+01,3.599999999999999867e-01,3.700000000000000000e+05
1.252540462863633408e+00,1.335007190704345703e+01,1.500000000000000000e+01,3.599999999999999867e-01,0.000000000000000000e+00
1.252566943919846798e+00,1.348247718811035156e+01,1.500000000000000000e+01,3.599999999999999867e-01,3.700000000000000000e+05
1.252952962430268880e+00,1.331460666656494141e+01,1.464000320434570312e+01,3.599999999999999867e-01,0.000000000000000000e+00
1.252979443486482269e+00,1.344701194763183594e+01,1.464000320434570312e+01,3.599999999999999867e-01,3.700000000000000000e+05
1.253365461996904351e+00,1.361488246917724609e+01,1.500000000000000000e+01,3.599999999999999867e-01,0.000000000000000000e+00
1.253391943053117741e+00,1.374728775024414062e+01,1.500000000000000000e+01,3.599999999999999867e-01,3.700000000000000000e+05
1.253777961563539822e+00,1.357941722869873047e+01,1.464000320434570312e+01,3.599999999999999867e-01,0.000000000000000000e+00
1.253804442619753212e+00,1.371182250976562500e+01,1.464000320434570312e+01,3.599999999999999867e-01,3.700000000000000000e+05
1.254190461130175294e+00,1.387969303131103516e+01,1.500000000000000000e+01,3.599999999999999867e-01,0.000000000000000000e+00
1.254216942281756175e+00,1.401209878921508789e+01,1.500000000000000000e+01,3.599999999999999867e-01,3.700000000000000000e+05
1.254602960988020488e+00,1.384422779083251953e+01,1.464000320434570312e+01,3.599999999999999867e-01,0.000000000000000000e+00
1.254629442044233878e+00,1.397663307189941406e+01,1.464000320434570312e+01,3.599999999999999867e-01,3.700000000000000000e+05
1.255015460750498191e+00,1.414450407028198242e+01,1.500000000000000000e+01,3.599999999999999867e-01,0.000000000000000000e+00
1.255041941806711581e+00,1.427690935134887695e+01,1.500000000000000000e+01,3.599999999999999867e-01,3.700000000000000000e+05
1.255427960512975893e+00,1.410903835296630859e+01,1.464000320434570312e+01,3.599999999999999867e-01,0.000000000000000000e+00
1.255454441664556775e+00,1.424144411087036133e+01,1.464000320434570312e+01,3.599999999999999867e-01,3.700000000000000000e+05
1.255840460174978857e+00,1.440931463241577148e+01,1.500000000000000000e+01,3.599999999999999867e-01,0.000000000000000000e+00
1.255866941231192246e+00,1.454171991348266602e+01,1.500000000000000000e+01,3.599999999999999867e-01,3.700000000000000000e+05
1.256252959741614328e+00,1.437384939193725586e+01,1.464000320434570312e+01,3.599999999999999867e-01,0.000000000000000000e+00
1.256279440797827718e+00,1.450625467300415039e+01,1.464000320434570312e+01,3.599999999999999867e-01,3.700000000000000000e+05
1.257352669551256019e+00,1.497297430038452148e+01,1.564088630676269531e+01,3.599999999999999867e-01,0.000000000000000000e+00
1.257409458567979588e+00,1.497297430038452148e+01,1.535694122314453125e+01,3.599999999999999867e-01,3.700000000000000000e+05
1.258237284034606329e+00,1.461297416687011719e+01,1.458491897583007812e+01,3.599999999999999867e-01,0.000000000000000000e+00
1.258294072669860153e+00,1.461297416687011719e+01,1.430097579956054688e+01,3.599999999999999867e-01,3.700000000000000000e+05
1.259121898136486895e+00,1.497297430038452148e+01,1.507299804687500000e+01,3.599999999999999867e-01,0.000000000000000000e+00
1.259146396972114390e+00,1.507134151458740234e+01,1.500000000000000000e+01,3.599999999999999867e-01,3.700000000000000000e+05
1.260200419184879461e+00,1.461297416687011719e+01,1.401702880859375000e+01,3.599999999999999867e-01,0.000000000000000000e+00
1.260257207820133285e+00,1.461297416687011719e+01,1.373308563232421875e+01,3.599999999999999867e-01,3.700000000000000000e+05
1.261085033286760027e+00,1.497297430038452148e+01,1.450510787963867188e+01,3.599999999999999867e-01,0.000000000000000000e+00
1.261141821922013850e+00,1.497297430038452148e+01,1.422116470336914062e+01,3.599999999999999867e-01,3.700000000000000000e+05
1.261969647388640592e+00,1.461297416687011719e+01,1.344914245605468750e+01,3.599999999999999867e-01,0.000000000000000000e+00
1.262101698096082192e+00,1.444734382629394531e+01,1.281000137329101562e+01,3.599999999999999867e-01,3.700000000000000000e+05
1.263310395317053691e+00,1.497297430038452148e+01,1.393722152709960938e+01,3.599999999999999867e-01,0.000000000000000000e+00
1.263367184715247005e+00,1.497297430038452148e+01,1.365327453613281250e+01,3.599999999999999867e-01,3.700000000000000000e+05
1.264271411325189609e+00,1.457974910736083984e+01,1.281000137329101562e+01,3.599999999999999867e-01,0.000000000000000000e+00
1.264314465664045928e+00,1.461297416687011719e+01,1.259730911254882812e+01,3.599999999999999867e-01,3.700000000000000000e+05
1.265142291130672669e+00,1.497297430038452148e+01,1.336933135986328125e+01,3.599999999999999867e-01,0.000000000000000000e+00
1.265182930522971372e+00,1.501243066787719727e+01,1.317000198364257812e+01,3.599999999999999867e-01,3.700000000000000000e+05
1.266101485948120553e+00,1.461297416687011719e+01,1.231336593627929688e+01,3.599999999999999867e-01,0.000000000000000000e+00
1.266158274583374377e+00,1.461297416687011719e+01,1.202942276000976562e+01,3.599999999999999867e-01,3.700000000000000000e+05
1.266986100050001118e+00,1.497297430038452148e+01,1.280144500732421875e+01,3.599999999999999867e-01,0.000000000000000000e+00
1.267042889448194432e+00,1.497297430038452148e+01,1.251749801635742188e+01,3.599999999999999867e-01,3.700000000000000000e+05
1.267870714914821173e+00,1.461297416687011719e+01,1.174547576904296875e+01,3.599999999999999867e-01,0.000000000000000000e+00
1.267927503550074997e+00,1.461297416687011719e+01,1.146153259277343750e+01,3.599999999999999867e-01,3.700000000000000000e+05
1.268755329016701738e+00,1.497297430038452148e+01,1.223355484008789062e+01,3.599999999999999867e-01,0.000000000000000000e+00
1.271289674464047836e+00,7.738421380519866943e+00,1.830001831054687500e+00,3.599999999999999867e-01,3.700000000000000000e+05
1.271675696432242875e+00,7.906292140483856201e+00,2.190002441406250000e+00,3.599999999999999867e-01,0.000000000000000000e+00
1.271702177500377173e+00,8.038697481155395508e+00,2.190002441406250000e+00,3.599999999999999867e-01,3.700000000000000000e+05
1.272088199468572212e+00,7.870826721191406250e+00,1.830001831054687500e+00,3.599999999999999867e-01,0.000000000000000000e+00
1.272114680536706510e+00,8.003232061862945557e+00,1.830001831054687500e+00,3.599999999999999867e-01,3.700000000000000000e+05
1.272500702504901549e+00,8.171102821826934814e+00,2.190002441406250000e+00,3.599999999999999867e-01,0.000000000000000000e+00
1.272527183573035847e+00,8.303508162498474121e+00,2.190002441406250000e+00,3.599999999999999867e-01,3.700000000000000000e+05
1.272913205541230885e+00,8.135637402534484863e+00,1.830001831054687500e+00,3.599999999999999867e-01,0.000000000000000000e+00
1.272939686621286093e+00,8.268042802810668945e+00,1.830001831054687500e+00,3.599999999999999867e-01,3.700000000000000000e+05
1.273325708589481131e+00,8.435913562774658203e+00,2.190002441406250000e+00,3.599999999999999867e-01,0.000000000000000000e+00
1.273352189645694521e+00,8.568318843841552734e+00,2.190002441406250000e+00,3.599999999999999867e-01,3.700000000000000000e+05
1.273738211589409586e+00,8.400448143482208252e+00,1.830001831054687500e+00,3.599999999999999867e-01,0.000000000000000000e+00
1.273764692657543884e+00,8.532853484153747559e+00,1.830001831054687500e+00,3.599999999999999867e-01,3.700000000000000000e+05
1.274150714625738923e+00,8.700724244117736816e+00,2.190002441406250000e+00,3.599999999999999867e-01,0.000000000000000000e+00
1.274177195681952313e+00,8.833129525184631348e+00,2.190002441406250000e+00,3.599999999999999867e-01,3.700000000000000000e+05
1.274563217650147351e+00,8.665258765220642090e+00,1.830001831054687500e+00,3.599999999999999867e-01,0.000000000000000000e+00
1.274589698730202558e+00,8.797664165496826172e+00,1.830001831054687500e+00,3.599999999999999867e-01,3.700000000000000000e+05
1.274975720698397597e+00,8.965534925460815430e+00,2.190002441406250000e+00,3.599999999999999867e-01,0.000000000000000000e+00
1.275002201754610986e+00,9.097940206527709961e+00,2.190002441406250000e+00,3.599999999999999867e-01,3.700000000000000000e+05
1.275388223722806025e+00,8.930069446563720703e+00,1.830001831054687500e+00,3.599999999999999867e-01,0.000000000000000000e+00
1.276088462293180958e+00,9.482974290847778320e+00,5.287261962890625000e+00,3.599999999999999867e-01,3.700000000000000000e+05
1.276916287710847531e+00,9.122974276542663574e+00,4.515239715576171875e+00,3.599999999999999867e-01,0.000000000000000000e+00
1.276973076346101355e+00,9.122974276542663574e+00,4.231296539306640625e+00,3.599999999999999867e-01,3.700000000000000000e+05
1.277800901763767927e+00,9.482974290847778320e+00,5.003318786621093750e+00,3.599999999999999867e-01,0.000000000000000000e+00
1.277857690399021751e+00,9.482974290847778320e+00,4.719375610351562500e+00,3.599999999999999867e-01,3.700000000000000000e+05
1.278993635860873335e+00,8.988980412483215332e+00,3.660003662109375000e+00,3.599999999999999867e-01,0.000000000000000000e+00
1.279020116940928542e+00,9.121385812759399414e+00,3.660003662109375000e+00,3.599999999999999867e-01,3.700000000000000000e+05
1.279851595102645012e+00,9.482974290847778320e+00,4.435432434082031250e+00,3.599999999999999867e-01,0.000000000000000000e+00
1.279908384500838325e+00,9.482974290847778320e+00,4.151485443115234375e+00,3.599999999999999867e-01,3.700000000000000000e+05
1.280736209918504898e+00,9.122974276542663574e+00,3.379463195800781250e+00,3.599999999999999867e-01,0.000000000000000000e+00
1.280792998553758721e+00,9.122974276542663574e+00,3.095520019531250000e+00,3.599999999999999867e-01,3.700000000000000000e+05
1.281784302280253307e+00,9.554067134857177734e+00,4.020000457763671875e+00,3.599999999999999867e-01,0.000000000000000000e+00
1.281810783384150332e+00,9.686472654342651367e+00,4.020000457763671875e+00,3.599999999999999867e-01,3.700000000000000000e+05
1.282196801992493418e+00,9.518601894378662109e+00,3.660003662109375000e+00,3.599999999999999867e-01,0.000000000000000000e+00
1.282223283048706808e+00,9.651007175445556641e+00,3.660003662109375000e+00,3.599999999999999867e-01,3.700000000000000000e+05
1.282609301657049894e+00,9.818877935409545898e+00,4.020000457763671875e+00,3.599999999999999867e-01,0.000000000000000000e+00
1.282635782713263284e+00,9.951283216476440430e+00,4.020000457763671875e+00,3.599999999999999867e-01,3.700000000000000000e+05
1.283021801321606370e+00,9.783412456512451172e+00,3.660003662109375000e+00,3.599999999999999867e-01,0.000000000000000000e+00
1.283048282425503395e+00,9.915817975997924805e+00,3.660003662109375000e+00,3.599999999999999867e-01,3.700000000000000000e+05
1.283434301033846481e+00,1.008368873596191406e+01,4.020000457763671875e+00,3.599999999999999867e-01,0.000000000000000000e+00
1.283460782090059871e+00,1.021609401702880859e+01,4.020000457763671875e+00,3.599999999999999867e-01,3.700000000000000000e+05
1.283846800698402957e+00,1.004822325706481934e+01,3.660003662109375000e+00,3.599999999999999867e-01,0.000000000000000000e+00
1.283873281754616347e+00,1.018062853813171387e+01,3.660003662109375000e+00,3.599999999999999867e-01,3.700000000000000000e+05
1.284259300362959433e+00,1.034849929809570312e+01,4.020000457763671875e+00,3.599999999999999867e-01,0.000000000000000000e+00
1.284285781466856458e+00,1.048090481758117676e+01,4.020000457763671875e+00,3.599999999999999867e-01,3.700000000000000000e+05
1.284671800075199544e+00,1.031303405761718750e+01,3.660003662109375000e+00,3.599999999999999867e-01,0.000000000000000000e+00
1.284698281131412934e+00,1.044543933868408203e+01,3.660003662109375000e+00,3.599999999999999867e-01,3.700000000000000000e+05
1.285084299739756020e+00,1.061331009864807129e+01,4.020000457763671875e+00,3.599999999999999867e-01,0.000000000000000000e+00
1.285110780795969410e+00,1.074571537971496582e+01,4.020000457763671875e+00,3.599999999999999867e-01,3.700000000000000000e+05
1.285496799404312496e+00,1.057784461975097656e+01,3.660003662109375000e+00,3.599999999999999867e-01,0.000000000000000000e+00
1.285523280508209520e+00,1.071025013923645020e+01,3.660003662109375000e+00,3.599999999999999867e-01,3.700000000000000000e+05
1.285909299116552607e+00,1.087812089920043945e+01,4.020000457763671875e+00,3.599999999999999867e-01,0.000000000000000000e+00
1.286940936166178107e+00,1.141660404205322266e+01,9.150001525878906250e+00,3.599999999999999867e-01,3.700000000000000000e+05
1.287326958232293483e+00,1.158447504043579102e+01,9.510002136230468750e+00,3.599999999999999867e-01,0.000000000000000000e+00
1.287353439288506873e+00,1.171688032150268555e+01,9.510002136230468750e+00,3.599999999999999867e-01,3.700000000000000000e+05
1.287739461354622250e+00,1.154900932312011719e+01,9.150001525878906250e+00,3.599999999999999867e-01,0.000000000000000000e+00
1.287765942506203132e+00,1.168141508102416992e+01,9.150001525878906250e+00,3.599999999999999867e-01,3.700000000000000000e+05
1.288151964376478054e+00,1.184928560256958008e+01,9.510002136230468750e+00,3.599999999999999867e-01,0.000000000000000000e+00
1.288178445432691444e+00,1.198169088363647461e+01,9.510002136230468750e+00,3.599999999999999867e-01,3.700000000000000000e+05
1.288564467302966365e+00,1.181382036209106445e+01,9.150001525878906250e+00,3.599999999999999867e-01,0.000000000000000000e+00
1.288590948359179755e+00,1.194622564315795898e+01,9.150001525878906250e+00,3.599999999999999867e-01,3.700000000000000000e+05
1.288976970229454677e+00,1.211409616470336914e+01,9.510002136230468750e+00,3.599999999999999867e-01,0.000000000000000000e+00
1.289003451285668067e+00,1.224650144577026367e+01,9.510002136230468750e+00,3.599999999999999867e-01,3.700000000000000000e+05
1.289389473155942989e+00,1.207863092422485352e+01,9.150001525878906250e+00,3.599999999999999867e-01,0.000000000000000000e+00
1.289415954212156379e+00,1.221103620529174805e+01,9.150001525878906250e+00,3.599999999999999867e-01,3.700000000000000000e+05
1.289801976278271756e+00,1.237890720367431641e+01,9.510002136230468750e+00,3.599999999999999867e-01,0.000000000000000000e+00
1.289828457334485146e+00,1.251131248474121094e+01,9.510002136230468750e+00,3.599999999999999867e-01,3.700000000000000000e+05
1.290214479400600522e+00,1.234344148635864258e+01,9.150001525878906250e+00,3.599999999999999867e-01,0.000000000000000000e+00
1.290240960456813912e+00,1.247584676742553711e+01,9.150001525878906250e+00,3.599999999999999867e-01,3.700000000000000000e+05
1.290626982522929289e+00,1.264371776580810547e+01,9.510002136230468750e+00,3.599999999999999867e-01,0.000000000000000000e+00
1.290653463579142679e+00,1.277612304687500000e+01,9.510002136230468750e+00,3.599999999999999867e-01,3.700000000000000000e+05
1.291039485645258056e+00,1.260825204849243164e+01,9.150001525878906250e+00,3.599999999999999867e-01,0.000000000000000000e+00
1.291731453809860763e+00,1.314297437667846680e+01,1.256827163696289062e+01,3.599999999999999867e-01,3.700000000000000000e+05
1.292559279276487505e+00,1.278297424316406250e+01,1.179624938964843750e+01,3.599999999999999867e-01,0.000000000000000000e+00
1.292616068674680818e+00,1.278297424316406250e+01,1.151230239868164062e+01,3.599999999999999867e-01,3.700000000000000000e+05
1.293443894141307560e+00,1.314297437667846680e+01,1.228432464599609375e+01,3.599999999999999867e-01,0.000000000000000000e+00
1.293500682776561383e+00,1.314297437667846680e+01,1.200038146972656250e+01,3.599999999999999867e-01,3.700000000000000000e+05
1.294594815963192813e+00,1.266716337203979492e+01,1.098000335693359375e+01,3.599999999999999867e-01,0.000000000000000000e+00
1.294619047029665238e+00,1.278297424316406250e+01,1.094441604614257812e+01,3.599999999999999867e-01,3.700000000000000000e+05
1.295446872496291979e+00,1.314297437667846680e+01,1.171643829345703125e+01,3.599999999999999867e-01,0.000000000000000000e+00
1.295503661131545803e+00,1.314297437667846680e+01,1.143249511718750000e+01,3.599999999999999867e-01,3.700000000000000000e+05
1.296331486598172544e+00,1.278297424316406250e+01,1.066047286987304688e+01,3.599999999999999867e-01,0.000000000000000000e+00
1.296388275996365858e+00,1.278297424316406250e+01,1.037652587890625000e+01,3.599999999999999867e-01,3.700000000000000000e+05
1.297421392096000936e+00,1.323225021362304688e+01,1.134000015258789062e+01,3.599999999999999867e-01,0.000000000000000000e+00
1.297447873152214326e+00,1.336465549468994141e+01,1.134000015258789062e+01,3.599999999999999867e-01,3.700000000000000000e+05
1.297833891858478639e+00,1.319678449630737305e+01,1.098000335693359375e+01,3.599999999999999867e-01,0.000000000000000000e+00
1.297860372914692029e+00,1.332918977737426758e+01,1.098000335693359375e+01,3.599999999999999867e-01,3.700000000000000000e+05
1.298246391620956341e+00,1.349706077575683594e+01,1.134000015258789062e+01,3.599999999999999867e-01,0.000000000000000000e+00
1.298272872677169731e+00,1.362946605682373047e+01,1.134000015258789062e+01,3.599999999999999867e-01,3.700000000000000000e+05
1.298658891187591813e+00,1.346159553527832031e+01,1.098000335693359375e+01,3.599999999999999867e-01,0.000000000000000000e+00
1.298685372243805203e+00,1.359400081634521484e+01,1.098000335693359375e+01,3.599999999999999867e-01,3.700000000000000000e+05
1.299071390754227284e+00,1.376187133789062500e+01,1.134000015258789062e+01,3.599999999999999867e-01,0.000000000000000000e+00
1.299097871810440674e+00,1.389427661895751953e+01,1.134000015258789062e+01,3.599999999999999867e-01,3.700000000000000000e+05
1.299483890320862756e+00,1.372640609741210938e+01,1.098000335693359375e+01,3.599999999999999867e-01,0.000000000000000000e+00
1.299510371377076146e+00,1.385881137847900391e+01,1.098000335693359375e+01,3.599999999999999867e-01,3.700000000000000000e+05
1.299896389887498227e+00,1.402668190002441406e+01,1.134000015258789062e+01,3.599999999999999867e-01,0.000000000000000000e+00
1.299922871039079109e+00,1.415908765792846680e+01,1.134000015258789062e+01,3.599999999999999867e-01,3.700000000000000000e+05
1.300308889745343421e+00,1.399121665954589844e+01,1.098000335693359375e+01,3.599999999999999867e-01,0.000000000000000000e+00
1.300335370801556811e+00,1.412362194061279297e+01,1.098000335693359375e+01,3.599999999999999867e-01,3.700000000000000000e+05
1.300721389507821124e+00,1.429149293899536133e+01,1.134000015258789062e+01,3.599999999999999867e-01,0.000000000000000000e+00
1.300747870564034514e+00,1.442389822006225586e+01,1.134000015258789062e+01,3.599999999999999867e-01,3.700000000000000000e+05
1.301133889270298827e+00,1.425602722167968750e+01,1.098000335693359375e+01,3.599999999999999867e-01,0.000000000000000000e+00
1.301160370421879708e+00,1.438843297958374023e+01,1.098000335693359375e+01,3.599999999999999867e-01,3.700000000000000000e+05
1.301546388932301790e+00,1.455630350112915039e+01,1.134000015258789062e+01,3.599999999999999867e-01,0.000000000000000000e+00
1.301694069770541029e+00,1.497297430038452148e+01,1.194961166381835938e+01,3.599999999999999867e-01,3.700000000000000000e+05
1.302733763168099523e+00,1.452083826065063477e+01,1.098000335693359375e+01,3.599999999999999867e-01,0.000000000000000000e+00
1.302759019641080984e+00,1.461297416687011719e+01,1.089364242553710938e+01,3.599999999999999867e-01,3.700000000000000000e+05
1.303586848467562787e+00,1.497297430038452148e+01,1.166566848754882812e+01,3.599999999999999867e-01,0.000000000000000000e+00
1.303643637865756100e+00,1.497297430038452148e+01,1.138172149658203125e+01,3.599999999999999867e-01,3.700000000000000000e+05
1.304471463332382841e+00,1.461297416687011719e+01,1.060969924926757812e+01,3.599999999999999867e-01,0.000000000000000000e+00
1.304528251967636665e+00,1.461297416687011719e+01,1.032575607299804688e+01,3.599999999999999867e-01,3.700000000000000000e+05
1.305615807856344679e+00,1.508592510223388672e+01,1.134000015258789062e+01,3.599999999999999867e-01,0.000000000000000000e+00
1.305642288912558069e+00,1.521833038330078125e+01,1.134000015258789062e+01,3.599999999999999867e-01,3.700000000000000000e+05
1.306028307618822382e+00,1.505045938491821289e+01,1.098000335693359375e+01,3.599999999999999867e-01,0.000000000000000000e+00
1.306054788675035772e+00,1.518286466598510742e+01,1.098000335693359375e+01,3.599999999999999867e-01,3.700000000000000000e+05
1.306440807381300084e+00,1.535073566436767578e+01,1.134000015258789062e+01,3.599999999999999867e-01,0.000000000000000000e+00
1.306467288342145983e+00,1.548314046859741211e+01,1.134000015258789062e+01,3.599999999999999867e-01,3.700000000000000000e+05
1.306853306852568064e+00,1.531526994705200195e+01,1.098000335693359375e+01,3.599999999999999867e-01,0.000000000000000000e+00
1.306879788004148946e+00,1.544767570495605469e+01,1.098000335693359375e+01,3.599999999999999867e-01,3.700000000000000000e+05
1.307265806710413258e+00,1.561554670333862305e+01,1.134000015258789062e+01,3.599999999999999867e-01,0.000000000000000000e+00
1.307292287766626648e+00,1.574795198440551758e+01,1.134000015258789062e+01,3.599999999999999867e-01,3.700000000000000000e+05
1.307678306668733637e+00,1.558008050918579102e+01,1.098000335693359375e+01,3.599999999999999867e-01,0.000000000000000000e+00
1.307704787724947026e+00,1.571248579025268555e+01,1.098000335693359375e+01,3.599999999999999867e-01,3.700000000000000000e+05
1.308090806627054015e+00,1.588035726547241211e+01,1.134000015258789062e+01,3.599999999999999867e-01,0.000000000000000000e+00
1.308117287683267405e+00,1.601276254653930664e+01,1.134000015258789062e+01,3.599999999999999867e-01,3.700000000000000000e+05
1.308503306193689486e+00,1.584489202499389648e+01,1.098000335693359375e+01,3.599999999999999867e-01,0.000000000000000000e+00
1.308529787249902876e+00,1.597729730606079102e+01,1.098000335693359375e+01,3.599999999999999867e-01,3.700000000000000000e+05
1.308915805760324957e+00,1.614516782760620117e+01,1.134000015258789062e+01,3.599999999999999867e-01,0.000000000000000000e+00
1.308942286816538347e+00,1.627757310867309570e+01,1.134000015258789062e+01,3.599999999999999867e-01,3.700000000000000000e+05
1.309328305326960429e+00,1.610970258712768555e+01,1.098000335693359375e+01,3.599999999999999867e-01,0.000000000000000000e+00
1.309354786383173819e+00,1.624210786819458008e+01,1.098000335693359375e+01,3.599999999999999867e-01,3.700000000000000000e+05
1.309740804893595900e+00,1.640997838973999023e+01,1.134000015258789062e+01,3.599999999999999867e-01,0.000000000000000000e+00
1.310799986446167686e+00,1.509478712081909180e+01,1.647000122070312500e+01,3.599999999999999867e-01,3.700000000000000000e+05
1.311186008316442608e+00,1.526265764236450195e+01,1.683000183105468750e+01,3.599999999999999867e-01,0.000000000000000000e+00
1.311212489372655998e+00,1.539506292343139648e+01,1.683000183105468750e+01,3.599999999999999867e-01,3.700000000000000000e+05
1.311598511242930920e+00,1.522719240188598633e+01,1.647000122070312500e+01,3.599999999999999867e-01,0.000000000000000000e+00
1.311624992299144310e+00,1.535959768295288086e+01,1.647000122070312500e+01,3.599999999999999867e-01,3.700000000000000000e+05
1.312011014169419232e+00,1.552746820449829102e+01,1.683000183105468750e+01,3.599999999999999867e-01,0.000000000000000000e+00
1.312037495225632622e+00,1.565987348556518555e+01,1.683000183105468750e+01,3.599999999999999867e-01,3.700000000000000000e+05
1.312423517095907544e+00,1.549200296401977539e+01,1.647000122070312500e+01,3.599999999999999867e-01,0.000000000000000000e+00
1.312449998152120934e+00,1.562440824508666992e+01,1.647000122070312500e+01,3.599999999999999867e-01,3.700000000000000000e+05
1.312836020022395855e+00,1.579227876663208008e+01,1.683000183105468750e+01,3.599999999999999867e-01,0.000000000000000000e+00
1.312862501078609245e+00,1.592468404769897461e+01,1.683000183105468750e+01,3.599999999999999867e-01,3.700000000000000000e+05
1.313248522948884167e+00,1.575681352615356445e+01,1.647000122070312500e+01,3.599999999999999867e-01,0.000000000000000000e+00
1.313275004005097557e+00,1.588921880722045898e+01,1.647000122070312500e+01,3.599999999999999867e-01,3.700000000000000000e+05
1.313661025875372479e+00,1.605708932876586914e+01,1.683000183105468750e+01,3.599999999999999867e-01,0.000000000000000000e+00
1.313687507122320630e+00,1.618949556350708008e+01,1.683000183105468750e+01,3.599999999999999867e-01,3.700000000000000000e+05
1.314073529384276906e+00,1.602162408828735352e+01,1.647000122070312500e+01,3.599999999999999867e-01,0.000000000000000000e+00
1.314100010440490296e+00,1.615402936935424805e+01,1.647000122070312500e+01,3.599999999999999867e-01,3.700000000000000000e+05
1.314486032702446572e+00,1.632190084457397461e+01,1.683000183105468750e+01,3.599999999999999867e-01,0.000000000000000000e+00
1.314512513758659962e+00,1.645430612564086914e+01,1.683000183105468750e+01,3.599999999999999867e-01,3.700000000000000000e+05
1.314898536020616238e+00,1.628643465042114258e+01,1.647000122070312500e+01,3.599999999999999867e-01,0.000000000000000000e+00
1.314925017267564389e+00,1.641884088516235352e+01,1.647000122070312500e+01,3.599999999999999867e-01,3.700000000000000000e+05
1.315311039137839311e+00,1.658671140670776367e+01,1.683000183105468750e+01,3.599999999999999867e-01,0.000000000000000000e+00
1.315337520194052701e+00,1.671911668777465820e+01,1.683000183105468750e+01,3.599999999999999867e-01,3.700000000000000000e+05
1.315972514285316475e+00,1.644297456741333008e+01,1.623781204223632812e+01,3.599999999999999867e-01,0.000000000000000000e+00
1.316029302920570299e+00,1.644297456741333008e+01,1.595386886596679688e+01,3.599999999999999867e-01,3.700000000000000000e+05
1.316857128191356363e+00,1.680297422409057617e+01,1.672589111328125000e+01,3.599999999999999867e-01,0.000000000000000000e+00
1.316913916826610187e+00,1.680297422409057617e+01,1.644194793701171875e+01,3.599999999999999867e-01,3.700000000000000000e+05
1.317741743777323782e+00,1.644297456741333008e+01,1.566992378234863281e+01,3.599999999999999867e-01,0.000000000000000000e+00
1.317798532412577606e+00,1.644297456741333008e+01,1.538598060607910156e+01,3.599999999999999867e-01,3.700000000000000000e+05
1.318626357683363670e+00,1.680297422409057617e+01,1.615800285339355469e+01,3.599999999999999867e-01,0.000000000000000000e+00
1.318683146700087239e+00,1.680297422409057617e+01,1.587405776977539062e+01,3.599999999999999867e-01,3.700000000000000000e+05
1.319510971970873303e+00,1.644297456741333008e+01,1.510203552246093750e+01,3.599999999999999867e-01,0.000000000000000000e+00
1.323003076093580921e+00,7.679510459303855896e+00,0.000000000000000000e+00,3.599999999999999867e-01,3.700000000000000000e+05
1.323389098067895953e+00,7.847381234169006348e+00,3.600006103515625000e-01,3.599999999999999867e-01,0.000000000000000000e+00
1.323415579136030251e+00,7.979786574840545654e+00,3.600006103515625000e-01,3.599999999999999867e-01,3.700000000000000000e+05
1.323801601104225290e+00,7.811915814876556396e+00,0.000000000000000000e+00,3.599999999999999867e-01,0.000000000000000000e+00
1.323828082178320154e+00,7.944321185350418091e+00,0.000000000000000000e+00,3.599999999999999867e-01,3.700000000000000000e+05
1.324214104134275205e+00,8.112191915512084961e+00,3.600006103515625000e-01,3.599999999999999867e-01,0.000000000000000000e+00
1.324240585202409504e+00,8.244597256183624268e+00,3.600006103515625000e-01,3.599999999999999867e-01,3.700000000000000000e+05
1.324626607170604542e+00,8.076726496219635010e+00,0.000000000000000000e+00,3.599999999999999867e-01,0.000000000000000000e+00
1.324653088250659749e+00,8.209131896495819092e+00,0.000000000000000000e+00,3.599999999999999867e-01,3.700000000000000000e+05
1.325039110218854788e+00,8.377002656459808350e+00,3.600006103515625000e-01,3.599999999999999867e-01,0.000000000000000000e+00
1.325065591286989086e+00,8.509407997131347656e+00,3.600006103515625000e-01,3.599999999999999867e-01,3.700000000000000000e+05
1.325451613255184125e+00,8.341537237167358398e+00,0.000000000000000000e+00,3.599999999999999867e-01,0.000000000000000000e+00
1.325478094311397514e+00,8.473942518234252930e+00,0.000000000000000000e+00,3.599999999999999867e-01,3.700000000000000000e+05
1.325864116279592553e+00,8.641813278198242188e+00,3.600006103515625000e-01,3.599999999999999867e-01,0.000000000000000000e+00
1.325890597359647760e+00,8.774218678474426270e+00,3.600006103515625000e-01,3.599999999999999867e-01,3.700000000000000000e+05
1.326276619327842798e+00,8.606347918510437012e+00,0.000000000000000000e+00,3.599999999999999867e-01,0.000000000000000000e+00
1.326303100407898006e+00,8.738753318786621094e+00,0.000000000000000000e+00,3.599999999999999867e-01,3.700000000000000000e+05
1.326689122376093044e+00,8.906624078750610352e+00,3.600006103515625000e-01,3.599999999999999867e-01,0.000000000000000000e+00
1.326715603432306434e+00,9.039029359817504883e+00,3.600006103515625000e-01,3.599999999999999867e-01,3.700000000000000000e+05
1.327101625400501472e+00,8.871158599853515625e+00,0.000000000000000000e+00,3.599999999999999867e-01,0.000000000000000000e+00
1.327828715515459113e+00,9.482974290847778320e+00,3.583599090576171875e+00,3.599999999999999867e-01,3.700000000000000000e+05
1.328656540933125685e+00,9.122974276542663574e+00,2.811576843261718750e+00,3.599999999999999867e-01,0.000000000000000000e+00
1.328713330331318998e+00,9.122974276542663574e+00,2.527629852294921875e+00,3.599999999999999867e-01,3.700000000000000000e+05
1.329541159108840853e+00,9.482974290847778320e+00,3.299655914306640625e+00,3.599999999999999867e-01,0.000000000000000000e+00
1.329597948507034166e+00,9.482974290847778320e+00,3.015708923339843750e+00,3.599999999999999867e-01,3.700000000000000000e+05
1.330425773924700739e+00,9.122974276542663574e+00,2.243686676025390625e+00,3.599999999999999867e-01,0.000000000000000000e+00
1.330509390988019902e+00,9.062474846839904785e+00,1.830001831054687500e+00,3.599999999999999867e-01,3.700000000000000000e+05
1.331476335986312654e+00,9.482974290847778320e+00,2.731765747070312500e+00,3.599999999999999867e-01,0.000000000000000000e+00
1.331533124621566477e+00,9.482974290847778320e+00,2.447822570800781250e+00,3.599999999999999867e-01,3.700000000000000000e+05
1.332360950039233050e+00,9.122974276542663574e+00,1.675800323486328125e+00,3.599999999999999867e-01,0.000000000000000000e+00
1.332417739437426363e+00,9.122974276542663574e+00,1.391853332519531250e+00,3.599999999999999867e-01,3.700000000000000000e+05
1.333273579736159453e+00,9.495156288146972656e+00,2.190002441406250000e+00,3.599999999999999867e-01,0.000000000000000000e+00
1.333300060792372843e+00,9.627561569213867188e+00,2.190002441406250000e+00,3.599999999999999867e-01,3.700000000000000000e+05
1.334460368342280212e+00,9.122974276542663574e+00,1.107910156250000000e+00,3.599999999999999867e-01,0.000000000000000000e+00
1.334517156977534036e+00,9.122974276542663574e+00,8.239669799804687500e-01,3.599999999999999867e-01,3.700000000000000000e+05
1.335344982395200608e+00,9.482974290847778320e+00,1.595989227294921875e+00,3.599999999999999867e-01,0.000000000000000000e+00
1.335401771030454432e+00,9.482974290847778320e+00,1.312046051025390625e+00,3.599999999999999867e-01,3.700000000000000000e+05
1.336229596448121004e+00,9.122974276542663574e+00,5.400238037109375000e-01,3.599999999999999867e-01,0.000000000000000000e+00
1.336340210104183468e+00,9.003564000129699707e+00,0.000000000000000000e+00,3.599999999999999867e-01,3.700000000000000000e+05
1.337442621890092109e+00,9.482974290847778320e+00,1.028099060058593750e+00,3.599999999999999867e-01,0.000000000000000000e+00
1.337499410525345933e+00,9.482974290847778320e+00,7.441558837890625000e-01,3.599999999999999867e-01,3.700000000000000000e+05
1.338327235943012505e+00,9.122974276542663574e+00,-2.786636352539062500e-02,3.599999999999999867e-01,0.000000000000000000e+00
1.338384024578266329e+00,9.122974276542663574e+00,-3.118095397949218750e-01,3.599999999999999867e-01,3.700000000000000000e+05
1.339211849995932901e+00,9.482974290847778320e+00,4.602127075195312500e-01,3.599999999999999867e-01,0.000000000000000000e+00
1.339238218852836448e+00,9.568650722503662109e+00,3.600006103515625000e-01,3.599999999999999867e-01,3.700000000000000000e+05
1.340263056255274199e+00,9.122974276542663574e+00,-5.957527160644531250e-01,3.599999999999999867e-01,0.000000000000000000e+00
1.340319845653467512e+00,9.122974276542663574e+00,-8.796997070312500000e-01,3.599999999999999867e-01,3.700000000000000000e+05
1.341147671071134084e+00,9.482974290847778320e+00,-1.076774597167968750e-01,3.599999999999999867e-01,0.000000000000000000e+00
1.341204459706387908e+00,9.482974290847778320e+00,-3.916206359863281250e-01,3.599999999999999867e-01,3.700000000000000000e+05
1.342032285124054480e+00,9.122974276542663574e+00,-1.163642883300781250e+00,3.599999999999999867e-01,0.000000000000000000e+00
1.342089073759308304e+00,9.122974276542663574e+00,-1.447586059570312500e+00,3.599999999999999867e-01,3.700000000000000000e+05
1.342916899176974876e+00,9.482974290847778320e+00,-6.755638122558593750e-01,3.599999999999999867e-01,0.000000000000000000e+00
1.342973687812228700e+00,9.482974290847778320e+00,-9.595069885253906250e-01,3.599999999999999867e-01,3.700000000000000000e+05
1.343907099134578953e+00,9.077058434486389160e+00,-1.829998016357421875e+00,3.599999999999999867e-01,0.000000000000000000e+00
1.343933580190792343e+00,9.209463715553283691e+00,-1.829998016357421875e+00,3.599999999999999867e-01,3.700000000000000000e+05
1.344562520902113700e+00,9.482974290847778320e+00,-1.243453979492187500e+00,3.599999999999999867e-01,0.000000000000000000e+00
1.344608144720732534e+00,9.509739875793457031e+00,-1.469997406005859375e+00,3.599999999999999867e-01,3.700000000000000000e+05
1.344994166688927573e+00,9.341869115829467773e+00,-1.829998016357421875e+00,3.599999999999999867e-01,0.000000000000000000e+00
1.345020647745140963e+00,9.474274396896362305e+00,-1.829998016357421875e+00,3.599999999999999867e-01,3.700000000000000000e+05
1.345406669713336001e+00,9.642145156860351562e+00,-1.469997406005859375e+00,3.599999999999999867e-01,0.000000000000000000e+00
1.345433150817233026e+00,9.774550676345825195e+00,-1.469997406005859375e+00,3.599999999999999867e-01,3.700000000000000000e+05
1.345819172785428064e+00,9.606679916381835938e+00,-1.829998016357421875e+00,3.599999999999999867e-01,0.000000000000000000e+00
1.345845653841641454e+00,9.739085197448730469e+00,-1.829998016357421875e+00,3.599999999999999867e-01,3.700000000000000000e+05
1.346231675809836492e+00,9.906955957412719727e+00,-1.469997406005859375e+00,3.599999999999999867e-01,0.000000000000000000e+00
1.346258156866049882e+00,1.003936123847961426e+01,-1.469997406005859375e+00,3.599999999999999867e-01,3.700000000000000000e+05
1.346644178834244920e+00,9.871490478515625000e+00,-1.829998016357421875e+00,3.599999999999999867e-01,0.000000000000000000e+00
1.346670659890458310e+00,1.000389575958251953e+01,-1.829998016357421875e+00,3.599999999999999867e-01,3.700000000000000000e+05
1.347056681858653349e+00,1.017176651954650879e+01,-1.469997406005859375e+00,3.599999999999999867e-01,0.000000000000000000e+00
1.347083162962550373e+00,1.030417203903198242e+01,-1.469997406005859375e+00,3.599999999999999867e-01,3.700000000000000000e+05
1.347469184930745412e+00,1.013630127906799316e+01,-1.829998016357421875e+00,3.599999999999999867e-01,0.000000000000000000e+00
1.347495665986958802e+00,1.026870656013488770e+01,-1.829998016357421875e+00,3.599999999999999867e-01,3.700000000000000000e+05
1.347881687955153840e+00,1.043657732009887695e+01,-1.469997406005859375e+00,3.599999999999999867e-01,0.000000000000000000e+00
1.347908169011367230e+00,1.056898260116577148e+01,-1.469997406005859375e+00,3.599999999999999867e-01,3.700000000000000000e+05
1.348294190979562268e+00,1.040111184120178223e+01,-1.829998016357421875e+00,3.599999999999999867e-01,0.000000000000000000e+00
1.348320672083459293e+00,1.053351736068725586e+01,-1.829998016357421875e+00,3.599999999999999867e-01,3.700000000000000000e+05
1.348706694051654331e+00,1.070138812065124512e+01,-1.469997406005859375e+00,3.599999999999999867e-01,0.000000000000000000e+00
1.348733175107867721e+00,1.083379340171813965e+01,-1.469997406005859375e+00,3.599999999999999867e-01,3.700000000000000000e+05
1.349119197076062759e+00,1.066592264175415039e+01,-1.829998016357421875e+00,3.599999999999999867e-01,0.000000000000000000e+00
1.350954419944516705e+00,1.135769319534301758e+01,7.320003509521484375e+00,3.599999999999999867e-01,3.700000000000000000e+05
1.351340438650781017e+00,1.152556419372558594e+01,7.680000305175781250e+00,3.599999999999999867e-01,0.000000000000000000e+00
1.351366919706994407e+00,1.165796947479248047e+01,7.680000305175781250e+00,3.599999999999999867e-01,3.700000000000000000e+05
1.351752938413258720e+00,1.149009847640991211e+01,7.320003509521484375e+00,3.599999999999999867e-01,0.000000000000000000e+00
1.351779419469472110e+00,1.162250375747680664e+01,7.320003509521484375e+00,3.599999999999999867e-01,3.700000000000000000e+05
1.352165438175736423e+00,1.179037475585937500e+01,7.680000305175781250e+00,3.599999999999999867e-01,0.000000000000000000e+00
1.352191919231949813e+00,1.192278003692626953e+01,7.680000305175781250e+00,3.599999999999999867e-01,3.700000000000000000e+05
1.352577937938214125e+00,1.175490903854370117e+01,7.320003509521484375e+00,3.599999999999999867e-01,0.000000000000000000e+00
1.352604419089795007e+00,1.188731479644775391e+01,7.320003509521484375e+00,3.599999999999999867e-01,3.700000000000000000e+05
1.352990437600217088e+00,1.205518531799316406e+01,7.680000305175781250e+00,3.599999999999999867e-01,0.000000000000000000e+00
1.353016918656430478e+00,1.218759059906005859e+01,7.680000305175781250e+00,3.599999999999999867e-01,3.700000000000000000e+05
1.353402937166852560e+00,1.201972007751464844e+01,7.320003509521484375e+00,3.599999999999999867e-01,0.000000000000000000e+00
1.353429418223065950e+00,1.215212535858154297e+01,7.320003509521484375e+00,3.599999999999999867e-01,3.700000000000000000e+05
1.353815436733488031e+00,1.231999588012695312e+01,7.680000305175781250e+00,3.599999999999999867e-01,0.000000000000000000e+00
1.353841917885068913e+00,1.245240163803100586e+01,7.680000305175781250e+00,3.599999999999999867e-01,3.700000000000000000e+05
1.354227936591333226e+00,1.228453063964843750e+01,7.320003509521484375e+00,3.599999999999999867e-01,0.000000000000000000e+00
1.354254417647546616e+00,1.241693592071533203e+01,7.320003509521484375e+00,3.599999999999999867e-01,3.700000000000000000e+05
1.354640436353810928e+00,1.258480691909790039e+01,7.680000305175781250e+00,3.599999999999999867e-01,0.000000000000000000e+00
1.354666917410024318e+00,1.271721220016479492e+01,7.680000305175781250e+00,3.599999999999999867e-01,3.700000000000000000e+05
1.355052936116288631e+00,1.254934120178222656e+01,7.320003509521484375e+00,3.599999999999999867e-01,0.000000000000000000e+00
1.355771729541907833e+00,1.314297437667846680e+01,1.086460494995117188e+01,3.599999999999999867e-01,3.700000000000000000e+05
1.356599555008534574e+00,1.278297424316406250e+01,1.009258270263671875e+01,3.599999999999999867e-01,0.000000000000000000e+00
1.356656343643788398e+00,1.278297424316406250e+01,9.808639526367187500e+00,3.599999999999999867e-01,3.700000000000000000e+05
1.357484169110415140e+00,1.314297437667846680e+01,1.058066177368164062e+01,3.599999999999999867e-01,0.000000000000000000e+00
1.357540957745668964e+00,1.314297437667846680e+01,1.029671859741210938e+01,3.599999999999999867e-01,3.700000000000000000e+05
1.358368786572150766e+00,1.278297424316406250e+01,9.524692535400390625e+00,3.599999999999999867e-01,0.000000000000000000e+00
1.358444201168466536e+00,1.274065780639648438e+01,9.150001525878906250e+00,3.599999999999999867e-01,3.700000000000000000e+05
1.359369333891539133e+00,1.314297437667846680e+01,1.001277160644531250e+01,3.599999999999999867e-01,0.000000000000000000e+00
1.359426122526792957e+00,1.314297437667846680e+01,9.728828430175781250e+00,3.599999999999999867e-01,3.700000000000000000e+05
1.360253947993419699e+00,1.278297424316406250e+01,8.956806182861328125e+00,3.599999999999999867e-01,0.000000000000000000e+00
1.360310736628673522e+00,1.278297424316406250e+01,8.672863006591796875e+00,3.599999999999999867e-01,3.700000000000000000e+05
1.361208385744851812e+00,1.317333889007568359e+01,9.510002136230468750e+00,3.599999999999999867e-01,0.000000000000000000e+00
1.361234866896432694e+00,1.330574464797973633e+01,9.510002136230468750e+00,3.599999999999999867e-01,3.700000000000000000e+05
1.362436986819480556e+00,1.278297424316406250e+01,8.388916015625000000e+00,3.599999999999999867e-01,0.000000000000000000e+00
1.362493775454734379e+00,1.278297424316406250e+01,8.104972839355468750e+00,3.599999999999999867e-01,3.700000000000000000e+05
1.363321600921361121e+00,1.314297437667846680e+01,8.876995086669921875e+00,3.599999999999999867e-01,0.000000000000000000e+00
1.363378389556614945e+00,1.314297437667846680e+01,8.593051910400390625e+00,3.599999999999999867e-01,3.700000000000000000e+05
1.364206215023241686e+00,1.278297424316406250e+01,7.821029663085937500e+00,3.599999999999999867e-01,0.000000000000000000e+00
1.364308444993304503e+00,1.268174695968627930e+01,7.320003509521484375e+00,3.599999999999999867e-01,3.700000000000000000e+05
1.365369044503992990e+00,1.314297437667846680e+01,8.309108734130859375e+00,3.599999999999999867e-01,0.000000000000000000e+00
1.365425833902186303e+00,1.314297437667846680e+01,8.025161743164062500e+00,3.599999999999999867e-01,3.700000000000000000e+05
1.366253659368813045e+00,1.278297424316406250e+01,7.253139495849609375e+00,3.599999999999999867e-01,0.000000000000000000e+00
1.366310448004066869e+00,1.278297424316406250e+01,6.969196319580078125e+00,3.599999999999999867e-01,3.700000000000000000e+05
1.367138273470693610e+00,1.314297437667846680e+01,7.741218566894531250e+00,3.599999999999999867e-01,0.000000000000000000e+00
1.367162385174570671e+00,1.324683332443237305e+01,7.680000305175781250e+00,3.599999999999999867e-01,3.700000000000000000e+05
1.368229034754307794e+00,1.278297424316406250e+01,6.685253143310546875e+00,3.599999999999999867e-01,0.000000000000000000e+00
1.368285823389561617e+00,1.278297424316406250e+01,6.401309967041015625e+00,3.599999999999999867e-01,3.700000000000000000e+05
1.369113648856188359e+00,1.314297437667846680e+01,7.173332214355468750e+00,3.599999999999999867e-01,0.000000000000000000e+00
1.369170438254381672e+00,1.314297437667846680e+01,6.889385223388671875e+00,3.599999999999999867e-01,3.700000000000000000e+05
1.369998263721008414e+00,1.278297424316406250e+01,6.117362976074218750e+00,3.599999999999999867e-01,0.000000000000000000e+00
1.370127759137328205e+00,1.262283563613891602e+01,5.490001678466796875e+00,3.599999999999999867e-01,3.700000000000000000e+05
1.371323825631473481e+00,1.314297437667846680e+01,6.605442047119140625e+00,3.599999999999999867e-01,0.000000000000000000e+00
1.371380614266727305e+00,1.314297437667846680e+01,6.321498870849609375e+00,3.599999999999999867e-01,3.700000000000000000e+05
1.372272213313857181e+00,1.275524139404296875e+01,5.490001678466796875e+00,3.599999999999999867e-01,0.000000000000000000e+00
1.372317449056499550e+00,1.278297424316406250e+01,5.265529632568359375e+00,3.599999999999999867e-01,3.700000000000000000e+05
1.373145277882981352e+00,1.314297437667846680e+01,6.037555694580078125e+00,3.599999999999999867e-01,0.000000000000000000e+00
1.373183850729285504e+00,1.318792247772216797e+01,5.850002288818359375e+00,3.599999999999999867e-01,3.700000000000000000e+05
1.374115036881260687e+00,1.278297424316406250e+01,4.981586456298828125e+00,3.599999999999999867e-01,0.000000000000000000e+00
1.374171825516514511e+00,1.278297424316406250e+01,4.697643280029296875e+00,3.599999999999999867e-01,3.700000000000000000e+05
1.374999650983141253e+00,1.314297437667846680e+01,5.469665527343750000e+00,3.599999999999999867e-01,0.000000000000000000e+00
1.375056439618395077e+00,1.314297437667846680e+01,5.185722351074218750e+00,3.599999999999999867e-01,3.700000000000000000e+05
1.375884265085021818e+00,1.278297424316406250e+01,4.413700103759765625e+00,3.599999999999999867e-01,0.000000000000000000e+00
1.375941054483215131e+00,1.278297424316406250e+01,4.129753112792968750e+00,3.599999999999999867e-01,3.700000000000000000e+05
1.376768879949841873e+00,1.314297437667846680e+01,4.901775360107421875e+00,3.599999999999999867e-01,0.000000000000000000e+00
1.378752978307629329e+00,1.503587579727172852e+01,1.464000320434570312e+01,3.599999999999999867e-01,3.700000000000000000e+05
1.379138997013893642e+00,1.520374679565429688e+01,1.500000000000000000e+01,3.599999999999999867e-01,0.000000000000000000e+00
1.379165478070107032e+00,1.533615207672119141e+01,1.500000000000000000e+01,3.599999999999999867e-01,3.700000000000000000e+05
1.379551496580529113e+00,1.516828155517578125e+01,1.464000320434570312e+01,3.599999999999999867e-01,0.000000000000000000e+00
1.379577977636742503e+00,1.530068683624267578e+01,1.464000320434570312e+01,3.599999999999999867e-01,3.700000000000000000e+05
1.379963996147164584e+00,1.546855735778808594e+01,1.500000000000000000e+01,3.599999999999999867e-01,0.000000000000000000e+00
1.379990477298745466e+00,1.560096311569213867e+01,1.500000000000000000e+01,3.599999999999999867e-01,3.700000000000000000e+05
1.380376496005009779e+00,1.543309211730957031e+01,1.464000320434570312e+01,3.599999999999999867e-01,0.000000000000000000e+00
1.380402977156590660e+00,1.556549787521362305e+01,1.464000320434570312e+01,3.599999999999999867e-01,3.700000000000000000e+05
1.380788995667012742e+00,1.573336839675903320e+01,1.500000000000000000e+01,3.599999999999999867e-01,0.000000000000000000e+00
1.380815476723226132e+00,1.586577367782592773e+01,1.500000000000000000e+01,3.599999999999999867e-01,3.700000000000000000e+05
1.381201495233648213e+00,1.569790315628051758e+01,1.464000320434570312e+01,3.599999999999999867e-01,0.000000000000000000e+00
1.381227976289861603e+00,1.583030843734741211e+01,1.464000320434570312e+01,3.599999999999999867e-01,3.700000000000000000e+05
1.381613994800283685e+00,1.599817895889282227e+01,1.500000000000000000e+01,3.599999999999999867e-01,0.000000000000000000e+00
1.381640475856497075e+00,1.613058423995971680e+01,1.500000000000000000e+01,3.599999999999999867e-01,3.700000000000000000e+05
1.382026494366919156e+00,1.596271371841430664e+01,1.464000320434570312e+01,3.599999999999999867e-01,0.000000000000000000e+00
1.382052975423132546e+00,1.609511899948120117e+01,1.464000320434570312e+01,3.599999999999999867e-01,3.700000000000000000e+05
1.382438993933554627e+00,1.626298952102661133e+01,1.500000000000000000e+01,3.599999999999999867e-01,0.000000000000000000e+00
1.382465474989768017e+00,1.639539480209350586e+01,1.500000000000000000e+01,3.599999999999999867e-01,3.700000000000000000e+05
1.382851493500190099e+00,1.622752428054809570e+01,1.464000320434570312e+01,3.599999999999999867e-01,0.000000000000000000e+00
1.382877974556403489e+00,1.635992956161499023e+01,1.464000320434570312e+01,3.599999999999999867e-01,3.700000000000000000e+05
1.383896761840832212e+00,1.680297422409057617e+01,1.559011459350585938e+01,3.599999999999999867e-01,0.000000000000000000e+00
1.383953550476086036e+00,1.680297422409057617e+01,1.530617141723632812e+01,3.599999999999999867e-01,3.700000000000000000e+05
1.384781375746872101e+00,1.644297456741333008e+01,1.453414916992187500e+01,3.599999999999999867e-01,0.000000000000000000e+00
1.384838165145065414e+00,1.644297456741333008e+01,1.425020217895507812e+01,3.599999999999999867e-01,3.700000000000000000e+05
1.385665990415851478e+00,1.680297422409057617e+01,1.502222442626953125e+01,3.599999999999999867e-01,0.000000000000000000e+00
1.385722779051105302e+00,1.680297422409057617e+01,1.473828125000000000e+01,3.599999999999999867e-01,3.700000000000000000e+05
1.386550604321891367e+00,1.644297456741333008e+01,1.396625900268554688e+01,3.599999999999999867e-01,0.000000000000000000e+00
1.386607392957145191e+00,1.644297456741333008e+01,1.368231582641601562e+01,3.599999999999999867e-01,3.700000000000000000e+05
1.387435218227931255e+00,1.680297422409057617e+01,1.445433807373046875e+01,3.599999999999999867e-01,0.000000000000000000e+00
1.387492006863185079e+00,1.680297422409057617e+01,1.417039489746093750e+01,3.599999999999999867e-01,3.700000000000000000e+05
1.388319832133971143e+00,1.644297456741333008e+01,1.339837265014648438e+01,3.599999999999999867e-01,0.000000000000000000e+00
1.391008785358177180e+00,9.592096328735351562e+00,1.830001831054687500e+00,3.599999999999999867e-01,3.700000000000000000e+05
1.391394807326372218e+00,9.759967088699340820e+00,2.190002441406250000e+00,3.599999999999999867e-01,0.000000000000000000e+00
1.391421288382585608e+00,9.892372369766235352e+00,2.190002441406250000e+00,3.599999999999999867e-01,3.700000000000000000e+05
1.391807310350780647e+00,9.724501609802246094e+00,1.830001831054687500e+00,3.599999999999999867e-01,0.000000000000000000e+00
1.391833791406994036e+00,9.856906890869140625e+00,1.830001831054687500e+00,3.599999999999999867e-01,3.700000000000000000e+05
1.392219813375189075e+00,1.002477765083312988e+01,2.190002441406250000e+00,3.599999999999999867e-01,0.000000000000000000e+00
1.392246294479086099e+00,1.015718317031860352e+01,2.190002441406250000e+00,3.599999999999999867e-01,3.700000000000000000e+05
1.392632316447281138e+00,9.989312410354614258e+00,1.830001831054687500e+00,3.599999999999999867e-01,0.000000000000000000e+00
1.392658797503494528e+00,1.012171769142150879e+01,1.830001831054687500e+00,3.599999999999999867e-01,3.700000000000000000e+05
1.393044819471689566e+00,1.028958845138549805e+01,2.190002441406250000e+00,3.599999999999999867e-01,0.000000000000000000e+00
1.393071300527902956e+00,1.042199373245239258e+01,2.190002441406250000e+00,3.599999999999999867e-01,3.700000000000000000e+05
1.393457322496097994e+00,1.025412297248840332e+01,1.830001831054687500e+00,3.599999999999999867e-01,0.000000000000000000e+00
1.393483803599995019e+00,1.038652849197387695e+01,1.830001831054687500e+00,3.599999999999999867e-01,3.700000000000000000e+05
1.393869825568190057e+00,1.055439925193786621e+01,2.190002441406250000e+00,3.599999999999999867e-01,0.000000000000000000e+00
1.393896306624403447e+00,1.068680453300476074e+01,2.190002441406250000e+00,3.599999999999999867e-01,3.700000000000000000e+05
1.394282328592598486e+00,1.051893377304077148e+01,1.830001831054687500e+00,3.599999999999999867e-01,0.000000000000000000e+00
1.394308809648811875e+00,1.065133905410766602e+01,1.830001831054687500e+00,3.599999999999999867e-01,3.700000000000000000e+05
1.394694831617006914e+00,1.081920981407165527e+01,2.190002441406250000e+00,3.599999999999999867e-01,0.000000000000000000e+00
1.394721312673220304e+00,1.095161509513854980e+01,2.190002441406250000e+00,3.599999999999999867e-01,3.700000000000000000e+05
1.395107334641415342e+00,1.078374433517456055e+01,1.830001831054687500e+00,3.599999999999999867e-01,0.000000000000000000e+00
1.395796805760632697e+00,1.131297421455383301e+01,5.236492156982421875e+00,3.599999999999999867e-01,3.700000000000000000e+05
1.396624631129339100e+00,1.095297431945800781e+01,4.464469909667968750e+00,3.599999999999999867e-01,0.000000000000000000e+00
1.396681419764592924e+00,1.095297431945800781e+01,4.180526733398437500e+00,3.599999999999999867e-01,3.700000000000000000e+05
1.397509245133299327e+00,1.131297421455383301e+01,4.952548980712890625e+00,3.599999999999999867e-01,0.000000000000000000e+00
1.397566033768553151e+00,1.131297421455383301e+01,4.668605804443359375e+00,3.599999999999999867e-01,3.700000000000000000e+05
1.398647539392371630e+00,1.084265542030334473e+01,3.660003662109375000e+00,3.599999999999999867e-01,0.000000000000000000e+00
1.398671550973984878e+00,1.095297431945800781e+01,3.612636566162109375e+00,3.599999999999999867e-01,3.700000000000000000e+05
1.399499376342691281e+00,1.131297421455383301e+01,4.384658813476562500e+00,3.599999999999999867e-01,0.000000000000000000e+00
1.399556164977945105e+00,1.131297421455383301e+01,4.100715637207031250e+00,3.599999999999999867e-01,3.700000000000000000e+05
1.400383990346651508e+00,1.095297431945800781e+01,3.328693389892578125e+00,3.599999999999999867e-01,0.000000000000000000e+00
1.400440778981905332e+00,1.095297431945800781e+01,3.044750213623046875e+00,3.599999999999999867e-01,3.700000000000000000e+05
1.401486522546433244e+00,1.140774226188659668e+01,4.020000457763671875e+00,3.599999999999999867e-01,0.000000000000000000e+00
1.401513003554962999e+00,1.154014730453491211e+01,4.020000457763671875e+00,3.599999999999999867e-01,3.700000000000000000e+05
1.401899022065385081e+00,1.137227678298950195e+01,3.660003662109375000e+00,3.599999999999999867e-01,0.000000000000000000e+00
1.401925503121598471e+00,1.150468206405639648e+01,3.660003662109375000e+00,3.599999999999999867e-01,3.700000000000000000e+05
1.402311521827862784e+00,1.167255306243896484e+01,4.020000457763671875e+00,3.599999999999999867e-01,0.000000000000000000e+00
1.402338002884076174e+00,1.180495834350585938e+01,4.020000457763671875e+00,3.599999999999999867e-01,3.700000000000000000e+05
1.402724021590340486e+00,1.163708734512329102e+01,3.660003662109375000e+00,3.599999999999999867e-01,0.000000000000000000e+00
1.402750502646553876e+00,1.176949262619018555e+01,3.660003662109375000e+00,3.599999999999999867e-01,3.700000000000000000e+05
1.403136521352818189e+00,1.193736362457275391e+01,4.020000457763671875e+00,3.599999999999999867e-01,0.000000000000000000e+00
1.403163002409031579e+00,1.206976890563964844e+01,4.020000457763671875e+00,3.599999999999999867e-01,3.700000000000000000e+05
1.403549020919453660e+00,1.190189838409423828e+01,3.660003662109375000e+00,3.599999999999999867e-01,0.000000000000000000e+00
1.403575501975667050e+00,1.203430366516113281e+01,3.660003662109375000e+00,3.599999999999999867e-01,3.700000000000000000e+05
1.403961520486089132e+00,1.220217418670654297e+01,4.020000457763671875e+00,3.599999999999999867e-01,0.000000000000000000e+00
1.403988001542302522e+00,1.233457946777343750e+01,4.020000457763671875e+00,3.599999999999999867e-01,3.700000000000000000e+05
1.404374020052724603e+00,1.216670894622802734e+01,3.660003662109375000e+00,3.599999999999999867e-01,0.000000000000000000e+00
1.404400501108937993e+00,1.229911422729492188e+01,3.660003662109375000e+00,3.599999999999999867e-01,3.700000000000000000e+05
1.404786519619360075e+00,1.246698474884033203e+01,4.020000457763671875e+00,3.599999999999999867e-01,0.000000000000000000e+00
1.404813000770940956e+00,1.259939050674438477e+01,4.020000457763671875e+00,3.599999999999999867e-01,3.700000000000000000e+05
1.405199019477205269e+00,1.243151950836181641e+01,3.660003662109375000e+00,3.599999999999999867e-01,0.000000000000000000e+00
1.405225500533418659e+00,1.256392478942871094e+01,3.660003662109375000e+00,3.599999999999999867e-01,3.700000000000000000e+05
1.405611519239682972e+00,1.273179578781127930e+01,4.020000457763671875e+00,3.599999999999999867e-01,0.000000000000000000e+00
1.405756635827934531e+00,1.314297437667846680e+01,4.617832183837890625e+00,3.599999999999999867e-01,3.700000000000000000e+05
1.406783698498667912e+00,1.269633007049560547e+01,3.660003662109375000e+00,3.599999999999999867e-01,0.000000000000000000e+00
1.406809880984541739e+00,1.278297424316406250e+01,3.561866760253906250e+00,3.599999999999999867e-01,3.700000000000000000e+05
1.407637706451168480e+00,1.314297437667846680e+01,4.333889007568359375e+00,3.599999999999999867e-01,0.000000000000000000e+00
1.407694495086422304e+00,1.314297437667846680e+01,4.049945831298828125e+00,3.599999999999999867e-01,3.700000000000000000e+05
1.408522320553049045e+00,1.278297424316406250e+01,3.277923583984375000e+00,3.599999999999999867e-01,0.000000000000000000e+00
1.408579109951242359e+00,1.278297424316406250e+01,2.993976593017578125e+00,3.599999999999999867e-01,3.700000000000000000e+05
1.409679296566776152e+00,1.326141691207885742e+01,4.020000457763671875e+00,3.599999999999999867e-01,0.000000000000000000e+00
1.409705777718357034e+00,1.339382266998291016e+01,4.020000457763671875e+00,3.599999999999999867e-01,3.700000000000000000e+05
1.410091796424621347e+00,1.322595167160034180e+01,3.660003662109375000e+00,3.599999999999999867e-01,0.000000000000000000e+00
1.410118277480834736e+00,1.335835695266723633e+01,3.660003662109375000e+00,3.599999999999999867e-01,3.700000000000000000e+05
1.410504296187099049e+00,1.352622795104980469e+01,4.020000457763671875e+00,3.599999999999999867e-01,0.000000000000000000e+00
1.410530777243312439e+00,1.365863323211669922e+01,4.020000457763671875e+00,3.599999999999999867e-01,3.700000000000000000e+05
1.410916795949576752e+00,1.349076223373413086e+01,3.660003662109375000e+00,3.599999999999999867e-01,0.000000000000000000e+00
1.410943277005790142e+00,1.362316751480102539e+01,3.660003662109375000e+00,3.599999999999999867e-01,3.700000000000000000e+05
1.411329295712054455e+00,1.379103851318359375e+01,4.020000457763671875e+00,3.599999999999999867e-01,0.000000000000000000e+00
1.411355776768267845e+00,1.392344379425048828e+01,4.020000457763671875e+00,3.599999999999999867e-01,3.700000000000000000e+05
1.411741795278689926e+00,1.375557327270507812e+01,3.660003662109375000e+00,3.599999999999999867e-01,0.000000000000000000e+00
1.411768276334903316e+00,1.388797855377197266e+01,3.660003662109375000e+00,3.599999999999999867e-01,3.700000000000000000e+05
1.412154294845325397e+00,1.405584907531738281e+01,4.020000457763671875e+00,3.599999999999999867e-01,0.000000000000000000e+00
1.412180775901538787e+00,1.418825435638427734e+01,4.020000457763671875e+00,3.599999999999999867e-01,3.700000000000000000e+05
1.412566794411960869e+00,1.402038383483886719e+01,3.660003662109375000e+00,3.599999999999999867e-01,0.000000000000000000e+00
1.412593275468174259e+00,1.415278911590576172e+01,3.660003662109375000e+00,3.599999999999999867e-01,3.700000000000000000e+05
1.412979294174438571e+00,1.432066011428833008e+01,4.020000457763671875e+00,3.599999999999999867e-01,0.000000000000000000e+00
1.413005775230651961e+00,1.445306539535522461e+01,4.020000457763671875e+00,3.599999999999999867e-01,3.700000000000000000e+05
1.413391793936916274e+00,1.428519439697265625e+01,3.660003662109375000e+00,3.599999999999999867e-01,0.000000000000000000e+00
1.413418274993129664e+00,1.441759967803955078e+01,3.660003662109375000e+00,3.599999999999999867e-01,3.700000000000000000e+05
1.413804293699393977e+00,1.458547067642211914e+01,4.020000457763671875e+00,3.599999999999999867e-01,0.000000000000000000e+00
1.414863475275649485e+00,1.327027893066406250e+01,9.150001525878906250e+00,3.599999999999999867e-01,3.700000000000000000e+05
1.415249497341764862e+00,1.343814992904663086e+01,9.510002136230468750e+00,3.599999999999999867e-01,0.000000000000000000e+00
1.415275978397978252e+00,1.357055521011352539e+01,9.510002136230468750e+00,3.599999999999999867e-01,3.700000000000000000e+05
1.415662000464093628e+00,1.340268421173095703e+01,9.150001525878906250e+00,3.599999999999999867e-01,0.000000000000000000e+00
1.415688481615674510e+00,1.353508996963500977e+01,9.150001525878906250e+00,3.599999999999999867e-01,3.700000000000000000e+05
1.416074503485949432e+00,1.370296049118041992e+01,9.510002136230468750e+00,3.599999999999999867e-01,0.000000000000000000e+00
1.416100984542162822e+00,1.383536577224731445e+01,9.510002136230468750e+00,3.599999999999999867e-01,3.700000000000000000e+05
1.416487006412437744e+00,1.366749525070190430e+01,9.150001525878906250e+00,3.599999999999999867e-01,0.000000000000000000e+00
1.416513487468651133e+00,1.379990053176879883e+01,9.150001525878906250e+00,3.599999999999999867e-01,3.700000000000000000e+05
1.416899509338926055e+00,1.396777105331420898e+01,9.510002136230468750e+00,3.599999999999999867e-01,0.000000000000000000e+00
1.416925990395139445e+00,1.410017633438110352e+01,9.510002136230468750e+00,3.599999999999999867e-01,3.700000000000000000e+05
1.417312012265414367e+00,1.393230581283569336e+01,9.150001525878906250e+00,3.599999999999999867e-01,0.000000000000000000e+00
1.417338493321627757e+00,1.406471109390258789e+01,9.150001525878906250e+00,3.599999999999999867e-01,3.700000000000000000e+05
1.417724515387743134e+00,1.423258209228515625e+01,9.510002136230468750e+00,3.599999999999999867e-01,0.000000000000000000e+00
1.417750996443956524e+00,1.436498737335205078e+01,9.510002136230468750e+00,3.599999999999999867e-01,3.700000000000000000e+05
1.418137018510071901e+00,1.419711637496948242e+01,9.150001525878906250e+00,3.599999999999999867e-01,0.000000000000000000e+00
1.418163499566285290e+00,1.432952165603637695e+01,9.150001525878906250e+00,3.599999999999999867e-01,3.700000000000000000e+05
1.418549521632400667e+00,1.449739265441894531e+01,9.510002136230468750e+00,3.599999999999999867e-01,0.000000000000000000e+00
1.419216454449161890e+00,1.497696495056152344e+01,1.281000137329101562e+01,3.599999999999999867e-01,3.700000000000000000e+05
1.419602476515277267e+00,1.514483594894409180e+01,1.317000198364257812e+01,3.599999999999999867e-01,0.000000000000000000e+00
1.419628957571490657e+00,1.527724123001098633e+01,1.317000198364257812e+01,3.599999999999999867e-01,3.700000000000000000e+05
1.420014979637606034e+00,1.510937023162841797e+01,1.281000137329101562e+01,3.599999999999999867e-01,0.000000000000000000e+00
1.420041460789186916e+00,1.524177598953247070e+01,1.281000137329101562e+01,3.599999999999999867e-01,3.700000000000000000e+05
1.420427482659461837e+00,1.540964651107788086e+01,1.317000198364257812e+01,3.599999999999999867e-01,0.000000000000000000e+00
1.420453963715675227e+00,1.554205179214477539e+01,1.317000198364257812e+01,3.599999999999999867e-01,3.700000000000000000e+05
1.420839985585950149e+00,1.537418127059936523e+01,1.281000137329101562e+01,3.599999999999999867e-01,0.000000000000000000e+00
1.420866466642163539e+00,1.550658655166625977e+01,1.281000137329101562e+01,3.599999999999999867e-01,3.700000000000000000e+05
1.421252488512438461e+00,1.567445707321166992e+01,1.317000198364257812e+01,3.599999999999999867e-01,0.000000000000000000e+00
1.421278969568651851e+00,1.580686235427856445e+01,1.317000198364257812e+01,3.599999999999999867e-01,3.700000000000000000e+05
1.421664991438926773e+00,1.563899183273315430e+01,1.281000137329101562e+01,3.599999999999999867e-01,0.000000000000000000e+00
1.421691472495140163e+00,1.577139711380004883e+01,1.281000137329101562e+01,3.599999999999999867e-01,3.700000000000000000e+05
1.422077494365415085e+00,1.593926763534545898e+01,1.317000198364257812e+01,3.599999999999999867e-01,0.000000000000000000e+00
1.422103975421628475e+00,1.607167291641235352e+01,1.317000198364257812e+01,3.599999999999999867e-01,3.700000000000000000e+05
1.422489997291903396e+00,1.590380239486694336e+01,1.281000137329101562e+01,3.599999999999999867e-01,0.000000000000000000e+00
1.422516478348116786e+00,1.603620767593383789e+01,1.281000137329101562e+01,3.599999999999999867e-01,3.700000000000000000e+05
1.422902500218391708e+00,1.620407819747924805e+01,1.317000198364257812e+01,3.599999999999999867e-01,0.000000000000000000e+00
1.422928981274605098e+00,1.633648347854614258e+01,1.317000198364257812e+01,3.599999999999999867e-01,3.700000000000000000e+05
1.423315003144880020e+00,1.616861295700073242e+01,1.281000137329101562e+01,3.599999999999999867e-01,0.000000000000000000e+00
1.423341484201093410e+00,1.630101823806762695e+01,1.281000137329101562e+01,3.599999999999999867e-01,3.700000000000000000e+05
1.424495738468978923e+00,1.680297422409057617e+01,1.388644790649414062e+01,3.599999999999999867e-01,0.000000000000000000e+00
1.424552527104232746e+00,1.680297422409057617e+01,1.360250473022460938e+01,3.599999999999999867e-01,3.700000000000000000e+05
1.425402314120943315e+00,1.643342351913452148e+01,1.281000137329101562e+01,3.599999999999999867e-01,0.000000000000000000e+00
1.425455041147442703e+00,1.644297456741333008e+01,1.254653930664062500e+01,3.599999999999999867e-01,3.700000000000000000e+05
1.426282866418228767e+00,1.680297422409057617e+01,1.331856155395507812e+01,3.599999999999999867e-01,0.000000000000000000e+00
1.426315149857365183e+00,1.686610555648803711e+01,1.317000198364257812e+01,3.599999999999999867e-01,3.700000000000000000e+05
1.427288144875746179e+00,1.644297456741333008e+01,1.226259613037109375e+01,3.599999999999999867e-01,0.000000000000000000e+00
1.427344934273939492e+00,1.644297456741333008e+01,1.197864913940429688e+01,3.599999999999999867e-01,3.700000000000000000e+05
1.428172759544725556e+00,1.680297422409057617e+01,1.275067138671875000e+01,3.599999999999999867e-01,0.000000000000000000e+00
1.428229548179979380e+00,1.680297422409057617e+01,1.246672821044921875e+01,3.599999999999999867e-01,3.700000000000000000e+05
1.429057373450765445e+00,1.644297456741333008e+01,1.169470596313476562e+01,3.599999999999999867e-01,0.000000000000000000e+00
1.429114162086019268e+00,1.644297456741333008e+01,1.141076278686523438e+01,3.599999999999999867e-01,3.700000000000000000e+05
1.429941987356805333e+00,1.680297422409057617e+01,1.218278503417968750e+01,3.599999999999999867e-01,0.000000000000000000e+00
1.429998775992059157e+00,1.680297422409057617e+01,1.189884185791015625e+01,3.599999999999999867e-01,3.700000000000000000e+05
1.430984029600545160e+00,1.637451314926147461e+01,1.098000335693359375e+01,3.599999999999999867e-01,0.000000000000000000e+00
1.431014683673611509e+00,1.644297456741333008e+01,1.084287261962890625e+01,3.599999999999999867e-01,3.700000000000000000e+05
1.431842508944397574e+00,1.680297422409057617e+01,1.161489486694335938e+01,3.599999999999999867e-01,0.000000000000000000e+00
1.431897494365176327e+00,1.680719423294067383e+01,1.134000015258789062e+01,3.599999999999999867e-01,3.700000000000000000e+05
1.432735022400100533e+00,1.644297456741333008e+01,1.055892944335937500e+01,3.599999999999999867e-01,0.000000000000000000e+00
1.432791811035354357e+00,1.644297456741333008e+01,1.027498626708984375e+01,3.599999999999999867e-01,3.700000000000000000e+05
1.433933806321453508e+00,1.693959951400756836e+01,1.134000015258789062e+01,3.599999999999999867e-01,0.000000000000000000e+00
1.433960287377666898e+00,1.707200479507446289e+01,1.134000015258789062e+01,3.599999999999999867e-01,3.700000000000000000e+05
1.434346305888088979e+00,1.690413427352905273e+01,1.098000335693359375e+01,3.599999999999999867e-01,0.000000000000000000e+00
1.434372786944302369e+00,1.703653955459594727e+01,1.098000335693359375e+01,3.599999999999999867e-01,3.700000000000000000e+05
1.434758805454724451e+00,1.720441007614135742e+01,1.134000015258789062e+01,3.599999999999999867e-01,0.000000000000000000e+00
1.434785286701672602e+00,1.733681631088256836e+01,1.134000015258789062e+01,3.599999999999999867e-01,3.700000000000000000e+05
1.435171305603779590e+00,1.716894483566284180e+01,1.098000335693359375e+01,3.599999999999999867e-01,0.000000000000000000e+00
1.435197786659992980e+00,1.730135011672973633e+01,1.098000335693359375e+01,3.599999999999999867e-01,3.700000000000000000e+05
1.435583805562099968e+00,1.746922159194946289e+01,1.134000015258789062e+01,3.599999999999999867e-01,0.000000000000000000e+00
1.435610286618313358e+00,1.760162687301635742e+01,1.134000015258789062e+01,3.599999999999999867e-01,3.700000000000000000e+05
1.435996305520420346e+00,1.743375539779663086e+01,1.098000335693359375e+01,3.599999999999999867e-01,0.000000000000000000e+00
1.436022786767368498e+00,1.756616163253784180e+01,1.098000335693359375e+01,3.599999999999999867e-01,3.700000000000000000e+05
1.436408805277790579e+00,1.773403215408325195e+01,1.134000015258789062e+01,3.599999999999999867e-01,0.000000000000000000e+00
1.436435286334003969e+00,1.786643743515014648e+01,1.134000015258789062e+01,3.599999999999999867e-01,3.700000000000000000e+05
1.436821304844426050e+00,1.769856691360473633e+01,1.098000335693359375e+01,3.599999999999999867e-01,0.000000000000000000e+00
1.436847785900639440e+00,1.783097219467163086e+01,1.098000335693359375e+01,3.599999999999999867e-01,3.700000000000000000e+05
1.437233804411061522e+00,1.799884271621704102e+01,1.134000015258789062e+01,3.599999999999999867e-01,0.000000000000000000e+00
1.437260285467274912e+00,1.813124799728393555e+01,1.134000015258789062e+01,3.599999999999999867e-01,3.700000000000000000e+05
1.437646303977696993e+00,1.796337747573852539e+01,1.098000335693359375e+01,3.599999999999999867e-01,0.000000000000000000e+00
1.437672785033910383e+00,1.809578275680541992e+01,1.098000335693359375e+01,3.599999999999999867e-01,3.700000000000000000e+05
1.438058803544332465e+00,1.826365327835083008e+01,1.134000015258789062e+01,3.599999999999999867e-01,0.000000000000000000e+00
1.440921087048134153e+00,9.533185482025146484e+00,0.000000000000000000e+00,3.599999999999999867e-01,3.700000000000000000e+05
1.441307109016329191e+00,9.701056241989135742e+00,3.600006103515625000e-01,3.599999999999999867e-01,0.000000000000000000e+00
1.441333590072542581e+00,9.833461523056030273e+00,3.600006103515625000e-01,3.599999999999999867e-01,3.700000000000000000e+05
1.441719612040737619e+00,9.665590763092041016e+00,0.000000000000000000e+00,3.599999999999999867e-01,0.000000000000000000e+00
1.441746093096951009e+00,9.797996044158935547e+00,0.000000000000000000e+00,3.599999999999999867e-01,3.700000000000000000e+05
1.442132115065146047e+00,9.965866804122924805e+00,3.600006103515625000e-01,3.599999999999999867e-01,0.000000000000000000e+00
1.442158596121359437e+00,1.009827208518981934e+01,3.600006103515625000e-01,3.599999999999999867e-01,3.700000000000000000e+05
1.442544618089554476e+00,9.930401325225830078e+00,0.000000000000000000e+00,3.599999999999999867e-01,0.000000000000000000e+00
1.442571099193451500e+00,1.006280684471130371e+01,0.000000000000000000e+00,3.599999999999999867e-01,3.700000000000000000e+05
1.442957121161646539e+00,1.023067760467529297e+01,3.600006103515625000e-01,3.599999999999999867e-01,0.000000000000000000e+00
1.442983602217859929e+00,1.036308288574218750e+01,3.600006103515625000e-01,3.599999999999999867e-01,3.700000000000000000e+05
1.443369624186054967e+00,1.019521212577819824e+01,0.000000000000000000e+00,3.599999999999999867e-01,0.000000000000000000e+00
1.443396105242268357e+00,1.032761740684509277e+01,0.000000000000000000e+00,3.599999999999999867e-01,3.700000000000000000e+05
1.443782127210463395e+00,1.049548816680908203e+01,3.600006103515625000e-01,3.599999999999999867e-01,0.000000000000000000e+00
1.443808608314360420e+00,1.062789368629455566e+01,3.600006103515625000e-01,3.599999999999999867e-01,3.700000000000000000e+05
1.444194630282555458e+00,1.046002292633056641e+01,0.000000000000000000e+00,3.599999999999999867e-01,0.000000000000000000e+00
1.444221111338768848e+00,1.059242820739746094e+01,0.000000000000000000e+00,3.599999999999999867e-01,3.700000000000000000e+05
1.444607133306963886e+00,1.076029896736145020e+01,3.600006103515625000e-01,3.599999999999999867e-01,0.000000000000000000e+00
1.444633614363177276e+00,1.089270424842834473e+01,3.600006103515625000e-01,3.599999999999999867e-01,3.700000000000000000e+05
1.445019636331372315e+00,1.072483348846435547e+01,0.000000000000000000e+00,3.599999999999999867e-01,0.000000000000000000e+00
1.445735925806792999e+00,1.131297421455383301e+01,3.532825469970703125e+00,3.599999999999999867e-01,3.700000000000000000e+05
1.446563751175499402e+00,1.095297431945800781e+01,2.760803222656250000e+00,3.599999999999999867e-01,0.000000000000000000e+00
1.446620539810753225e+00,1.095297431945800781e+01,2.476860046386718750e+00,3.599999999999999867e-01,3.700000000000000000e+05
1.447448365179459628e+00,1.131297421455383301e+01,3.248882293701171875e+00,3.599999999999999867e-01,0.000000000000000000e+00
1.447505153814713452e+00,1.131297421455383301e+01,2.964939117431640625e+00,3.599999999999999867e-01,3.700000000000000000e+05
1.448332979183419855e+00,1.095297431945800781e+01,2.192916870117187500e+00,3.599999999999999867e-01,0.000000000000000000e+00
1.448405934886907831e+00,1.091614985466003418e+01,1.830001831054687500e+00,3.599999999999999867e-01,3.700000000000000000e+05
1.449318440047167922e+00,1.131297421455383301e+01,2.680995941162109375e+00,3.599999999999999867e-01,0.000000000000000000e+00
1.449375229445361235e+00,1.131297421455383301e+01,2.397048950195312500e+00,3.599999999999999867e-01,3.700000000000000000e+05
1.450203054814067638e+00,1.095297431945800781e+01,1.625026702880859375e+00,3.599999999999999867e-01,0.000000000000000000e+00
1.450259843449321462e+00,1.095297431945800781e+01,1.341083526611328125e+00,3.599999999999999867e-01,3.700000000000000000e+05
1.451170123488166652e+00,1.134883117675781250e+01,2.190002441406250000e+00,3.599999999999999867e-01,0.000000000000000000e+00
1.451196604544380042e+00,1.148123645782470703e+01,2.190002441406250000e+00,3.599999999999999867e-01,3.700000000000000000e+05
1.451582626414654964e+00,1.131336593627929688e+01,1.830001831054687500e+00,3.599999999999999867e-01,0.000000000000000000e+00
1.451609107470868354e+00,1.144577121734619141e+01,1.830001831054687500e+00,3.599999999999999867e-01,3.700000000000000000e+05
1.451995129341143276e+00,1.161364173889160156e+01,2.190002441406250000e+00,3.599999999999999867e-01,0.000000000000000000e+00
1.452021610492724157e+00,1.174604749679565430e+01,2.190002441406250000e+00,3.599999999999999867e-01,3.700000000000000000e+05
1.452407632558839534e+00,1.157817649841308594e+01,1.830001831054687500e+00,3.599999999999999867e-01,0.000000000000000000e+00
1.452434113615052924e+00,1.171058177947998047e+01,1.830001831054687500e+00,3.599999999999999867e-01,3.700000000000000000e+05
1.452820135681168301e+00,1.187845277786254883e+01,2.190002441406250000e+00,3.599999999999999867e-01,0.000000000000000000e+00
1.452846616737381691e+00,1.201085805892944336e+01,2.190002441406250000e+00,3.599999999999999867e-01,3.700000000000000000e+05
1.453232638803497068e+00,1.184298706054687500e+01,1.830001831054687500e+00,3.599999999999999867e-01,0.000000000000000000e+00
1.453259119955077949e+00,1.197539281845092773e+01,1.830001831054687500e+00,3.599999999999999867e-01,3.700000000000000000e+05
1.453645141825352871e+00,1.214326333999633789e+01,2.190002441406250000e+00,3.599999999999999867e-01,0.000000000000000000e+00
1.453671622881566261e+00,1.227566862106323242e+01,2.190002441406250000e+00,3.599999999999999867e-01,3.700000000000000000e+05
1.454057644751841183e+00,1.210779809951782227e+01,1.830001831054687500e+00,3.599999999999999867e-01,0.000000000000000000e+00
1.454084125808054573e+00,1.224020338058471680e+01,1.830001831054687500e+00,3.599999999999999867e-01,3.700000000000000000e+05
1.454470147678329495e+00,1.240807390213012695e+01,2.190002441406250000e+00,3.599999999999999867e-01,0.000000000000000000e+00
1.454496628734542885e+00,1.254047918319702148e+01,2.190002441406250000e+00,3.599999999999999867e-01,3.700000000000000000e+05
1.454882650604817806e+00,1.237260866165161133e+01,1.830001831054687500e+00,3.599999999999999867e-01,0.000000000000000000e+00
1.454909131661031196e+00,1.250501394271850586e+01,1.830001831054687500e+00,3.599999999999999867e-01,3.700000000000000000e+05
1.455295153727146573e+00,1.267288494110107422e+01,2.190002441406250000e+00,3.599999999999999867e-01,0.000000000000000000e+00
1.456326790776772073e+00,1.321136808395385742e+01,7.320003509521484375e+00,3.599999999999999867e-01,3.700000000000000000e+05
1.456712809483036386e+00,1.337923908233642578e+01,7.680000305175781250e+00,3.599999999999999867e-01,0.000000000000000000e+00
1.456739290539249776e+00,1.351164436340332031e+01,7.680000305175781250e+00,3.599999999999999867e-01,3.700000000000000000e+05
1.457125309245514089e+00,1.334377336502075195e+01,7.320003509521484375e+00,3.599999999999999867e-01,0.000000000000000000e+00
1.457151790301727479e+00,1.347617864608764648e+01,7.320003509521484375e+00,3.599999999999999867e-01,3.700000000000000000e+05
1.457537809007991791e+00,1.364404964447021484e+01,7.680000305175781250e+00,3.599999999999999867e-01,0.000000000000000000e+00
1.457564290064205181e+00,1.377645492553710938e+01,7.680000305175781250e+00,3.599999999999999867e-01,3.700000000000000000e+05
1.457950308574627263e+00,1.360858440399169922e+01,7.320003509521484375e+00,3.599999999999999867e-01,0.000000000000000000e+00
1.457976789630840653e+00,1.374098968505859375e+01,7.320003509521484375e+00,3.599999999999999867e-01,3.700000000000000000e+05
1.458362808141262734e+00,1.390886020660400391e+01,7.680000305175781250e+00,3.599999999999999867e-01,0.000000000000000000e+00
1.458389289197476124e+00,1.404126548767089844e+01,7.680000305175781250e+00,3.599999999999999867e-01,3.700000000000000000e+05
1.458775307707898206e+00,1.387339496612548828e+01,7.320003509521484375e+00,3.599999999999999867e-01,0.000000000000000000e+00
1.458801788764111595e+00,1.400580024719238281e+01,7.320003509521484375e+00,3.599999999999999867e-01,3.700000000000000000e+05
1.459187807274533677e+00,1.417367076873779297e+01,7.680000305175781250e+00,3.599999999999999867e-01,0.000000000000000000e+00
1.459214288426114559e+00,1.430607652664184570e+01,7.680000305175781250e+00,3.599999999999999867e-01,3.700000000000000000e+05
1.459600307132378871e+00,1.413820552825927734e+01,7.320003509521484375e+00,3.599999999999999867e-01,0.000000000000000000e+00
1.459626788188592261e+00,1.427061080932617188e+01,7.320003509521484375e+00,3.599999999999999867e-01,3.700000000000000000e+05
1.460012806894856574e+00,1.443848180770874023e+01,7.680000305175781250e+00,3.599999999999999867e-01,0.000000000000000000e+00
1.460039287951069964e+00,1.457088708877563477e+01,7.680000305175781250e+00,3.599999999999999867e-01,3.700000000000000000e+05
1.460425306657334277e+00,1.440301609039306641e+01,7.320003509521484375e+00,3.599999999999999867e-01,0.000000000000000000e+00
1.461133309816974757e+00,1.497297430038452148e+01,1.081383514404296875e+01,3.599999999999999867e-01,3.700000000000000000e+05
1.461961135283601498e+00,1.461297416687011719e+01,1.004181289672851562e+01,3.599999999999999867e-01,0.000000000000000000e+00
1.462017924681794812e+00,1.461297416687011719e+01,9.757865905761718750e+00,3.599999999999999867e-01,3.700000000000000000e+05
1.462845753508276614e+00,1.497297430038452148e+01,1.052989196777343750e+01,3.599999999999999867e-01,0.000000000000000000e+00
1.462902542906469927e+00,1.497297430038452148e+01,1.024594497680664062e+01,3.599999999999999867e-01,3.700000000000000000e+05
1.464077703287485210e+00,1.446192693710327148e+01,9.150001525878906250e+00,3.599999999999999867e-01,0.000000000000000000e+00
1.464104184439066092e+00,1.459433269500732422e+01,9.150001525878906250e+00,3.599999999999999867e-01,3.700000000000000000e+05
1.464974877373065976e+00,1.497297430038452148e+01,9.962001800537109375e+00,3.599999999999999867e-01,0.000000000000000000e+00
1.465031666008319799e+00,1.497297430038452148e+01,9.678058624267578125e+00,3.599999999999999867e-01,3.700000000000000000e+05
1.465859491474946541e+00,1.461297416687011719e+01,8.906036376953125000e+00,3.599999999999999867e-01,0.000000000000000000e+00
1.465916280873139854e+00,1.461297416687011719e+01,8.622089385986328125e+00,3.599999999999999867e-01,3.700000000000000000e+05
1.466868373138245252e+00,1.502701377868652344e+01,9.510002136230468750e+00,3.599999999999999867e-01,0.000000000000000000e+00
1.466894854289826133e+00,1.515941953659057617e+01,9.510002136230468750e+00,3.599999999999999867e-01,3.700000000000000000e+05
1.467280876355941510e+00,1.499154853820800781e+01,9.150001525878906250e+00,3.599999999999999867e-01,0.000000000000000000e+00
1.467307357412154900e+00,1.512395381927490234e+01,9.150001525878906250e+00,3.599999999999999867e-01,3.700000000000000000e+05
1.467693379478270277e+00,1.529182481765747070e+01,9.510002136230468750e+00,3.599999999999999867e-01,0.000000000000000000e+00
1.467719860534483667e+00,1.542423009872436523e+01,9.510002136230468750e+00,3.599999999999999867e-01,3.700000000000000000e+05
1.468105882600599044e+00,1.525635910034179688e+01,9.150001525878906250e+00,3.599999999999999867e-01,0.000000000000000000e+00
1.468132363752179925e+00,1.538876485824584961e+01,9.150001525878906250e+00,3.599999999999999867e-01,3.700000000000000000e+05
1.468518385622454847e+00,1.555663537979125977e+01,9.510002136230468750e+00,3.599999999999999867e-01,0.000000000000000000e+00
1.468544866678668237e+00,1.568904066085815430e+01,9.510002136230468750e+00,3.599999999999999867e-01,3.700000000000000000e+05
1.468930888548943159e+00,1.552117013931274414e+01,9.150001525878906250e+00,3.599999999999999867e-01,0.000000000000000000e+00
1.468957369605156549e+00,1.565357542037963867e+01,9.150001525878906250e+00,3.599999999999999867e-01,3.700000000000000000e+05
1.469343391475431471e+00,1.582144594192504883e+01,9.510002136230468750e+00,3.599999999999999867e-01,0.000000000000000000e+00
1.469369872531644861e+00,1.595385122299194336e+01,9.510002136230468750e+00,3.599999999999999867e-01,3.700000000000000000e+05
1.469755894401919782e+00,1.578598070144653320e+01,9.150001525878906250e+00,3.599999999999999867e-01,0.000000000000000000e+00
1.469782375458133172e+00,1.591838598251342773e+01,9.150001525878906250e+00,3.599999999999999867e-01,3.700000000000000000e+05
1.470168397328408094e+00,1.608625650405883789e+01,9.510002136230468750e+00,3.599999999999999867e-01,0.000000000000000000e+00
1.470194878384621484e+00,1.621866178512573242e+01,9.510002136230468750e+00,3.599999999999999867e-01,3.700000000000000000e+05
1.470580900254896406e+00,1.605079126358032227e+01,9.150001525878906250e+00,3.599999999999999867e-01,0.000000000000000000e+00
1.470607381311109796e+00,1.618319654464721680e+01,9.150001525878906250e+00,3.599999999999999867e-01,3.700000000000000000e+05
1.470993403573066072e+00,1.635106801986694336e+01,9.510002136230468750e+00,3.599999999999999867e-01,0.000000000000000000e+00
1.472830550112767867e+00,1.131297421455383301e+01,1.829162597656250000e+00,3.599999999999999867e-01,3.700000000000000000e+05
1.473658375481474270e+00,1.095297431945800781e+01,1.057140350341796875e+00,3.599999999999999867e-01,0.000000000000000000e+00
1.473715164116728094e+00,1.095297431945800781e+01,7.731971740722656250e-01,3.599999999999999867e-01,3.700000000000000000e+05
1.474542989485434497e+00,1.131297421455383301e+01,1.545219421386718750e+00,3.599999999999999867e-01,0.000000000000000000e+00
1.474599778883627810e+00,1.131297421455383301e+01,1.261272430419921875e+00,3.599999999999999867e-01,3.700000000000000000e+05
1.475427604252334213e+00,1.095297431945800781e+01,4.892501831054687500e-01,3.599999999999999867e-01,0.000000000000000000e+00
1.475527310026929051e+00,1.085723876953125000e+01,0.000000000000000000e+00,3.599999999999999867e-01,3.700000000000000000e+05
1.476575282072725370e+00,1.131297421455383301e+01,9.773292541503906250e-01,3.599999999999999867e-01,0.000000000000000000e+00
1.476632070707979194e+00,1.131297421455383301e+01,6.933860778808593750e-01,3.599999999999999867e-01,3.700000000000000000e+05
1.477459896076685597e+00,1.095297431945800781e+01,-7.863616943359375000e-02,3.599999999999999867e-01,0.000000000000000000e+00
1.477516684711939421e+00,1.095297431945800781e+01,-3.625793457031250000e-01,3.599999999999999867e-01,3.700000000000000000e+05
1.478344510080645824e+00,1.131297421455383301e+01,4.094429016113281250e-01,3.599999999999999867e-01,0.000000000000000000e+00
1.478368511970650445e+00,1.142232561111450195e+01,3.600006103515625000e-01,3.599999999999999867e-01,3.700000000000000000e+05
1.479447792473054246e+00,1.095297431945800781e+01,-6.465263366699218750e-01,3.599999999999999867e-01,0.000000000000000000e+00
1.479504581108308070e+00,1.095297431945800781e+01,-9.304695129394531250e-01,3.599999999999999867e-01,3.700000000000000000e+05
1.480332406477014473e+00,1.131297421455383301e+01,-1.584472656250000000e-01,3.599999999999999867e-01,0.000000000000000000e+00
1.480389195112268297e+00,1.131297421455383301e+01,-4.423904418945312500e-01,3.599999999999999867e-01,3.700000000000000000e+05
1.481217020480974700e+00,1.095297431945800781e+01,-1.214412689208984375e+00,3.599999999999999867e-01,0.000000000000000000e+00
1.481343963114158946e+00,1.079832792282104492e+01,-1.829998016357421875e+00,3.599999999999999867e-01,3.700000000000000000e+05
1.482527401947571377e+00,1.131297421455383301e+01,-7.263336181640625000e-01,3.599999999999999867e-01,0.000000000000000000e+00
1.482584191345764690e+00,1.131297421455383301e+01,-1.010280609130859375e+00,3.599999999999999867e-01,3.700000000000000000e+05
1.483463159568148226e+00,1.093073320388793945e+01,-1.829998016357421875e+00,3.599999999999999867e-01,0.000000000000000000e+00
1.483489640672045251e+00,1.106313872337341309e+01,-1.829998016357421875e+00,3.599999999999999867e-01,3.700000000000000000e+05
1.484064141545333726e+00,1.131297421455383301e+01,-1.294223785400390625e+00,3.599999999999999867e-01,0.000000000000000000e+00
1.484120930180587550e+00,1.131297421455383301e+01,-1.578166961669921875e+00,3.599999999999999867e-01,3.700000000000000000e+05
1.484390963802701524e+00,1.119554400444030762e+01,-1.829998016357421875e+00,3.599999999999999867e-01,0.000000000000000000e+00
1.485906376682849306e+00,1.315245723724365234e+01,5.490001678466796875e+00,3.599999999999999867e-01,3.700000000000000000e+05
1.486292398553124228e+00,1.332032775878906250e+01,5.850002288818359375e+00,3.599999999999999867e-01,0.000000000000000000e+00
1.486318879704705109e+00,1.345273351669311523e+01,5.850002288818359375e+00,3.599999999999999867e-01,3.700000000000000000e+05
1.486704901770820486e+00,1.328486251831054688e+01,5.490001678466796875e+00,3.599999999999999867e-01,0.000000000000000000e+00
1.486731382827033876e+00,1.341726779937744141e+01,5.490001678466796875e+00,3.599999999999999867e-01,3.700000000000000000e+05
1.487117404893149253e+00,1.358513879776000977e+01,5.850002288818359375e+00,3.599999999999999867e-01,0.000000000000000000e+00
1.487143885949362643e+00,1.371754407882690430e+01,5.850002288818359375e+00,3.599999999999999867e-01,3.700000000000000000e+05
1.487529908015478020e+00,1.354967308044433594e+01,5.490001678466796875e+00,3.599999999999999867e-01,0.000000000000000000e+00
1.487556389167058901e+00,1.368207883834838867e+01,5.490001678466796875e+00,3.599999999999999867e-01,3.700000000000000000e+05
1.487942411037333823e+00,1.384994935989379883e+01,5.850002288818359375e+00,3.599999999999999867e-01,0.000000000000000000e+00
1.487968892093547213e+00,1.398235464096069336e+01,5.850002288818359375e+00,3.599999999999999867e-01,3.700000000000000000e+05
1.488354913963822135e+00,1.381448411941528320e+01,5.490001678466796875e+00,3.599999999999999867e-01,0.000000000000000000e+00
1.488381395020035525e+00,1.394688940048217773e+01,5.490001678466796875e+00,3.599999999999999867e-01,3.700000000000000000e+05
1.488767416890310447e+00,1.411475992202758789e+01,5.850002288818359375e+00,3.599999999999999867e-01,0.000000000000000000e+00
1.488793897946523836e+00,1.424716520309448242e+01,5.850002288818359375e+00,3.599999999999999867e-01,3.700000000000000000e+05
1.489179919816798758e+00,1.407929468154907227e+01,5.490001678466796875e+00,3.599999999999999867e-01,0.000000000000000000e+00
1.489206400873012148e+00,1.421169996261596680e+01,5.490001678466796875e+00,3.599999999999999867e-01,3.700000000000000000e+05
1.489592422939127525e+00,1.437957096099853516e+01,5.850002288818359375e+00,3.599999999999999867e-01,0.000000000000000000e+00
1.489618903995340915e+00,1.451197624206542969e+01,5.850002288818359375e+00,3.599999999999999867e-01,3.700000000000000000e+05
1.490004926061456292e+00,1.434410524368286133e+01,5.490001678466796875e+00,3.599999999999999867e-01,0.000000000000000000e+00
1.490739802480865572e+00,1.497297430038452148e+01,9.110168457031250000e+00,3.599999999999999867e-01,3.700000000000000000e+05
1.491567627947492314e+00,1.461297416687011719e+01,8.338146209716796875e+00,3.599999999999999867e-01,0.000000000000000000e+00
1.491624416582746138e+00,1.461297416687011719e+01,8.054203033447265625e+00,3.599999999999999867e-01,3.700000000000000000e+05
1.492452242049372879e+00,1.497297430038452148e+01,8.826225280761718750e+00,3.599999999999999867e-01,0.000000000000000000e+00
1.492509030684626703e+00,1.497297430038452148e+01,8.542282104492187500e+00,3.599999999999999867e-01,3.700000000000000000e+05
1.493336856151253444e+00,1.461297416687011719e+01,7.770259857177734375e+00,3.599999999999999867e-01,0.000000000000000000e+00
1.493428233422108065e+00,1.453542184829711914e+01,7.320003509521484375e+00,3.599999999999999867e-01,3.700000000000000000e+05
1.494434389783870554e+00,1.497297430038452148e+01,8.258335113525390625e+00,3.599999999999999867e-01,0.000000000000000000e+00
1.494491178419124378e+00,1.497297430038452148e+01,7.974391937255859375e+00,3.599999999999999867e-01,3.700000000000000000e+05
1.495319003885751119e+00,1.461297416687011719e+01,7.202369689941406250e+00,3.599999999999999867e-01,0.000000000000000000e+00
1.495375792521004943e+00,1.461297416687011719e+01,6.918426513671875000e+00,3.599999999999999867e-01,3.700000000000000000e+05
1.496203617987631684e+00,1.497297430038452148e+01,7.690448760986328125e+00,3.599999999999999867e-01,0.000000000000000000e+00
1.496229210227945305e+00,1.510050821304321289e+01,7.680000305175781250e+00,3.599999999999999867e-01,3.700000000000000000e+05
1.497350302956609092e+00,1.461297416687011719e+01,6.634479522705078125e+00,3.599999999999999867e-01,0.000000000000000000e+00
1.497407091591862915e+00,1.461297416687011719e+01,6.350536346435546875e+00,3.599999999999999867e-01,3.700000000000000000e+05
1.498234917058489657e+00,1.497297430038452148e+01,7.122558593750000000e+00,3.599999999999999867e-01,0.000000000000000000e+00
1.498291705693743481e+00,1.497297430038452148e+01,6.838615417480468750e+00,3.599999999999999867e-01,3.700000000000000000e+05
1.499119531160370222e+00,1.461297416687011719e+01,6.066593170166015625e+00,3.599999999999999867e-01,0.000000000000000000e+00
1.499238035181216899e+00,1.447651052474975586e+01,5.490001678466796875e+00,3.599999999999999867e-01,3.700000000000000000e+05
1.500379661886289462e+00,1.497297430038452148e+01,6.554672241210937500e+00,3.599999999999999867e-01,0.000000000000000000e+00
1.500436451284482775e+00,1.497297430038452148e+01,6.270725250244140625e+00,3.599999999999999867e-01,3.700000000000000000e+05
1.501273607182685987e+00,1.460891628265380859e+01,5.490001678466796875e+00,3.599999999999999867e-01,0.000000000000000000e+00
1.501328661535251463e+00,1.461297416687011719e+01,5.214759826660156250e+00,3.599999999999999867e-01,3.700000000000000000e+05
1.502156487001878205e+00,1.497297430038452148e+01,5.986782073974609375e+00,3.599999999999999867e-01,0.000000000000000000e+00
1.502187092775717492e+00,1.504159736633300781e+01,5.850002288818359375e+00,3.599999999999999867e-01,3.700000000000000000e+05
1.503172718716765166e+00,1.461297416687011719e+01,4.930816650390625000e+00,3.599999999999999867e-01,0.000000000000000000e+00
1.503229507352018990e+00,1.461297416687011719e+01,4.646873474121093750e+00,3.599999999999999867e-01,3.700000000000000000e+05
1.504057332818645731e+00,1.497297430038452148e+01,5.418895721435546875e+00,3.599999999999999867e-01,0.000000000000000000e+00
1.504114122216839045e+00,1.497297430038452148e+01,5.134948730468750000e+00,3.599999999999999867e-01,3.700000000000000000e+05
1.504941947683465786e+00,1.461297416687011719e+01,4.362926483154296875e+00,3.599999999999999867e-01,0.000000000000000000e+00
1.504998736318719610e+00,1.461297416687011719e+01,4.078983306884765625e+00,3.599999999999999867e-01,3.700000000000000000e+05
1.505826561785346351e+00,1.497297430038452148e+01,4.851005554199218750e+00,3.599999999999999867e-01,0.000000000000000000e+00
1.505883350420600175e+00,1.497297430038452148e+01,4.567062377929687500e+00,3.599999999999999867e-01,3.700000000000000000e+05
1.506855973302260399e+00,1.455000495910644531e+01,3.660003662109375000e+00,3.599999999999999867e-01,0.000000000000000000e+00
1.506888308007295896e+00,1.461297416687011719e+01,3.511096954345703125e+00,3.599999999999999867e-01,3.700000000000000000e+05
1.507716133473922637e+00,1.497297430038452148e+01,4.283119201660156250e+00,3.599999999999999867e-01,0.000000000000000000e+00
1.507768793060169532e+00,1.498268651962280273e+01,4.020000457763671875e+00,3.599999999999999867e-01,3.700000000000000000e+05
1.508618952213601094e+00,1.461297416687011719e+01,3.227149963378906250e+00,3.599999999999999867e-01,0.000000000000000000e+00
1.508675740848854918e+00,1.461297416687011719e+01,2.943206787109375000e+00,3.599999999999999867e-01,3.700000000000000000e+05
1.509830367253461425e+00,1.511509180068969727e+01,4.020000457763671875e+00,3.599999999999999867e-01,0.000000000000000000e+00
1.509856848309674815e+00,1.524749708175659180e+01,4.020000457763671875e+00,3.599999999999999867e-01,3.700000000000000000e+05
1.510242866820096896e+00,1.507962656021118164e+01,3.660003662109375000e+00,3.599999999999999867e-01,0.000000000000000000e+00
1.510269347876310286e+00,1.521203184127807617e+01,3.660003662109375000e+00,3.599999999999999867e-01,3.700000000000000000e+05
1.510655366582574599e+00,1.537990283966064453e+01,4.020000457763671875e+00,3.599999999999999867e-01,0.000000000000000000e+00
1.510681847543420497e+00,1.551230764389038086e+01,4.020000457763671875e+00,3.599999999999999867e-01,3.700000000000000000e+05
1.511067866053842579e+00,1.534443712234497070e+01,3.660003662109375000e+00,3.599999999999999867e-01,0.000000000000000000e+00
1.511094347110055969e+00,1.547684240341186523e+01,3.660003662109375000e+00,3.599999999999999867e-01,3.700000000000000000e+05
1.511480365620478050e+00,1.564471292495727539e+01,4.020000457763671875e+00,3.599999999999999867e-01,0.000000000000000000e+00
1.511506846676691440e+00,1.577711820602416992e+01,4.020000457763671875e+00,3.599999999999999867e-01,3.700000000000000000e+05
1.511892865187113522e+00,1.560924768447875977e+01,3.660003662109375000e+00,3.599999999999999867e-01,0.000000000000000000e+00
1.511919346243326912e+00,1.574165296554565430e+01,3.660003662109375000e+00,3.599999999999999867e-01,3.700000000000000000e+05
1.512305365145433900e+00,1.590952444076538086e+01,4.020000457763671875e+00,3.599999999999999867e-01,0.000000000000000000e+00
1.512331846201647290e+00,1.604192972183227539e+01,4.020000457763671875e+00,3.599999999999999867e-01,3.700000000000000000e+05
1.512717865103754278e+00,1.587405824661254883e+01,3.660003662109375000e+00,3.599999999999999867e-01,0.000000000000000000e+00
1.512744346159967668e+00,1.600646352767944336e+01,3.660003662109375000e+00,3.599999999999999867e-01,3.700000000000000000e+05
1.513130365062074656e+00,1.617433500289916992e+01,4.020000457763671875e+00,3.599999999999999867e-01,0.000000000000000000e+00
1.513156846118288046e+00,1.630674028396606445e+01,4.020000457763671875e+00,3.599999999999999867e-01,3.700000000000000000e+05
1.513542864628710127e+00,1.613886976242065430e+01,3.660003662109375000e+00,3.599999999999999867e-01,0.000000000000000000e+00
1.513569345684923517e+00,1.627127504348754883e+01,3.660003662109375000e+00,3.599999999999999867e-01,3.700000000000000000e+05
1.513955364195345599e+00,1.643914556503295898e+01,4.020000457763671875e+00,3.599999999999999867e-01,0.000000000000000000e+00
1.515715107179249843e+00,1.683064031600952148e+01,1.281000137329101562e+01,3.599999999999999867e-01,3.700000000000000000e+05
1.516101129049524765e+00,1.699851083755493164e+01,1.317000198364257812e+01,3.599999999999999867e-01,0.000000000000000000e+00
1.516127610105738155e+00,1.713091611862182617e+01,1.317000198364257812e+01,3.599999999999999867e-01,3.700000000000000000e+05
1.516513631976013077e+00,1.696304559707641602e+01,1.281000137329101562e+01,3.599999999999999867e-01,0.000000000000000000e+00
1.516540113032226467e+00,1.709545087814331055e+01,1.281000137329101562e+01,3.599999999999999867e-01,3.700000000000000000e+05
1.516926134902501389e+00,1.726332139968872070e+01,1.317000198364257812e+01,3.599999999999999867e-01,0.000000000000000000e+00
1.516952615958714778e+00,1.739572668075561523e+01,1.317000198364257812e+01,3.599999999999999867e-01,3.700000000000000000e+05
1.517338637828989700e+00,1.722785615921020508e+01,1.281000137329101562e+01,3.599999999999999867e-01,0.000000000000000000e+00
1.517365118885203090e+00,1.736026144027709961e+01,1.281000137329101562e+01,3.599999999999999867e-01,3.700000000000000000e+05
1.517751140755478012e+00,1.752813196182250977e+01,1.317000198364257812e+01,3.599999999999999867e-01,0.000000000000000000e+00
1.517777621811691402e+00,1.766053724288940430e+01,1.317000198364257812e+01,3.599999999999999867e-01,3.700000000000000000e+05
1.518163643681966324e+00,1.749266672134399414e+01,1.281000137329101562e+01,3.599999999999999867e-01,0.000000000000000000e+00
1.518190124738179714e+00,1.762507200241088867e+01,1.281000137329101562e+01,3.599999999999999867e-01,3.700000000000000000e+05
1.518576146608454636e+00,1.779294252395629883e+01,1.317000198364257812e+01,3.599999999999999867e-01,0.000000000000000000e+00
1.518602627664668026e+00,1.792534780502319336e+01,1.317000198364257812e+01,3.599999999999999867e-01,3.700000000000000000e+05
1.518988649534942947e+00,1.775747728347778320e+01,1.281000137329101562e+01,3.599999999999999867e-01,0.000000000000000000e+00
1.519015130591156337e+00,1.788988256454467773e+01,1.281000137329101562e+01,3.599999999999999867e-01,3.700000000000000000e+05
1.519401152853112613e+00,1.805775403976440430e+01,1.317000198364257812e+01,3.599999999999999867e-01,0.000000000000000000e+00
1.519427633909326003e+00,1.819015932083129883e+01,1.317000198364257812e+01,3.599999999999999867e-01,3.700000000000000000e+05
1.519813656171282279e+00,1.802228784561157227e+01,1.281000137329101562e+01,3.599999999999999867e-01,0.000000000000000000e+00
1.519840137227495669e+00,1.815469312667846680e+01,1.281000137329101562e+01,3.599999999999999867e-01,3.700000000000000000e+05
1.520226159489451945e+00,1.832256460189819336e+01,1.317000198364257812e+01,3.599999999999999867e-01,0.000000000000000000e+00
1.520252640545665335e+00,1.845496988296508789e+01,1.317000198364257812e+01,3.599999999999999867e-01,3.700000000000000000e+05
1.520671140850769820e+00,1.827297449111938477e+01,1.277971267700195312e+01,3.599999999999999867e-01,0.000000000000000000e+00
1.520727930248963133e+00,1.827297449111938477e+01,1.249576568603515625e+01,3.599999999999999867e-01,3.700000000000000000e+05
1.521450901165096514e+00,1.858737516403198242e+01,1.317000198364257812e+01,3.599999999999999867e-01,0.000000000000000000e+00
1.521489233282346643e+00,1.863297414779663086e+01,1.298384475708007812e+01,3.599999999999999867e-01,3.700000000000000000e+05
1.522317058553132707e+00,1.827297449111938477e+01,1.221182250976562500e+01,3.599999999999999867e-01,0.000000000000000000e+00
1.522373847188386531e+00,1.827297449111938477e+01,1.192787933349609375e+01,3.599999999999999867e-01,3.700000000000000000e+05
1.523201672459172595e+00,1.863297414779663086e+01,1.269990158081054688e+01,3.599999999999999867e-01,0.000000000000000000e+00
1.523258461094426419e+00,1.863297414779663086e+01,1.241595840454101562e+01,3.599999999999999867e-01,3.700000000000000000e+05
1.524086286365212484e+00,1.827297449111938477e+01,1.164393615722656250e+01,3.599999999999999867e-01,0.000000000000000000e+00
1.524143075763405797e+00,1.827297449111938477e+01,1.135998916625976562e+01,3.599999999999999867e-01,3.700000000000000000e+05
1.524970901034191861e+00,1.863297414779663086e+01,1.213201141357421875e+01,3.599999999999999867e-01,0.000000000000000000e+00
1.525027689669445685e+00,1.863297414779663086e+01,1.184806823730468750e+01,3.599999999999999867e-01,3.700000000000000000e+05
1.525958500129005024e+00,1.822818803787231445e+01,1.098000335693359375e+01,3.599999999999999867e-01,0.000000000000000000e+00
1.525997132985764004e+00,1.827297449111938477e+01,1.079210281372070312e+01,3.599999999999999867e-01,3.700000000000000000e+05
1.526824958256550069e+00,1.863297414779663086e+01,1.156412506103515625e+01,3.599999999999999867e-01,0.000000000000000000e+00
1.526881746891803893e+00,1.863297414779663086e+01,1.128018188476562500e+01,3.599999999999999867e-01,3.700000000000000000e+05
1.527709572162589957e+00,1.827297449111938477e+01,1.050815963745117188e+01,3.599999999999999867e-01,0.000000000000000000e+00
1.527766361560783270e+00,1.827297449111938477e+01,1.022421264648437500e+01,3.599999999999999867e-01,3.700000000000000000e+05
1.528594186831569335e+00,1.863297414779663086e+01,1.099623489379882812e+01,3.599999999999999867e-01,0.000000000000000000e+00
1.528650975466823159e+00,1.863297414779663086e+01,1.071229171752929688e+01,3.599999999999999867e-01,3.700000000000000000e+05
1.529478800737609223e+00,1.827297449111938477e+01,9.940269470214843750e+00,3.599999999999999867e-01,0.000000000000000000e+00
1.529535589372863047e+00,1.827297449111938477e+01,9.656326293945312500e+00,3.599999999999999867e-01,3.700000000000000000e+05
1.530363414643649111e+00,1.863297414779663086e+01,1.042834854125976562e+01,3.599999999999999867e-01,0.000000000000000000e+00
1.532903151780988793e+00,1.138686037063598633e+01,0.000000000000000000e+00,3.599999999999999867e-01,3.700000000000000000e+05
1.533289173651263715e+00,1.155473089218139648e+01,3.600006103515625000e-01,3.599999999999999867e-01,0.000000000000000000e+00
1.533315654707477105e+00,1.168713617324829102e+01,3.600006103515625000e-01,3.599999999999999867e-01,3.700000000000000000e+05
1.533701676577752027e+00,1.151926565170288086e+01,0.000000000000000000e+00,3.599999999999999867e-01,0.000000000000000000e+00
1.533728157633965417e+00,1.165167093276977539e+01,0.000000000000000000e+00,3.599999999999999867e-01,3.700000000000000000e+05
1.534114179700080793e+00,1.181954193115234375e+01,3.600006103515625000e-01,3.599999999999999867e-01,0.000000000000000000e+00
1.534140660756294183e+00,1.195194721221923828e+01,3.600006103515625000e-01,3.599999999999999867e-01,3.700000000000000000e+05
1.534526682822409560e+00,1.178407621383666992e+01,0.000000000000000000e+00,3.599999999999999867e-01,0.000000000000000000e+00
1.534553163878622950e+00,1.191648149490356445e+01,0.000000000000000000e+00,3.599999999999999867e-01,3.700000000000000000e+05
1.534939185944738327e+00,1.208435249328613281e+01,3.600006103515625000e-01,3.599999999999999867e-01,0.000000000000000000e+00
1.534965667000951717e+00,1.221675777435302734e+01,3.600006103515625000e-01,3.599999999999999867e-01,3.700000000000000000e+05
1.535351688871226639e+00,1.204888725280761719e+01,0.000000000000000000e+00,3.599999999999999867e-01,0.000000000000000000e+00
1.535378169927440029e+00,1.218129253387451172e+01,0.000000000000000000e+00,3.599999999999999867e-01,3.700000000000000000e+05
1.535764191797714950e+00,1.234916305541992188e+01,3.600006103515625000e-01,3.599999999999999867e-01,0.000000000000000000e+00
1.535790672853928340e+00,1.248156833648681641e+01,3.600006103515625000e-01,3.599999999999999867e-01,3.700000000000000000e+05
1.536176694724203262e+00,1.231369781494140625e+01,0.000000000000000000e+00,3.599999999999999867e-01,0.000000000000000000e+00
1.536203175780416652e+00,1.244610309600830078e+01,0.000000000000000000e+00,3.599999999999999867e-01,3.700000000000000000e+05
1.536589197846532029e+00,1.261397409439086914e+01,3.600006103515625000e-01,3.599999999999999867e-01,0.000000000000000000e+00
1.536615678902745419e+00,1.274637937545776367e+01,3.600006103515625000e-01,3.599999999999999867e-01,3.700000000000000000e+05
1.537001700968860796e+00,1.257850837707519531e+01,0.000000000000000000e+00,3.599999999999999867e-01,0.000000000000000000e+00
1.537707203159143443e+00,1.314297437667846680e+01,3.482055664062500000e+00,3.599999999999999867e-01,3.700000000000000000e+05
1.538535028625770185e+00,1.278297424316406250e+01,2.710033416748046875e+00,3.599999999999999867e-01,0.000000000000000000e+00
1.538591817261024008e+00,1.278297424316406250e+01,2.426090240478515625e+00,3.599999999999999867e-01,3.700000000000000000e+05
1.539419642727650750e+00,1.314297437667846680e+01,3.198112487792968750e+00,3.599999999999999867e-01,0.000000000000000000e+00
1.539476431362904574e+00,1.314297437667846680e+01,2.914169311523437500e+00,3.599999999999999867e-01,3.700000000000000000e+05
1.540638964181107129e+00,1.263741922378540039e+01,1.830001831054687500e+00,3.599999999999999867e-01,0.000000000000000000e+00
1.540665445237320519e+00,1.276982450485229492e+01,1.830001831054687500e+00,3.599999999999999867e-01,3.700000000000000000e+05
1.541523507444494623e+00,1.314297437667846680e+01,2.630222320556640625e+00,3.599999999999999867e-01,0.000000000000000000e+00
1.541580296079748447e+00,1.314297437667846680e+01,2.346279144287109375e+00,3.599999999999999867e-01,3.700000000000000000e+05
1.542408121546375188e+00,1.278297424316406250e+01,1.574256896972656250e+00,3.599999999999999867e-01,0.000000000000000000e+00
1.542464910181629012e+00,1.278297424316406250e+01,1.290313720703125000e+00,3.599999999999999867e-01,3.700000000000000000e+05
1.543429630009546694e+00,1.320250606536865234e+01,2.190002441406250000e+00,3.599999999999999867e-01,0.000000000000000000e+00
1.543456111065760084e+00,1.333491134643554688e+01,2.190002441406250000e+00,3.599999999999999867e-01,3.700000000000000000e+05
1.543842132936035005e+00,1.316704082489013672e+01,1.830001831054687500e+00,3.599999999999999867e-01,0.000000000000000000e+00
1.543868613992248395e+00,1.329944610595703125e+01,1.830001831054687500e+00,3.599999999999999867e-01,3.700000000000000000e+05
1.544254635862523317e+00,1.346731662750244141e+01,2.190002441406250000e+00,3.599999999999999867e-01,0.000000000000000000e+00
1.544281117014104199e+00,1.359972238540649414e+01,2.190002441406250000e+00,3.599999999999999867e-01,3.700000000000000000e+05
1.544667139080219576e+00,1.343185138702392578e+01,1.830001831054687500e+00,3.599999999999999867e-01,0.000000000000000000e+00
1.544693620136432965e+00,1.356425666809082031e+01,1.830001831054687500e+00,3.599999999999999867e-01,3.700000000000000000e+05
1.545079642202548342e+00,1.373212766647338867e+01,2.190002441406250000e+00,3.599999999999999867e-01,0.000000000000000000e+00
1.545106123258761732e+00,1.386453294754028320e+01,2.190002441406250000e+00,3.599999999999999867e-01,3.700000000000000000e+05
1.545492145324877109e+00,1.369666194915771484e+01,1.830001831054687500e+00,3.599999999999999867e-01,0.000000000000000000e+00
1.545518626476457991e+00,1.382906770706176758e+01,1.830001831054687500e+00,3.599999999999999867e-01,3.700000000000000000e+05
1.545904648346732913e+00,1.399693822860717773e+01,2.190002441406250000e+00,3.599999999999999867e-01,0.000000000000000000e+00
1.545931129402946302e+00,1.412934350967407227e+01,2.190002441406250000e+00,3.599999999999999867e-01,3.700000000000000000e+05
1.546317151273221224e+00,1.396147298812866211e+01,1.830001831054687500e+00,3.599999999999999867e-01,0.000000000000000000e+00
1.546343632329434614e+00,1.409387826919555664e+01,1.830001831054687500e+00,3.599999999999999867e-01,3.700000000000000000e+05
1.546729654199709536e+00,1.426174879074096680e+01,2.190002441406250000e+00,3.599999999999999867e-01,0.000000000000000000e+00
1.546756135351290418e+00,1.439415454864501953e+01,2.190002441406250000e+00,3.599999999999999867e-01,3.700000000000000000e+05
1.547142157417405794e+00,1.422628355026245117e+01,1.830001831054687500e+00,3.599999999999999867e-01,0.000000000000000000e+00
1.547168638473619184e+00,1.435868883132934570e+01,1.830001831054687500e+00,3.599999999999999867e-01,3.700000000000000000e+05
1.547554660539734561e+00,1.452655982971191406e+01,2.190002441406250000e+00,3.599999999999999867e-01,0.000000000000000000e+00
1.548586297589360061e+00,1.506504297256469727e+01,7.320003509521484375e+00,3.599999999999999867e-01,3.700000000000000000e+05
1.548972316295624374e+00,1.523291397094726562e+01,7.680000305175781250e+00,3.599999999999999867e-01,0.000000000000000000e+00
1.548998797351837764e+00,1.536531925201416016e+01,7.680000305175781250e+00,3.599999999999999867e-01,3.700000000000000000e+05
1.549384816058102077e+00,1.519744825363159180e+01,7.320003509521484375e+00,3.599999999999999867e-01,0.000000000000000000e+00
1.549411297114315467e+00,1.532985353469848633e+01,7.320003509521484375e+00,3.599999999999999867e-01,3.700000000000000000e+05
1.549797315624737548e+00,1.549772405624389648e+01,7.680000305175781250e+00,3.599999999999999867e-01,0.000000000000000000e+00
1.549823796680950938e+00,1.563012933731079102e+01,7.680000305175781250e+00,3.599999999999999867e-01,3.700000000000000000e+05
1.550209814995531454e+00,1.546225929260253906e+01,7.320003509521484375e+00,3.599999999999999867e-01,0.000000000000000000e+00
1.550236295956377353e+00,1.559466409683227539e+01,7.320003509521484375e+00,3.599999999999999867e-01,3.700000000000000000e+05
1.550622314858484341e+00,1.576253557205200195e+01,7.680000305175781250e+00,3.599999999999999867e-01,0.000000000000000000e+00
1.550648795914697731e+00,1.589494085311889648e+01,7.680000305175781250e+00,3.599999999999999867e-01,3.700000000000000000e+05
1.551034814816804719e+00,1.572706937789916992e+01,7.320003509521484375e+00,3.599999999999999867e-01,0.000000000000000000e+00
1.551061295873018109e+00,1.585947465896606445e+01,7.320003509521484375e+00,3.599999999999999867e-01,3.700000000000000000e+05
1.551447314775125097e+00,1.602734613418579102e+01,7.680000305175781250e+00,3.599999999999999867e-01,0.000000000000000000e+00
1.551473795831338487e+00,1.615975141525268555e+01,7.680000305175781250e+00,3.599999999999999867e-01,3.700000000000000000e+05
1.551859814341760568e+00,1.599188089370727539e+01,7.320003509521484375e+00,3.599999999999999867e-01,0.000000000000000000e+00
1.551886295397973958e+00,1.612428617477416992e+01,7.320003509521484375e+00,3.599999999999999867e-01,3.700000000000000000e+05
1.552272313908396040e+00,1.629215669631958008e+01,7.680000305175781250e+00,3.599999999999999867e-01,0.000000000000000000e+00
1.552298794964609430e+00,1.642456197738647461e+01,7.680000305175781250e+00,3.599999999999999867e-01,3.700000000000000000e+05
1.552684813475031511e+00,1.625669145584106445e+01,7.320003509521484375e+00,3.599999999999999867e-01,0.000000000000000000e+00
1.553382038642393548e+00,1.680297422409057617e+01,1.076306152343750000e+01,3.599999999999999867e-01,3.700000000000000000e+05
1.554209863913179612e+00,1.644297456741333008e+01,9.991039276123046875e+00,3.599999999999999867e-01,0.000000000000000000e+00
1.554266652548433436e+00,1.644297456741333008e+01,9.707096099853515625e+00,3.599999999999999867e-01,3.700000000000000000e+05
1.555094477819219501e+00,1.680297422409057617e+01,1.047911834716796875e+01,3.599999999999999867e-01,0.000000000000000000e+00
1.555151266454473324e+00,1.680297422409057617e+01,1.019517517089843750e+01,3.599999999999999867e-01,3.700000000000000000e+05
1.556271987046415894e+00,1.631560182571411133e+01,9.150001525878906250e+00,3.599999999999999867e-01,0.000000000000000000e+00
1.556297552865638201e+00,1.644297456741333008e+01,9.139209747314453125e+00,3.599999999999999867e-01,3.700000000000000000e+05
1.557125378136424265e+00,1.680297422409057617e+01,9.911231994628906250e+00,3.599999999999999867e-01,0.000000000000000000e+00
1.557182167534617578e+00,1.680297422409057617e+01,9.627285003662109375e+00,3.599999999999999867e-01,3.700000000000000000e+05
1.558009992805403643e+00,1.644297456741333008e+01,8.855262756347656250e+00,3.599999999999999867e-01,0.000000000000000000e+00
1.558066781440657467e+00,1.644297456741333008e+01,8.571319580078125000e+00,3.599999999999999867e-01,3.700000000000000000e+05
1.559073313494835133e+00,1.688068914413452148e+01,9.510002136230468750e+00,3.599999999999999867e-01,0.000000000000000000e+00
1.559099794551048523e+00,1.701309442520141602e+01,9.510002136230468750e+00,3.599999999999999867e-01,3.700000000000000000e+05
1.559485816421323445e+00,1.684522390365600586e+01,9.150001525878906250e+00,3.599999999999999867e-01,0.000000000000000000e+00
1.559512297477536835e+00,1.697762918472290039e+01,9.150001525878906250e+00,3.599999999999999867e-01,3.700000000000000000e+05
1.559898319347811757e+00,1.714549970626831055e+01,9.510002136230468750e+00,3.599999999999999867e-01,0.000000000000000000e+00
1.559924800404025147e+00,1.727790498733520508e+01,9.510002136230468750e+00,3.599999999999999867e-01,3.700000000000000000e+05
1.560310822274300069e+00,1.711003446578979492e+01,9.150001525878906250e+00,3.599999999999999867e-01,0.000000000000000000e+00
1.560337303330513459e+00,1.724243974685668945e+01,9.150001525878906250e+00,3.599999999999999867e-01,3.700000000000000000e+05
1.560723325200788381e+00,1.741031026840209961e+01,9.510002136230468750e+00,3.599999999999999867e-01,0.000000000000000000e+00
1.560749806257001771e+00,1.754271554946899414e+01,9.510002136230468750e+00,3.599999999999999867e-01,3.700000000000000000e+05
1.561135828127276692e+00,1.737484502792358398e+01,9.150001525878906250e+00,3.599999999999999867e-01,0.000000000000000000e+00
1.561162309183490082e+00,1.750725030899047852e+01,9.150001525878906250e+00,3.599999999999999867e-01,3.700000000000000000e+05
1.561548331053765004e+00,1.767512083053588867e+01,9.510002136230468750e+00,3.599999999999999867e-01,0.000000000000000000e+00
1.561574812109978394e+00,1.780752611160278320e+01,9.510002136230468750e+00,3.599999999999999867e-01,3.700000000000000000e+05
1.561960833980253316e+00,1.763965559005737305e+01,9.150001525878906250e+00,3.599999999999999867e-01,0.000000000000000000e+00
1.561987315036466706e+00,1.777206087112426758e+01,9.150001525878906250e+00,3.599999999999999867e-01,3.700000000000000000e+05
1.562373336906741628e+00,1.793993139266967773e+01,9.510002136230468750e+00,3.599999999999999867e-01,0.000000000000000000e+00
1.562399817962955018e+00,1.807233667373657227e+01,9.510002136230468750e+00,3.599999999999999867e-01,3.700000000000000000e+05
1.562785839833229939e+00,1.790446615219116211e+01,9.150001525878906250e+00,3.599999999999999867e-01,0.000000000000000000e+00
1.562812320889443329e+00,1.803687143325805664e+01,9.150001525878906250e+00,3.599999999999999867e-01,3.700000000000000000e+05
1.563198342759718251e+00,1.820474195480346680e+01,9.510002136230468750e+00,3.599999999999999867e-01,0.000000000000000000e+00
1.563351424472248175e+00,1.863297414779663086e+01,1.014440536499023438e+01,3.599999999999999867e-01,3.700000000000000000e+05
1.564417705275118253e+00,1.816927671432495117e+01,9.150001525878906250e+00,3.599999999999999867e-01,0.000000000000000000e+00
1.564441824584633212e+00,1.827297449111938477e+01,9.088436126708984375e+00,3.599999999999999867e-01,3.700000000000000000e+05
1.565269649855419276e+00,1.863297414779663086e+01,9.860458374023437500e+00,3.599999999999999867e-01,0.000000000000000000e+00
1.565326438490673100e+00,1.863297414779663086e+01,9.576515197753906250e+00,3.599999999999999867e-01,3.700000000000000000e+05
1.566154263761459164e+00,1.827297449111938477e+01,8.804492950439453125e+00,3.599999999999999867e-01,0.000000000000000000e+00
1.566211052396712988e+00,1.827297449111938477e+01,8.520549774169921875e+00,3.599999999999999867e-01,3.700000000000000000e+05
1.567038877667499053e+00,1.863297414779663086e+01,9.292572021484375000e+00,3.599999999999999867e-01,0.000000000000000000e+00
1.567095666302752877e+00,1.863297414779663086e+01,9.008628845214843750e+00,3.599999999999999867e-01,3.700000000000000000e+05
1.567923494933394890e+00,1.827297449111938477e+01,8.236602783203125000e+00,3.599999999999999867e-01,0.000000000000000000e+00
1.567980283568648714e+00,1.827297449111938477e+01,7.952659606933593750e+00,3.599999999999999867e-01,3.700000000000000000e+05
1.568808108839434778e+00,1.863297414779663086e+01,8.724681854248046875e+00,3.599999999999999867e-01,0.000000000000000000e+00
1.570578883011673366e+00,1.314297437667846680e+01,1.778392791748046875e+00,3.599999999999999867e-01,3.700000000000000000e+05
1.571406708478300107e+00,1.278297424316406250e+01,1.006370544433593750e+00,3.599999999999999867e-01,0.000000000000000000e+00
1.571463497876493420e+00,1.278297424316406250e+01,7.224235534667968750e-01,3.599999999999999867e-01,3.700000000000000000e+05
1.572291323343120162e+00,1.314297437667846680e+01,1.494445800781250000e+00,3.599999999999999867e-01,0.000000000000000000e+00
1.572348111978373986e+00,1.314297437667846680e+01,1.210502624511718750e+00,3.599999999999999867e-01,3.700000000000000000e+05
1.573175937445000727e+00,1.278297424316406250e+01,4.384803771972656250e-01,3.599999999999999867e-01,0.000000000000000000e+00
1.573264809885971172e+00,1.271091365814208984e+01,0.000000000000000000e+00,3.599999999999999867e-01,3.700000000000000000e+05
1.574258342240615560e+00,1.314297437667846680e+01,9.265594482421875000e-01,3.599999999999999867e-01,0.000000000000000000e+00
1.574315130875869384e+00,1.314297437667846680e+01,6.426162719726562500e-01,3.599999999999999867e-01,3.700000000000000000e+05
1.575004195979339716e+00,1.284331893920898438e+01,0.000000000000000000e+00,3.599999999999999867e-01,0.000000000000000000e+00
1.575030677130920598e+00,1.297572469711303711e+01,0.000000000000000000e+00,3.599999999999999867e-01,3.700000000000000000e+05
1.575416699001195520e+00,1.314359521865844727e+01,3.600006103515625000e-01,3.599999999999999867e-01,0.000000000000000000e+00
1.575443180057408910e+00,1.327600049972534180e+01,3.600006103515625000e-01,3.599999999999999867e-01,3.700000000000000000e+05
1.575829201927683831e+00,1.310812997817993164e+01,0.000000000000000000e+00,3.599999999999999867e-01,0.000000000000000000e+00
1.575855682983897221e+00,1.324053525924682617e+01,0.000000000000000000e+00,3.599999999999999867e-01,3.700000000000000000e+05
1.576241704854172143e+00,1.340840578079223633e+01,3.600006103515625000e-01,3.599999999999999867e-01,0.000000000000000000e+00
1.576268185910385533e+00,1.354081106185913086e+01,3.600006103515625000e-01,3.599999999999999867e-01,3.700000000000000000e+05
1.576654207780660455e+00,1.337294054031372070e+01,0.000000000000000000e+00,3.599999999999999867e-01,0.000000000000000000e+00
1.576680688836873845e+00,1.350534582138061523e+01,0.000000000000000000e+00,3.599999999999999867e-01,3.700000000000000000e+05
1.577066710902989222e+00,1.367321681976318359e+01,3.600006103515625000e-01,3.599999999999999867e-01,0.000000000000000000e+00
1.577093191959202612e+00,1.380562210083007812e+01,3.600006103515625000e-01,3.599999999999999867e-01,3.700000000000000000e+05
1.577479214025317988e+00,1.363775110244750977e+01,0.000000000000000000e+00,3.599999999999999867e-01,0.000000000000000000e+00
1.577505695081531378e+00,1.377015638351440430e+01,0.000000000000000000e+00,3.599999999999999867e-01,3.700000000000000000e+05
1.577891717147646755e+00,1.393802738189697266e+01,3.600006103515625000e-01,3.599999999999999867e-01,0.000000000000000000e+00
1.577918198203860145e+00,1.407043266296386719e+01,3.600006103515625000e-01,3.599999999999999867e-01,3.700000000000000000e+05
1.578304220074135067e+00,1.390256214141845703e+01,0.000000000000000000e+00,3.599999999999999867e-01,0.000000000000000000e+00
1.578330701130348457e+00,1.403496742248535156e+01,0.000000000000000000e+00,3.599999999999999867e-01,3.700000000000000000e+05
1.578716723000623379e+00,1.420283794403076172e+01,3.600006103515625000e-01,3.599999999999999867e-01,0.000000000000000000e+00
1.578743204056836769e+00,1.433524322509765625e+01,3.600006103515625000e-01,3.599999999999999867e-01,3.700000000000000000e+05
1.579129225927111690e+00,1.416737270355224609e+01,0.000000000000000000e+00,3.599999999999999867e-01,0.000000000000000000e+00
1.579155706983325080e+00,1.429977798461914062e+01,0.000000000000000000e+00,3.599999999999999867e-01,3.700000000000000000e+05
1.579541729049440457e+00,1.446764898300170898e+01,3.600006103515625000e-01,3.599999999999999867e-01,0.000000000000000000e+00
1.579568210105653847e+00,1.460005426406860352e+01,3.600006103515625000e-01,3.599999999999999867e-01,3.700000000000000000e+05
1.579954232171769224e+00,1.443218326568603516e+01,0.000000000000000000e+00,3.599999999999999867e-01,0.000000000000000000e+00
1.581058216514477976e+00,1.500613212585449219e+01,5.490001678466796875e+00,3.599999999999999867e-01,3.700000000000000000e+05
1.581444238384752898e+00,1.517400264739990234e+01,5.850002288818359375e+00,3.599999999999999867e-01,0.000000000000000000e+00
1.581470719536333780e+00,1.530640840530395508e+01,5.850002288818359375e+00,3.599999999999999867e-01,3.700000000000000000e+05
1.581856741602449157e+00,1.513853740692138672e+01,5.490001678466796875e+00,3.599999999999999867e-01,0.000000000000000000e+00
1.581883222658662547e+00,1.527094268798828125e+01,5.490001678466796875e+00,3.599999999999999867e-01,3.700000000000000000e+05
1.582269244724777923e+00,1.543881368637084961e+01,5.850002288818359375e+00,3.599999999999999867e-01,0.000000000000000000e+00
1.582295725780991313e+00,1.557121896743774414e+01,5.850002288818359375e+00,3.599999999999999867e-01,3.700000000000000000e+05
1.582681747847106690e+00,1.540334796905517578e+01,5.490001678466796875e+00,3.599999999999999867e-01,0.000000000000000000e+00
1.582708228998687572e+00,1.553575372695922852e+01,5.490001678466796875e+00,3.599999999999999867e-01,3.700000000000000000e+05
1.583094250868962494e+00,1.570362424850463867e+01,5.850002288818359375e+00,3.599999999999999867e-01,0.000000000000000000e+00
1.583120731925175884e+00,1.583602952957153320e+01,5.850002288818359375e+00,3.599999999999999867e-01,3.700000000000000000e+05
1.583506753795450805e+00,1.566815900802612305e+01,5.490001678466796875e+00,3.599999999999999867e-01,0.000000000000000000e+00
1.583533234851664195e+00,1.580056428909301758e+01,5.490001678466796875e+00,3.599999999999999867e-01,3.700000000000000000e+05
1.583919256721939117e+00,1.596843481063842773e+01,5.850002288818359375e+00,3.599999999999999867e-01,0.000000000000000000e+00
1.583945737778152507e+00,1.610084009170532227e+01,5.850002288818359375e+00,3.599999999999999867e-01,3.700000000000000000e+05
1.584331759648427429e+00,1.593296957015991211e+01,5.490001678466796875e+00,3.599999999999999867e-01,0.000000000000000000e+00
1.584358240704640819e+00,1.606537485122680664e+01,5.490001678466796875e+00,3.599999999999999867e-01,3.700000000000000000e+05
1.584744262574915741e+00,1.623324537277221680e+01,5.850002288818359375e+00,3.599999999999999867e-01,0.000000000000000000e+00
1.584770743631129131e+00,1.636565065383911133e+01,5.850002288818359375e+00,3.599999999999999867e-01,3.700000000000000000e+05
1.585156765501404053e+00,1.619778013229370117e+01,5.490001678466796875e+00,3.599999999999999867e-01,0.000000000000000000e+00
1.585880833305885140e+00,1.680297422409057617e+01,9.059398651123046875e+00,3.599999999999999867e-01,3.700000000000000000e+05
1.586708658576671205e+00,1.644297456741333008e+01,8.287376403808593750e+00,3.599999999999999867e-01,0.000000000000000000e+00
1.586765447211925029e+00,1.644297456741333008e+01,8.003433227539062500e+00,3.599999999999999867e-01,3.700000000000000000e+05
1.587593272482711093e+00,1.680297422409057617e+01,8.775455474853515625e+00,3.599999999999999867e-01,0.000000000000000000e+00
1.587650061880904406e+00,1.680297422409057617e+01,8.491508483886718750e+00,3.599999999999999867e-01,3.700000000000000000e+05
1.588477887151690471e+00,1.644297456741333008e+01,7.719486236572265625e+00,3.599999999999999867e-01,0.000000000000000000e+00
1.588558507067302505e+00,1.638909673690795898e+01,7.320003509521484375e+00,3.599999999999999867e-01,3.700000000000000000e+05
1.589510223639991837e+00,1.680297422409057617e+01,8.207565307617187500e+00,3.599999999999999867e-01,0.000000000000000000e+00
1.589567012275245661e+00,1.680297422409057617e+01,7.923622131347656250e+00,3.599999999999999867e-01,3.700000000000000000e+05
1.590394837546031725e+00,1.644297456741333008e+01,7.151599884033203125e+00,3.599999999999999867e-01,0.000000000000000000e+00
1.590451626944225039e+00,1.644297456741333008e+01,6.867652893066406250e+00,3.599999999999999867e-01,3.700000000000000000e+05
1.591322692014946139e+00,1.682177782058715820e+01,7.680000305175781250e+00,3.599999999999999867e-01,0.000000000000000000e+00
1.591349173071159528e+00,1.695418310165405273e+01,7.680000305175781250e+00,3.599999999999999867e-01,3.700000000000000000e+05
1.592524705393055129e+00,1.644297456741333008e+01,6.583709716796875000e+00,3.599999999999999867e-01,0.000000000000000000e+00
1.592581494028308953e+00,1.644297456741333008e+01,6.299766540527343750e+00,3.599999999999999867e-01,3.700000000000000000e+05
1.593409319299095017e+00,1.680297422409057617e+01,7.071788787841796875e+00,3.599999999999999867e-01,0.000000000000000000e+00
1.593466107934348841e+00,1.680297422409057617e+01,6.787845611572265625e+00,3.599999999999999867e-01,3.700000000000000000e+05
1.594293933205134906e+00,1.644297456741333008e+01,6.015823364257812500e+00,3.599999999999999867e-01,0.000000000000000000e+00
1.594401489671889882e+00,1.633018541336059570e+01,5.490001678466796875e+00,3.599999999999999867e-01,3.700000000000000000e+05
1.595488673228036003e+00,1.680297422409057617e+01,6.503898620605468750e+00,3.599999999999999867e-01,0.000000000000000000e+00
1.595545461863289827e+00,1.680297422409057617e+01,6.219955444335937500e+00,3.599999999999999867e-01,3.700000000000000000e+05
1.596373287134075891e+00,1.644297456741333008e+01,5.447933197021484375e+00,3.599999999999999867e-01,0.000000000000000000e+00
1.596430075769329715e+00,1.644297456741333008e+01,5.163990020751953125e+00,3.599999999999999867e-01,3.700000000000000000e+05
1.597257901040115780e+00,1.680297422409057617e+01,5.936012268066406250e+00,3.599999999999999867e-01,0.000000000000000000e+00
1.597283133345640316e+00,1.689527273178100586e+01,5.850002288818359375e+00,3.599999999999999867e-01,3.700000000000000000e+05
1.598323199075760703e+00,1.644297456741333008e+01,4.880046844482421875e+00,3.599999999999999867e-01,0.000000000000000000e+00
1.598379988473954016e+00,1.644297456741333008e+01,4.596099853515625000e+00,3.599999999999999867e-01,3.700000000000000000e+05
1.599207813744740081e+00,1.680297422409057617e+01,5.368122100830078125e+00,3.599999999999999867e-01,0.000000000000000000e+00
1.599264602379993905e+00,1.680297422409057617e+01,5.084178924560546875e+00,3.599999999999999867e-01,3.700000000000000000e+05
1.600092427650779969e+00,1.644297456741333008e+01,4.312156677246093750e+00,3.599999999999999867e-01,0.000000000000000000e+00
1.600149216286033793e+00,1.644297456741333008e+01,4.028213500976562500e+00,3.599999999999999867e-01,3.700000000000000000e+05
1.600977041556819858e+00,1.680297422409057617e+01,4.800235748291015625e+00,3.599999999999999867e-01,0.000000000000000000e+00
1.601033830192073681e+00,1.680297422409057617e+01,4.516292572021484375e+00,3.599999999999999867e-01,3.700000000000000000e+05
1.601952016448675797e+00,1.640368032455444336e+01,3.659999847412109375e+00,3.599999999999999867e-01,0.000000000000000000e+00
1.601992717675995825e+00,1.644297456741333008e+01,3.460323333740234375e+00,3.599999999999999867e-01,3.700000000000000000e+05
1.602820542946781890e+00,1.680297422409057617e+01,4.232345581054687500e+00,3.599999999999999867e-01,0.000000000000000000e+00
1.602877331582035714e+00,1.680297422409057617e+01,3.948402404785156250e+00,3.599999999999999867e-01,3.700000000000000000e+05
1.603705156852821778e+00,1.644297456741333008e+01,3.176380157470703125e+00,3.599999999999999867e-01,0.000000000000000000e+00
1.603761945488075602e+00,1.644297456741333008e+01,2.892436981201171875e+00,3.599999999999999867e-01,3.700000000000000000e+05
1.604589770758861667e+00,1.680297422409057617e+01,3.664459228515625000e+00,3.599999999999999867e-01,0.000000000000000000e+00
1.604646560157054980e+00,1.680297422409057617e+01,3.380512237548828125e+00,3.599999999999999867e-01,3.700000000000000000e+05
1.605474385427841044e+00,1.644297456741333008e+01,2.608489990234375000e+00,3.599999999999999867e-01,0.000000000000000000e+00
1.605531174063094868e+00,1.644297456741333008e+01,2.324546813964843750e+00,3.599999999999999867e-01,3.700000000000000000e+05
1.606358999333880933e+00,1.680297422409057617e+01,3.096569061279296875e+00,3.599999999999999867e-01,0.000000000000000000e+00
1.606731071104101405e+00,1.497297430038452148e+01,3.431285858154296875e+00,3.599999999999999867e-01,3.700000000000000000e+05
1.607558896570728146e+00,1.461297416687011719e+01,2.659263610839843750e+00,3.599999999999999867e-01,0.000000000000000000e+00
1.607615685205981970e+00,1.461297416687011719e+01,2.375320434570312500e+00,3.599999999999999867e-01,3.700000000000000000e+05
1.608443510672608712e+00,1.497297430038452148e+01,3.147342681884765625e+00,3.599999999999999867e-01,0.000000000000000000e+00
1.608500300070802025e+00,1.497297430038452148e+01,2.863395690917968750e+00,3.599999999999999867e-01,3.700000000000000000e+05
1.609608389740078138e+00,1.449109411239624023e+01,1.830001831054687500e+00,3.599999999999999867e-01,0.000000000000000000e+00
1.609633180240813255e+00,1.461297416687011719e+01,1.807430267333984375e+00,3.599999999999999867e-01,3.700000000000000000e+05
1.610461005707439996e+00,1.497297430038452148e+01,2.579452514648437500e+00,3.599999999999999867e-01,0.000000000000000000e+00
1.610517794342693820e+00,1.497297430038452148e+01,2.295509338378906250e+00,3.599999999999999867e-01,3.700000000000000000e+05
1.611345619809320562e+00,1.461297416687011719e+01,1.523487091064453125e+00,3.599999999999999867e-01,0.000000000000000000e+00
1.611402409207513875e+00,1.461297416687011719e+01,1.239540100097656250e+00,3.599999999999999867e-01,3.700000000000000000e+05
1.612421572184358665e+00,1.505618095397949219e+01,2.190002441406250000e+00,3.599999999999999867e-01,0.000000000000000000e+00
1.612448053240572055e+00,1.518858623504638672e+01,2.190002441406250000e+00,3.599999999999999867e-01,3.700000000000000000e+05
1.612834075110846976e+00,1.502071571350097656e+01,1.830001831054687500e+00,3.599999999999999867e-01,0.000000000000000000e+00
1.612860556167060366e+00,1.515312099456787109e+01,1.830001831054687500e+00,3.599999999999999867e-01,3.700000000000000000e+05
1.613246578233175743e+00,1.532099199295043945e+01,2.190002441406250000e+00,3.599999999999999867e-01,0.000000000000000000e+00
1.613273059289389133e+00,1.545339727401733398e+01,2.190002441406250000e+00,3.599999999999999867e-01,3.700000000000000000e+05
1.613659081355504510e+00,1.528552627563476562e+01,1.830001831054687500e+00,3.599999999999999867e-01,0.000000000000000000e+00
1.613685562411717900e+00,1.541793155670166016e+01,1.830001831054687500e+00,3.599999999999999867e-01,3.700000000000000000e+05
1.614071584477833277e+00,1.558580255508422852e+01,2.190002441406250000e+00,3.599999999999999867e-01,0.000000000000000000e+00
1.614098065534046667e+00,1.571820783615112305e+01,2.190002441406250000e+00,3.599999999999999867e-01,3.700000000000000000e+05
1.614484087404321588e+00,1.555033731460571289e+01,1.830001831054687500e+00,3.599999999999999867e-01,0.000000000000000000e+00
1.614510568460534978e+00,1.568274259567260742e+01,1.830001831054687500e+00,3.599999999999999867e-01,3.700000000000000000e+05
1.614896590330809900e+00,1.585061311721801758e+01,2.190002441406250000e+00,3.599999999999999867e-01,0.000000000000000000e+00
1.614923071387023290e+00,1.598301839828491211e+01,2.190002441406250000e+00,3.599999999999999867e-01,3.700000000000000000e+05
1.615309093257298212e+00,1.581514787673950195e+01,1.830001831054687500e+00,3.599999999999999867e-01,0.000000000000000000e+00
1.615335574313511602e+00,1.594755315780639648e+01,1.830001831054687500e+00,3.599999999999999867e-01,3.700000000000000000e+05
1.615721596183786524e+00,1.611542367935180664e+01,2.190002441406250000e+00,3.599999999999999867e-01,0.000000000000000000e+00
1.615748077239999914e+00,1.624782896041870117e+01,2.190002441406250000e+00,3.599999999999999867e-01,3.700000000000000000e+05
1.616134099110274835e+00,1.607995843887329102e+01,1.830001831054687500e+00,3.599999999999999867e-01,0.000000000000000000e+00
1.616160580166488225e+00,1.621236371994018555e+01,1.830001831054687500e+00,3.599999999999999867e-01,3.700000000000000000e+05
1.616546602036763147e+00,1.638023424148559570e+01,2.190002441406250000e+00,3.599999999999999867e-01,0.000000000000000000e+00
1.616697117025440944e+00,1.680297422409057617e+01,2.812625885009765625e+00,3.599999999999999867e-01,3.700000000000000000e+05
1.617750766905644122e+00,1.634476900100708008e+01,1.830001831054687500e+00,3.599999999999999867e-01,0.000000000000000000e+00
1.617777247961857512e+00,1.647717428207397461e+01,1.830001831054687500e+00,3.599999999999999867e-01,3.700000000000000000e+05
1.618526430590885967e+00,1.680297422409057617e+01,2.528682708740234375e+00,3.599999999999999867e-01,0.000000000000000000e+00
1.618583219989079280e+00,1.680297422409057617e+01,2.244735717773437500e+00,3.599999999999999867e-01,3.700000000000000000e+05
1.619027932007079951e+00,1.660957956314086914e+01,1.830001831054687500e+00,3.599999999999999867e-01,0.000000000000000000e+00
1.619054413063293341e+00,1.674198484420776367e+01,1.830001831054687500e+00,3.599999999999999867e-01,3.700000000000000000e+05
1.619194657830119510e+00,1.680297422409057617e+01,1.960792541503906250e+00,3.599999999999999867e-01,0.000000000000000000e+00
1.620266749967750330e+00,1.691871786117553711e+01,7.320003509521484375e+00,3.599999999999999867e-01,3.700000000000000000e+05
1.620652768478172412e+00,1.708658838272094727e+01,7.680000305175781250e+00,3.599999999999999867e-01,0.000000000000000000e+00
1.620679249534385802e+00,1.721899366378784180e+01,7.680000305175781250e+00,3.599999999999999867e-01,3.700000000000000000e+05
1.621065268044807883e+00,1.705112314224243164e+01,7.320003509521484375e+00,3.599999999999999867e-01,0.000000000000000000e+00
1.621091749101021273e+00,1.718352842330932617e+01,7.320003509521484375e+00,3.599999999999999867e-01,3.700000000000000000e+05
1.621477767611443355e+00,1.735139894485473633e+01,7.680000305175781250e+00,3.599999999999999867e-01,0.000000000000000000e+00
1.621504248858391506e+00,1.748380517959594727e+01,7.680000305175781250e+00,3.599999999999999867e-01,3.700000000000000000e+05
1.621890267760498494e+00,1.731593370437622070e+01,7.320003509521484375e+00,3.599999999999999867e-01,0.000000000000000000e+00
1.621916748816711884e+00,1.744833898544311523e+01,7.320003509521484375e+00,3.599999999999999867e-01,3.700000000000000000e+05
1.622302767718818872e+00,1.761621046066284180e+01,7.680000305175781250e+00,3.599999999999999867e-01,0.000000000000000000e+00
1.622329248775032262e+00,1.774861574172973633e+01,7.680000305175781250e+00,3.599999999999999867e-01,3.700000000000000000e+05
1.622715267677139250e+00,1.758074426651000977e+01,7.320003509521484375e+00,3.599999999999999867e-01,0.000000000000000000e+00
1.622741748924087402e+00,1.771315050125122070e+01,7.320003509521484375e+00,3.599999999999999867e-01,3.700000000000000000e+05
1.623127767434509483e+00,1.788102102279663086e+01,7.680000305175781250e+00,3.599999999999999867e-01,0.000000000000000000e+00
1.623154248490722873e+00,1.801342630386352539e+01,7.680000305175781250e+00,3.599999999999999867e-01,3.700000000000000000e+05
1.623540267001144954e+00,1.784555578231811523e+01,7.320003509521484375e+00,3.599999999999999867e-01,0.000000000000000000e+00
1.623566748057358344e+00,1.797796106338500977e+01,7.320003509521484375e+00,3.599999999999999867e-01,3.700000000000000000e+05
1.623952766567780426e+00,1.814583158493041992e+01,7.680000305175781250e+00,3.599999999999999867e-01,0.000000000000000000e+00
1.624133435408304793e+00,1.863297414779663086e+01,8.440738677978515625e+00,3.599999999999999867e-01,3.700000000000000000e+05
1.625335179443095912e+00,1.811036634445190430e+01,7.320003509521484375e+00,3.599999999999999867e-01,0.000000000000000000e+00
1.625361660499309302e+00,1.824277162551879883e+01,7.320003509521484375e+00,3.599999999999999867e-01,3.700000000000000000e+05
1.626258937282925698e+00,1.863297414779663086e+01,8.156795501708984375e+00,3.599999999999999867e-01,0.000000000000000000e+00
1.626315726681119012e+00,1.863297414779663086e+01,7.872848510742187500e+00,3.599999999999999867e-01,3.700000000000000000e+05
1.627143551951905076e+00,1.827297449111938477e+01,7.100826263427734375e+00,3.599999999999999867e-01,0.000000000000000000e+00
1.627200340587158900e+00,1.827297449111938477e+01,6.816883087158203125e+00,3.599999999999999867e-01,3.700000000000000000e+05
1.628028165857944964e+00,1.863297414779663086e+01,7.588905334472656250e+00,3.599999999999999867e-01,0.000000000000000000e+00
1.628084954493198788e+00,1.863297414779663086e+01,7.304962158203125000e+00,3.599999999999999867e-01,3.700000000000000000e+05
1.628912779763984853e+00,1.827297449111938477e+01,6.532939910888671875e+00,3.599999999999999867e-01,0.000000000000000000e+00
1.628969568399238677e+00,1.827297449111938477e+01,6.248996734619140625e+00,3.599999999999999867e-01,3.700000000000000000e+05
1.629797393670024741e+00,1.863297414779663086e+01,7.021018981933593750e+00,3.599999999999999867e-01,0.000000000000000000e+00
1.629854183068218054e+00,1.863297414779663086e+01,6.737071990966796875e+00,3.599999999999999867e-01,3.700000000000000000e+05
1.630682008339004119e+00,1.827297449111938477e+01,5.965049743652343750e+00,3.599999999999999867e-01,0.000000000000000000e+00
1.631756174417703154e+00,1.497297430038452148e+01,1.727619171142578125e+00,3.599999999999999867e-01,3.700000000000000000e+05
1.632583999884329895e+00,1.461297416687011719e+01,9.555969238281250000e-01,3.599999999999999867e-01,0.000000000000000000e+00
1.632640788519583719e+00,1.461297416687011719e+01,6.716537475585937500e-01,3.599999999999999867e-01,3.700000000000000000e+05
1.633468613986210460e+00,1.497297430038452148e+01,1.443675994873046875e+00,3.599999999999999867e-01,0.000000000000000000e+00
1.633525402621464284e+00,1.497297430038452148e+01,1.159732818603515625e+00,3.599999999999999867e-01,3.700000000000000000e+05
1.634353228088091026e+00,1.461297416687011719e+01,3.877105712890625000e-01,3.599999999999999867e-01,0.000000000000000000e+00
1.634431371713633618e+00,1.456458854675292969e+01,0.000000000000000000e+00,3.599999999999999867e-01,3.700000000000000000e+05
1.635370460919350677e+00,1.497297430038452148e+01,8.757858276367187500e-01,3.599999999999999867e-01,0.000000000000000000e+00
1.635427249554604501e+00,1.497297430038452148e+01,5.918426513671875000e-01,3.599999999999999867e-01,3.700000000000000000e+05
1.636061871509147059e+00,1.469699382781982422e+01,0.000000000000000000e+00,3.599999999999999867e-01,0.000000000000000000e+00
1.636088352660727940e+00,1.482939958572387695e+01,0.000000000000000000e+00,3.599999999999999867e-01,3.700000000000000000e+05
1.636418507168256653e+00,1.497297430038452148e+01,3.078994750976562500e-01,3.599999999999999867e-01,0.000000000000000000e+00
1.636475295803510477e+00,1.497297430038452148e+01,2.395629882812500000e-02,3.599999999999999867e-01,3.700000000000000000e+05
1.636500983059899994e+00,1.496180486679077148e+01,0.000000000000000000e+00,3.599999999999999867e-01,0.000000000000000000e+00
1.637662749514781968e+00,1.685980749130249023e+01,5.490001678466796875e+00,3.599999999999999867e-01,3.700000000000000000e+05
1.638048771385056890e+00,1.702767801284790039e+01,5.850002288818359375e+00,3.599999999999999867e-01,0.000000000000000000e+00
1.638075252441270280e+00,1.716008329391479492e+01,5.850002288818359375e+00,3.599999999999999867e-01,3.700000000000000000e+05
1.638461274311545202e+00,1.699221277236938477e+01,5.490001678466796875e+00,3.599999999999999867e-01,0.000000000000000000e+00
1.638487755367758592e+00,1.712461805343627930e+01,5.490001678466796875e+00,3.599999999999999867e-01,3.700000000000000000e+05
1.638873777238033513e+00,1.729248857498168945e+01,5.850002288818359375e+00,3.599999999999999867e-01,0.000000000000000000e+00
1.638900258294246903e+00,1.742489385604858398e+01,5.850002288818359375e+00,3.599999999999999867e-01,3.700000000000000000e+05
1.639286280164521825e+00,1.725702333450317383e+01,5.490001678466796875e+00,3.599999999999999867e-01,0.000000000000000000e+00
1.639312761220735215e+00,1.738942861557006836e+01,5.490001678466796875e+00,3.599999999999999867e-01,3.700000000000000000e+05
1.639698783091010137e+00,1.755729913711547852e+01,5.850002288818359375e+00,3.599999999999999867e-01,0.000000000000000000e+00
1.639725264147223527e+00,1.768970441818237305e+01,5.850002288818359375e+00,3.599999999999999867e-01,3.700000000000000000e+05
1.640111286017498449e+00,1.752183389663696289e+01,5.490001678466796875e+00,3.599999999999999867e-01,0.000000000000000000e+00
1.640137767073711839e+00,1.765423917770385742e+01,5.490001678466796875e+00,3.599999999999999867e-01,3.700000000000000000e+05
1.640523788943986760e+00,1.782210969924926758e+01,5.850002288818359375e+00,3.599999999999999867e-01,0.000000000000000000e+00
1.640550270000200150e+00,1.795451498031616211e+01,5.850002288818359375e+00,3.599999999999999867e-01,3.700000000000000000e+05
1.640936291870475072e+00,1.778664445877075195e+01,5.490001678466796875e+00,3.599999999999999867e-01,0.000000000000000000e+00
1.640962772926688462e+00,1.791904973983764648e+01,5.490001678466796875e+00,3.599999999999999867e-01,3.700000000000000000e+05
1.641348794796963384e+00,1.808692026138305664e+01,5.850002288818359375e+00,3.599999999999999867e-01,0.000000000000000000e+00
1.641375275853176774e+00,1.821932554244995117e+01,5.850002288818359375e+00,3.599999999999999867e-01,3.700000000000000000e+05
1.641761297723451696e+00,1.805145502090454102e+01,5.490001678466796875e+00,3.599999999999999867e-01,0.000000000000000000e+00
1.641787778779665086e+00,1.818386030197143555e+01,5.490001678466796875e+00,3.599999999999999867e-01,3.700000000000000000e+05
1.642820522546738271e+00,1.863297414779663086e+01,6.453128814697265625e+00,3.599999999999999867e-01,0.000000000000000000e+00
1.642877311181992095e+00,1.863297414779663086e+01,6.169185638427734375e+00,3.599999999999999867e-01,3.700000000000000000e+05
1.643605587697890558e+00,1.831626558303833008e+01,5.490001678466796875e+00,3.599999999999999867e-01,0.000000000000000000e+00
1.643632068754103948e+00,1.844867086410522461e+01,5.490001678466796875e+00,3.599999999999999867e-01,3.700000000000000000e+05
1.644055878018827910e+00,1.863297414779663086e+01,5.885242462158203125e+00,3.599999999999999867e-01,0.000000000000000000e+00
1.644112667417021223e+00,1.863297414779663086e+01,5.601295471191406250e+00,3.599999999999999867e-01,3.700000000000000000e+05
1.644232005679034714e+00,1.858107709884643555e+01,5.490001678466796875e+00,3.599999999999999867e-01,0.000000000000000000e+00
