2.000000000000000111e-01,-1.867008209228515625e+00,3.659999847412109375e+00,2.819999999999999840e+00,0.000000000000000000e+00
2.000088161443495660e-01,-1.870406150817871094e+00,3.668411254882812500e+00,2.819999999999999840e+00,0.000000000000000000e+00
2.000728832219862974e-01,-1.870406150817871094e+00,3.988746643066406250e+00,2.819999999999999840e+00,3.700000000000000000e+05
2.004174553618174592e-01,-1.737584114074707031e+00,3.659999847412109375e+00,2.819999999999999840e+00,0.000000000000000000e+00
2.004433401808482229e-01,-1.608160018920898438e+00,3.659999847412109375e+00,2.819999999999999840e+00,3.700000000000000000e+05
2.011236683161717054e-01,-1.870406150817871094e+00,4.309082031250000000e+00,2.819999999999999840e+00,0.000000000000000000e+00
2.011877353938084367e-01,-1.870406150817871094e+00,4.629417419433593750e+00,2.819999999999999840e+00,3.700000000000000000e+05
2.022038195246243786e-01,-1.478735923767089844e+00,3.659999847412109375e+00,2.819999999999999840e+00,0.000000000000000000e+00
2.022297043436551423e-01,-1.349311828613281250e+00,3.659999847412109375e+00,2.819999999999999840e+00,3.700000000000000000e+05
2.026070349044853391e-01,-1.494761466979980469e+00,4.020000457763671875e+00,2.819999999999999840e+00,0.000000000000000000e+00
2.026329197235161028e-01,-1.365337371826171875e+00,4.020000457763671875e+00,2.819999999999999840e+00,3.700000000000000000e+05
2.030102502843462997e-01,-1.219887733459472656e+00,3.659999847412109375e+00,2.819999999999999840e+00,0.000000000000000000e+00
2.030361351033770634e-01,-1.090463638305664062e+00,3.659999847412109375e+00,2.819999999999999840e+00,3.700000000000000000e+05
2.034134656642072603e-01,-1.235913276672363281e+00,4.020000457763671875e+00,2.819999999999999840e+00,0.000000000000000000e+00
2.034393504832380239e-01,-1.106489181518554688e+00,4.020000457763671875e+00,2.819999999999999840e+00,3.700000000000000000e+05
2.038166810440682208e-01,-9.610395431518554688e-01,3.659999847412109375e+00,2.819999999999999840e+00,0.000000000000000000e+00
2.038425658630989845e-01,-8.316154479980468750e-01,3.659999847412109375e+00,2.819999999999999840e+00,3.700000000000000000e+05
2.042198964239291814e-01,-9.770650863647460938e-01,4.020000457763671875e+00,2.819999999999999840e+00,0.000000000000000000e+00
2.042457812429599451e-01,-8.476409912109375000e-01,4.020000457763671875e+00,2.819999999999999840e+00,3.700000000000000000e+05
2.046231118037901420e-01,-7.021913528442382812e-01,3.659999847412109375e+00,2.819999999999999840e+00,0.000000000000000000e+00
2.046489966228209056e-01,-5.727672576904296875e-01,3.659999847412109375e+00,2.819999999999999840e+00,3.700000000000000000e+05
2.050263268364678482e-01,-7.182159423828125000e-01,4.020000457763671875e+00,2.819999999999999840e+00,0.000000000000000000e+00
2.050522116554986118e-01,-5.887918472290039062e-01,4.020000457763671875e+00,2.819999999999999840e+00,3.700000000000000000e+05
2.054295418691455544e-01,-4.433431625366210938e-01,3.659999847412109375e+00,2.819999999999999840e+00,0.000000000000000000e+00
2.054554266881763180e-01,-3.139190673828125000e-01,3.659999847412109375e+00,2.819999999999999840e+00,3.700000000000000000e+05
2.058327569018232606e-01,-4.593677520751953125e-01,4.020000457763671875e+00,2.819999999999999840e+00,0.000000000000000000e+00
2.058586417208540242e-01,-3.299436569213867188e-01,4.020000457763671875e+00,2.819999999999999840e+00,3.700000000000000000e+05
2.062359722816842211e-01,-1.844940185546875000e-01,3.659999847412109375e+00,2.819999999999999840e+00,0.000000000000000000e+00
2.062618571007149848e-01,-5.506992340087890625e-02,3.659999847412109375e+00,2.819999999999999840e+00,3.700000000000000000e+05
2.066391876615451817e-01,-2.005195617675781250e-01,4.020000457763671875e+00,2.819999999999999840e+00,0.000000000000000000e+00
2.074238394852250256e-01,-4.040622711181640625e-02,1.000099182128906250e-01,2.819999999999999840e+00,3.700000000000000000e+05
2.075286636062700640e-01,0.000000000000000000e+00,0.000000000000000000e+00,2.819999999999999840e+00,0.000000000000000000e+00
2.075545484253008277e-01,1.294240951538085938e-01,0.000000000000000000e+00,2.819999999999999840e+00,3.700000000000000000e+05
2.079951285418376872e-01,-4.040622711181640625e-02,4.203453063964843750e-01,2.819999999999999840e+00,0.000000000000000000e+00
2.080591956194744185e-01,-4.040622711181640625e-02,7.406806945800781250e-01,2.819999999999999840e+00,3.700000000000000000e+05
2.088355317315036819e-01,2.588481903076171875e-01,0.000000000000000000e+00,2.819999999999999840e+00,0.000000000000000000e+00
2.088614165505344455e-01,3.882722854614257812e-01,0.000000000000000000e+00,2.819999999999999840e+00,3.700000000000000000e+05
2.099735086580561683e-01,-4.040622711181640625e-02,1.061016082763671875e+00,2.819999999999999840e+00,0.000000000000000000e+00
2.100375757356928996e-01,-4.040622711181640625e-02,1.381351470947265625e+00,2.819999999999999840e+00,3.700000000000000000e+05
2.109714982620467805e-01,3.195934295654296875e-01,4.903221130371093750e-01,2.819999999999999840e+00,0.000000000000000000e+00
2.110355653396835118e-01,3.195934295654296875e-01,8.106575012207031250e-01,2.819999999999999840e+00,3.700000000000000000e+05
2.119694913032834638e-01,-4.040622711181640625e-02,1.701690673828125000e+00,2.819999999999999840e+00,0.000000000000000000e+00
2.120335583809201951e-01,-4.040622711181640625e-02,2.022026062011718750e+00,2.819999999999999840e+00,3.700000000000000000e+05
2.129674843445201471e-01,3.195934295654296875e-01,1.130992889404296875e+00,2.819999999999999840e+00,0.000000000000000000e+00
2.130315514221568785e-01,3.195934295654296875e-01,1.451328277587890625e+00,2.819999999999999840e+00,3.700000000000000000e+05
2.139654773857568304e-01,-4.040622711181640625e-02,2.342361450195312500e+00,2.819999999999999840e+00,0.000000000000000000e+00
2.140295444633935618e-01,-4.040622711181640625e-02,2.662696838378906250e+00,2.819999999999999840e+00,3.700000000000000000e+05
2.149634669897474426e-01,3.195934295654296875e-01,1.771667480468750000e+00,2.819999999999999840e+00,0.000000000000000000e+00
2.149876400134447807e-01,4.254493713378906250e-01,1.830001831054687500e+00,2.819999999999999840e+00,3.700000000000000000e+05
2.161961762090706118e-01,-4.040622711181640625e-02,2.983032226562500000e+00,2.819999999999999840e+00,0.000000000000000000e+00
2.162602432867073432e-01,-4.040622711181640625e-02,3.303367614746093750e+00,2.819999999999999840e+00,3.700000000000000000e+05
2.171941658130612240e-01,3.195934295654296875e-01,2.412338256835937500e+00,2.819999999999999840e+00,0.000000000000000000e+00
2.172582328906979554e-01,3.195934295654296875e-01,2.732673645019531250e+00,2.819999999999999840e+00,3.700000000000000000e+05
2.181921588542979074e-01,-4.040622711181640625e-02,3.623706817626953125e+00,2.819999999999999840e+00,0.000000000000000000e+00
2.182716548865596684e-01,-7.109546661376953125e-02,4.020000457763671875e+00,2.819999999999999840e+00,3.700000000000000000e+05
2.192851956764922394e-01,3.195934295654296875e-01,3.053009033203125000e+00,2.819999999999999840e+00,0.000000000000000000e+00
2.193492635170684046e-01,3.195934295654296875e-01,3.373348236083984375e+00,2.819999999999999840e+00,3.700000000000000000e+05
2.202831860434222855e-01,-4.040622711181640625e-02,4.264377593994140625e+00,2.819999999999999840e+00,0.000000000000000000e+00
2.203472531210590168e-01,-4.040622711181640625e-02,4.584712982177734375e+00,2.819999999999999840e+00,3.700000000000000000e+05
2.213164808465413746e-01,3.332023620605468750e-01,3.659999847412109375e+00,2.819999999999999840e+00,0.000000000000000000e+00
2.213423656655721383e-01,4.626264572143554688e-01,3.659999847412109375e+00,2.819999999999999840e+00,3.700000000000000000e+05
2.226473493865469555e-01,-4.040622711181640625e-02,4.905048370361328125e+00,2.819999999999999840e+00,0.000000000000000000e+00
2.227114172271231207e-01,-4.040622711181640625e-02,5.225387573242187500e+00,2.819999999999999840e+00,3.700000000000000000e+05
2.236453431907230727e-01,3.195934295654296875e-01,4.334354400634765625e+00,2.819999999999999840e+00,0.000000000000000000e+00
2.240154713923977747e-01,-1.510406494140625000e+00,4.058723449707031250e+00,2.819999999999999840e+00,3.700000000000000000e+05
2.249493939187516556e-01,-1.870406150817871094e+00,4.949752807617187500e+00,2.819999999999999840e+00,0.000000000000000000e+00
2.250134609963883869e-01,-1.870406150817871094e+00,5.270088195800781250e+00,2.819999999999999840e+00,3.700000000000000000e+05
2.259473835227422678e-01,-1.510406494140625000e+00,4.379058837890625000e+00,2.819999999999999840e+00,0.000000000000000000e+00
2.260114506003789991e-01,-1.510406494140625000e+00,4.699394226074218750e+00,2.819999999999999840e+00,3.700000000000000000e+05
2.269453765639789511e-01,-1.870406150817871094e+00,5.590427398681640625e+00,2.819999999999999840e+00,0.000000000000000000e+00
2.270094436416156825e-01,-1.870406150817871094e+00,5.910762786865234375e+00,2.819999999999999840e+00,3.700000000000000000e+05
2.279433696052156344e-01,-1.510406494140625000e+00,5.019729614257812500e+00,2.819999999999999840e+00,0.000000000000000000e+00
2.280074366828523658e-01,-1.510406494140625000e+00,5.340065002441406250e+00,2.819999999999999840e+00,3.700000000000000000e+05
2.289413626464523177e-01,-1.870406150817871094e+00,6.231098175048828125e+00,2.819999999999999840e+00,0.000000000000000000e+00
2.290054297240890491e-01,-1.870406150817871094e+00,6.551433563232421875e+00,2.819999999999999840e+00,3.700000000000000000e+05
2.301179579430090716e-01,-1.441558837890625000e+00,5.490001678466796875e+00,2.819999999999999840e+00,0.000000000000000000e+00
2.301438427620398353e-01,-1.312134742736816406e+00,5.490001678466796875e+00,2.819999999999999840e+00,3.700000000000000000e+05
2.305211698856268476e-01,-1.457584381103515625e+00,5.849998474121093750e+00,2.819999999999999840e+00,0.000000000000000000e+00
2.305470547046576113e-01,-1.328160285949707031e+00,5.849998474121093750e+00,2.819999999999999840e+00,3.700000000000000000e+05
2.309243818282446237e-01,-1.182710647583007812e+00,5.490001678466796875e+00,2.819999999999999840e+00,0.000000000000000000e+00
2.309502666472753873e-01,-1.053286552429199219e+00,5.490001678466796875e+00,2.819999999999999840e+00,3.700000000000000000e+05
2.313275937708623997e-01,-1.198736190795898438e+00,5.849998474121093750e+00,2.819999999999999840e+00,0.000000000000000000e+00
2.313534785898931634e-01,-1.069312095642089844e+00,5.849998474121093750e+00,2.819999999999999840e+00,3.700000000000000000e+05
2.317308057134801758e-01,-9.238624572753906250e-01,5.490001678466796875e+00,2.819999999999999840e+00,0.000000000000000000e+00
2.317566905325109394e-01,-7.944383621215820312e-01,5.490001678466796875e+00,2.819999999999999840e+00,3.700000000000000000e+05
2.321340176560979518e-01,-9.398880004882812500e-01,5.849998474121093750e+00,2.819999999999999840e+00,0.000000000000000000e+00
2.321599024751287155e-01,-8.104639053344726562e-01,5.849998474121093750e+00,2.819999999999999840e+00,3.700000000000000000e+05
2.325372295987157278e-01,-6.650142669677734375e-01,5.490001678466796875e+00,2.819999999999999840e+00,0.000000000000000000e+00
2.325631144177464915e-01,-5.355901718139648438e-01,5.490001678466796875e+00,2.819999999999999840e+00,3.700000000000000000e+05
2.329404415413335039e-01,-6.810398101806640625e-01,5.849998474121093750e+00,2.819999999999999840e+00,0.000000000000000000e+00
2.329663265510991399e-01,-5.516147613525390625e-01,5.849998474121093750e+00,2.819999999999999840e+00,3.700000000000000000e+05
2.333436533274997338e-01,-4.061660766601562500e-01,5.490001678466796875e+00,2.819999999999999840e+00,0.000000000000000000e+00
2.333695381465304974e-01,-2.767419815063476562e-01,5.490001678466796875e+00,2.819999999999999840e+00,3.700000000000000000e+05
2.337468649229310913e-01,-4.221906661987304688e-01,5.849998474121093750e+00,2.819999999999999840e+00,0.000000000000000000e+00
2.337727497419618550e-01,-2.927665710449218750e-01,5.849998474121093750e+00,2.819999999999999840e+00,3.700000000000000000e+05
2.341500765183624488e-01,-1.473178863525390625e-01,5.490001678466796875e+00,2.819999999999999840e+00,0.000000000000000000e+00
2.343414663958293953e-01,3.195934295654296875e-01,4.654689788818359375e+00,2.819999999999999840e+00,3.700000000000000000e+05
2.355943156559046625e-01,-1.633424758911132812e-01,5.849998474121093750e+00,2.819999999999999840e+00,0.000000000000000000e+00
2.356191118175952337e-01,-4.040622711181640625e-02,5.866058349609375000e+00,2.819999999999999840e+00,3.700000000000000000e+05
2.365530377811951857e-01,3.195934295654296875e-01,4.975025177001953125e+00,2.819999999999999840e+00,0.000000000000000000e+00
2.366171056217713509e-01,3.195934295654296875e-01,5.295364379882812500e+00,2.819999999999999840e+00,3.700000000000000000e+05
2.375510281481252317e-01,-4.040622711181640625e-02,6.186393737792968750e+00,2.819999999999999840e+00,0.000000000000000000e+00
2.376150952257619631e-01,-4.040622711181640625e-02,6.506729125976562500e+00,2.819999999999999840e+00,3.700000000000000000e+05
2.386807670393485126e-01,3.703794479370117188e-01,5.490001678466796875e+00,2.819999999999999840e+00,0.000000000000000000e+00
2.387066518583792762e-01,4.998035430908203125e-01,5.490001678466796875e+00,2.819999999999999840e+00,3.700000000000000000e+05
2.390839789819662886e-01,3.543539047241210938e-01,5.849998474121093750e+00,2.819999999999999840e+00,0.000000000000000000e+00
2.391098638009970523e-01,4.837779998779296875e-01,5.849998474121093750e+00,2.819999999999999840e+00,3.700000000000000000e+05
2.394871909245840647e-01,6.292276382446289062e-01,5.490001678466796875e+00,2.819999999999999840e+00,0.000000000000000000e+00
2.395130757436148283e-01,7.586517333984375000e-01,5.490001678466796875e+00,2.819999999999999840e+00,3.700000000000000000e+05
2.398904028672018407e-01,6.132020950317382812e-01,5.849998474121093750e+00,2.819999999999999840e+00,0.000000000000000000e+00
2.399162876862326044e-01,7.426261901855468750e-01,5.849998474121093750e+00,2.819999999999999840e+00,3.700000000000000000e+05
2.402936148098196167e-01,8.880758285522460938e-01,5.490001678466796875e+00,2.819999999999999840e+00,0.000000000000000000e+00
2.403194996288503804e-01,1.017499923706054688e+00,5.490001678466796875e+00,2.819999999999999840e+00,3.700000000000000000e+05
2.406968267524373928e-01,8.720502853393554688e-01,5.849998474121093750e+00,2.819999999999999840e+00,0.000000000000000000e+00
2.407227115714681565e-01,1.001474380493164062e+00,5.849998474121093750e+00,2.819999999999999840e+00,3.700000000000000000e+05
2.411000386950551688e-01,1.146924018859863281e+00,5.490001678466796875e+00,2.819999999999999840e+00,0.000000000000000000e+00
2.411259235140859325e-01,1.276348114013671875e+00,5.490001678466796875e+00,2.819999999999999840e+00,3.700000000000000000e+05
2.415032506376729449e-01,1.130898475646972656e+00,5.849998474121093750e+00,2.819999999999999840e+00,0.000000000000000000e+00
2.415291356474385809e-01,1.260323524475097656e+00,5.849998474121093750e+00,2.819999999999999840e+00,3.700000000000000000e+05
2.419064625974321203e-01,1.405772686004638672e+00,5.490001678466796875e+00,2.819999999999999840e+00,0.000000000000000000e+00
2.419323474164628840e-01,1.535196781158447266e+00,5.490001678466796875e+00,2.819999999999999840e+00,3.700000000000000000e+05
2.423096745400498964e-01,1.389747142791748047e+00,5.849998474121093750e+00,2.819999999999999840e+00,0.000000000000000000e+00
2.423355593590806600e-01,1.519171237945556641e+00,5.849998474121093750e+00,2.819999999999999840e+00,3.700000000000000000e+05
2.427128864826676724e-01,1.664620876312255859e+00,5.490001678466796875e+00,2.819999999999999840e+00,0.000000000000000000e+00
2.437709439832083658e-01,3.722467422485351562e-01,3.600006103515625000e-01,2.819999999999999840e+00,3.700000000000000000e+05
2.441482745440385627e-01,5.176963806152343750e-01,0.000000000000000000e+00,2.819999999999999840e+00,0.000000000000000000e+00
2.441741593630693263e-01,6.471204757690429688e-01,0.000000000000000000e+00,2.819999999999999840e+00,3.700000000000000000e+05
2.445514899238995232e-01,5.016708374023437500e-01,3.600006103515625000e-01,2.819999999999999840e+00,0.000000000000000000e+00
2.445773749336651592e-01,6.310958862304687500e-01,3.600006103515625000e-01,2.819999999999999840e+00,3.700000000000000000e+05
2.449547051473121018e-01,7.765445709228515625e-01,0.000000000000000000e+00,2.819999999999999840e+00,0.000000000000000000e+00
2.449805899663428654e-01,9.059686660766601562e-01,0.000000000000000000e+00,2.819999999999999840e+00,3.700000000000000000e+05
2.453579201799898080e-01,7.605199813842773438e-01,3.600006103515625000e-01,2.819999999999999840e+00,0.000000000000000000e+00
2.453838049990205716e-01,8.899440765380859375e-01,3.600006103515625000e-01,2.819999999999999840e+00,3.700000000000000000e+05
2.457611352126675142e-01,1.035392761230468750e+00,0.000000000000000000e+00,2.819999999999999840e+00,0.000000000000000000e+00
2.457870202224331502e-01,1.164817810058593750e+00,0.000000000000000000e+00,2.819999999999999840e+00,3.700000000000000000e+05
2.461643507832633471e-01,1.019368171691894531e+00,3.600006103515625000e-01,2.819999999999999840e+00,0.000000000000000000e+00
2.461902356022941107e-01,1.148792266845703125e+00,3.600006103515625000e-01,2.819999999999999840e+00,3.700000000000000000e+05
2.465675659895324445e-01,1.294241428375244141e+00,0.000000000000000000e+00,2.819999999999999840e+00,0.000000000000000000e+00
2.465934508085632082e-01,1.423665523529052734e+00,0.000000000000000000e+00,2.819999999999999840e+00,3.700000000000000000e+05
2.469707811958015420e-01,1.278216361999511719e+00,3.600006103515625000e-01,2.819999999999999840e+00,0.000000000000000000e+00
2.469966660148323057e-01,1.407640457153320312e+00,3.600006103515625000e-01,2.819999999999999840e+00,3.700000000000000000e+05
2.473739964020706394e-01,1.553089618682861328e+00,0.000000000000000000e+00,2.819999999999999840e+00,0.000000000000000000e+00
2.473998813164688393e-01,1.682514190673828125e+00,0.000000000000000000e+00,2.819999999999999840e+00,3.700000000000000000e+05
2.477772118772990362e-01,1.537064552307128906e+00,3.600006103515625000e-01,2.819999999999999840e+00,0.000000000000000000e+00
2.490559579270788526e-01,-1.510406494140625000e+00,5.980739593505859375e+00,2.819999999999999840e+00,3.700000000000000000e+05
2.499898804534327335e-01,-1.870406150817871094e+00,6.871768951416015625e+00,2.819999999999999840e+00,0.000000000000000000e+00
2.500539475310694648e-01,-1.870406150817871094e+00,7.192104339599609375e+00,2.819999999999999840e+00,3.700000000000000000e+05
2.509878700574233457e-01,-1.510406494140625000e+00,6.301074981689453125e+00,2.819999999999999840e+00,0.000000000000000000e+00
2.510519371350600770e-01,-1.510406494140625000e+00,6.621410369873046875e+00,2.819999999999999840e+00,3.700000000000000000e+05
2.519858630986600012e-01,-1.870406150817871094e+00,7.512443542480468750e+00,2.819999999999999840e+00,0.000000000000000000e+00
2.520499301762967326e-01,-1.870406150817871094e+00,7.832778930664062500e+00,2.819999999999999840e+00,3.700000000000000000e+05
2.529838561398966568e-01,-1.510406494140625000e+00,6.941745758056640625e+00,2.819999999999999840e+00,0.000000000000000000e+00
2.530479239804728220e-01,-1.510406494140625000e+00,7.262084960937500000e+00,2.819999999999999840e+00,3.700000000000000000e+05
2.539818465068267028e-01,-1.870406150817871094e+00,8.153114318847656250e+00,2.819999999999999840e+00,0.000000000000000000e+00
2.540459135844634342e-01,-1.870406150817871094e+00,8.473449707031250000e+00,2.819999999999999840e+00,3.700000000000000000e+05
2.552548893287324705e-01,-1.404381752014160156e+00,7.319999694824218750e+00,2.819999999999999840e+00,0.000000000000000000e+00
2.552807741477632342e-01,-1.274957656860351562e+00,7.319999694824218750e+00,2.819999999999999840e+00,3.700000000000000000e+05
2.556581047085934588e-01,-1.420407295227050781e+00,7.680000305175781250e+00,2.819999999999999840e+00,0.000000000000000000e+00
2.556839895276242225e-01,-1.290983200073242188e+00,7.680000305175781250e+00,2.819999999999999840e+00,3.700000000000000000e+05
2.560613200884544471e-01,-1.145533561706542969e+00,7.319999694824218750e+00,2.819999999999999840e+00,0.000000000000000000e+00
2.560872049074852108e-01,-1.016109466552734375e+00,7.319999694824218750e+00,2.819999999999999840e+00,3.700000000000000000e+05
2.564645354683154355e-01,-1.161559104919433594e+00,7.680000305175781250e+00,2.819999999999999840e+00,0.000000000000000000e+00
2.564904202873461991e-01,-1.032135009765625000e+00,7.680000305175781250e+00,2.819999999999999840e+00,3.700000000000000000e+05
2.568677508481764238e-01,-8.866853713989257812e-01,7.319999694824218750e+00,2.819999999999999840e+00,0.000000000000000000e+00
2.568936356672071875e-01,-7.572612762451171875e-01,7.319999694824218750e+00,2.819999999999999840e+00,3.700000000000000000e+05
2.572709662280374121e-01,-9.027109146118164062e-01,7.680000305175781250e+00,2.819999999999999840e+00,0.000000000000000000e+00
2.572968510470681758e-01,-7.732868194580078125e-01,7.680000305175781250e+00,2.819999999999999840e+00,3.700000000000000000e+05
2.576741816078984004e-01,-6.278371810913085938e-01,7.319999694824218750e+00,2.819999999999999840e+00,0.000000000000000000e+00
2.577000664269291641e-01,-4.984130859375000000e-01,7.319999694824218750e+00,2.819999999999999840e+00,3.700000000000000000e+05
2.580773969877593887e-01,-6.438627243041992188e-01,7.680000305175781250e+00,2.819999999999999840e+00,0.000000000000000000e+00
2.581032818067901524e-01,-5.144386291503906250e-01,7.680000305175781250e+00,2.819999999999999840e+00,3.700000000000000000e+05
2.584806123676203771e-01,-3.689889907836914062e-01,7.319999694824218750e+00,2.819999999999999840e+00,0.000000000000000000e+00
2.585064971866511407e-01,-2.395648956298828125e-01,7.319999694824218750e+00,2.819999999999999840e+00,3.700000000000000000e+05
2.588838274002980833e-01,-3.850135803222656250e-01,7.680000305175781250e+00,2.819999999999999840e+00,0.000000000000000000e+00
2.589097122193288469e-01,-2.555894851684570312e-01,7.680000305175781250e+00,2.819999999999999840e+00,3.700000000000000000e+05
2.592870424329757895e-01,-1.101408004760742188e-01,7.319999694824218750e+00,2.819999999999999840e+00,0.000000000000000000e+00
2.611608624621453711e-01,1.904185295104980469e+00,-1.830001831054687500e+00,2.819999999999999840e+00,3.700000000000000000e+05
2.614581420852461480e-01,1.789593696594238281e+00,-1.546375274658203125e+00,2.819999999999999840e+00,0.000000000000000000e+00
2.615222091628828793e-01,1.789593696594238281e+00,-1.226039886474609375e+00,2.819999999999999840e+00,3.700000000000000000e+05
2.621552447814752274e-01,2.033609390258789062e+00,-1.830001831054687500e+00,2.819999999999999840e+00,0.000000000000000000e+00
2.621811296005059910e-01,2.163033485412597656e+00,-1.830001831054687500e+00,2.819999999999999840e+00,3.700000000000000000e+05
2.631499212145905209e-01,1.789593696594238281e+00,-9.057044982910156250e-01,2.819999999999999840e+00,0.000000000000000000e+00
2.632139882922272522e-01,1.789593696594238281e+00,-5.853691101074218750e-01,2.819999999999999840e+00,3.700000000000000000e+05
2.645185360753962156e-01,2.292458057403564453e+00,-1.830001831054687500e+00,2.819999999999999840e+00,0.000000000000000000e+00
2.645444208944269793e-01,2.421882152557373047e+00,-1.830001831054687500e+00,2.819999999999999840e+00,3.700000000000000000e+05
2.649217514552572039e-01,2.276432514190673828e+00,-1.470001220703125000e+00,2.819999999999999840e+00,0.000000000000000000e+00
2.649476362742879676e-01,2.405856609344482422e+00,-1.470001220703125000e+00,2.819999999999999840e+00,3.700000000000000000e+05
2.653249668351181922e-01,2.551306247711181641e+00,-1.830001831054687500e+00,2.819999999999999840e+00,0.000000000000000000e+00
2.653508516541489559e-01,2.680730342864990234e+00,-1.830001831054687500e+00,2.819999999999999840e+00,3.700000000000000000e+05
2.657281820413873175e-01,2.535281181335449219e+00,-1.470001220703125000e+00,2.819999999999999840e+00,0.000000000000000000e+00
2.657540668604180811e-01,2.664705276489257812e+00,-1.470001220703125000e+00,2.819999999999999840e+00,3.700000000000000000e+05
2.661313972476564427e-01,2.810154438018798828e+00,-1.830001831054687500e+00,2.819999999999999840e+00,0.000000000000000000e+00
2.661572820666872063e-01,2.939578533172607422e+00,-1.830001831054687500e+00,2.819999999999999840e+00,3.700000000000000000e+05
2.665346124539255679e-01,2.794129371643066406e+00,-1.470001220703125000e+00,2.819999999999999840e+00,0.000000000000000000e+00
2.665604972729563316e-01,2.923553466796875000e+00,-1.470001220703125000e+00,2.819999999999999840e+00,3.700000000000000000e+05
2.669378278337865562e-01,3.069003105163574219e+00,-1.830001831054687500e+00,2.819999999999999840e+00,0.000000000000000000e+00
2.669637126528173199e-01,3.198427200317382812e+00,-1.830001831054687500e+00,2.819999999999999840e+00,3.700000000000000000e+05
2.673410432136475445e-01,3.052977561950683594e+00,-1.470001220703125000e+00,2.819999999999999840e+00,0.000000000000000000e+00
2.673669280326783082e-01,3.182401657104492188e+00,-1.470001220703125000e+00,2.819999999999999840e+00,3.700000000000000000e+05
2.677442585935085329e-01,3.327851295471191406e+00,-1.830001831054687500e+00,2.819999999999999840e+00,0.000000000000000000e+00
2.677701434125392965e-01,3.457275390625000000e+00,-1.830001831054687500e+00,2.819999999999999840e+00,3.700000000000000000e+05
2.681474739733695212e-01,3.311825752258300781e+00,-1.470001220703125000e+00,2.819999999999999840e+00,0.000000000000000000e+00
2.681733588877677210e-01,3.441250324249267578e+00,-1.470001220703125000e+00,2.819999999999999840e+00,3.700000000000000000e+05
2.685506892750060826e-01,3.586699485778808594e+00,-1.830001831054687500e+00,2.819999999999999840e+00,0.000000000000000000e+00
2.685765740940368462e-01,3.716123580932617188e+00,-1.830001831054687500e+00,2.819999999999999840e+00,3.700000000000000000e+05
2.689539044812752078e-01,3.570674419403076172e+00,-1.470001220703125000e+00,2.819999999999999840e+00,0.000000000000000000e+00
2.689949392953762120e-01,3.619593620300292969e+00,-1.270744323730468750e+00,2.819999999999999840e+00,3.700000000000000000e+05
2.695811185086348649e-01,3.845547676086425781e+00,-1.830001831054687500e+00,2.819999999999999840e+00,0.000000000000000000e+00
2.696070034230330648e-01,3.974972248077392578e+00,-1.830001831054687500e+00,2.819999999999999840e+00,3.700000000000000000e+05
2.705289388053760402e-01,3.619593620300292969e+00,-9.504089355468750000e-01,2.819999999999999840e+00,0.000000000000000000e+00
2.705930066459522054e-01,3.619593620300292969e+00,-6.300697326660156250e-01,2.819999999999999840e+00,3.700000000000000000e+05
2.718507014610337391e-01,4.104396343231201172e+00,-1.830001831054687500e+00,2.819999999999999840e+00,0.000000000000000000e+00
2.718765862800645028e-01,4.233820438385009766e+00,-1.830001831054687500e+00,2.819999999999999840e+00,3.700000000000000000e+05
2.722539168408947274e-01,4.088370800018310547e+00,-1.470001220703125000e+00,2.819999999999999840e+00,0.000000000000000000e+00
2.722798017552929273e-01,4.217795372009277344e+00,-1.470001220703125000e+00,2.819999999999999840e+00,3.700000000000000000e+05
2.726571321425312888e-01,4.363244533538818359e+00,-1.830001831054687500e+00,2.819999999999999840e+00,0.000000000000000000e+00
2.726830169615620525e-01,4.492668628692626953e+00,-1.830001831054687500e+00,2.819999999999999840e+00,3.700000000000000000e+05
2.730603473488004140e-01,4.347219467163085938e+00,-1.470001220703125000e+00,2.819999999999999840e+00,0.000000000000000000e+00
2.730862321678311777e-01,4.476643562316894531e+00,-1.470001220703125000e+00,2.819999999999999840e+00,3.700000000000000000e+05
2.734635627286614024e-01,4.622093200683593750e+00,-1.830001831054687500e+00,2.819999999999999840e+00,0.000000000000000000e+00
2.734894475476921660e-01,4.751517295837402344e+00,-1.830001831054687500e+00,2.819999999999999840e+00,3.700000000000000000e+05
2.738667781085223907e-01,4.606067657470703125e+00,-1.470001220703125000e+00,2.819999999999999840e+00,0.000000000000000000e+00
2.738926629275531544e-01,4.735491752624511719e+00,-1.470001220703125000e+00,2.819999999999999840e+00,3.700000000000000000e+05
2.742699934883833790e-01,4.880941390991210938e+00,-1.830001831054687500e+00,2.819999999999999840e+00,0.000000000000000000e+00
2.742958783074141427e-01,5.010365486145019531e+00,-1.830001831054687500e+00,2.819999999999999840e+00,3.700000000000000000e+05
2.746732088682443673e-01,4.864915847778320312e+00,-1.470001220703125000e+00,2.819999999999999840e+00,0.000000000000000000e+00
2.746990937826425672e-01,4.994340419769287109e+00,-1.470001220703125000e+00,2.819999999999999840e+00,3.700000000000000000e+05
2.750764241698809287e-01,5.139789581298828125e+00,-1.830001831054687500e+00,2.819999999999999840e+00,0.000000000000000000e+00
2.751023089889116924e-01,5.269213676452636719e+00,-1.830001831054687500e+00,2.819999999999999840e+00,3.700000000000000000e+05
2.754796393761500539e-01,5.123764514923095703e+00,-1.470001220703125000e+00,2.819999999999999840e+00,0.000000000000000000e+00
2.755055241951808176e-01,5.253188610076904297e+00,-1.470001220703125000e+00,2.819999999999999840e+00,3.700000000000000000e+05
2.758828545824191791e-01,5.398637771606445312e+00,-1.830001831054687500e+00,2.819999999999999840e+00,0.000000000000000000e+00
2.771643015685134048e-01,4.094238281250000000e-01,2.189998626708984375e+00,2.819999999999999840e+00,3.700000000000000000e+05
2.775416286921004172e-01,5.548734664916992188e-01,1.830001831054687500e+00,2.819999999999999840e+00,0.000000000000000000e+00
2.775675135111311809e-01,6.842975616455078125e-01,1.830001831054687500e+00,2.819999999999999840e+00,3.700000000000000000e+05
2.779448406347181932e-01,5.388479232788085938e-01,2.189998626708984375e+00,2.819999999999999840e+00,0.000000000000000000e+00
2.779707254537489569e-01,6.682720184326171875e-01,2.189998626708984375e+00,2.819999999999999840e+00,3.700000000000000000e+05
2.783480525773359693e-01,8.137216567993164062e-01,1.830001831054687500e+00,2.819999999999999840e+00,0.000000000000000000e+00
2.783739373963667330e-01,9.431457519531250000e-01,1.830001831054687500e+00,2.819999999999999840e+00,3.700000000000000000e+05
2.787512641727672991e-01,7.976970672607421875e-01,2.189998626708984375e+00,2.819999999999999840e+00,0.000000000000000000e+00
2.787771489917980627e-01,9.271211624145507812e-01,2.189998626708984375e+00,2.819999999999999840e+00,3.700000000000000000e+05
2.791544757681986288e-01,1.072569847106933594e+00,1.830001831054687500e+00,2.819999999999999840e+00,0.000000000000000000e+00
2.791803605872293925e-01,1.201993942260742188e+00,1.830001831054687500e+00,2.819999999999999840e+00,3.700000000000000000e+05
2.795576873636299586e-01,1.056545257568359375e+00,2.189998626708984375e+00,2.819999999999999840e+00,0.000000000000000000e+00
2.795835721826607223e-01,1.185969352722167969e+00,2.189998626708984375e+00,2.819999999999999840e+00,3.700000000000000000e+05
2.799608991326542617e-01,1.331418514251708984e+00,1.830001831054687500e+00,2.819999999999999840e+00,0.000000000000000000e+00
2.799867839516850254e-01,1.460842609405517578e+00,1.830001831054687500e+00,2.819999999999999840e+00,3.700000000000000000e+05
2.803641109016785649e-01,1.315393447875976562e+00,2.189998626708984375e+00,2.819999999999999840e+00,0.000000000000000000e+00
2.803899957207093285e-01,1.444817543029785156e+00,2.189998626708984375e+00,2.819999999999999840e+00,3.700000000000000000e+05
2.807673226707028680e-01,1.590266704559326172e+00,1.830001831054687500e+00,2.819999999999999840e+00,0.000000000000000000e+00
2.807932075851010678e-01,1.719691276550292969e+00,1.830001831054687500e+00,2.819999999999999840e+00,3.700000000000000000e+05
2.811705347086880802e-01,1.574241638183593750e+00,2.189998626708984375e+00,2.819999999999999840e+00,0.000000000000000000e+00
2.818495681125423036e-01,2.149593830108642578e+00,-1.156063079833984375e+00,2.819999999999999840e+00,3.700000000000000000e+05
2.827834942497340354e-01,1.789593696594238281e+00,-2.650299072265625000e-01,2.819999999999999840e+00,0.000000000000000000e+00
2.829109019419706050e-01,1.666488647460937500e+00,3.600006103515625000e-01,2.819999999999999840e+00,3.700000000000000000e+05
2.841641909242816344e-01,2.149593830108642578e+00,-8.357276916503906250e-01,2.819999999999999840e+00,0.000000000000000000e+00
2.842282580019183658e-01,2.149593830108642578e+00,-5.153923034667968750e-01,2.819999999999999840e+00,3.700000000000000000e+05
2.851621841391100975e-01,1.789593696594238281e+00,3.756408691406250000e-01,2.819999999999999840e+00,0.000000000000000000e+00
2.852262512167468289e-01,1.789593696594238281e+00,6.959762573242187500e-01,2.819999999999999840e+00,3.700000000000000000e+05
2.861601739166931835e-01,2.149593830108642578e+00,-1.950531005859375000e-01,2.819999999999999840e+00,0.000000000000000000e+00
2.862004766543351231e-01,2.200210571289062500e+00,0.000000000000000000e+00,2.819999999999999840e+00,3.700000000000000000e+05
2.872657123565232618e-01,1.789593696594238281e+00,1.016311645507812500e+00,2.819999999999999840e+00,0.000000000000000000e+00
2.873297794341599931e-01,1.789593696594238281e+00,1.336647033691406250e+00,2.819999999999999840e+00,3.700000000000000000e+05
2.882637021341063477e-01,2.149593830108642578e+00,4.456176757812500000e-01,2.819999999999999840e+00,0.000000000000000000e+00
2.883277692117430790e-01,2.149593830108642578e+00,7.659530639648437500e-01,2.819999999999999840e+00,3.700000000000000000e+05
2.892616953489348108e-01,1.789593696594238281e+00,1.656986236572265625e+00,2.819999999999999840e+00,0.000000000000000000e+00
2.893696742029588931e-01,1.703665733337402344e+00,2.189998626708984375e+00,2.819999999999999840e+00,3.700000000000000000e+05
2.905265156599205478e-01,2.149593830108642578e+00,1.086288452148437500e+00,2.819999999999999840e+00,0.000000000000000000e+00
2.905905835004967130e-01,2.149593830108642578e+00,1.406627655029296875e+00,2.819999999999999840e+00,3.700000000000000000e+05
2.915245062004430676e-01,1.789593696594238281e+00,2.297657012939453125e+00,2.819999999999999840e+00,0.000000000000000000e+00
2.915885732780797990e-01,1.789593696594238281e+00,2.617992401123046875e+00,2.819999999999999840e+00,3.700000000000000000e+05
2.925224959780261536e-01,2.149593830108642578e+00,1.726963043212890625e+00,2.819999999999999840e+00,0.000000000000000000e+00
2.925495697645136284e-01,2.237387657165527344e+00,1.830001831054687500e+00,2.819999999999999840e+00,3.700000000000000000e+05
2.937112495548059865e-01,1.789593696594238281e+00,2.938327789306640625e+00,2.819999999999999840e+00,0.000000000000000000e+00
2.937753166324427179e-01,1.789593696594238281e+00,3.258663177490234375e+00,2.819999999999999840e+00,3.700000000000000000e+05
2.947092393323890724e-01,2.149593830108642578e+00,2.367633819580078125e+00,2.819999999999999840e+00,0.000000000000000000e+00
2.947733064100258038e-01,2.149593830108642578e+00,2.687969207763671875e+00,2.819999999999999840e+00,3.700000000000000000e+05
2.957072325472175356e-01,1.789593696594238281e+00,3.579002380371093750e+00,2.819999999999999840e+00,0.000000000000000000e+00
2.967950715858706512e-01,-1.510406494140625000e+00,7.902755737304687500e+00,2.819999999999999840e+00,3.700000000000000000e+05
2.977289941122245320e-01,-1.870406150817871094e+00,8.793785095214843750e+00,2.819999999999999840e+00,0.000000000000000000e+00
2.977930619528006972e-01,-1.870406150817871094e+00,9.114124298095703125e+00,2.819999999999999840e+00,3.700000000000000000e+05
2.987269879164006214e-01,-1.510406494140625000e+00,8.223091125488281250e+00,2.819999999999999840e+00,0.000000000000000000e+00
2.987910549940373528e-01,-1.510406494140625000e+00,8.543426513671875000e+00,2.819999999999999840e+00,3.700000000000000000e+05
2.997249809576372770e-01,-1.870406150817871094e+00,9.434459686279296875e+00,2.819999999999999840e+00,0.000000000000000000e+00
2.997890480352740084e-01,-1.870406150817871094e+00,9.754795074462890625e+00,2.819999999999999840e+00,3.700000000000000000e+05
3.007229739988739325e-01,-1.510406494140625000e+00,8.863761901855468750e+00,2.819999999999999840e+00,0.000000000000000000e+00
3.007802881932782890e-01,-1.496629714965820312e+00,9.150001525878906250e+00,2.819999999999999840e+00,3.700000000000000000e+05
3.017499516829742490e-01,-1.870406150817871094e+00,1.007513046264648438e+01,2.819999999999999840e+00,0.000000000000000000e+00
3.018140187606109803e-01,-1.870406150817871094e+00,1.039546585083007812e+01,2.819999999999999840e+00,3.700000000000000000e+05
3.031194385929841806e-01,-1.367204666137695312e+00,9.150001525878906250e+00,2.819999999999999840e+00,0.000000000000000000e+00
3.031453234120149443e-01,-1.237780570983886719e+00,9.150001525878906250e+00,2.819999999999999840e+00,3.700000000000000000e+05
3.035226505356019566e-01,-1.383230209350585938e+00,9.509998321533203125e+00,2.819999999999999840e+00,0.000000000000000000e+00
3.035485353546327203e-01,-1.253806114196777344e+00,9.509998321533203125e+00,2.819999999999999840e+00,3.700000000000000000e+05
3.039258624782197327e-01,-1.108356475830078125e+00,9.150001525878906250e+00,2.819999999999999840e+00,0.000000000000000000e+00
3.039517472972504963e-01,-9.789323806762695312e-01,9.150001525878906250e+00,2.819999999999999840e+00,3.700000000000000000e+05
3.043290744208375087e-01,-1.124382019042968750e+00,9.509998321533203125e+00,2.819999999999999840e+00,0.000000000000000000e+00
3.043549592398682724e-01,-9.949579238891601562e-01,9.509998321533203125e+00,2.819999999999999840e+00,3.700000000000000000e+05
3.047322863634552848e-01,-8.495082855224609375e-01,9.150001525878906250e+00,2.819999999999999840e+00,0.000000000000000000e+00
3.047581711824860484e-01,-7.200841903686523438e-01,9.150001525878906250e+00,2.819999999999999840e+00,3.700000000000000000e+05
3.051354983060730608e-01,-8.655338287353515625e-01,9.509998321533203125e+00,2.819999999999999840e+00,0.000000000000000000e+00
3.051613831251038245e-01,-7.361097335815429688e-01,9.509998321533203125e+00,2.819999999999999840e+00,3.700000000000000000e+05
3.055387102486908368e-01,-5.906600952148437500e-01,9.150001525878906250e+00,2.819999999999999840e+00,0.000000000000000000e+00
3.055645950677216005e-01,-4.612360000610351562e-01,9.150001525878906250e+00,2.819999999999999840e+00,3.700000000000000000e+05
3.059419221913086129e-01,-6.066856384277343750e-01,9.509998321533203125e+00,2.819999999999999840e+00,0.000000000000000000e+00
3.059678070103393765e-01,-4.772615432739257812e-01,9.509998321533203125e+00,2.819999999999999840e+00,3.700000000000000000e+05
3.063451341339263889e-01,-3.318119049072265625e-01,9.150001525878906250e+00,2.819999999999999840e+00,0.000000000000000000e+00
3.063710189529571526e-01,-2.023878097534179688e-01,9.150001525878906250e+00,2.819999999999999840e+00,3.700000000000000000e+05
3.067483460765441650e-01,-3.478374481201171875e-01,9.509998321533203125e+00,2.819999999999999840e+00,0.000000000000000000e+00
3.067742310863098010e-01,-2.184123992919921875e-01,9.509998321533203125e+00,2.819999999999999840e+00,3.700000000000000000e+05
3.071515578627103671e-01,-7.296371459960937500e-02,9.150001525878906250e+00,2.819999999999999840e+00,0.000000000000000000e+00
3.081828067824607387e-01,4.466009140014648438e-01,4.020000457763671875e+00,2.819999999999999840e+00,3.700000000000000000e+05
3.085601373432909633e-01,5.920505523681640625e-01,3.659999847412109375e+00,2.819999999999999840e+00,0.000000000000000000e+00
3.085860221623217270e-01,7.214746475219726562e-01,3.659999847412109375e+00,2.819999999999999840e+00,3.700000000000000000e+05
3.089633527231519516e-01,5.760250091552734375e-01,4.020000457763671875e+00,2.819999999999999840e+00,0.000000000000000000e+00
3.089892375421827153e-01,7.054491043090820312e-01,4.020000457763671875e+00,2.819999999999999840e+00,3.700000000000000000e+05
3.093665681030129400e-01,8.508987426757812500e-01,3.659999847412109375e+00,2.819999999999999840e+00,0.000000000000000000e+00
3.093924529220437036e-01,9.803228378295898438e-01,3.659999847412109375e+00,2.819999999999999840e+00,3.700000000000000000e+05
3.097697834828739283e-01,8.348731994628906250e-01,4.020000457763671875e+00,2.819999999999999840e+00,0.000000000000000000e+00
3.097956684926395643e-01,9.642982482910156250e-01,4.020000457763671875e+00,2.819999999999999840e+00,3.700000000000000000e+05
3.101729987062865068e-01,1.109746932983398438e+00,3.659999847412109375e+00,2.819999999999999840e+00,0.000000000000000000e+00
3.101988835253172705e-01,1.239171028137207031e+00,3.659999847412109375e+00,2.819999999999999840e+00,3.700000000000000000e+05
3.105762137389642130e-01,1.093722343444824219e+00,4.020000457763671875e+00,2.819999999999999840e+00,0.000000000000000000e+00
3.106020985579949767e-01,1.223146438598632812e+00,4.020000457763671875e+00,2.819999999999999840e+00,3.700000000000000000e+05
3.109794289452333382e-01,1.368595600128173828e+00,3.659999847412109375e+00,2.819999999999999840e+00,0.000000000000000000e+00
3.110053137642641019e-01,1.498019695281982422e+00,3.659999847412109375e+00,2.819999999999999840e+00,3.700000000000000000e+05
3.113826441515024634e-01,1.352570533752441406e+00,4.020000457763671875e+00,2.819999999999999840e+00,0.000000000000000000e+00
3.114085289705332271e-01,1.481994628906250000e+00,4.020000457763671875e+00,2.819999999999999840e+00,3.700000000000000000e+05
3.117858593577715887e-01,1.627443790435791016e+00,3.659999847412109375e+00,2.819999999999999840e+00,0.000000000000000000e+00
3.118117441768023523e-01,1.756867885589599609e+00,3.659999847412109375e+00,2.819999999999999840e+00,3.700000000000000000e+05
3.121890745640407139e-01,1.611418724060058594e+00,4.020000457763671875e+00,2.819999999999999840e+00,0.000000000000000000e+00
3.122149593830714775e-01,1.740842819213867188e+00,4.020000457763671875e+00,2.819999999999999840e+00,3.700000000000000000e+05
3.132753567519295790e-01,2.149593830108642578e+00,3.008304595947265625e+00,2.819999999999999840e+00,0.000000000000000000e+00
3.133394245925057442e-01,2.149593830108642578e+00,3.328643798828125000e+00,2.819999999999999840e+00,3.700000000000000000e+05
3.142733472924520988e-01,1.789593696594238281e+00,4.219673156738281250e+00,2.819999999999999840e+00,0.000000000000000000e+00
3.143374143700888301e-01,1.789593696594238281e+00,4.540008544921875000e+00,2.819999999999999840e+00,3.700000000000000000e+05
3.152713370700351847e-01,2.149593830108642578e+00,3.648979187011718750e+00,2.819999999999999840e+00,0.000000000000000000e+00
3.152964282509839178e-01,2.274564743041992188e+00,3.659999847412109375e+00,2.819999999999999840e+00,3.700000000000000000e+05
3.165545555666252064e-01,1.789593696594238281e+00,4.860343933105468750e+00,2.819999999999999840e+00,0.000000000000000000e+00
3.166186234072013717e-01,1.789593696594238281e+00,5.180683135986328125e+00,2.819999999999999840e+00,3.700000000000000000e+05
3.175525495443931034e-01,2.149593830108642578e+00,4.289649963378906250e+00,2.819999999999999840e+00,0.000000000000000000e+00
3.176166166220298348e-01,2.149593830108642578e+00,4.609985351562500000e+00,2.819999999999999840e+00,3.700000000000000000e+05
3.189163224610309100e-01,1.648595809936523438e+00,5.849998474121093750e+00,2.819999999999999840e+00,0.000000000000000000e+00
3.189422072800616736e-01,1.778019905090332031e+00,5.849998474121093750e+00,2.819999999999999840e+00,3.700000000000000000e+05
3.199061571235702894e-01,2.149593830108642578e+00,4.930320739746093750e+00,2.819999999999999840e+00,0.000000000000000000e+00
3.199702249641464546e-01,2.149593830108642578e+00,5.250659942626953125e+00,2.819999999999999840e+00,3.700000000000000000e+05
3.209041476640928092e-01,1.789593696594238281e+00,6.141689300537109375e+00,2.819999999999999840e+00,0.000000000000000000e+00
3.209682147417295406e-01,1.789593696594238281e+00,6.462024688720703125e+00,2.819999999999999840e+00,3.700000000000000000e+05
3.219870301499826448e-01,2.182317733764648438e+00,5.490001678466796875e+00,2.819999999999999840e+00,0.000000000000000000e+00
3.220129149690134085e-01,2.311741828918457031e+00,5.490001678466796875e+00,2.819999999999999840e+00,3.700000000000000000e+05
3.223902420926004209e-01,2.166292190551757812e+00,5.849998474121093750e+00,2.819999999999999840e+00,0.000000000000000000e+00
3.224161269116311845e-01,2.295716285705566406e+00,5.849998474121093750e+00,2.819999999999999840e+00,3.700000000000000000e+05
3.227934540352181969e-01,2.441165924072265625e+00,5.490001678466796875e+00,2.819999999999999840e+00,0.000000000000000000e+00
3.228193388542489606e-01,2.570590019226074219e+00,5.490001678466796875e+00,2.819999999999999840e+00,3.700000000000000000e+05
3.231966658042425000e-01,2.425140857696533203e+00,5.849998474121093750e+00,2.819999999999999840e+00,0.000000000000000000e+00
3.232225506232732637e-01,2.554564952850341797e+00,5.849998474121093750e+00,2.819999999999999840e+00,3.700000000000000000e+05
3.235998775732668031e-01,2.700014114379882812e+00,5.490001678466796875e+00,2.819999999999999840e+00,0.000000000000000000e+00
3.236257623922975668e-01,2.829438209533691406e+00,5.490001678466796875e+00,2.819999999999999840e+00,3.700000000000000000e+05
3.240030893422911062e-01,2.683989048004150391e+00,5.849998474121093750e+00,2.819999999999999840e+00,0.000000000000000000e+00
3.240289741613218699e-01,2.813413143157958984e+00,5.849998474121093750e+00,2.819999999999999840e+00,3.700000000000000000e+05
3.244063011113154094e-01,2.958862304687500000e+00,5.490001678466796875e+00,2.819999999999999840e+00,0.000000000000000000e+00
3.244321860257136092e-01,3.088286876678466797e+00,5.490001678466796875e+00,2.819999999999999840e+00,3.700000000000000000e+05
3.248095131493006216e-01,2.942837238311767578e+00,5.849998474121093750e+00,2.819999999999999840e+00,0.000000000000000000e+00
3.248353979683313852e-01,3.072261333465576172e+00,5.849998474121093750e+00,2.819999999999999840e+00,3.700000000000000000e+05
3.252127250919183976e-01,3.217710971832275391e+00,5.490001678466796875e+00,2.819999999999999840e+00,0.000000000000000000e+00
3.252386099109491613e-01,3.347135066986083984e+00,5.490001678466796875e+00,2.819999999999999840e+00,3.700000000000000000e+05
3.256159370345361737e-01,3.201685428619384766e+00,5.849998474121093750e+00,2.819999999999999840e+00,0.000000000000000000e+00
3.256418219489343735e-01,3.331110000610351562e+00,5.849998474121093750e+00,2.819999999999999840e+00,3.700000000000000000e+05
3.260191488989279129e-01,3.476559162139892578e+00,5.490001678466796875e+00,2.819999999999999840e+00,0.000000000000000000e+00
3.260450337179586766e-01,3.605983257293701172e+00,5.490001678466796875e+00,2.819999999999999840e+00,3.700000000000000000e+05
3.264223606679522161e-01,3.460534095764160156e+00,5.849998474121093750e+00,2.819999999999999840e+00,0.000000000000000000e+00
3.275496431040712531e-01,2.184185504913330078e+00,3.600006103515625000e-01,2.819999999999999840e+00,3.700000000000000000e+05
3.279269734913096146e-01,2.329634666442871094e+00,0.000000000000000000e+00,2.819999999999999840e+00,0.000000000000000000e+00
3.279528584057078144e-01,2.459059238433837891e+00,0.000000000000000000e+00,2.819999999999999840e+00,3.700000000000000000e+05
3.283301889665380391e-01,2.313609600067138672e+00,3.600006103515625000e-01,2.819999999999999840e+00,0.000000000000000000e+00
3.283560737855688028e-01,2.443033695220947266e+00,3.600006103515625000e-01,2.819999999999999840e+00,3.700000000000000000e+05
3.287334043463990274e-01,2.588483333587646484e+00,0.000000000000000000e+00,2.819999999999999840e+00,0.000000000000000000e+00
3.287592891654297911e-01,2.717907428741455078e+00,0.000000000000000000e+00,2.819999999999999840e+00,3.700000000000000000e+05
3.291366197262600157e-01,2.572457790374755859e+00,3.600006103515625000e-01,2.819999999999999840e+00,0.000000000000000000e+00
3.291625046406582156e-01,2.701882362365722656e+00,3.600006103515625000e-01,2.819999999999999840e+00,3.700000000000000000e+05
3.295398350278965771e-01,2.847331523895263672e+00,0.000000000000000000e+00,2.819999999999999840e+00,0.000000000000000000e+00
3.295657198469273408e-01,2.976755619049072266e+00,0.000000000000000000e+00,2.819999999999999840e+00,3.700000000000000000e+05
3.299430502341657023e-01,2.831306457519531250e+00,3.600006103515625000e-01,2.819999999999999840e+00,0.000000000000000000e+00
3.299689350531964660e-01,2.960730552673339844e+00,3.600006103515625000e-01,2.819999999999999840e+00,3.700000000000000000e+05
3.303462654404348275e-01,3.106179714202880859e+00,0.000000000000000000e+00,2.819999999999999840e+00,0.000000000000000000e+00
3.303721503548330274e-01,3.235604286193847656e+00,0.000000000000000000e+00,2.819999999999999840e+00,3.700000000000000000e+05
3.307494809156632520e-01,3.090154647827148438e+00,3.600006103515625000e-01,2.819999999999999840e+00,0.000000000000000000e+00
3.307753657346940157e-01,3.219578742980957031e+00,3.600006103515625000e-01,2.819999999999999840e+00,3.700000000000000000e+05
3.311526962955242404e-01,3.365028381347656250e+00,0.000000000000000000e+00,2.819999999999999840e+00,0.000000000000000000e+00
3.311785811145550040e-01,3.494452476501464844e+00,0.000000000000000000e+00,2.819999999999999840e+00,3.700000000000000000e+05
3.315559116753852287e-01,3.349002838134765625e+00,3.600006103515625000e-01,2.819999999999999840e+00,0.000000000000000000e+00
3.336837815423296938e-01,-1.510406494140625000e+00,9.824771881103515625e+00,2.819999999999999840e+00,3.700000000000000000e+05
3.346177040686835746e-01,-1.870406150817871094e+00,1.071580123901367188e+01,2.819999999999999840e+00,0.000000000000000000e+00
3.346817719092597399e-01,-1.870406150817871094e+00,1.103614044189453125e+01,2.819999999999999840e+00,3.700000000000000000e+05
3.356156978728596640e-01,-1.510406494140625000e+00,1.014510726928710938e+01,2.819999999999999840e+00,0.000000000000000000e+00
3.356797649504963954e-01,-1.510406494140625000e+00,1.046544265747070312e+01,2.819999999999999840e+00,3.700000000000000000e+05
3.365964224508656288e-01,-1.863750457763671875e+00,1.134000015258789062e+01,2.819999999999999840e+00,0.000000000000000000e+00
3.366223074606312649e-01,-1.734325408935546875e+00,1.134000015258789062e+01,2.819999999999999840e+00,3.700000000000000000e+05
3.372032086183249788e-01,-1.510406494140625000e+00,1.078577804565429688e+01,2.819999999999999840e+00,0.000000000000000000e+00
3.372433674460460495e-01,-1.459452629089355469e+00,1.097999954223632812e+01,2.819999999999999840e+00,3.700000000000000000e+05
3.376206976596929921e-01,-1.604901313781738281e+00,1.134000015258789062e+01,2.819999999999999840e+00,0.000000000000000000e+00
3.376465824787237557e-01,-1.475477218627929688e+00,1.134000015258789062e+01,2.819999999999999840e+00,3.700000000000000000e+05
3.380239130395539804e-01,-1.330027580261230469e+00,1.097999954223632812e+01,2.819999999999999840e+00,0.000000000000000000e+00
3.380497978585847441e-01,-1.200603485107421875e+00,1.097999954223632812e+01,2.819999999999999840e+00,3.700000000000000000e+05
3.384271284194149687e-01,-1.346053123474121094e+00,1.134000015258789062e+01,2.819999999999999840e+00,0.000000000000000000e+00
3.384530132384457324e-01,-1.216629028320312500e+00,1.134000015258789062e+01,2.819999999999999840e+00,3.700000000000000000e+05
3.388303437992759570e-01,-1.071179389953613281e+00,1.097999954223632812e+01,2.819999999999999840e+00,0.000000000000000000e+00
3.388562286183067207e-01,-9.417552947998046875e-01,1.097999954223632812e+01,2.819999999999999840e+00,3.700000000000000000e+05
3.392335591791369453e-01,-1.087204933166503906e+00,1.134000015258789062e+01,2.819999999999999840e+00,0.000000000000000000e+00
3.392594439981677090e-01,-9.577808380126953125e-01,1.134000015258789062e+01,2.819999999999999840e+00,3.700000000000000000e+05
3.396367745589979337e-01,-8.123311996459960938e-01,1.097999954223632812e+01,2.819999999999999840e+00,0.000000000000000000e+00
3.396626593780286973e-01,-6.829071044921875000e-01,1.097999954223632812e+01,2.819999999999999840e+00,3.700000000000000000e+05
3.400399899388589220e-01,-8.283567428588867188e-01,1.134000015258789062e+01,2.819999999999999840e+00,0.000000000000000000e+00
3.400658747578896857e-01,-6.989326477050781250e-01,1.134000015258789062e+01,2.819999999999999840e+00,3.700000000000000000e+05
3.404432053187199103e-01,-5.534830093383789062e-01,1.097999954223632812e+01,2.819999999999999840e+00,0.000000000000000000e+00
3.404690901377506740e-01,-4.240589141845703125e-01,1.097999954223632812e+01,2.819999999999999840e+00,3.700000000000000000e+05
3.408464206985808986e-01,-5.695085525512695312e-01,1.134000015258789062e+01,2.819999999999999840e+00,0.000000000000000000e+00
3.408723055176116623e-01,-4.400844573974609375e-01,1.134000015258789062e+01,2.819999999999999840e+00,3.700000000000000000e+05
3.412496360784418870e-01,-2.946348190307617188e-01,1.097999954223632812e+01,2.819999999999999840e+00,0.000000000000000000e+00
3.412755208974726506e-01,-1.652107238769531250e-01,1.097999954223632812e+01,2.819999999999999840e+00,3.700000000000000000e+05
3.416528514583028753e-01,-3.106603622436523438e-01,1.134000015258789062e+01,2.819999999999999840e+00,0.000000000000000000e+00
3.427409701563084998e-01,3.195934295654296875e-01,5.936035156250000000e+00,2.819999999999999840e+00,3.700000000000000000e+05
3.436748926826623807e-01,-4.040622711181640625e-02,6.827064514160156250e+00,2.819999999999999840e+00,0.000000000000000000e+00
3.437389605232385459e-01,-4.040622711181640625e-02,7.147403717041015625e+00,2.819999999999999840e+00,3.700000000000000000e+05
3.446728864868384701e-01,3.195934295654296875e-01,6.256370544433593750e+00,2.819999999999999840e+00,0.000000000000000000e+00
3.447369535644752014e-01,3.195934295654296875e-01,6.576705932617187500e+00,2.819999999999999840e+00,3.700000000000000000e+05
3.458933587364471096e-01,-1.261653900146484375e-01,7.680000305175781250e+00,2.819999999999999840e+00,0.000000000000000000e+00
3.459209519705336855e-01,-4.040622711181640625e-02,7.788074493408203125e+00,2.819999999999999840e+00,3.700000000000000000e+05
3.468548779341336097e-01,3.195934295654296875e-01,6.897041320800781250e+00,2.819999999999999840e+00,0.000000000000000000e+00
3.469189457747097749e-01,3.195934295654296875e-01,7.217380523681640625e+00,2.819999999999999840e+00,3.700000000000000000e+05
3.478528683010636557e-01,-4.040622711181640625e-02,8.108409881591796875e+00,2.819999999999999840e+00,0.000000000000000000e+00
3.479169353787003871e-01,-4.040622711181640625e-02,8.428745269775390625e+00,2.819999999999999840e+00,3.700000000000000000e+05
3.490790547176358394e-01,4.075565338134765625e-01,7.319999694824218750e+00,2.819999999999999840e+00,0.000000000000000000e+00
3.491049395366666031e-01,5.369806289672851562e-01,7.319999694824218750e+00,2.819999999999999840e+00,3.700000000000000000e+05
3.494822700974968277e-01,3.915309906005859375e-01,7.680000305175781250e+00,2.819999999999999840e+00,0.000000000000000000e+00
3.495081549165275914e-01,5.209550857543945312e-01,7.680000305175781250e+00,2.819999999999999840e+00,3.700000000000000000e+05
3.498854854773578160e-01,6.664047241210937500e-01,7.319999694824218750e+00,2.819999999999999840e+00,0.000000000000000000e+00
3.499113702963885797e-01,7.958288192749023438e-01,7.319999694824218750e+00,2.819999999999999840e+00,3.700000000000000000e+05
3.502887008572188043e-01,6.503791809082031250e-01,7.680000305175781250e+00,2.819999999999999840e+00,0.000000000000000000e+00
3.503145856762495680e-01,7.798032760620117188e-01,7.680000305175781250e+00,2.819999999999999840e+00,3.700000000000000000e+05
3.506919162370797927e-01,9.252529144287109375e-01,7.319999694824218750e+00,2.819999999999999840e+00,0.000000000000000000e+00
3.507178010561105563e-01,1.054677009582519531e+00,7.319999694824218750e+00,2.819999999999999840e+00,3.700000000000000000e+05
3.510951316169407810e-01,9.092273712158203125e-01,7.680000305175781250e+00,2.819999999999999840e+00,0.000000000000000000e+00
3.511210164359715447e-01,1.038651466369628906e+00,7.680000305175781250e+00,2.819999999999999840e+00,3.700000000000000000e+05
3.514983469968017693e-01,1.184101104736328125e+00,7.319999694824218750e+00,2.819999999999999840e+00,0.000000000000000000e+00
3.515242319111999691e-01,1.313525676727294922e+00,7.319999694824218750e+00,2.819999999999999840e+00,3.700000000000000000e+05
3.519015626456225565e-01,1.168075561523437500e+00,7.680000305175781250e+00,2.819999999999999840e+00,0.000000000000000000e+00
3.519274475600207563e-01,1.297500133514404297e+00,7.680000305175781250e+00,2.819999999999999840e+00,3.700000000000000000e+05
3.523047781208509810e-01,1.442949771881103516e+00,7.319999694824218750e+00,2.819999999999999840e+00,0.000000000000000000e+00
3.523306629398817447e-01,1.572373867034912109e+00,7.319999694824218750e+00,2.819999999999999840e+00,3.700000000000000000e+05
3.527079935007119693e-01,1.426924228668212891e+00,7.680000305175781250e+00,2.819999999999999840e+00,0.000000000000000000e+00
3.527338783197427330e-01,1.556348323822021484e+00,7.680000305175781250e+00,2.819999999999999840e+00,3.700000000000000000e+05
3.531112088805729576e-01,1.701797962188720703e+00,7.319999694824218750e+00,2.819999999999999840e+00,0.000000000000000000e+00
3.541424578003233292e-01,2.221362590789794922e+00,2.189998626708984375e+00,2.819999999999999840e+00,3.700000000000000000e+05
3.545197847503168687e-01,2.366811752319335938e+00,1.830001831054687500e+00,2.819999999999999840e+00,0.000000000000000000e+00
3.545456696647150685e-01,2.496236324310302734e+00,1.830001831054687500e+00,2.819999999999999840e+00,3.700000000000000000e+05
3.549229967883020809e-01,2.350786685943603516e+00,2.189998626708984375e+00,2.819999999999999840e+00,0.000000000000000000e+00
3.549488816073328445e-01,2.480210781097412109e+00,2.189998626708984375e+00,2.819999999999999840e+00,3.700000000000000000e+05
3.553262087309198569e-01,2.625660419464111328e+00,1.830001831054687500e+00,2.819999999999999840e+00,0.000000000000000000e+00
3.553520935499506206e-01,2.755084514617919922e+00,1.830001831054687500e+00,2.819999999999999840e+00,3.700000000000000000e+05
3.557294206735376330e-01,2.609634876251220703e+00,2.189998626708984375e+00,2.819999999999999840e+00,0.000000000000000000e+00
3.557553054925683966e-01,2.739058971405029297e+00,2.189998626708984375e+00,2.819999999999999840e+00,3.700000000000000000e+05
3.561326326161554090e-01,2.884508609771728516e+00,1.830001831054687500e+00,2.819999999999999840e+00,0.000000000000000000e+00
3.561585174351861727e-01,3.013932704925537109e+00,1.830001831054687500e+00,2.819999999999999840e+00,3.700000000000000000e+05
3.565358443851797121e-01,2.868483543395996094e+00,2.189998626708984375e+00,2.819999999999999840e+00,0.000000000000000000e+00
3.565617292042104758e-01,2.997907638549804688e+00,2.189998626708984375e+00,2.819999999999999840e+00,3.700000000000000000e+05
3.569390561542040152e-01,3.143356800079345703e+00,1.830001831054687500e+00,2.819999999999999840e+00,0.000000000000000000e+00
3.569649410686022151e-01,3.272781372070312500e+00,1.830001831054687500e+00,2.819999999999999840e+00,3.700000000000000000e+05
3.573422681921892274e-01,3.127331733703613281e+00,2.189998626708984375e+00,2.819999999999999840e+00,0.000000000000000000e+00
3.573681530112199911e-01,3.256755828857421875e+00,2.189998626708984375e+00,2.819999999999999840e+00,3.700000000000000000e+05
3.577454801348070035e-01,3.402205467224121094e+00,1.830001831054687500e+00,2.819999999999999840e+00,0.000000000000000000e+00
3.577713649538377672e-01,3.531629562377929688e+00,1.830001831054687500e+00,2.819999999999999840e+00,3.700000000000000000e+05
3.581486920774247795e-01,3.386179924011230469e+00,2.189998626708984375e+00,2.819999999999999840e+00,0.000000000000000000e+00
3.588371522437476813e-01,3.979593753814697266e+00,-1.200767517089843750e+00,2.819999999999999840e+00,3.700000000000000000e+05
3.597710783809394131e-01,3.619593620300292969e+00,-3.097343444824218750e-01,2.819999999999999840e+00,0.000000000000000000e+00
3.599079685279364393e-01,3.478427410125732422e+00,3.600006103515625000e-01,2.819999999999999840e+00,3.700000000000000000e+05
3.612081137419891896e-01,3.979593753814697266e+00,-8.804321289062500000e-01,2.819999999999999840e+00,0.000000000000000000e+00
3.612721815825653549e-01,3.979593753814697266e+00,-5.600929260253906250e-01,2.819999999999999840e+00,3.700000000000000000e+05
3.622365673638797690e-01,3.607851505279541016e+00,3.600006103515625000e-01,2.819999999999999840e+00,0.000000000000000000e+00
3.622948689229927299e-01,3.619593620300292969e+00,6.512718200683593750e-01,2.819999999999999840e+00,3.700000000000000000e+05
3.632287916229390845e-01,3.979593753814697266e+00,-2.397575378417968750e-01,2.819999999999999840e+00,0.000000000000000000e+00
3.632771831687917063e-01,4.012149333953857422e+00,0.000000000000000000e+00,2.819999999999999840e+00,3.700000000000000000e+05
3.642955626392387347e-01,3.619593620300292969e+00,9.716072082519531250e-01,2.819999999999999840e+00,0.000000000000000000e+00
3.643596304798148999e-01,3.619593620300292969e+00,1.291946411132812500e+00,2.819999999999999840e+00,3.700000000000000000e+05
3.652935566170066317e-01,3.979593753814697266e+00,4.009132385253906250e-01,2.819999999999999840e+00,0.000000000000000000e+00
3.653576236946433631e-01,3.979593753814697266e+00,7.212486267089843750e-01,2.819999999999999840e+00,3.700000000000000000e+05
3.662915498318350949e-01,3.619593620300292969e+00,1.612281799316406250e+00,2.819999999999999840e+00,0.000000000000000000e+00
3.664089500992618320e-01,3.515604019165039062e+00,2.189998626708984375e+00,2.819999999999999840e+00,3.700000000000000000e+05
3.676126479615570708e-01,3.979593753814697266e+00,1.041584014892578125e+00,2.819999999999999840e+00,0.000000000000000000e+00
3.676767158021332360e-01,3.979593753814697266e+00,1.361923217773437500e+00,2.819999999999999840e+00,3.700000000000000000e+05
3.686106385020795906e-01,3.619593620300292969e+00,2.252952575683593750e+00,2.819999999999999840e+00,0.000000000000000000e+00
3.686747055797163219e-01,3.619593620300292969e+00,2.573287963867187500e+00,2.819999999999999840e+00,3.700000000000000000e+05
3.696086282796626765e-01,3.979593753814697266e+00,1.682258605957031250e+00,2.819999999999999840e+00,0.000000000000000000e+00
3.696413028194573958e-01,4.049325942993164062e+00,1.830001831054687500e+00,2.819999999999999840e+00,3.700000000000000000e+05
3.707561262044162809e-01,3.619593620300292969e+00,2.893623352050781250e+00,2.819999999999999840e+00,0.000000000000000000e+00
3.708201940449924461e-01,3.619593620300292969e+00,3.213962554931640625e+00,2.819999999999999840e+00,3.700000000000000000e+05
3.717541201821841779e-01,3.979593753814697266e+00,2.322929382324218750e+00,2.819999999999999840e+00,0.000000000000000000e+00
3.718181872598209092e-01,3.979593753814697266e+00,2.643264770507812500e+00,2.819999999999999840e+00,3.700000000000000000e+05
3.727521133970126410e-01,3.619593620300292969e+00,3.534297943115234375e+00,2.819999999999999840e+00,0.000000000000000000e+00
3.738399524356657566e-01,3.195934295654296875e-01,7.858051300048828125e+00,2.819999999999999840e+00,3.700000000000000000e+05
3.747738749620196375e-01,-4.040622711181640625e-02,8.749080657958984375e+00,2.819999999999999840e+00,0.000000000000000000e+00
3.748379428025958027e-01,-4.040622711181640625e-02,9.069419860839843750e+00,2.819999999999999840e+00,3.700000000000000000e+05
3.757718687661957269e-01,3.195934295654296875e-01,8.178386688232421875e+00,2.819999999999999840e+00,0.000000000000000000e+00
3.758359358438324582e-01,3.195934295654296875e-01,8.498722076416015625e+00,2.819999999999999840e+00,3.700000000000000000e+05
3.768958934904547142e-01,-8.898830413818359375e-02,9.509998321533203125e+00,2.819999999999999840e+00,0.000000000000000000e+00
3.769370746283700058e-01,-4.040622711181640625e-02,9.710090637207031250e+00,2.819999999999999840e+00,3.700000000000000000e+05
3.778710005919699300e-01,3.195934295654296875e-01,8.819057464599609375e+00,2.819999999999999840e+00,0.000000000000000000e+00
3.779350684325460952e-01,3.195934295654296875e-01,9.139396667480468750e+00,2.819999999999999840e+00,3.700000000000000000e+05
3.788689909588999760e-01,-4.040622711181640625e-02,1.003042602539062500e+01,2.819999999999999840e+00,0.000000000000000000e+00
3.789330580365367074e-01,-4.040622711181640625e-02,1.035076141357421875e+01,2.819999999999999840e+00,3.700000000000000000e+05
3.801916214635764346e-01,4.447336196899414062e-01,9.150001525878906250e+00,2.819999999999999840e+00,0.000000000000000000e+00
3.802175062826071983e-01,5.741577148437500000e-01,9.150001525878906250e+00,2.819999999999999840e+00,3.700000000000000000e+05
3.805948334061942107e-01,4.287080764770507812e-01,9.509998321533203125e+00,2.819999999999999840e+00,0.000000000000000000e+00
3.806207182252249743e-01,5.581321716308593750e-01,9.509998321533203125e+00,2.819999999999999840e+00,3.700000000000000000e+05
3.809980453488119867e-01,7.035818099975585938e-01,9.150001525878906250e+00,2.819999999999999840e+00,0.000000000000000000e+00
3.810239301678427504e-01,8.330059051513671875e-01,9.150001525878906250e+00,2.819999999999999840e+00,3.700000000000000000e+05
3.814012572914297627e-01,6.875562667846679688e-01,9.509998321533203125e+00,2.819999999999999840e+00,0.000000000000000000e+00
3.814271421104605264e-01,8.169803619384765625e-01,9.509998321533203125e+00,2.819999999999999840e+00,3.700000000000000000e+05
3.818044692340475388e-01,9.624300003051757812e-01,9.150001525878906250e+00,2.819999999999999840e+00,0.000000000000000000e+00
3.818303540530783025e-01,1.091854095458984375e+00,9.150001525878906250e+00,2.819999999999999840e+00,3.700000000000000000e+05
3.822076811766653148e-01,9.464044570922851562e-01,9.509998321533203125e+00,2.819999999999999840e+00,0.000000000000000000e+00
3.822335659956960785e-01,1.075828552246093750e+00,9.509998321533203125e+00,2.819999999999999840e+00,3.700000000000000000e+05
3.826108931192830909e-01,1.221278190612792969e+00,9.150001525878906250e+00,2.819999999999999840e+00,0.000000000000000000e+00
3.826367779383138545e-01,1.350702285766601562e+00,9.150001525878906250e+00,2.819999999999999840e+00,3.700000000000000000e+05
3.830141050619008669e-01,1.205252647399902344e+00,9.509998321533203125e+00,2.819999999999999840e+00,0.000000000000000000e+00
3.830399899762990668e-01,1.334677219390869141e+00,9.509998321533203125e+00,2.819999999999999840e+00,3.700000000000000000e+05
3.834173170998860791e-01,1.480126857757568359e+00,9.150001525878906250e+00,2.819999999999999840e+00,0.000000000000000000e+00
3.834432019189168428e-01,1.609550952911376953e+00,9.150001525878906250e+00,2.819999999999999840e+00,3.700000000000000000e+05
3.838205290425038552e-01,1.464101314544677734e+00,9.509998321533203125e+00,2.819999999999999840e+00,0.000000000000000000e+00
3.838464138615346188e-01,1.593525409698486328e+00,9.509998321533203125e+00,2.819999999999999840e+00,3.700000000000000000e+05
3.842237409851216312e-01,1.738975048065185547e+00,9.150001525878906250e+00,2.819999999999999840e+00,0.000000000000000000e+00
3.852549899048720028e-01,2.258539676666259766e+00,4.020000457763671875e+00,2.819999999999999840e+00,3.700000000000000000e+05
3.856323202921103643e-01,2.403988838195800781e+00,3.659999847412109375e+00,2.819999999999999840e+00,0.000000000000000000e+00
3.856582051111411280e-01,2.533412933349609375e+00,3.659999847412109375e+00,2.819999999999999840e+00,3.700000000000000000e+05
3.860355354983794895e-01,2.387963771820068359e+00,4.020000457763671875e+00,2.819999999999999840e+00,0.000000000000000000e+00
3.860614203174102532e-01,2.517387866973876953e+00,4.020000457763671875e+00,2.819999999999999840e+00,3.700000000000000000e+05
3.864387508782404779e-01,2.662837505340576172e+00,3.659999847412109375e+00,2.819999999999999840e+00,0.000000000000000000e+00
3.864646356972712415e-01,2.792261600494384766e+00,3.659999847412109375e+00,2.819999999999999840e+00,3.700000000000000000e+05
3.868419662581014662e-01,2.646811962127685547e+00,4.020000457763671875e+00,2.819999999999999840e+00,0.000000000000000000e+00
3.868678510771322299e-01,2.776236057281494141e+00,4.020000457763671875e+00,2.819999999999999840e+00,3.700000000000000000e+05
3.872451816379624545e-01,2.921685695648193359e+00,3.659999847412109375e+00,2.819999999999999840e+00,0.000000000000000000e+00
3.872710664569932182e-01,3.051109790802001953e+00,3.659999847412109375e+00,2.819999999999999840e+00,3.700000000000000000e+05
3.876483970178234428e-01,2.905660152435302734e+00,4.020000457763671875e+00,2.819999999999999840e+00,0.000000000000000000e+00
3.876742819322216427e-01,3.035084724426269531e+00,4.020000457763671875e+00,2.819999999999999840e+00,3.700000000000000000e+05
3.880516123194600042e-01,3.180533885955810547e+00,3.659999847412109375e+00,2.819999999999999840e+00,0.000000000000000000e+00
3.880774971384907679e-01,3.309957981109619141e+00,3.659999847412109375e+00,2.819999999999999840e+00,3.700000000000000000e+05
3.884548275257291294e-01,3.164508819580078125e+00,4.020000457763671875e+00,2.819999999999999840e+00,0.000000000000000000e+00
3.884807123447598931e-01,3.293932914733886719e+00,4.020000457763671875e+00,2.819999999999999840e+00,3.700000000000000000e+05
3.888580427319982546e-01,3.439382076263427734e+00,3.659999847412109375e+00,2.819999999999999840e+00,0.000000000000000000e+00
3.888839276463964545e-01,3.568806648254394531e+00,3.659999847412109375e+00,2.819999999999999840e+00,3.700000000000000000e+05
3.892612582072266791e-01,3.423357009887695312e+00,4.020000457763671875e+00,2.819999999999999840e+00,0.000000000000000000e+00
3.892871430262574428e-01,3.552781105041503906e+00,4.020000457763671875e+00,2.819999999999999840e+00,3.700000000000000000e+05
3.903943968004491838e-01,3.979593753814697266e+00,2.963600158691406250e+00,2.819999999999999840e+00,0.000000000000000000e+00
3.904584646410253490e-01,3.979593753814697266e+00,3.283939361572265625e+00,2.819999999999999840e+00,3.700000000000000000e+05
3.913923873409717036e-01,3.619593620300292969e+00,4.174968719482421875e+00,2.819999999999999840e+00,0.000000000000000000e+00
3.914564544186084349e-01,3.619593620300292969e+00,4.495304107666015625e+00,2.819999999999999840e+00,3.700000000000000000e+05
3.923903771185547895e-01,3.979593753814697266e+00,3.604274749755859375e+00,2.819999999999999840e+00,0.000000000000000000e+00
3.924144892562465015e-01,4.086503028869628906e+00,3.659999847412109375e+00,2.819999999999999840e+00,3.700000000000000000e+05
3.936257636037999164e-01,3.619593620300292969e+00,4.815643310546875000e+00,2.819999999999999840e+00,0.000000000000000000e+00
3.936898306814366477e-01,3.619593620300292969e+00,5.135978698730468750e+00,2.819999999999999840e+00,3.700000000000000000e+05
3.946237568186283795e-01,3.979593753814697266e+00,4.244945526123046875e+00,2.819999999999999840e+00,0.000000000000000000e+00
3.946878238962651109e-01,3.979593753814697266e+00,4.565280914306640625e+00,2.819999999999999840e+00,3.700000000000000000e+05
3.956217500334568427e-01,3.619593620300292969e+00,5.456314086914062500e+00,2.819999999999999840e+00,0.000000000000000000e+00
3.957007096827481751e-01,3.589958190917968750e+00,5.849998474121093750e+00,2.819999999999999840e+00,3.700000000000000000e+05
3.967115124943456084e-01,3.979593753814697266e+00,4.885620117187500000e+00,2.819999999999999840e+00,0.000000000000000000e+00
3.967755795719823397e-01,3.979593753814697266e+00,5.205955505371093750e+00,2.819999999999999840e+00,3.700000000000000000e+05
3.977095022719286943e-01,3.619593620300292969e+00,6.096984863281250000e+00,2.819999999999999840e+00,0.000000000000000000e+00
3.977735693495654257e-01,3.619593620300292969e+00,6.417320251464843750e+00,2.819999999999999840e+00,3.700000000000000000e+05
3.987455283524850569e-01,3.994256019592285156e+00,5.490001678466796875e+00,2.819999999999999840e+00,0.000000000000000000e+00
3.987714131715158206e-01,4.123680114746093750e+00,5.490001678466796875e+00,2.819999999999999840e+00,3.700000000000000000e+05
4.000791316071727333e-01,3.619593620300292969e+00,6.737659454345703125e+00,2.819999999999999840e+00,0.000000000000000000e+00
4.001431986848094646e-01,3.619593620300292969e+00,7.057994842529296875e+00,2.819999999999999840e+00,3.700000000000000000e+05
4.010771248220011964e-01,3.979593753814697266e+00,6.166961669921875000e+00,2.819999999999999840e+00,0.000000000000000000e+00
4.030656234913726488e-01,5.490885019302368164e+00,-3.659999847412109375e+00,2.819999999999999840e+00,3.700000000000000000e+05
4.031727427784556617e-01,5.449593782424926758e+00,-3.557800292968750000e+00,2.819999999999999840e+00,0.000000000000000000e+00
4.032368098560923930e-01,5.449593782424926758e+00,-3.237464904785156250e+00,2.819999999999999840e+00,3.700000000000000000e+05
4.036796852254640466e-01,5.620309352874755859e+00,-3.659999847412109375e+00,2.819999999999999840e+00,0.000000000000000000e+00
4.037055700444948103e-01,5.749733448028564453e+00,-3.659999847412109375e+00,2.819999999999999840e+00,3.700000000000000000e+05
4.044842014093589233e-01,5.449593782424926758e+00,-2.917129516601562500e+00,2.819999999999999840e+00,0.000000000000000000e+00
4.045482692499350885e-01,5.449593782424926758e+00,-2.596790313720703125e+00,2.819999999999999840e+00,3.700000000000000000e+05
4.056626600475372602e-01,5.879157543182373047e+00,-3.659999847412109375e+00,2.819999999999999840e+00,0.000000000000000000e+00
4.056885449142517142e-01,6.008581876754760742e+00,-3.659999847412109375e+00,2.819999999999999840e+00,3.700000000000000000e+05
4.060658754750819388e-01,5.863132238388061523e+00,-3.299999237060546875e+00,2.819999999999999840e+00,0.000000000000000000e+00
4.060917603417963928e-01,5.992556571960449219e+00,-3.299999237060546875e+00,2.819999999999999840e+00,3.700000000000000000e+05
4.064690908158306026e-01,6.138005971908569336e+00,-3.659999847412109375e+00,2.819999999999999840e+00,0.000000000000000000e+00
4.064949756348613663e-01,6.267430067062377930e+00,-3.659999847412109375e+00,2.819999999999999840e+00,3.700000000000000000e+05
4.068723061088955761e-01,6.121980667114257812e+00,-3.299999237060546875e+00,2.819999999999999840e+00,0.000000000000000000e+00
4.068981909279263398e-01,6.251404762268066406e+00,-3.299999237060546875e+00,2.819999999999999840e+00,3.700000000000000000e+05
4.072755214887565645e-01,6.396854400634765625e+00,-3.659999847412109375e+00,2.819999999999999840e+00,0.000000000000000000e+00
4.073014063077873281e-01,6.526278495788574219e+00,-3.659999847412109375e+00,2.819999999999999840e+00,3.700000000000000000e+05
4.076787367818215380e-01,6.380829095840454102e+00,-3.299999237060546875e+00,2.819999999999999840e+00,0.000000000000000000e+00
4.077046216008523016e-01,6.510253190994262695e+00,-3.299999237060546875e+00,2.819999999999999840e+00,3.700000000000000000e+05
4.080819520748865115e-01,6.655702590942382812e+00,-3.659999847412109375e+00,2.819999999999999840e+00,0.000000000000000000e+00
4.081078368939172751e-01,6.785126686096191406e+00,-3.659999847412109375e+00,2.819999999999999840e+00,3.700000000000000000e+05
4.084851673679514850e-01,6.639677286148071289e+00,-3.299999237060546875e+00,2.819999999999999840e+00,0.000000000000000000e+00
4.085110521869822486e-01,6.769101381301879883e+00,-3.299999237060546875e+00,2.819999999999999840e+00,3.700000000000000000e+05
4.088883827478124733e-01,6.914551019668579102e+00,-3.659999847412109375e+00,2.819999999999999840e+00,0.000000000000000000e+00
4.089142675668432370e-01,7.043975114822387695e+00,-3.659999847412109375e+00,2.819999999999999840e+00,3.700000000000000000e+05
4.092915980408774468e-01,6.898525714874267578e+00,-3.299999237060546875e+00,2.819999999999999840e+00,0.000000000000000000e+00
4.093174828599082105e-01,7.027949810028076172e+00,-3.299999237060546875e+00,2.819999999999999840e+00,3.700000000000000000e+05
4.096948133339424203e-01,7.173399209976196289e+00,-3.659999847412109375e+00,2.819999999999999840e+00,0.000000000000000000e+00
4.097206982006568743e-01,7.302823543548583984e+00,-3.659999847412109375e+00,2.819999999999999840e+00,3.700000000000000000e+05
4.100980287614870989e-01,7.157373905181884766e+00,-3.299999237060546875e+00,2.819999999999999840e+00,0.000000000000000000e+00
4.101227314616637809e-01,7.279593706130981445e+00,-3.282169342041015625e+00,2.819999999999999840e+00,3.700000000000000000e+05
4.105187504257019615e-01,7.432247638702392578e+00,-3.659999847412109375e+00,2.819999999999999840e+00,0.000000000000000000e+00
4.105446352685745981e-01,7.561671853065490723e+00,-3.659999847412109375e+00,2.819999999999999840e+00,3.700000000000000000e+05
4.112764102715033565e-01,7.279593706130981445e+00,-2.961833953857421875e+00,2.819999999999999840e+00,0.000000000000000000e+00
4.113404781120795217e-01,7.279593706130981445e+00,-2.641494750976562500e+00,2.819999999999999840e+00,3.700000000000000000e+05
4.124080125477460612e-01,7.691095948219299316e+00,-3.659999847412109375e+00,2.819999999999999840e+00,0.000000000000000000e+00
4.124338974144605152e-01,7.820520281791687012e+00,-3.659999847412109375e+00,2.819999999999999840e+00,3.700000000000000000e+05
4.128112279752907399e-01,7.675070643424987793e+00,-3.299999237060546875e+00,2.819999999999999840e+00,0.000000000000000000e+00
4.128371128420051939e-01,7.804494976997375488e+00,-3.299999237060546875e+00,2.819999999999999840e+00,3.700000000000000000e+05
4.132144433160394037e-01,7.949944376945495605e+00,-3.659999847412109375e+00,2.819999999999999840e+00,0.000000000000000000e+00
4.132403281350701674e-01,8.079368472099304199e+00,-3.659999847412109375e+00,2.819999999999999840e+00,3.700000000000000000e+05
4.136176586091043772e-01,7.933919072151184082e+00,-3.299999237060546875e+00,2.819999999999999840e+00,0.000000000000000000e+00
4.136435434281351409e-01,8.063343167304992676e+00,-3.299999237060546875e+00,2.819999999999999840e+00,3.700000000000000000e+05
4.140208739889653655e-01,8.208792805671691895e+00,-3.659999847412109375e+00,2.819999999999999840e+00,0.000000000000000000e+00
4.140467587960752205e-01,8.338216841220855713e+00,-3.659999847412109375e+00,2.819999999999999840e+00,3.700000000000000000e+05
4.144240892484104544e-01,8.192767500877380371e+00,-3.299999237060546875e+00,2.819999999999999840e+00,0.000000000000000000e+00
4.144499740555203093e-01,8.322191536426544189e+00,-3.299999237060546875e+00,2.819999999999999840e+00,3.700000000000000000e+05
4.148273045295545192e-01,8.467640936374664307e+00,-3.659999847412109375e+00,2.819999999999999840e+00,0.000000000000000000e+00
4.148531893485852828e-01,8.597065031528472900e+00,-3.659999847412109375e+00,2.819999999999999840e+00,3.700000000000000000e+05
4.152305198226194927e-01,8.451615631580352783e+00,-3.299999237060546875e+00,2.819999999999999840e+00,0.000000000000000000e+00
4.152564046893339467e-01,8.581039965152740479e+00,-3.299999237060546875e+00,2.819999999999999840e+00,3.700000000000000000e+05
4.156337351633681565e-01,8.726489365100860596e+00,-3.659999847412109375e+00,2.819999999999999840e+00,0.000000000000000000e+00
4.156596199823989202e-01,8.855913460254669189e+00,-3.659999847412109375e+00,2.819999999999999840e+00,3.700000000000000000e+05
4.160369504564331300e-01,8.710464060306549072e+00,-3.299999237060546875e+00,2.819999999999999840e+00,0.000000000000000000e+00
4.160628352754638937e-01,8.839888155460357666e+00,-3.299999237060546875e+00,2.819999999999999840e+00,3.700000000000000000e+05
4.164401657494981035e-01,8.985337555408477783e+00,-3.659999847412109375e+00,2.819999999999999840e+00,0.000000000000000000e+00
4.164660506162125575e-01,9.114761888980865479e+00,-3.659999847412109375e+00,2.819999999999999840e+00,3.700000000000000000e+05
4.168433810902467673e-01,8.969312489032745361e+00,-3.299999237060546875e+00,2.819999999999999840e+00,0.000000000000000000e+00
4.168692659092775310e-01,9.098736584186553955e+00,-3.299999237060546875e+00,2.819999999999999840e+00,3.700000000000000000e+05
4.172465963846679338e-01,9.244185987859964371e+00,-3.659999847412109375e+00,2.819999999999999840e+00,0.000000000000000000e+00
4.172724812044437681e-01,9.373610086739063263e+00,-3.659999847412109375e+00,2.819999999999999840e+00,3.700000000000000000e+05
4.179574031985988092e-01,9.109593689441680908e+00,-3.006534576416015625e+00,2.819999999999999840e+00,0.000000000000000000e+00
4.180214702762355405e-01,9.109593689441680908e+00,-2.686199188232421875e+00,2.819999999999999840e+00,3.700000000000000000e+05
4.190421483499664479e-01,9.503034412860870361e+00,-3.659999847412109375e+00,2.819999999999999840e+00,0.000000000000000000e+00
4.190680331689972116e-01,9.632458508014678955e+00,-3.659999847412109375e+00,2.819999999999999840e+00,3.700000000000000000e+05
4.194453636430314214e-01,9.487009108066558838e+00,-3.299999237060546875e+00,2.819999999999999840e+00,0.000000000000000000e+00
4.194712485097458754e-01,9.616433441638946533e+00,-3.299999237060546875e+00,2.819999999999999840e+00,3.700000000000000000e+05
4.198485788969842369e-01,9.761882603168487549e+00,-3.659999847412109375e+00,2.819999999999999840e+00,0.000000000000000000e+00
4.198744637160150006e-01,9.891306698322296143e+00,-3.659999847412109375e+00,2.819999999999999840e+00,3.700000000000000000e+05
4.202517941032533622e-01,9.745857536792755127e+00,-3.299999237060546875e+00,2.819999999999999840e+00,0.000000000000000000e+00
4.202776789222841258e-01,9.875281631946563721e+00,-3.299999237060546875e+00,2.819999999999999840e+00,3.700000000000000000e+05
4.206550093095224874e-01,1.002073079347610474e+01,-3.659999847412109375e+00,2.819999999999999840e+00,0.000000000000000000e+00
4.206808942239206872e-01,1.015015536546707153e+01,-3.659999847412109375e+00,2.819999999999999840e+00,3.700000000000000000e+05
4.210582247847509119e-01,1.000470572710037231e+01,-3.299999237060546875e+00,2.819999999999999840e+00,0.000000000000000000e+00
4.210841096037816755e-01,1.013412982225418091e+01,-3.299999237060546875e+00,2.819999999999999840e+00,3.700000000000000000e+05
4.214614401646119002e-01,1.027957946062088013e+01,-3.659999847412109375e+00,2.819999999999999840e+00,0.000000000000000000e+00
4.214873249955635726e-01,1.040900361537933350e+01,-3.659999847412109375e+00,2.819999999999999840e+00,3.700000000000000000e+05
4.218646555780928287e-01,1.026355391740798950e+01,-3.299999237060546875e+00,2.819999999999999840e+00,0.000000000000000000e+00
4.218905404090445010e-01,1.039297807216644287e+01,-3.299999237060546875e+00,2.819999999999999840e+00,3.700000000000000000e+05
4.222678709698747257e-01,1.053842771053314209e+01,-3.659999847412109375e+00,2.819999999999999840e+00,0.000000000000000000e+00
4.222937557889054894e-01,1.066785180568695068e+01,-3.659999847412109375e+00,2.819999999999999840e+00,3.700000000000000000e+05
4.226710861761438509e-01,1.052240264415740967e+01,-3.299999237060546875e+00,2.819999999999999840e+00,0.000000000000000000e+00
4.226969709951746146e-01,1.065182673931121826e+01,-3.299999237060546875e+00,2.819999999999999840e+00,3.700000000000000000e+05
4.230743013824129761e-01,1.079727590084075928e+01,-3.659999847412109375e+00,2.819999999999999840e+00,0.000000000000000000e+00
4.231001862968111760e-01,1.092670047283172607e+01,-3.659999847412109375e+00,2.819999999999999840e+00,3.700000000000000000e+05
4.234775168576414006e-01,1.078125083446502686e+01,-3.299999237060546875e+00,2.819999999999999840e+00,0.000000000000000000e+00
4.235034016766721643e-01,1.091067492961883545e+01,-3.299999237060546875e+00,2.819999999999999840e+00,3.700000000000000000e+05
4.238807322375023889e-01,1.105612456798553467e+01,-3.659999847412109375e+00,2.819999999999999840e+00,0.000000000000000000e+00
4.239066170565331526e-01,1.118554866313934326e+01,-3.659999847412109375e+00,2.819999999999999840e+00,3.700000000000000000e+05
4.245446827294380721e-01,1.093959367275238037e+01,-3.051239013671875000e+00,2.819999999999999840e+00,0.000000000000000000e+00
4.246087498070748034e-01,1.093959367275238037e+01,-2.730903625488281250e+00,2.819999999999999840e+00,3.700000000000000000e+05
4.255825714320740638e-01,1.131497263908386230e+01,-3.659999847412109375e+00,2.819999999999999840e+00,0.000000000000000000e+00
4.256084562511048275e-01,1.144439673423767090e+01,-3.659999847412109375e+00,2.819999999999999840e+00,3.700000000000000000e+05
4.269180338715964917e-01,1.093959367275238037e+01,-2.410568237304687500e+00,2.819999999999999840e+00,0.000000000000000000e+00
4.269821009492332231e-01,1.093959367275238037e+01,-2.090232849121093750e+00,2.819999999999999840e+00,3.700000000000000000e+05
4.279160236057814037e-01,1.129959368705749512e+01,-2.981262207031250000e+00,2.819999999999999840e+00,0.000000000000000000e+00
4.295223200882680725e-01,3.996123790740966797e+00,3.600006103515625000e-01,2.819999999999999840e+00,3.700000000000000000e+05
4.298996506490982972e-01,4.141573429107666016e+00,0.000000000000000000e+00,2.819999999999999840e+00,0.000000000000000000e+00
4.299255354681290608e-01,4.270997524261474609e+00,0.000000000000000000e+00,2.819999999999999840e+00,3.700000000000000000e+05
4.303028660289592855e-01,4.125547885894775391e+00,3.600006103515625000e-01,2.819999999999999840e+00,0.000000000000000000e+00
4.303287508479900492e-01,4.254971981048583984e+00,3.600006103515625000e-01,2.819999999999999840e+00,3.700000000000000000e+05
4.307060814088202738e-01,4.400421619415283203e+00,0.000000000000000000e+00,2.819999999999999840e+00,0.000000000000000000e+00
4.307319662278510375e-01,4.529845714569091797e+00,0.000000000000000000e+00,2.819999999999999840e+00,3.700000000000000000e+05
4.311092966150893990e-01,4.384396553039550781e+00,3.600006103515625000e-01,2.819999999999999840e+00,0.000000000000000000e+00
4.311351814341201627e-01,4.513820648193359375e+00,3.600006103515625000e-01,2.819999999999999840e+00,3.700000000000000000e+05
4.315125118213585242e-01,4.659269809722900391e+00,0.000000000000000000e+00,2.819999999999999840e+00,0.000000000000000000e+00
4.315383966403892879e-01,4.788693904876708984e+00,0.000000000000000000e+00,2.819999999999999840e+00,3.700000000000000000e+05
4.319157270276276495e-01,4.643244743347167969e+00,3.600006103515625000e-01,2.819999999999999840e+00,0.000000000000000000e+00
4.319416118466584131e-01,4.772668838500976562e+00,3.600006103515625000e-01,2.819999999999999840e+00,3.700000000000000000e+05
4.323189424074886378e-01,4.918118476867675781e+00,0.000000000000000000e+00,2.819999999999999840e+00,0.000000000000000000e+00
4.323448272265194015e-01,5.047542572021484375e+00,0.000000000000000000e+00,2.819999999999999840e+00,3.700000000000000000e+05
4.327221577873496261e-01,4.902092933654785156e+00,3.600006103515625000e-01,2.819999999999999840e+00,0.000000000000000000e+00
4.327480426063803898e-01,5.031517028808593750e+00,3.600006103515625000e-01,2.819999999999999840e+00,3.700000000000000000e+05
4.331253731672106144e-01,5.176966667175292969e+00,0.000000000000000000e+00,2.819999999999999840e+00,0.000000000000000000e+00
4.331512579862413781e-01,5.306390762329101562e+00,0.000000000000000000e+00,2.819999999999999840e+00,3.700000000000000000e+05
4.335285883734797396e-01,5.160941600799560547e+00,3.600006103515625000e-01,2.819999999999999840e+00,0.000000000000000000e+00
4.335544731448268130e-01,5.290365457534790039e+00,3.600006103515625000e-01,2.819999999999999840e+00,3.700000000000000000e+05
4.339318037056570376e-01,5.435815095901489258e+00,0.000000000000000000e+00,2.819999999999999840e+00,0.000000000000000000e+00
4.361392949817013420e-01,3.195934295654296875e-01,9.780067443847656250e+00,2.819999999999999840e+00,3.700000000000000000e+05
4.370732209453012662e-01,-4.040622711181640625e-02,1.067110061645507812e+01,2.819999999999999840e+00,0.000000000000000000e+00
4.372099337376213479e-01,-1.812362670898437500e-01,1.134000015258789062e+01,2.819999999999999840e+00,3.700000000000000000e+05
4.385092036388166248e-01,3.195934295654296875e-01,1.010040283203125000e+01,2.819999999999999840e+00,0.000000000000000000e+00
4.385732707164533561e-01,3.195934295654296875e-01,1.042073822021484375e+01,2.819999999999999840e+00,3.700000000000000000e+05
4.395367842749725584e-01,-5.181121826171875000e-02,1.134000015258789062e+01,2.819999999999999840e+00,0.000000000000000000e+00
4.395952501132677215e-01,-4.040622711181640625e-02,1.163210678100585938e+01,2.819999999999999840e+00,3.700000000000000000e+05
4.405291726396216023e-01,3.195934295654296875e-01,1.074107742309570312e+01,2.819999999999999840e+00,0.000000000000000000e+00
4.405774077887810725e-01,3.524866104125976562e-01,1.097999954223632812e+01,2.819999999999999840e+00,3.700000000000000000e+05
4.415966627456771598e-01,-4.040622711181640625e-02,1.195244216918945312e+01,2.819999999999999840e+00,0.000000000000000000e+00
4.416607298233138912e-01,-4.040622711181640625e-02,1.227277755737304688e+01,2.819999999999999840e+00,3.700000000000000000e+05
4.425946523496677720e-01,3.195934295654296875e-01,1.138174819946289062e+01,2.819999999999999840e+00,0.000000000000000000e+00
4.426587194273045034e-01,3.195934295654296875e-01,1.170208358764648438e+01,2.819999999999999840e+00,3.700000000000000000e+05
4.435926453909044276e-01,-4.040622711181640625e-02,1.259311676025390625e+01,2.819999999999999840e+00,0.000000000000000000e+00
4.436567124685411589e-01,-4.040622711181640625e-02,1.291345214843750000e+01,2.819999999999999840e+00,3.700000000000000000e+05
4.445906384321410831e-01,3.195934295654296875e-01,1.202241897583007812e+01,2.819999999999999840e+00,0.000000000000000000e+00
4.446547055097778145e-01,3.195934295654296875e-01,1.234275436401367188e+01,2.819999999999999840e+00,3.700000000000000000e+05
4.455886314733777387e-01,-4.040622711181640625e-02,1.323378753662109375e+01,2.819999999999999840e+00,0.000000000000000000e+00
4.456526985510144701e-01,-4.040622711181640625e-02,1.355412292480468750e+01,2.819999999999999840e+00,3.700000000000000000e+05
4.465866210773683509e-01,3.195934295654296875e-01,1.266309356689453125e+01,2.819999999999999840e+00,0.000000000000000000e+00
4.466191735655751782e-01,3.896627426147460938e-01,1.281000137329101562e+01,2.819999999999999840e+00,3.700000000000000000e+05
4.477348739820133927e-01,-4.040622711181640625e-02,1.387446022033691406e+01,2.819999999999999840e+00,0.000000000000000000e+00
4.477989410596501241e-01,-4.040622711181640625e-02,1.419479560852050781e+01,2.819999999999999840e+00,3.700000000000000000e+05
4.487328653046268045e-01,3.195934295654296875e-01,1.330376434326171875e+01,2.819999999999999840e+00,0.000000000000000000e+00
4.487969323822635359e-01,3.195934295654296875e-01,1.362409973144531250e+01,2.819999999999999840e+00,3.700000000000000000e+05
4.497308566272402164e-01,-4.040622711181640625e-02,1.451513099670410156e+01,2.819999999999999840e+00,0.000000000000000000e+00
4.497949240863466369e-01,-4.040622711181640625e-02,1.483546829223632812e+01,2.819999999999999840e+00,3.700000000000000000e+05
4.507288483313233174e-01,3.195934295654296875e-01,1.394443702697753906e+01,2.819999999999999840e+00,0.000000000000000000e+00
4.507929154089600488e-01,3.195934295654296875e-01,1.426477241516113281e+01,2.819999999999999840e+00,3.700000000000000000e+05
4.515635359825870276e-01,2.254199981689453125e-02,1.500000000000000000e+01,2.819999999999999840e+00,0.000000000000000000e+00
4.515894209923526637e-01,1.519670486450195312e-01,1.500000000000000000e+01,2.819999999999999840e+00,3.700000000000000000e+05
4.520242852233036790e-01,3.195934295654296875e-01,1.458510780334472656e+01,2.819999999999999840e+00,0.000000000000000000e+00
4.520483807634134155e-01,4.268398284912109375e-01,1.463999938964843750e+01,2.819999999999999840e+00,3.700000000000000000e+05
4.524257109770603580e-01,2.813911437988281250e-01,1.500000000000000000e+01,2.819999999999999840e+00,0.000000000000000000e+00
4.524515957960911217e-01,4.108152389526367188e-01,1.500000000000000000e+01,2.819999999999999840e+00,3.700000000000000000e+05
4.528289260097380642e-01,5.562639236450195312e-01,1.463999938964843750e+01,2.819999999999999840e+00,0.000000000000000000e+00
4.528548110195037002e-01,6.856889724731445312e-01,1.463999938964843750e+01,2.819999999999999840e+00,3.700000000000000000e+05
4.532321415803339248e-01,5.402393341064453125e-01,1.500000000000000000e+01,2.819999999999999840e+00,0.000000000000000000e+00
4.532580263993646885e-01,6.696634292602539062e-01,1.500000000000000000e+01,2.819999999999999840e+00,3.700000000000000000e+05
4.536353569601949132e-01,8.151130676269531250e-01,1.463999938964843750e+01,2.819999999999999840e+00,0.000000000000000000e+00
4.536612417792256768e-01,9.445371627807617188e-01,1.463999938964843750e+01,2.819999999999999840e+00,3.700000000000000000e+05
4.540385723400559015e-01,7.990875244140625000e-01,1.500000000000000000e+01,2.819999999999999840e+00,0.000000000000000000e+00
4.540644571590866652e-01,9.285116195678710938e-01,1.500000000000000000e+01,2.819999999999999840e+00,3.700000000000000000e+05
4.544417877199168898e-01,1.073961257934570312e+00,1.463999938964843750e+01,2.819999999999999840e+00,0.000000000000000000e+00
4.544676725389476535e-01,1.203385353088378906e+00,1.463999938964843750e+01,2.819999999999999840e+00,3.700000000000000000e+05
4.548450030997778781e-01,1.057935714721679688e+00,1.500000000000000000e+01,2.819999999999999840e+00,0.000000000000000000e+00
4.548708879188086418e-01,1.187359809875488281e+00,1.500000000000000000e+01,2.819999999999999840e+00,3.700000000000000000e+05
4.552482184796388665e-01,1.332809448242187500e+00,1.463999938964843750e+01,2.819999999999999840e+00,0.000000000000000000e+00
4.552741032986696301e-01,1.462233543395996094e+00,1.463999938964843750e+01,2.819999999999999840e+00,3.700000000000000000e+05
4.556514338594998548e-01,1.316783905029296875e+00,1.500000000000000000e+01,2.819999999999999840e+00,0.000000000000000000e+00
4.556773187738980546e-01,1.446208477020263672e+00,1.500000000000000000e+01,2.819999999999999840e+00,3.700000000000000000e+05
4.560546491611364162e-01,1.591657638549804688e+00,1.463999938964843750e+01,2.819999999999999840e+00,0.000000000000000000e+00
4.560805339801671798e-01,1.721081733703613281e+00,1.463999938964843750e+01,2.819999999999999840e+00,3.700000000000000000e+05
4.564578643674055414e-01,1.575632572174072266e+00,1.500000000000000000e+01,2.819999999999999840e+00,0.000000000000000000e+00
4.601887304890336372e-01,5.809593677520751953e+00,-3.167488098144531250e+00,2.819999999999999840e+00,3.700000000000000000e+05
4.611226565394294652e-01,5.449593782424926758e+00,-2.276454925537109375e+00,2.819999999999999840e+00,0.000000000000000000e+00
4.611867236170661966e-01,5.449593782424926758e+00,-1.956119537353515625e+00,2.819999999999999840e+00,3.700000000000000000e+05
4.621206496674620245e-01,5.809593677520751953e+00,-2.847152709960937500e+00,2.819999999999999840e+00,0.000000000000000000e+00
4.621847175080381898e-01,5.809593677520751953e+00,-2.526813507080078125e+00,2.819999999999999840e+00,3.700000000000000000e+05
4.632924037827903518e-01,5.382612705230712891e+00,-1.470001220703125000e+00,2.819999999999999840e+00,0.000000000000000000e+00
4.633260923134835396e-01,5.449593782424926758e+00,-1.315448760986328125e+00,2.819999999999999840e+00,3.700000000000000000e+05
4.642600149266336018e-01,5.809593677520751953e+00,-2.206478118896484375e+00,2.819999999999999840e+00,0.000000000000000000e+00
4.643240820042703332e-01,5.809593677520751953e+00,-1.886142730712890625e+00,2.819999999999999840e+00,3.700000000000000000e+05
4.652580046174203954e-01,5.449593782424926758e+00,-9.951133728027343750e-01,2.819999999999999840e+00,0.000000000000000000e+00
4.653220724579965606e-01,5.449593782424926758e+00,-6.747741699218750000e-01,2.819999999999999840e+00,3.700000000000000000e+05
4.665329107809485509e-01,5.916334629058837891e+00,-1.830001831054687500e+00,2.819999999999999840e+00,0.000000000000000000e+00
4.665587955999793146e-01,6.045758724212646484e+00,-1.830001831054687500e+00,2.819999999999999840e+00,3.700000000000000000e+05
4.669361260740135244e-01,5.900309324264526367e+00,-1.470001220703125000e+00,2.819999999999999840e+00,0.000000000000000000e+00
4.669620108930442881e-01,6.029733419418334961e+00,-1.470001220703125000e+00,2.819999999999999840e+00,3.700000000000000000e+05
4.673393414538745128e-01,6.175183057785034180e+00,-1.830001831054687500e+00,2.819999999999999840e+00,0.000000000000000000e+00
4.673652262729052764e-01,6.304607152938842773e+00,-1.830001831054687500e+00,2.819999999999999840e+00,3.700000000000000000e+05
4.677425567469394863e-01,6.159157752990722656e+00,-1.470001220703125000e+00,2.819999999999999840e+00,0.000000000000000000e+00
4.677684415659702499e-01,6.288581848144531250e+00,-1.470001220703125000e+00,2.819999999999999840e+00,3.700000000000000000e+05
4.681457720400044598e-01,6.434031248092651367e+00,-1.830001831054687500e+00,2.819999999999999840e+00,0.000000000000000000e+00
4.681716569067189138e-01,6.563455581665039062e+00,-1.830001831054687500e+00,2.819999999999999840e+00,3.700000000000000000e+05
4.685489874675491384e-01,6.418005943298339844e+00,-1.470001220703125000e+00,2.819999999999999840e+00,0.000000000000000000e+00
4.685748723342635924e-01,6.547430276870727539e+00,-1.470001220703125000e+00,2.819999999999999840e+00,3.700000000000000000e+05
4.689522028082978022e-01,6.692879676818847656e+00,-1.830001831054687500e+00,2.819999999999999840e+00,0.000000000000000000e+00
4.689780876273285659e-01,6.822303771972656250e+00,-1.830001831054687500e+00,2.819999999999999840e+00,3.700000000000000000e+05
4.693554181013627757e-01,6.676854372024536133e+00,-1.470001220703125000e+00,2.819999999999999840e+00,0.000000000000000000e+00
4.693813029203935394e-01,6.806278467178344727e+00,-1.470001220703125000e+00,2.819999999999999840e+00,3.700000000000000000e+05
4.697586334812237641e-01,6.951728105545043945e+00,-1.830001831054687500e+00,2.819999999999999840e+00,0.000000000000000000e+00
4.697845183002545277e-01,7.081152200698852539e+00,-1.830001831054687500e+00,2.819999999999999840e+00,3.700000000000000000e+05
4.701618487742887376e-01,6.935702800750732422e+00,-1.470001220703125000e+00,2.819999999999999840e+00,0.000000000000000000e+00
4.701877335933195012e-01,7.065126895904541016e+00,-1.470001220703125000e+00,2.819999999999999840e+00,3.700000000000000000e+05
4.705650640673537111e-01,7.210576295852661133e+00,-1.830001831054687500e+00,2.819999999999999840e+00,0.000000000000000000e+00
4.724114932684552737e-01,2.149593830108642578e+00,5.891330718994140625e+00,2.819999999999999840e+00,3.700000000000000000e+05
4.733454159684016282e-01,1.789593696594238281e+00,6.782360076904296875e+00,2.819999999999999840e+00,0.000000000000000000e+00
4.734094838089777935e-01,1.789593696594238281e+00,7.102699279785156250e+00,2.819999999999999840e+00,3.700000000000000000e+05
4.743434099461695252e-01,2.149593830108642578e+00,6.211666107177734375e+00,2.819999999999999840e+00,0.000000000000000000e+00
4.744074770238062566e-01,2.149593830108642578e+00,6.532001495361328125e+00,2.819999999999999840e+00,3.700000000000000000e+05
4.756107387747037230e-01,1.685772895812988281e+00,7.680000305175781250e+00,2.819999999999999840e+00,0.000000000000000000e+00
4.756350652902895382e-01,1.789593696594238281e+00,7.743370056152343750e+00,2.819999999999999840e+00,3.700000000000000000e+05
4.765689879902358927e-01,2.149593830108642578e+00,6.852340698242187500e+00,2.819999999999999840e+00,0.000000000000000000e+00
4.766330550678726241e-01,2.149593830108642578e+00,7.172676086425781250e+00,2.819999999999999840e+00,3.700000000000000000e+05
4.775669777678189787e-01,1.789593696594238281e+00,8.063705444335937500e+00,2.819999999999999840e+00,0.000000000000000000e+00
4.776310448454557100e-01,1.789593696594238281e+00,8.384040832519531250e+00,2.819999999999999840e+00,3.700000000000000000e+05
4.787463077790576338e-01,2.219494819641113281e+00,7.319999694824218750e+00,2.819999999999999840e+00,0.000000000000000000e+00
4.787721925980883975e-01,2.348918914794921875e+00,7.319999694824218750e+00,2.819999999999999840e+00,3.700000000000000000e+05
4.791495231589186221e-01,2.203469276428222656e+00,7.680000305175781250e+00,2.819999999999999840e+00,0.000000000000000000e+00
4.791754079779493858e-01,2.332893371582031250e+00,7.680000305175781250e+00,2.819999999999999840e+00,3.700000000000000000e+05
4.795527385387796104e-01,2.478343009948730469e+00,7.319999694824218750e+00,2.819999999999999840e+00,0.000000000000000000e+00
4.795786233578103741e-01,2.607767105102539062e+00,7.319999694824218750e+00,2.819999999999999840e+00,3.700000000000000000e+05
4.799559537450487356e-01,2.462317943572998047e+00,7.680000305175781250e+00,2.819999999999999840e+00,0.000000000000000000e+00
4.799818385640794993e-01,2.591742038726806641e+00,7.680000305175781250e+00,2.819999999999999840e+00,3.700000000000000000e+05
4.803591689513178609e-01,2.737191200256347656e+00,7.319999694824218750e+00,2.819999999999999840e+00,0.000000000000000000e+00
4.803850537703486245e-01,2.866615295410156250e+00,7.319999694824218750e+00,2.819999999999999840e+00,3.700000000000000000e+05
4.807623841575869861e-01,2.721166133880615234e+00,7.680000305175781250e+00,2.819999999999999840e+00,0.000000000000000000e+00
4.807882689766177498e-01,2.850590229034423828e+00,7.680000305175781250e+00,2.819999999999999840e+00,3.700000000000000000e+05
4.811655995374479744e-01,2.996039867401123047e+00,7.319999694824218750e+00,2.819999999999999840e+00,0.000000000000000000e+00
4.811914843564787381e-01,3.125463962554931641e+00,7.319999694824218750e+00,2.819999999999999840e+00,3.700000000000000000e+05
4.815688149173089627e-01,2.980014324188232422e+00,7.680000305175781250e+00,2.819999999999999840e+00,0.000000000000000000e+00
4.815946997363397264e-01,3.109438419342041016e+00,7.680000305175781250e+00,2.819999999999999840e+00,3.700000000000000000e+05
4.819720302971699510e-01,3.254888057708740234e+00,7.319999694824218750e+00,2.819999999999999840e+00,0.000000000000000000e+00
4.819979151162007147e-01,3.384312152862548828e+00,7.319999694824218750e+00,2.819999999999999840e+00,3.700000000000000000e+05
4.823752456770309394e-01,3.238862514495849609e+00,7.680000305175781250e+00,2.819999999999999840e+00,0.000000000000000000e+00
4.824011305914291392e-01,3.368287086486816406e+00,7.680000305175781250e+00,2.819999999999999840e+00,3.700000000000000000e+05
4.827784609786675007e-01,3.513736248016357422e+00,7.319999694824218750e+00,2.819999999999999840e+00,0.000000000000000000e+00
4.829692925166172990e-01,3.979593753814697266e+00,6.487297058105468750e+00,2.819999999999999840e+00,3.700000000000000000e+05
4.842194106728484049e-01,3.497711181640625000e+00,7.680000305175781250e+00,2.819999999999999840e+00,0.000000000000000000e+00
4.842440713482567549e-01,3.619593620300292969e+00,7.698665618896484375e+00,2.819999999999999840e+00,3.700000000000000000e+05
4.851779940482031095e-01,3.979593753814697266e+00,6.807636260986328125e+00,2.819999999999999840e+00,0.000000000000000000e+00
4.852420611258398409e-01,3.979593753814697266e+00,7.127971649169921875e+00,2.819999999999999840e+00,3.700000000000000000e+05
4.861759838257861954e-01,3.619593620300292969e+00,8.019001007080078125e+00,2.819999999999999840e+00,0.000000000000000000e+00
4.862400509034229268e-01,3.619593620300292969e+00,8.339336395263671875e+00,2.819999999999999840e+00,3.700000000000000000e+05
4.873084574316913220e-01,4.031433105468750000e+00,7.319999694824218750e+00,2.819999999999999840e+00,0.000000000000000000e+00
4.873343422507220857e-01,4.160857200622558594e+00,7.319999694824218750e+00,2.819999999999999840e+00,3.700000000000000000e+05
4.877116728115523103e-01,4.015407562255859375e+00,7.680000305175781250e+00,2.819999999999999840e+00,0.000000000000000000e+00
4.877375576305830740e-01,4.144831657409667969e+00,7.680000305175781250e+00,2.819999999999999840e+00,3.700000000000000000e+05
4.881148881914132986e-01,4.290281295776367188e+00,7.319999694824218750e+00,2.819999999999999840e+00,0.000000000000000000e+00
4.881407730104440623e-01,4.419705390930175781e+00,7.319999694824218750e+00,2.819999999999999840e+00,3.700000000000000000e+05
4.885181033976824239e-01,4.274256229400634766e+00,7.680000305175781250e+00,2.819999999999999840e+00,0.000000000000000000e+00
4.885439882167131875e-01,4.403680324554443359e+00,7.680000305175781250e+00,2.819999999999999840e+00,3.700000000000000000e+05
4.889213186039515491e-01,4.549129486083984375e+00,7.319999694824218750e+00,2.819999999999999840e+00,0.000000000000000000e+00
4.889472035183497489e-01,4.678554058074951172e+00,7.319999694824218750e+00,2.819999999999999840e+00,3.700000000000000000e+05
4.893245340791799736e-01,4.533104419708251953e+00,7.680000305175781250e+00,2.819999999999999840e+00,0.000000000000000000e+00
4.893504188982107372e-01,4.662528514862060547e+00,7.680000305175781250e+00,2.819999999999999840e+00,3.700000000000000000e+05
4.897277494590409619e-01,4.807978153228759766e+00,7.319999694824218750e+00,2.819999999999999840e+00,0.000000000000000000e+00
4.897536342780717256e-01,4.937402248382568359e+00,7.319999694824218750e+00,2.819999999999999840e+00,3.700000000000000000e+05
4.901309648389019502e-01,4.791952610015869141e+00,7.680000305175781250e+00,2.819999999999999840e+00,0.000000000000000000e+00
4.901568496579327139e-01,4.921376705169677734e+00,7.680000305175781250e+00,2.819999999999999840e+00,3.700000000000000000e+05
4.905341802187629385e-01,5.066826343536376953e+00,7.319999694824218750e+00,2.819999999999999840e+00,0.000000000000000000e+00
4.905600650377937022e-01,5.196250438690185547e+00,7.319999694824218750e+00,2.819999999999999840e+00,3.700000000000000000e+05
4.909373954250320637e-01,5.050801277160644531e+00,7.680000305175781250e+00,2.819999999999999840e+00,0.000000000000000000e+00
4.909632802440628274e-01,5.180225372314453125e+00,7.680000305175781250e+00,2.819999999999999840e+00,3.700000000000000000e+05
4.913406106313011890e-01,5.325674533843994141e+00,7.319999694824218750e+00,2.819999999999999840e+00,0.000000000000000000e+00
4.926220575431343174e-01,3.364610671997070312e-01,1.134000015258789062e+01,2.819999999999999840e+00,3.700000000000000000e+05
4.929993881039645420e-01,4.819107055664062500e-01,1.097999954223632812e+01,2.819999999999999840e+00,0.000000000000000000e+00
4.930252729229953057e-01,6.113348007202148438e-01,1.097999954223632812e+01,2.819999999999999840e+00,3.700000000000000000e+05
4.934026034838255304e-01,4.658851623535156250e-01,1.134000015258789062e+01,2.819999999999999840e+00,0.000000000000000000e+00
4.934284883028562940e-01,5.953092575073242188e-01,1.134000015258789062e+01,2.819999999999999840e+00,3.700000000000000000e+05
4.938058188636865187e-01,7.407588958740234375e-01,1.097999954223632812e+01,2.819999999999999840e+00,0.000000000000000000e+00
4.938317036827172823e-01,8.701829910278320312e-01,1.097999954223632812e+01,2.819999999999999840e+00,3.700000000000000000e+05
4.942090342435475070e-01,7.247333526611328125e-01,1.134000015258789062e+01,2.819999999999999840e+00,0.000000000000000000e+00
4.942349190625782707e-01,8.541574478149414062e-01,1.134000015258789062e+01,2.819999999999999840e+00,3.700000000000000000e+05
4.946122496234084953e-01,9.996070861816406250e-01,1.097999954223632812e+01,2.819999999999999840e+00,0.000000000000000000e+00
4.946381344424392590e-01,1.129031181335449219e+00,1.097999954223632812e+01,2.819999999999999840e+00,3.700000000000000000e+05
4.950154650032694836e-01,9.835815429687500000e-01,1.134000015258789062e+01,2.819999999999999840e+00,0.000000000000000000e+00
4.950413498223002473e-01,1.113005638122558594e+00,1.134000015258789062e+01,2.819999999999999840e+00,3.700000000000000000e+05
4.954186803831304720e-01,1.258455276489257812e+00,1.097999954223632812e+01,2.819999999999999840e+00,0.000000000000000000e+00
4.954445652021612356e-01,1.387879371643066406e+00,1.097999954223632812e+01,2.819999999999999840e+00,3.700000000000000000e+05
4.958218957629914603e-01,1.242429733276367188e+00,1.134000015258789062e+01,2.819999999999999840e+00,0.000000000000000000e+00
4.958477806773896601e-01,1.371854305267333984e+00,1.134000015258789062e+01,2.819999999999999840e+00,3.700000000000000000e+05
4.962251110646280217e-01,1.517303466796875000e+00,1.097999954223632812e+01,2.819999999999999840e+00,0.000000000000000000e+00
4.962509959790262215e-01,1.646728038787841797e+00,1.097999954223632812e+01,2.819999999999999840e+00,3.700000000000000000e+05
4.966283265398564462e-01,1.501278400421142578e+00,1.134000015258789062e+01,2.819999999999999840e+00,0.000000000000000000e+00
4.966542113588872098e-01,1.630702495574951172e+00,1.134000015258789062e+01,2.819999999999999840e+00,3.700000000000000000e+05
4.970315419197174345e-01,1.776152133941650391e+00,1.097999954223632812e+01,2.819999999999999840e+00,0.000000000000000000e+00
4.988465773082598753e-01,4.033300876617431641e+00,2.189998626708984375e+00,2.819999999999999840e+00,3.700000000000000000e+05
4.992239044318468877e-01,4.178750514984130859e+00,1.830001831054687500e+00,2.819999999999999840e+00,0.000000000000000000e+00
4.992497892508776514e-01,4.308174610137939453e+00,1.830001831054687500e+00,2.819999999999999840e+00,3.700000000000000000e+05
4.996271163744646637e-01,4.162724971771240234e+00,2.189998626708984375e+00,2.819999999999999840e+00,0.000000000000000000e+00
4.996530011934954274e-01,4.292149066925048828e+00,2.189998626708984375e+00,2.819999999999999840e+00,3.700000000000000000e+05
5.000303283170823843e-01,4.437598705291748047e+00,1.830001831054687500e+00,2.819999999999999840e+00,0.000000000000000000e+00
5.000562131361131479e-01,4.567022800445556641e+00,1.830001831054687500e+00,2.819999999999999840e+00,3.700000000000000000e+05
5.004335402597001048e-01,4.421573162078857422e+00,2.189998626708984375e+00,2.819999999999999840e+00,0.000000000000000000e+00
5.004594251740982491e-01,4.550997734069824219e+00,2.189998626708984375e+00,2.819999999999999840e+00,3.700000000000000000e+05
5.008367521240918441e-01,4.696446895599365234e+00,1.830001831054687500e+00,2.819999999999999840e+00,0.000000000000000000e+00
5.008626369431226077e-01,4.825870990753173828e+00,1.830001831054687500e+00,2.819999999999999840e+00,3.700000000000000000e+05
5.012399638931162027e-01,4.680421829223632812e+00,2.189998626708984375e+00,2.819999999999999840e+00,0.000000000000000000e+00
5.012658487121469664e-01,4.809845924377441406e+00,2.189998626708984375e+00,2.819999999999999840e+00,3.700000000000000000e+05
5.016431756621405613e-01,4.955295085906982422e+00,1.830001831054687500e+00,2.819999999999999840e+00,0.000000000000000000e+00
5.016690605765387057e-01,5.084719657897949219e+00,1.830001831054687500e+00,2.819999999999999840e+00,3.700000000000000000e+05
5.020463877001256625e-01,4.939270019531250000e+00,2.189998626708984375e+00,2.819999999999999840e+00,0.000000000000000000e+00
5.020722725191564262e-01,5.068694114685058594e+00,2.189998626708984375e+00,2.819999999999999840e+00,3.700000000000000000e+05
5.024495996427433830e-01,5.214143753051757812e+00,1.830001831054687500e+00,2.819999999999999840e+00,0.000000000000000000e+00
5.024754844617741467e-01,5.343567848205566406e+00,1.830001831054687500e+00,2.819999999999999840e+00,3.700000000000000000e+05
5.028528115853611036e-01,5.198118209838867188e+00,2.189998626708984375e+00,2.819999999999999840e+00,0.000000000000000000e+00
5.035507044241513963e-01,5.809593677520751953e+00,-1.245471954345703125e+00,2.819999999999999840e+00,3.700000000000000000e+05
5.044846304745471688e-01,5.449593782424926758e+00,-3.544387817382812500e-01,2.819999999999999840e+00,0.000000000000000000e+00
5.045486975521839002e-01,5.449593782424926758e+00,-3.410339355468750000e-02,2.819999999999999840e+00,3.700000000000000000e+05
5.054826236025796726e-01,5.809593677520751953e+00,-9.251365661621093750e-01,2.819999999999999840e+00,0.000000000000000000e+00
5.055466914431558934e-01,5.809593677520751953e+00,-6.047973632812500000e-01,2.819999999999999840e+00,3.700000000000000000e+05
5.065579336298038360e-01,5.419789791107177734e+00,3.600006103515625000e-01,2.819999999999999840e+00,0.000000000000000000e+00
5.066076059364466033e-01,5.449593782424926758e+00,6.065673828125000000e-01,2.819999999999999840e+00,3.700000000000000000e+05
5.075415285495966655e-01,5.809593677520751953e+00,-2.844619750976562500e-01,2.819999999999999840e+00,0.000000000000000000e+00
5.075984947440377315e-01,5.824087381362915039e+00,0.000000000000000000e+00,2.819999999999999840e+00,3.700000000000000000e+05
5.085700176355587576e-01,5.449593782424926758e+00,9.269027709960937500e-01,2.819999999999999840e+00,0.000000000000000000e+00
5.086340854761349783e-01,5.449593782424926758e+00,1.247241973876953125e+00,2.819999999999999840e+00,3.700000000000000000e+05
5.099413678871901334e-01,5.953511714935302734e+00,0.000000000000000000e+00,2.819999999999999840e+00,0.000000000000000000e+00
5.099672527062208971e-01,6.082935810089111328e+00,0.000000000000000000e+00,2.819999999999999840e+00,3.700000000000000000e+05
5.103445831802551069e-01,5.937486410140991211e+00,3.600006103515625000e-01,2.819999999999999840e+00,0.000000000000000000e+00
5.103704679992858706e-01,6.066910505294799805e+00,3.600006103515625000e-01,2.819999999999999840e+00,3.700000000000000000e+05
5.107477984733200804e-01,6.212359905242919922e+00,0.000000000000000000e+00,2.819999999999999840e+00,0.000000000000000000e+00
5.107736833400345899e-01,6.341784238815307617e+00,0.000000000000000000e+00,2.819999999999999840e+00,3.700000000000000000e+05
5.111510139008648146e-01,6.196334600448608398e+00,3.600006103515625000e-01,2.819999999999999840e+00,0.000000000000000000e+00
5.111768987675793241e-01,6.325758934020996094e+00,3.600006103515625000e-01,2.819999999999999840e+00,3.700000000000000000e+05
5.115542292416135339e-01,6.471208333969116211e+00,0.000000000000000000e+00,2.819999999999999840e+00,0.000000000000000000e+00
5.115801140606442976e-01,6.600632429122924805e+00,0.000000000000000000e+00,2.819999999999999840e+00,3.700000000000000000e+05
5.119574445346785074e-01,6.455183029174804688e+00,3.600006103515625000e-01,2.819999999999999840e+00,0.000000000000000000e+00
5.119833293537092711e-01,6.584607124328613281e+00,3.600006103515625000e-01,2.819999999999999840e+00,3.700000000000000000e+05
5.123606599145394958e-01,6.730056762695312500e+00,0.000000000000000000e+00,2.819999999999999840e+00,0.000000000000000000e+00
5.123865447335702594e-01,6.859480857849121094e+00,0.000000000000000000e+00,2.819999999999999840e+00,3.700000000000000000e+05
5.127638752076044693e-01,6.714031457901000977e+00,3.600006103515625000e-01,2.819999999999999840e+00,0.000000000000000000e+00
5.127897600266352329e-01,6.843455553054809570e+00,3.600006103515625000e-01,2.819999999999999840e+00,3.700000000000000000e+05
5.131670905006694428e-01,6.988904953002929688e+00,0.000000000000000000e+00,2.819999999999999840e+00,0.000000000000000000e+00
5.131929753673839523e-01,7.118329286575317383e+00,0.000000000000000000e+00,2.819999999999999840e+00,3.700000000000000000e+05
5.135703059282141769e-01,6.972879648208618164e+00,3.600006103515625000e-01,2.819999999999999840e+00,0.000000000000000000e+00
5.135961907949286864e-01,7.102303981781005859e+00,3.600006103515625000e-01,2.819999999999999840e+00,3.700000000000000000e+05
5.139735212689628963e-01,7.247753381729125977e+00,0.000000000000000000e+00,2.819999999999999840e+00,0.000000000000000000e+00
5.158394218023472089e-01,2.149593830108642578e+00,7.813346862792968750e+00,2.819999999999999840e+00,3.700000000000000000e+05
5.167733479395389962e-01,1.789593696594238281e+00,8.704380035400390625e+00,2.819999999999999840e+00,0.000000000000000000e+00
5.168374150171757275e-01,1.789593696594238281e+00,9.024715423583984375e+00,2.819999999999999840e+00,3.700000000000000000e+05
5.177713411543675148e-01,2.149593830108642578e+00,8.133682250976562500e+00,2.819999999999999840e+00,0.000000000000000000e+00
5.178354082320042462e-01,2.149593830108642578e+00,8.454017639160156250e+00,2.819999999999999840e+00,3.700000000000000000e+05
5.189422226311444231e-01,1.722949504852294922e+00,9.509998321533203125e+00,2.819999999999999840e+00,0.000000000000000000e+00
5.189760379182507544e-01,1.789593696594238281e+00,9.665386199951171875e+00,2.819999999999999840e+00,3.700000000000000000e+05
5.199099606181970534e-01,2.149593830108642578e+00,8.774356842041015625e+00,2.819999999999999840e+00,0.000000000000000000e+00
5.199740276958337848e-01,2.149593830108642578e+00,9.094692230224609375e+00,2.819999999999999840e+00,3.700000000000000000e+05
5.209079503957800839e-01,1.789593696594238281e+00,9.985721588134765625e+00,2.819999999999999840e+00,0.000000000000000000e+00
5.209720174734168152e-01,1.789593696594238281e+00,1.030605697631835938e+01,2.819999999999999840e+00,3.700000000000000000e+05
5.221837244951230694e-01,2.256671905517578125e+00,9.150001525878906250e+00,2.819999999999999840e+00,0.000000000000000000e+00
5.222096093141538331e-01,2.386096000671386719e+00,9.150001525878906250e+00,2.819999999999999840e+00,3.700000000000000000e+05
5.225869364377407900e-01,2.240646362304687500e+00,9.509998321533203125e+00,2.819999999999999840e+00,0.000000000000000000e+00
5.226128212567715536e-01,2.370070457458496094e+00,9.509998321533203125e+00,2.819999999999999840e+00,3.700000000000000000e+05
5.229901483803585105e-01,2.515520095825195312e+00,9.150001525878906250e+00,2.819999999999999840e+00,0.000000000000000000e+00
5.230160331993892742e-01,2.644944190979003906e+00,9.150001525878906250e+00,2.819999999999999840e+00,3.700000000000000000e+05
5.233933603229762310e-01,2.499494552612304688e+00,9.509998321533203125e+00,2.819999999999999840e+00,0.000000000000000000e+00
5.234192452373743754e-01,2.628919124603271484e+00,9.509998321533203125e+00,2.819999999999999840e+00,3.700000000000000000e+05
5.237965721873679703e-01,2.774368286132812500e+00,9.150001525878906250e+00,2.819999999999999840e+00,0.000000000000000000e+00
5.238224570063987340e-01,2.903792381286621094e+00,9.150001525878906250e+00,2.819999999999999840e+00,3.700000000000000000e+05
5.241997839563923289e-01,2.758343219757080078e+00,9.509998321533203125e+00,2.819999999999999840e+00,0.000000000000000000e+00
5.242256687754230926e-01,2.887767314910888672e+00,9.509998321533203125e+00,2.819999999999999840e+00,3.700000000000000000e+05
5.246029957254166876e-01,3.033216476440429688e+00,9.150001525878906250e+00,2.819999999999999840e+00,0.000000000000000000e+00
5.246288805444474512e-01,3.162640571594238281e+00,9.150001525878906250e+00,2.819999999999999840e+00,3.700000000000000000e+05
5.250062074944410462e-01,3.017191410064697266e+00,9.509998321533203125e+00,2.819999999999999840e+00,0.000000000000000000e+00
5.250320923134718099e-01,3.146615505218505859e+00,9.509998321533203125e+00,2.819999999999999840e+00,3.700000000000000000e+05
5.254094194370587667e-01,3.292065143585205078e+00,9.150001525878906250e+00,2.819999999999999840e+00,0.000000000000000000e+00
5.254353042560895304e-01,3.421489238739013672e+00,9.150001525878906250e+00,2.819999999999999840e+00,3.700000000000000000e+05
5.258126313796764872e-01,3.276039600372314453e+00,9.509998321533203125e+00,2.819999999999999840e+00,0.000000000000000000e+00
5.258385161987072509e-01,3.405463695526123047e+00,9.509998321533203125e+00,2.819999999999999840e+00,3.700000000000000000e+05
5.262158433222942078e-01,3.550913333892822266e+00,9.150001525878906250e+00,2.819999999999999840e+00,0.000000000000000000e+00
5.272406447778923422e-01,3.736381530761718750e-01,1.316999816894531250e+01,2.819999999999999840e+00,3.700000000000000000e+05
5.276179719014792990e-01,5.190877914428710938e-01,1.281000137329101562e+01,2.819999999999999840e+00,0.000000000000000000e+00
5.276438567205100627e-01,6.485118865966796875e-01,1.281000137329101562e+01,2.819999999999999840e+00,3.700000000000000000e+05
5.280211838440970196e-01,5.030622482299804688e-01,1.316999816894531250e+01,2.819999999999999840e+00,0.000000000000000000e+00
5.280470686631277832e-01,6.324863433837890625e-01,1.316999816894531250e+01,2.819999999999999840e+00,3.700000000000000000e+05
5.284243957867147401e-01,7.779359817504882812e-01,1.281000137329101562e+01,2.819999999999999840e+00,0.000000000000000000e+00
5.284502806057455038e-01,9.073600769042968750e-01,1.281000137329101562e+01,2.819999999999999840e+00,3.700000000000000000e+05
5.288276077293324606e-01,7.619104385375976562e-01,1.316999816894531250e+01,2.819999999999999840e+00,0.000000000000000000e+00
5.288534925483632243e-01,8.913345336914062500e-01,1.316999816894531250e+01,2.819999999999999840e+00,3.700000000000000000e+05
5.292308196719501812e-01,1.036784172058105469e+00,1.281000137329101562e+01,2.819999999999999840e+00,0.000000000000000000e+00
5.292567044909809448e-01,1.166208267211914062e+00,1.281000137329101562e+01,2.819999999999999840e+00,3.700000000000000000e+05
5.296340316145679017e-01,1.020758628845214844e+00,1.316999816894531250e+01,2.819999999999999840e+00,0.000000000000000000e+00
5.296599164335986654e-01,1.150182723999023438e+00,1.316999816894531250e+01,2.819999999999999840e+00,3.700000000000000000e+05
5.300372435571856222e-01,1.295632362365722656e+00,1.281000137329101562e+01,2.819999999999999840e+00,0.000000000000000000e+00
5.300631283762163859e-01,1.425056457519531250e+00,1.281000137329101562e+01,2.819999999999999840e+00,3.700000000000000000e+05
5.304404554998033428e-01,1.279606819152832031e+00,1.316999816894531250e+01,2.819999999999999840e+00,0.000000000000000000e+00
5.304663404142014871e-01,1.409031391143798828e+00,1.316999816894531250e+01,2.819999999999999840e+00,3.700000000000000000e+05
5.308436673641950820e-01,1.554480552673339844e+00,1.281000137329101562e+01,2.819999999999999840e+00,0.000000000000000000e+00
5.308695521832258457e-01,1.683904647827148438e+00,1.281000137329101562e+01,2.819999999999999840e+00,3.700000000000000000e+05
5.312468791332194407e-01,1.538455486297607422e+00,1.316999816894531250e+01,2.819999999999999840e+00,0.000000000000000000e+00
5.331456534319142238e-01,4.070477962493896484e+00,4.020000457763671875e+00,2.819999999999999840e+00,3.700000000000000000e+05
5.335229838191525298e-01,4.215927124023437500e+00,3.659999847412109375e+00,2.819999999999999840e+00,0.000000000000000000e+00
5.335488687335506741e-01,4.345351696014404297e+00,3.659999847412109375e+00,2.819999999999999840e+00,3.700000000000000000e+05
5.339261992943808988e-01,4.199902057647705078e+00,4.020000457763671875e+00,2.819999999999999840e+00,0.000000000000000000e+00
5.339520841134116624e-01,4.329326152801513672e+00,4.020000457763671875e+00,2.819999999999999840e+00,3.700000000000000000e+05
5.343294146742418871e-01,4.474775791168212891e+00,3.659999847412109375e+00,2.819999999999999840e+00,0.000000000000000000e+00
5.343552994932726508e-01,4.604199886322021484e+00,3.659999847412109375e+00,2.819999999999999840e+00,3.700000000000000000e+05
5.347326300541028754e-01,4.458750247955322266e+00,4.020000457763671875e+00,2.819999999999999840e+00,0.000000000000000000e+00
5.347585148731336391e-01,4.588174343109130859e+00,4.020000457763671875e+00,2.819999999999999840e+00,3.700000000000000000e+05
5.351358454339638637e-01,4.733623981475830078e+00,3.659999847412109375e+00,2.819999999999999840e+00,0.000000000000000000e+00
5.351617302529946274e-01,4.863048076629638672e+00,3.659999847412109375e+00,2.819999999999999840e+00,3.700000000000000000e+05
5.355390606402329334e-01,4.717598915100097656e+00,4.020000457763671875e+00,2.819999999999999840e+00,0.000000000000000000e+00
5.355649454592636971e-01,4.847023010253906250e+00,4.020000457763671875e+00,2.819999999999999840e+00,3.700000000000000000e+05
5.359422758465020031e-01,4.992472171783447266e+00,3.659999847412109375e+00,2.819999999999999840e+00,0.000000000000000000e+00
5.359681607609001475e-01,5.121896743774414062e+00,3.659999847412109375e+00,2.819999999999999840e+00,3.700000000000000000e+05
5.363454913217303721e-01,4.976447105407714844e+00,4.020000457763671875e+00,2.819999999999999840e+00,0.000000000000000000e+00
5.363713761407611358e-01,5.105871200561523438e+00,4.020000457763671875e+00,2.819999999999999840e+00,3.700000000000000000e+05
5.367487067015913604e-01,5.251320838928222656e+00,3.659999847412109375e+00,2.819999999999999840e+00,0.000000000000000000e+00
5.367745915206221241e-01,5.380744934082031250e+00,3.659999847412109375e+00,2.819999999999999840e+00,3.700000000000000000e+05
5.371519220814523488e-01,5.235295295715332031e+00,4.020000457763671875e+00,2.819999999999999840e+00,0.000000000000000000e+00
5.378304062286348719e-01,5.809593677520751953e+00,6.765441894531250000e-01,2.819999999999999840e+00,3.700000000000000000e+05
5.387643322790306444e-01,5.449593782424926758e+00,1.567577362060546875e+00,2.819999999999999840e+00,0.000000000000000000e+00
5.388911872727252250e-01,5.327542543411254883e+00,2.189998626708984375e+00,2.819999999999999840e+00,3.700000000000000000e+05
5.401417380163129334e-01,5.809593677520751953e+00,9.968833923339843750e-01,2.819999999999999840e+00,0.000000000000000000e+00
5.402058050939496647e-01,5.809593677520751953e+00,1.317218780517578125e+00,2.819999999999999840e+00,3.700000000000000000e+05
5.411397277070997269e-01,5.449593782424926758e+00,2.208248138427734375e+00,2.819999999999999840e+00,0.000000000000000000e+00
5.412037947847364583e-01,5.449593782424926758e+00,2.528583526611328125e+00,2.819999999999999840e+00,3.700000000000000000e+05
5.421377173978865205e-01,5.809593677520751953e+00,1.637554168701171875e+00,2.819999999999999840e+00,0.000000000000000000e+00
5.421775701133551006e-01,5.861264467239379883e+00,1.830001831054687500e+00,2.819999999999999840e+00,3.700000000000000000e+05
5.432455405302253348e-01,5.449593782424926758e+00,2.848922729492187500e+00,2.819999999999999840e+00,0.000000000000000000e+00
5.433096076078620662e-01,5.449593782424926758e+00,3.169258117675781250e+00,2.819999999999999840e+00,3.700000000000000000e+05
5.442435336582578387e-01,5.809593677520751953e+00,2.278224945068359375e+00,2.819999999999999840e+00,0.000000000000000000e+00
5.443076007358945700e-01,5.809593677520751953e+00,2.598560333251953125e+00,2.819999999999999840e+00,3.700000000000000000e+05
5.452415267862903425e-01,5.449593782424926758e+00,3.489593505859375000e+00,2.819999999999999840e+00,0.000000000000000000e+00
5.453489577234544861e-01,5.364719629287719727e+00,4.020000457763671875e+00,2.819999999999999840e+00,3.700000000000000000e+05
5.465030643789380305e-01,5.809593677520751953e+00,2.918899536132812500e+00,2.819999999999999840e+00,0.000000000000000000e+00
5.465671314565747618e-01,5.809593677520751953e+00,3.239234924316406250e+00,2.819999999999999840e+00,3.700000000000000000e+05
5.475010540697248240e-01,5.449593782424926758e+00,4.130264282226562500e+00,2.819999999999999840e+00,0.000000000000000000e+00
5.475651211473615554e-01,5.449593782424926758e+00,4.450599670410156250e+00,2.819999999999999840e+00,3.700000000000000000e+05
5.484990437605116176e-01,5.809593677520751953e+00,3.559570312500000000e+00,2.819999999999999840e+00,0.000000000000000000e+00
5.485258616921846464e-01,5.898441553115844727e+00,3.659999847412109375e+00,2.819999999999999840e+00,3.700000000000000000e+05
5.496902796344044217e-01,5.449593782424926758e+00,4.770938873291015625e+00,2.819999999999999840e+00,0.000000000000000000e+00
5.497543467120411531e-01,5.449593782424926758e+00,5.091274261474609375e+00,2.819999999999999840e+00,3.700000000000000000e+05
5.506882727624369256e-01,5.809593677520751953e+00,4.200241088867187500e+00,2.819999999999999840e+00,0.000000000000000000e+00
5.507523398400736570e-01,5.809593677520751953e+00,4.520576477050781250e+00,2.819999999999999840e+00,3.700000000000000000e+05
5.516862658904694294e-01,5.449593782424926758e+00,5.411609649658203125e+00,2.819999999999999840e+00,0.000000000000000000e+00
5.527741049001925200e-01,2.149593830108642578e+00,9.735363006591796875e+00,2.819999999999999840e+00,3.700000000000000000e+05
5.537080310373843073e-01,1.789593696594238281e+00,1.062639617919921875e+01,2.819999999999999840e+00,0.000000000000000000e+00
5.537720981150210386e-01,1.789593696594238281e+00,1.094673156738281250e+01,2.819999999999999840e+00,3.700000000000000000e+05
5.547060242522128259e-01,2.149593830108642578e+00,1.005569839477539062e+01,2.819999999999999840e+00,0.000000000000000000e+00
5.547700913298495573e-01,2.149593830108642578e+00,1.037603378295898438e+01,2.819999999999999840e+00,3.700000000000000000e+05
5.557804616408860143e-01,1.760126590728759766e+00,1.134000015258789062e+01,2.819999999999999840e+00,0.000000000000000000e+00
5.558302918142832283e-01,1.789593696594238281e+00,1.158740234375000000e+01,2.819999999999999840e+00,3.700000000000000000e+05
5.567642145142295274e-01,2.149593830108642578e+00,1.069637298583984375e+01,2.819999999999999840e+00,0.000000000000000000e+00
5.568210173204531932e-01,2.164424419403076172e+00,1.097999954223632812e+01,2.819999999999999840e+00,3.700000000000000000e+05
5.577934156984234448e-01,1.789593696594238281e+00,1.190773773193359375e+01,2.819999999999999840e+00,0.000000000000000000e+00
5.578574827760601762e-01,1.789593696594238281e+00,1.222807312011718750e+01,2.819999999999999840e+00,3.700000000000000000e+05
5.591656371495228317e-01,2.293848514556884766e+00,1.097999954223632812e+01,2.819999999999999840e+00,0.000000000000000000e+00
5.591915220639209760e-01,2.423273086547851562e+00,1.097999954223632812e+01,2.819999999999999840e+00,3.700000000000000000e+05
5.595688526247512007e-01,2.277823448181152344e+00,1.134000015258789062e+01,2.819999999999999840e+00,0.000000000000000000e+00
5.595947374437819644e-01,2.407247543334960938e+00,1.134000015258789062e+01,2.819999999999999840e+00,3.700000000000000000e+05
5.599720680046121890e-01,2.552697181701660156e+00,1.097999954223632812e+01,2.819999999999999840e+00,0.000000000000000000e+00
5.599979528236429527e-01,2.682121276855468750e+00,1.097999954223632812e+01,2.819999999999999840e+00,3.700000000000000000e+05
5.603752833844731773e-01,2.536671638488769531e+00,1.134000015258789062e+01,2.819999999999999840e+00,0.000000000000000000e+00
5.604011682035039410e-01,2.666095733642578125e+00,1.134000015258789062e+01,2.819999999999999840e+00,3.700000000000000000e+05
5.607784987643341656e-01,2.811545372009277344e+00,1.097999954223632812e+01,2.819999999999999840e+00,0.000000000000000000e+00
5.608043835833649293e-01,2.940969467163085938e+00,1.097999954223632812e+01,2.819999999999999840e+00,3.700000000000000000e+05
5.611817139706032354e-01,2.795520305633544922e+00,1.134000015258789062e+01,2.819999999999999840e+00,0.000000000000000000e+00
5.612075987896339990e-01,2.924944400787353516e+00,1.134000015258789062e+01,2.819999999999999840e+00,3.700000000000000000e+05
5.615849291768723051e-01,3.070393562316894531e+00,1.097999954223632812e+01,2.819999999999999840e+00,0.000000000000000000e+00
5.616108139959030687e-01,3.199817657470703125e+00,1.097999954223632812e+01,2.819999999999999840e+00,3.700000000000000000e+05
5.619881443831413748e-01,3.054368495941162109e+00,1.134000015258789062e+01,2.819999999999999840e+00,0.000000000000000000e+00
5.620140292021721384e-01,3.183792591094970703e+00,1.134000015258789062e+01,2.819999999999999840e+00,3.700000000000000000e+05
5.623913597630023631e-01,3.329242229461669922e+00,1.097999954223632812e+01,2.819999999999999840e+00,0.000000000000000000e+00
5.624172445820331268e-01,3.458666324615478516e+00,1.097999954223632812e+01,2.819999999999999840e+00,3.700000000000000000e+05
5.627945751428633514e-01,3.313216686248779297e+00,1.134000015258789062e+01,2.819999999999999840e+00,0.000000000000000000e+00
5.628204599618941151e-01,3.442640781402587891e+00,1.134000015258789062e+01,2.819999999999999840e+00,3.700000000000000000e+05
5.631977905227243397e-01,3.588090419769287109e+00,1.097999954223632812e+01,2.819999999999999840e+00,0.000000000000000000e+00
5.661496238172303297e-01,7.639593720436096191e+00,-3.212192535400390625e+00,2.819999999999999840e+00,3.700000000000000000e+05
5.670835499110240541e-01,7.279593706130981445e+00,-2.321159362792968750e+00,2.819999999999999840e+00,0.000000000000000000e+00
5.671476169886607854e-01,7.279593706130981445e+00,-2.000823974609375000e+00,2.819999999999999840e+00,3.700000000000000000e+05
5.680815430824545098e-01,7.639593720436096191e+00,-2.891857147216796875e+00,2.819999999999999840e+00,0.000000000000000000e+00
5.681456109230307305e-01,7.639593720436096191e+00,-2.571517944335937500e+00,2.819999999999999840e+00,3.700000000000000000e+05
5.693001536465145396e-01,7.194550991058349609e+00,-1.470001220703125000e+00,2.819999999999999840e+00,0.000000000000000000e+00
5.693279377077191672e-01,7.279593706130981445e+00,-1.360153198242187500e+00,2.819999999999999840e+00,3.700000000000000000e+05
5.702618603642674033e-01,7.639593720436096191e+00,-2.251182556152343750e+00,2.819999999999999840e+00,0.000000000000000000e+00
5.703259274419041347e-01,7.639593720436096191e+00,-1.930847167968750000e+00,2.819999999999999840e+00,3.700000000000000000e+05
5.712598500984523708e-01,7.279593706130981445e+00,-1.039817810058593750e+00,2.819999999999999840e+00,0.000000000000000000e+00
5.713239179390285916e-01,7.279593706130981445e+00,-7.194786071777343750e-01,2.819999999999999840e+00,3.700000000000000000e+05
5.724878999000447832e-01,7.728273034095764160e+00,-1.830001831054687500e+00,2.819999999999999840e+00,0.000000000000000000e+00
5.725137847190755469e-01,7.857697129249572754e+00,-1.830001831054687500e+00,2.819999999999999840e+00,3.700000000000000000e+05
5.728911151931097567e-01,7.712247729301452637e+00,-1.470001220703125000e+00,2.819999999999999840e+00,0.000000000000000000e+00
5.729170000121405204e-01,7.841671824455261230e+00,-1.470001220703125000e+00,2.819999999999999840e+00,3.700000000000000000e+05
5.732943305295726821e-01,7.987121343612670898e+00,-1.830001831054687500e+00,2.819999999999999840e+00,0.000000000000000000e+00
5.733202153486034458e-01,8.116545438766479492e+00,-1.830001831054687500e+00,2.819999999999999840e+00,3.700000000000000000e+05
5.736975458226376556e-01,7.971096038818359375e+00,-1.470001220703125000e+00,2.819999999999999840e+00,0.000000000000000000e+00
5.737234306655102367e-01,8.100520253181457520e+00,-1.470001220703125000e+00,2.819999999999999840e+00,3.700000000000000000e+05
5.741007611395444465e-01,8.245969653129577637e+00,-1.830001831054687500e+00,2.819999999999999840e+00,0.000000000000000000e+00
5.741266459824170276e-01,8.375393867492675781e+00,-1.830001831054687500e+00,2.819999999999999840e+00,3.700000000000000000e+05
5.745039764998491894e-01,8.229944348335266113e+00,-1.470001220703125000e+00,2.819999999999999840e+00,0.000000000000000000e+00
5.745298613427217704e-01,8.359368562698364258e+00,-1.470001220703125000e+00,2.819999999999999840e+00,3.700000000000000000e+05
5.749071918384549562e-01,8.504818022251129150e+00,-1.830001831054687500e+00,2.819999999999999840e+00,0.000000000000000000e+00
5.749330766694066286e-01,8.634242177009582520e+00,-1.830001831054687500e+00,2.819999999999999840e+00,3.700000000000000000e+05
5.753104071651398144e-01,8.488792717456817627e+00,-1.470001220703125000e+00,2.819999999999999840e+00,0.000000000000000000e+00
5.753362920080123954e-01,8.618216931819915771e+00,-1.470001220703125000e+00,2.819999999999999840e+00,3.700000000000000000e+05
5.757136225037455812e-01,8.763666391372680664e+00,-1.830001831054687500e+00,2.819999999999999840e+00,0.000000000000000000e+00
5.757395073168158905e-01,8.893090456724166870e+00,-1.830001831054687500e+00,2.819999999999999840e+00,3.700000000000000000e+05
5.761168377800005569e-01,8.747641086578369141e+00,-1.470001220703125000e+00,2.819999999999999840e+00,0.000000000000000000e+00
5.761427226169126836e-01,8.877065271139144897e+00,-1.470001220703125000e+00,2.819999999999999840e+00,3.700000000000000000e+05
5.765200530909468934e-01,9.022514671087265015e+00,-1.830001831054687500e+00,2.819999999999999840e+00,0.000000000000000000e+00
5.783436566640790533e-01,4.107655048370361328e+00,5.849998474121093750e+00,2.819999999999999840e+00,3.700000000000000000e+05
5.787209836140726482e-01,4.253104209899902344e+00,5.490001678466796875e+00,2.819999999999999840e+00,0.000000000000000000e+00
5.787468684331034119e-01,4.382528305053710938e+00,5.490001678466796875e+00,2.819999999999999840e+00,3.700000000000000000e+05
5.791241953830970068e-01,4.237079143524169922e+00,5.849998474121093750e+00,2.819999999999999840e+00,0.000000000000000000e+00
5.791500802021277705e-01,4.366503238677978516e+00,5.849998474121093750e+00,2.819999999999999840e+00,3.700000000000000000e+05
5.795274073257147274e-01,4.511952877044677734e+00,5.490001678466796875e+00,2.819999999999999840e+00,0.000000000000000000e+00
5.795532921447454910e-01,4.641376972198486328e+00,5.490001678466796875e+00,2.819999999999999840e+00,3.700000000000000000e+05
5.799306192683324479e-01,4.495927333831787109e+00,5.849998474121093750e+00,2.819999999999999840e+00,0.000000000000000000e+00
5.799565040873632116e-01,4.625351428985595703e+00,5.849998474121093750e+00,2.819999999999999840e+00,3.700000000000000000e+05
5.803338312109501684e-01,4.770801067352294922e+00,5.490001678466796875e+00,2.819999999999999840e+00,0.000000000000000000e+00
5.803597160299809321e-01,4.900225162506103516e+00,5.490001678466796875e+00,2.819999999999999840e+00,3.700000000000000000e+05
5.807370431535678890e-01,4.754775524139404297e+00,5.849998474121093750e+00,2.819999999999999840e+00,0.000000000000000000e+00
5.807629280679660333e-01,4.884200096130371094e+00,5.849998474121093750e+00,2.819999999999999840e+00,3.700000000000000000e+05
5.811402550179596282e-01,5.029649257659912109e+00,5.490001678466796875e+00,2.819999999999999840e+00,0.000000000000000000e+00
5.811661398369903919e-01,5.159073352813720703e+00,5.490001678466796875e+00,2.819999999999999840e+00,3.700000000000000000e+05
5.815434667869839869e-01,5.013624191284179688e+00,5.849998474121093750e+00,2.819999999999999840e+00,0.000000000000000000e+00
5.815693516060147505e-01,5.143048286437988281e+00,5.849998474121093750e+00,2.819999999999999840e+00,3.700000000000000000e+05
5.819466785560083455e-01,5.288497447967529297e+00,5.490001678466796875e+00,2.819999999999999840e+00,0.000000000000000000e+00
5.819725634227228550e-01,5.417921781539916992e+00,5.490001678466796875e+00,2.819999999999999840e+00,3.700000000000000000e+05
5.823498904595130199e-01,5.272472381591796875e+00,5.849998474121093750e+00,2.819999999999999840e+00,0.000000000000000000e+00
5.823757752785437836e-01,5.401896476745605469e+00,5.849998474121093750e+00,2.819999999999999840e+00,3.700000000000000000e+05
5.834334344954745788e-01,5.809593677520751953e+00,4.840915679931640625e+00,2.819999999999999840e+00,0.000000000000000000e+00
5.834975015731113102e-01,5.809593677520751953e+00,5.161251068115234375e+00,2.819999999999999840e+00,3.700000000000000000e+05
5.844314241862613724e-01,5.449593782424926758e+00,6.052280426025390625e+00,2.819999999999999840e+00,0.000000000000000000e+00
5.844954912638981037e-01,5.449593782424926758e+00,6.372615814208984375e+00,2.819999999999999840e+00,3.700000000000000000e+05
5.854294138770481659e-01,5.809593677520751953e+00,5.481586456298828125e+00,2.819999999999999840e+00,0.000000000000000000e+00
5.854546749512807846e-01,5.935618400573730469e+00,5.490001678466796875e+00,2.819999999999999840e+00,3.700000000000000000e+05
5.867155368948080429e-01,5.449593782424926758e+00,6.692955017089843750e+00,2.819999999999999840e+00,0.000000000000000000e+00
5.867796039724447743e-01,5.449593782424926758e+00,7.013290405273437500e+00,2.819999999999999840e+00,3.700000000000000000e+05
5.877135300228405468e-01,5.809593677520751953e+00,6.122257232666015625e+00,2.819999999999999840e+00,0.000000000000000000e+00
5.877775971004772781e-01,5.809593677520751953e+00,6.442592620849609375e+00,2.819999999999999840e+00,3.700000000000000000e+05
5.890745716620420236e-01,5.309649467468261719e+00,7.680000305175781250e+00,2.819999999999999840e+00,0.000000000000000000e+00
5.891004564810727873e-01,5.439073562622070312e+00,7.680000305175781250e+00,2.819999999999999840e+00,3.700000000000000000e+05
5.900616716098993075e-01,5.809593677520751953e+00,6.762931823730468750e+00,2.819999999999999840e+00,0.000000000000000000e+00
5.901257386875360389e-01,5.809593677520751953e+00,7.083267211914062500e+00,2.819999999999999840e+00,3.700000000000000000e+05
5.910596613006861011e-01,5.449593782424926758e+00,7.974296569824218750e+00,2.819999999999999840e+00,0.000000000000000000e+00
5.911237291412623218e-01,5.449593782424926758e+00,8.294635772705078125e+00,2.819999999999999840e+00,3.700000000000000000e+05
5.921452826146467174e-01,5.843371391296386719e+00,7.319999694824218750e+00,2.819999999999999840e+00,0.000000000000000000e+00
5.921711674336774811e-01,5.972795486450195312e+00,7.319999694824218750e+00,2.819999999999999840e+00,3.700000000000000000e+05
5.925484979077116909e-01,5.827346086502075195e+00,7.680000305175781250e+00,2.819999999999999840e+00,0.000000000000000000e+00
5.925743827267424546e-01,5.956770181655883789e+00,7.680000305175781250e+00,2.819999999999999840e+00,3.700000000000000000e+05
5.929517132007766644e-01,6.102219581604003906e+00,7.319999694824218750e+00,2.819999999999999840e+00,0.000000000000000000e+00
5.929775980674911739e-01,6.231643915176391602e+00,7.319999694824218750e+00,2.819999999999999840e+00,3.700000000000000000e+05
5.933549285415253838e-01,6.086194515228271484e+00,7.680000305175781250e+00,2.819999999999999840e+00,0.000000000000000000e+00
5.933808133605561475e-01,6.215618610382080078e+00,7.680000305175781250e+00,2.819999999999999840e+00,3.700000000000000000e+05
5.937581438345903573e-01,6.361068010330200195e+00,7.319999694824218750e+00,2.819999999999999840e+00,0.000000000000000000e+00
5.937840286536211210e-01,6.490492105484008789e+00,7.319999694824218750e+00,2.819999999999999840e+00,3.700000000000000000e+05
5.941613591276553308e-01,6.345042705535888672e+00,7.680000305175781250e+00,2.819999999999999840e+00,0.000000000000000000e+00
5.941872439466860945e-01,6.474466800689697266e+00,7.680000305175781250e+00,2.819999999999999840e+00,3.700000000000000000e+05
5.945645744207203043e-01,6.619916200637817383e+00,7.319999694824218750e+00,2.819999999999999840e+00,0.000000000000000000e+00
5.945904592874348138e-01,6.749340534210205078e+00,7.319999694824218750e+00,2.819999999999999840e+00,3.700000000000000000e+05
5.949677897614690236e-01,6.603891134262084961e+00,7.680000305175781250e+00,2.819999999999999840e+00,0.000000000000000000e+00
5.949936745804997873e-01,6.733315229415893555e+00,7.680000305175781250e+00,2.819999999999999840e+00,3.700000000000000000e+05
5.953710050545339971e-01,6.878764629364013672e+00,7.319999694824218750e+00,2.819999999999999840e+00,0.000000000000000000e+00
5.953968898735647608e-01,7.008188724517822266e+00,7.319999694824218750e+00,2.819999999999999840e+00,3.700000000000000000e+05
5.957742203475989706e-01,6.862739324569702148e+00,7.680000305175781250e+00,2.819999999999999840e+00,0.000000000000000000e+00
5.958001052143134801e-01,6.992163658142089844e+00,7.680000305175781250e+00,2.819999999999999840e+00,3.700000000000000000e+05
5.961774356883476900e-01,7.137613058090209961e+00,7.319999694824218750e+00,2.819999999999999840e+00,0.000000000000000000e+00
5.962033205073784536e-01,7.267037153244018555e+00,7.319999694824218750e+00,2.819999999999999840e+00,3.700000000000000000e+05
5.965806509814126635e-01,7.121587753295898438e+00,7.680000305175781250e+00,2.819999999999999840e+00,0.000000000000000000e+00
5.977079341606525986e-01,5.845239162445068359e+00,2.189998626708984375e+00,2.819999999999999840e+00,3.700000000000000000e+05
5.980852611974427635e-01,5.990688562393188477e+00,1.830001831054687500e+00,2.819999999999999840e+00,0.000000000000000000e+00
5.981111460641572730e-01,6.120112895965576172e+00,1.830001831054687500e+00,2.819999999999999840e+00,3.700000000000000000e+05
5.984884731009474379e-01,5.974663496017456055e+00,2.189998626708984375e+00,2.819999999999999840e+00,0.000000000000000000e+00
5.985143579199782016e-01,6.104087591171264648e+00,2.189998626708984375e+00,2.819999999999999840e+00,3.700000000000000000e+05
5.988916849567683665e-01,6.249536991119384766e+00,1.830001831054687500e+00,2.819999999999999840e+00,0.000000000000000000e+00
5.989175697757991301e-01,6.378961086273193359e+00,1.830001831054687500e+00,2.819999999999999840e+00,3.700000000000000000e+05
5.992948968125892950e-01,6.233511686325073242e+00,2.189998626708984375e+00,2.819999999999999840e+00,0.000000000000000000e+00
5.993207816316200587e-01,6.362935781478881836e+00,2.189998626708984375e+00,2.819999999999999840e+00,3.700000000000000000e+05
5.996981087552070155e-01,6.508385419845581055e+00,1.830001831054687500e+00,2.819999999999999840e+00,0.000000000000000000e+00
5.997239935742377792e-01,6.637809514999389648e+00,1.830001831054687500e+00,2.819999999999999840e+00,3.700000000000000000e+05
6.001013206110279441e-01,6.492360115051269531e+00,2.189998626708984375e+00,2.819999999999999840e+00,0.000000000000000000e+00
6.001272054300587078e-01,6.621784210205078125e+00,2.189998626708984375e+00,2.819999999999999840e+00,3.700000000000000000e+05
6.005045324668488727e-01,6.767233610153198242e+00,1.830001831054687500e+00,2.819999999999999840e+00,0.000000000000000000e+00
6.005304173335633822e-01,6.896657943725585938e+00,1.830001831054687500e+00,2.819999999999999840e+00,3.700000000000000000e+05
6.009077444571503390e-01,6.751208305358886719e+00,2.189998626708984375e+00,2.819999999999999840e+00,0.000000000000000000e+00
6.009336293238648485e-01,6.880632638931274414e+00,2.189998626708984375e+00,2.819999999999999840e+00,3.700000000000000000e+05
6.013109563606550134e-01,7.026082038879394531e+00,1.830001831054687500e+00,2.819999999999999840e+00,0.000000000000000000e+00
6.013368411796857771e-01,7.155506134033203125e+00,1.830001831054687500e+00,2.819999999999999840e+00,3.700000000000000000e+05
6.017141682164759420e-01,7.010056734085083008e+00,2.189998626708984375e+00,2.819999999999999840e+00,0.000000000000000000e+00
6.038425985641370231e-01,2.149593830108642578e+00,1.165737915039062500e+01,2.819999999999999840e+00,3.700000000000000000e+05
6.047765247013288104e-01,1.789593696594238281e+00,1.254841232299804688e+01,2.819999999999999840e+00,0.000000000000000000e+00
6.049032027641032538e-01,1.667879581451416016e+00,1.316999816894531250e+01,2.819999999999999840e+00,3.700000000000000000e+05
6.061528815452827956e-01,2.149593830108642578e+00,1.197771453857421875e+01,2.819999999999999840e+00,0.000000000000000000e+00
6.062169493858590164e-01,2.149593830108642578e+00,1.229805374145507812e+01,2.819999999999999840e+00,3.700000000000000000e+05
6.071508720858053154e-01,1.789593696594238281e+00,1.318908309936523438e+01,2.819999999999999840e+00,0.000000000000000000e+00
6.072149391634420468e-01,1.789593696594238281e+00,1.350941848754882812e+01,2.819999999999999840e+00,3.700000000000000000e+05
6.081488618633883458e-01,2.149593830108642578e+00,1.261838912963867188e+01,2.819999999999999840e+00,0.000000000000000000e+00
6.081885708297279924e-01,2.201601505279541016e+00,1.281000137329101562e+01,2.819999999999999840e+00,3.700000000000000000e+05
6.092574150144247636e-01,1.789593696594238281e+00,1.382975578308105469e+01,2.819999999999999840e+00,0.000000000000000000e+00
6.093214820920614949e-01,1.789593696594238281e+00,1.415009117126464844e+01,2.819999999999999840e+00,3.700000000000000000e+05
6.102554065106302605e-01,2.149593830108642578e+00,1.325905990600585938e+01,2.819999999999999840e+00,0.000000000000000000e+00
6.103194735882669919e-01,2.149593830108642578e+00,1.357939529418945312e+01,2.819999999999999840e+00,3.700000000000000000e+05
6.112533980068357575e-01,1.789593696594238281e+00,1.447042655944824219e+01,2.819999999999999840e+00,0.000000000000000000e+00
6.113606536898096300e-01,1.705056667327880859e+00,1.500000000000000000e+01,2.819999999999999840e+00,3.700000000000000000e+05
6.125138866642626523e-01,2.149593830108642578e+00,1.389973258972167969e+01,2.819999999999999840e+00,0.000000000000000000e+00
6.125779537418993836e-01,2.149593830108642578e+00,1.422006797790527344e+01,2.819999999999999840e+00,3.700000000000000000e+05
6.135118781604681493e-01,1.789593696594238281e+00,1.511109924316406250e+01,2.819999999999999840e+00,0.000000000000000000e+00
6.135759452381048806e-01,1.789593696594238281e+00,1.543143463134765625e+01,2.819999999999999840e+00,3.700000000000000000e+05
6.145098696566736463e-01,2.149593830108642578e+00,1.454040336608886719e+01,2.819999999999999840e+00,0.000000000000000000e+00
6.145366078611848026e-01,2.238778591156005859e+00,1.463999938964843750e+01,2.819999999999999840e+00,3.700000000000000000e+05
6.157018995712308929e-01,1.789593696594238281e+00,1.575177192687988281e+01,2.819999999999999840e+00,0.000000000000000000e+00
6.157659666488676242e-01,1.789593696594238281e+00,1.607210731506347656e+01,2.819999999999999840e+00,3.700000000000000000e+05
6.166998910674363898e-01,2.149593830108642578e+00,1.518107604980468750e+01,2.819999999999999840e+00,0.000000000000000000e+00
6.167639585265428659e-01,2.149593830108642578e+00,1.550141334533691406e+01,2.819999999999999840e+00,3.700000000000000000e+05
6.176978829451116315e-01,1.789593696594238281e+00,1.639244461059570312e+01,2.819999999999999840e+00,0.000000000000000000e+00
6.177619500227483629e-01,1.789593696594238281e+00,1.671277999877929688e+01,2.819999999999999840e+00,3.700000000000000000e+05
6.186958744413171285e-01,2.149593830108642578e+00,1.582174873352050781e+01,2.819999999999999840e+00,0.000000000000000000e+00
6.187599415189538599e-01,2.149593830108642578e+00,1.614208412170410156e+01,2.819999999999999840e+00,3.700000000000000000e+05
6.194809726911879588e-01,1.871657848358154297e+00,1.682999992370605469e+01,2.819999999999999840e+00,0.000000000000000000e+00
6.195068575102187225e-01,2.001081943511962891e+00,1.682999992370605469e+01,2.819999999999999840e+00,3.700000000000000000e+05
6.198921309683378400e-01,2.149593830108642578e+00,1.646242141723632812e+01,2.819999999999999840e+00,0.000000000000000000e+00
6.199174487414370605e-01,2.275955677032470703e+00,1.646999931335449219e+01,2.819999999999999840e+00,3.700000000000000000e+05
6.202947793022672851e-01,2.130506038665771484e+00,1.682999992370605469e+01,2.819999999999999840e+00,0.000000000000000000e+00
6.203206641212980488e-01,2.259930133819580078e+00,1.682999992370605469e+01,2.819999999999999840e+00,3.700000000000000000e+05
6.206979946821282734e-01,2.405379772186279297e+00,1.646999931335449219e+01,2.819999999999999840e+00,0.000000000000000000e+00
6.207238795011590371e-01,2.534803867340087891e+00,1.646999931335449219e+01,2.819999999999999840e+00,3.700000000000000000e+05
6.211012098883973431e-01,2.389354705810546875e+00,1.682999992370605469e+01,2.819999999999999840e+00,0.000000000000000000e+00
6.211270947074281068e-01,2.518778800964355469e+00,1.682999992370605469e+01,2.819999999999999840e+00,3.700000000000000000e+05
6.215044250946664128e-01,2.664227962493896484e+00,1.646999931335449219e+01,2.819999999999999840e+00,0.000000000000000000e+00
6.215303099136971765e-01,2.793652057647705078e+00,1.646999931335449219e+01,2.819999999999999840e+00,3.700000000000000000e+05
6.219076403009354825e-01,2.648202896118164062e+00,1.682999992370605469e+01,2.819999999999999840e+00,0.000000000000000000e+00
6.219335251199662462e-01,2.777626991271972656e+00,1.682999992370605469e+01,2.819999999999999840e+00,3.700000000000000000e+05
6.223108556807964709e-01,2.923076629638671875e+00,1.646999931335449219e+01,2.819999999999999840e+00,0.000000000000000000e+00
6.223367404998272345e-01,3.052500724792480469e+00,1.646999931335449219e+01,2.819999999999999840e+00,3.700000000000000000e+05
6.227140710606574592e-01,2.907051086425781250e+00,1.682999992370605469e+01,2.819999999999999840e+00,0.000000000000000000e+00
6.227399558796882229e-01,3.036475181579589844e+00,1.682999992370605469e+01,2.819999999999999840e+00,3.700000000000000000e+05
6.231172864405184475e-01,3.181924819946289062e+00,1.646999931335449219e+01,2.819999999999999840e+00,0.000000000000000000e+00
6.231431712595492112e-01,3.311348915100097656e+00,1.646999931335449219e+01,2.819999999999999840e+00,3.700000000000000000e+05
6.235205018203794358e-01,3.165899276733398438e+00,1.682999992370605469e+01,2.819999999999999840e+00,0.000000000000000000e+00
6.235463867347775802e-01,3.295323848724365234e+00,1.682999992370605469e+01,2.819999999999999840e+00,3.700000000000000000e+05
6.239237171220158862e-01,3.440773010253906250e+00,1.646999931335449219e+01,2.819999999999999840e+00,0.000000000000000000e+00
6.239496019410466499e-01,3.570197105407714844e+00,1.646999931335449219e+01,2.819999999999999840e+00,3.700000000000000000e+05
6.243269323282849559e-01,3.424747943878173828e+00,1.682999992370605469e+01,2.819999999999999840e+00,0.000000000000000000e+00
6.280477156577358722e-01,7.639593720436096191e+00,-1.290176391601562500e+00,2.819999999999999840e+00,3.700000000000000000e+05
6.289816417515295965e-01,7.279593706130981445e+00,-3.991432189941406250e-01,2.819999999999999840e+00,0.000000000000000000e+00
6.290457088291663279e-01,7.279593706130981445e+00,-7.880783081054687500e-02,2.819999999999999840e+00,3.700000000000000000e+05
6.299796314857145640e-01,7.639593720436096191e+00,-9.698371887207031250e-01,2.819999999999999840e+00,0.000000000000000000e+00
6.300436985633512954e-01,7.639593720436096191e+00,-6.495018005371093750e-01,2.819999999999999840e+00,3.700000000000000000e+05
6.311017971987309405e-01,7.231728076934814453e+00,3.600006103515625000e-01,2.819999999999999840e+00,0.000000000000000000e+00
6.311432891356983932e-01,7.279593706130981445e+00,5.618629455566406250e-01,2.819999999999999840e+00,3.700000000000000000e+05
6.320772117922466293e-01,7.639593720436096191e+00,-3.291664123535156250e-01,2.819999999999999840e+00,0.000000000000000000e+00
6.321412788698833607e-01,7.639593720436096191e+00,-8.831024169921875000e-03,2.819999999999999840e+00,3.700000000000000000e+05
6.330752049636770851e-01,7.279593706130981445e+00,8.822021484375000000e-01,2.819999999999999840e+00,0.000000000000000000e+00
6.331392720413138164e-01,7.279593706130981445e+00,1.202537536621093750e+00,2.819999999999999840e+00,3.700000000000000000e+05
6.343996980470353320e-01,7.765450000762939453e+00,0.000000000000000000e+00,2.819999999999999840e+00,0.000000000000000000e+00
6.344255828899079130e-01,7.894874215126037598e+00,0.000000000000000000e+00,2.819999999999999840e+00,3.700000000000000000e+05
6.348029134073400748e-01,7.749424695968627930e+00,3.600006103515625000e-01,2.819999999999999840e+00,0.000000000000000000e+00
6.348287982502126559e-01,7.878848910331726074e+00,3.600006103515625000e-01,2.819999999999999840e+00,3.700000000000000000e+05
6.352061287242468657e-01,8.024298310279846191e+00,0.000000000000000000e+00,2.819999999999999840e+00,0.000000000000000000e+00
6.352320135671194468e-01,8.153722524642944336e+00,0.000000000000000000e+00,2.819999999999999840e+00,3.700000000000000000e+05
6.356093440411536566e-01,8.008273124694824219e+00,3.600006103515625000e-01,2.819999999999999840e+00,0.000000000000000000e+00
6.356352288601844203e-01,8.137697219848632812e+00,3.600006103515625000e-01,2.819999999999999840e+00,3.700000000000000000e+05
6.360125593342186301e-01,8.283146619796752930e+00,0.000000000000000000e+00,2.819999999999999840e+00,0.000000000000000000e+00
6.360384441890122309e-01,8.412570893764495850e+00,0.000000000000000000e+00,2.819999999999999840e+00,3.700000000000000000e+05
6.364157746847454167e-01,8.267121434211730957e+00,3.600006103515625000e-01,2.819999999999999840e+00,0.000000000000000000e+00
6.364416595156970891e-01,8.396545588970184326e+00,3.600006103515625000e-01,2.819999999999999840e+00,3.700000000000000000e+05
6.368189900114302748e-01,8.541995048522949219e+00,0.000000000000000000e+00,2.819999999999999840e+00,0.000000000000000000e+00
6.368448748543028559e-01,8.671419262886047363e+00,0.000000000000000000e+00,2.819999999999999840e+00,3.700000000000000000e+05
6.372222053717350176e-01,8.525969743728637695e+00,3.600006103515625000e-01,2.819999999999999840e+00,0.000000000000000000e+00
6.372480902146075987e-01,8.655393958091735840e+00,3.600006103515625000e-01,2.819999999999999840e+00,3.700000000000000000e+05
6.376254206777922651e-01,8.800843328237533569e+00,0.000000000000000000e+00,2.819999999999999840e+00,0.000000000000000000e+00
6.376513055206648461e-01,8.930267542600631714e+00,0.000000000000000000e+00,2.819999999999999840e+00,3.700000000000000000e+05
6.380286360272475754e-01,8.784818053245544434e+00,3.600006103515625000e-01,2.819999999999999840e+00,0.000000000000000000e+00
6.380545208641597021e-01,8.914242237806320190e+00,3.600006103515625000e-01,2.819999999999999840e+00,3.700000000000000000e+05
6.384318513381939120e-01,9.059691637754440308e+00,0.000000000000000000e+00,2.819999999999999840e+00,0.000000000000000000e+00
6.402882909374942866e-01,3.979593753814697266e+00,7.768642425537109375e+00,2.819999999999999840e+00,3.700000000000000000e+05
6.412222170746860739e-01,3.619593620300292969e+00,8.659675598144531250e+00,2.819999999999999840e+00,0.000000000000000000e+00
6.412862841523228052e-01,3.619593620300292969e+00,8.980010986328125000e+00,2.819999999999999840e+00,3.700000000000000000e+05
6.422202102895145925e-01,3.979593753814697266e+00,8.088977813720703125e+00,2.819999999999999840e+00,0.000000000000000000e+00
6.422842773671513239e-01,3.979593753814697266e+00,8.409313201904296875e+00,2.819999999999999840e+00,3.700000000000000000e+05
6.434379479980328886e-01,3.534888267517089844e+00,9.509998321533203125e+00,2.819999999999999840e+00,0.000000000000000000e+00
6.434658233067757083e-01,3.619593620300292969e+00,9.620681762695312500e+00,2.819999999999999840e+00,3.700000000000000000e+05
6.443997460067220073e-01,3.979593753814697266e+00,8.729652404785156250e+00,2.819999999999999840e+00,0.000000000000000000e+00
6.444638130843587387e-01,3.979593753814697266e+00,9.049987792968750000e+00,2.819999999999999840e+00,3.700000000000000000e+05
6.453977357843050378e-01,3.619593620300292969e+00,9.941017150878906250e+00,2.819999999999999840e+00,0.000000000000000000e+00
6.454618028619417691e-01,3.619593620300292969e+00,1.026135253906250000e+01,2.819999999999999840e+00,3.700000000000000000e+05
6.466266534783146058e-01,4.068610191345214844e+00,9.150001525878906250e+00,2.819999999999999840e+00,0.000000000000000000e+00
6.466525382973453695e-01,4.198034286499023438e+00,9.150001525878906250e+00,2.819999999999999840e+00,3.700000000000000000e+05
6.470298654209323264e-01,4.052584648132324219e+00,9.509998321533203125e+00,2.819999999999999840e+00,0.000000000000000000e+00
6.470557502399630900e-01,4.182008743286132812e+00,9.509998321533203125e+00,2.819999999999999840e+00,3.700000000000000000e+05
6.474330773635500469e-01,4.327458381652832031e+00,9.150001525878906250e+00,2.819999999999999840e+00,0.000000000000000000e+00
6.474589621825808106e-01,4.456882476806640625e+00,9.150001525878906250e+00,2.819999999999999840e+00,3.700000000000000000e+05
6.478362891325744055e-01,4.311433315277099609e+00,9.509998321533203125e+00,2.819999999999999840e+00,0.000000000000000000e+00
6.478621739516051692e-01,4.440857410430908203e+00,9.509998321533203125e+00,2.819999999999999840e+00,3.700000000000000000e+05
6.482395009015987641e-01,4.586306571960449219e+00,9.150001525878906250e+00,2.819999999999999840e+00,0.000000000000000000e+00
6.482653858159969085e-01,4.715731143951416016e+00,9.150001525878906250e+00,2.819999999999999840e+00,3.700000000000000000e+05
6.486427129395838653e-01,4.570281505584716797e+00,9.509998321533203125e+00,2.819999999999999840e+00,0.000000000000000000e+00
6.486685977586146290e-01,4.699705600738525391e+00,9.509998321533203125e+00,2.819999999999999840e+00,3.700000000000000000e+05
6.490459248822015859e-01,4.845155239105224609e+00,9.150001525878906250e+00,2.819999999999999840e+00,0.000000000000000000e+00
6.490718097012323495e-01,4.974579334259033203e+00,9.150001525878906250e+00,2.819999999999999840e+00,3.700000000000000000e+05
6.494491368248193064e-01,4.829129695892333984e+00,9.509998321533203125e+00,2.819999999999999840e+00,0.000000000000000000e+00
6.494750216438500701e-01,4.958553791046142578e+00,9.509998321533203125e+00,2.819999999999999840e+00,3.700000000000000000e+05
6.498523487674370269e-01,5.104003429412841797e+00,9.150001525878906250e+00,2.819999999999999840e+00,0.000000000000000000e+00
6.498782335864677906e-01,5.233427524566650391e+00,9.150001525878906250e+00,2.819999999999999840e+00,3.700000000000000000e+05
6.502555607100547475e-01,5.087977886199951172e+00,9.509998321533203125e+00,2.819999999999999840e+00,0.000000000000000000e+00
6.502814456244528918e-01,5.217402458190917969e+00,9.509998321533203125e+00,2.819999999999999840e+00,3.700000000000000000e+05
6.506587725744464867e-01,5.362851619720458984e+00,9.150001525878906250e+00,2.819999999999999840e+00,0.000000000000000000e+00
6.516835740300446211e-01,2.185576438903808594e+00,1.316999816894531250e+01,2.819999999999999840e+00,3.700000000000000000e+05
6.520609009800382161e-01,2.331025600433349609e+00,1.281000137329101562e+01,2.819999999999999840e+00,0.000000000000000000e+00
6.520867857990689798e-01,2.460449695587158203e+00,1.281000137329101562e+01,2.819999999999999840e+00,3.700000000000000000e+05
6.524641127490625747e-01,2.315000534057617188e+00,1.316999816894531250e+01,2.819999999999999840e+00,0.000000000000000000e+00
6.524899975680933384e-01,2.444424629211425781e+00,1.316999816894531250e+01,2.819999999999999840e+00,3.700000000000000000e+05
6.528673246916802952e-01,2.589874267578125000e+00,1.281000137329101562e+01,2.819999999999999840e+00,0.000000000000000000e+00
6.528932095107110589e-01,2.719298362731933594e+00,1.281000137329101562e+01,2.819999999999999840e+00,3.700000000000000000e+05
6.532705366342980158e-01,2.573848724365234375e+00,1.316999816894531250e+01,2.819999999999999840e+00,0.000000000000000000e+00
6.532964214533287794e-01,2.703272819519042969e+00,1.316999816894531250e+01,2.819999999999999840e+00,3.700000000000000000e+05
6.536737485769157363e-01,2.848722457885742188e+00,1.281000137329101562e+01,2.819999999999999840e+00,0.000000000000000000e+00
6.536996333959465000e-01,2.978146553039550781e+00,1.281000137329101562e+01,2.819999999999999840e+00,3.700000000000000000e+05
6.540769605195334568e-01,2.832696914672851562e+00,1.316999816894531250e+01,2.819999999999999840e+00,0.000000000000000000e+00
6.541028454339316012e-01,2.962121486663818359e+00,1.316999816894531250e+01,2.819999999999999840e+00,3.700000000000000000e+05
6.544801723839251961e-01,3.107570648193359375e+00,1.281000137329101562e+01,2.819999999999999840e+00,0.000000000000000000e+00
6.545060572029559598e-01,3.236994743347167969e+00,1.281000137329101562e+01,2.819999999999999840e+00,3.700000000000000000e+05
6.548833841529495547e-01,3.091545581817626953e+00,1.316999816894531250e+01,2.819999999999999840e+00,0.000000000000000000e+00
6.549092689719803184e-01,3.220969676971435547e+00,1.316999816894531250e+01,2.819999999999999840e+00,3.700000000000000000e+05
6.552865959219739134e-01,3.366418838500976562e+00,1.281000137329101562e+01,2.819999999999999840e+00,0.000000000000000000e+00
6.553124808363720577e-01,3.495843410491943359e+00,1.281000137329101562e+01,2.819999999999999840e+00,3.700000000000000000e+05
6.556898079599590146e-01,3.350393772125244141e+00,1.316999816894531250e+01,2.819999999999999840e+00,0.000000000000000000e+00
6.575885822586537977e-01,5.882416248321533203e+00,4.020000457763671875e+00,2.819999999999999840e+00,3.700000000000000000e+05
6.579659127326880075e-01,6.027865648269653320e+00,3.659999847412109375e+00,2.819999999999999840e+00,0.000000000000000000e+00
6.579917975517187712e-01,6.157289743423461914e+00,3.659999847412109375e+00,2.819999999999999840e+00,3.700000000000000000e+05
6.583691280257529810e-01,6.011840343475341797e+00,4.020000457763671875e+00,2.819999999999999840e+00,0.000000000000000000e+00
6.583950128924674905e-01,6.141264677047729492e+00,4.020000457763671875e+00,2.819999999999999840e+00,3.700000000000000000e+05
6.587723433665017003e-01,6.286714076995849609e+00,3.659999847412109375e+00,2.819999999999999840e+00,0.000000000000000000e+00
6.587982281855324640e-01,6.416138172149658203e+00,3.659999847412109375e+00,2.819999999999999840e+00,3.700000000000000000e+05
6.591755586595666738e-01,6.270688772201538086e+00,4.020000457763671875e+00,2.819999999999999840e+00,0.000000000000000000e+00
6.592014434785974375e-01,6.400112867355346680e+00,4.020000457763671875e+00,2.819999999999999840e+00,3.700000000000000000e+05
6.595787739526316473e-01,6.545562267303466797e+00,3.659999847412109375e+00,2.819999999999999840e+00,0.000000000000000000e+00
6.596046588193461568e-01,6.674986600875854492e+00,3.659999847412109375e+00,2.819999999999999840e+00,3.700000000000000000e+05
6.599819893801763815e-01,6.529536962509155273e+00,4.020000457763671875e+00,2.819999999999999840e+00,0.000000000000000000e+00
6.600078742468908910e-01,6.658961296081542969e+00,4.020000457763671875e+00,2.819999999999999840e+00,3.700000000000000000e+05
6.603852047209251008e-01,6.804410696029663086e+00,3.659999847412109375e+00,2.819999999999999840e+00,0.000000000000000000e+00
6.604110895399558645e-01,6.933834791183471680e+00,3.659999847412109375e+00,2.819999999999999840e+00,3.700000000000000000e+05
6.607884200139900743e-01,6.788385391235351562e+00,4.020000457763671875e+00,2.819999999999999840e+00,0.000000000000000000e+00
6.608143048330208380e-01,6.917809486389160156e+00,4.020000457763671875e+00,2.819999999999999840e+00,3.700000000000000000e+05
6.611916353070550478e-01,7.063258886337280273e+00,3.659999847412109375e+00,2.819999999999999840e+00,0.000000000000000000e+00
6.612175201737695573e-01,7.192683219909667969e+00,3.659999847412109375e+00,2.819999999999999840e+00,3.700000000000000000e+05
6.615948506478037672e-01,7.047233819961547852e+00,4.020000457763671875e+00,2.819999999999999840e+00,0.000000000000000000e+00
6.622827612006646492e-01,7.639593720436096191e+00,6.318397521972656250e-01,2.819999999999999840e+00,3.700000000000000000e+05
6.632166872944583735e-01,7.279593706130981445e+00,1.522872924804687500e+00,2.819999999999999840e+00,0.000000000000000000e+00
6.633530233968542023e-01,7.139480829238891602e+00,2.189998626708984375e+00,2.819999999999999840e+00,3.700000000000000000e+05
6.646504305891735020e-01,7.639593720436096191e+00,9.521789550781250000e-01,2.819999999999999840e+00,0.000000000000000000e+00
6.647144976668102334e-01,7.639593720436096191e+00,1.272514343261718750e+00,2.819999999999999840e+00,3.700000000000000000e+05
6.656761487768407815e-01,7.268905162811279297e+00,2.189998626708984375e+00,2.819999999999999840e+00,0.000000000000000000e+00
6.657349637311580359e-01,7.279593706130981445e+00,2.483879089355468750e+00,2.819999999999999840e+00,3.700000000000000000e+05
6.666688863877062721e-01,7.639593720436096191e+00,1.592849731445312500e+00,2.819999999999999840e+00,0.000000000000000000e+00
6.667167907480241462e-01,7.673202872276306152e+00,1.830001831054687500e+00,2.819999999999999840e+00,3.700000000000000000e+05
6.677379048029588038e-01,7.279593706130981445e+00,2.804218292236328125e+00,2.819999999999999840e+00,0.000000000000000000e+00
6.678019718805955351e-01,7.279593706130981445e+00,3.124553680419921875e+00,2.819999999999999840e+00,3.700000000000000000e+05
6.687358979743892595e-01,7.639593720436096191e+00,2.233520507812500000e+00,2.819999999999999840e+00,0.000000000000000000e+00
6.687999650520259909e-01,7.639593720436096191e+00,2.553855895996093750e+00,2.819999999999999840e+00,3.700000000000000000e+05
6.697338911458197153e-01,7.279593706130981445e+00,3.444889068603515625e+00,2.819999999999999840e+00,0.000000000000000000e+00
6.698507412869431077e-01,7.176657915115356445e+00,4.020000457763671875e+00,2.819999999999999840e+00,3.700000000000000000e+05
6.710517043911582435e-01,7.639593720436096191e+00,2.874195098876953125e+00,2.819999999999999840e+00,0.000000000000000000e+00
6.711157714687949749e-01,7.639593720436096191e+00,3.194530487060546875e+00,2.819999999999999840e+00,3.700000000000000000e+05
6.720496941253432110e-01,7.279593706130981445e+00,4.085559844970703125e+00,2.819999999999999840e+00,0.000000000000000000e+00
6.721137612029799424e-01,7.279593706130981445e+00,4.405895233154296875e+00,2.819999999999999840e+00,3.700000000000000000e+05
6.730476838595281786e-01,7.639593720436096191e+00,3.514865875244140625e+00,2.819999999999999840e+00,0.000000000000000000e+00
6.730799790879377076e-01,7.710379838943481445e+00,3.659999847412109375e+00,2.819999999999999840e+00,3.700000000000000000e+05
6.741975406248238434e-01,7.279593706130981445e+00,4.726234436035156250e+00,2.819999999999999840e+00,0.000000000000000000e+00
6.742616077024605747e-01,7.279593706130981445e+00,5.046569824218750000e+00,2.819999999999999840e+00,3.700000000000000000e+05
6.751955337962542991e-01,7.639593720436096191e+00,4.155536651611328125e+00,2.819999999999999840e+00,0.000000000000000000e+00
6.752596016368305198e-01,7.639593720436096191e+00,4.475875854492187500e+00,2.819999999999999840e+00,3.700000000000000000e+05
6.761935242933787560e-01,7.279593706130981445e+00,5.366905212402343750e+00,2.819999999999999840e+00,0.000000000000000000e+00
6.772813633031018465e-01,3.979593753814697266e+00,9.690658569335937500e+00,2.819999999999999840e+00,3.700000000000000000e+05
6.782152894402936338e-01,3.619593620300292969e+00,1.058169174194335938e+01,2.819999999999999840e+00,0.000000000000000000e+00
6.782793565179303652e-01,3.619593620300292969e+00,1.090202713012695312e+01,2.819999999999999840e+00,3.700000000000000000e+05
6.792132826551221525e-01,3.979593753814697266e+00,1.001099395751953125e+01,2.819999999999999840e+00,0.000000000000000000e+00
6.792773504956983732e-01,3.979593753814697266e+00,1.033133316040039062e+01,2.819999999999999840e+00,3.700000000000000000e+05
6.803345736012307299e-01,3.572065353393554688e+00,1.134000015258789062e+01,2.819999999999999840e+00,0.000000000000000000e+00
6.803762126769139496e-01,3.619593620300292969e+00,1.154269790649414062e+01,2.819999999999999840e+00,3.700000000000000000e+05
6.813101353768602486e-01,3.979593753814697266e+00,1.065166854858398438e+01,2.819999999999999840e+00,0.000000000000000000e+00
6.813742024544969800e-01,3.979593753814697266e+00,1.097200393676757812e+01,2.819999999999999840e+00,3.700000000000000000e+05
6.823081251544432790e-01,3.619593620300292969e+00,1.186303329467773438e+01,2.819999999999999840e+00,0.000000000000000000e+00
6.823721929950194998e-01,3.619593620300292969e+00,1.218337249755859375e+01,2.819999999999999840e+00,3.700000000000000000e+05
6.836334945739864777e-01,4.105787277221679688e+00,1.097999954223632812e+01,2.819999999999999840e+00,0.000000000000000000e+00
6.836593793930172414e-01,4.235211372375488281e+00,1.097999954223632812e+01,2.819999999999999840e+00,3.700000000000000000e+05
6.840367099538474660e-01,4.089761734008789062e+00,1.134000015258789062e+01,2.819999999999999840e+00,0.000000000000000000e+00
6.840625947728782297e-01,4.219185829162597656e+00,1.134000015258789062e+01,2.819999999999999840e+00,3.700000000000000000e+05
6.844399253337084543e-01,4.364635467529296875e+00,1.097999954223632812e+01,2.819999999999999840e+00,0.000000000000000000e+00
6.844658101527392180e-01,4.494059562683105469e+00,1.097999954223632812e+01,2.819999999999999840e+00,3.700000000000000000e+05
6.848431407135694426e-01,4.348609924316406250e+00,1.134000015258789062e+01,2.819999999999999840e+00,0.000000000000000000e+00
6.848690256279675870e-01,4.478034496307373047e+00,1.134000015258789062e+01,2.819999999999999840e+00,3.700000000000000000e+05
6.852463560152058930e-01,4.623483657836914062e+00,1.097999954223632812e+01,2.819999999999999840e+00,0.000000000000000000e+00
6.852722408342366567e-01,4.752907752990722656e+00,1.097999954223632812e+01,2.819999999999999840e+00,3.700000000000000000e+05
6.856495712214749627e-01,4.607458591461181641e+00,1.134000015258789062e+01,2.819999999999999840e+00,0.000000000000000000e+00
6.856754560405057264e-01,4.736882686614990234e+00,1.134000015258789062e+01,2.819999999999999840e+00,3.700000000000000000e+05
6.860527866013359510e-01,4.882332324981689453e+00,1.097999954223632812e+01,2.819999999999999840e+00,0.000000000000000000e+00
6.860786714203667147e-01,5.011756420135498047e+00,1.097999954223632812e+01,2.819999999999999840e+00,3.700000000000000000e+05
6.864560019811969394e-01,4.866306781768798828e+00,1.134000015258789062e+01,2.819999999999999840e+00,0.000000000000000000e+00
6.864818868002277030e-01,4.995730876922607422e+00,1.134000015258789062e+01,2.819999999999999840e+00,3.700000000000000000e+05
6.868592173610579277e-01,5.141180515289306641e+00,1.097999954223632812e+01,2.819999999999999840e+00,0.000000000000000000e+00
6.868851021800886913e-01,5.270604610443115234e+00,1.097999954223632812e+01,2.819999999999999840e+00,3.700000000000000000e+05
6.872624327409189160e-01,5.125154972076416016e+00,1.134000015258789062e+01,2.819999999999999840e+00,0.000000000000000000e+00
6.872883175599496797e-01,5.254579067230224609e+00,1.134000015258789062e+01,2.819999999999999840e+00,3.700000000000000000e+05
6.876656481207799043e-01,5.400028705596923828e+00,1.097999954223632812e+01,2.819999999999999840e+00,0.000000000000000000e+00
6.906270706279539207e-01,9.469593703746795654e+00,-3.256896972656250000e+00,2.819999999999999840e+00,3.700000000000000000e+05
6.915609967217476450e-01,9.109593689441680908e+00,-2.365863800048828125e+00,2.819999999999999840e+00,0.000000000000000000e+00
6.916250637993843764e-01,9.109593689441680908e+00,-2.045528411865234375e+00,2.819999999999999840e+00,3.700000000000000000e+05
6.925589864559326125e-01,9.469593703746795654e+00,-2.936557769775390625e+00,2.819999999999999840e+00,0.000000000000000000e+00
6.926230535335693439e-01,9.469593703746795654e+00,-2.616222381591796875e+00,2.819999999999999840e+00,3.700000000000000000e+05
6.938244526406875945e-01,9.006489396095275879e+00,-1.470001220703125000e+00,2.819999999999999840e+00,0.000000000000000000e+00
6.938488445918189473e-01,9.109593689441680908e+00,-1.404857635498046875e+00,2.819999999999999840e+00,3.700000000000000000e+05
6.947827672483671835e-01,9.469593703746795654e+00,-2.295886993408203125e+00,2.819999999999999840e+00,0.000000000000000000e+00
6.948468343260039148e-01,9.469593703746795654e+00,-1.975551605224609375e+00,2.819999999999999840e+00,3.700000000000000000e+05
6.957807604197976392e-01,9.109593689441680908e+00,-1.084518432617187500e+00,2.819999999999999840e+00,0.000000000000000000e+00
6.958448274974343706e-01,9.109593689441680908e+00,-7.641830444335937500e-01,2.819999999999999840e+00,3.700000000000000000e+05
6.969619530422673792e-01,9.540211349725723267e+00,-1.830001831054687500e+00,2.819999999999999840e+00,0.000000000000000000e+00
6.969878378732190516e-01,9.669635504484176636e+00,-1.830001831054687500e+00,2.819999999999999840e+00,3.700000000000000000e+05
6.973651683581028049e-01,9.524186074733734131e+00,-1.470001220703125000e+00,2.819999999999999840e+00,0.000000000000000000e+00
6.973910531890544773e-01,9.653610229492187500e+00,-1.470001220703125000e+00,2.819999999999999840e+00,3.700000000000000000e+05
6.977683836847876631e-01,9.799059689044952393e+00,-1.830001831054687500e+00,2.819999999999999840e+00,0.000000000000000000e+00
6.977942685157393354e-01,9.928483843803405762e+00,-1.830001831054687500e+00,2.819999999999999840e+00,3.700000000000000000e+05
6.981715990006230887e-01,9.783034414052963257e+00,-1.470001220703125000e+00,2.819999999999999840e+00,0.000000000000000000e+00
6.981974838375352155e-01,9.912458598613739014e+00,-1.470001220703125000e+00,2.819999999999999840e+00,3.700000000000000000e+05
6.985748143332684013e-01,1.005790805816650391e+01,-1.830001831054687500e+00,2.819999999999999840e+00,0.000000000000000000e+00
6.986006991642200736e-01,1.018733221292495728e+01,-1.830001831054687500e+00,2.819999999999999840e+00,3.700000000000000000e+05
6.989780296599532594e-01,1.004188275337219238e+01,-1.470001220703125000e+00,2.819999999999999840e+00,0.000000000000000000e+00
6.990039144909049318e-01,1.017130690813064575e+01,-1.470001220703125000e+00,2.819999999999999840e+00,3.700000000000000000e+05
6.993812449866381176e-01,1.031675636768341064e+01,-1.830001831054687500e+00,2.819999999999999840e+00,0.000000000000000000e+00
6.994071298056688812e-01,1.044618046283721924e+01,-1.830001831054687500e+00,2.819999999999999840e+00,3.700000000000000000e+05
6.997844602797030911e-01,1.030073106288909912e+01,-1.470001220703125000e+00,2.819999999999999840e+00,0.000000000000000000e+00
6.998103451225756721e-01,1.043015527725219727e+01,-1.470001220703125000e+00,2.819999999999999840e+00,3.700000000000000000e+05
7.001876755966098820e-01,1.057560467720031738e+01,-1.830001831054687500e+00,2.819999999999999840e+00,0.000000000000000000e+00
7.002135604156406457e-01,1.070502877235412598e+01,-1.830001831054687500e+00,2.819999999999999840e+00,3.700000000000000000e+05
7.005908908896748555e-01,1.055957937240600586e+01,-1.470001220703125000e+00,2.819999999999999840e+00,0.000000000000000000e+00
7.006167757325474366e-01,1.068900358676910400e+01,-1.470001220703125000e+00,2.819999999999999840e+00,3.700000000000000000e+05
7.009941062065816464e-01,1.083445298671722412e+01,-1.830001831054687500e+00,2.819999999999999840e+00,0.000000000000000000e+00
7.011845574818676985e-01,1.129959368705749512e+01,-2.660926818847656250e+00,2.819999999999999840e+00,3.700000000000000000e+05
7.024328130160184536e-01,1.081842768192291260e+01,-1.470001220703125000e+00,2.819999999999999840e+00,0.000000000000000000e+00
7.024573887048637388e-01,1.093959367275238037e+01,-1.449558258056640625e+00,2.819999999999999840e+00,3.700000000000000000e+05
7.033913147986574632e-01,1.129959368705749512e+01,-2.340591430664062500e+00,2.819999999999999840e+00,0.000000000000000000e+00
7.034553818762941946e-01,1.129959368705749512e+01,-2.020256042480468750e+00,2.819999999999999840e+00,3.700000000000000000e+05
7.043893079700879190e-01,1.093959367275238037e+01,-1.129222869873046875e+00,2.819999999999999840e+00,0.000000000000000000e+00
7.044533750477246503e-01,1.093959367275238037e+01,-8.088874816894531250e-01,2.819999999999999840e+00,3.700000000000000000e+05
7.055236441980735629e-01,1.135214972496032715e+01,-1.830001831054687500e+00,2.819999999999999840e+00,0.000000000000000000e+00
7.055495290647880724e-01,1.148157405853271484e+01,-1.830001831054687500e+00,2.819999999999999840e+00,3.700000000000000000e+05
7.059268596256182970e-01,1.133612442016601562e+01,-1.470001220703125000e+00,2.819999999999999840e+00,0.000000000000000000e+00
7.059527444446490607e-01,1.146554851531982422e+01,-1.470001220703125000e+00,2.819999999999999840e+00,3.700000000000000000e+05
7.063300750054792854e-01,1.161099815368652344e+01,-1.830001831054687500e+00,2.819999999999999840e+00,0.000000000000000000e+00
7.063559598245100490e-01,1.174042224884033203e+01,-1.830001831054687500e+00,2.819999999999999840e+00,3.700000000000000000e+05
7.067332902985442589e-01,1.159497284889221191e+01,-1.470001220703125000e+00,2.819999999999999840e+00,0.000000000000000000e+00
7.067591751175750225e-01,1.172439694404602051e+01,-1.470001220703125000e+00,2.819999999999999840e+00,3.700000000000000000e+05
7.071365055916092324e-01,1.186984634399414062e+01,-1.830001831054687500e+00,2.819999999999999840e+00,0.000000000000000000e+00
7.071623904583237419e-01,1.199927067756652832e+01,-1.830001831054687500e+00,2.819999999999999840e+00,3.700000000000000000e+05
7.075397209323579517e-01,1.185382127761840820e+01,-1.470001220703125000e+00,2.819999999999999840e+00,0.000000000000000000e+00
7.075656057513887154e-01,1.198324537277221680e+01,-1.470001220703125000e+00,2.819999999999999840e+00,3.700000000000000000e+05
7.079429362254229252e-01,1.212869477272033691e+01,-1.830001831054687500e+00,2.819999999999999840e+00,0.000000000000000000e+00
7.079688210444536889e-01,1.225811886787414551e+01,-1.830001831054687500e+00,2.819999999999999840e+00,3.700000000000000000e+05
7.083461515184878987e-01,1.211266946792602539e+01,-1.470001220703125000e+00,2.819999999999999840e+00,0.000000000000000000e+00
7.083720363852024082e-01,1.224209380149841309e+01,-1.470001220703125000e+00,2.819999999999999840e+00,3.700000000000000000e+05
7.087493668592366181e-01,1.238754320144653320e+01,-1.830001831054687500e+00,2.819999999999999840e+00,0.000000000000000000e+00
7.087752516782673817e-01,1.251696729660034180e+01,-1.830001831054687500e+00,2.819999999999999840e+00,3.700000000000000000e+05
7.091525821523015916e-01,1.237151789665222168e+01,-1.470001220703125000e+00,2.819999999999999840e+00,0.000000000000000000e+00
7.091784669713323552e-01,1.250094199180603027e+01,-1.470001220703125000e+00,2.819999999999999840e+00,3.700000000000000000e+05
7.095557974453665651e-01,1.264639139175415039e+01,-1.830001831054687500e+00,2.819999999999999840e+00,0.000000000000000000e+00
7.135150963126667412e-01,2.222753524780273438e+00,1.500000000000000000e+01,2.819999999999999840e+00,3.700000000000000000e+05
7.138924266999050472e-01,2.368202686309814453e+00,1.463999938964843750e+01,2.819999999999999840e+00,0.000000000000000000e+00
7.139183115189358109e-01,2.497626781463623047e+00,1.463999938964843750e+01,2.819999999999999840e+00,3.700000000000000000e+05
7.142956419061741169e-01,2.352177619934082031e+00,1.500000000000000000e+01,2.819999999999999840e+00,0.000000000000000000e+00
7.143215267252048806e-01,2.481601715087890625e+00,1.500000000000000000e+01,2.819999999999999840e+00,3.700000000000000000e+05
7.146988571124431866e-01,2.627050876617431641e+00,1.463999938964843750e+01,2.819999999999999840e+00,0.000000000000000000e+00
7.147247420268413309e-01,2.756475448608398438e+00,1.463999938964843750e+01,2.819999999999999840e+00,3.700000000000000000e+05
7.151020725876715556e-01,2.611025810241699219e+00,1.500000000000000000e+01,2.819999999999999840e+00,0.000000000000000000e+00
7.151279574067023193e-01,2.740449905395507812e+00,1.500000000000000000e+01,2.819999999999999840e+00,3.700000000000000000e+05
7.155052879675325439e-01,2.885899543762207031e+00,1.463999938964843750e+01,2.819999999999999840e+00,0.000000000000000000e+00
7.155311727865633076e-01,3.015323638916015625e+00,1.463999938964843750e+01,2.819999999999999840e+00,3.700000000000000000e+05
7.159085033473935322e-01,2.869874000549316406e+00,1.500000000000000000e+01,2.819999999999999840e+00,0.000000000000000000e+00
7.159343881664242959e-01,2.999298095703125000e+00,1.500000000000000000e+01,2.819999999999999840e+00,3.700000000000000000e+05
7.163117187272545205e-01,3.144747734069824219e+00,1.463999938964843750e+01,2.819999999999999840e+00,0.000000000000000000e+00
7.163376035462852842e-01,3.274171829223632812e+00,1.463999938964843750e+01,2.819999999999999840e+00,3.700000000000000000e+05
7.167149339335235902e-01,3.128722667694091797e+00,1.500000000000000000e+01,2.819999999999999840e+00,0.000000000000000000e+00
7.167408187525543539e-01,3.258146762847900391e+00,1.500000000000000000e+01,2.819999999999999840e+00,3.700000000000000000e+05
7.171181491397926600e-01,3.403595924377441406e+00,1.463999938964843750e+01,2.819999999999999840e+00,0.000000000000000000e+00
7.171440340541908043e-01,3.533020496368408203e+00,1.463999938964843750e+01,2.819999999999999840e+00,3.700000000000000000e+05
7.175213646150210289e-01,3.387570858001708984e+00,1.500000000000000000e+01,2.819999999999999840e+00,0.000000000000000000e+00
7.194201396490210731e-01,5.919593334197998047e+00,5.849998474121093750e+00,2.819999999999999840e+00,3.700000000000000000e+05
7.197974666858112380e-01,6.065042734146118164e+00,5.490001678466796875e+00,2.819999999999999840e+00,0.000000000000000000e+00
7.198233515048420017e-01,6.194466829299926758e+00,5.490001678466796875e+00,2.819999999999999840e+00,3.700000000000000000e+05
7.202006785416321666e-01,6.049017429351806641e+00,5.849998474121093750e+00,2.819999999999999840e+00,0.000000000000000000e+00
7.202265633606629303e-01,6.178441524505615234e+00,5.849998474121093750e+00,2.819999999999999840e+00,3.700000000000000000e+05
7.206038903974530951e-01,6.323890924453735352e+00,5.490001678466796875e+00,2.819999999999999840e+00,0.000000000000000000e+00
7.206297752641676047e-01,6.453315258026123047e+00,5.490001678466796875e+00,2.819999999999999840e+00,3.700000000000000000e+05
7.210071023009577695e-01,6.307865858078002930e+00,5.849998474121093750e+00,2.819999999999999840e+00,0.000000000000000000e+00
7.210329871199885332e-01,6.437289953231811523e+00,5.849998474121093750e+00,2.819999999999999840e+00,3.700000000000000000e+05
7.214103141567786981e-01,6.582739353179931641e+00,5.490001678466796875e+00,2.819999999999999840e+00,0.000000000000000000e+00
7.214361989758094618e-01,6.712163448333740234e+00,5.490001678466796875e+00,2.819999999999999840e+00,3.700000000000000000e+05
7.218135260125996266e-01,6.566714048385620117e+00,5.849998474121093750e+00,2.819999999999999840e+00,0.000000000000000000e+00
7.218394108316303903e-01,6.696138143539428711e+00,5.849998474121093750e+00,2.819999999999999840e+00,3.700000000000000000e+05
7.222167379552173472e-01,6.841587781906127930e+00,5.490001678466796875e+00,2.819999999999999840e+00,0.000000000000000000e+00
7.222426227742481109e-01,6.971011877059936523e+00,5.490001678466796875e+00,2.819999999999999840e+00,3.700000000000000000e+05
7.226199498110382757e-01,6.825562477111816406e+00,5.849998474121093750e+00,2.819999999999999840e+00,0.000000000000000000e+00
7.226458346300690394e-01,6.954986572265625000e+00,5.849998474121093750e+00,2.819999999999999840e+00,3.700000000000000000e+05
7.230231616668592043e-01,7.100435972213745117e+00,5.490001678466796875e+00,2.819999999999999840e+00,0.000000000000000000e+00
7.230490465335737138e-01,7.229860305786132812e+00,5.490001678466796875e+00,2.819999999999999840e+00,3.700000000000000000e+05
7.234263735703638787e-01,7.084410905838012695e+00,5.849998474121093750e+00,2.819999999999999840e+00,0.000000000000000000e+00
7.234522583893946424e-01,7.213835000991821289e+00,5.849998474121093750e+00,2.819999999999999840e+00,3.700000000000000000e+05
7.245567739248627293e-01,7.639593601226806641e+00,4.796211242675781250e+00,2.819999999999999840e+00,0.000000000000000000e+00
7.246208410024994606e-01,7.639593601226806641e+00,5.116546630859375000e+00,2.819999999999999840e+00,3.700000000000000000e+05
7.255547636156495228e-01,7.279593706130981445e+00,6.007575988769531250e+00,2.819999999999999840e+00,0.000000000000000000e+00
7.256188314562257435e-01,7.279593706130981445e+00,6.327915191650390625e+00,2.819999999999999840e+00,3.700000000000000000e+05
7.265527575066215160e-01,7.639593601226806641e+00,5.436882019042968750e+00,2.819999999999999840e+00,0.000000000000000000e+00
7.265768222124938669e-01,7.747556805610656738e+00,5.490001678466796875e+00,2.819999999999999840e+00,3.700000000000000000e+05
7.277908277940855486e-01,7.279593706130981445e+00,6.648250579833984375e+00,2.819999999999999840e+00,0.000000000000000000e+00
7.278548948717222800e-01,7.279593706130981445e+00,6.968585968017578125e+00,2.819999999999999840e+00,3.700000000000000000e+05
7.287888209221180524e-01,7.639593601226806641e+00,6.077552795410156250e+00,2.819999999999999840e+00,0.000000000000000000e+00
7.288528887626942732e-01,7.639593601226806641e+00,6.397891998291015625e+00,2.819999999999999840e+00,3.700000000000000000e+05
7.297868113758443354e-01,7.279593706130981445e+00,7.288921356201171875e+00,2.819999999999999840e+00,0.000000000000000000e+00
7.298652357733977913e-01,7.251012086868286133e+00,7.680000305175781250e+00,2.819999999999999840e+00,3.700000000000000000e+05
7.308733072207618253e-01,7.639593601226806641e+00,6.718227386474609375e+00,2.819999999999999840e+00,0.000000000000000000e+00
7.309373742983985567e-01,7.639593601226806641e+00,7.038562774658203125e+00,2.819999999999999840e+00,3.700000000000000000e+05
7.318712969115486189e-01,7.279593706130981445e+00,7.929592132568359375e+00,2.819999999999999840e+00,0.000000000000000000e+00
7.319353647521248396e-01,7.279593706130981445e+00,8.249931335449218750e+00,2.819999999999999840e+00,3.700000000000000000e+05
7.329100618201755957e-01,7.655309677124023438e+00,7.319999694824218750e+00,2.819999999999999840e+00,0.000000000000000000e+00
7.329359466630481768e-01,7.784733891487121582e+00,7.319999694824218750e+00,2.819999999999999840e+00,3.700000000000000000e+05
7.342463997699891776e-01,7.279593706130981445e+00,8.570266723632812500e+00,2.819999999999999840e+00,0.000000000000000000e+00
7.343104668476259089e-01,7.279593706130981445e+00,8.890602111816406250e+00,2.819999999999999840e+00,3.700000000000000000e+05
7.352443928980216814e-01,7.639593601226806641e+00,7.999568939208984375e+00,2.819999999999999840e+00,0.000000000000000000e+00
7.364063122826908225e-01,7.657177567481994629e+00,2.189998626708984375e+00,2.819999999999999840e+00,3.700000000000000000e+05
7.367836393194809874e-01,7.802626967430114746e+00,1.830001831054687500e+00,2.819999999999999840e+00,0.000000000000000000e+00
7.368095241623535685e-01,7.932051181793212891e+00,1.830001831054687500e+00,2.819999999999999840e+00,3.700000000000000000e+05
7.371868511991437334e-01,7.786601781845092773e+00,2.189998626708984375e+00,2.819999999999999840e+00,0.000000000000000000e+00
7.372127360181744971e-01,7.916025876998901367e+00,2.189998626708984375e+00,2.819999999999999840e+00,3.700000000000000000e+05
7.375900630983630579e-01,8.061475396156311035e+00,1.830001831054687500e+00,2.819999999999999840e+00,0.000000000000000000e+00
7.376159479173938216e-01,8.190899491310119629e+00,1.830001831054687500e+00,2.819999999999999840e+00,3.700000000000000000e+05
7.379932749541839865e-01,8.045450091361999512e+00,2.189998626708984375e+00,2.819999999999999840e+00,0.000000000000000000e+00
7.380191597970565676e-01,8.174874305725097656e+00,2.189998626708984375e+00,2.819999999999999840e+00,3.700000000000000000e+05
7.383964868338467324e-01,8.320323705673217773e+00,1.830001831054687500e+00,2.819999999999999840e+00,0.000000000000000000e+00
7.384223716647984048e-01,8.449747860431671143e+00,1.830001831054687500e+00,2.819999999999999840e+00,3.700000000000000000e+05
7.387996987232877677e-01,8.304298400878906250e+00,2.189998626708984375e+00,2.819999999999999840e+00,0.000000000000000000e+00
7.388255835542394401e-01,8.433722555637359619e+00,2.189998626708984375e+00,2.819999999999999840e+00,3.700000000000000000e+05
7.392029106127288030e-01,8.579172015190124512e+00,1.830001831054687500e+00,2.819999999999999840e+00,0.000000000000000000e+00
7.392287954556013840e-01,8.708596229553222656e+00,1.830001831054687500e+00,2.819999999999999840e+00,3.700000000000000000e+05
7.396061225140907469e-01,8.563146770000457764e+00,2.189998626708984375e+00,2.819999999999999840e+00,0.000000000000000000e+00
7.396320073450424193e-01,8.692570924758911133e+00,2.189998626708984375e+00,2.819999999999999840e+00,3.700000000000000000e+05
7.400093343818325842e-01,8.838020324707031250e+00,1.830001831054687500e+00,2.819999999999999840e+00,0.000000000000000000e+00
7.400352192247051653e-01,8.967444539070129395e+00,1.830001831054687500e+00,2.819999999999999840e+00,3.700000000000000000e+05
7.404125462614953301e-01,8.821995139122009277e+00,2.189998626708984375e+00,2.819999999999999840e+00,0.000000000000000000e+00
7.404384310805260938e-01,8.951419234275817871e+00,2.189998626708984375e+00,2.819999999999999840e+00,3.700000000000000000e+05
7.408157581661395374e-01,9.096868768334388733e+00,1.830001831054687500e+00,2.819999999999999840e+00,0.000000000000000000e+00
7.430238088203774405e-01,3.979593753814697266e+00,1.161267471313476562e+01,2.819999999999999840e+00,3.700000000000000000e+05
7.439577349575692278e-01,3.619593620300292969e+00,1.250370788574218750e+01,2.819999999999999840e+00,0.000000000000000000e+00
7.440938936888534805e-01,3.479817867279052734e+00,1.316999816894531250e+01,2.819999999999999840e+00,3.700000000000000000e+05
7.453904288753666618e-01,3.979593753814697266e+00,1.193301010131835938e+01,2.819999999999999840e+00,0.000000000000000000e+00
7.454544967159428825e-01,3.979593753814697266e+00,1.225334930419921875e+01,2.819999999999999840e+00,3.700000000000000000e+05
7.464152724697190600e-01,3.609241962432861328e+00,1.316999816894531250e+01,2.819999999999999840e+00,0.000000000000000000e+00
7.464742519941455212e-01,3.619593620300292969e+00,1.346471405029296875e+01,2.819999999999999840e+00,3.700000000000000000e+05
7.474081746940918203e-01,3.979593753814697266e+00,1.257368469238281250e+01,2.819999999999999840e+00,0.000000000000000000e+00
7.474559231630194533e-01,4.013539791107177734e+00,1.281000137329101562e+01,2.819999999999999840e+00,3.700000000000000000e+05
7.484779109423826959e-01,3.619593620300292969e+00,1.378505134582519531e+01,2.819999999999999840e+00,0.000000000000000000e+00
7.485419780200194273e-01,3.619593620300292969e+00,1.410538673400878906e+01,2.819999999999999840e+00,3.700000000000000000e+05
7.494759024385881929e-01,3.979593753814697266e+00,1.321435546875000000e+01,2.819999999999999840e+00,0.000000000000000000e+00
7.495399698976946690e-01,3.979593753814697266e+00,1.353469276428222656e+01,2.819999999999999840e+00,3.700000000000000000e+05
7.504738943162634346e-01,3.619593620300292969e+00,1.442572402954101562e+01,2.819999999999999840e+00,0.000000000000000000e+00
7.505905681139639629e-01,3.516994953155517578e+00,1.500000000000000000e+01,2.819999999999999840e+00,3.700000000000000000e+05
7.517906574937506248e-01,3.979593753814697266e+00,1.385502815246582031e+01,2.819999999999999840e+00,0.000000000000000000e+00
7.518547245713873561e-01,3.979593753814697266e+00,1.417536354064941406e+01,2.819999999999999840e+00,3.700000000000000000e+05
7.527886489899561218e-01,3.619593620300292969e+00,1.506639480590820312e+01,2.819999999999999840e+00,0.000000000000000000e+00
7.528527164490625978e-01,3.619593620300292969e+00,1.538673210144042969e+01,2.819999999999999840e+00,3.700000000000000000e+05
7.537866408676313634e-01,3.979593753814697266e+00,1.449570083618164062e+01,2.819999999999999840e+00,0.000000000000000000e+00
7.538188157467652362e-01,4.050716876983642578e+00,1.463999938964843750e+01,2.819999999999999840e+00,3.700000000000000000e+05
7.549372510514776868e-01,3.619593620300292969e+00,1.570706748962402344e+01,2.819999999999999840e+00,0.000000000000000000e+00
7.550013181291144182e-01,3.619593620300292969e+00,1.602740287780761719e+01,2.819999999999999840e+00,3.700000000000000000e+05
7.559352425476831838e-01,3.979593753814697266e+00,1.513637161254882812e+01,2.819999999999999840e+00,0.000000000000000000e+00
7.559993100067896599e-01,3.979593753814697266e+00,1.545670890808105469e+01,2.819999999999999840e+00,3.700000000000000000e+05
7.569332344253584255e-01,3.619593620300292969e+00,1.634774017333984375e+01,2.819999999999999840e+00,0.000000000000000000e+00
7.570305698146305717e-01,3.554172039031982422e+00,1.682999992370605469e+01,2.819999999999999840e+00,3.700000000000000000e+05
7.581342133876906031e-01,3.979593753814697266e+00,1.577704429626464844e+01,2.819999999999999840e+00,0.000000000000000000e+00
7.581982804653273345e-01,3.979593753814697266e+00,1.609737968444824219e+01,2.819999999999999840e+00,3.700000000000000000e+05
7.589661680428949619e-01,3.683596134185791016e+00,1.682999992370605469e+01,2.819999999999999840e+00,0.000000000000000000e+00
7.589920528619257256e-01,3.813020229339599609e+00,1.682999992370605469e+01,2.819999999999999840e+00,3.700000000000000000e+05
7.594241827253782606e-01,3.979593753814697266e+00,1.641771697998046875e+01,2.819999999999999840e+00,0.000000000000000000e+00
7.594482346505920800e-01,4.087893962860107422e+00,1.646999931335449219e+01,2.819999999999999840e+00,3.700000000000000000e+05
7.598255652114223047e-01,3.942444324493408203e+00,1.682999992370605469e+01,2.819999999999999840e+00,0.000000000000000000e+00
7.598514501258204490e-01,4.071868896484375000e+00,1.682999992370605469e+01,2.819999999999999840e+00,3.700000000000000000e+05
7.602287805130587550e-01,4.217318058013916016e+00,1.646999931335449219e+01,2.819999999999999840e+00,0.000000000000000000e+00
7.602546653320895187e-01,4.346742153167724609e+00,1.646999931335449219e+01,2.819999999999999840e+00,3.700000000000000000e+05
7.606319957193278247e-01,4.201292991638183594e+00,1.682999992370605469e+01,2.819999999999999840e+00,0.000000000000000000e+00
7.606578805383585884e-01,4.330717086791992188e+00,1.682999992370605469e+01,2.819999999999999840e+00,3.700000000000000000e+05
7.610352109255968944e-01,4.476166248321533203e+00,1.646999931335449219e+01,2.819999999999999840e+00,0.000000000000000000e+00
7.610610958399950388e-01,4.605590820312500000e+00,1.646999931335449219e+01,2.819999999999999840e+00,3.700000000000000000e+05
7.614384264008252634e-01,4.460141181945800781e+00,1.682999992370605469e+01,2.819999999999999840e+00,0.000000000000000000e+00
7.614643112198560271e-01,4.589565277099609375e+00,1.682999992370605469e+01,2.819999999999999840e+00,3.700000000000000000e+05
7.618416417806862517e-01,4.735014915466308594e+00,1.646999931335449219e+01,2.819999999999999840e+00,0.000000000000000000e+00
7.618675265997170154e-01,4.864439010620117188e+00,1.646999931335449219e+01,2.819999999999999840e+00,3.700000000000000000e+05
7.622448571605472400e-01,4.718989372253417969e+00,1.682999992370605469e+01,2.819999999999999840e+00,0.000000000000000000e+00
7.622707420749453844e-01,4.848413944244384766e+00,1.682999992370605469e+01,2.819999999999999840e+00,3.700000000000000000e+05
7.626480724621836904e-01,4.993863105773925781e+00,1.646999931335449219e+01,2.819999999999999840e+00,0.000000000000000000e+00
7.626739572812144541e-01,5.123287200927734375e+00,1.646999931335449219e+01,2.819999999999999840e+00,3.700000000000000000e+05
7.630512876684527601e-01,4.977838039398193359e+00,1.682999992370605469e+01,2.819999999999999840e+00,0.000000000000000000e+00
7.630771724874835238e-01,5.107262134552001953e+00,1.682999992370605469e+01,2.819999999999999840e+00,3.700000000000000000e+05
7.634545028747218298e-01,5.252711296081542969e+00,1.646999931335449219e+01,2.819999999999999840e+00,0.000000000000000000e+00
7.634803877414363393e-01,5.382135629653930664e+00,1.646999931335449219e+01,2.819999999999999840e+00,3.700000000000000000e+05
7.638577182154705492e-01,5.236686229705810547e+00,1.682999992370605469e+01,2.819999999999999840e+00,0.000000000000000000e+00
7.675880286499445759e-01,9.469593703746795654e+00,-1.334880828857421875e+00,2.819999999999999840e+00,3.700000000000000000e+05
7.685219547437383003e-01,9.109593689441680908e+00,-4.438476562500000000e-01,2.819999999999999840e+00,0.000000000000000000e+00
7.685860218213750317e-01,9.109593689441680908e+00,-1.235122680664062500e-01,2.819999999999999840e+00,3.700000000000000000e+05
7.695199444779232678e-01,9.469593703746795654e+00,-1.014541625976562500e+00,2.819999999999999840e+00,0.000000000000000000e+00
7.695840115555599992e-01,9.469593703746795654e+00,-6.942062377929687500e-01,2.819999999999999840e+00,3.700000000000000000e+05
7.706889665962731728e-01,9.043666422367095947e+00,3.600006103515625000e-01,2.819999999999999840e+00,0.000000000000000000e+00
7.707230517892059707e-01,9.109593689441680908e+00,5.171585083007812500e-01,2.819999999999999840e+00,3.700000000000000000e+05
7.716569744457542068e-01,9.469593703746795654e+00,-3.738708496093750000e-01,2.819999999999999840e+00,0.000000000000000000e+00
7.717210415233909382e-01,9.469593703746795654e+00,-5.353546142578125000e-02,2.819999999999999840e+00,3.700000000000000000e+05
7.726549676171846626e-01,9.109593689441680908e+00,8.374977111816406250e-01,2.819999999999999840e+00,0.000000000000000000e+00
7.727190346948213939e-01,9.109593689441680908e+00,1.157833099365234375e+00,2.819999999999999840e+00,3.700000000000000000e+05
7.739326043060587024e-01,9.577388375997543335e+00,0.000000000000000000e+00,2.819999999999999840e+00,0.000000000000000000e+00
7.739584891370103747e-01,9.706812530755996704e+00,0.000000000000000000e+00,2.819999999999999840e+00,3.700000000000000000e+05
7.743358196218941281e-01,9.561363101005554199e+00,3.600006103515625000e-01,2.819999999999999840e+00,0.000000000000000000e+00
7.743617044528458004e-01,9.690787255764007568e+00,3.600006103515625000e-01,2.819999999999999840e+00,3.700000000000000000e+05
7.747390349485789862e-01,9.836236715316772461e+00,0.000000000000000000e+00,2.819999999999999840e+00,0.000000000000000000e+00
7.747649197795306586e-01,9.965660870075225830e+00,0.000000000000000000e+00,2.819999999999999840e+00,3.700000000000000000e+05
7.751422502752638444e-01,9.820211410522460938e+00,3.600006103515625000e-01,2.819999999999999840e+00,0.000000000000000000e+00
7.751681351181364255e-01,9.949635624885559082e+00,3.600006103515625000e-01,2.819999999999999840e+00,3.700000000000000000e+05
7.755454655921706353e-01,1.009508502483367920e+01,0.000000000000000000e+00,2.819999999999999840e+00,0.000000000000000000e+00
7.755713504350432164e-01,1.022450923919677734e+01,0.000000000000000000e+00,2.819999999999999840e+00,3.700000000000000000e+05
7.759486809307764021e-01,1.007905977964401245e+01,3.600006103515625000e-01,2.819999999999999840e+00,0.000000000000000000e+00
7.759745657617280745e-01,1.020848393440246582e+01,3.600006103515625000e-01,2.819999999999999840e+00,3.700000000000000000e+05
7.763518962357622843e-01,1.035393333435058594e+01,0.000000000000000000e+00,2.819999999999999840e+00,0.000000000000000000e+00
7.763777810786348654e-01,1.048335754871368408e+01,0.000000000000000000e+00,2.819999999999999840e+00,3.700000000000000000e+05
7.767551115960670272e-01,1.033790802955627441e+01,3.600006103515625000e-01,2.819999999999999840e+00,0.000000000000000000e+00
7.767809964389396082e-01,1.046733224391937256e+01,3.600006103515625000e-01,2.819999999999999840e+00,3.700000000000000000e+05
7.771583269129738181e-01,1.061278164386749268e+01,0.000000000000000000e+00,2.819999999999999840e+00,0.000000000000000000e+00
7.771842117558463992e-01,1.074220585823059082e+01,0.000000000000000000e+00,2.819999999999999840e+00,3.700000000000000000e+05
7.775615422732785609e-01,1.059675633907318115e+01,3.600006103515625000e-01,2.819999999999999840e+00,0.000000000000000000e+00
7.775874271161511420e-01,1.072618055343627930e+01,3.600006103515625000e-01,2.819999999999999840e+00,3.700000000000000000e+05
7.779647575901853518e-01,1.087162995338439941e+01,0.000000000000000000e+00,2.819999999999999840e+00,0.000000000000000000e+00
7.798117381456322050e-01,5.809593677520751953e+00,7.723937988281250000e+00,2.819999999999999840e+00,3.700000000000000000e+05
7.807456641960279775e-01,5.449593782424926758e+00,8.614971160888671875e+00,2.819999999999999840e+00,0.000000000000000000e+00
7.808097312736647089e-01,5.449593782424926758e+00,8.935306549072265625e+00,2.819999999999999840e+00,3.700000000000000000e+05
7.817436573240604814e-01,5.809593677520751953e+00,8.044273376464843750e+00,2.819999999999999840e+00,0.000000000000000000e+00
7.818077251646367021e-01,5.809593677520751953e+00,8.364612579345703125e+00,2.819999999999999840e+00,3.700000000000000000e+05
7.830082487636068622e-01,5.346826553344726562e+00,9.509998321533203125e+00,2.819999999999999840e+00,0.000000000000000000e+00
7.830326736135178045e-01,5.449593782424926758e+00,9.575977325439453125e+00,2.819999999999999840e+00,3.700000000000000000e+05
7.839665962266678667e-01,5.809593677520751953e+00,8.684947967529296875e+00,2.819999999999999840e+00,0.000000000000000000e+00
7.840306633043045981e-01,5.809593677520751953e+00,9.005283355712890625e+00,2.819999999999999840e+00,3.700000000000000000e+05
7.849645859174546603e-01,5.449593782424926758e+00,9.896312713623046875e+00,2.819999999999999840e+00,0.000000000000000000e+00
7.850286537580308810e-01,5.449593782424926758e+00,1.021665191650390625e+01,2.819999999999999840e+00,3.700000000000000000e+05
7.861466513195186634e-01,5.880548477172851562e+00,9.150001525878906250e+00,2.819999999999999840e+00,0.000000000000000000e+00
7.861725361385494271e-01,6.009972572326660156e+00,9.150001525878906250e+00,2.819999999999999840e+00,3.700000000000000000e+05
7.865498631753395919e-01,5.864523172378540039e+00,9.509998321533203125e+00,2.819999999999999840e+00,0.000000000000000000e+00
7.865757479943703556e-01,5.993947267532348633e+00,9.509998321533203125e+00,2.819999999999999840e+00,3.700000000000000000e+05
7.869530750311605205e-01,6.139396667480468750e+00,9.150001525878906250e+00,2.819999999999999840e+00,0.000000000000000000e+00
7.869789598978750300e-01,6.268821001052856445e+00,9.150001525878906250e+00,2.819999999999999840e+00,3.700000000000000000e+05
7.873562870214619869e-01,6.123371362686157227e+00,9.509998321533203125e+00,2.819999999999999840e+00,0.000000000000000000e+00
7.873821718881764964e-01,6.252795696258544922e+00,9.509998321533203125e+00,2.819999999999999840e+00,3.700000000000000000e+05
7.877594989249666613e-01,6.398245096206665039e+00,9.150001525878906250e+00,2.819999999999999840e+00,0.000000000000000000e+00
7.877853837439974249e-01,6.527669191360473633e+00,9.150001525878906250e+00,2.819999999999999840e+00,3.700000000000000000e+05
7.881627107807875898e-01,6.382219791412353516e+00,9.509998321533203125e+00,2.819999999999999840e+00,0.000000000000000000e+00
7.881885955998183535e-01,6.511643886566162109e+00,9.509998321533203125e+00,2.819999999999999840e+00,3.700000000000000000e+05
7.885659227234053104e-01,6.657093524932861328e+00,9.150001525878906250e+00,2.819999999999999840e+00,0.000000000000000000e+00
7.885918075424360740e-01,6.786517620086669922e+00,9.150001525878906250e+00,2.819999999999999840e+00,3.700000000000000000e+05
7.889691345792262389e-01,6.641068220138549805e+00,9.509998321533203125e+00,2.819999999999999840e+00,0.000000000000000000e+00
7.889950193982570026e-01,6.770492315292358398e+00,9.509998321533203125e+00,2.819999999999999840e+00,3.700000000000000000e+05
7.893723464350471675e-01,6.915941715240478516e+00,9.150001525878906250e+00,2.819999999999999840e+00,0.000000000000000000e+00
7.893982313017616770e-01,7.045366048812866211e+00,9.150001525878906250e+00,2.819999999999999840e+00,3.700000000000000000e+05
7.897755584253486338e-01,6.899916410446166992e+00,9.509998321533203125e+00,2.819999999999999840e+00,0.000000000000000000e+00
7.898014432920631434e-01,7.029340744018554688e+00,9.509998321533203125e+00,2.819999999999999840e+00,3.700000000000000000e+05
7.901787703288533082e-01,7.174790143966674805e+00,9.150001525878906250e+00,2.819999999999999840e+00,0.000000000000000000e+00
7.903690435419453708e-01,7.639593720436096191e+00,8.319908142089843750e+00,2.819999999999999840e+00,3.700000000000000000e+05
7.916164235896471224e-01,7.158764839172363281e+00,9.509998321533203125e+00,2.819999999999999840e+00,0.000000000000000000e+00
7.916409610893376803e-01,7.279593706130981445e+00,9.531272888183593750e+00,2.819999999999999840e+00,3.700000000000000000e+05
7.925748837458859164e-01,7.639593720436096191e+00,8.640243530273437500e+00,2.819999999999999840e+00,0.000000000000000000e+00
7.926389508235226478e-01,7.639593720436096191e+00,8.960578918457031250e+00,2.819999999999999840e+00,3.700000000000000000e+05
7.935728769173163721e-01,7.279593706130981445e+00,9.851612091064453125e+00,2.819999999999999840e+00,0.000000000000000000e+00
7.936369439949531035e-01,7.279593706130981445e+00,1.017194747924804688e+01,2.819999999999999840e+00,3.700000000000000000e+05
7.947080851511073574e-01,7.692486763000488281e+00,9.150001525878906250e+00,2.819999999999999840e+00,0.000000000000000000e+00
7.947339699701381210e-01,7.821910858154296875e+00,9.150001525878906250e+00,2.819999999999999840e+00,3.700000000000000000e+05
7.951112970069282859e-01,7.676461458206176758e+00,9.509998321533203125e+00,2.819999999999999840e+00,0.000000000000000000e+00
7.951371818498008670e-01,7.805885672569274902e+00,9.509998321533203125e+00,2.819999999999999840e+00,3.700000000000000000e+05
7.955145089299894279e-01,7.951335191726684570e+00,9.150001525878906250e+00,2.819999999999999840e+00,0.000000000000000000e+00
7.955403937490201915e-01,8.080759286880493164e+00,9.150001525878906250e+00,2.819999999999999840e+00,3.700000000000000000e+05
7.959177207858103564e-01,7.935309886932373047e+00,9.509998321533203125e+00,2.819999999999999840e+00,0.000000000000000000e+00
7.959436056048411201e-01,8.064733982086181641e+00,9.509998321533203125e+00,2.819999999999999840e+00,3.700000000000000000e+05
7.963209326416312850e-01,8.210183382034301758e+00,9.150001525878906250e+00,2.819999999999999840e+00,0.000000000000000000e+00
7.963468174606620487e-01,8.339607477188110352e+00,9.150001525878906250e+00,2.819999999999999840e+00,3.700000000000000000e+05
7.967241444974522135e-01,8.194158077239990234e+00,9.509998321533203125e+00,2.819999999999999840e+00,0.000000000000000000e+00
7.967500293641667231e-01,8.323582410812377930e+00,9.509998321533203125e+00,2.819999999999999840e+00,3.700000000000000000e+05
7.971273564009568879e-01,8.469031810760498047e+00,9.150001525878906250e+00,2.819999999999999840e+00,0.000000000000000000e+00
7.971532412199876516e-01,8.598455905914306641e+00,9.150001525878906250e+00,2.819999999999999840e+00,3.700000000000000000e+05
7.975305682567778165e-01,8.453006505966186523e+00,9.509998321533203125e+00,2.819999999999999840e+00,0.000000000000000000e+00
7.975564530758085802e-01,8.582430601119995117e+00,9.509998321533203125e+00,2.819999999999999840e+00,3.700000000000000000e+05
7.979337801125987450e-01,8.727880001068115234e+00,9.150001525878906250e+00,2.819999999999999840e+00,0.000000000000000000e+00
7.979596649852737089e-01,8.857304364442825317e+00,9.150001525878906250e+00,2.819999999999999840e+00,3.700000000000000000e+05
7.983369920329135283e-01,8.711854934692382812e+00,9.509998321533203125e+00,2.819999999999999840e+00,0.000000000000000000e+00
7.983628768579047463e-01,8.841279059648513794e+00,9.509998321533203125e+00,2.819999999999999840e+00,3.700000000000000000e+05
7.987402038946949112e-01,8.986728459596633911e+00,9.150001525878906250e+00,2.819999999999999840e+00,0.000000000000000000e+00
8.000216503696198078e-01,3.997514724731445312e+00,1.316999816894531250e+01,2.819999999999999840e+00,3.700000000000000000e+05
8.003989773196134028e-01,4.142963886260986328e+00,1.281000137329101562e+01,2.819999999999999840e+00,0.000000000000000000e+00
8.004248622340115471e-01,4.272388458251953125e+00,1.281000137329101562e+01,2.819999999999999840e+00,3.700000000000000000e+05
8.008021893575985040e-01,4.126938819885253906e+00,1.316999816894531250e+01,2.819999999999999840e+00,0.000000000000000000e+00
8.008280741766292676e-01,4.256362915039062500e+00,1.316999816894531250e+01,2.819999999999999840e+00,3.700000000000000000e+05
8.012054013002162245e-01,4.401812553405761719e+00,1.281000137329101562e+01,2.819999999999999840e+00,0.000000000000000000e+00
8.012312861192469882e-01,4.531236648559570312e+00,1.281000137329101562e+01,2.819999999999999840e+00,3.700000000000000000e+05
8.016086132428339450e-01,4.385787010192871094e+00,1.316999816894531250e+01,2.819999999999999840e+00,0.000000000000000000e+00
8.016344980618647087e-01,4.515211105346679688e+00,1.316999816894531250e+01,2.819999999999999840e+00,3.700000000000000000e+05
8.020118251854516656e-01,4.660660743713378906e+00,1.281000137329101562e+01,2.819999999999999840e+00,0.000000000000000000e+00
8.020377100044824292e-01,4.790084838867187500e+00,1.281000137329101562e+01,2.819999999999999840e+00,3.700000000000000000e+05
8.024150369544760242e-01,4.644635677337646484e+00,1.316999816894531250e+01,2.819999999999999840e+00,0.000000000000000000e+00
8.024409217735067879e-01,4.774059772491455078e+00,1.316999816894531250e+01,2.819999999999999840e+00,3.700000000000000000e+05
8.028182487235003828e-01,4.919508934020996094e+00,1.281000137329101562e+01,2.819999999999999840e+00,0.000000000000000000e+00
8.028441336378985271e-01,5.048933506011962891e+00,1.281000137329101562e+01,2.819999999999999840e+00,3.700000000000000000e+05
8.032214607614854840e-01,4.903483867645263672e+00,1.316999816894531250e+01,2.819999999999999840e+00,0.000000000000000000e+00
8.032473455805162477e-01,5.032907962799072266e+00,1.316999816894531250e+01,2.819999999999999840e+00,3.700000000000000000e+05
8.036246727041032045e-01,5.178357601165771484e+00,1.281000137329101562e+01,2.819999999999999840e+00,0.000000000000000000e+00
8.036505575231339682e-01,5.307781696319580078e+00,1.281000137329101562e+01,2.819999999999999840e+00,3.700000000000000000e+05
8.040278846467209251e-01,5.162332057952880859e+00,1.316999816894531250e+01,2.819999999999999840e+00,0.000000000000000000e+00
8.040537695134354346e-01,5.291756391525268555e+00,1.316999816894531250e+01,2.819999999999999840e+00,3.700000000000000000e+05
8.044310965502255995e-01,5.437205791473388672e+00,1.281000137329101562e+01,2.819999999999999840e+00,0.000000000000000000e+00
8.062461319446978525e-01,7.694354653358459473e+00,4.020000457763671875e+00,2.819999999999999840e+00,3.700000000000000000e+05
8.066234624187320623e-01,7.839804053306579590e+00,3.659999847412109375e+00,2.819999999999999840e+00,0.000000000000000000e+00
8.066493472616046434e-01,7.969228267669677734e+00,3.659999847412109375e+00,2.819999999999999840e+00,3.700000000000000000e+05
8.070266777790368051e-01,7.823778748512268066e+00,4.020000457763671875e+00,2.819999999999999840e+00,0.000000000000000000e+00
8.070525626219093862e-01,7.953202962875366211e+00,4.020000457763671875e+00,2.819999999999999840e+00,3.700000000000000000e+05
8.074298930959435960e-01,8.098652362823486328e+00,3.659999847412109375e+00,2.819999999999999840e+00,0.000000000000000000e+00
8.074557779388161771e-01,8.228076577186584473e+00,3.659999847412109375e+00,2.819999999999999840e+00,3.700000000000000000e+05
8.078331084562483388e-01,8.082627058029174805e+00,4.020000457763671875e+00,2.819999999999999840e+00,0.000000000000000000e+00
8.078589932991209199e-01,8.212051272392272949e+00,4.020000457763671875e+00,2.819999999999999840e+00,3.700000000000000000e+05
8.082363237948541057e-01,8.357500731945037842e+00,3.659999847412109375e+00,2.819999999999999840e+00,0.000000000000000000e+00
8.082622086258057781e-01,8.486924886703491211e+00,3.659999847412109375e+00,2.819999999999999840e+00,3.700000000000000000e+05
8.086395391215389639e-01,8.341475427150726318e+00,4.020000457763671875e+00,2.819999999999999840e+00,0.000000000000000000e+00
8.086654239524906362e-01,8.470899581909179688e+00,4.020000457763671875e+00,2.819999999999999840e+00,3.700000000000000000e+05
8.090427544482238220e-01,8.616349041461944580e+00,3.659999847412109375e+00,2.819999999999999840e+00,0.000000000000000000e+00
8.090686392910964031e-01,8.745773255825042725e+00,3.659999847412109375e+00,2.819999999999999840e+00,3.700000000000000000e+05
8.094459697868295889e-01,8.600323796272277832e+00,4.020000457763671875e+00,2.819999999999999840e+00,0.000000000000000000e+00
8.094718546177812613e-01,8.729747951030731201e+00,4.020000457763671875e+00,2.819999999999999840e+00,3.700000000000000000e+05
8.098491850918154711e-01,8.875197350978851318e+00,3.659999847412109375e+00,2.819999999999999840e+00,0.000000000000000000e+00
8.098750699346880522e-01,9.004621565341949463e+00,3.659999847412109375e+00,2.819999999999999840e+00,3.700000000000000000e+05
8.102524004087222620e-01,8.859172165393829346e+00,4.020000457763671875e+00,2.819999999999999840e+00,0.000000000000000000e+00
8.109497425443378260e-01,9.469593703746795654e+00,5.871391296386718750e-01,2.819999999999999840e+00,3.700000000000000000e+05
8.118836652008860622e-01,9.109593689441680908e+00,1.478168487548828125e+00,2.819999999999999840e+00,0.000000000000000000e+00
8.119477322785227935e-01,9.109593689441680908e+00,1.798503875732421875e+00,2.819999999999999840e+00,3.700000000000000000e+05
8.128816549350710297e-01,9.469593703746795654e+00,9.074745178222656250e-01,2.819999999999999840e+00,0.000000000000000000e+00
8.129457220127077610e-01,9.469593703746795654e+00,1.227809906005859375e+00,2.819999999999999840e+00,3.700000000000000000e+05
8.139542295497709246e-01,9.080843448638916016e+00,2.189998626708984375e+00,2.819999999999999840e+00,0.000000000000000000e+00
8.140043961398693018e-01,9.109593689441680908e+00,2.439178466796875000e+00,2.819999999999999840e+00,3.700000000000000000e+05
8.149383222336630261e-01,9.469593703746795654e+00,1.548145294189453125e+00,2.819999999999999840e+00,0.000000000000000000e+00
8.149947792376799338e-01,9.485141217708587646e+00,1.830001831054687500e+00,2.819999999999999840e+00,3.700000000000000000e+05
8.159690368872810629e-01,9.109593689441680908e+00,2.759513854980468750e+00,2.819999999999999840e+00,0.000000000000000000e+00
8.160331039649177942e-01,9.109593689441680908e+00,3.079849243164062500e+00,2.819999999999999840e+00,3.700000000000000000e+05
8.173431176425599576e-01,9.614565402269363403e+00,1.830001831054687500e+00,2.819999999999999840e+00,0.000000000000000000e+00
8.173690024735116300e-01,9.743989557027816772e+00,1.830001831054687500e+00,2.819999999999999840e+00,3.700000000000000000e+05
8.177463295211514493e-01,9.598540127277374268e+00,2.189998626708984375e+00,2.819999999999999840e+00,0.000000000000000000e+00
8.177722143521031217e-01,9.727964282035827637e+00,2.189998626708984375e+00,2.819999999999999840e+00,3.700000000000000000e+05
8.181495414105924846e-01,9.873413741588592529e+00,1.830001831054687500e+00,2.819999999999999840e+00,0.000000000000000000e+00
8.181754262415441570e-01,1.000283789634704590e+01,1.830001831054687500e+00,2.819999999999999840e+00,3.700000000000000000e+05
8.185527533000335199e-01,9.857388436794281006e+00,2.189998626708984375e+00,2.819999999999999840e+00,0.000000000000000000e+00
8.185786381429061009e-01,9.986812651157379150e+00,2.189998626708984375e+00,2.819999999999999840e+00,3.700000000000000000e+05
8.189559651796962658e-01,1.013226205110549927e+01,1.830001831054687500e+00,2.819999999999999840e+00,0.000000000000000000e+00
8.189818500225688469e-01,1.026168626546859741e+01,1.830001831054687500e+00,2.819999999999999840e+00,3.700000000000000000e+05
8.193591770810582098e-01,1.011623680591583252e+01,2.189998626708984375e+00,2.819999999999999840e+00,0.000000000000000000e+00
8.193850619120098822e-01,1.024566096067428589e+01,2.189998626708984375e+00,2.819999999999999840e+00,3.700000000000000000e+05
8.197623889704992450e-01,1.039111042022705078e+01,1.830001831054687500e+00,2.819999999999999840e+00,0.000000000000000000e+00
8.197882737895300087e-01,1.052053451538085938e+01,1.830001831054687500e+00,2.819999999999999840e+00,3.700000000000000000e+05
8.201656008263201736e-01,1.037508511543273926e+01,2.189998626708984375e+00,2.819999999999999840e+00,0.000000000000000000e+00
8.201914856453509373e-01,1.050450921058654785e+01,2.189998626708984375e+00,2.819999999999999840e+00,3.700000000000000000e+05
8.205688127255394981e-01,1.064995872974395752e+01,1.830001831054687500e+00,2.819999999999999840e+00,0.000000000000000000e+00
8.205946975445702618e-01,1.077938282489776611e+01,1.830001831054687500e+00,2.819999999999999840e+00,3.700000000000000000e+05
8.209720245813604267e-01,1.063393342494964600e+01,2.189998626708984375e+00,2.819999999999999840e+00,0.000000000000000000e+00
8.209979094242330078e-01,1.076335763931274414e+01,2.189998626708984375e+00,2.819999999999999840e+00,3.700000000000000000e+05
8.213752364610231727e-01,1.090880703926086426e+01,1.830001831054687500e+00,2.819999999999999840e+00,0.000000000000000000e+00
8.232416885743167878e-01,5.809593677520751953e+00,9.645954132080078125e+00,2.819999999999999840e+00,3.700000000000000000e+05
8.241756146247125603e-01,5.449593782424926758e+00,1.053698730468750000e+01,2.819999999999999840e+00,0.000000000000000000e+00
8.242396817023492916e-01,5.449593782424926758e+00,1.085732269287109375e+01,2.819999999999999840e+00,3.700000000000000000e+05
8.251736077527450641e-01,5.809593677520751953e+00,9.966289520263671875e+00,2.819999999999999840e+00,0.000000000000000000e+00
8.252376755933212849e-01,5.809593677520751953e+00,1.028662872314453125e+01,2.819999999999999840e+00,3.700000000000000000e+05
8.263417551909834069e-01,5.384003400802612305e+00,1.134000015258789062e+01,2.819999999999999840e+00,0.000000000000000000e+00
8.263759686306044738e-01,5.449593782424926758e+00,1.149799346923828125e+01,2.819999999999999840e+00,3.700000000000000000e+05
8.273098912437545360e-01,5.809593677520751953e+00,1.060696411132812500e+01,2.819999999999999840e+00,0.000000000000000000e+00
8.273739583213912674e-01,5.809593677520751953e+00,1.092729949951171875e+01,2.819999999999999840e+00,3.700000000000000000e+05
8.283078809345413296e-01,5.449593782424926758e+00,1.181832885742187500e+01,2.819999999999999840e+00,0.000000000000000000e+00
8.283719487751175503e-01,5.449593782424926758e+00,1.213866806030273438e+01,2.819999999999999840e+00,3.700000000000000000e+05
8.295863937751588590e-01,5.917725324630737305e+00,1.097999954223632812e+01,2.819999999999999840e+00,0.000000000000000000e+00
8.296122786418733686e-01,6.047149658203125000e+00,1.097999954223632812e+01,2.819999999999999840e+00,3.700000000000000000e+05
8.299896091159075784e-01,5.901700258255004883e+00,1.134000015258789062e+01,2.819999999999999840e+00,0.000000000000000000e+00
8.300154939349383421e-01,6.031124353408813477e+00,1.134000015258789062e+01,2.819999999999999840e+00,3.700000000000000000e+05
8.303928244089725519e-01,6.176573753356933594e+00,1.097999954223632812e+01,2.819999999999999840e+00,0.000000000000000000e+00
8.304187092280033156e-01,6.305997848510742188e+00,1.097999954223632812e+01,2.819999999999999840e+00,3.700000000000000000e+05
8.307960397020375254e-01,6.160548448562622070e+00,1.134000015258789062e+01,2.819999999999999840e+00,0.000000000000000000e+00
8.308219245210682891e-01,6.289972543716430664e+00,1.134000015258789062e+01,2.819999999999999840e+00,3.700000000000000000e+05
8.311992550818985137e-01,6.435422182083129883e+00,1.097999954223632812e+01,2.819999999999999840e+00,0.000000000000000000e+00
8.312251399009292774e-01,6.564846277236938477e+00,1.097999954223632812e+01,2.819999999999999840e+00,3.700000000000000000e+05
8.316024703749634872e-01,6.419396877288818359e+00,1.134000015258789062e+01,2.819999999999999840e+00,0.000000000000000000e+00
8.316283551939942509e-01,6.548820972442626953e+00,1.134000015258789062e+01,2.819999999999999840e+00,3.700000000000000000e+05
8.320056856680284607e-01,6.694270372390747070e+00,1.097999954223632812e+01,2.819999999999999840e+00,0.000000000000000000e+00
8.320315705347429702e-01,6.823694705963134766e+00,1.097999954223632812e+01,2.819999999999999840e+00,3.700000000000000000e+05
8.324089010955731949e-01,6.678245067596435547e+00,1.134000015258789062e+01,2.819999999999999840e+00,0.000000000000000000e+00
8.324347859622877044e-01,6.807669401168823242e+00,1.134000015258789062e+01,2.819999999999999840e+00,3.700000000000000000e+05
8.328121164363219142e-01,6.953118801116943359e+00,1.097999954223632812e+01,2.819999999999999840e+00,0.000000000000000000e+00
8.328380012553526779e-01,7.082542896270751953e+00,1.097999954223632812e+01,2.819999999999999840e+00,3.700000000000000000e+05
8.332153317293868877e-01,6.937093496322631836e+00,1.134000015258789062e+01,2.819999999999999840e+00,0.000000000000000000e+00
8.332412165961013972e-01,7.066517829895019531e+00,1.134000015258789062e+01,2.819999999999999840e+00,3.700000000000000000e+05
8.336185470701356071e-01,7.211967229843139648e+00,1.097999954223632812e+01,2.819999999999999840e+00,0.000000000000000000e+00
8.346433491538590710e-01,4.034691810607910156e+00,1.500000000000000000e+01,2.819999999999999840e+00,3.700000000000000000e+05
8.350206795410973770e-01,4.180140972137451172e+00,1.463999938964843750e+01,2.819999999999999840e+00,0.000000000000000000e+00
8.350465643601281407e-01,4.309565067291259766e+00,1.463999938964843750e+01,2.819999999999999840e+00,3.700000000000000000e+05
8.354238947473664467e-01,4.164115905761718750e+00,1.500000000000000000e+01,2.819999999999999840e+00,0.000000000000000000e+00
8.354497795663972104e-01,4.293540000915527344e+00,1.500000000000000000e+01,2.819999999999999840e+00,3.700000000000000000e+05
8.358271101272274350e-01,4.438989639282226562e+00,1.463999938964843750e+01,2.819999999999999840e+00,0.000000000000000000e+00
8.358529949462581987e-01,4.568413734436035156e+00,1.463999938964843750e+01,2.819999999999999840e+00,3.700000000000000000e+05
8.362303255070884234e-01,4.422964096069335938e+00,1.500000000000000000e+01,2.819999999999999840e+00,0.000000000000000000e+00
8.362562103261191870e-01,4.552388191223144531e+00,1.500000000000000000e+01,2.819999999999999840e+00,3.700000000000000000e+05
8.366335408869494117e-01,4.697837829589843750e+00,1.463999938964843750e+01,2.819999999999999840e+00,0.000000000000000000e+00
8.366594257059801754e-01,4.827261924743652344e+00,1.463999938964843750e+01,2.819999999999999840e+00,3.700000000000000000e+05
8.370367562668104000e-01,4.681812286376953125e+00,1.500000000000000000e+01,2.819999999999999840e+00,0.000000000000000000e+00
8.370626411812085443e-01,4.811236858367919922e+00,1.500000000000000000e+01,2.819999999999999840e+00,3.700000000000000000e+05
8.374399715684468504e-01,4.956686019897460938e+00,1.463999938964843750e+01,2.819999999999999840e+00,0.000000000000000000e+00
8.374658563874776140e-01,5.086110115051269531e+00,1.463999938964843750e+01,2.819999999999999840e+00,3.700000000000000000e+05
8.378431867747159201e-01,4.940660953521728516e+00,1.500000000000000000e+01,2.819999999999999840e+00,0.000000000000000000e+00
8.378690715937466837e-01,5.070085048675537109e+00,1.500000000000000000e+01,2.819999999999999840e+00,3.700000000000000000e+05
8.382464019809849898e-01,5.215534210205078125e+00,1.463999938964843750e+01,2.819999999999999840e+00,0.000000000000000000e+00
8.382722868476994993e-01,5.344958543777465820e+00,1.463999938964843750e+01,2.819999999999999840e+00,3.700000000000000000e+05
8.386496173217337091e-01,5.199509143829345703e+00,1.500000000000000000e+01,2.819999999999999840e+00,0.000000000000000000e+00
8.405483923557337533e-01,7.731531620025634766e+00,5.849998474121093750e+00,2.819999999999999840e+00,3.700000000000000000e+05
8.409257193925239182e-01,7.876981019973754883e+00,5.490001678466796875e+00,2.819999999999999840e+00,0.000000000000000000e+00
8.409516042353964993e-01,8.006405234336853027e+00,5.490001678466796875e+00,2.819999999999999840e+00,3.700000000000000000e+05
8.413289312721866642e-01,7.860955834388732910e+00,5.849998474121093750e+00,2.819999999999999840e+00,0.000000000000000000e+00
8.413548160912174279e-01,7.990379929542541504e+00,5.849998474121093750e+00,2.819999999999999840e+00,3.700000000000000000e+05
8.417321431714059887e-01,8.135829448699951172e+00,5.490001678466796875e+00,2.819999999999999840e+00,0.000000000000000000e+00
8.417580279904367524e-01,8.265253543853759766e+00,5.490001678466796875e+00,2.819999999999999840e+00,3.700000000000000000e+05
8.421353550272269173e-01,8.119804143905639648e+00,5.849998474121093750e+00,2.819999999999999840e+00,0.000000000000000000e+00
8.421612398700994984e-01,8.249228358268737793e+00,5.849998474121093750e+00,2.819999999999999840e+00,3.700000000000000000e+05
8.425385669068896632e-01,8.394677758216857910e+00,5.490001678466796875e+00,2.819999999999999840e+00,0.000000000000000000e+00
8.425644517378413356e-01,8.524101912975311279e+00,5.490001678466796875e+00,2.819999999999999840e+00,3.700000000000000000e+05
8.429417787963306985e-01,8.378652453422546387e+00,5.849998474121093750e+00,2.819999999999999840e+00,0.000000000000000000e+00
8.429676636272823709e-01,8.508076608180999756e+00,5.849998474121093750e+00,2.819999999999999840e+00,3.700000000000000000e+05
8.433449906857717338e-01,8.653526067733764648e+00,5.490001678466796875e+00,2.819999999999999840e+00,0.000000000000000000e+00
8.433708755286443148e-01,8.782950282096862793e+00,5.490001678466796875e+00,2.819999999999999840e+00,3.700000000000000000e+05
8.437482025871336777e-01,8.637500822544097900e+00,5.849998474121093750e+00,2.819999999999999840e+00,0.000000000000000000e+00
8.437740874180853501e-01,8.766924977302551270e+00,5.849998474121093750e+00,2.819999999999999840e+00,3.700000000000000000e+05
8.441514144548755150e-01,8.912374377250671387e+00,5.490001678466796875e+00,2.819999999999999840e+00,0.000000000000000000e+00
8.441772992977480961e-01,9.041798591613769531e+00,5.490001678466796875e+00,2.819999999999999840e+00,3.700000000000000000e+05
8.445546263345382609e-01,8.896349191665649414e+00,5.849998474121093750e+00,2.819999999999999840e+00,0.000000000000000000e+00
8.464534006332330440e-01,1.142837166786193848e+01,-3.299999237060546875e+00,2.819999999999999840e+00,3.700000000000000000e+05
8.468307311072672539e-01,1.157382106781005859e+01,-3.659999847412109375e+00,2.819999999999999840e+00,0.000000000000000000e+00
8.468566159262980175e-01,1.170324516296386719e+01,-3.659999847412109375e+00,2.819999999999999840e+00,3.700000000000000000e+05
8.472339464003322274e-01,1.155779576301574707e+01,-3.299999237060546875e+00,2.819999999999999840e+00,0.000000000000000000e+00
8.472598312193629910e-01,1.168721985816955566e+01,-3.299999237060546875e+00,2.819999999999999840e+00,3.700000000000000000e+05
8.476371616933972009e-01,1.183266925811767578e+01,-3.659999847412109375e+00,2.819999999999999840e+00,0.000000000000000000e+00
8.476630465601117104e-01,1.196209359169006348e+01,-3.659999847412109375e+00,2.819999999999999840e+00,3.700000000000000000e+05
8.480403770341459202e-01,1.181664419174194336e+01,-3.299999237060546875e+00,2.819999999999999840e+00,0.000000000000000000e+00
8.480662618531766839e-01,1.194606828689575195e+01,-3.299999237060546875e+00,2.819999999999999840e+00,3.700000000000000000e+05
8.484435923272108937e-01,1.209151768684387207e+01,-3.659999847412109375e+00,2.819999999999999840e+00,0.000000000000000000e+00
8.484694771462416574e-01,1.222094178199768066e+01,-3.659999847412109375e+00,2.819999999999999840e+00,3.700000000000000000e+05
8.488468076202758672e-01,1.207549238204956055e+01,-3.299999237060546875e+00,2.819999999999999840e+00,0.000000000000000000e+00
8.488726924393066309e-01,1.220491647720336914e+01,-3.299999237060546875e+00,2.819999999999999840e+00,3.700000000000000000e+05
8.492500230001368555e-01,1.235036611557006836e+01,-3.659999847412109375e+00,2.819999999999999840e+00,0.000000000000000000e+00
8.492759078191676192e-01,1.247979021072387695e+01,-3.659999847412109375e+00,2.819999999999999840e+00,3.700000000000000000e+05
8.496532382932018290e-01,1.233434081077575684e+01,-3.299999237060546875e+00,2.819999999999999840e+00,0.000000000000000000e+00
8.496791231122325927e-01,1.246376490592956543e+01,-3.299999237060546875e+00,2.819999999999999840e+00,3.700000000000000000e+05
8.500564535862668025e-01,1.260921430587768555e+01,-3.659999847412109375e+00,2.819999999999999840e+00,0.000000000000000000e+00
8.500823384529813120e-01,1.273863863945007324e+01,-3.659999847412109375e+00,2.819999999999999840e+00,3.700000000000000000e+05
8.504596689270155219e-01,1.259318923950195312e+01,-3.299999237060546875e+00,2.819999999999999840e+00,0.000000000000000000e+00
8.504855537460462855e-01,1.272261333465576172e+01,-3.299999237060546875e+00,2.819999999999999840e+00,3.700000000000000000e+05
8.508628842200804954e-01,1.286806273460388184e+01,-3.659999847412109375e+00,2.819999999999999840e+00,0.000000000000000000e+00
8.508887690391112590e-01,1.299748682975769043e+01,-3.659999847412109375e+00,2.819999999999999840e+00,3.700000000000000000e+05
8.514799782198865241e-01,1.276959371566772461e+01,-3.095943450927734375e+00,2.819999999999999840e+00,0.000000000000000000e+00
8.515440452975232555e-01,1.276959371566772461e+01,-2.775608062744140625e+00,2.819999999999999840e+00,3.700000000000000000e+05
8.524710105605869392e-01,1.312691116333007812e+01,-3.659999847412109375e+00,2.819999999999999840e+00,0.000000000000000000e+00
8.525337524173089987e-01,1.312959361076354980e+01,-3.346302032470703125e+00,2.819999999999999840e+00,3.700000000000000000e+05
8.534676750304590609e-01,1.276959371566772461e+01,-2.455272674560546875e+00,2.819999999999999840e+00,0.000000000000000000e+00
8.535317421080957923e-01,1.276959371566772461e+01,-2.134937286376953125e+00,2.819999999999999840e+00,3.700000000000000000e+05
8.544656647212458545e-01,1.312959361076354980e+01,-3.025966644287109375e+00,2.819999999999999840e+00,0.000000000000000000e+00
8.545297317988825858e-01,1.312959361076354980e+01,-2.705631256103515625e+00,2.819999999999999840e+00,3.700000000000000000e+05
8.558248436949688065e-01,1.263036608695983887e+01,-1.470001220703125000e+00,2.819999999999999840e+00,0.000000000000000000e+00
8.558507285616833160e-01,1.275979042053222656e+01,-1.470001220703125000e+00,2.819999999999999840e+00,3.700000000000000000e+05
8.568100843754808960e-01,1.312959361076354980e+01,-2.385295867919921875e+00,2.819999999999999840e+00,0.000000000000000000e+00
8.568741514531176273e-01,1.312959361076354980e+01,-2.064960479736328125e+00,2.819999999999999840e+00,3.700000000000000000e+05
8.578080775035133998e-01,1.276959371566772461e+01,-1.173927307128906250e+00,2.819999999999999840e+00,0.000000000000000000e+00
8.578721445811501312e-01,1.276959371566772461e+01,-8.535919189453125000e-01,2.819999999999999840e+00,3.700000000000000000e+05
8.588955572827673413e-01,1.316408801078796387e+01,-1.830001831054687500e+00,2.819999999999999840e+00,0.000000000000000000e+00
8.589214421494818508e-01,1.329351234436035156e+01,-1.830001831054687500e+00,2.819999999999999840e+00,3.700000000000000000e+05
8.592987726235160606e-01,1.314806294441223145e+01,-1.470001220703125000e+00,2.819999999999999840e+00,0.000000000000000000e+00
8.593246574425468243e-01,1.327748703956604004e+01,-1.470001220703125000e+00,2.819999999999999840e+00,3.700000000000000000e+05
8.597019879165810341e-01,1.342293643951416016e+01,-1.830001831054687500e+00,2.819999999999999840e+00,0.000000000000000000e+00
8.597278727356117978e-01,1.355236053466796875e+01,-1.830001831054687500e+00,2.819999999999999840e+00,3.700000000000000000e+05
8.601052031228501038e-01,1.340691137313842773e+01,-1.470001220703125000e+00,2.819999999999999840e+00,0.000000000000000000e+00
8.601310879418808675e-01,1.353633546829223633e+01,-1.470001220703125000e+00,2.819999999999999840e+00,3.700000000000000000e+05
8.605084183291191735e-01,1.368178462982177734e+01,-1.830001831054687500e+00,2.819999999999999840e+00,0.000000000000000000e+00
8.605343031481499372e-01,1.381120872497558594e+01,-1.830001831054687500e+00,2.819999999999999840e+00,3.700000000000000000e+05
8.609116335353882432e-01,1.366575956344604492e+01,-1.470001220703125000e+00,2.819999999999999840e+00,0.000000000000000000e+00
8.609375183544190069e-01,1.379518365859985352e+01,-1.470001220703125000e+00,2.819999999999999840e+00,3.700000000000000000e+05
8.613148487416573129e-01,1.394063282012939453e+01,-1.830001831054687500e+00,2.819999999999999840e+00,0.000000000000000000e+00
8.613407336560554572e-01,1.407005739212036133e+01,-1.830001831054687500e+00,2.819999999999999840e+00,3.700000000000000000e+05
8.617180642168856819e-01,1.392460775375366211e+01,-1.470001220703125000e+00,2.819999999999999840e+00,0.000000000000000000e+00
8.617439490359164456e-01,1.405403184890747070e+01,-1.470001220703125000e+00,2.819999999999999840e+00,3.700000000000000000e+05
8.621212795967466702e-01,1.419948148727416992e+01,-1.830001831054687500e+00,2.819999999999999840e+00,0.000000000000000000e+00
8.621471644157774339e-01,1.432890558242797852e+01,-1.830001831054687500e+00,2.819999999999999840e+00,3.700000000000000000e+05
8.625244949766076585e-01,1.418345594406127930e+01,-1.470001220703125000e+00,2.819999999999999840e+00,0.000000000000000000e+00
8.625503798910058029e-01,1.431288051605224609e+01,-1.470001220703125000e+00,2.819999999999999840e+00,3.700000000000000000e+05
8.629277102782441089e-01,1.445832967758178711e+01,-1.830001831054687500e+00,2.819999999999999840e+00,0.000000000000000000e+00
8.629535950972748726e-01,1.458775377273559570e+01,-1.830001831054687500e+00,2.819999999999999840e+00,3.700000000000000000e+05
8.633309254845131786e-01,1.444230461120605469e+01,-1.470001220703125000e+00,2.819999999999999840e+00,0.000000000000000000e+00
8.633568103035439423e-01,1.457172870635986328e+01,-1.470001220703125000e+00,2.819999999999999840e+00,3.700000000000000000e+05
8.637341406907822483e-01,1.471717786788940430e+01,-1.830001831054687500e+00,2.819999999999999840e+00,0.000000000000000000e+00
8.637600256051803926e-01,1.484660243988037109e+01,-1.830001831054687500e+00,2.819999999999999840e+00,3.700000000000000000e+05
8.644008259927676852e-01,1.459959363937377930e+01,-1.218631744384765625e+00,2.819999999999999840e+00,0.000000000000000000e+00
8.644648930704044165e-01,1.459959363937377930e+01,-8.982963562011718750e-01,2.819999999999999840e+00,3.700000000000000000e+05
8.654414494534838909e-01,1.497602653503417969e+01,-1.830001831054687500e+00,2.819999999999999840e+00,0.000000000000000000e+00
8.654673342725146545e-01,1.510545063018798828e+01,-1.830001831054687500e+00,2.819999999999999840e+00,3.700000000000000000e+05
8.658446648333448792e-01,1.496000099182128906e+01,-1.470001220703125000e+00,2.819999999999999840e+00,0.000000000000000000e+00
8.658705496523756429e-01,1.508942508697509766e+01,-1.470001220703125000e+00,2.819999999999999840e+00,3.700000000000000000e+05
8.662478802132058675e-01,1.523487472534179688e+01,-1.830001831054687500e+00,2.819999999999999840e+00,0.000000000000000000e+00
8.662737650322366312e-01,1.536429882049560547e+01,-1.830001831054687500e+00,2.819999999999999840e+00,3.700000000000000000e+05
8.666510954194749372e-01,1.521884965896606445e+01,-1.470001220703125000e+00,2.819999999999999840e+00,0.000000000000000000e+00
8.666769802385057009e-01,1.534827375411987305e+01,-1.470001220703125000e+00,2.819999999999999840e+00,3.700000000000000000e+05
8.670543106257440069e-01,1.549372291564941406e+01,-1.830001831054687500e+00,2.819999999999999840e+00,0.000000000000000000e+00
8.670801954447747706e-01,1.562314701080322266e+01,-1.830001831054687500e+00,2.819999999999999840e+00,3.700000000000000000e+05
8.674575258320130766e-01,1.547769784927368164e+01,-1.470001220703125000e+00,2.819999999999999840e+00,0.000000000000000000e+00
8.674834106510438403e-01,1.560712194442749023e+01,-1.470001220703125000e+00,2.819999999999999840e+00,3.700000000000000000e+05
8.678607410382821463e-01,1.575257110595703125e+01,-1.830001831054687500e+00,2.819999999999999840e+00,0.000000000000000000e+00
8.678866259526802907e-01,1.588199567794799805e+01,-1.830001831054687500e+00,2.819999999999999840e+00,3.700000000000000000e+05
8.682639565135105153e-01,1.573654603958129883e+01,-1.470001220703125000e+00,2.819999999999999840e+00,0.000000000000000000e+00
8.682898413325412790e-01,1.586597013473510742e+01,-1.470001220703125000e+00,2.819999999999999840e+00,3.700000000000000000e+05
8.686671718933715036e-01,1.601141977310180664e+01,-1.830001831054687500e+00,2.819999999999999840e+00,0.000000000000000000e+00
8.686930567124022673e-01,1.614084386825561523e+01,-1.830001831054687500e+00,2.819999999999999840e+00,3.700000000000000000e+05
8.690703872732324919e-01,1.599539422988891602e+01,-1.470001220703125000e+00,2.819999999999999840e+00,0.000000000000000000e+00
8.690962720922632556e-01,1.612481832504272461e+01,-1.470001220703125000e+00,2.819999999999999840e+00,3.700000000000000000e+05
8.694736026530934803e-01,1.627026796340942383e+01,-1.830001831054687500e+00,2.819999999999999840e+00,0.000000000000000000e+00
8.694994874721242439e-01,1.639969205856323242e+01,-1.830001831054687500e+00,2.819999999999999840e+00,3.700000000000000000e+05
8.698768178593625500e-01,1.625424289703369141e+01,-1.470001220703125000e+00,2.819999999999999840e+00,0.000000000000000000e+00
8.699027026783933136e-01,1.638366699218750000e+01,-1.470001220703125000e+00,2.819999999999999840e+00,3.700000000000000000e+05
8.702800330656316197e-01,1.652911615371704102e+01,-1.830001831054687500e+00,2.819999999999999840e+00,0.000000000000000000e+00
8.703059179800297640e-01,1.665854072570800781e+01,-1.830001831054687500e+00,2.819999999999999840e+00,3.700000000000000000e+05
8.708998619622834170e-01,1.642959356307983398e+01,-1.263336181640625000e+00,2.819999999999999840e+00,0.000000000000000000e+00
8.709639290399201483e-01,1.642959356307983398e+01,-9.430007934570312500e-01,2.819999999999999840e+00,3.700000000000000000e+05
8.718936290176659831e-01,1.678796482086181641e+01,-1.830001831054687500e+00,2.819999999999999840e+00,0.000000000000000000e+00
8.719568912700512708e-01,1.678959369659423828e+01,-1.513694763183593750e+00,2.819999999999999840e+00,3.700000000000000000e+05
8.728908139699975699e-01,1.642959356307983398e+01,-6.226654052734375000e-01,2.819999999999999840e+00,0.000000000000000000e+00
8.729548810476343013e-01,1.642959356307983398e+01,-3.023300170898437500e-01,2.819999999999999840e+00,3.700000000000000000e+05
8.738888037475806003e-01,1.678959369659423828e+01,-1.193359375000000000e+00,2.819999999999999840e+00,0.000000000000000000e+00
8.755294257591016427e-01,9.469593703746795654e+00,2.509155273437500000e+00,2.819999999999999840e+00,3.700000000000000000e+05
8.764633484156498788e-01,9.109593689441680908e+00,3.400184631347656250e+00,2.819999999999999840e+00,0.000000000000000000e+00
8.765896515477191731e-01,8.988596290349960327e+00,4.020000457763671875e+00,2.819999999999999840e+00,3.700000000000000000e+05
8.778374710464184050e-01,9.469593703746795654e+00,2.829490661621093750e+00,2.819999999999999840e+00,0.000000000000000000e+00
8.779015381240551363e-01,9.469593703746795654e+00,3.149826049804687500e+00,2.819999999999999840e+00,3.700000000000000000e+05
8.788354607806033725e-01,9.109593689441680908e+00,4.040855407714843750e+00,2.819999999999999840e+00,0.000000000000000000e+00
8.788995286211795932e-01,9.109593689441680908e+00,4.361194610595703125e+00,2.819999999999999840e+00,3.700000000000000000e+05
8.798334547149733176e-01,9.469593703746795654e+00,3.470161437988281250e+00,2.819999999999999840e+00,0.000000000000000000e+00
8.798728595364221361e-01,9.522318243980407715e+00,3.659999847412109375e+00,2.819999999999999840e+00,3.700000000000000000e+05
8.809435646896736083e-01,9.109593689441680908e+00,4.681529998779296875e+00,2.819999999999999840e+00,0.000000000000000000e+00
8.810076317673103397e-01,9.109593689441680908e+00,5.001865386962890625e+00,2.819999999999999840e+00,3.700000000000000000e+05
8.819415578611040640e-01,9.469593703746795654e+00,4.110832214355468750e+00,2.819999999999999840e+00,0.000000000000000000e+00
8.820056257016802848e-01,9.469593703746795654e+00,4.431171417236328125e+00,2.819999999999999840e+00,3.700000000000000000e+05
8.829395483582285209e-01,9.109593689441680908e+00,5.322200775146484375e+00,2.819999999999999840e+00,0.000000000000000000e+00
8.830464307732354134e-01,9.025773316621780396e+00,5.849998474121093750e+00,2.819999999999999840e+00,3.700000000000000000e+05
8.841978027682846353e-01,9.469593703746795654e+00,4.751506805419921875e+00,2.819999999999999840e+00,0.000000000000000000e+00
8.842618698459213666e-01,9.469593703746795654e+00,5.071842193603515625e+00,2.819999999999999840e+00,3.700000000000000000e+05
8.851957925024696028e-01,9.109593689441680908e+00,5.962871551513671875e+00,2.819999999999999840e+00,0.000000000000000000e+00
8.852598603430458235e-01,9.109593689441680908e+00,6.283210754394531250e+00,2.819999999999999840e+00,3.700000000000000000e+05
8.861937864368395479e-01,9.469593703746795654e+00,5.392177581787109375e+00,2.819999999999999840e+00,0.000000000000000000e+00
8.862203584864791761e-01,9.559495270252227783e+00,5.490001678466796875e+00,2.819999999999999840e+00,3.700000000000000000e+05
8.873875077061352812e-01,9.109593689441680908e+00,6.603546142578125000e+00,2.819999999999999840e+00,0.000000000000000000e+00
8.874515747837720125e-01,9.109593689441680908e+00,6.923881530761718750e+00,2.819999999999999840e+00,3.700000000000000000e+05
8.883855008775657369e-01,9.469593703746795654e+00,6.032848358154296875e+00,2.819999999999999840e+00,0.000000000000000000e+00
8.884495687181419576e-01,9.469593703746795654e+00,6.353187561035156250e+00,2.819999999999999840e+00,3.700000000000000000e+05
8.893834913746901938e-01,9.109593689441680908e+00,7.244216918945312500e+00,2.819999999999999840e+00,0.000000000000000000e+00
8.904713303916458322e-01,5.809593677520751953e+00,1.156797027587890625e+01,2.819999999999999840e+00,3.700000000000000000e+05
8.914052564420416047e-01,5.449593782424926758e+00,1.245900344848632812e+01,2.819999999999999840e+00,0.000000000000000000e+00
8.914693235196783361e-01,5.449593782424926758e+00,1.277933883666992188e+01,2.819999999999999840e+00,3.700000000000000000e+05
8.924032495700741086e-01,5.809593677520751953e+00,1.188830566406250000e+01,2.819999999999999840e+00,0.000000000000000000e+00
8.924673174106503293e-01,5.809593677520751953e+00,1.220864486694335938e+01,2.819999999999999840e+00,3.700000000000000000e+05
8.934749494829635763e-01,5.421180486679077148e+00,1.316999816894531250e+01,2.819999999999999840e+00,0.000000000000000000e+00
8.935252736471601676e-01,5.449593782424926758e+00,1.342000961303710938e+01,2.819999999999999840e+00,3.700000000000000000e+05
8.944591962603102298e-01,5.809593677520751953e+00,1.252898025512695312e+01,2.819999999999999840e+00,0.000000000000000000e+00
8.945154901997969255e-01,5.825478315353393555e+00,1.281000137329101562e+01,2.819999999999999840e+00,3.700000000000000000e+05
8.954906215738266395e-01,5.449593782424926758e+00,1.374034690856933594e+01,2.819999999999999840e+00,0.000000000000000000e+00
8.955546886514633709e-01,5.449593782424926758e+00,1.406068229675292969e+01,2.819999999999999840e+00,3.700000000000000000e+05
8.968655760209854888e-01,5.954902410507202148e+00,1.281000137329101562e+01,2.819999999999999840e+00,0.000000000000000000e+00
8.968914608400162525e-01,6.084326505661010742e+00,1.281000137329101562e+01,2.819999999999999840e+00,3.700000000000000000e+05
8.972687878768064174e-01,5.938877105712890625e+00,1.316999816894531250e+01,2.819999999999999840e+00,0.000000000000000000e+00
8.972946727435209269e-01,6.068301439285278320e+00,1.316999816894531250e+01,2.819999999999999840e+00,3.700000000000000000e+05
8.976719997803110918e-01,6.213750839233398438e+00,1.281000137329101562e+01,2.819999999999999840e+00,0.000000000000000000e+00
8.976978845993418554e-01,6.343174934387207031e+00,1.281000137329101562e+01,2.819999999999999840e+00,3.700000000000000000e+05
8.980752116361320203e-01,6.197725534439086914e+00,1.316999816894531250e+01,2.819999999999999840e+00,0.000000000000000000e+00
8.981010964551627840e-01,6.327149629592895508e+00,1.316999816894531250e+01,2.819999999999999840e+00,3.700000000000000000e+05
8.984784234919529489e-01,6.472599029541015625e+00,1.281000137329101562e+01,2.819999999999999840e+00,0.000000000000000000e+00
8.985043083586674584e-01,6.602023363113403320e+00,1.281000137329101562e+01,2.819999999999999840e+00,3.700000000000000000e+05
8.988816353954576233e-01,6.456573963165283203e+00,1.316999816894531250e+01,2.819999999999999840e+00,0.000000000000000000e+00
8.989075202144883869e-01,6.585998058319091797e+00,1.316999816894531250e+01,2.819999999999999840e+00,3.700000000000000000e+05
8.992848472512785518e-01,6.731447458267211914e+00,1.281000137329101562e+01,2.819999999999999840e+00,0.000000000000000000e+00
8.993107320703093155e-01,6.860871553421020508e+00,1.281000137329101562e+01,2.819999999999999840e+00,3.700000000000000000e+05
8.996880591070994804e-01,6.715422153472900391e+00,1.316999816894531250e+01,2.819999999999999840e+00,0.000000000000000000e+00
8.997139439738139899e-01,6.844846487045288086e+00,1.316999816894531250e+01,2.819999999999999840e+00,3.700000000000000000e+05
9.000912710106041548e-01,6.990295886993408203e+00,1.281000137329101562e+01,2.819999999999999840e+00,0.000000000000000000e+00
9.001171558296349184e-01,7.119719982147216797e+00,1.281000137329101562e+01,2.819999999999999840e+00,3.700000000000000000e+05
9.004944828664250833e-01,6.974270582199096680e+00,1.316999816894531250e+01,2.819999999999999840e+00,0.000000000000000000e+00
9.005203676854558470e-01,7.103694677352905273e+00,1.316999816894531250e+01,2.819999999999999840e+00,3.700000000000000000e+05
9.008976947222460119e-01,7.249144077301025391e+00,1.281000137329101562e+01,2.819999999999999840e+00,0.000000000000000000e+00
9.038489683644581607e-01,1.129959368705749512e+01,-1.379581451416015625e+00,2.819999999999999840e+00,3.700000000000000000e+05
9.047828910210063968e-01,1.093959367275238037e+01,-4.885520935058593750e-01,2.819999999999999840e+00,0.000000000000000000e+00
9.048469580986431282e-01,1.093959367275238037e+01,-1.682167053222656250e-01,2.819999999999999840e+00,3.700000000000000000e+05
9.057808807551913644e-01,1.129959368705749512e+01,-1.059246063232421875e+00,2.819999999999999840e+00,0.000000000000000000e+00
9.058449478328280957e-01,1.129959368705749512e+01,-7.389106750488281250e-01,2.819999999999999840e+00,3.700000000000000000e+05
9.069967592788749089e-01,1.085560476779937744e+01,3.600006103515625000e-01,2.819999999999999840e+00,0.000000000000000000e+00
9.070248311686890386e-01,1.093959367275238037e+01,4.724578857421875000e-01,2.819999999999999840e+00,3.700000000000000000e+05
9.079587572624827629e-01,1.129959368705749512e+01,-4.185752868652343750e-01,2.819999999999999840e+00,0.000000000000000000e+00
9.080228243401194943e-01,1.129959368705749512e+01,-9.823989868164062500e-02,2.819999999999999840e+00,3.700000000000000000e+05
9.089567504339132187e-01,1.093959367275238037e+01,7.927932739257812500e-01,2.819999999999999840e+00,0.000000000000000000e+00
9.090208175115499500e-01,1.093959367275238037e+01,1.113128662109375000e+00,2.819999999999999840e+00,3.700000000000000000e+05
9.101875307500022494e-01,1.138932681083679199e+01,0.000000000000000000e+00,2.819999999999999840e+00,0.000000000000000000e+00
9.102134155690330131e-01,1.151875090599060059e+01,0.000000000000000000e+00,2.819999999999999840e+00,3.700000000000000000e+05
9.105907460430672229e-01,1.137330150604248047e+01,3.600006103515625000e-01,2.819999999999999840e+00,0.000000000000000000e+00
9.106166308620979866e-01,1.150272560119628906e+01,3.600006103515625000e-01,2.819999999999999840e+00,3.700000000000000000e+05
9.109939613361321964e-01,1.164817500114440918e+01,0.000000000000000000e+00,2.819999999999999840e+00,0.000000000000000000e+00
9.110198462028467059e-01,1.177759933471679688e+01,0.000000000000000000e+00,2.819999999999999840e+00,3.700000000000000000e+05
9.113971767636769306e-01,1.163214969635009766e+01,3.600006103515625000e-01,2.819999999999999840e+00,0.000000000000000000e+00
9.114230616303914401e-01,1.176157402992248535e+01,3.600006103515625000e-01,2.819999999999999840e+00,3.700000000000000000e+05
9.118003921044256499e-01,1.190702342987060547e+01,0.000000000000000000e+00,2.819999999999999840e+00,0.000000000000000000e+00
9.118262769234564136e-01,1.203644752502441406e+01,0.000000000000000000e+00,2.819999999999999840e+00,3.700000000000000000e+05
9.122036073974906234e-01,1.189099812507629395e+01,3.600006103515625000e-01,2.819999999999999840e+00,0.000000000000000000e+00
9.122294922165213871e-01,1.202042222023010254e+01,3.600006103515625000e-01,2.819999999999999840e+00,3.700000000000000000e+05
9.126068227773516117e-01,1.216587185859680176e+01,0.000000000000000000e+00,2.819999999999999840e+00,0.000000000000000000e+00
9.126327075963823754e-01,1.229529595375061035e+01,0.000000000000000000e+00,2.819999999999999840e+00,3.700000000000000000e+05
9.130100380704165852e-01,1.214984655380249023e+01,3.600006103515625000e-01,2.819999999999999840e+00,0.000000000000000000e+00
9.130359228894473489e-01,1.227927064895629883e+01,3.600006103515625000e-01,2.819999999999999840e+00,3.700000000000000000e+05
9.134132533634815587e-01,1.242472004890441895e+01,0.000000000000000000e+00,2.819999999999999840e+00,0.000000000000000000e+00
9.134391382301960682e-01,1.255414438247680664e+01,0.000000000000000000e+00,2.819999999999999840e+00,3.700000000000000000e+05
9.138164687042302781e-01,1.240869498252868652e+01,3.600006103515625000e-01,2.819999999999999840e+00,0.000000000000000000e+00
9.138423535232610417e-01,1.253811907768249512e+01,3.600006103515625000e-01,2.819999999999999840e+00,3.700000000000000000e+05
9.142196839972952516e-01,1.268356847763061523e+01,0.000000000000000000e+00,2.819999999999999840e+00,0.000000000000000000e+00
9.160432875993431701e-01,7.768708586692810059e+00,7.680000305175781250e+00,2.819999999999999840e+00,3.700000000000000000e+05
9.164206181167753318e-01,7.914158105850219727e+00,7.319999694824218750e+00,2.819999999999999840e+00,0.000000000000000000e+00
9.164465029358060955e-01,8.043582201004028320e+00,7.319999694824218750e+00,2.819999999999999840e+00,3.700000000000000000e+05
9.168238334098403053e-01,7.898132801055908203e+00,7.680000305175781250e+00,2.819999999999999840e+00,0.000000000000000000e+00
9.168497182527128864e-01,8.027557015419006348e+00,7.680000305175781250e+00,2.819999999999999840e+00,3.700000000000000000e+05
9.172270487267470962e-01,8.173006415367126465e+00,7.319999694824218750e+00,2.819999999999999840e+00,0.000000000000000000e+00
9.172529335576987686e-01,8.302430570125579834e+00,7.319999694824218750e+00,2.819999999999999840e+00,3.700000000000000000e+05
9.176302640534319544e-01,8.156981110572814941e+00,7.680000305175781250e+00,2.819999999999999840e+00,0.000000000000000000e+00
9.176561488963045354e-01,8.286405324935913086e+00,7.680000305175781250e+00,2.819999999999999840e+00,3.700000000000000000e+05
9.180334793920377212e-01,8.431854784488677979e+00,7.319999694824218750e+00,2.819999999999999840e+00,0.000000000000000000e+00
9.180593642229893936e-01,8.561278939247131348e+00,7.319999694824218750e+00,2.819999999999999840e+00,3.700000000000000000e+05
9.184366947187225794e-01,8.415829479694366455e+00,7.680000305175781250e+00,2.819999999999999840e+00,0.000000000000000000e+00
9.184625795496742517e-01,8.545253634452819824e+00,7.680000305175781250e+00,2.819999999999999840e+00,3.700000000000000000e+05
9.188399100454074375e-01,8.690703094005584717e+00,7.319999694824218750e+00,2.819999999999999840e+00,0.000000000000000000e+00
9.188657948882800186e-01,8.820127308368682861e+00,7.319999694824218750e+00,2.819999999999999840e+00,3.700000000000000000e+05
9.192431253840132044e-01,8.674677848815917969e+00,7.680000305175781250e+00,2.819999999999999840e+00,0.000000000000000000e+00
9.192690102149648768e-01,8.804102003574371338e+00,7.680000305175781250e+00,2.819999999999999840e+00,3.700000000000000000e+05
9.196463406889990866e-01,8.949551403522491455e+00,7.319999694824218750e+00,2.819999999999999840e+00,0.000000000000000000e+00
9.196722255318716677e-01,9.078975617885589600e+00,7.319999694824218750e+00,2.819999999999999840e+00,3.700000000000000000e+05
9.200495560059058775e-01,8.933526217937469482e+00,7.680000305175781250e+00,2.819999999999999840e+00,0.000000000000000000e+00
9.200754408249366412e-01,9.062950313091278076e+00,7.680000305175781250e+00,2.819999999999999840e+00,3.700000000000000000e+05
9.211303687644303295e-01,9.469593703746795654e+00,6.673522949218750000e+00,2.819999999999999840e+00,0.000000000000000000e+00
9.211944358420670609e-01,9.469593703746795654e+00,6.993858337402343750e+00,2.819999999999999840e+00,3.700000000000000000e+05
9.221283619358607853e-01,9.109593689441680908e+00,7.884891510009765625e+00,2.819999999999999840e+00,0.000000000000000000e+00
9.221924290134975166e-01,9.109593689441680908e+00,8.205226898193359375e+00,2.819999999999999840e+00,3.700000000000000000e+05
9.231263551072912410e-01,9.469593703746795654e+00,7.314193725585937500e+00,2.819999999999999840e+00,0.000000000000000000e+00
9.231517973264334875e-01,9.596672236919403076e+00,7.319999694824218750e+00,2.819999999999999840e+00,3.700000000000000000e+05
9.244153940280408488e-01,9.109593689441680908e+00,8.525562286376953125e+00,2.819999999999999840e+00,0.000000000000000000e+00
9.244794611056775802e-01,9.109593689441680908e+00,8.845897674560546875e+00,2.819999999999999840e+00,3.700000000000000000e+05
9.254133837622258163e-01,9.469593703746795654e+00,7.954868316650390625e+00,2.819999999999999840e+00,0.000000000000000000e+00
9.254774508398625477e-01,9.469593703746795654e+00,8.275203704833984375e+00,2.819999999999999840e+00,3.700000000000000000e+05
9.267716872928977168e-01,8.970703184604644775e+00,9.509998321533203125e+00,2.819999999999999840e+00,0.000000000000000000e+00
9.267975721357702978e-01,9.100127398967742920e+00,9.509998321533203125e+00,2.819999999999999840e+00,3.700000000000000000e+05
9.277560525499148891e-01,9.469593703746795654e+00,8.595539093017578125e+00,2.819999999999999840e+00,0.000000000000000000e+00
9.278201196275516205e-01,9.469593703746795654e+00,8.915874481201171875e+00,2.819999999999999840e+00,3.700000000000000000e+05
9.287540457213453449e-01,9.109593689441680908e+00,9.806907653808593750e+00,2.819999999999999840e+00,0.000000000000000000e+00
9.288181127989820762e-01,9.109593689441680908e+00,1.012724304199218750e+01,2.819999999999999840e+00,3.700000000000000000e+05
9.298423975498026905e-01,9.504425108432769775e+00,9.150001525878906250e+00,2.819999999999999840e+00,0.000000000000000000e+00
9.298682823926752716e-01,9.633849322795867920e+00,9.150001525878906250e+00,2.819999999999999840e+00,3.700000000000000000e+05
9.302456094294654365e-01,9.488399922847747803e+00,9.509998321533203125e+00,2.819999999999999840e+00,0.000000000000000000e+00
9.302714942484962002e-01,9.617824018001556396e+00,9.509998321533203125e+00,2.819999999999999840e+00,3.700000000000000000e+05
9.306488212852863651e-01,9.763273417949676514e+00,9.150001525878906250e+00,2.819999999999999840e+00,0.000000000000000000e+00
9.306747061520008746e-01,9.892697751522064209e+00,9.150001525878906250e+00,2.819999999999999840e+00,3.700000000000000000e+05
9.310520332321894355e-01,9.747248232364654541e+00,9.509998321533203125e+00,2.819999999999999840e+00,0.000000000000000000e+00
9.310779180750620165e-01,9.876672446727752686e+00,9.509998321533203125e+00,2.819999999999999840e+00,3.700000000000000000e+05
9.314552451118521814e-01,1.002212184667587280e+01,9.150001525878906250e+00,2.819999999999999840e+00,0.000000000000000000e+00
9.314811299308829451e-01,1.015154594182968140e+01,9.150001525878906250e+00,2.819999999999999840e+00,3.700000000000000000e+05
9.318584569676731100e-01,1.000609654188156128e+01,9.509998321533203125e+00,2.819999999999999840e+00,0.000000000000000000e+00
9.318843417867038736e-01,1.013552063703536987e+01,9.509998321533203125e+00,2.819999999999999840e+00,3.700000000000000000e+05
9.322616688234940385e-01,1.028097003698348999e+01,9.150001525878906250e+00,2.819999999999999840e+00,0.000000000000000000e+00
9.322875536782876393e-01,1.041039431095123291e+01,9.150001525878906250e+00,2.819999999999999840e+00,3.700000000000000000e+05
9.326648806933787172e-01,1.026494497060775757e+01,9.509998321533203125e+00,2.819999999999999840e+00,0.000000000000000000e+00
9.326907655004885722e-01,1.039436900615692139e+01,9.509998321533203125e+00,2.819999999999999840e+00,3.700000000000000000e+05
9.330680925372787371e-01,1.053981840610504150e+01,9.150001525878906250e+00,2.819999999999999840e+00,0.000000000000000000e+00
9.330939773563095008e-01,1.066924250125885010e+01,9.150001525878906250e+00,2.819999999999999840e+00,3.700000000000000000e+05
9.334713043930996657e-01,1.052379310131072998e+01,9.509998321533203125e+00,2.819999999999999840e+00,0.000000000000000000e+00
9.334971892598141752e-01,1.065321743488311768e+01,9.509998321533203125e+00,2.819999999999999840e+00,3.700000000000000000e+05
9.338745162966043400e-01,1.079866683483123779e+01,9.150001525878906250e+00,2.819999999999999840e+00,0.000000000000000000e+00
9.339004011156351037e-01,1.092809092998504639e+01,9.150001525878906250e+00,2.819999999999999840e+00,3.700000000000000000e+05
9.342777281524252686e-01,1.078264153003692627e+01,9.509998321533203125e+00,2.819999999999999840e+00,0.000000000000000000e+00
9.354050105871946075e-01,9.506292968988418579e+00,4.020000457763671875e+00,2.819999999999999840e+00,3.700000000000000000e+05
9.357823410829277933e-01,9.651742428541183472e+00,3.659999847412109375e+00,2.819999999999999840e+00,0.000000000000000000e+00
9.358082259138794656e-01,9.781166583299636841e+00,3.659999847412109375e+00,2.819999999999999840e+00,3.700000000000000000e+05
9.361855563987632189e-01,9.635717153549194336e+00,4.020000457763671875e+00,2.819999999999999840e+00,0.000000000000000000e+00
9.362114412297148913e-01,9.765141308307647705e+00,4.020000457763671875e+00,2.819999999999999840e+00,3.700000000000000000e+05
9.365887717254480771e-01,9.910590767860412598e+00,3.659999847412109375e+00,2.819999999999999840e+00,0.000000000000000000e+00
9.366146565563997495e-01,1.004001492261886597e+01,3.659999847412109375e+00,2.819999999999999840e+00,3.700000000000000000e+05
9.369919870521329353e-01,9.894565463066101074e+00,4.020000457763671875e+00,2.819999999999999840e+00,0.000000000000000000e+00
9.370178718950055163e-01,1.002398967742919922e+01,4.020000457763671875e+00,2.819999999999999840e+00,3.700000000000000000e+05
9.373952023907387021e-01,1.016943913698196411e+01,3.659999847412109375e+00,2.819999999999999840e+00,0.000000000000000000e+00
9.374210872216903745e-01,1.029886329174041748e+01,3.659999847412109375e+00,2.819999999999999840e+00,3.700000000000000000e+05
9.377984177174235603e-01,1.015341383218765259e+01,4.020000457763671875e+00,2.819999999999999840e+00,0.000000000000000000e+00
9.378243025483752326e-01,1.028283798694610596e+01,4.020000457763671875e+00,2.819999999999999840e+00,3.700000000000000000e+05
9.382016330224094425e-01,1.042828738689422607e+01,3.659999847412109375e+00,2.819999999999999840e+00,0.000000000000000000e+00
9.382275178652820236e-01,1.055771160125732422e+01,3.659999847412109375e+00,2.819999999999999840e+00,3.700000000000000000e+05
9.386048483393162334e-01,1.041226220130920410e+01,4.020000457763671875e+00,2.819999999999999840e+00,0.000000000000000000e+00
9.386307331583469971e-01,1.054168629646301270e+01,4.020000457763671875e+00,2.819999999999999840e+00,3.700000000000000000e+05
9.390080636323812069e-01,1.068713569641113281e+01,3.659999847412109375e+00,2.819999999999999840e+00,0.000000000000000000e+00
9.390339484752537880e-01,1.081655991077423096e+01,3.659999847412109375e+00,2.819999999999999840e+00,3.700000000000000000e+05
9.394112789492879978e-01,1.067111051082611084e+01,4.020000457763671875e+00,2.819999999999999840e+00,0.000000000000000000e+00
9.415402691328197404e-01,5.809593677520751953e+00,1.348998641967773438e+01,2.819999999999999840e+00,3.700000000000000000e+05
9.424741951832155129e-01,5.449593782424926758e+00,1.438101959228515625e+01,2.819999999999999840e+00,0.000000000000000000e+00
9.426003214234478511e-01,5.328933238983154297e+00,1.500000000000000000e+01,2.819999999999999840e+00,3.700000000000000000e+05
9.438472672085680415e-01,5.809593677520751953e+00,1.381032371520996094e+01,2.819999999999999840e+00,0.000000000000000000e+00
9.439113342862047729e-01,5.809593677520751953e+00,1.413065910339355469e+01,2.819999999999999840e+00,3.700000000000000000e+05
9.448452586179774126e-01,5.449593782424926758e+00,1.502169036865234375e+01,2.819999999999999840e+00,0.000000000000000000e+00
9.449093260770838887e-01,5.449593782424926758e+00,1.534202766418457031e+01,2.819999999999999840e+00,3.700000000000000000e+05
9.458432504088565285e-01,5.809593677520751953e+00,1.445099639892578125e+01,2.819999999999999840e+00,0.000000000000000000e+00
9.458825124398916318e-01,5.862655401229858398e+00,1.463999938964843750e+01,2.819999999999999840e+00,3.700000000000000000e+05
9.469540913392705539e-01,5.449593782424926758e+00,1.566236305236816406e+01,2.819999999999999840e+00,0.000000000000000000e+00
9.470181584169072853e-01,5.449593782424926758e+00,1.598269844055175781e+01,2.819999999999999840e+00,3.700000000000000000e+05
9.479520827486799250e-01,5.809593677520751953e+00,1.509166717529296875e+01,2.819999999999999840e+00,0.000000000000000000e+00
9.480161502077864011e-01,5.809593677520751953e+00,1.541200447082519531e+01,2.819999999999999840e+00,3.700000000000000000e+05
9.489500745395590409e-01,5.449593782424926758e+00,1.630303573608398438e+01,2.819999999999999840e+00,0.000000000000000000e+00
9.490567817544459661e-01,5.366110324859619141e+00,1.682999992370605469e+01,2.819999999999999840e+00,3.700000000000000000e+05
9.502072817328396370e-01,5.809593677520751953e+00,1.573233985900878906e+01,2.819999999999999840e+00,0.000000000000000000e+00
9.502713491919461131e-01,5.809593677520751953e+00,1.605267715454101562e+01,2.819999999999999840e+00,3.700000000000000000e+05
9.512052735237187528e-01,5.449593782424926758e+00,1.694370841979980469e+01,2.819999999999999840e+00,0.000000000000000000e+00
9.512693406013554842e-01,5.449593782424926758e+00,1.726404380798339844e+01,2.819999999999999840e+00,3.700000000000000000e+05
9.522032649331281240e-01,5.809593677520751953e+00,1.637301254272460938e+01,2.819999999999999840e+00,0.000000000000000000e+00
9.522297597880274855e-01,5.899832248687744141e+00,1.646999931335449219e+01,2.819999999999999840e+00,3.700000000000000000e+05
9.533977844073368013e-01,5.449593782424926758e+00,1.758437919616699219e+01,2.819999999999999840e+00,0.000000000000000000e+00
9.534618514849735327e-01,5.449593782424926758e+00,1.790471458435058594e+01,2.819999999999999840e+00,3.700000000000000000e+05
9.543957740981235949e-01,5.809593677520751953e+00,1.701368522644042969e+01,2.819999999999999840e+00,0.000000000000000000e+00
9.544598411757603262e-01,5.809593677520751953e+00,1.733402061462402344e+01,2.819999999999999840e+00,3.700000000000000000e+05
9.553937655075329660e-01,5.449593782424926758e+00,1.822505187988281250e+01,2.819999999999999840e+00,0.000000000000000000e+00
9.554578325851696974e-01,5.449593782424926758e+00,1.854538726806640625e+01,2.819999999999999840e+00,3.700000000000000000e+05
9.563917569169423372e-01,5.809593677520751953e+00,1.765435600280761719e+01,2.819999999999999840e+00,0.000000000000000000e+00
9.564558243760488132e-01,5.809593677520751953e+00,1.797469329833984375e+01,2.819999999999999840e+00,3.700000000000000000e+05
9.571741208336007611e-01,5.532711505889892578e+00,1.865999984741210938e+01,2.819999999999999840e+00,0.000000000000000000e+00
9.572000057003152707e-01,5.662135839462280273e+00,1.865999984741210938e+01,2.819999999999999840e+00,3.700000000000000000e+05
9.575825460755786889e-01,5.809593677520751953e+00,1.829502868652343750e+01,2.819999999999999840e+00,0.000000000000000000e+00
9.576080485899899353e-01,5.937009334564208984e+00,1.829999923706054688e+01,2.819999999999999840e+00,3.700000000000000000e+05
9.579853790640241451e-01,5.791559934616088867e+00,1.865999984741210938e+01,2.819999999999999840e+00,0.000000000000000000e+00
9.580112638830549088e-01,5.920984029769897461e+00,1.865999984741210938e+01,2.819999999999999840e+00,3.700000000000000000e+05
9.583885943570891186e-01,6.066433429718017578e+00,1.829999923706054688e+01,2.819999999999999840e+00,0.000000000000000000e+00
9.584144792238036281e-01,6.195857763290405273e+00,1.829999923706054688e+01,2.819999999999999840e+00,3.700000000000000000e+05
9.587918097846338528e-01,6.050408124923706055e+00,1.865999984741210938e+01,2.819999999999999840e+00,0.000000000000000000e+00
9.588176946513483623e-01,6.179832458496093750e+00,1.865999984741210938e+01,2.819999999999999840e+00,3.700000000000000000e+05
9.591950251253825721e-01,6.325281858444213867e+00,1.829999923706054688e+01,2.819999999999999840e+00,0.000000000000000000e+00
9.592209099444133358e-01,6.454705953598022461e+00,1.829999923706054688e+01,2.819999999999999840e+00,3.700000000000000000e+05
9.595982404184475456e-01,6.309256553649902344e+00,1.865999984741210938e+01,2.819999999999999840e+00,0.000000000000000000e+00
9.596241252374783093e-01,6.438680648803710938e+00,1.865999984741210938e+01,2.819999999999999840e+00,3.700000000000000000e+05
9.600014557983085339e-01,6.584130287170410156e+00,1.829999923706054688e+01,2.819999999999999840e+00,0.000000000000000000e+00
9.600273406173392976e-01,6.713554382324218750e+00,1.829999923706054688e+01,2.819999999999999840e+00,3.700000000000000000e+05
9.604046710913735074e-01,6.568104982376098633e+00,1.865999984741210938e+01,2.819999999999999840e+00,0.000000000000000000e+00
9.604305559104042711e-01,6.697529077529907227e+00,1.865999984741210938e+01,2.819999999999999840e+00,3.700000000000000000e+05
9.608078863844384809e-01,6.842978477478027344e+00,1.829999923706054688e+01,2.819999999999999840e+00,0.000000000000000000e+00
9.608337712511529904e-01,6.972402811050415039e+00,1.829999923706054688e+01,2.819999999999999840e+00,3.700000000000000000e+05
9.612111017251872003e-01,6.826953411102294922e+00,1.865999984741210938e+01,2.819999999999999840e+00,0.000000000000000000e+00
9.612369865442179639e-01,6.956377506256103516e+00,1.865999984741210938e+01,2.819999999999999840e+00,3.700000000000000000e+05
9.616143170182521738e-01,7.101826906204223633e+00,1.829999923706054688e+01,2.819999999999999840e+00,0.000000000000000000e+00
9.616402018372829374e-01,7.231251001358032227e+00,1.829999923706054688e+01,2.819999999999999840e+00,3.700000000000000000e+05
9.620175323113171473e-01,7.085801601409912109e+00,1.865999984741210938e+01,2.819999999999999840e+00,0.000000000000000000e+00
9.657377592446522163e-01,1.129959368705749512e+01,5.424346923828125000e-01,2.819999999999999840e+00,3.700000000000000000e+05
9.666716819012004525e-01,1.093959367275238037e+01,1.433464050292968750e+00,2.819999999999999840e+00,0.000000000000000000e+00
9.667357489788371838e-01,1.093959367275238037e+01,1.753799438476562500e+00,2.819999999999999840e+00,3.700000000000000000e+05
9.676696716353854200e-01,1.129959368705749512e+01,8.627700805664062500e-01,2.819999999999999840e+00,0.000000000000000000e+00
9.677337387130221513e-01,1.129959368705749512e+01,1.183105468750000000e+00,2.819999999999999840e+00,3.700000000000000000e+05
9.687891026337197564e-01,1.089278185367584229e+01,2.189998626708984375e+00,2.819999999999999840e+00,0.000000000000000000e+00
9.688310557202658435e-01,1.093959367275238037e+01,2.394474029541015625e+00,2.819999999999999840e+00,3.700000000000000000e+05
9.697649818140595679e-01,1.129959368705749512e+01,1.503440856933593750e+00,2.819999999999999840e+00,0.000000000000000000e+00
9.698290488916962993e-01,1.129959368705749512e+01,1.823776245117187500e+00,2.819999999999999840e+00,3.700000000000000000e+05
9.707629749854900236e-01,1.093959367275238037e+01,2.714809417724609375e+00,2.819999999999999840e+00,0.000000000000000000e+00
9.708270420631267550e-01,1.093959367275238037e+01,3.035144805908203125e+00,2.819999999999999840e+00,3.700000000000000000e+05
9.720901993028867594e-01,1.142650365829467773e+01,1.830001831054687500e+00,2.819999999999999840e+00,0.000000000000000000e+00
9.721160841696012689e-01,1.155592799186706543e+01,1.830001831054687500e+00,2.819999999999999840e+00,3.700000000000000000e+05
9.724934112063914338e-01,1.141047859191894531e+01,2.189998626708984375e+00,2.819999999999999840e+00,0.000000000000000000e+00
9.725192960254221974e-01,1.153990268707275391e+01,2.189998626708984375e+00,2.819999999999999840e+00,3.700000000000000000e+05
9.728966230622123623e-01,1.168535208702087402e+01,1.830001831054687500e+00,2.819999999999999840e+00,0.000000000000000000e+00
9.729225078812431260e-01,1.181477618217468262e+01,1.830001831054687500e+00,2.819999999999999840e+00,3.700000000000000000e+05
9.732998349180332909e-01,1.166932678222656250e+01,2.189998626708984375e+00,2.819999999999999840e+00,0.000000000000000000e+00
9.733257197847478004e-01,1.179875111579895020e+01,2.189998626708984375e+00,2.819999999999999840e+00,3.700000000000000000e+05
9.737030468215379653e-01,1.194420051574707031e+01,1.830001831054687500e+00,2.819999999999999840e+00,0.000000000000000000e+00
9.737289316405687289e-01,1.207362461090087891e+01,1.830001831054687500e+00,2.819999999999999840e+00,3.700000000000000000e+05
9.741062586773588938e-01,1.192817521095275879e+01,2.189998626708984375e+00,2.819999999999999840e+00,0.000000000000000000e+00
9.741321434963896575e-01,1.205759930610656738e+01,2.189998626708984375e+00,2.819999999999999840e+00,3.700000000000000000e+05
9.745094705331798224e-01,1.220304870605468750e+01,1.830001831054687500e+00,2.819999999999999840e+00,0.000000000000000000e+00
9.745353553998943319e-01,1.233247303962707520e+01,1.830001831054687500e+00,2.819999999999999840e+00,3.700000000000000000e+05
9.749126825234812888e-01,1.218702340126037598e+01,2.189998626708984375e+00,2.819999999999999840e+00,0.000000000000000000e+00
9.749385673901957983e-01,1.231644773483276367e+01,2.189998626708984375e+00,2.819999999999999840e+00,3.700000000000000000e+05
9.753158944269859632e-01,1.246189713478088379e+01,1.830001831054687500e+00,2.819999999999999840e+00,0.000000000000000000e+00
9.753417792460167268e-01,1.259132122993469238e+01,1.830001831054687500e+00,2.819999999999999840e+00,3.700000000000000000e+05
9.757191062828068917e-01,1.244587182998657227e+01,2.189998626708984375e+00,2.819999999999999840e+00,0.000000000000000000e+00
9.757449911495214012e-01,1.257529616355895996e+01,2.189998626708984375e+00,2.819999999999999840e+00,3.700000000000000000e+05
9.761223181863115661e-01,1.272074556350708008e+01,1.830001831054687500e+00,2.819999999999999840e+00,0.000000000000000000e+00
9.779793092731235982e-01,7.639593720436096191e+00,9.601249694824218750e+00,2.819999999999999840e+00,3.700000000000000000e+05
9.789132353669173225e-01,7.279593706130981445e+00,1.049228286743164062e+01,2.819999999999999840e+00,0.000000000000000000e+00
9.789773024445540539e-01,7.279593706130981445e+00,1.081261825561523438e+01,2.819999999999999840e+00,3.700000000000000000e+05
9.799112251011022900e-01,7.639593720436096191e+00,9.921588897705078125e+00,2.819999999999999840e+00,0.000000000000000000e+00
9.799752921787390214e-01,7.639593720436096191e+00,1.024192428588867188e+01,2.819999999999999840e+00,3.700000000000000000e+05
9.811262281383366091e-01,7.195941925048828125e+00,1.134000015258789062e+01,2.819999999999999840e+00,0.000000000000000000e+00
9.811543933585009647e-01,7.279593706130981445e+00,1.145328903198242188e+01,2.819999999999999840e+00,3.700000000000000000e+05
9.820883160150492008e-01,7.639593720436096191e+00,1.056225967407226562e+01,2.819999999999999840e+00,0.000000000000000000e+00
9.821523830926859322e-01,7.639593720436096191e+00,1.088259506225585938e+01,2.819999999999999840e+00,3.700000000000000000e+05
9.830863091864796566e-01,7.279593706130981445e+00,1.177362823486328125e+01,2.819999999999999840e+00,0.000000000000000000e+00
9.831503762641163879e-01,7.279593706130981445e+00,1.209396362304687500e+01,2.819999999999999840e+00,3.700000000000000000e+05
9.843179649022220090e-01,7.729663729667663574e+00,1.097999954223632812e+01,2.819999999999999840e+00,0.000000000000000000e+00
9.843438497450945901e-01,7.859087944030761719e+00,1.097999954223632812e+01,2.819999999999999840e+00,3.700000000000000000e+05
9.847211802191287999e-01,7.713638544082641602e+00,1.134000015258789062e+01,2.819999999999999840e+00,0.000000000000000000e+00
9.847470650381595636e-01,7.843062639236450195e+00,1.134000015258789062e+01,2.819999999999999840e+00,3.700000000000000000e+05
9.851243955555917253e-01,7.988512158393859863e+00,1.097999954223632812e+01,2.819999999999999840e+00,0.000000000000000000e+00
9.851502803746224890e-01,8.117936253547668457e+00,1.097999954223632812e+01,2.819999999999999840e+00,3.700000000000000000e+05
9.855276108486566988e-01,7.972486853599548340e+00,1.134000015258789062e+01,2.819999999999999840e+00,0.000000000000000000e+00
9.855534956915292799e-01,8.101911067962646484e+00,1.134000015258789062e+01,2.819999999999999840e+00,3.700000000000000000e+05
9.859308261655634897e-01,8.247360467910766602e+00,1.097999954223632812e+01,2.819999999999999840e+00,0.000000000000000000e+00
9.859567110084360708e-01,8.376784682273864746e+00,1.097999954223632812e+01,2.819999999999999840e+00,3.700000000000000000e+05
9.863340415258682325e-01,8.231335163116455078e+00,1.134000015258789062e+01,2.819999999999999840e+00,0.000000000000000000e+00
9.863599263687408136e-01,8.360759377479553223e+00,1.134000015258789062e+01,2.819999999999999840e+00,3.700000000000000000e+05
9.867372568644739994e-01,8.506208837032318115e+00,1.097999954223632812e+01,2.819999999999999840e+00,0.000000000000000000e+00
9.867631416954256718e-01,8.635632991790771484e+00,1.097999954223632812e+01,2.819999999999999840e+00,3.700000000000000000e+05
9.871404721911588576e-01,8.490183532238006592e+00,1.134000015258789062e+01,2.819999999999999840e+00,0.000000000000000000e+00
9.871663570340314386e-01,8.619607746601104736e+00,1.134000015258789062e+01,2.819999999999999840e+00,3.700000000000000000e+05
9.875436875297646244e-01,8.765057206153869629e+00,1.097999954223632812e+01,2.819999999999999840e+00,0.000000000000000000e+00
9.875695723428349337e-01,8.894481271505355835e+00,1.097999954223632812e+01,2.819999999999999840e+00,3.700000000000000000e+05
9.879469028060196001e-01,8.749031901359558105e+00,1.134000015258789062e+01,2.819999999999999840e+00,0.000000000000000000e+00
9.879727876429317268e-01,8.878456085920333862e+00,1.134000015258789062e+01,2.819999999999999840e+00,3.700000000000000000e+05
9.883501181169659366e-01,9.023905485868453979e+00,1.097999954223632812e+01,2.819999999999999840e+00,0.000000000000000000e+00
9.893749201969934681e-01,5.846630096435546875e+00,1.500000000000000000e+01,2.819999999999999840e+00,3.700000000000000000e+05
9.897522506710276780e-01,5.992079496383666992e+00,1.463999938964843750e+01,2.819999999999999840e+00,0.000000000000000000e+00
9.897781354900584416e-01,6.121503591537475586e+00,1.463999938964843750e+01,2.819999999999999840e+00,3.700000000000000000e+05
9.901554659640926515e-01,5.976054191589355469e+00,1.500000000000000000e+01,2.819999999999999840e+00,0.000000000000000000e+00
9.901813507831234151e-01,6.105478286743164062e+00,1.500000000000000000e+01,2.819999999999999840e+00,3.700000000000000000e+05
9.905586812571576250e-01,6.250927686691284180e+00,1.463999938964843750e+01,2.819999999999999840e+00,0.000000000000000000e+00
9.905845661238721345e-01,6.380352020263671875e+00,1.463999938964843750e+01,2.819999999999999840e+00,3.700000000000000000e+05
9.909618965979063443e-01,6.234902620315551758e+00,1.500000000000000000e+01,2.819999999999999840e+00,0.000000000000000000e+00
9.909877814169371080e-01,6.364326715469360352e+00,1.500000000000000000e+01,2.819999999999999840e+00,3.700000000000000000e+05
9.913651118909713178e-01,6.509776115417480469e+00,1.463999938964843750e+01,2.819999999999999840e+00,0.000000000000000000e+00
9.913909967100020815e-01,6.639200210571289062e+00,1.463999938964843750e+01,2.819999999999999840e+00,3.700000000000000000e+05
9.917683271840362913e-01,6.493750810623168945e+00,1.500000000000000000e+01,2.819999999999999840e+00,0.000000000000000000e+00
9.917942120030670550e-01,6.623174905776977539e+00,1.500000000000000000e+01,2.819999999999999840e+00,3.700000000000000000e+05
9.921715425638972796e-01,6.768624544143676758e+00,1.463999938964843750e+01,2.819999999999999840e+00,0.000000000000000000e+00
9.921974273829280433e-01,6.898048639297485352e+00,1.463999938964843750e+01,2.819999999999999840e+00,3.700000000000000000e+05
9.925747578569622531e-01,6.752599239349365234e+00,1.500000000000000000e+01,2.819999999999999840e+00,0.000000000000000000e+00
9.926006426759930168e-01,6.882023334503173828e+00,1.500000000000000000e+01,2.819999999999999840e+00,3.700000000000000000e+05
9.929779731500272266e-01,7.027472734451293945e+00,1.463999938964843750e+01,2.819999999999999840e+00,0.000000000000000000e+00
9.930038580167417361e-01,7.156897068023681641e+00,1.463999938964843750e+01,2.819999999999999840e+00,3.700000000000000000e+05
9.933811884907759460e-01,7.011447668075561523e+00,1.500000000000000000e+01,2.819999999999999840e+00,0.000000000000000000e+00
9.952799635168276815e-01,9.543469995260238647e+00,5.849998474121093750e+00,2.819999999999999840e+00,3.700000000000000000e+05
9.956572905644675009e-01,9.688919425010681152e+00,5.490001678466796875e+00,2.819999999999999840e+00,0.000000000000000000e+00
9.956831753954191733e-01,9.818343579769134521e+00,5.490001678466796875e+00,2.819999999999999840e+00,3.700000000000000000e+05
9.960605024430589927e-01,9.672894150018692017e+00,5.849998474121093750e+00,2.819999999999999840e+00,0.000000000000000000e+00
9.960863872799711194e-01,9.802318334579467773e+00,5.849998474121093750e+00,2.819999999999999840e+00,3.700000000000000000e+05
9.964637143167612843e-01,9.947767734527587891e+00,5.490001678466796875e+00,2.819999999999999840e+00,0.000000000000000000e+00
9.964895991477129567e-01,1.007719188928604126e+01,5.490001678466796875e+00,2.819999999999999840e+00,3.700000000000000000e+05
9.968669261845031215e-01,9.931742489337921143e+00,5.849998474121093750e+00,2.819999999999999840e+00,0.000000000000000000e+00
9.968928110154547939e-01,1.006116664409637451e+01,5.849998474121093750e+00,2.819999999999999840e+00,3.700000000000000000e+05
9.972701380739441568e-01,1.020661610364913940e+01,5.490001678466796875e+00,2.819999999999999840e+00,0.000000000000000000e+00
9.972960229048958292e-01,1.033604025840759277e+01,5.490001678466796875e+00,2.819999999999999840e+00,3.700000000000000000e+05
9.976733499633851920e-01,1.019059079885482788e+01,5.849998474121093750e+00,2.819999999999999840e+00,0.000000000000000000e+00
9.976992347943368644e-01,1.032001495361328125e+01,5.849998474121093750e+00,2.819999999999999840e+00,3.700000000000000000e+05
9.980765618745254253e-01,1.046546447277069092e+01,5.490001678466796875e+00,2.819999999999999840e+00,0.000000000000000000e+00
9.981024467173980064e-01,1.059488868713378906e+01,5.490001678466796875e+00,2.819999999999999840e+00,3.700000000000000000e+05
9.984797737975865672e-01,1.044943916797637939e+01,5.849998474121093750e+00,2.819999999999999840e+00,0.000000000000000000e+00
9.985056586404591483e-01,1.057886338233947754e+01,5.849998474121093750e+00,2.819999999999999840e+00,3.700000000000000000e+05
9.988829856772493132e-01,1.072431278228759766e+01,5.490001678466796875e+00,2.819999999999999840e+00,0.000000000000000000e+00
9.989088705201218943e-01,1.085373699665069580e+01,5.490001678466796875e+00,2.819999999999999840e+00,3.700000000000000000e+05
9.992861975569120592e-01,1.070828759670257568e+01,5.849998474121093750e+00,2.819999999999999840e+00,0.000000000000000000e+00
9.999735570174929089e-01,1.129959368705749512e+01,2.464450836181640625e+00,2.819999999999999840e+00,3.700000000000000000e+05
1.000907479674041145e+00,1.093959367275238037e+01,3.355480194091796875e+00,2.819999999999999840e+00,0.000000000000000000e+00
1.001043262525937561e+00,1.080053472518920898e+01,4.020000457763671875e+00,2.819999999999999840e+00,3.700000000000000000e+05
1.002337938397421802e+00,1.129959368705749512e+01,2.784786224365234375e+00,2.819999999999999840e+00,0.000000000000000000e+00
1.002402005475058422e+00,1.129959368705749512e+01,3.105121612548828125e+00,2.819999999999999840e+00,3.700000000000000000e+05
1.003360925351050259e+00,1.092995882034301758e+01,4.020000457763671875e+00,2.819999999999999840e+00,0.000000000000000000e+00
1.003420254595718708e+00,1.093959367275238037e+01,4.316490173339843750e+00,2.819999999999999840e+00,3.700000000000000000e+05
1.004354180689512432e+00,1.129959368705749512e+01,3.425457000732421875e+00,2.819999999999999840e+00,0.000000000000000000e+00
1.004401598773767557e+00,1.133425664901733398e+01,3.659999847412109375e+00,2.819999999999999840e+00,3.700000000000000000e+05
1.005425447543384365e+00,1.093959367275238037e+01,4.636825561523437500e+00,2.819999999999999840e+00,0.000000000000000000e+00
1.005489514621020986e+00,1.093959367275238037e+01,4.957160949707031250e+00,2.819999999999999840e+00,3.700000000000000000e+05
1.006423437277569111e+00,1.129959368705749512e+01,4.066131591796875000e+00,2.819999999999999840e+00,0.000000000000000000e+00
1.006487504355205731e+00,1.129959368705749512e+01,4.386466979980468750e+00,2.819999999999999840e+00,3.700000000000000000e+05
1.007421427011753856e+00,1.093959367275238037e+01,5.277496337890625000e+00,2.819999999999999840e+00,0.000000000000000000e+00
1.007537726389915456e+00,1.083771169185638428e+01,5.849998474121093750e+00,2.819999999999999840e+00,3.700000000000000000e+05
1.008735954779448551e+00,1.129959368705749512e+01,4.706802368164062500e+00,2.819999999999999840e+00,0.000000000000000000e+00
1.008800021857085172e+00,1.129959368705749512e+01,5.027137756347656250e+00,2.819999999999999840e+00,3.700000000000000000e+05
1.009733947950878896e+00,1.093959367275238037e+01,5.918170928955078125e+00,2.819999999999999840e+00,0.000000000000000000e+00
1.009798015028515517e+00,1.093959367275238037e+01,6.238506317138671875e+00,2.819999999999999840e+00,3.700000000000000000e+05
1.010731941122309241e+00,1.129959368705749512e+01,5.347473144531250000e+00,2.819999999999999840e+00,0.000000000000000000e+00
1.010763863136944218e+00,1.137143373489379883e+01,5.490001678466796875e+00,2.819999999999999840e+00,3.700000000000000000e+05
1.011884155994664969e+00,1.093959367275238037e+01,6.558841705322265625e+00,2.819999999999999840e+00,0.000000000000000000e+00
1.011948223072301589e+00,1.093959367275238037e+01,6.879177093505859375e+00,2.819999999999999840e+00,3.700000000000000000e+05
1.012882145728849714e+00,1.129959368705749512e+01,5.988147735595703125e+00,2.819999999999999840e+00,0.000000000000000000e+00
1.012946212806486335e+00,1.129959368705749512e+01,6.308483123779296875e+00,2.819999999999999840e+00,3.700000000000000000e+05
1.013880135463034460e+00,1.093959367275238037e+01,7.199512481689453125e+00,2.819999999999999840e+00,0.000000000000000000e+00
1.014967974472757550e+00,7.639593720436096191e+00,1.152326583862304688e+01,2.819999999999999840e+00,3.700000000000000000e+05
1.015901900566551275e+00,7.279593706130981445e+00,1.241429901123046875e+01,2.819999999999999840e+00,0.000000000000000000e+00
1.015965967644187895e+00,7.279593706130981445e+00,1.273463439941406250e+01,2.819999999999999840e+00,3.700000000000000000e+05
1.016899890300736020e+00,7.639593720436096191e+00,1.184360504150390625e+01,2.819999999999999840e+00,0.000000000000000000e+00
1.016963957378372641e+00,7.639593720436096191e+00,1.216394042968750000e+01,2.819999999999999840e+00,3.700000000000000000e+05
1.018018445899417479e+00,7.233118772506713867e+00,1.316999816894531250e+01,2.819999999999999840e+00,0.000000000000000000e+00
1.018060546201797090e+00,7.279593706130981445e+00,1.337530517578125000e+01,2.819999999999999840e+00,3.700000000000000000e+05
1.018994468858345215e+00,7.639593720436096191e+00,1.248427581787109375e+01,2.819999999999999840e+00,0.000000000000000000e+00
1.019058535935981835e+00,7.639593720436096191e+00,1.280461120605468750e+01,2.819999999999999840e+00,3.700000000000000000e+05
1.019992460311152538e+00,7.279593706130981445e+00,1.369564247131347656e+01,2.819999999999999840e+00,0.000000000000000000e+00
1.020056527770258903e+00,7.279593706130981445e+00,1.401597976684570312e+01,2.819999999999999840e+00,3.700000000000000000e+05
1.021320560496468133e+00,7.766840815544128418e+00,1.281000137329101562e+01,2.819999999999999840e+00,0.000000000000000000e+00
1.021346445339340825e+00,7.896265029907226562e+00,1.281000137329101562e+01,2.819999999999999840e+00,3.700000000000000000e+05
1.021723772419529386e+00,7.750815510749816895e+00,1.316999816894531250e+01,2.819999999999999840e+00,0.000000000000000000e+00
1.021749657262402078e+00,7.880239725112915039e+00,1.316999816894531250e+01,2.819999999999999840e+00,3.700000000000000000e+05
1.022126984299192243e+00,8.025689125061035156e+00,1.281000137329101562e+01,2.819999999999999840e+00,0.000000000000000000e+00
1.022152869142064935e+00,8.155113339424133301e+00,1.281000137329101562e+01,2.819999999999999840e+00,3.700000000000000000e+05
1.022530196178855100e+00,8.009663939476013184e+00,1.316999816894531250e+01,2.819999999999999840e+00,0.000000000000000000e+00
1.022556080997885752e+00,8.139088034629821777e+00,1.316999816894531250e+01,2.819999999999999840e+00,3.700000000000000000e+05
1.022933408034675917e+00,8.284537434577941895e+00,1.281000137329101562e+01,2.819999999999999840e+00,0.000000000000000000e+00
1.022959292889469518e+00,8.413961708545684814e+00,1.281000137329101562e+01,2.819999999999999840e+00,3.700000000000000000e+05
1.023336619947958992e+00,8.268512248992919922e+00,1.316999816894531250e+01,2.819999999999999840e+00,0.000000000000000000e+00
1.023362504778910775e+00,8.397936403751373291e+00,1.316999816894531250e+01,2.819999999999999840e+00,3.700000000000000000e+05
1.023739831837400249e+00,8.543385863304138184e+00,1.281000137329101562e+01,2.819999999999999840e+00,0.000000000000000000e+00
1.023765716680272941e+00,8.672810077667236328e+00,1.281000137329101562e+01,2.819999999999999840e+00,3.700000000000000000e+05
1.024143043760461502e+00,8.527360558509826660e+00,1.316999816894531250e+01,2.819999999999999840e+00,0.000000000000000000e+00
1.024168928603334194e+00,8.656784772872924805e+00,1.316999816894531250e+01,2.819999999999999840e+00,3.700000000000000000e+05
1.024546255629274816e+00,8.802234143018722534e+00,1.281000137329101562e+01,2.819999999999999840e+00,0.000000000000000000e+00
1.024572140472147508e+00,8.931658357381820679e+00,1.281000137329101562e+01,2.819999999999999840e+00,3.700000000000000000e+05
1.024949467541486525e+00,8.786208868026733398e+00,1.316999816894531250e+01,2.819999999999999840e+00,0.000000000000000000e+00
1.024975352378398652e+00,8.915633052587509155e+00,1.316999816894531250e+01,2.819999999999999840e+00,3.700000000000000000e+05
1.025352679415188817e+00,9.061082452535629272e+00,1.281000137329101562e+01,2.819999999999999840e+00,0.000000000000000000e+00
1.028313542241465761e+00,1.312959361076354980e+01,-1.424285888671875000e+00,2.819999999999999840e+00,3.700000000000000000e+05
1.029247464854615934e+00,1.276959371566772461e+01,-5.332565307617187500e-01,2.819999999999999840e+00,0.000000000000000000e+00
1.029311531932252555e+00,1.276959371566772461e+01,-2.129211425781250000e-01,2.819999999999999840e+00,3.700000000000000000e+05
1.030245454545402728e+00,1.312959361076354980e+01,-1.103950500488281250e+00,2.819999999999999840e+00,0.000000000000000000e+00
1.030309521623039348e+00,1.312959361076354980e+01,-7.836151123046875000e-01,2.819999999999999840e+00,3.700000000000000000e+05
1.031508189431021849e+00,1.266754317283630371e+01,3.600006103515625000e-01,2.819999999999999840e+00,0.000000000000000000e+00
1.031532688214965132e+00,1.276959371566772461e+01,4.277534484863281250e-01,2.819999999999999840e+00,3.700000000000000000e+05
1.032466614265360905e+00,1.312959361076354980e+01,-4.632797241210937500e-01,2.819999999999999840e+00,0.000000000000000000e+00
1.032530681342997525e+00,1.312959361076354980e+01,-1.429443359375000000e-01,2.819999999999999840e+00,3.700000000000000000e+05
1.033464607393393297e+00,1.276959371566772461e+01,7.480888366699218750e-01,2.819999999999999840e+00,0.000000000000000000e+00
1.033528674471029918e+00,1.276959371566772461e+01,1.068424224853515625e+00,2.819999999999999840e+00,3.700000000000000000e+05
1.034648531260750515e+00,1.320126509666442871e+01,0.000000000000000000e+00,2.819999999999999840e+00,0.000000000000000000e+00
1.034674416127465024e+00,1.333068943023681641e+01,0.000000000000000000e+00,2.819999999999999840e+00,3.700000000000000000e+05
1.035051746688295138e+00,1.318523979187011719e+01,3.600006103515625000e-01,2.819999999999999840e+00,0.000000000000000000e+00
1.035077631507325790e+00,1.331466388702392578e+01,3.600006103515625000e-01,2.819999999999999840e+00,3.700000000000000000e+05
1.035454962068155904e+00,1.346011352539062500e+01,0.000000000000000000e+00,2.819999999999999840e+00,0.000000000000000000e+00
1.035480846887186557e+00,1.358953762054443359e+01,0.000000000000000000e+00,2.819999999999999840e+00,3.700000000000000000e+05
1.035858177448016670e+00,1.344408798217773438e+01,3.600006103515625000e-01,2.819999999999999840e+00,0.000000000000000000e+00
1.035884062362414815e+00,1.357351255416870117e+01,3.600006103515625000e-01,2.819999999999999840e+00,3.700000000000000000e+05
1.036261392749653121e+00,1.371896171569824219e+01,0.000000000000000000e+00,2.819999999999999840e+00,0.000000000000000000e+00
1.036287277568683773e+00,1.384838581085205078e+01,0.000000000000000000e+00,2.819999999999999840e+00,3.700000000000000000e+05
1.036664607955922079e+00,1.370293664932250977e+01,3.600006103515625000e-01,2.819999999999999840e+00,0.000000000000000000e+00
1.036690492774952732e+00,1.383236074447631836e+01,3.600006103515625000e-01,2.819999999999999840e+00,3.700000000000000000e+05
1.037067823162191038e+00,1.397780990600585938e+01,0.000000000000000000e+00,2.819999999999999840e+00,0.000000000000000000e+00
1.037093708076589182e+00,1.410723447799682617e+01,0.000000000000000000e+00,2.819999999999999840e+00,3.700000000000000000e+05
1.037471038637419296e+00,1.396178483963012695e+01,3.600006103515625000e-01,2.819999999999999840e+00,0.000000000000000000e+00
1.037496923456449949e+00,1.409120893478393555e+01,3.600006103515625000e-01,2.819999999999999840e+00,3.700000000000000000e+05
1.037874254017280062e+00,1.423665857315063477e+01,0.000000000000000000e+00,2.819999999999999840e+00,0.000000000000000000e+00
1.037900138836310715e+00,1.436608266830444336e+01,0.000000000000000000e+00,2.819999999999999840e+00,3.700000000000000000e+05
1.038277469397140829e+00,1.422063302993774414e+01,3.600006103515625000e-01,2.819999999999999840e+00,0.000000000000000000e+00
1.038303354216171481e+00,1.435005712509155273e+01,3.600006103515625000e-01,2.819999999999999840e+00,3.700000000000000000e+05
1.038680684777001595e+00,1.449550676345825195e+01,0.000000000000000000e+00,2.819999999999999840e+00,0.000000000000000000e+00
1.042461744264575163e+00,5.883806943893432617e+00,1.682999992370605469e+01,2.819999999999999840e+00,3.700000000000000000e+05
1.042839074825405277e+00,6.029256582260131836e+00,1.646999931335449219e+01,2.819999999999999840e+00,0.000000000000000000e+00
1.042864959644435929e+00,6.158680677413940430e+00,1.646999931335449219e+01,2.819999999999999840e+00,3.700000000000000000e+05
1.043242290118470139e+00,6.013231277465820312e+00,1.682999992370605469e+01,2.819999999999999840e+00,0.000000000000000000e+00
1.043268174937500792e+00,6.142655372619628906e+00,1.682999992370605469e+01,2.819999999999999840e+00,3.700000000000000000e+05
1.043645505411535002e+00,6.288104772567749023e+00,1.646999931335449219e+01,2.819999999999999840e+00,0.000000000000000000e+00
1.043671390230565654e+00,6.417528867721557617e+00,1.646999931335449219e+01,2.819999999999999840e+00,3.700000000000000000e+05
1.044048720704599864e+00,6.272079467773437500e+00,1.682999992370605469e+01,2.819999999999999840e+00,0.000000000000000000e+00
1.044074605571314374e+00,6.401503801345825195e+00,1.682999992370605469e+01,2.819999999999999840e+00,3.700000000000000000e+05
1.044451936045348583e+00,6.546953201293945312e+00,1.646999931335449219e+01,2.819999999999999840e+00,0.000000000000000000e+00
1.044477820864379236e+00,6.676377296447753906e+00,1.646999931335449219e+01,2.819999999999999840e+00,3.700000000000000000e+05
1.044855151338413446e+00,6.530927896499633789e+00,1.682999992370605469e+01,2.819999999999999840e+00,0.000000000000000000e+00
1.044881036157444099e+00,6.660351991653442383e+00,1.682999992370605469e+01,2.819999999999999840e+00,3.700000000000000000e+05
1.045258366631478308e+00,6.805801391601562500e+00,1.646999931335449219e+01,2.819999999999999840e+00,0.000000000000000000e+00
1.045284251498192818e+00,6.935225725173950195e+00,1.646999931335449219e+01,2.819999999999999840e+00,3.700000000000000000e+05
1.045661581972227028e+00,6.789776325225830078e+00,1.682999992370605469e+01,2.819999999999999840e+00,0.000000000000000000e+00
1.045687466791257680e+00,6.919200420379638672e+00,1.682999992370605469e+01,2.819999999999999840e+00,3.700000000000000000e+05
1.046064797265291890e+00,7.064649820327758789e+00,1.646999931335449219e+01,2.819999999999999840e+00,0.000000000000000000e+00
1.046090682084322543e+00,7.194073915481567383e+00,1.646999931335449219e+01,2.819999999999999840e+00,3.700000000000000000e+05
1.046468012558356753e+00,7.048624515533447266e+00,1.682999992370605469e+01,2.819999999999999840e+00,0.000000000000000000e+00
1.048366787226293839e+00,9.580647021532058716e+00,7.680000305175781250e+00,2.819999999999999840e+00,3.700000000000000000e+05
1.048744117711177593e+00,9.726096451282501221e+00,7.319999694824218750e+00,2.819999999999999840e+00,0.000000000000000000e+00
1.048770002542129376e+00,9.855520606040954590e+00,7.319999694824218750e+00,2.819999999999999840e+00,3.700000000000000000e+05
1.049147333027013129e+00,9.710071176290512085e+00,7.680000305175781250e+00,2.819999999999999840e+00,0.000000000000000000e+00
1.049173217863925256e+00,9.839495360851287842e+00,7.680000305175781250e+00,2.819999999999999840e+00,3.700000000000000000e+05
1.049550548337959466e+00,9.984944760799407959e+00,7.319999694824218750e+00,2.819999999999999840e+00,0.000000000000000000e+00
1.049576433168911249e+00,1.011436891555786133e+01,7.319999694824218750e+00,2.819999999999999840e+00,3.700000000000000000e+05
1.049953763642945459e+00,9.968919515609741211e+00,7.680000305175781250e+00,2.819999999999999840e+00,0.000000000000000000e+00
1.049979648473897242e+00,1.009834367036819458e+01,7.680000305175781250e+00,2.819999999999999840e+00,3.700000000000000000e+05
1.050356978969630539e+00,1.024379312992095947e+01,7.319999694824218750e+00,2.819999999999999840e+00,0.000000000000000000e+00
1.050382863812503231e+00,1.037321734428405762e+01,7.319999694824218750e+00,2.819999999999999840e+00,3.700000000000000000e+05
1.050760194329935393e+00,1.022776782512664795e+01,7.680000305175781250e+00,2.819999999999999840e+00,0.000000000000000000e+00
1.050786079172808085e+00,1.035719203948974609e+01,7.680000305175781250e+00,2.819999999999999840e+00,3.700000000000000000e+05
1.051163409646842295e+00,1.050264143943786621e+01,7.319999694824218750e+00,2.819999999999999840e+00,0.000000000000000000e+00
1.051189294489714987e+00,1.063206565380096436e+01,7.319999694824218750e+00,2.819999999999999840e+00,3.700000000000000000e+05
1.051566624963749197e+00,1.048661625385284424e+01,7.680000305175781250e+00,2.819999999999999840e+00,0.000000000000000000e+00
1.051592509782779850e+00,1.061604034900665283e+01,7.680000305175781250e+00,2.819999999999999840e+00,3.700000000000000000e+05
1.051969840256814059e+00,1.076148974895477295e+01,7.319999694824218750e+00,2.819999999999999840e+00,0.000000000000000000e+00
1.051995725099686751e+00,1.089091396331787109e+01,7.319999694824218750e+00,2.819999999999999840e+00,3.700000000000000000e+05
1.052373055573720961e+00,1.074546456336975098e+01,7.680000305175781250e+00,2.819999999999999840e+00,0.000000000000000000e+00
1.052398940392751614e+00,1.087488865852355957e+01,7.680000305175781250e+00,2.819999999999999840e+00,3.700000000000000000e+05
1.053500724737578942e+00,1.129959368705749512e+01,6.628818511962890625e+00,2.819999999999999840e+00,0.000000000000000000e+00
1.053564791815215562e+00,1.129959368705749512e+01,6.949153900146484375e+00,2.819999999999999840e+00,3.700000000000000000e+05
1.054498717909009287e+00,1.093959367275238037e+01,7.840187072753906250e+00,2.819999999999999840e+00,0.000000000000000000e+00
1.054562784986645907e+00,1.093959367275238037e+01,8.160522460937500000e+00,2.819999999999999840e+00,3.700000000000000000e+05
1.055496711080439631e+00,1.129959368705749512e+01,7.269489288330078125e+00,2.819999999999999840e+00,0.000000000000000000e+00
1.055520741048915578e+00,1.140861058235168457e+01,7.319999694824218750e+00,2.819999999999999840e+00,3.700000000000000000e+05
1.056737481345189300e+00,1.093959367275238037e+01,8.480857849121093750e+00,2.819999999999999840e+00,0.000000000000000000e+00
1.056801548422825920e+00,1.093959367275238037e+01,8.801193237304687500e+00,2.819999999999999840e+00,3.700000000000000000e+05
1.057735471079374046e+00,1.129959368705749512e+01,7.910163879394531250e+00,2.819999999999999840e+00,0.000000000000000000e+00
1.057799538157010666e+00,1.129959368705749512e+01,8.230499267578125000e+00,2.819999999999999840e+00,3.700000000000000000e+05
1.058733460813558791e+00,1.093959367275238037e+01,9.121528625488281250e+00,2.819999999999999840e+00,0.000000000000000000e+00
1.058811349578238747e+00,1.091206574440002441e+01,9.509998321533203125e+00,2.819999999999999840e+00,3.700000000000000000e+05
1.059816686397716978e+00,1.129959368705749512e+01,8.550834655761718750e+00,2.819999999999999840e+00,0.000000000000000000e+00
1.059880753475353599e+00,1.129959368705749512e+01,8.871170043945312500e+00,2.819999999999999840e+00,3.700000000000000000e+05
1.060814679569147323e+00,1.093959367275238037e+01,9.762203216552734375e+00,2.819999999999999840e+00,0.000000000000000000e+00
1.060878746646783943e+00,1.093959367275238037e+01,1.008253860473632812e+01,2.819999999999999840e+00,3.700000000000000000e+05
1.061856175035669203e+00,1.131636357307434082e+01,9.150001525878906250e+00,2.819999999999999840e+00,0.000000000000000000e+00
1.061882059854699856e+00,1.144578766822814941e+01,9.150001525878906250e+00,2.819999999999999840e+00,3.700000000000000000e+05
1.062259386891490021e+00,1.130033826828002930e+01,9.509998321533203125e+00,2.819999999999999840e+00,0.000000000000000000e+00
1.062285271710520673e+00,1.142976236343383789e+01,9.509998321533203125e+00,2.819999999999999840e+00,3.700000000000000000e+05
1.062662598747310838e+00,1.157521176338195801e+01,9.150001525878906250e+00,2.819999999999999840e+00,0.000000000000000000e+00
1.062688483614025348e+00,1.170463609695434570e+01,9.150001525878906250e+00,2.819999999999999840e+00,3.700000000000000000e+05
1.063065810650815513e+00,1.155918669700622559e+01,9.509998321533203125e+00,2.819999999999999840e+00,0.000000000000000000e+00
1.063091695469846165e+00,1.168861079216003418e+01,9.509998321533203125e+00,2.819999999999999840e+00,3.700000000000000000e+05
1.063469022506636330e+00,1.183406019210815430e+01,9.150001525878906250e+00,2.819999999999999840e+00,0.000000000000000000e+00
1.063494907325666983e+00,1.196348428726196289e+01,9.150001525878906250e+00,2.819999999999999840e+00,3.700000000000000000e+05
1.063872234362457148e+00,1.181803488731384277e+01,9.509998321533203125e+00,2.819999999999999840e+00,0.000000000000000000e+00
1.063898119181487800e+00,1.194745898246765137e+01,9.509998321533203125e+00,2.819999999999999840e+00,3.700000000000000000e+05
1.064275446218277965e+00,1.209290838241577148e+01,9.150001525878906250e+00,2.819999999999999840e+00,0.000000000000000000e+00
1.064301331084992475e+00,1.222233271598815918e+01,9.150001525878906250e+00,2.819999999999999840e+00,3.700000000000000000e+05
1.064678658121782640e+00,1.207688331604003906e+01,9.509998321533203125e+00,2.819999999999999840e+00,0.000000000000000000e+00
1.064704542940813292e+00,1.220630741119384766e+01,9.509998321533203125e+00,2.819999999999999840e+00,3.700000000000000000e+05
1.065081869977603457e+00,1.235175681114196777e+01,9.150001525878906250e+00,2.819999999999999840e+00,0.000000000000000000e+00
1.065107754796634110e+00,1.248118090629577637e+01,9.150001525878906250e+00,2.819999999999999840e+00,3.700000000000000000e+05
1.065485081833424275e+00,1.233573150634765625e+01,9.509998321533203125e+00,2.819999999999999840e+00,0.000000000000000000e+00
1.065510966700138784e+00,1.246515583992004395e+01,9.509998321533203125e+00,2.819999999999999840e+00,3.700000000000000000e+05
1.065888293736928949e+00,1.261060523986816406e+01,9.150001525878906250e+00,2.819999999999999840e+00,0.000000000000000000e+00
1.065914178555959602e+00,1.274002933502197266e+01,9.150001525878906250e+00,2.819999999999999840e+00,3.700000000000000000e+05
1.066291505592749767e+00,1.259457993507385254e+01,9.509998321533203125e+00,2.819999999999999840e+00,0.000000000000000000e+00
1.067418788028868804e+00,1.131823134422302246e+01,4.020000457763671875e+00,2.819999999999999840e+00,3.700000000000000000e+05
1.067796118502903013e+00,1.146368074417114258e+01,3.659999847412109375e+00,2.819999999999999840e+00,0.000000000000000000e+00
1.067822003321933666e+00,1.159310483932495117e+01,3.659999847412109375e+00,2.819999999999999840e+00,3.700000000000000000e+05
1.068199333795967876e+00,1.144765543937683105e+01,4.020000457763671875e+00,2.819999999999999840e+00,0.000000000000000000e+00
1.068225218662682385e+00,1.157707977294921875e+01,4.020000457763671875e+00,2.819999999999999840e+00,3.700000000000000000e+05
1.068602549136716595e+00,1.172252917289733887e+01,3.659999847412109375e+00,2.819999999999999840e+00,0.000000000000000000e+00
1.068628433955747248e+00,1.185195326805114746e+01,3.659999847412109375e+00,2.819999999999999840e+00,3.700000000000000000e+05
1.069005764429781458e+00,1.170650386810302734e+01,4.020000457763671875e+00,2.819999999999999840e+00,0.000000000000000000e+00
1.069031649248812110e+00,1.183592796325683594e+01,4.020000457763671875e+00,2.819999999999999840e+00,3.700000000000000000e+05
1.069408979722846320e+00,1.198137736320495605e+01,3.659999847412109375e+00,2.819999999999999840e+00,0.000000000000000000e+00
1.069434864589560830e+00,1.211080169677734375e+01,3.659999847412109375e+00,2.819999999999999840e+00,3.700000000000000000e+05
1.069812195150390943e+00,1.196535205841064453e+01,4.020000457763671875e+00,2.819999999999999840e+00,0.000000000000000000e+00
1.069838080017105453e+00,1.209477639198303223e+01,4.020000457763671875e+00,2.819999999999999840e+00,3.700000000000000000e+05
1.070215410491139663e+00,1.224022579193115234e+01,3.659999847412109375e+00,2.819999999999999840e+00,0.000000000000000000e+00
1.070241295310170315e+00,1.236964988708496094e+01,3.659999847412109375e+00,2.819999999999999840e+00,3.700000000000000000e+05
1.070618625784204525e+00,1.222420048713684082e+01,4.020000457763671875e+00,2.819999999999999840e+00,0.000000000000000000e+00
1.070644510603235178e+00,1.235362458229064941e+01,4.020000457763671875e+00,2.819999999999999840e+00,3.700000000000000000e+05
1.071021841077269388e+00,1.249907398223876953e+01,3.659999847412109375e+00,2.819999999999999840e+00,0.000000000000000000e+00
1.071047725943983897e+00,1.262849831581115723e+01,3.659999847412109375e+00,2.819999999999999840e+00,3.700000000000000000e+05
1.071425056418018107e+00,1.248304891586303711e+01,4.020000457763671875e+00,2.819999999999999840e+00,0.000000000000000000e+00
1.071450941237048760e+00,1.261247301101684570e+01,4.020000457763671875e+00,2.819999999999999840e+00,3.700000000000000000e+05
1.071828271711082969e+00,1.275792241096496582e+01,3.659999847412109375e+00,2.819999999999999840e+00,0.000000000000000000e+00
1.074036882451308905e+00,7.639593720436096191e+00,1.344528198242187500e+01,2.819999999999999840e+00,3.700000000000000000e+05
1.074970808545102630e+00,7.279593706130981445e+00,1.433631515502929688e+01,2.819999999999999840e+00,0.000000000000000000e+00
1.075106414053971005e+00,7.140871763229370117e+00,1.500000000000000000e+01,2.819999999999999840e+00,3.700000000000000000e+05
1.076400216201026883e+00,7.639593720436096191e+00,1.376561927795410156e+01,2.819999999999999840e+00,0.000000000000000000e+00
1.076464283660133248e+00,7.639593720436096191e+00,1.408595657348632812e+01,2.819999999999999840e+00,3.700000000000000000e+05
1.077422328093073922e+00,7.270295858383178711e+00,1.500000000000000000e+01,2.819999999999999840e+00,0.000000000000000000e+00
1.077481821807445783e+00,7.279593706130981445e+00,1.529732322692871094e+01,2.819999999999999840e+00,3.700000000000000000e+05
1.078415746182616486e+00,7.639593720436096191e+00,1.440629196166992188e+01,2.819999999999999840e+00,0.000000000000000000e+00
1.078463008920394151e+00,7.674593687057495117e+00,1.463999938964843750e+01,2.819999999999999840e+00,3.700000000000000000e+05
1.079487731414439544e+00,7.279593706130981445e+00,1.561765861511230469e+01,2.819999999999999840e+00,0.000000000000000000e+00
1.079551798873545909e+00,7.279593706130981445e+00,1.593799591064453125e+01,2.819999999999999840e+00,3.700000000000000000e+05
1.080485723248716612e+00,7.639593720436096191e+00,1.504696464538574219e+01,2.819999999999999840e+00,0.000000000000000000e+00
1.080549790326353232e+00,7.639593720436096191e+00,1.536730003356933594e+01,2.819999999999999840e+00,3.700000000000000000e+05
1.081483714701523935e+00,7.279593706130981445e+00,1.625833129882812500e+01,2.819999999999999840e+00,0.000000000000000000e+00
1.081599838148709747e+00,7.178048849105834961e+00,1.682999992370605469e+01,2.819999999999999840e+00,3.700000000000000000e+05
1.082797194489039105e+00,7.639593720436096191e+00,1.568763542175292969e+01,2.819999999999999840e+00,0.000000000000000000e+00
1.082861261948145470e+00,7.639593720436096191e+00,1.600797271728515625e+01,2.819999999999999840e+00,3.700000000000000000e+05
1.083795186323316173e+00,7.279593706130981445e+00,1.689900398254394531e+01,2.819999999999999840e+00,0.000000000000000000e+00
1.083859253400952793e+00,7.279593706130981445e+00,1.721933937072753906e+01,2.819999999999999840e+00,3.700000000000000000e+05
1.084793177776123496e+00,7.639593720436096191e+00,1.632830810546875000e+01,2.819999999999999840e+00,0.000000000000000000e+00
1.084824980862823418e+00,7.711770653724670410e+00,1.646999931335449219e+01,2.819999999999999840e+00,3.700000000000000000e+05
1.085946149120197157e+00,7.279593706130981445e+00,1.753967475891113281e+01,2.819999999999999840e+00,0.000000000000000000e+00
1.086010216579303522e+00,7.279593706130981445e+00,1.786001205444335938e+01,2.819999999999999840e+00,3.700000000000000000e+05
1.086944140954474225e+00,7.639593720436096191e+00,1.696898078918457031e+01,2.819999999999999840e+00,0.000000000000000000e+00
1.087008208032110845e+00,7.639593720436096191e+00,1.728931617736816406e+01,2.819999999999999840e+00,3.700000000000000000e+05
1.087942132407281548e+00,7.279593706130981445e+00,1.818034744262695312e+01,2.819999999999999840e+00,0.000000000000000000e+00
1.088038922834509092e+00,7.215225696563720703e+00,1.865999984741210938e+01,2.819999999999999840e+00,3.700000000000000000e+05
1.089139833454907835e+00,7.639593720436096191e+00,1.760965156555175781e+01,2.819999999999999840e+00,0.000000000000000000e+00
1.089203900914014200e+00,7.639593720436096191e+00,1.792998886108398438e+01,2.819999999999999840e+00,3.700000000000000000e+05
1.089969053776899788e+00,7.344649910926818848e+00,1.865999984741210938e+01,2.819999999999999840e+00,0.000000000000000000e+00
1.089994938619772480e+00,7.474074125289916992e+00,1.865999984741210938e+01,2.819999999999999840e+00,3.700000000000000000e+05
1.090424335443767490e+00,7.639593720436096191e+00,1.825032424926757812e+01,2.819999999999999840e+00,0.000000000000000000e+00
1.090448357022333337e+00,7.748947739601135254e+00,1.829999923706054688e+01,2.819999999999999840e+00,3.700000000000000000e+05
1.090825687539765498e+00,7.603498220443725586e+00,1.865999984741210938e+01,2.819999999999999840e+00,0.000000000000000000e+00
1.090851572382638190e+00,7.732922434806823730e+00,1.865999984741210938e+01,2.819999999999999840e+00,3.700000000000000000e+05
1.091228902856672400e+00,7.878371834754943848e+00,1.829999923706054688e+01,2.819999999999999840e+00,0.000000000000000000e+00
1.091254787699545092e+00,8.007796049118041992e+00,1.829999923706054688e+01,2.819999999999999840e+00,3.700000000000000000e+05
1.091632118173579302e+00,7.862346649169921875e+00,1.865999984741210938e+01,2.819999999999999840e+00,0.000000000000000000e+00
1.091658002992609955e+00,7.991770744323730469e+00,1.865999984741210938e+01,2.819999999999999840e+00,3.700000000000000000e+05
1.092035333510042117e+00,8.137220263481140137e+00,1.829999923706054688e+01,2.819999999999999840e+00,0.000000000000000000e+00
1.092061218329072769e+00,8.266644358634948730e+00,1.829999923706054688e+01,2.819999999999999840e+00,3.700000000000000000e+05
1.092438548803106979e+00,8.121194958686828613e+00,1.865999984741210938e+01,2.819999999999999840e+00,0.000000000000000000e+00
1.092464433622137632e+00,8.250619053840637207e+00,1.865999984741210938e+01,2.819999999999999840e+00,3.700000000000000000e+05
1.092841764139569793e+00,8.396068572998046875e+00,1.829999923706054688e+01,2.819999999999999840e+00,0.000000000000000000e+00
1.092867648970521577e+00,8.525492727756500244e+00,1.829999923706054688e+01,2.819999999999999840e+00,3.700000000000000000e+05
1.093244979444555787e+00,8.380043327808380127e+00,1.865999984741210938e+01,2.819999999999999840e+00,0.000000000000000000e+00
1.093270864275507570e+00,8.509467482566833496e+00,1.865999984741210938e+01,2.819999999999999840e+00,3.700000000000000000e+05
1.093648194749541780e+00,8.654916882514953613e+00,1.829999923706054688e+01,2.819999999999999840e+00,0.000000000000000000e+00
1.093674079592414472e+00,8.784341096878051758e+00,1.829999923706054688e+01,2.819999999999999840e+00,3.700000000000000000e+05
1.094051410088147769e+00,8.638891637325286865e+00,1.865999984741210938e+01,2.819999999999999840e+00,0.000000000000000000e+00
1.094077294919099552e+00,8.768315792083740234e+00,1.865999984741210938e+01,2.819999999999999840e+00,3.700000000000000000e+05
1.094454625425682170e+00,8.913765281438827515e+00,1.829999923706054688e+01,2.819999999999999840e+00,0.000000000000000000e+00
1.094480510244712823e+00,9.043189376592636108e+00,1.829999923706054688e+01,2.819999999999999840e+00,3.700000000000000000e+05
1.094857840718747033e+00,8.897739976644515991e+00,1.865999984741210938e+01,2.819999999999999840e+00,0.000000000000000000e+00
1.098587594715586313e+00,1.312959361076354980e+01,4.977302551269531250e-01,2.819999999999999840e+00,3.700000000000000000e+05
1.099521517328736486e+00,1.276959371566772461e+01,1.388759613037109375e+00,2.819999999999999840e+00,0.000000000000000000e+00
1.099585584406373107e+00,1.276959371566772461e+01,1.709095001220703125e+00,2.819999999999999840e+00,3.700000000000000000e+05
1.100519507019523280e+00,1.312959361076354980e+01,8.180656433105468750e-01,2.819999999999999840e+00,0.000000000000000000e+00
1.100583574097159900e+00,1.312959361076354980e+01,1.138401031494140625e+00,2.819999999999999840e+00,3.700000000000000000e+05
1.101685794379793082e+00,1.270472025871276855e+01,2.189998626708984375e+00,2.819999999999999840e+00,0.000000000000000000e+00
1.101720282248302762e+00,1.276959371566772461e+01,2.349769592285156250e+00,2.819999999999999840e+00,3.700000000000000000e+05
1.102654208298698535e+00,1.312959361076354980e+01,1.458736419677734375e+00,2.819999999999999840e+00,0.000000000000000000e+00
1.102718275376335155e+00,1.312959361076354980e+01,1.779071807861328125e+00,2.819999999999999840e+00,3.700000000000000000e+05
1.103652201426730928e+00,1.276959371566772461e+01,2.670104980468750000e+00,2.819999999999999840e+00,0.000000000000000000e+00
1.103716268504367548e+00,1.276959371566772461e+01,2.990440368652343750e+00,2.819999999999999840e+00,3.700000000000000000e+05
1.104932569382192087e+00,1.323844218254089355e+01,1.830001831054687500e+00,2.819999999999999840e+00,0.000000000000000000e+00
1.104958454248906596e+00,1.336786651611328125e+01,1.830001831054687500e+00,2.819999999999999840e+00,3.700000000000000000e+05
1.105335781372493553e+00,1.322241687774658203e+01,2.189998626708984375e+00,2.819999999999999840e+00,0.000000000000000000e+00
1.105361666191524206e+00,1.335184097290039062e+01,2.189998626708984375e+00,2.819999999999999840e+00,3.700000000000000000e+05
1.105738993315111163e+00,1.349729061126708984e+01,1.830001831054687500e+00,2.819999999999999840e+00,0.000000000000000000e+00
1.105764878134141815e+00,1.362671470642089844e+01,1.830001831054687500e+00,2.819999999999999840e+00,3.700000000000000000e+05
1.106142205257728772e+00,1.348126506805419922e+01,2.189998626708984375e+00,2.819999999999999840e+00,0.000000000000000000e+00
1.106168090076759425e+00,1.361068916320800781e+01,2.189998626708984375e+00,2.819999999999999840e+00,3.700000000000000000e+05
1.106545417200346382e+00,1.375613880157470703e+01,1.830001831054687500e+00,2.819999999999999840e+00,0.000000000000000000e+00
1.106571302019377034e+00,1.388556289672851562e+01,1.830001831054687500e+00,2.819999999999999840e+00,3.700000000000000000e+05
1.106948628969370629e+00,1.374011373519897461e+01,2.189998626708984375e+00,2.819999999999999840e+00,0.000000000000000000e+00
1.106974513788401282e+00,1.386953783035278320e+01,2.189998626708984375e+00,2.819999999999999840e+00,3.700000000000000000e+05
1.107351840738394877e+00,1.401498699188232422e+01,1.830001831054687500e+00,2.819999999999999840e+00,0.000000000000000000e+00
1.107377725557425530e+00,1.414441108703613281e+01,1.830001831054687500e+00,2.819999999999999840e+00,3.700000000000000000e+05
1.107755052507419125e+00,1.399896192550659180e+01,2.189998626708984375e+00,2.819999999999999840e+00,0.000000000000000000e+00
1.107780937326449777e+00,1.412838602066040039e+01,2.189998626708984375e+00,2.819999999999999840e+00,3.700000000000000000e+05
1.108158264450036734e+00,1.427383565902709961e+01,1.830001831054687500e+00,2.819999999999999840e+00,0.000000000000000000e+00
1.108184149269067387e+00,1.440325975418090820e+01,1.830001831054687500e+00,2.819999999999999840e+00,3.700000000000000000e+05
1.108561476392654344e+00,1.425781011581420898e+01,2.189998626708984375e+00,2.819999999999999840e+00,0.000000000000000000e+00
1.108587361211684996e+00,1.438723421096801758e+01,2.189998626708984375e+00,2.819999999999999840e+00,3.700000000000000000e+05
1.108964688335271953e+00,1.453268384933471680e+01,1.830001831054687500e+00,2.819999999999999840e+00,0.000000000000000000e+00
1.110812220258072136e+00,9.469593703746795654e+00,9.556545257568359375e+00,2.819999999999999840e+00,3.700000000000000000e+05
1.111746146351865860e+00,9.109593689441680908e+00,1.044757843017578125e+01,2.819999999999999840e+00,0.000000000000000000e+00
1.111810213429502481e+00,9.109593689441680908e+00,1.076791381835937500e+01,2.819999999999999840e+00,3.700000000000000000e+05
1.112744136086050606e+00,9.469593703746795654e+00,9.876884460449218750e+00,2.819999999999999840e+00,0.000000000000000000e+00
1.112808203163687226e+00,9.469593703746795654e+00,1.019721984863281250e+01,2.819999999999999840e+00,3.700000000000000000e+05
1.114005995550317429e+00,9.007880210876464844e+00,1.134000015258789062e+01,2.819999999999999840e+00,0.000000000000000000e+00
1.114030530796332297e+00,9.109593689441680908e+00,1.140858459472656250e+01,2.819999999999999840e+00,3.700000000000000000e+05
1.114964453452880422e+00,9.469593703746795654e+00,1.051755523681640625e+01,2.819999999999999840e+00,0.000000000000000000e+00
1.115028520530517042e+00,9.469593703746795654e+00,1.083789062500000000e+01,2.819999999999999840e+00,3.700000000000000000e+05
1.115962446624310767e+00,9.109593689441680908e+00,1.172892379760742188e+01,2.819999999999999840e+00,0.000000000000000000e+00
1.116026513701947387e+00,9.109593689441680908e+00,1.204925918579101562e+01,2.819999999999999840e+00,3.700000000000000000e+05
1.117147245967267999e+00,9.541602164506912231e+00,1.097999954223632812e+01,2.819999999999999840e+00,0.000000000000000000e+00
1.117173130798219782e+00,9.671026319265365601e+00,1.097999954223632812e+01,2.819999999999999840e+00,3.700000000000000000e+05
1.117550461283103536e+00,9.525576889514923096e+00,1.134000015258789062e+01,2.819999999999999840e+00,0.000000000000000000e+00
1.117576346114055319e+00,9.655001044273376465e+00,1.134000015258789062e+01,2.819999999999999840e+00,3.700000000000000000e+05
1.117953676609788616e+00,9.800450503826141357e+00,1.097999954223632812e+01,2.819999999999999840e+00,0.000000000000000000e+00
1.117979561440740399e+00,9.929874658584594727e+00,1.097999954223632812e+01,2.819999999999999840e+00,3.700000000000000000e+05
1.118356891925624153e+00,9.784425228834152222e+00,1.134000015258789062e+01,2.819999999999999840e+00,0.000000000000000000e+00
1.118382776762536279e+00,9.913849413394927979e+00,1.134000015258789062e+01,2.819999999999999840e+00,3.700000000000000000e+05
1.118760107236570489e+00,1.005929881334304810e+01,1.097999954223632812e+01,2.819999999999999840e+00,0.000000000000000000e+00
1.118785992079443181e+00,1.018872302770614624e+01,1.097999954223632812e+01,2.819999999999999840e+00,3.700000000000000000e+05
1.119163322575176478e+00,1.004327356815338135e+01,1.134000015258789062e+01,2.819999999999999840e+00,0.000000000000000000e+00
1.119189207406128261e+00,1.017269772291183472e+01,1.134000015258789062e+01,2.819999999999999840e+00,3.700000000000000000e+05
1.119566537901861558e+00,1.031814718246459961e+01,1.097999954223632812e+01,2.819999999999999840e+00,0.000000000000000000e+00
1.119592422720892211e+00,1.044757127761840820e+01,1.097999954223632812e+01,2.819999999999999840e+00,3.700000000000000000e+05
1.119969753194926421e+00,1.030212187767028809e+01,1.134000015258789062e+01,2.819999999999999840e+00,0.000000000000000000e+00
1.119995638037799113e+00,1.043154609203338623e+01,1.134000015258789062e+01,2.819999999999999840e+00,3.700000000000000000e+05
1.120372968511833323e+00,1.057699549198150635e+01,1.097999954223632812e+01,2.819999999999999840e+00,0.000000000000000000e+00
1.120398853330863975e+00,1.070641958713531494e+01,1.097999954223632812e+01,2.819999999999999840e+00,3.700000000000000000e+05
1.120776183804898185e+00,1.056097018718719482e+01,1.134000015258789062e+01,2.819999999999999840e+00,0.000000000000000000e+00
1.120802068647770877e+00,1.069039440155029297e+01,1.134000015258789062e+01,2.819999999999999840e+00,3.700000000000000000e+05
1.121179399121805087e+00,1.083584380149841309e+01,1.097999954223632812e+01,2.819999999999999840e+00,0.000000000000000000e+00
1.122204201205528440e+00,7.658568382263183594e+00,1.500000000000000000e+01,2.819999999999999840e+00,3.700000000000000000e+05
1.122581531679562650e+00,7.804017782211303711e+00,1.463999938964843750e+01,2.819999999999999840e+00,0.000000000000000000e+00
1.122607416522435342e+00,7.933441996574401855e+00,1.463999938964843750e+01,2.819999999999999840e+00,3.700000000000000000e+05
1.122984746996469552e+00,7.787992596626281738e+00,1.500000000000000000e+01,2.819999999999999840e+00,0.000000000000000000e+00
1.123010631815500204e+00,7.917416691780090332e+00,1.500000000000000000e+01,2.819999999999999840e+00,3.700000000000000000e+05
1.123387962332932366e+00,8.062866210937500000e+00,1.463999938964843750e+01,2.819999999999999840e+00,0.000000000000000000e+00
1.123413847151963019e+00,8.192290306091308594e+00,1.463999938964843750e+01,2.819999999999999840e+00,3.700000000000000000e+05
1.123791177625997229e+00,8.046840906143188477e+00,1.500000000000000000e+01,2.819999999999999840e+00,0.000000000000000000e+00
1.123817062468869921e+00,8.176265120506286621e+00,1.500000000000000000e+01,2.819999999999999840e+00,3.700000000000000000e+05
1.124194392942904130e+00,8.321714520454406738e+00,1.463999938964843750e+01,2.819999999999999840e+00,0.000000000000000000e+00
1.124220277773855914e+00,8.451138675212860107e+00,1.463999938964843750e+01,2.819999999999999840e+00,3.700000000000000000e+05
1.124597608269589211e+00,8.305689215660095215e+00,1.500000000000000000e+01,2.819999999999999840e+00,0.000000000000000000e+00
1.124623493100540994e+00,8.435113370418548584e+00,1.500000000000000000e+01,2.819999999999999840e+00,3.700000000000000000e+05
1.125000823596274291e+00,8.580562829971313477e+00,1.463999938964843750e+01,2.819999999999999840e+00,0.000000000000000000e+00
1.125026708439146983e+00,8.709987044334411621e+00,1.463999938964843750e+01,2.819999999999999840e+00,3.700000000000000000e+05
1.125404038934880280e+00,8.564537584781646729e+00,1.500000000000000000e+01,2.819999999999999840e+00,0.000000000000000000e+00
1.125429923765832063e+00,8.693961739540100098e+00,1.500000000000000000e+01,2.819999999999999840e+00,3.700000000000000000e+05
1.125807254239866273e+00,8.839411139488220215e+00,1.463999938964843750e+01,2.819999999999999840e+00,0.000000000000000000e+00
1.125833139082738965e+00,8.968835353851318359e+00,1.463999938964843750e+01,2.819999999999999840e+00,3.700000000000000000e+05
1.126210469556773175e+00,8.823385953903198242e+00,1.500000000000000000e+01,2.819999999999999840e+00,0.000000000000000000e+00
1.126236354375803828e+00,8.952810049057006836e+00,1.500000000000000000e+01,2.819999999999999840e+00,3.700000000000000000e+05
1.126613684898660761e+00,9.098259583115577698e+00,1.463999938964843750e+01,2.819999999999999840e+00,0.000000000000000000e+00
1.128428720292391718e+00,1.135540843009948730e+01,5.849998474121093750e+00,2.819999999999999840e+00,3.700000000000000000e+05
1.128806047329181883e+00,1.150085783004760742e+01,5.490001678466796875e+00,2.819999999999999840e+00,0.000000000000000000e+00
1.128831932148212536e+00,1.163028192520141602e+01,5.490001678466796875e+00,2.819999999999999840e+00,3.700000000000000000e+05
1.129209259185002701e+00,1.148483252525329590e+01,5.849998474121093750e+00,2.819999999999999840e+00,0.000000000000000000e+00
1.129235144004033353e+00,1.161425662040710449e+01,5.849998474121093750e+00,2.819999999999999840e+00,3.700000000000000000e+05
1.129612471040823518e+00,1.175970602035522461e+01,5.490001678466796875e+00,2.819999999999999840e+00,0.000000000000000000e+00
1.129638355907538028e+00,1.188913035392761230e+01,5.490001678466796875e+00,2.819999999999999840e+00,3.700000000000000000e+05
1.130015682944328193e+00,1.174368095397949219e+01,5.849998474121093750e+00,2.819999999999999840e+00,0.000000000000000000e+00
1.130041567763358845e+00,1.187310504913330078e+01,5.849998474121093750e+00,2.819999999999999840e+00,3.700000000000000000e+05
1.130418894800149010e+00,1.201855444908142090e+01,5.490001678466796875e+00,2.819999999999999840e+00,0.000000000000000000e+00
1.130444779619179663e+00,1.214797854423522949e+01,5.490001678466796875e+00,2.819999999999999840e+00,3.700000000000000000e+05
1.130822106655969828e+00,1.200252914428710938e+01,5.849998474121093750e+00,2.819999999999999840e+00,0.000000000000000000e+00
1.130847991475000480e+00,1.213195323944091797e+01,5.849998474121093750e+00,2.819999999999999840e+00,3.700000000000000000e+05
1.131225318598587437e+00,1.227740287780761719e+01,5.490001678466796875e+00,2.819999999999999840e+00,0.000000000000000000e+00
1.131251203417618090e+00,1.240682697296142578e+01,5.490001678466796875e+00,2.819999999999999840e+00,3.700000000000000000e+05
1.131628530454408255e+00,1.226137757301330566e+01,5.849998474121093750e+00,2.819999999999999840e+00,0.000000000000000000e+00
1.131654415273438907e+00,1.239080166816711426e+01,5.849998474121093750e+00,2.819999999999999840e+00,3.700000000000000000e+05
1.132031742310229072e+00,1.253625106811523438e+01,5.490001678466796875e+00,2.819999999999999840e+00,0.000000000000000000e+00
1.132057627176943582e+00,1.266567540168762207e+01,5.490001678466796875e+00,2.819999999999999840e+00,3.700000000000000000e+05
1.132434954213733747e+00,1.252022600173950195e+01,5.849998474121093750e+00,2.819999999999999840e+00,0.000000000000000000e+00
1.133131745665527212e+00,1.312959361076354980e+01,2.419746398925781250e+00,2.819999999999999840e+00,3.700000000000000000e+05
1.134065668278677386e+00,1.276959371566772461e+01,3.310775756835937500e+00,2.819999999999999840e+00,0.000000000000000000e+00
1.134129735356314006e+00,1.276959371566772461e+01,3.631111145019531250e+00,2.819999999999999840e+00,3.700000000000000000e+05
1.135063657969464179e+00,1.312959361076354980e+01,2.740081787109375000e+00,2.819999999999999840e+00,0.000000000000000000e+00
1.135127725047100800e+00,1.312959361076354980e+01,3.060417175292968750e+00,2.819999999999999840e+00,3.700000000000000000e+05
1.136133501328426165e+00,1.274189710617065430e+01,4.020000457763671875e+00,2.819999999999999840e+00,0.000000000000000000e+00
1.136184162133218933e+00,1.276959371566772461e+01,4.271785736083984375e+00,2.819999999999999840e+00,3.700000000000000000e+05
1.137118088183614706e+00,1.312959361076354980e+01,3.380752563476562500e+00,2.819999999999999840e+00,0.000000000000000000e+00
1.137174036248655984e+00,1.314619493484497070e+01,3.659999847412109375e+00,2.819999999999999840e+00,3.700000000000000000e+05
1.138151028569541090e+00,1.276959371566772461e+01,4.592121124267578125e+00,2.819999999999999840e+00,0.000000000000000000e+00
1.138215095647177710e+00,1.276959371566772461e+01,4.912456512451171875e+00,2.819999999999999840e+00,3.700000000000000000e+05
1.139149018260327884e+00,1.312959361076354980e+01,4.021427154541015625e+00,2.819999999999999840e+00,0.000000000000000000e+00
1.139213085337964504e+00,1.312959361076354980e+01,4.341762542724609375e+00,2.819999999999999840e+00,3.700000000000000000e+05
1.140147007951114677e+00,1.276959371566772461e+01,5.232791900634765625e+00,2.819999999999999840e+00,0.000000000000000000e+00
1.140272758565592515e+00,1.264965009689331055e+01,5.849998474121093750e+00,2.819999999999999840e+00,3.700000000000000000e+05
1.141517843317061187e+00,1.312959361076354980e+01,4.662097930908203125e+00,2.819999999999999840e+00,0.000000000000000000e+00
1.141581910394697807e+00,1.312959361076354980e+01,4.982433319091796875e+00,2.819999999999999840e+00,3.700000000000000000e+05
1.142515836445093580e+00,1.276959371566772461e+01,5.873466491699218750e+00,2.819999999999999840e+00,0.000000000000000000e+00
1.142579903522730200e+00,1.276959371566772461e+01,6.193801879882812500e+00,2.819999999999999840e+00,3.700000000000000000e+05
1.143513829573125973e+00,1.312959361076354980e+01,5.302768707275390625e+00,2.819999999999999840e+00,0.000000000000000000e+00
1.143552790221415538e+00,1.318337202072143555e+01,5.490001678466796875e+00,2.819999999999999840e+00,3.700000000000000000e+05
1.144626226630404586e+00,1.276959371566772461e+01,6.514137268066406250e+00,2.819999999999999840e+00,0.000000000000000000e+00
1.144690293708041207e+00,1.276959371566772461e+01,6.834472656250000000e+00,2.819999999999999840e+00,3.700000000000000000e+05
1.145624216321191380e+00,1.312959361076354980e+01,5.943443298339843750e+00,2.819999999999999840e+00,0.000000000000000000e+00
1.145688283398828000e+00,1.312959361076354980e+01,6.263778686523437500e+00,2.819999999999999840e+00,3.700000000000000000e+05
1.146622206011978173e+00,1.276959371566772461e+01,7.154808044433593750e+00,2.819999999999999840e+00,0.000000000000000000e+00
1.147710045028933701e+00,9.469593703746795654e+00,1.147856140136718750e+01,2.819999999999999840e+00,3.700000000000000000e+05
1.148643971122727425e+00,9.109593689441680908e+00,1.236959457397460938e+01,2.819999999999999840e+00,0.000000000000000000e+00
1.148708038200364046e+00,9.109593689441680908e+00,1.268992996215820312e+01,2.819999999999999840e+00,3.700000000000000000e+05
1.149641960856912171e+00,9.469593703746795654e+00,1.179890060424804688e+01,2.819999999999999840e+00,0.000000000000000000e+00
1.149706027934548791e+00,9.469593703746795654e+00,1.211923599243164062e+01,2.819999999999999840e+00,3.700000000000000000e+05
1.150807372817528984e+00,9.045057237148284912e+00,1.316999816894531250e+01,2.819999999999999840e+00,0.000000000000000000e+00
1.150841990364724232e+00,9.109593689441680908e+00,1.333060455322265625e+01,2.819999999999999840e+00,3.700000000000000000e+05
1.151775916458517957e+00,9.469593703746795654e+00,1.243957138061523438e+01,2.819999999999999840e+00,0.000000000000000000e+00
1.151839983536154577e+00,9.469593703746795654e+00,1.275990676879882812e+01,2.819999999999999840e+00,3.700000000000000000e+05
1.152773907911325280e+00,9.109593689441680908e+00,1.365093803405761719e+01,2.819999999999999840e+00,0.000000000000000000e+00
1.152837975370431645e+00,9.109593689441680908e+00,1.397127532958984375e+01,2.819999999999999840e+00,3.700000000000000000e+05
1.154055151702156889e+00,9.578779190778732300e+00,1.281000137329101562e+01,2.819999999999999840e+00,0.000000000000000000e+00
1.154081036533108673e+00,9.708203345537185669e+00,1.281000137329101562e+01,2.819999999999999840e+00,3.700000000000000000e+05
1.154458363580748381e+00,9.562753915786743164e+00,1.316999816894531250e+01,2.819999999999999840e+00,0.000000000000000000e+00
1.154484248411700165e+00,9.692178070545196533e+00,1.316999816894531250e+01,2.819999999999999840e+00,3.700000000000000000e+05
1.154861575470189639e+00,9.837627530097961426e+00,1.281000137329101562e+01,2.819999999999999840e+00,0.000000000000000000e+00
1.154887460301141422e+00,9.967051684856414795e+00,1.281000137329101562e+01,2.819999999999999840e+00,3.700000000000000000e+05
1.155264787359630896e+00,9.821602225303649902e+00,1.316999816894531250e+01,2.819999999999999840e+00,0.000000000000000000e+00
1.155290672190582679e+00,9.951026380062103271e+00,1.316999816894531250e+01,2.819999999999999840e+00,3.700000000000000000e+05
1.155667999249072153e+00,1.009647583961486816e+01,1.281000137329101562e+01,2.819999999999999840e+00,0.000000000000000000e+00
1.155693884091944845e+00,1.022590005397796631e+01,1.281000137329101562e+01,2.819999999999999840e+00,3.700000000000000000e+05
1.156071211150434319e+00,1.008045059442520142e+01,1.316999816894531250e+01,2.819999999999999840e+00,0.000000000000000000e+00
1.156097095981386103e+00,1.020987474918365479e+01,1.316999816894531250e+01,2.819999999999999840e+00,3.700000000000000000e+05
1.156474423018176267e+00,1.035532414913177490e+01,1.281000137329101562e+01,2.819999999999999840e+00,0.000000000000000000e+00
1.156500307861048960e+00,1.048474836349487305e+01,1.281000137329101562e+01,2.819999999999999840e+00,3.700000000000000000e+05
1.156877634941237520e+00,1.033929884433746338e+01,1.316999816894531250e+01,2.819999999999999840e+00,0.000000000000000000e+00
1.156903519784110212e+00,1.046872305870056152e+01,1.316999816894531250e+01,2.819999999999999840e+00,3.700000000000000000e+05
1.157280846820900377e+00,1.061417245864868164e+01,1.281000137329101562e+01,2.819999999999999840e+00,0.000000000000000000e+00
1.157306731663773069e+00,1.074359667301177979e+01,1.281000137329101562e+01,2.819999999999999840e+00,3.700000000000000000e+05
1.157684058743961630e+00,1.059814715385437012e+01,1.316999816894531250e+01,2.819999999999999840e+00,0.000000000000000000e+00
1.157709943586834322e+00,1.072757136821746826e+01,1.316999816894531250e+01,2.819999999999999840e+00,3.700000000000000000e+05
1.158087270623624487e+00,1.087302076816558838e+01,1.281000137329101562e+01,2.819999999999999840e+00,0.000000000000000000e+00
1.161057722999066844e+00,1.495959377288818359e+01,-1.468990325927734375e+00,2.819999999999999840e+00,3.700000000000000000e+05
1.161991645699013143e+00,1.459959363937377930e+01,-5.779609680175781250e-01,2.819999999999999840e+00,0.000000000000000000e+00
1.162055712776649763e+00,1.459959363937377930e+01,-2.576255798339843750e-01,2.819999999999999840e+00,3.700000000000000000e+05
1.162989635476596062e+00,1.495959377288818359e+01,-1.148654937744140625e+00,2.819999999999999840e+00,0.000000000000000000e+00
1.163053702554232682e+00,1.495959377288818359e+01,-8.283195495605468750e-01,2.819999999999999840e+00,3.700000000000000000e+05
1.164299226767548712e+00,1.447948169708251953e+01,3.600006103515625000e-01,2.819999999999999840e+00,0.000000000000000000e+00
1.164323687435948385e+00,1.459959363937377930e+01,3.830490112304687500e-01,2.819999999999999840e+00,3.700000000000000000e+05
1.165257613573140061e+00,1.495959377288818359e+01,-5.079841613769531250e-01,2.819999999999999840e+00,0.000000000000000000e+00
1.165321680650776681e+00,1.495959377288818359e+01,-1.876487731933593750e-01,2.819999999999999840e+00,3.700000000000000000e+05
1.166255606787968357e+00,1.459959363937377930e+01,7.033843994140625000e-01,2.819999999999999840e+00,0.000000000000000000e+00
1.166319673865604978e+00,1.459959363937377930e+01,1.023719787597656250e+00,2.819999999999999840e+00,3.700000000000000000e+05
1.167392674336788172e+00,1.501320362091064453e+01,0.000000000000000000e+00,2.819999999999999840e+00,0.000000000000000000e+00
1.167418559155818825e+00,1.514262771606445312e+01,0.000000000000000000e+00,2.819999999999999840e+00,3.700000000000000000e+05
1.167795889716648938e+00,1.499717807769775391e+01,3.600006103515625000e-01,2.819999999999999840e+00,0.000000000000000000e+00
1.167821774535679591e+00,1.512660217285156250e+01,3.600006103515625000e-01,2.819999999999999840e+00,3.700000000000000000e+05
1.168199105096509705e+00,1.527205181121826172e+01,0.000000000000000000e+00,2.819999999999999840e+00,0.000000000000000000e+00
1.168224989915540357e+00,1.540147590637207031e+01,0.000000000000000000e+00,2.819999999999999840e+00,3.700000000000000000e+05
1.168602320302778663e+00,1.525602674484252930e+01,3.600006103515625000e-01,2.819999999999999840e+00,0.000000000000000000e+00
1.168628205121809316e+00,1.538545083999633789e+01,3.600006103515625000e-01,2.819999999999999840e+00,3.700000000000000000e+05
1.169005535509047622e+00,1.553090000152587891e+01,0.000000000000000000e+00,2.819999999999999840e+00,0.000000000000000000e+00
1.169031420328078275e+00,1.566032409667968750e+01,0.000000000000000000e+00,2.819999999999999840e+00,3.700000000000000000e+05
1.169408750715316581e+00,1.551487493515014648e+01,3.600006103515625000e-01,2.819999999999999840e+00,0.000000000000000000e+00
1.169434635534347233e+00,1.564429903030395508e+01,3.600006103515625000e-01,2.819999999999999840e+00,3.700000000000000000e+05
1.169811966095177347e+00,1.578974866867065430e+01,0.000000000000000000e+00,2.819999999999999840e+00,0.000000000000000000e+00
1.169837850914208000e+00,1.591917276382446289e+01,0.000000000000000000e+00,2.819999999999999840e+00,3.700000000000000000e+05
1.170215181475038113e+00,1.577372312545776367e+01,3.600006103515625000e-01,2.819999999999999840e+00,0.000000000000000000e+00
1.170241066294068766e+00,1.590314722061157227e+01,3.600006103515625000e-01,2.819999999999999840e+00,3.700000000000000000e+05
1.170618396854898879e+00,1.604859685897827148e+01,0.000000000000000000e+00,2.819999999999999840e+00,0.000000000000000000e+00
1.170644281673929532e+00,1.617802095413208008e+01,0.000000000000000000e+00,2.819999999999999840e+00,3.700000000000000000e+05
1.171021612061167838e+00,1.603257179260253906e+01,3.600006103515625000e-01,2.819999999999999840e+00,0.000000000000000000e+00
1.171047496880198491e+00,1.616199588775634766e+01,3.600006103515625000e-01,2.819999999999999840e+00,3.700000000000000000e+05
1.171424827267436797e+00,1.630744504928588867e+01,0.000000000000000000e+00,2.819999999999999840e+00,0.000000000000000000e+00
1.171624290366746646e+00,1.678959369659423828e+01,-8.730239868164062500e-01,2.819999999999999840e+00,3.700000000000000000e+05
1.172916670985396204e+00,1.629141998291015625e+01,3.600006103515625000e-01,2.819999999999999840e+00,0.000000000000000000e+00
1.172942555804426856e+00,1.642084407806396484e+01,3.600006103515625000e-01,2.819999999999999840e+00,3.700000000000000000e+05
1.173899180427584232e+00,1.678959369659423828e+01,-5.526885986328125000e-01,2.819999999999999840e+00,0.000000000000000000e+00
1.173963247505220853e+00,1.678959369659423828e+01,-2.323532104492187500e-01,2.819999999999999840e+00,3.700000000000000000e+05
1.174897173642412529e+00,1.642959356307983398e+01,6.586799621582031250e-01,2.819999999999999840e+00,0.000000000000000000e+00
1.174961240720049149e+00,1.642959356307983398e+01,9.790153503417968750e-01,2.819999999999999840e+00,3.700000000000000000e+05
1.175987384785898815e+00,1.682514190673828125e+01,0.000000000000000000e+00,2.819999999999999840e+00,0.000000000000000000e+00
1.176013269604929468e+00,1.695456600189208984e+01,0.000000000000000000e+00,2.819999999999999840e+00,3.700000000000000000e+05
1.176390600165759581e+00,1.680911636352539062e+01,3.600006103515625000e-01,2.819999999999999840e+00,0.000000000000000000e+00
1.176416485080157726e+00,1.693854093551635742e+01,3.600006103515625000e-01,2.819999999999999840e+00,3.700000000000000000e+05
1.176793815467396032e+00,1.708399009704589844e+01,0.000000000000000000e+00,2.819999999999999840e+00,0.000000000000000000e+00
1.176819700286426684e+00,1.721341419219970703e+01,0.000000000000000000e+00,2.819999999999999840e+00,3.700000000000000000e+05
1.177197030673664990e+00,1.706796503067016602e+01,3.600006103515625000e-01,2.819999999999999840e+00,0.000000000000000000e+00
1.177222915492695643e+00,1.719738912582397461e+01,3.600006103515625000e-01,2.819999999999999840e+00,3.700000000000000000e+05
1.177600245879933949e+00,1.734283828735351562e+01,0.000000000000000000e+00,2.819999999999999840e+00,0.000000000000000000e+00
1.177626130698964602e+00,1.747226238250732422e+01,0.000000000000000000e+00,2.819999999999999840e+00,3.700000000000000000e+05
1.178003461259794715e+00,1.732681274414062500e+01,3.600006103515625000e-01,2.819999999999999840e+00,0.000000000000000000e+00
1.178029346269560351e+00,1.745623779296875000e+01,3.600006103515625000e-01,2.819999999999999840e+00,3.700000000000000000e+05
1.178406676483207294e+00,1.760168647766113281e+01,0.000000000000000000e+00,2.819999999999999840e+00,0.000000000000000000e+00
1.178432561302237946e+00,1.773111057281494141e+01,0.000000000000000000e+00,2.819999999999999840e+00,3.700000000000000000e+05
1.178809891515884889e+00,1.758566188812255859e+01,3.600006103515625000e-01,2.819999999999999840e+00,0.000000000000000000e+00
1.178835776334915542e+00,1.771508598327636719e+01,3.600006103515625000e-01,2.819999999999999840e+00,3.700000000000000000e+05
1.179213106895745655e+00,1.786053562164306641e+01,0.000000000000000000e+00,2.819999999999999840e+00,0.000000000000000000e+00
1.179238991714776308e+00,1.798995971679687500e+01,0.000000000000000000e+00,2.819999999999999840e+00,3.700000000000000000e+05
1.179616322275606421e+00,1.784451007843017578e+01,3.600006103515625000e-01,2.819999999999999840e+00,0.000000000000000000e+00
1.179642207094637074e+00,1.797393417358398438e+01,3.600006103515625000e-01,2.819999999999999840e+00,3.700000000000000000e+05
1.180019537655467188e+00,1.811938381195068359e+01,0.000000000000000000e+00,2.819999999999999840e+00,0.000000000000000000e+00
1.180045422474497840e+00,1.824880790710449219e+01,0.000000000000000000e+00,2.819999999999999840e+00,3.700000000000000000e+05
1.180422753035327954e+00,1.810335826873779297e+01,3.600006103515625000e-01,2.819999999999999840e+00,0.000000000000000000e+00
1.180448637854358607e+00,1.823278236389160156e+01,3.600006103515625000e-01,2.819999999999999840e+00,3.700000000000000000e+05
1.180825968415188720e+00,1.837823200225830078e+01,0.000000000000000000e+00,2.819999999999999840e+00,0.000000000000000000e+00
1.180851853234219373e+00,1.850765609741210938e+01,0.000000000000000000e+00,2.819999999999999840e+00,3.700000000000000000e+05
1.181495384725650633e+00,1.825959396362304688e+01,6.139755249023437500e-01,2.819999999999999840e+00,0.000000000000000000e+00
1.181559451803287253e+00,1.825959396362304688e+01,9.343109130859375000e-01,2.819999999999999840e+00,3.700000000000000000e+05
1.182493374329641078e+00,1.861959362030029297e+01,4.328155517578125000e-02,2.819999999999999840e+00,0.000000000000000000e+00
1.182557441407277699e+00,1.861959362030029297e+01,3.636169433593750000e-01,2.819999999999999840e+00,3.700000000000000000e+05
1.183491363933631524e+00,1.825959396362304688e+01,1.254646301269531250e+00,2.819999999999999840e+00,0.000000000000000000e+00
1.183555431774207634e+00,1.825959396362304688e+01,1.574985504150390625e+00,2.819999999999999840e+00,3.700000000000000000e+05
1.184489357737807502e+00,1.861959362030029297e+01,6.839523315429687500e-01,2.819999999999999840e+00,0.000000000000000000e+00
1.188388205317797652e+00,7.695745468139648438e+00,1.682999992370605469e+01,2.819999999999999840e+00,3.700000000000000000e+05
1.188765535791831862e+00,7.841194868087768555e+00,1.646999931335449219e+01,2.819999999999999840e+00,0.000000000000000000e+00
1.188791420634704554e+00,7.970619082450866699e+00,1.646999931335449219e+01,2.819999999999999840e+00,3.700000000000000000e+05
1.189168751152136716e+00,7.825169563293457031e+00,1.682999992370605469e+01,2.819999999999999840e+00,0.000000000000000000e+00
1.189194635995009408e+00,7.954593777656555176e+00,1.682999992370605469e+01,2.819999999999999840e+00,3.700000000000000000e+05
1.189571966469043618e+00,8.100043177604675293e+00,1.646999931335449219e+01,2.819999999999999840e+00,0.000000000000000000e+00
1.189597851311916310e+00,8.229467391967773438e+00,1.646999931335449219e+01,2.819999999999999840e+00,3.700000000000000000e+05
1.189975181829348472e+00,8.084017872810363770e+00,1.682999992370605469e+01,2.819999999999999840e+00,0.000000000000000000e+00
1.190001066672221164e+00,8.213442087173461914e+00,1.682999992370605469e+01,2.819999999999999840e+00,3.700000000000000000e+05
1.190378397167954461e+00,8.358891546726226807e+00,1.646999931335449219e+01,2.819999999999999840e+00,0.000000000000000000e+00
1.190404281998906244e+00,8.488315701484680176e+00,1.646999931335449219e+01,2.819999999999999840e+00,3.700000000000000000e+05
1.190781612494639541e+00,8.342866241931915283e+00,1.682999992370605469e+01,2.819999999999999840e+00,0.000000000000000000e+00
1.190807497325591324e+00,8.472290396690368652e+00,1.682999992370605469e+01,2.819999999999999840e+00,3.700000000000000000e+05
1.191184827821324621e+00,8.617739856243133545e+00,1.646999931335449219e+01,2.819999999999999840e+00,0.000000000000000000e+00
1.191210712664197313e+00,8.747164070606231689e+00,1.646999931335449219e+01,2.819999999999999840e+00,3.700000000000000000e+05
1.191588043159930610e+00,8.601714611053466797e+00,1.682999992370605469e+01,2.819999999999999840e+00,0.000000000000000000e+00
1.191613927990882393e+00,8.731138765811920166e+00,1.682999992370605469e+01,2.819999999999999840e+00,3.700000000000000000e+05
1.191991258464916603e+00,8.876588165760040283e+00,1.646999931335449219e+01,2.819999999999999840e+00,0.000000000000000000e+00
1.192017143307789295e+00,9.006012380123138428e+00,1.646999931335449219e+01,2.819999999999999840e+00,3.700000000000000000e+05
1.192394473781823505e+00,8.860562980175018311e+00,1.682999992370605469e+01,2.819999999999999840e+00,0.000000000000000000e+00
1.194293248438633048e+00,1.139258527755737305e+01,7.680000305175781250e+00,2.819999999999999840e+00,3.700000000000000000e+05
1.194670578999463162e+00,1.153803491592407227e+01,7.319999694824218750e+00,2.819999999999999840e+00,0.000000000000000000e+00
1.194696463818493815e+00,1.166745901107788086e+01,7.319999694824218750e+00,2.819999999999999840e+00,3.700000000000000000e+05
1.195073794292528024e+00,1.152200961112976074e+01,7.680000305175781250e+00,2.819999999999999840e+00,0.000000000000000000e+00
1.195099679111558677e+00,1.165143370628356934e+01,7.680000305175781250e+00,2.819999999999999840e+00,3.700000000000000000e+05
1.195477009585592887e+00,1.179688310623168945e+01,7.319999694824218750e+00,2.819999999999999840e+00,0.000000000000000000e+00
1.195502894404623540e+00,1.192630720138549805e+01,7.319999694824218750e+00,2.819999999999999840e+00,3.700000000000000000e+05
1.195880224878657749e+00,1.178085780143737793e+01,7.680000305175781250e+00,2.819999999999999840e+00,0.000000000000000000e+00
1.195906109745372259e+00,1.191028213500976562e+01,7.680000305175781250e+00,2.819999999999999840e+00,3.700000000000000000e+05
1.196283440219406469e+00,1.205573153495788574e+01,7.319999694824218750e+00,2.819999999999999840e+00,0.000000000000000000e+00
1.196309325038437121e+00,1.218515563011169434e+01,7.319999694824218750e+00,2.819999999999999840e+00,3.700000000000000000e+05
1.196686655512471331e+00,1.203970623016357422e+01,7.680000305175781250e+00,2.819999999999999840e+00,0.000000000000000000e+00
1.196712540331501984e+00,1.216913032531738281e+01,7.680000305175781250e+00,2.819999999999999840e+00,3.700000000000000000e+05
1.197089870805536194e+00,1.231457972526550293e+01,7.319999694824218750e+00,2.819999999999999840e+00,0.000000000000000000e+00
1.197115755672250703e+00,1.244400405883789062e+01,7.319999694824218750e+00,2.819999999999999840e+00,3.700000000000000000e+05
1.197493086146284913e+00,1.229855465888977051e+01,7.680000305175781250e+00,2.819999999999999840e+00,0.000000000000000000e+00
1.197518970965315566e+00,1.242797875404357910e+01,7.680000305175781250e+00,2.819999999999999840e+00,3.700000000000000000e+05
1.197896301439349775e+00,1.257342815399169922e+01,7.319999694824218750e+00,2.819999999999999840e+00,0.000000000000000000e+00
1.197922186258380428e+00,1.270285224914550781e+01,7.319999694824218750e+00,2.819999999999999840e+00,3.700000000000000000e+05
1.198299516732414638e+00,1.255740284919738770e+01,7.680000305175781250e+00,2.819999999999999840e+00,0.000000000000000000e+00
1.198325401551445291e+00,1.268682694435119629e+01,7.680000305175781250e+00,2.819999999999999840e+00,3.700000000000000000e+05
1.199474042301606147e+00,1.312959361076354980e+01,6.584114074707031250e+00,2.819999999999999840e+00,0.000000000000000000e+00
1.199538109379242767e+00,1.312959361076354980e+01,6.904449462890625000e+00,2.819999999999999840e+00,3.700000000000000000e+05
1.200472035429638540e+00,1.276959371566772461e+01,7.795482635498046875e+00,2.819999999999999840e+00,0.000000000000000000e+00
1.200536102507275160e+00,1.276959371566772461e+01,8.115818023681640625e+00,2.819999999999999840e+00,3.700000000000000000e+05
1.201470028557670933e+00,1.312959361076354980e+01,7.224784851074218750e+00,2.819999999999999840e+00,0.000000000000000000e+00
1.201496363876406015e+00,1.322054886817932129e+01,7.319999694824218750e+00,2.819999999999999840e+00,3.700000000000000000e+05
1.202666247723948256e+00,1.276959371566772461e+01,8.436153411865234375e+00,2.819999999999999840e+00,0.000000000000000000e+00
1.202730314801584877e+00,1.276959371566772461e+01,8.756488800048828125e+00,2.819999999999999840e+00,3.700000000000000000e+05
1.203664237414735050e+00,1.312959361076354980e+01,7.865459442138671875e+00,2.819999999999999840e+00,0.000000000000000000e+00
1.203728304492371670e+00,1.312959361076354980e+01,8.185794830322265625e+00,2.819999999999999840e+00,3.700000000000000000e+05
1.204662227105521843e+00,1.276959371566772461e+01,9.076824188232421875e+00,2.819999999999999840e+00,0.000000000000000000e+00
1.204749340422340609e+00,1.272400403022766113e+01,9.509998321533203125e+00,2.819999999999999840e+00,3.700000000000000000e+05
1.205801533647152368e+00,1.312959361076354980e+01,8.506130218505859375e+00,2.819999999999999840e+00,0.000000000000000000e+00
1.205865600724788989e+00,1.312959361076354980e+01,8.826465606689453125e+00,2.819999999999999840e+00,3.700000000000000000e+05
1.206799526775184761e+00,1.276959371566772461e+01,9.717498779296875000e+00,2.819999999999999840e+00,0.000000000000000000e+00
1.206863593852821381e+00,1.276959371566772461e+01,1.003783416748046875e+01,2.819999999999999840e+00,3.700000000000000000e+05
1.207797519903217154e+00,1.312959361076354980e+01,9.146800994873046875e+00,2.819999999999999840e+00,0.000000000000000000e+00
1.207823154365018636e+00,1.325772595405578613e+01,9.150001525878906250e+00,2.819999999999999840e+00,3.700000000000000000e+05
1.209089482300664598e+00,1.276959371566772461e+01,1.035816955566406250e+01,2.819999999999999840e+00,0.000000000000000000e+00
1.209153549378301218e+00,1.276959371566772461e+01,1.067850494384765625e+01,2.819999999999999840e+00,3.700000000000000000e+05
1.210087471991451391e+00,1.312959361076354980e+01,9.787475585937500000e+00,2.819999999999999840e+00,0.000000000000000000e+00
1.211240967022839010e+00,1.313016963005065918e+01,4.020000457763671875e+00,2.819999999999999840e+00,3.700000000000000000e+05
1.211618297583669124e+00,1.327561926841735840e+01,3.659999847412109375e+00,2.819999999999999840e+00,0.000000000000000000e+00
1.211644182355016142e+00,1.340504312515258789e+01,3.659999847412109375e+00,2.819999999999999840e+00,3.700000000000000000e+05
1.212021512742254448e+00,1.325959396362304688e+01,4.020000457763671875e+00,2.819999999999999840e+00,0.000000000000000000e+00
1.212047397561285100e+00,1.338901805877685547e+01,4.020000457763671875e+00,2.819999999999999840e+00,3.700000000000000000e+05
1.212424728122115214e+00,1.353446769714355469e+01,3.659999847412109375e+00,2.819999999999999840e+00,0.000000000000000000e+00
1.212450612941145867e+00,1.366389179229736328e+01,3.659999847412109375e+00,2.819999999999999840e+00,3.700000000000000000e+05
1.212827943501975980e+00,1.351844215393066406e+01,4.020000457763671875e+00,2.819999999999999840e+00,0.000000000000000000e+00
1.212853828321006633e+00,1.364786624908447266e+01,4.020000457763671875e+00,2.819999999999999840e+00,3.700000000000000000e+05
1.213231158881836746e+00,1.379331588745117188e+01,3.659999847412109375e+00,2.819999999999999840e+00,0.000000000000000000e+00
1.213257043700867399e+00,1.392273998260498047e+01,3.659999847412109375e+00,2.819999999999999840e+00,3.700000000000000000e+05
1.213634374261697513e+00,1.377729034423828125e+01,4.020000457763671875e+00,2.819999999999999840e+00,0.000000000000000000e+00
1.213660259176095657e+00,1.390671491622924805e+01,4.020000457763671875e+00,2.819999999999999840e+00,3.700000000000000000e+05
1.214037589563333963e+00,1.405216407775878906e+01,3.659999847412109375e+00,2.819999999999999840e+00,0.000000000000000000e+00
1.214063474382364616e+00,1.418158817291259766e+01,3.659999847412109375e+00,2.819999999999999840e+00,3.700000000000000000e+05
1.214440804769602922e+00,1.403613901138305664e+01,4.020000457763671875e+00,2.819999999999999840e+00,0.000000000000000000e+00
1.214466689588633574e+00,1.416556310653686523e+01,4.020000457763671875e+00,2.819999999999999840e+00,3.700000000000000000e+05
1.214844019975871880e+00,1.431101226806640625e+01,3.659999847412109375e+00,2.819999999999999840e+00,0.000000000000000000e+00
1.214869904890270025e+00,1.444043684005737305e+01,3.659999847412109375e+00,2.819999999999999840e+00,3.700000000000000000e+05
1.215247235451100138e+00,1.429498720169067383e+01,4.020000457763671875e+00,2.819999999999999840e+00,0.000000000000000000e+00
1.215273120270130791e+00,1.442441129684448242e+01,4.020000457763671875e+00,2.819999999999999840e+00,3.700000000000000000e+05
1.215650450830960905e+00,1.456986093521118164e+01,3.659999847412109375e+00,2.819999999999999840e+00,0.000000000000000000e+00
1.217849465647037110e+00,9.469593703746795654e+00,1.340058135986328125e+01,2.819999999999999840e+00,3.700000000000000000e+05
1.218783388303585236e+00,9.109593689441680908e+00,1.429161071777343750e+01,2.819999999999999840e+00,0.000000000000000000e+00
1.218847455381221856e+00,9.109593689441680908e+00,1.461194610595703125e+01,2.819999999999999840e+00,3.700000000000000000e+05
1.219781379756392559e+00,9.469593703746795654e+00,1.372091484069824219e+01,2.819999999999999840e+00,0.000000000000000000e+00
1.219845447215498924e+00,9.469593703746795654e+00,1.404125213623046875e+01,2.819999999999999840e+00,3.700000000000000000e+05
1.220850348032074040e+00,9.082234263420104980e+00,1.500000000000000000e+01,2.819999999999999840e+00,0.000000000000000000e+00
1.220901167237533391e+00,9.109593689441680908e+00,1.525261878967285156e+01,2.819999999999999840e+00,3.700000000000000000e+05
1.221835091612704094e+00,9.469593703746795654e+00,1.436158752441406250e+01,2.819999999999999840e+00,0.000000000000000000e+00
1.221890876941845061e+00,9.486532032489776611e+00,1.463999938964843750e+01,2.819999999999999840e+00,3.700000000000000000e+05
1.222868743030556704e+00,9.109593689441680908e+00,1.557295417785644531e+01,2.819999999999999840e+00,0.000000000000000000e+00
1.222932810489663069e+00,9.109593689441680908e+00,1.589329147338867188e+01,2.819999999999999840e+00,3.700000000000000000e+05
1.223866734864833772e+00,9.469593703746795654e+00,1.500226020812988281e+01,2.819999999999999840e+00,0.000000000000000000e+00
1.223930801942470392e+00,9.469593703746795654e+00,1.532259559631347656e+01,2.819999999999999840e+00,3.700000000000000000e+05
1.224864726317641095e+00,9.109593689441680908e+00,1.621362686157226562e+01,2.819999999999999840e+00,0.000000000000000000e+00
1.224990300437066137e+00,8.989987105131149292e+00,1.682999992370605469e+01,2.819999999999999840e+00,3.700000000000000000e+05
1.226234511496654855e+00,9.469593703746795654e+00,1.564293289184570312e+01,2.819999999999999840e+00,0.000000000000000000e+00
1.226298578574291476e+00,9.469593703746795654e+00,1.596326828002929688e+01,2.819999999999999840e+00,3.700000000000000000e+05
1.227232502949462178e+00,9.109593689441680908e+00,1.685429954528808594e+01,2.819999999999999840e+00,0.000000000000000000e+00
1.227296570027098799e+00,9.109593689441680908e+00,1.717463493347167969e+01,2.819999999999999840e+00,3.700000000000000000e+05
1.228230494402269501e+00,9.469593703746795654e+00,1.628360366821289062e+01,2.819999999999999840e+00,0.000000000000000000e+00
1.228269312855704065e+00,9.523709058761596680e+00,1.646999931335449219e+01,2.819999999999999840e+00,3.700000000000000000e+05
1.229343626448066162e+00,9.109593689441680908e+00,1.749497222900390625e+01,2.819999999999999840e+00,0.000000000000000000e+00
1.229407693525702783e+00,9.109593689441680908e+00,1.781530761718750000e+01,2.819999999999999840e+00,3.700000000000000000e+05
1.230341617900873485e+00,9.469593703746795654e+00,1.692427635192871094e+01,2.819999999999999840e+00,0.000000000000000000e+00
1.230405684978510106e+00,9.469593703746795654e+00,1.724461174011230469e+01,2.819999999999999840e+00,3.700000000000000000e+05
1.231339609353680808e+00,9.109593689441680908e+00,1.813564300537109375e+01,2.819999999999999840e+00,0.000000000000000000e+00
1.231445768617023040e+00,9.027164131402969360e+00,1.865999984741210938e+01,2.819999999999999840e+00,3.700000000000000000e+05
1.232593533891584103e+00,9.469593703746795654e+00,1.756494903564453125e+01,2.819999999999999840e+00,0.000000000000000000e+00
1.232657600969220724e+00,9.469593703746795654e+00,1.788528442382812500e+01,2.819999999999999840e+00,3.700000000000000000e+05
1.233469610215740753e+00,9.156588315963745117e+00,1.865999984741210938e+01,2.819999999999999840e+00,0.000000000000000000e+00
1.233495495045248802e+00,9.286012463504448533e+00,1.865999984741210938e+01,2.819999999999999840e+00,3.700000000000000000e+05
1.233971748277205016e+00,9.469593703746795654e+00,1.820561981201171875e+01,2.819999999999999840e+00,0.000000000000000000e+00
1.233998009864935685e+00,9.560886085033416748e+00,1.829999923706054688e+01,2.819999999999999840e+00,3.700000000000000000e+05
1.234375340355244210e+00,9.415436640381813049e+00,1.865999984741210938e+01,2.819999999999999840e+00,0.000000000000000000e+00
1.234401225189176055e+00,9.544860810041427612e+00,1.865999984741210938e+01,2.819999999999999840e+00,3.700000000000000000e+05
1.234778555674059808e+00,9.690310239791870117e+00,1.829999923706054688e+01,2.819999999999999840e+00,0.000000000000000000e+00
1.234804440505011591e+00,9.819734394550323486e+00,1.829999923706054688e+01,2.819999999999999840e+00,3.700000000000000000e+05
1.235181770989895345e+00,9.674284964799880981e+00,1.865999984741210938e+01,2.819999999999999840e+00,0.000000000000000000e+00
1.235207655826807471e+00,9.803709149360656738e+00,1.865999984741210938e+01,2.819999999999999840e+00,3.700000000000000000e+05
1.235584986300841681e+00,9.949158549308776855e+00,1.829999923706054688e+01,2.819999999999999840e+00,0.000000000000000000e+00
1.235610871143714373e+00,1.007858276367187500e+01,1.829999923706054688e+01,2.819999999999999840e+00,3.700000000000000000e+05
1.235988201639447670e+00,9.933133304119110107e+00,1.865999984741210938e+01,2.819999999999999840e+00,0.000000000000000000e+00
1.236014086470399453e+00,1.006255745887756348e+01,1.865999984741210938e+01,2.819999999999999840e+00,3.700000000000000000e+05
1.236391416966132750e+00,1.020800691843032837e+01,1.829999923706054688e+01,2.819999999999999840e+00,0.000000000000000000e+00
1.236417301797084534e+00,1.033743107318878174e+01,1.829999923706054688e+01,2.819999999999999840e+00,3.700000000000000000e+05
1.236794632271118743e+00,1.019198167324066162e+01,1.865999984741210938e+01,2.819999999999999840e+00,0.000000000000000000e+00
1.236820517090149396e+00,1.032140576839447021e+01,1.865999984741210938e+01,2.819999999999999840e+00,3.700000000000000000e+05
1.237197847607581558e+00,1.046685528755187988e+01,1.829999923706054688e+01,2.819999999999999840e+00,0.000000000000000000e+00
1.237223732426612210e+00,1.059627938270568848e+01,1.829999923706054688e+01,2.819999999999999840e+00,3.700000000000000000e+05
1.237601062900646420e+00,1.045082998275756836e+01,1.865999984741210938e+01,2.819999999999999840e+00,0.000000000000000000e+00
1.237626947719677073e+00,1.058025407791137695e+01,1.865999984741210938e+01,2.819999999999999840e+00,3.700000000000000000e+05
1.238004278237109235e+00,1.072570359706878662e+01,1.829999923706054688e+01,2.819999999999999840e+00,0.000000000000000000e+00
1.238030163056139887e+00,1.085512769222259521e+01,1.829999923706054688e+01,2.819999999999999840e+00,3.700000000000000000e+05
1.238407493530174097e+00,1.070967829227447510e+01,1.865999984741210938e+01,2.819999999999999840e+00,0.000000000000000000e+00
1.242146775198648578e+00,1.495959377288818359e+01,4.530258178710937500e-01,2.819999999999999840e+00,3.700000000000000000e+05
1.243080697898594877e+00,1.459959363937377930e+01,1.344055175781250000e+00,2.819999999999999840e+00,0.000000000000000000e+00
1.243144764976231498e+00,1.459959363937377930e+01,1.664390563964843750e+00,2.819999999999999840e+00,3.700000000000000000e+05
1.244078687676177797e+00,1.495959377288818359e+01,7.733612060546875000e-01,2.819999999999999840e+00,0.000000000000000000e+00
1.244142754753814417e+00,1.495959377288818359e+01,1.093696594238281250e+00,2.819999999999999840e+00,3.700000000000000000e+05
1.245291831441781127e+00,1.451665878295898438e+01,2.189998626708984375e+00,2.819999999999999840e+00,0.000000000000000000e+00
1.245320199378856740e+00,1.459959363937377930e+01,2.305065155029296875e+00,2.819999999999999840e+00,3.700000000000000000e+05
1.246254125516048417e+00,1.495959377288818359e+01,1.414031982421875000e+00,2.819999999999999840e+00,0.000000000000000000e+00
1.246318192593685037e+00,1.495959377288818359e+01,1.734367370605468750e+00,2.819999999999999840e+00,3.700000000000000000e+05
1.247252118730876713e+00,1.459959363937377930e+01,2.625400543212890625e+00,2.819999999999999840e+00,0.000000000000000000e+00
1.247316185808513334e+00,1.459959363937377930e+01,2.945735931396484375e+00,2.819999999999999840e+00,3.700000000000000000e+05
1.248485630367800692e+00,1.505038070678710938e+01,1.830001831054687500e+00,2.819999999999999840e+00,0.000000000000000000e+00
1.248511515186831344e+00,1.517980480194091797e+01,1.830001831054687500e+00,2.819999999999999840e+00,3.700000000000000000e+05
1.248888842310418301e+00,1.503435516357421875e+01,2.189998626708984375e+00,2.819999999999999840e+00,0.000000000000000000e+00
1.248914727129448954e+00,1.516377925872802734e+01,2.189998626708984375e+00,2.819999999999999840e+00,3.700000000000000000e+05
1.249292054253035911e+00,1.530922889709472656e+01,1.830001831054687500e+00,2.819999999999999840e+00,0.000000000000000000e+00
1.249317939072066563e+00,1.543865299224853516e+01,1.830001831054687500e+00,2.819999999999999840e+00,3.700000000000000000e+05
1.249695266195653520e+00,1.529320335388183594e+01,2.189998626708984375e+00,2.819999999999999840e+00,0.000000000000000000e+00
1.249721151110051665e+00,1.542262792587280273e+01,2.189998626708984375e+00,2.819999999999999840e+00,3.700000000000000000e+05
1.250098478060045259e+00,1.556807708740234375e+01,1.830001831054687500e+00,2.819999999999999840e+00,0.000000000000000000e+00
1.250124362879075912e+00,1.569750118255615234e+01,1.830001831054687500e+00,2.819999999999999840e+00,3.700000000000000000e+05
1.250501689829069507e+00,1.555205202102661133e+01,2.189998626708984375e+00,2.819999999999999840e+00,0.000000000000000000e+00
1.250527574648100160e+00,1.568147611618041992e+01,2.189998626708984375e+00,2.819999999999999840e+00,3.700000000000000000e+05
1.250904901598093755e+00,1.582692527770996094e+01,1.830001831054687500e+00,2.819999999999999840e+00,0.000000000000000000e+00
1.250930786512491899e+00,1.595634984970092773e+01,1.830001831054687500e+00,2.819999999999999840e+00,3.700000000000000000e+05
1.251308113636078856e+00,1.581090021133422852e+01,2.189998626708984375e+00,2.819999999999999840e+00,0.000000000000000000e+00
1.251333998455109509e+00,1.594032430648803711e+01,2.189998626708984375e+00,2.819999999999999840e+00,3.700000000000000000e+05
1.251711325578696465e+00,1.608577394485473633e+01,1.830001831054687500e+00,2.819999999999999840e+00,0.000000000000000000e+00
1.251737210397727118e+00,1.621519804000854492e+01,1.830001831054687500e+00,2.819999999999999840e+00,3.700000000000000000e+05
1.252114537521314075e+00,1.606974840164184570e+01,2.189998626708984375e+00,2.819999999999999840e+00,0.000000000000000000e+00
1.252140422435712219e+00,1.619917297363281250e+01,2.189998626708984375e+00,2.819999999999999840e+00,3.700000000000000000e+05
1.252517749385705814e+00,1.634462213516235352e+01,1.830001831054687500e+00,2.819999999999999840e+00,0.000000000000000000e+00
1.254355824693269339e+00,1.129959368705749512e+01,9.511844635009765625e+00,2.819999999999999840e+00,3.700000000000000000e+05
1.255289747349817464e+00,1.093959367275238037e+01,1.040287399291992188e+01,2.819999999999999840e+00,0.000000000000000000e+00
1.255353814427454084e+00,1.093959367275238037e+01,1.072320938110351562e+01,2.819999999999999840e+00,3.700000000000000000e+05
1.256287737084002210e+00,1.129959368705749512e+01,9.832180023193359375e+00,2.819999999999999840e+00,0.000000000000000000e+00
1.256351804161638830e+00,1.129959368705749512e+01,1.015251541137695312e+01,2.819999999999999840e+00,3.700000000000000000e+05
1.257596452931903475e+00,1.081981861591339111e+01,1.134000015258789062e+01,2.819999999999999840e+00,0.000000000000000000e+00
1.257620879557604487e+00,1.093959367275238037e+01,1.136388397216796875e+01,2.819999999999999840e+00,3.700000000000000000e+05
1.258554805651398212e+00,1.129959368705749512e+01,1.047285079956054688e+01,2.819999999999999840e+00,0.000000000000000000e+00
1.258618872729034832e+00,1.129959368705749512e+01,1.079318618774414062e+01,2.819999999999999840e+00,3.700000000000000000e+05
1.259552798822828557e+00,1.093959367275238037e+01,1.168421936035156250e+01,2.819999999999999840e+00,0.000000000000000000e+00
1.259616865900465177e+00,1.093959367275238037e+01,1.200455474853515625e+01,2.819999999999999840e+00,3.700000000000000000e+05
1.260690741727903630e+00,1.135354042053222656e+01,1.097999954223632812e+01,2.819999999999999840e+00,0.000000000000000000e+00
1.260716626594618139e+00,1.148296475410461426e+01,1.097999954223632812e+01,2.819999999999999840e+00,3.700000000000000000e+05
1.261093957068652349e+00,1.133751535415649414e+01,1.134000015258789062e+01,2.819999999999999840e+00,0.000000000000000000e+00
1.261119841887683002e+00,1.146693944931030273e+01,1.134000015258789062e+01,2.819999999999999840e+00,3.700000000000000000e+05
1.261497172361717212e+00,1.161238884925842285e+01,1.097999954223632812e+01,2.819999999999999840e+00,0.000000000000000000e+00
1.261523057180747864e+00,1.174181294441223145e+01,1.097999954223632812e+01,2.819999999999999840e+00,3.700000000000000000e+05
1.261900387654782074e+00,1.159636354446411133e+01,1.134000015258789062e+01,2.819999999999999840e+00,0.000000000000000000e+00
1.261926272521496584e+00,1.172578787803649902e+01,1.134000015258789062e+01,2.819999999999999840e+00,3.700000000000000000e+05
1.262303602995530794e+00,1.187123727798461914e+01,1.097999954223632812e+01,2.819999999999999840e+00,0.000000000000000000e+00
1.262329487814561446e+00,1.200066137313842773e+01,1.097999954223632812e+01,2.819999999999999840e+00,3.700000000000000000e+05
1.262706818288595656e+00,1.185521197319030762e+01,1.134000015258789062e+01,2.819999999999999840e+00,0.000000000000000000e+00
1.262732703107626309e+00,1.198463606834411621e+01,1.134000015258789062e+01,2.819999999999999840e+00,3.700000000000000000e+05
1.263110033581660518e+00,1.213008546829223633e+01,1.097999954223632812e+01,2.819999999999999840e+00,0.000000000000000000e+00
1.263135918448375028e+00,1.225950980186462402e+01,1.097999954223632812e+01,2.819999999999999840e+00,3.700000000000000000e+05
1.263513248922409238e+00,1.211406040191650391e+01,1.134000015258789062e+01,2.819999999999999840e+00,0.000000000000000000e+00
1.263539133741439890e+00,1.224348449707031250e+01,1.134000015258789062e+01,2.819999999999999840e+00,3.700000000000000000e+05
1.263916464215474100e+00,1.238893389701843262e+01,1.097999954223632812e+01,2.819999999999999840e+00,0.000000000000000000e+00
1.263942349034504753e+00,1.251835799217224121e+01,1.097999954223632812e+01,2.819999999999999840e+00,3.700000000000000000e+05
1.264319679508538963e+00,1.237290859222412109e+01,1.134000015258789062e+01,2.819999999999999840e+00,0.000000000000000000e+00
1.264345564375253472e+00,1.250233292579650879e+01,1.134000015258789062e+01,2.819999999999999840e+00,3.700000000000000000e+05
1.264722894849287682e+00,1.264778232574462891e+01,1.097999954223632812e+01,2.819999999999999840e+00,0.000000000000000000e+00
1.264922179092766052e+00,1.312959384918212891e+01,1.010781097412109375e+01,2.819999999999999840e+00,3.700000000000000000e+05
1.266213684311762400e+00,1.263175702095031738e+01,1.134000015258789062e+01,2.819999999999999840e+00,0.000000000000000000e+00
1.266239569130793052e+00,1.276118111610412598e+01,1.134000015258789062e+01,2.819999999999999840e+00,3.700000000000000000e+05
1.267195318354296996e+00,1.312959384918212891e+01,1.042814636230468750e+01,2.819999999999999840e+00,0.000000000000000000e+00
1.267259385431933616e+00,1.312959384918212891e+01,1.074848175048828125e+01,2.819999999999999840e+00,3.700000000000000000e+05
1.268193311569125292e+00,1.276959371566772461e+01,1.163951492309570312e+01,2.819999999999999840e+00,0.000000000000000000e+00
1.268257378646761913e+00,1.276959371566772461e+01,1.195985031127929688e+01,2.819999999999999840e+00,3.700000000000000000e+05
1.269284398112264789e+00,1.316547894477844238e+01,1.097999954223632812e+01,2.819999999999999840e+00,0.000000000000000000e+00
1.269310282978979298e+00,1.329490327835083008e+01,1.097999954223632812e+01,2.819999999999999840e+00,3.700000000000000000e+05
1.269687613539809412e+00,1.314945363998413086e+01,1.134000015258789062e+01,2.819999999999999840e+00,0.000000000000000000e+00
1.269713498358840065e+00,1.327887773513793945e+01,1.134000015258789062e+01,2.819999999999999840e+00,3.700000000000000000e+05
1.270090828919670178e+00,1.342432737350463867e+01,1.097999954223632812e+01,2.819999999999999840e+00,0.000000000000000000e+00
1.270116713738700831e+00,1.355375146865844727e+01,1.097999954223632812e+01,2.819999999999999840e+00,3.700000000000000000e+05
1.270494044125939137e+00,1.340830230712890625e+01,1.134000015258789062e+01,2.819999999999999840e+00,0.000000000000000000e+00
1.270519928944969790e+00,1.353772640228271484e+01,1.134000015258789062e+01,2.819999999999999840e+00,3.700000000000000000e+05
1.270897259332208096e+00,1.368317556381225586e+01,1.097999954223632812e+01,2.819999999999999840e+00,0.000000000000000000e+00
1.270923144151238748e+00,1.381259965896606445e+01,1.097999954223632812e+01,2.819999999999999840e+00,3.700000000000000000e+05
1.271300474538477054e+00,1.366715049743652344e+01,1.134000015258789062e+01,2.819999999999999840e+00,0.000000000000000000e+00
1.271326359357507707e+00,1.379657459259033203e+01,1.134000015258789062e+01,2.819999999999999840e+00,3.700000000000000000e+05
1.271703689918337821e+00,1.394202423095703125e+01,1.097999954223632812e+01,2.819999999999999840e+00,0.000000000000000000e+00
1.271729574737368473e+00,1.407144832611083984e+01,1.097999954223632812e+01,2.819999999999999840e+00,3.700000000000000000e+05
1.272106905298198587e+00,1.392599868774414062e+01,1.134000015258789062e+01,2.819999999999999840e+00,0.000000000000000000e+00
1.272132790117229240e+00,1.405542278289794922e+01,1.134000015258789062e+01,2.819999999999999840e+00,3.700000000000000000e+05
1.272510120678059353e+00,1.420087242126464844e+01,1.097999954223632812e+01,2.819999999999999840e+00,0.000000000000000000e+00
1.272536005497090006e+00,1.433029651641845703e+01,1.097999954223632812e+01,2.819999999999999840e+00,3.700000000000000000e+05
1.272913336057920120e+00,1.418484687805175781e+01,1.134000015258789062e+01,2.819999999999999840e+00,0.000000000000000000e+00
1.272939220972318264e+00,1.431427145004272461e+01,1.134000015258789062e+01,2.819999999999999840e+00,3.700000000000000000e+05
1.273316551359556570e+00,1.445972061157226562e+01,1.097999954223632812e+01,2.819999999999999840e+00,0.000000000000000000e+00
1.273342436178587223e+00,1.458914470672607422e+01,1.097999954223632812e+01,2.819999999999999840e+00,3.700000000000000000e+05
1.273719766565825529e+00,1.444369554519653320e+01,1.134000015258789062e+01,2.819999999999999840e+00,0.000000000000000000e+00
1.274954727384655762e+00,9.470506757497787476e+00,1.500000000000000000e+01,2.819999999999999840e+00,3.700000000000000000e+05
1.275332057880389058e+00,9.615956217050552368e+00,1.463999938964843750e+01,2.819999999999999840e+00,0.000000000000000000e+00
1.275357942711340842e+00,9.745380371809005737e+00,1.463999938964843750e+01,2.819999999999999840e+00,3.700000000000000000e+05
1.275735273196224595e+00,9.599930942058563232e+00,1.500000000000000000e+01,2.819999999999999840e+00,0.000000000000000000e+00
1.275761158027176378e+00,9.729355096817016602e+00,1.500000000000000000e+01,2.819999999999999840e+00,3.700000000000000000e+05
1.276138488522909675e+00,9.874804556369781494e+00,1.463999938964843750e+01,2.819999999999999840e+00,0.000000000000000000e+00
1.276164373353861459e+00,1.000422871112823486e+01,1.463999938964843750e+01,2.819999999999999840e+00,3.700000000000000000e+05
1.276541703849594755e+00,9.858779251575469971e+00,1.500000000000000000e+01,2.819999999999999840e+00,0.000000000000000000e+00
1.276567588692467448e+00,9.988203465938568115e+00,1.500000000000000000e+01,2.819999999999999840e+00,3.700000000000000000e+05
1.276944919188200744e+00,1.013365292549133301e+01,1.463999938964843750e+01,2.819999999999999840e+00,0.000000000000000000e+00
1.276970804019152528e+00,1.026307708024978638e+01,1.463999938964843750e+01,2.819999999999999840e+00,3.700000000000000000e+05
1.277348134514885825e+00,1.011762762069702148e+01,1.500000000000000000e+01,2.819999999999999840e+00,0.000000000000000000e+00
1.277374019345837608e+00,1.024705177545547485e+01,1.500000000000000000e+01,2.819999999999999840e+00,3.700000000000000000e+05
1.277751349841570905e+00,1.039250123500823975e+01,1.463999938964843750e+01,2.819999999999999840e+00,0.000000000000000000e+00
1.277777234684443597e+00,1.052192544937133789e+01,1.463999938964843750e+01,2.819999999999999840e+00,3.700000000000000000e+05
1.278154565201875759e+00,1.037647593021392822e+01,1.500000000000000000e+01,2.819999999999999840e+00,0.000000000000000000e+00
1.278180450044748451e+00,1.050590014457702637e+01,1.500000000000000000e+01,2.819999999999999840e+00,3.700000000000000000e+05
1.278557780518782661e+00,1.065134954452514648e+01,1.463999938964843750e+01,2.819999999999999840e+00,0.000000000000000000e+00
1.278583665361655353e+00,1.078077375888824463e+01,1.463999938964843750e+01,2.819999999999999840e+00,3.700000000000000000e+05
1.278960995835689562e+00,1.063532435894012451e+01,1.500000000000000000e+01,2.819999999999999840e+00,0.000000000000000000e+00
1.278986880654720215e+00,1.076474845409393311e+01,1.500000000000000000e+01,2.819999999999999840e+00,3.700000000000000000e+05
1.279364211172152377e+00,1.091019797325134277e+01,1.463999938964843750e+01,2.819999999999999840e+00,0.000000000000000000e+00
1.281179246560694818e+00,1.316734671592712402e+01,5.849998474121093750e+00,2.819999999999999840e+00,3.700000000000000000e+05
1.281556573597484983e+00,1.331279611587524414e+01,5.490001678466796875e+00,2.819999999999999840e+00,0.000000000000000000e+00
1.281582458416515635e+00,1.344222021102905273e+01,5.490001678466796875e+00,2.819999999999999840e+00,3.700000000000000000e+05
1.281959785366509230e+00,1.329677104949951172e+01,5.849998474121093750e+00,2.819999999999999840e+00,0.000000000000000000e+00
1.281985670185539883e+00,1.342619514465332031e+01,5.849998474121093750e+00,2.819999999999999840e+00,3.700000000000000000e+05
1.282362997135533478e+00,1.357164430618286133e+01,5.490001678466796875e+00,2.819999999999999840e+00,0.000000000000000000e+00
1.282388882049931622e+00,1.370106887817382812e+01,5.490001678466796875e+00,2.819999999999999840e+00,3.700000000000000000e+05
1.282766209173518579e+00,1.355561923980712891e+01,5.849998474121093750e+00,2.819999999999999840e+00,0.000000000000000000e+00
1.282792093992549232e+00,1.368504333496093750e+01,5.849998474121093750e+00,2.819999999999999840e+00,3.700000000000000000e+05
1.283169421116136188e+00,1.383049297332763672e+01,5.490001678466796875e+00,2.819999999999999840e+00,0.000000000000000000e+00
1.283195305935166841e+00,1.395991706848144531e+01,5.490001678466796875e+00,2.819999999999999840e+00,3.700000000000000000e+05
1.283572633058753798e+00,1.381446743011474609e+01,5.849998474121093750e+00,2.819999999999999840e+00,0.000000000000000000e+00
1.283598517877784451e+00,1.394389152526855469e+01,5.849998474121093750e+00,2.819999999999999840e+00,3.700000000000000000e+05
1.283975845001371408e+00,1.408934116363525391e+01,5.490001678466796875e+00,2.819999999999999840e+00,0.000000000000000000e+00
1.284001729820402060e+00,1.421876525878906250e+01,5.490001678466796875e+00,2.819999999999999840e+00,3.700000000000000000e+05
1.284379056770395655e+00,1.407331609725952148e+01,5.849998474121093750e+00,2.819999999999999840e+00,0.000000000000000000e+00
1.284404941589426308e+00,1.420274019241333008e+01,5.849998474121093750e+00,2.819999999999999840e+00,3.700000000000000000e+05
1.284782268539419903e+00,1.434818935394287109e+01,5.490001678466796875e+00,2.819999999999999840e+00,0.000000000000000000e+00
1.284808153453818047e+00,1.447761392593383789e+01,5.490001678466796875e+00,2.819999999999999840e+00,3.700000000000000000e+05
1.285185480577405004e+00,1.433216428756713867e+01,5.849998474121093750e+00,2.819999999999999840e+00,0.000000000000000000e+00
1.285891709733486099e+00,1.495959377288818359e+01,2.375041961669921875e+00,2.819999999999999840e+00,3.700000000000000000e+05
1.286825632433432398e+00,1.459959363937377930e+01,3.266071319580078125e+00,2.819999999999999840e+00,0.000000000000000000e+00
1.286889700274008508e+00,1.459959363937377930e+01,3.586410522460937500e+00,2.819999999999999840e+00,3.700000000000000000e+05
1.287823626411200184e+00,1.495959377288818359e+01,2.695377349853515625e+00,2.819999999999999840e+00,0.000000000000000000e+00
1.287887693488836804e+00,1.495959377288818359e+01,3.015712738037109375e+00,2.819999999999999840e+00,3.700000000000000000e+05
1.288940326262291824e+00,1.455383539199829102e+01,4.020000457763671875e+00,2.819999999999999840e+00,0.000000000000000000e+00
1.288982741491603301e+00,1.459959363937377930e+01,4.227081298828125000e+00,2.819999999999999840e+00,3.700000000000000000e+05
1.289916667628794977e+00,1.495959377288818359e+01,3.336048126220703125e+00,2.819999999999999840e+00,0.000000000000000000e+00
1.289980735469371087e+00,1.495959377288818359e+01,3.656387329101562500e+00,2.819999999999999840e+00,3.700000000000000000e+05
1.290914658169317386e+00,1.459959363937377930e+01,4.547416687011718750e+00,2.819999999999999840e+00,0.000000000000000000e+00
1.290978725246954006e+00,1.459959363937377930e+01,4.867752075195312500e+00,2.819999999999999840e+00,3.700000000000000000e+05
1.292244617157997988e+00,1.508755731582641602e+01,3.659999847412109375e+00,2.819999999999999840e+00,0.000000000000000000e+00
1.292270502072396132e+00,1.521698188781738281e+01,3.659999847412109375e+00,2.819999999999999840e+00,3.700000000000000000e+05
1.292647832633226246e+00,1.507153224945068359e+01,4.020000457763671875e+00,2.819999999999999840e+00,0.000000000000000000e+00
1.292673717452256898e+00,1.520095634460449219e+01,4.020000457763671875e+00,2.819999999999999840e+00,3.700000000000000000e+05
1.293051048013087012e+00,1.534640598297119141e+01,3.659999847412109375e+00,2.819999999999999840e+00,0.000000000000000000e+00
1.293076932832117665e+00,1.547583007812500000e+01,3.659999847412109375e+00,2.819999999999999840e+00,3.700000000000000000e+05
1.293454263392947778e+00,1.533038043975830078e+01,4.020000457763671875e+00,2.819999999999999840e+00,0.000000000000000000e+00
1.293480148211978431e+00,1.545980453491210938e+01,4.020000457763671875e+00,2.819999999999999840e+00,3.700000000000000000e+05
1.293857478772808545e+00,1.560525417327880859e+01,3.659999847412109375e+00,2.819999999999999840e+00,0.000000000000000000e+00
1.293883363591839197e+00,1.573467826843261719e+01,3.659999847412109375e+00,2.819999999999999840e+00,3.700000000000000000e+05
1.294260693979077503e+00,1.558922910690307617e+01,4.020000457763671875e+00,2.819999999999999840e+00,0.000000000000000000e+00
1.294286578798108156e+00,1.571865320205688477e+01,4.020000457763671875e+00,2.819999999999999840e+00,3.700000000000000000e+05
1.294663909185346462e+00,1.586410236358642578e+01,3.659999847412109375e+00,2.819999999999999840e+00,0.000000000000000000e+00
1.294689794099744606e+00,1.599352693557739258e+01,3.659999847412109375e+00,2.819999999999999840e+00,3.700000000000000000e+05
1.295067124660574720e+00,1.584807729721069336e+01,4.020000457763671875e+00,2.819999999999999840e+00,0.000000000000000000e+00
1.295093009479605373e+00,1.597750139236450195e+01,4.020000457763671875e+00,2.819999999999999840e+00,3.700000000000000000e+05
1.295470340040435486e+00,1.612295103073120117e+01,3.659999847412109375e+00,2.819999999999999840e+00,0.000000000000000000e+00
1.295496224859466139e+00,1.625237512588500977e+01,3.659999847412109375e+00,2.819999999999999840e+00,3.700000000000000000e+05
1.295873555420296253e+00,1.610692548751831055e+01,4.020000457763671875e+00,2.819999999999999840e+00,0.000000000000000000e+00
1.295899440239326905e+00,1.623634958267211914e+01,4.020000457763671875e+00,2.819999999999999840e+00,3.700000000000000000e+05
1.296276770800157019e+00,1.638179922103881836e+01,3.659999847412109375e+00,2.819999999999999840e+00,0.000000000000000000e+00
1.298134314628661024e+00,1.129959368705749512e+01,1.143386077880859375e+01,2.819999999999999840e+00,3.700000000000000000e+05
1.299068237285209149e+00,1.093959367275238037e+01,1.232489013671875000e+01,2.819999999999999840e+00,0.000000000000000000e+00
1.299132304362845769e+00,1.093959367275238037e+01,1.264522552490234375e+01,2.819999999999999840e+00,3.700000000000000000e+05
1.300066227019393894e+00,1.129959368705749512e+01,1.175419616699218750e+01,2.819999999999999840e+00,0.000000000000000000e+00
1.300130294097030514e+00,1.129959368705749512e+01,1.207453155517578125e+01,2.819999999999999840e+00,3.700000000000000000e+05
1.301278495385344236e+00,1.085699558258056641e+01,1.316999816894531250e+01,2.819999999999999840e+00,0.000000000000000000e+00
1.301306959893647308e+00,1.093959367275238037e+01,1.328590011596679688e+01,2.819999999999999840e+00,3.700000000000000000e+05
1.302240885987441033e+00,1.129959368705749512e+01,1.239486694335937500e+01,2.819999999999999840e+00,0.000000000000000000e+00
1.302304953065077653e+00,1.129959368705749512e+01,1.271520233154296875e+01,2.819999999999999840e+00,3.700000000000000000e+05
1.303238879158871377e+00,1.093959367275238037e+01,1.360623550415039062e+01,2.819999999999999840e+00,0.000000000000000000e+00
1.303302946236507998e+00,1.093959367275238037e+01,1.392657089233398438e+01,2.819999999999999840e+00,3.700000000000000000e+05
1.304473266152050170e+00,1.139071750640869141e+01,1.281000137329101562e+01,2.819999999999999840e+00,0.000000000000000000e+00
1.304499150971080823e+00,1.152014160156250000e+01,1.281000137329101562e+01,2.819999999999999840e+00,3.700000000000000000e+05
1.304876478007870988e+00,1.137469220161437988e+01,1.316999816894531250e+01,2.819999999999999840e+00,0.000000000000000000e+00
1.304902362874585497e+00,1.150411653518676758e+01,1.316999816894531250e+01,2.819999999999999840e+00,3.700000000000000000e+05
1.305279689911375662e+00,1.164956593513488770e+01,1.281000137329101562e+01,2.819999999999999840e+00,0.000000000000000000e+00
1.305305574730406315e+00,1.177899003028869629e+01,1.281000137329101562e+01,2.819999999999999840e+00,3.700000000000000000e+05
1.305682901767196480e+00,1.163354063034057617e+01,1.316999816894531250e+01,2.819999999999999840e+00,0.000000000000000000e+00
1.305708786586227133e+00,1.176296472549438477e+01,1.316999816894531250e+01,2.819999999999999840e+00,3.700000000000000000e+05
1.306086113709814089e+00,1.190841436386108398e+01,1.281000137329101562e+01,2.819999999999999840e+00,0.000000000000000000e+00
1.306111998528844742e+00,1.203783845901489258e+01,1.281000137329101562e+01,2.819999999999999840e+00,3.700000000000000000e+05
1.306489325565634907e+00,1.189238905906677246e+01,1.316999816894531250e+01,2.819999999999999840e+00,0.000000000000000000e+00
1.306515210384665560e+00,1.202181315422058105e+01,1.316999816894531250e+01,2.819999999999999840e+00,3.700000000000000000e+05
1.306892537421455724e+00,1.216726255416870117e+01,1.281000137329101562e+01,2.819999999999999840e+00,0.000000000000000000e+00
1.306918422240486377e+00,1.229668664932250977e+01,1.281000137329101562e+01,2.819999999999999840e+00,3.700000000000000000e+05
1.307295749277276542e+00,1.215123724937438965e+01,1.316999816894531250e+01,2.819999999999999840e+00,0.000000000000000000e+00
1.307321634143991052e+00,1.228066158294677734e+01,1.316999816894531250e+01,2.819999999999999840e+00,3.700000000000000000e+05
1.307698961180781216e+00,1.242611098289489746e+01,1.281000137329101562e+01,2.819999999999999840e+00,0.000000000000000000e+00
1.307724845999811869e+00,1.255553507804870605e+01,1.281000137329101562e+01,2.819999999999999840e+00,3.700000000000000000e+05
1.308102173036602034e+00,1.241008567810058594e+01,1.316999816894531250e+01,2.819999999999999840e+00,0.000000000000000000e+00
1.308128057855632687e+00,1.253950977325439453e+01,1.316999816894531250e+01,2.819999999999999840e+00,3.700000000000000000e+05
1.308505384892422851e+00,1.268495917320251465e+01,1.281000137329101562e+01,2.819999999999999840e+00,0.000000000000000000e+00
1.309530186673171448e+00,9.507683783769607544e+00,1.682999992370605469e+01,2.819999999999999840e+00,3.700000000000000000e+05
1.309907517158055201e+00,9.653133213520050049e+00,1.646999931335449219e+01,2.819999999999999840e+00,0.000000000000000000e+00
1.309933401994967328e+00,9.782557398080825806e+00,1.646999931335449219e+01,2.819999999999999840e+00,3.700000000000000000e+05
1.310310732490700625e+00,9.637107938528060913e+00,1.682999992370605469e+01,2.819999999999999840e+00,0.000000000000000000e+00
1.310336617327612752e+00,9.766532123088836670e+00,1.682999992370605469e+01,2.819999999999999840e+00,3.700000000000000000e+05
1.310713947801646961e+00,9.911981523036956787e+00,1.646999931335449219e+01,2.819999999999999840e+00,0.000000000000000000e+00
1.310739832632598745e+00,1.004140567779541016e+01,1.646999931335449219e+01,2.819999999999999840e+00,3.700000000000000000e+05
1.311117163106632955e+00,9.895956277847290039e+00,1.682999992370605469e+01,2.819999999999999840e+00,0.000000000000000000e+00
1.311143047937584738e+00,1.002538043260574341e+01,1.682999992370605469e+01,2.819999999999999840e+00,3.700000000000000000e+05
1.311520378433318035e+00,1.017082989215850830e+01,1.646999931335449219e+01,2.819999999999999840e+00,0.000000000000000000e+00
1.311546263276190727e+00,1.030025410652160645e+01,1.646999931335449219e+01,2.819999999999999840e+00,3.700000000000000000e+05
1.311923593793622889e+00,1.015480458736419678e+01,1.682999992370605469e+01,2.819999999999999840e+00,0.000000000000000000e+00
1.311949478624574672e+00,1.028422874212265015e+01,1.682999992370605469e+01,2.819999999999999840e+00,3.700000000000000000e+05
1.312326809120307969e+00,1.042967820167541504e+01,1.646999931335449219e+01,2.819999999999999840e+00,0.000000000000000000e+00
1.312352693963180661e+00,1.055910241603851318e+01,1.646999931335449219e+01,2.819999999999999840e+00,3.700000000000000000e+05
1.312730024437214871e+00,1.041365301609039307e+01,1.682999992370605469e+01,2.819999999999999840e+00,0.000000000000000000e+00
1.312755909256245523e+00,1.054307711124420166e+01,1.682999992370605469e+01,2.819999999999999840e+00,3.700000000000000000e+05
1.313133239730279733e+00,1.068852651119232178e+01,1.646999931335449219e+01,2.819999999999999840e+00,0.000000000000000000e+00
1.313159124573152425e+00,1.081795072555541992e+01,1.646999931335449219e+01,2.819999999999999840e+00,3.700000000000000000e+05
1.313536455047186635e+00,1.067250132560729980e+01,1.682999992370605469e+01,2.819999999999999840e+00,0.000000000000000000e+00
1.315435229713534104e+00,1.320452380180358887e+01,7.680000305175781250e+00,2.819999999999999840e+00,3.700000000000000000e+05
1.315812560187568314e+00,1.334997320175170898e+01,7.319999694824218750e+00,2.819999999999999840e+00,0.000000000000000000e+00
1.315838445006598967e+00,1.347939729690551758e+01,7.319999694824218750e+00,2.819999999999999840e+00,3.700000000000000000e+05
1.316215775393837273e+00,1.333394813537597656e+01,7.680000305175781250e+00,2.819999999999999840e+00,0.000000000000000000e+00
1.316241660212867925e+00,1.346337223052978516e+01,7.680000305175781250e+00,2.819999999999999840e+00,3.700000000000000000e+05
1.316618990600106232e+00,1.360882139205932617e+01,7.319999694824218750e+00,2.819999999999999840e+00,0.000000000000000000e+00
1.316644875419136884e+00,1.373824548721313477e+01,7.319999694824218750e+00,2.819999999999999840e+00,3.700000000000000000e+05
1.317022205806375190e+00,1.359279632568359375e+01,7.680000305175781250e+00,2.819999999999999840e+00,0.000000000000000000e+00
1.317048090625405843e+00,1.372222042083740234e+01,7.680000305175781250e+00,2.819999999999999840e+00,3.700000000000000000e+05
1.317425421186235956e+00,1.386767005920410156e+01,7.319999694824218750e+00,2.819999999999999840e+00,0.000000000000000000e+00
1.317451306005266609e+00,1.399709415435791016e+01,7.319999694824218750e+00,2.819999999999999840e+00,3.700000000000000000e+05
1.317828636566096723e+00,1.385164451599121094e+01,7.680000305175781250e+00,2.819999999999999840e+00,0.000000000000000000e+00
1.317854521385127375e+00,1.398106861114501953e+01,7.680000305175781250e+00,2.819999999999999840e+00,3.700000000000000000e+05
1.318231851945957489e+00,1.412651824951171875e+01,7.319999694824218750e+00,2.819999999999999840e+00,0.000000000000000000e+00
1.318257736764988142e+00,1.425594234466552734e+01,7.319999694824218750e+00,2.819999999999999840e+00,3.700000000000000000e+05
1.318635067152226448e+00,1.411049318313598633e+01,7.680000305175781250e+00,2.819999999999999840e+00,0.000000000000000000e+00
1.318660951971257100e+00,1.423991727828979492e+01,7.680000305175781250e+00,2.819999999999999840e+00,3.700000000000000000e+05
1.319038282358495406e+00,1.438536643981933594e+01,7.319999694824218750e+00,2.819999999999999840e+00,0.000000000000000000e+00
1.319064167177526059e+00,1.451479053497314453e+01,7.319999694824218750e+00,2.819999999999999840e+00,3.700000000000000000e+05
1.319441497564764365e+00,1.436934137344360352e+01,7.680000305175781250e+00,2.819999999999999840e+00,0.000000000000000000e+00
1.320128307460488370e+00,1.495959377288818359e+01,4.297058105468750000e+00,2.819999999999999840e+00,3.700000000000000000e+05
1.321062230160434670e+00,1.459959363937377930e+01,5.188087463378906250e+00,2.819999999999999840e+00,0.000000000000000000e+00
1.321197459097723348e+00,1.446158838272094727e+01,5.849998474121093750e+00,2.819999999999999840e+00,3.700000000000000000e+05
1.322489400341321675e+00,1.495959377288818359e+01,4.617393493652343750e+00,2.819999999999999840e+00,0.000000000000000000e+00
1.322553467418958295e+00,1.495959377288818359e+01,4.937728881835937500e+00,2.819999999999999840e+00,3.700000000000000000e+05
1.323509652667064218e+00,1.459101247787475586e+01,5.849998474121093750e+00,2.819999999999999840e+00,0.000000000000000000e+00
1.323569497075088419e+00,1.459959363937377930e+01,6.149097442626953125e+00,2.819999999999999840e+00,3.700000000000000000e+05
1.324503423212280095e+00,1.495959377288818359e+01,5.258064270019531250e+00,2.819999999999999840e+00,0.000000000000000000e+00
1.324550357477892293e+00,1.499531030654907227e+01,5.490001678466796875e+00,2.819999999999999840e+00,3.700000000000000000e+05
1.325576937481547812e+00,1.459959363937377930e+01,6.469432830810546875e+00,2.819999999999999840e+00,0.000000000000000000e+00
1.325641004559184433e+00,1.459959363937377930e+01,6.789768218994140625e+00,2.819999999999999840e+00,3.700000000000000000e+05
1.326574927259130732e+00,1.495959377288818359e+01,5.898738861083984375e+00,2.819999999999999840e+00,0.000000000000000000e+00
1.326638994336767352e+00,1.495959377288818359e+01,6.219074249267578125e+00,2.819999999999999840e+00,3.700000000000000000e+05
1.327572917036713651e+00,1.459959363937377930e+01,7.110103607177734375e+00,2.819999999999999840e+00,0.000000000000000000e+00
1.327688666519029725e+00,1.449876546859741211e+01,7.680000305175781250e+00,2.819999999999999840e+00,3.700000000000000000e+05
1.328884163674524110e+00,1.495959377288818359e+01,6.539409637451171875e+00,2.819999999999999840e+00,0.000000000000000000e+00
1.328948230752160731e+00,1.495959377288818359e+01,6.859745025634765625e+00,2.819999999999999840e+00,3.700000000000000000e+05
1.329882156889352407e+00,1.459959363937377930e+01,7.750778198242187500e+00,2.819999999999999840e+00,0.000000000000000000e+00
1.329946223966989027e+00,1.459959363937377930e+01,8.071113586425781250e+00,2.819999999999999840e+00,3.700000000000000000e+05
1.330880150104180704e+00,1.495959377288818359e+01,7.180080413818359375e+00,2.819999999999999840e+00,0.000000000000000000e+00
1.330911703794910306e+00,1.503248739242553711e+01,7.319999694824218750e+00,2.819999999999999840e+00,3.700000000000000000e+05
1.332034731323914922e+00,1.459959363937377930e+01,8.391448974609375000e+00,2.819999999999999840e+00,0.000000000000000000e+00
1.332098798401551543e+00,1.459959363937377930e+01,8.711784362792968750e+00,2.819999999999999840e+00,3.700000000000000000e+05
1.333032721101497842e+00,1.495959377288818359e+01,7.820755004882812500e+00,2.819999999999999840e+00,0.000000000000000000e+00
1.333096788179134462e+00,1.495959377288818359e+01,8.141090393066406250e+00,2.819999999999999840e+00,3.700000000000000000e+05
1.334030710879080761e+00,1.459959363937377930e+01,9.032119750976562500e+00,2.819999999999999840e+00,0.000000000000000000e+00
1.335118550495283829e+00,1.129959368705749512e+01,1.335587692260742188e+01,2.819999999999999840e+00,3.700000000000000000e+05
1.336052473151831954e+00,1.093959367275238037e+01,1.424690628051757812e+01,2.819999999999999840e+00,0.000000000000000000e+00
1.336116540610938319e+00,1.093959367275238037e+01,1.456724357604980469e+01,2.819999999999999840e+00,3.700000000000000000e+05
1.337050464986109022e+00,1.129959368705749512e+01,1.367621231079101562e+01,2.819999999999999840e+00,0.000000000000000000e+00
1.337114532063745642e+00,1.129959368705749512e+01,1.399654769897460938e+01,2.819999999999999840e+00,3.700000000000000000e+05
1.338166289263955422e+00,1.089417266845703125e+01,1.500000000000000000e+01,2.819999999999999840e+00,0.000000000000000000e+00
1.338208852837852403e+00,1.093959367275238037e+01,1.520791435241699219e+01,2.819999999999999840e+00,3.700000000000000000e+05
1.339142777213023106e+00,1.129959368705749512e+01,1.431688308715820312e+01,2.819999999999999840e+00,0.000000000000000000e+00
1.339206844672129471e+00,1.129959368705749512e+01,1.463722038269042969e+01,2.819999999999999840e+00,3.700000000000000000e+05
1.340140769047300173e+00,1.093959367275238037e+01,1.552825164794921875e+01,2.819999999999999840e+00,0.000000000000000000e+00
1.340204836124936794e+00,1.093959367275238037e+01,1.584858703613281250e+01,2.819999999999999840e+00,3.700000000000000000e+05
1.341471603565828064e+00,1.142789459228515625e+01,1.463999938964843750e+01,2.819999999999999840e+00,0.000000000000000000e+00
1.341497488384858716e+00,1.155731868743896484e+01,1.463999938964843750e+01,2.819999999999999840e+00,3.700000000000000000e+05
1.341874818858892926e+00,1.141186928749084473e+01,1.500000000000000000e+01,2.819999999999999840e+00,0.000000000000000000e+00
1.341900703677923579e+00,1.154129338264465332e+01,1.500000000000000000e+01,2.819999999999999840e+00,3.700000000000000000e+05
1.342278034238753692e+00,1.168674302101135254e+01,1.463999938964843750e+01,2.819999999999999840e+00,0.000000000000000000e+00
1.342303919057784345e+00,1.181616711616516113e+01,1.463999938964843750e+01,2.819999999999999840e+00,3.700000000000000000e+05
1.342681249531818555e+00,1.167071771621704102e+01,1.500000000000000000e+01,2.819999999999999840e+00,0.000000000000000000e+00
1.342707134350849207e+00,1.180014181137084961e+01,1.500000000000000000e+01,2.819999999999999840e+00,3.700000000000000000e+05
1.343084464824883417e+00,1.194559121131896973e+01,1.463999938964843750e+01,2.819999999999999840e+00,0.000000000000000000e+00
1.343110349691597927e+00,1.207501554489135742e+01,1.463999938964843750e+01,2.819999999999999840e+00,3.700000000000000000e+05
1.343487680252428040e+00,1.192956590652465820e+01,1.500000000000000000e+01,2.819999999999999840e+00,0.000000000000000000e+00
1.343513565119142550e+00,1.205899024009704590e+01,1.500000000000000000e+01,2.819999999999999840e+00,3.700000000000000000e+05
1.343890895593176760e+00,1.220443964004516602e+01,1.463999938964843750e+01,2.819999999999999840e+00,0.000000000000000000e+00
1.343916780412207412e+00,1.233386373519897461e+01,1.463999938964843750e+01,2.819999999999999840e+00,3.700000000000000000e+05
1.344294110886241622e+00,1.218841433525085449e+01,1.500000000000000000e+01,2.819999999999999840e+00,0.000000000000000000e+00
1.344319995705272275e+00,1.231783843040466309e+01,1.500000000000000000e+01,2.819999999999999840e+00,3.700000000000000000e+05
1.344697326266102388e+00,1.246328806877136230e+01,1.463999938964843750e+01,2.819999999999999840e+00,0.000000000000000000e+00
1.344723211085133041e+00,1.259271216392517090e+01,1.463999938964843750e+01,2.819999999999999840e+00,3.700000000000000000e+05
1.345100541559167251e+00,1.244726276397705078e+01,1.500000000000000000e+01,2.819999999999999840e+00,0.000000000000000000e+00
1.345126426378197904e+00,1.257668685913085938e+01,1.500000000000000000e+01,2.819999999999999840e+00,3.700000000000000000e+05
1.345503756852232113e+00,1.272213625907897949e+01,1.463999938964843750e+01,2.819999999999999840e+00,0.000000000000000000e+00
1.348464060005348575e+00,1.678959369659423828e+01,4.083213806152343750e-01,2.819999999999999840e+00,3.700000000000000000e+05
1.349397982705294874e+00,1.642959356307983398e+01,1.299350738525390625e+00,2.819999999999999840e+00,0.000000000000000000e+00
1.349462050545870984e+00,1.642959356307983398e+01,1.619689941406250000e+00,2.819999999999999840e+00,3.700000000000000000e+05
1.350395976683062660e+00,1.678959369659423828e+01,7.286567687988281250e-01,2.819999999999999840e+00,0.000000000000000000e+00
1.350460043760699280e+00,1.678959369659423828e+01,1.048992156982421875e+00,2.819999999999999840e+00,3.700000000000000000e+05
1.351655976853999519e+00,1.632859706878662109e+01,2.189998626708984375e+00,2.819999999999999840e+00,0.000000000000000000e+00
1.351680594827692206e+00,1.642959356307983398e+01,2.260360717773437500e+00,2.819999999999999840e+00,3.700000000000000000e+05
1.352614520964883882e+00,1.678959369659423828e+01,1.369327545166015625e+00,2.819999999999999840e+00,0.000000000000000000e+00
1.352678588805459992e+00,1.678959369659423828e+01,1.689666748046875000e+00,2.819999999999999840e+00,3.700000000000000000e+05
1.353612511505406291e+00,1.642959356307983398e+01,2.580696105957031250e+00,2.819999999999999840e+00,0.000000000000000000e+00
1.353676578583042911e+00,1.642959356307983398e+01,2.901031494140625000e+00,2.819999999999999840e+00,3.700000000000000000e+05
1.354799166736996741e+00,1.686231899261474609e+01,1.830001831054687500e+00,2.819999999999999840e+00,0.000000000000000000e+00
1.354825051556027393e+00,1.699174308776855469e+01,1.830001831054687500e+00,2.819999999999999840e+00,3.700000000000000000e+05
1.355202378679614350e+00,1.684629344940185547e+01,2.189998626708984375e+00,2.819999999999999840e+00,0.000000000000000000e+00
1.355228263498645003e+00,1.697571754455566406e+01,2.189998626708984375e+00,2.819999999999999840e+00,3.700000000000000000e+05
1.355605590622231960e+00,1.712116718292236328e+01,1.830001831054687500e+00,2.819999999999999840e+00,0.000000000000000000e+00
1.355631475441262612e+00,1.725059127807617188e+01,1.830001831054687500e+00,2.819999999999999840e+00,3.700000000000000000e+05
1.356008802391256207e+00,1.710514211654663086e+01,2.189998626708984375e+00,2.819999999999999840e+00,0.000000000000000000e+00
1.356034687210286860e+00,1.723456621170043945e+01,2.189998626708984375e+00,2.819999999999999840e+00,3.700000000000000000e+05
1.356412014160280455e+00,1.738001537322998047e+01,1.830001831054687500e+00,2.819999999999999840e+00,0.000000000000000000e+00
1.356437898979311107e+00,1.750943946838378906e+01,1.830001831054687500e+00,2.819999999999999840e+00,3.700000000000000000e+05
1.356815226102898064e+00,1.736398983001708984e+01,2.189998626708984375e+00,2.819999999999999840e+00,0.000000000000000000e+00
1.356841111112663700e+00,1.749341487884521484e+01,2.189998626708984375e+00,2.819999999999999840e+00,3.700000000000000000e+05
1.357218437889064377e+00,1.763886356353759766e+01,1.830001831054687500e+00,2.819999999999999840e+00,0.000000000000000000e+00
1.357244322708095030e+00,1.776828765869140625e+01,1.830001831054687500e+00,2.819999999999999840e+00,3.700000000000000000e+05
1.357621649484495707e+00,1.762283897399902344e+01,2.189998626708984375e+00,2.819999999999999840e+00,0.000000000000000000e+00
1.357647534303526360e+00,1.775226306915283203e+01,2.189998626708984375e+00,2.819999999999999840e+00,3.700000000000000000e+05
1.358024861079927037e+00,1.789771175384521484e+01,1.830001831054687500e+00,2.819999999999999840e+00,0.000000000000000000e+00
1.358050746089692673e+00,1.802713680267333984e+01,1.830001831054687500e+00,2.819999999999999840e+00,3.700000000000000000e+05
1.358428073213279630e+00,1.788168716430664062e+01,2.189998626708984375e+00,2.819999999999999840e+00,0.000000000000000000e+00
1.358453958032310283e+00,1.801111125946044922e+01,2.189998626708984375e+00,2.819999999999999840e+00,3.700000000000000000e+05
1.358831285155897239e+00,1.815656089782714844e+01,1.830001831054687500e+00,2.819999999999999840e+00,0.000000000000000000e+00
1.359020621163642861e+00,1.861959362030029297e+01,1.004287719726562500e+00,2.819999999999999840e+00,3.700000000000000000e+05
1.360263410662276629e+00,1.814053535461425781e+01,2.189998626708984375e+00,2.819999999999999840e+00,0.000000000000000000e+00
1.360287769042828776e+00,1.825959396362304688e+01,2.215656280517578125e+00,2.819999999999999840e+00,3.700000000000000000e+05
1.361221695006428645e+00,1.861959362030029297e+01,1.324623107910156250e+00,2.819999999999999840e+00,0.000000000000000000e+00
1.361285762847004754e+00,1.861959362030029297e+01,1.644962310791015625e+00,2.819999999999999840e+00,3.700000000000000000e+05
1.362219685373358580e+00,1.825959396362304688e+01,2.535991668701171875e+00,2.819999999999999840e+00,0.000000000000000000e+00
1.362283752450995200e+00,1.825959396362304688e+01,2.856327056884765625e+00,2.819999999999999840e+00,3.700000000000000000e+05
1.363217674977349025e+00,1.861959362030029297e+01,1.965297698974609375e+00,2.819999999999999840e+00,0.000000000000000000e+00
1.363281742054985646e+00,1.861959362030029297e+01,2.285633087158203125e+00,2.819999999999999840e+00,3.700000000000000000e+05
1.364215664581339471e+00,1.825959396362304688e+01,3.176662445068359375e+00,2.819999999999999840e+00,0.000000000000000000e+00
1.364279732421915581e+00,1.825959396362304688e+01,3.497001647949218750e+00,2.819999999999999840e+00,3.700000000000000000e+05
1.365213658385515449e+00,1.861959362030029297e+01,2.605968475341796875e+00,2.819999999999999840e+00,0.000000000000000000e+00
1.366963942458009562e+00,1.324170088768005371e+01,9.509998321533203125e+00,2.819999999999999840e+00,3.700000000000000000e+05
1.367341269494799727e+00,1.338715028762817383e+01,9.150001525878906250e+00,2.819999999999999840e+00,0.000000000000000000e+00
1.367367154313830380e+00,1.351657438278198242e+01,9.150001525878906250e+00,2.819999999999999840e+00,3.700000000000000000e+05
1.367744481437417337e+00,1.337112474441528320e+01,9.509998321533203125e+00,2.819999999999999840e+00,0.000000000000000000e+00
1.367770366351815481e+00,1.350054931640625000e+01,9.509998321533203125e+00,2.819999999999999840e+00,3.700000000000000000e+05
1.368147693301809076e+00,1.364599847793579102e+01,9.150001525878906250e+00,2.819999999999999840e+00,0.000000000000000000e+00
1.368173578120839728e+00,1.377542257308959961e+01,9.150001525878906250e+00,2.819999999999999840e+00,3.700000000000000000e+05
1.368550905070833323e+00,1.362997341156005859e+01,9.509998321533203125e+00,2.819999999999999840e+00,0.000000000000000000e+00
1.368576789889863976e+00,1.375939750671386719e+01,9.509998321533203125e+00,2.819999999999999840e+00,3.700000000000000000e+05
1.368954117013450933e+00,1.390484714508056641e+01,9.150001525878906250e+00,2.819999999999999840e+00,0.000000000000000000e+00
1.368980001832481586e+00,1.403427124023437500e+01,9.150001525878906250e+00,2.819999999999999840e+00,3.700000000000000000e+05
1.369357328956068542e+00,1.388882160186767578e+01,9.509998321533203125e+00,2.819999999999999840e+00,0.000000000000000000e+00
1.369383213775099195e+00,1.401824569702148438e+01,9.509998321533203125e+00,2.819999999999999840e+00,3.700000000000000000e+05
1.369760540898686152e+00,1.416369533538818359e+01,9.150001525878906250e+00,2.819999999999999840e+00,0.000000000000000000e+00
1.369786425717716805e+00,1.429311943054199219e+01,9.150001525878906250e+00,2.819999999999999840e+00,3.700000000000000000e+05
1.370163752841303761e+00,1.414766979217529297e+01,9.509998321533203125e+00,2.819999999999999840e+00,0.000000000000000000e+00
1.370189637755701906e+00,1.427709436416625977e+01,9.509998321533203125e+00,2.819999999999999840e+00,3.700000000000000000e+05
1.370566964705695501e+00,1.442254352569580078e+01,9.150001525878906250e+00,2.819999999999999840e+00,0.000000000000000000e+00
1.370592849524726153e+00,1.455196762084960938e+01,9.150001525878906250e+00,2.819999999999999840e+00,3.700000000000000000e+05
1.370970176474719748e+00,1.440651845932006836e+01,9.509998321533203125e+00,2.819999999999999840e+00,0.000000000000000000e+00
1.370996061293750401e+00,1.453594255447387695e+01,9.509998321533203125e+00,2.819999999999999840e+00,3.700000000000000000e+05
1.372095110923895689e+00,1.495959377288818359e+01,8.461425781250000000e+00,2.819999999999999840e+00,0.000000000000000000e+00
1.372159178001532309e+00,1.495959377288818359e+01,8.781761169433593750e+00,2.819999999999999840e+00,3.700000000000000000e+05
1.373093104138723985e+00,1.459959363937377930e+01,9.672794342041015625e+00,2.819999999999999840e+00,0.000000000000000000e+00
1.373157171216360606e+00,1.459959363937377930e+01,9.993129730224609375e+00,2.819999999999999840e+00,3.700000000000000000e+05
1.374091093916306905e+00,1.495959377288818359e+01,9.102100372314453125e+00,2.819999999999999840e+00,0.000000000000000000e+00
1.374115102315423220e+00,1.506966447830200195e+01,9.150001525878906250e+00,2.819999999999999840e+00,3.700000000000000000e+05
1.375334573932532001e+00,1.459959363937377930e+01,1.031346511840820312e+01,2.819999999999999840e+00,0.000000000000000000e+00
1.375398641010168621e+00,1.459959363937377930e+01,1.063380050659179688e+01,2.819999999999999840e+00,3.700000000000000000e+05
1.376332563710114920e+00,1.495959377288818359e+01,9.742771148681640625e+00,2.819999999999999840e+00,0.000000000000000000e+00
1.376396630787751540e+00,1.495959377288818359e+01,1.006310653686523438e+01,2.819999999999999840e+00,3.700000000000000000e+05
1.377330556924943217e+00,1.459959363937377930e+01,1.095413970947265625e+01,2.819999999999999840e+00,0.000000000000000000e+00
1.377407910439196970e+00,1.457311964035034180e+01,1.134000015258789062e+01,2.819999999999999840e+00,3.700000000000000000e+05
1.378410515981238538e+00,1.495959377288818359e+01,1.038344192504882812e+01,2.819999999999999840e+00,0.000000000000000000e+00
1.378474583058875158e+00,1.495959377288818359e+01,1.070377731323242188e+01,2.819999999999999840e+00,3.700000000000000000e+05
1.379408509196066834e+00,1.459959363937377930e+01,1.159481048583984375e+01,2.819999999999999840e+00,0.000000000000000000e+00
1.379472576273703455e+00,1.459959363937377930e+01,1.191514587402343750e+01,2.819999999999999840e+00,3.700000000000000000e+05
1.380452739420668706e+00,1.497741746902465820e+01,1.097999954223632812e+01,2.819999999999999840e+00,0.000000000000000000e+00
1.380478624239699359e+00,1.510684156417846680e+01,1.097999954223632812e+01,2.819999999999999840e+00,3.700000000000000000e+05
1.380855954800529473e+00,1.496139192581176758e+01,1.134000015258789062e+01,2.819999999999999840e+00,0.000000000000000000e+00
1.380881839619560125e+00,1.509081602096557617e+01,1.134000015258789062e+01,2.819999999999999840e+00,3.700000000000000000e+05
1.381259170180390239e+00,1.523626565933227539e+01,1.097999954223632812e+01,2.819999999999999840e+00,0.000000000000000000e+00
1.381285054999420892e+00,1.536568975448608398e+01,1.097999954223632812e+01,2.819999999999999840e+00,3.700000000000000000e+05
1.381662385386659198e+00,1.522024059295654297e+01,1.134000015258789062e+01,2.819999999999999840e+00,0.000000000000000000e+00
1.381688270205689850e+00,1.534966468811035156e+01,1.134000015258789062e+01,2.819999999999999840e+00,3.700000000000000000e+05
1.382065600592928156e+00,1.549511384963989258e+01,1.097999954223632812e+01,2.819999999999999840e+00,0.000000000000000000e+00
1.382091485411958809e+00,1.562453794479370117e+01,1.097999954223632812e+01,2.819999999999999840e+00,3.700000000000000000e+05
1.382468815799197115e+00,1.547908878326416016e+01,1.134000015258789062e+01,2.819999999999999840e+00,0.000000000000000000e+00
1.382494700618227768e+00,1.560851287841796875e+01,1.134000015258789062e+01,2.819999999999999840e+00,3.700000000000000000e+05
1.382872031005466074e+00,1.575396203994750977e+01,1.097999954223632812e+01,2.819999999999999840e+00,0.000000000000000000e+00
1.382897915919864218e+00,1.588338661193847656e+01,1.097999954223632812e+01,2.819999999999999840e+00,3.700000000000000000e+05
1.383275246480694332e+00,1.573793697357177734e+01,1.134000015258789062e+01,2.819999999999999840e+00,0.000000000000000000e+00
1.383301131299724984e+00,1.586736106872558594e+01,1.134000015258789062e+01,2.819999999999999840e+00,3.700000000000000000e+05
1.383678461860555098e+00,1.601281070709228516e+01,1.097999954223632812e+01,2.819999999999999840e+00,0.000000000000000000e+00
1.383704346679585750e+00,1.614223480224609375e+01,1.097999954223632812e+01,2.819999999999999840e+00,3.700000000000000000e+05
1.384081677240415864e+00,1.599678516387939453e+01,1.134000015258789062e+01,2.819999999999999840e+00,0.000000000000000000e+00
1.384107562154814008e+00,1.612620973587036133e+01,1.134000015258789062e+01,2.819999999999999840e+00,3.700000000000000000e+05
1.384484892542052314e+00,1.627165889739990234e+01,1.097999954223632812e+01,2.819999999999999840e+00,0.000000000000000000e+00
1.384510777361082967e+00,1.640108299255371094e+01,1.097999954223632812e+01,2.819999999999999840e+00,3.700000000000000000e+05
1.384888107748321273e+00,1.625563383102416992e+01,1.134000015258789062e+01,2.819999999999999840e+00,0.000000000000000000e+00
1.386015390927561208e+00,1.497928524017333984e+01,5.849998474121093750e+00,2.819999999999999840e+00,3.700000000000000000e+05
1.386392717877554803e+00,1.512473440170288086e+01,5.490001678466796875e+00,2.819999999999999840e+00,0.000000000000000000e+00
1.386418602696585456e+00,1.525415849685668945e+01,5.490001678466796875e+00,2.819999999999999840e+00,3.700000000000000000e+05
1.386795929646579051e+00,1.510870933532714844e+01,5.849998474121093750e+00,2.819999999999999840e+00,0.000000000000000000e+00
1.386821814465609704e+00,1.523813343048095703e+01,5.849998474121093750e+00,2.819999999999999840e+00,3.700000000000000000e+05
1.387199141589196660e+00,1.538358306884765625e+01,5.490001678466796875e+00,2.819999999999999840e+00,0.000000000000000000e+00
1.387225026408227313e+00,1.551300716400146484e+01,5.490001678466796875e+00,2.819999999999999840e+00,3.700000000000000000e+05
1.387602353531814270e+00,1.536755752563476562e+01,5.849998474121093750e+00,2.819999999999999840e+00,0.000000000000000000e+00
1.387628238350844923e+00,1.549698162078857422e+01,5.849998474121093750e+00,2.819999999999999840e+00,3.700000000000000000e+05
1.388005565474431879e+00,1.564243125915527344e+01,5.490001678466796875e+00,2.819999999999999840e+00,0.000000000000000000e+00
1.388031450293462532e+00,1.577185535430908203e+01,5.490001678466796875e+00,2.819999999999999840e+00,3.700000000000000000e+05
1.388408777417049489e+00,1.562640571594238281e+01,5.849998474121093750e+00,2.819999999999999840e+00,0.000000000000000000e+00
1.388434662331447633e+00,1.575583028793334961e+01,5.849998474121093750e+00,2.819999999999999840e+00,3.700000000000000000e+05
1.388811989281441228e+00,1.590127944946289062e+01,5.490001678466796875e+00,2.819999999999999840e+00,0.000000000000000000e+00
1.388837874100471881e+00,1.603070354461669922e+01,5.490001678466796875e+00,2.819999999999999840e+00,3.700000000000000000e+05
1.389215201050465476e+00,1.588525438308715820e+01,5.849998474121093750e+00,2.819999999999999840e+00,0.000000000000000000e+00
1.389241085869496128e+00,1.601467847824096680e+01,5.849998474121093750e+00,2.819999999999999840e+00,3.700000000000000000e+05
1.389618412819489723e+00,1.616012763977050781e+01,5.490001678466796875e+00,2.819999999999999840e+00,0.000000000000000000e+00
1.389644297733887868e+00,1.628955221176147461e+01,5.490001678466796875e+00,2.819999999999999840e+00,3.700000000000000000e+05
1.390021624857474825e+00,1.614410257339477539e+01,5.849998474121093750e+00,2.819999999999999840e+00,0.000000000000000000e+00
1.390047509676505477e+00,1.627352666854858398e+01,5.849998474121093750e+00,2.819999999999999840e+00,3.700000000000000000e+05
1.390424836800092434e+00,1.641897630691528320e+01,5.490001678466796875e+00,2.819999999999999840e+00,0.000000000000000000e+00
1.392634007313138023e+00,1.129959368705749512e+01,1.527789115905761719e+01,2.819999999999999840e+00,3.700000000000000000e+05
1.393567931688308725e+00,1.093959367275238037e+01,1.616892242431640625e+01,2.819999999999999840e+00,0.000000000000000000e+00
1.393702983679453666e+00,1.080192542076110840e+01,1.682999992370605469e+01,2.819999999999999840e+00,3.700000000000000000e+05
1.394994051155225456e+00,1.129959368705749512e+01,1.559822845458984375e+01,2.819999999999999840e+00,0.000000000000000000e+00
1.395058118232862077e+00,1.129959368705749512e+01,1.591856384277343750e+01,2.819999999999999840e+00,3.700000000000000000e+05
1.396013429669743289e+00,1.093134963512420654e+01,1.682999992370605469e+01,2.819999999999999840e+00,0.000000000000000000e+00
1.396073438439929815e+00,1.093959367275238037e+01,1.712993049621582031e+01,2.819999999999999840e+00,3.700000000000000000e+05
1.397007362815100517e+00,1.129959368705749512e+01,1.623889923095703125e+01,2.819999999999999840e+00,0.000000000000000000e+00
1.397054141919113146e+00,1.133564734458923340e+01,1.646999931335449219e+01,2.819999999999999840e+00,3.700000000000000000e+05
1.398081599084442628e+00,1.093959367275238037e+01,1.745026779174804688e+01,2.819999999999999840e+00,0.000000000000000000e+00
1.398145666162079248e+00,1.093959367275238037e+01,1.777060317993164062e+01,2.819999999999999840e+00,3.700000000000000000e+05
1.399079590537249951e+00,1.129959368705749512e+01,1.687957191467285156e+01,2.819999999999999840e+00,0.000000000000000000e+00
1.399143657614886571e+00,1.129959368705749512e+01,1.719990730285644531e+01,2.819999999999999840e+00,3.700000000000000000e+05
1.400077581990057274e+00,1.093959367275238037e+01,1.809093856811523438e+01,2.819999999999999840e+00,0.000000000000000000e+00
1.400193155207380746e+00,1.083910250663757324e+01,1.865999984741210938e+01,2.819999999999999840e+00,3.700000000000000000e+05
1.401387776876425795e+00,1.129959368705749512e+01,1.752024459838867188e+01,2.819999999999999840e+00,0.000000000000000000e+00
1.401451843954062415e+00,1.129959368705749512e+01,1.784057998657226562e+01,2.819999999999999840e+00,3.700000000000000000e+05
1.402310709584217108e+00,1.096852672100067139e+01,1.865999984741210938e+01,2.819999999999999840e+00,0.000000000000000000e+00
1.402336594403247760e+00,1.109795081615447998e+01,1.865999984741210938e+01,2.819999999999999840e+00,3.700000000000000000e+05
1.402859704037910049e+00,1.129959368705749512e+01,1.816091537475585938e+01,2.819999999999999840e+00,0.000000000000000000e+00
1.402891140998662411e+00,1.137282443046569824e+01,1.829999923706054688e+01,2.819999999999999840e+00,3.700000000000000000e+05
1.403268471472696621e+00,1.122737503051757812e+01,1.865999984741210938e+01,2.819999999999999840e+00,0.000000000000000000e+00
1.403294356291727274e+00,1.135679912567138672e+01,1.865999984741210938e+01,2.819999999999999840e+00,3.700000000000000000e+05
1.403671686765761484e+00,1.150224852561950684e+01,1.829999923706054688e+01,2.819999999999999840e+00,0.000000000000000000e+00
1.403697571632475993e+00,1.163167285919189453e+01,1.829999923706054688e+01,2.819999999999999840e+00,3.700000000000000000e+05
1.404074902193306107e+00,1.148622322082519531e+01,1.865999984741210938e+01,2.819999999999999840e+00,0.000000000000000000e+00
1.404100787060020616e+00,1.161564755439758301e+01,1.865999984741210938e+01,2.819999999999999840e+00,3.700000000000000000e+05
1.404478117534054826e+00,1.176109695434570312e+01,1.829999923706054688e+01,2.819999999999999840e+00,0.000000000000000000e+00
1.404504002353085479e+00,1.189052104949951172e+01,1.829999923706054688e+01,2.819999999999999840e+00,3.700000000000000000e+05
1.404881332827119689e+00,1.174507164955139160e+01,1.865999984741210938e+01,2.819999999999999840e+00,0.000000000000000000e+00
1.404907217693834198e+00,1.187449598312377930e+01,1.865999984741210938e+01,2.819999999999999840e+00,3.700000000000000000e+05
1.405284548167868408e+00,1.201994538307189941e+01,1.829999923706054688e+01,2.819999999999999840e+00,0.000000000000000000e+00
1.405310432986899061e+00,1.214936947822570801e+01,1.829999923706054688e+01,2.819999999999999840e+00,3.700000000000000000e+05
1.405687763460933271e+00,1.200392007827758789e+01,1.865999984741210938e+01,2.819999999999999840e+00,0.000000000000000000e+00
1.405713648279963923e+00,1.213334417343139648e+01,1.865999984741210938e+01,2.819999999999999840e+00,3.700000000000000000e+05
1.406090978753998133e+00,1.227879357337951660e+01,1.829999923706054688e+01,2.819999999999999840e+00,0.000000000000000000e+00
1.406116863620712643e+00,1.240821790695190430e+01,1.829999923706054688e+01,2.819999999999999840e+00,3.700000000000000000e+05
1.406494194181542756e+00,1.226276826858520508e+01,1.865999984741210938e+01,2.819999999999999840e+00,0.000000000000000000e+00
1.406520079048257266e+00,1.239219260215759277e+01,1.865999984741210938e+01,2.819999999999999840e+00,3.700000000000000000e+05
1.406897409522291476e+00,1.253764200210571289e+01,1.829999923706054688e+01,2.819999999999999840e+00,0.000000000000000000e+00
1.406923294341322128e+00,1.266706609725952148e+01,1.829999923706054688e+01,2.819999999999999840e+00,3.700000000000000000e+05
1.407300624815356338e+00,1.252161669731140137e+01,1.865999984741210938e+01,2.819999999999999840e+00,0.000000000000000000e+00
1.410676264009639747e+00,1.678959369659423828e+01,2.330337524414062500e+00,2.819999999999999840e+00,3.700000000000000000e+05
1.411610186709586046e+00,1.642959356307983398e+01,3.221366882324218750e+00,2.819999999999999840e+00,0.000000000000000000e+00
1.411674254550162155e+00,1.642959356307983398e+01,3.541706085205078125e+00,2.819999999999999840e+00,3.700000000000000000e+05
1.412608180687353832e+00,1.678959369659423828e+01,2.650672912597656250e+00,2.819999999999999840e+00,0.000000000000000000e+00
1.412672247764990452e+00,1.678959369659423828e+01,2.971008300781250000e+00,2.819999999999999840e+00,3.700000000000000000e+05
1.413771736770187193e+00,1.636577415466308594e+01,4.020000457763671875e+00,2.819999999999999840e+00,0.000000000000000000e+00
1.413806630330283198e+00,1.642959356307983398e+01,4.182376861572265625e+00,2.819999999999999840e+00,3.700000000000000000e+05
1.414740556467474875e+00,1.678959369659423828e+01,3.291343688964843750e+00,2.819999999999999840e+00,0.000000000000000000e+00
1.414804624308050984e+00,1.678959369659423828e+01,3.611682891845703125e+00,2.819999999999999840e+00,3.700000000000000000e+05
1.415738547007997283e+00,1.642959356307983398e+01,4.502712249755859375e+00,2.819999999999999840e+00,0.000000000000000000e+00
1.415802614085633904e+00,1.642959356307983398e+01,4.823047637939453125e+00,2.819999999999999840e+00,3.700000000000000000e+05
1.417021649764936608e+00,1.689949607849121094e+01,3.659999847412109375e+00,2.819999999999999840e+00,0.000000000000000000e+00
1.417047534583967261e+00,1.702892017364501953e+01,3.659999847412109375e+00,2.819999999999999840e+00,3.700000000000000000e+05
1.417424865144797375e+00,1.688347053527832031e+01,4.020000457763671875e+00,2.819999999999999840e+00,0.000000000000000000e+00
1.417450749963828027e+00,1.701289463043212891e+01,4.020000457763671875e+00,2.819999999999999840e+00,3.700000000000000000e+05
1.417828080524658141e+00,1.715834426879882812e+01,3.659999847412109375e+00,2.819999999999999840e+00,0.000000000000000000e+00
1.417853965343688794e+00,1.728776836395263672e+01,3.659999847412109375e+00,2.819999999999999840e+00,3.700000000000000000e+05
1.418231295904518907e+00,1.714231872558593750e+01,4.020000457763671875e+00,2.819999999999999840e+00,0.000000000000000000e+00
1.418257180818917051e+00,1.727174329757690430e+01,4.020000457763671875e+00,2.819999999999999840e+00,3.700000000000000000e+05
1.418634511206155357e+00,1.741719245910644531e+01,3.659999847412109375e+00,2.819999999999999840e+00,0.000000000000000000e+00
1.418660396025186010e+00,1.754661655426025391e+01,3.659999847412109375e+00,2.819999999999999840e+00,3.700000000000000000e+05
1.419037726586016124e+00,1.740116691589355469e+01,4.020000457763671875e+00,2.819999999999999840e+00,0.000000000000000000e+00
1.419063611405046776e+00,1.753059101104736328e+01,4.020000457763671875e+00,2.819999999999999840e+00,3.700000000000000000e+05
1.419440941965876890e+00,1.767604064941406250e+01,3.659999847412109375e+00,2.819999999999999840e+00,0.000000000000000000e+00
1.419466826784907543e+00,1.780546474456787109e+01,3.659999847412109375e+00,2.819999999999999840e+00,3.700000000000000000e+05
1.419844156998554485e+00,1.766001605987548828e+01,4.020000457763671875e+00,2.819999999999999840e+00,0.000000000000000000e+00
1.419870041817585138e+00,1.778944015502929688e+01,4.020000457763671875e+00,2.819999999999999840e+00,3.700000000000000000e+05
1.420247372031232080e+00,1.793488883972167969e+01,3.659999847412109375e+00,2.819999999999999840e+00,0.000000000000000000e+00
1.420273256850262733e+00,1.806431293487548828e+01,3.659999847412109375e+00,2.819999999999999840e+00,3.700000000000000000e+05
1.420650587063909676e+00,1.791886425018310547e+01,4.020000457763671875e+00,2.819999999999999840e+00,0.000000000000000000e+00
1.420676471882940328e+00,1.804828834533691406e+01,4.020000457763671875e+00,2.819999999999999840e+00,3.700000000000000000e+05
1.421053802443770442e+00,1.819373798370361328e+01,3.659999847412109375e+00,2.819999999999999840e+00,0.000000000000000000e+00
1.421223468329556816e+00,1.861959362030029297e+01,2.926303863525390625e+00,2.819999999999999840e+00,3.700000000000000000e+05
1.422369813740087308e+00,1.817771244049072266e+01,4.020000457763671875e+00,2.819999999999999840e+00,0.000000000000000000e+00
1.422398485172240434e+00,1.825959396362304688e+01,4.137672424316406250e+00,2.819999999999999840e+00,3.700000000000000000e+05
1.423332407698594260e+00,1.861959362030029297e+01,3.246643066406250000e+00,2.819999999999999840e+00,0.000000000000000000e+00
1.423396474776230880e+00,1.861959362030029297e+01,3.566978454589843750e+00,2.819999999999999840e+00,3.700000000000000000e+05
1.424330397302584705e+00,1.825959396362304688e+01,4.458007812500000000e+00,2.819999999999999840e+00,0.000000000000000000e+00
1.424394464380221326e+00,1.825959396362304688e+01,4.778343200683593750e+00,2.819999999999999840e+00,3.700000000000000000e+05
1.425566643480598250e+00,1.871143436431884766e+01,3.659999847412109375e+00,2.819999999999999840e+00,0.000000000000000000e+00
1.425592528299628903e+00,1.884085845947265625e+01,3.659999847412109375e+00,2.819999999999999840e+00,3.700000000000000000e+05
1.425969858860459016e+00,1.869540882110595703e+01,4.020000457763671875e+00,2.819999999999999840e+00,0.000000000000000000e+00
1.425995743679489669e+00,1.882483291625976562e+01,4.020000457763671875e+00,2.819999999999999840e+00,3.700000000000000000e+05
1.426373074240319783e+00,1.897028255462646484e+01,3.659999847412109375e+00,2.819999999999999840e+00,0.000000000000000000e+00
1.426398959059350435e+00,1.909970664978027344e+01,3.659999847412109375e+00,2.819999999999999840e+00,3.700000000000000000e+05
1.426776289620180549e+00,1.895425701141357422e+01,4.020000457763671875e+00,2.819999999999999840e+00,0.000000000000000000e+00
1.426802174629946185e+00,1.908368206024169922e+01,4.020000457763671875e+00,2.819999999999999840e+00,3.700000000000000000e+05
1.427179504843593127e+00,1.922913074493408203e+01,3.659999847412109375e+00,2.819999999999999840e+00,0.000000000000000000e+00
1.427205389662623780e+00,1.935855484008789062e+01,3.659999847412109375e+00,2.819999999999999840e+00,3.700000000000000000e+05
1.427582720223453894e+00,1.921310520172119141e+01,4.020000457763671875e+00,2.819999999999999840e+00,0.000000000000000000e+00
1.427608605233219530e+00,1.934253025054931641e+01,4.020000457763671875e+00,2.819999999999999840e+00,3.700000000000000000e+05
1.427985935446866472e+00,1.948797893524169922e+01,3.659999847412109375e+00,2.819999999999999840e+00,0.000000000000000000e+00
1.428011820456632108e+00,1.961740398406982422e+01,3.659999847412109375e+00,2.819999999999999840e+00,3.700000000000000000e+05
1.428389151017462222e+00,1.947195434570312500e+01,4.020000457763671875e+00,2.819999999999999840e+00,0.000000000000000000e+00
1.428415035836492875e+00,1.960137844085693359e+01,4.020000457763671875e+00,2.819999999999999840e+00,3.700000000000000000e+05
1.428792366050139817e+00,1.974682712554931641e+01,3.659999847412109375e+00,2.819999999999999840e+00,0.000000000000000000e+00
1.428818251059905453e+00,1.987625217437744141e+01,3.659999847412109375e+00,2.819999999999999840e+00,3.700000000000000000e+05
1.429195581620735567e+00,1.973080253601074219e+01,4.020000457763671875e+00,2.819999999999999840e+00,0.000000000000000000e+00
1.429221466439766219e+00,1.986022663116455078e+01,4.020000457763671875e+00,2.819999999999999840e+00,3.700000000000000000e+05
1.429598797000596333e+00,2.000567626953125000e+01,3.659999847412109375e+00,2.819999999999999840e+00,0.000000000000000000e+00
1.429624681819626986e+00,2.013510036468505859e+01,3.659999847412109375e+00,2.819999999999999840e+00,3.700000000000000000e+05
1.430002012380457099e+00,1.998965072631835938e+01,4.020000457763671875e+00,2.819999999999999840e+00,0.000000000000000000e+00
1.430026761437622529e+00,2.008959388732910156e+01,4.092967987060546875e+00,2.819999999999999840e+00,3.700000000000000000e+05
1.430480572141680895e+00,2.026452445983886719e+01,3.659999847412109375e+00,2.819999999999999840e+00,0.000000000000000000e+00
1.430506456960711548e+00,2.039394855499267578e+01,3.659999847412109375e+00,2.819999999999999840e+00,3.700000000000000000e+05
1.431296023660262318e+00,2.008959388732910156e+01,4.413303375244140625e+00,2.819999999999999840e+00,0.000000000000000000e+00
1.431360090737898938e+00,2.008959388732910156e+01,4.733638763427734375e+00,2.819999999999999840e+00,3.700000000000000000e+05
1.432294013264252763e+00,2.044959354400634766e+01,3.842609405517578125e+00,2.819999999999999840e+00,0.000000000000000000e+00
1.432358080341889384e+00,2.044959354400634766e+01,4.162944793701171875e+00,2.819999999999999840e+00,3.700000000000000000e+05
1.433292006305489252e+00,2.008959388732910156e+01,5.053977966308593750e+00,2.819999999999999840e+00,0.000000000000000000e+00
1.433356073383125873e+00,2.008959388732910156e+01,5.374313354492187500e+00,2.819999999999999840e+00,3.700000000000000000e+05
1.434289999346725741e+00,2.044959354400634766e+01,4.483280181884765625e+00,2.819999999999999840e+00,0.000000000000000000e+00
1.436302694301808014e+00,1.312959361076354980e+01,1.138915634155273438e+01,2.819999999999999840e+00,3.700000000000000000e+05
1.437236616914958187e+00,1.276959371566772461e+01,1.228018569946289062e+01,2.819999999999999840e+00,0.000000000000000000e+00
1.437300683992594807e+00,1.276959371566772461e+01,1.260052108764648438e+01,2.819999999999999840e+00,3.700000000000000000e+05
1.438234606605744981e+00,1.312959361076354980e+01,1.170949172973632812e+01,2.819999999999999840e+00,0.000000000000000000e+00
1.438298673683381601e+00,1.312959361076354980e+01,1.202982711791992188e+01,2.819999999999999840e+00,3.700000000000000000e+05
1.439493731377028851e+00,1.266893386840820312e+01,1.316999816894531250e+01,2.819999999999999840e+00,0.000000000000000000e+00
1.439518390241761203e+00,1.276959371566772461e+01,1.324119567871093750e+01,2.819999999999999840e+00,3.700000000000000000e+05
1.440452316292156976e+00,1.312959361076354980e+01,1.235016250610351562e+01,2.819999999999999840e+00,0.000000000000000000e+00
1.440516383369793596e+00,1.312959361076354980e+01,1.267049789428710938e+01,2.819999999999999840e+00,3.700000000000000000e+05
1.441450309420189368e+00,1.276959371566772461e+01,1.356153106689453125e+01,2.819999999999999840e+00,0.000000000000000000e+00
1.441514376497825989e+00,1.276959371566772461e+01,1.388186645507812500e+01,2.819999999999999840e+00,3.700000000000000000e+05
1.442637840051432585e+00,1.320265603065490723e+01,1.281000137329101562e+01,2.819999999999999840e+00,0.000000000000000000e+00
1.442663724822779603e+00,1.333207988739013672e+01,1.281000137329101562e+01,2.819999999999999840e+00,3.700000000000000000e+05
1.443041051772773198e+00,1.318663072586059570e+01,1.316999816894531250e+01,2.819999999999999840e+00,0.000000000000000000e+00
1.443066936591803850e+00,1.331605482101440430e+01,1.316999816894531250e+01,2.819999999999999840e+00,3.700000000000000000e+05
1.443444263715390807e+00,1.346150445938110352e+01,1.281000137329101562e+01,2.819999999999999840e+00,0.000000000000000000e+00
1.443470148534421460e+00,1.359092855453491211e+01,1.281000137329101562e+01,2.819999999999999840e+00,3.700000000000000000e+05
1.443847475658008417e+00,1.344547891616821289e+01,1.316999816894531250e+01,2.819999999999999840e+00,0.000000000000000000e+00
1.443873360477039069e+00,1.357490301132202148e+01,1.316999816894531250e+01,2.819999999999999840e+00,3.700000000000000000e+05
1.444250687600626026e+00,1.372035264968872070e+01,1.281000137329101562e+01,2.819999999999999840e+00,0.000000000000000000e+00
1.444276572419656679e+00,1.384977674484252930e+01,1.281000137329101562e+01,2.819999999999999840e+00,3.700000000000000000e+05
1.444653899543243636e+00,1.370432710647583008e+01,1.316999816894531250e+01,2.819999999999999840e+00,0.000000000000000000e+00
1.444679784457641780e+00,1.383375167846679688e+01,1.316999816894531250e+01,2.819999999999999840e+00,3.700000000000000000e+05
1.445057111407635375e+00,1.397920083999633789e+01,1.281000137329101562e+01,2.819999999999999840e+00,0.000000000000000000e+00
1.445082996226666028e+00,1.410862493515014648e+01,1.281000137329101562e+01,2.819999999999999840e+00,3.700000000000000000e+05
1.445460323176659623e+00,1.396317577362060547e+01,1.316999816894531250e+01,2.819999999999999840e+00,0.000000000000000000e+00
1.445486207995690275e+00,1.409259986877441406e+01,1.316999816894531250e+01,2.819999999999999840e+00,3.700000000000000000e+05
1.445863534945683870e+00,1.423804903030395508e+01,1.281000137329101562e+01,2.819999999999999840e+00,0.000000000000000000e+00
1.445889419860082015e+00,1.436747360229492188e+01,1.281000137329101562e+01,2.819999999999999840e+00,3.700000000000000000e+05
1.446266746983668972e+00,1.422202396392822266e+01,1.316999816894531250e+01,2.819999999999999840e+00,0.000000000000000000e+00
1.446292631802699624e+00,1.435144805908203125e+01,1.316999816894531250e+01,2.819999999999999840e+00,3.700000000000000000e+05
1.446669958926286581e+00,1.449689769744873047e+01,1.281000137329101562e+01,2.819999999999999840e+00,0.000000000000000000e+00
1.447694760740298570e+00,1.131962203979492188e+01,1.682999992370605469e+01,2.819999999999999840e+00,3.700000000000000000e+05
1.448072091301128683e+00,1.146507167816162109e+01,1.646999931335449219e+01,2.819999999999999840e+00,0.000000000000000000e+00
1.448097976120159336e+00,1.159449577331542969e+01,1.646999931335449219e+01,2.819999999999999840e+00,3.700000000000000000e+05
1.448475306594193546e+00,1.144904637336730957e+01,1.682999992370605469e+01,2.819999999999999840e+00,0.000000000000000000e+00
1.448501191413224198e+00,1.157847046852111816e+01,1.682999992370605469e+01,2.819999999999999840e+00,3.700000000000000000e+05
1.448878521887258408e+00,1.172391986846923828e+01,1.646999931335449219e+01,2.819999999999999840e+00,0.000000000000000000e+00
1.448904406706289061e+00,1.185334396362304688e+01,1.646999931335449219e+01,2.819999999999999840e+00,3.700000000000000000e+05
1.449281737180323271e+00,1.170789456367492676e+01,1.682999992370605469e+01,2.819999999999999840e+00,0.000000000000000000e+00
1.449307622047037780e+00,1.183731889724731445e+01,1.682999992370605469e+01,2.819999999999999840e+00,3.700000000000000000e+05
1.449684952521071990e+00,1.198276829719543457e+01,1.646999931335449219e+01,2.819999999999999840e+00,0.000000000000000000e+00
1.449710837340102643e+00,1.211219239234924316e+01,1.646999931335449219e+01,2.819999999999999840e+00,3.700000000000000000e+05
1.450088167814136852e+00,1.196674299240112305e+01,1.682999992370605469e+01,2.819999999999999840e+00,0.000000000000000000e+00
1.450114052633167505e+00,1.209616708755493164e+01,1.682999992370605469e+01,2.819999999999999840e+00,3.700000000000000000e+05
1.450491383107201715e+00,1.224161648750305176e+01,1.646999931335449219e+01,2.819999999999999840e+00,0.000000000000000000e+00
1.450517267973916224e+00,1.237104082107543945e+01,1.646999931335449219e+01,2.819999999999999840e+00,3.700000000000000000e+05
1.450894598447950434e+00,1.222559142112731934e+01,1.682999992370605469e+01,2.819999999999999840e+00,0.000000000000000000e+00
1.450920483266981087e+00,1.235501551628112793e+01,1.682999992370605469e+01,2.819999999999999840e+00,3.700000000000000000e+05
1.451297813741015297e+00,1.250046491622924805e+01,1.646999931335449219e+01,2.819999999999999840e+00,0.000000000000000000e+00
1.451323698560045949e+00,1.262988901138305664e+01,1.646999931335449219e+01,2.819999999999999840e+00,3.700000000000000000e+05
1.451701029034080159e+00,1.248443961143493652e+01,1.682999992370605469e+01,2.819999999999999840e+00,0.000000000000000000e+00
1.451726913853110812e+00,1.261386370658874512e+01,1.682999992370605469e+01,2.819999999999999840e+00,3.700000000000000000e+05
1.452104244413940926e+00,1.275931334495544434e+01,1.646999931335449219e+01,2.819999999999999840e+00,0.000000000000000000e+00
1.453919279444860546e+00,1.501646232604980469e+01,7.680000305175781250e+00,2.819999999999999840e+00,3.700000000000000000e+05
1.454296609832098852e+00,1.516191148757934570e+01,7.319999694824218750e+00,2.819999999999999840e+00,0.000000000000000000e+00
1.454322494651129505e+00,1.529133558273315430e+01,7.319999694824218750e+00,2.819999999999999840e+00,3.700000000000000000e+05
1.454699825038367811e+00,1.514588642120361328e+01,7.680000305175781250e+00,2.819999999999999840e+00,0.000000000000000000e+00
1.454725709857398463e+00,1.527531051635742188e+01,7.680000305175781250e+00,2.819999999999999840e+00,3.700000000000000000e+05
1.455103040244636770e+00,1.542075967788696289e+01,7.319999694824218750e+00,2.819999999999999840e+00,0.000000000000000000e+00
1.455128925159034914e+00,1.555018424987792969e+01,7.319999694824218750e+00,2.819999999999999840e+00,3.700000000000000000e+05
1.455506255719865027e+00,1.540473461151123047e+01,7.680000305175781250e+00,2.819999999999999840e+00,0.000000000000000000e+00
1.455532140538895680e+00,1.553415870666503906e+01,7.680000305175781250e+00,2.819999999999999840e+00,3.700000000000000000e+05
1.455909471099725794e+00,1.567960834503173828e+01,7.319999694824218750e+00,2.819999999999999840e+00,0.000000000000000000e+00
1.455935355918756446e+00,1.580903244018554688e+01,7.319999694824218750e+00,2.819999999999999840e+00,3.700000000000000000e+05
1.456312686479586560e+00,1.566358280181884766e+01,7.680000305175781250e+00,2.819999999999999840e+00,0.000000000000000000e+00
1.456338571298617213e+00,1.579300689697265625e+01,7.680000305175781250e+00,2.819999999999999840e+00,3.700000000000000000e+05
1.456715901859447326e+00,1.593845653533935547e+01,7.319999694824218750e+00,2.819999999999999840e+00,0.000000000000000000e+00
1.456741786678477979e+00,1.606788063049316406e+01,7.319999694824218750e+00,2.819999999999999840e+00,3.700000000000000000e+05
1.457119117065716285e+00,1.592243146896362305e+01,7.680000305175781250e+00,2.819999999999999840e+00,0.000000000000000000e+00
1.457145001884746938e+00,1.605185556411743164e+01,7.680000305175781250e+00,2.819999999999999840e+00,3.700000000000000000e+05
1.457522332271985244e+00,1.619730472564697266e+01,7.319999694824218750e+00,2.819999999999999840e+00,0.000000000000000000e+00
1.457548217186383388e+00,1.632672929763793945e+01,7.319999694824218750e+00,2.819999999999999840e+00,3.700000000000000000e+05
1.457925547747213502e+00,1.618127965927124023e+01,7.680000305175781250e+00,2.819999999999999840e+00,0.000000000000000000e+00
1.458621789298282900e+00,1.678959369659423828e+01,4.252353668212890625e+00,2.819999999999999840e+00,3.700000000000000000e+05
1.459555711998229199e+00,1.642959356307983398e+01,5.143383026123046875e+00,2.819999999999999840e+00,0.000000000000000000e+00
1.459619779838805309e+00,1.642959356307983398e+01,5.463722229003906250e+00,2.819999999999999840e+00,3.700000000000000000e+05
1.460553705975996985e+00,1.678959369659423828e+01,4.572689056396484375e+00,2.819999999999999840e+00,0.000000000000000000e+00
1.460617773053633606e+00,1.678959369659423828e+01,4.893024444580078125e+00,2.819999999999999840e+00,3.700000000000000000e+05
1.461620814707073057e+00,1.640295076370239258e+01,5.849998474121093750e+00,2.819999999999999840e+00,0.000000000000000000e+00
1.461671971883026666e+00,1.642959356307983398e+01,6.104393005371093750e+00,2.819999999999999840e+00,3.700000000000000000e+05
1.462605898020218342e+00,1.678959369659423828e+01,5.213359832763671875e+00,2.819999999999999840e+00,0.000000000000000000e+00
1.462661338945946188e+00,1.680724859237670898e+01,5.490001678466796875e+00,2.819999999999999840e+00,3.700000000000000000e+05
1.463641062544268179e+00,1.642959356307983398e+01,6.424728393554687500e+00,2.819999999999999840e+00,0.000000000000000000e+00
1.463705129621904799e+00,1.642959356307983398e+01,6.745063781738281250e+00,2.819999999999999840e+00,3.700000000000000000e+05
1.464639052321851098e+00,1.678959369659423828e+01,5.854034423828125000e+00,2.819999999999999840e+00,0.000000000000000000e+00
1.464703119399487719e+00,1.678959369659423828e+01,6.174369812011718750e+00,2.819999999999999840e+00,3.700000000000000000e+05
1.465637045536679395e+00,1.642959356307983398e+01,7.065402984619140625e+00,2.819999999999999840e+00,0.000000000000000000e+00
1.465762243724052505e+00,1.631070375442504883e+01,7.680000305175781250e+00,2.819999999999999840e+00,3.700000000000000000e+05
1.467004597284880640e+00,1.678959369659423828e+01,6.494705200195312500e+00,2.819999999999999840e+00,0.000000000000000000e+00
1.467068664362517261e+00,1.678959369659423828e+01,6.815040588378906250e+00,2.819999999999999840e+00,3.700000000000000000e+05
1.468002590499708937e+00,1.642959356307983398e+01,7.706073760986328125e+00,2.819999999999999840e+00,0.000000000000000000e+00
1.468066657577345557e+00,1.642959356307983398e+01,8.026409149169921875e+00,2.819999999999999840e+00,3.700000000000000000e+05
1.469000580277291856e+00,1.678959369659423828e+01,7.135379791259765625e+00,2.819999999999999840e+00,0.000000000000000000e+00
1.469039098353570383e+00,1.684442567825317383e+01,7.319999694824218750e+00,2.819999999999999840e+00,3.700000000000000000e+05
1.470115269477241471e+00,1.642959356307983398e+01,8.346744537353515625e+00,2.819999999999999840e+00,0.000000000000000000e+00
1.470179336554878091e+00,1.642959356307983398e+01,8.667079925537109375e+00,2.819999999999999840e+00,3.700000000000000000e+05
1.471113259254824390e+00,1.678959369659423828e+01,7.776050567626953125e+00,2.819999999999999840e+00,0.000000000000000000e+00
1.471177326332461011e+00,1.678959369659423828e+01,8.096385955810546875e+00,2.819999999999999840e+00,3.700000000000000000e+05
1.472111252469652687e+00,1.642959356307983398e+01,8.987419128417968750e+00,2.819999999999999840e+00,0.000000000000000000e+00
1.473199091479375777e+00,1.312959361076354980e+01,1.331117248535156250e+01,2.819999999999999840e+00,3.700000000000000000e+05
1.474133014092525951e+00,1.276959371566772461e+01,1.420220184326171875e+01,2.819999999999999840e+00,0.000000000000000000e+00
1.474197081551632316e+00,1.276959371566772461e+01,1.452253913879394531e+01,2.819999999999999840e+00,3.700000000000000000e+05
1.475131005883405066e+00,1.312959361076354980e+01,1.363150787353515625e+01,2.819999999999999840e+00,0.000000000000000000e+00
1.475195072961041687e+00,1.312959361076354980e+01,1.395184326171875000e+01,2.819999999999999840e+00,3.700000000000000000e+05
1.476293686566584995e+00,1.270611095428466797e+01,1.500000000000000000e+01,2.819999999999999840e+00,0.000000000000000000e+00
1.476328710865235871e+00,1.276959371566772461e+01,1.516320991516113281e+01,2.819999999999999840e+00,3.700000000000000000e+05
1.477262635197008622e+00,1.312959361076354980e+01,1.427217864990234375e+01,2.819999999999999840e+00,0.000000000000000000e+00
1.477326702656114987e+00,1.312959361076354980e+01,1.459251594543457031e+01,2.819999999999999840e+00,3.700000000000000000e+05
1.478260626987887738e+00,1.276959371566772461e+01,1.548354721069335938e+01,2.819999999999999840e+00,0.000000000000000000e+00
1.478324694065524358e+00,1.276959371566772461e+01,1.580388259887695312e+01,2.819999999999999840e+00,3.700000000000000000e+05
1.479544605057684148e+00,1.323983287811279297e+01,1.463999938964843750e+01,2.819999999999999840e+00,0.000000000000000000e+00
1.479570489876714801e+00,1.336925697326660156e+01,1.463999938964843750e+01,2.819999999999999840e+00,3.700000000000000000e+05
1.479947820350749010e+00,1.322380757331848145e+01,1.500000000000000000e+01,2.819999999999999840e+00,0.000000000000000000e+00
1.479973705217463520e+00,1.335323190689086914e+01,1.500000000000000000e+01,2.819999999999999840e+00,3.700000000000000000e+05
1.480351035604701826e+00,1.349868106842041016e+01,1.463999938964843750e+01,2.819999999999999840e+00,0.000000000000000000e+00
1.480376920519099970e+00,1.362810564041137695e+01,1.463999938964843750e+01,2.819999999999999840e+00,3.700000000000000000e+05
1.480754251079930084e+00,1.348265600204467773e+01,1.500000000000000000e+01,2.819999999999999840e+00,0.000000000000000000e+00
1.480780135898960737e+00,1.361208009719848633e+01,1.500000000000000000e+01,2.819999999999999840e+00,3.700000000000000000e+05
1.481157466459790850e+00,1.375752973556518555e+01,1.463999938964843750e+01,2.819999999999999840e+00,0.000000000000000000e+00
1.481183351278821503e+00,1.388695383071899414e+01,1.463999938964843750e+01,2.819999999999999840e+00,3.700000000000000000e+05
1.481560681839651616e+00,1.374150419235229492e+01,1.500000000000000000e+01,2.819999999999999840e+00,0.000000000000000000e+00
1.481586566658682269e+00,1.387092828750610352e+01,1.500000000000000000e+01,2.819999999999999840e+00,3.700000000000000000e+05
1.481963897219512383e+00,1.401637792587280273e+01,1.463999938964843750e+01,2.819999999999999840e+00,0.000000000000000000e+00
1.481989782038543035e+00,1.414580202102661133e+01,1.463999938964843750e+01,2.819999999999999840e+00,3.700000000000000000e+05
1.482367112425781341e+00,1.400035285949707031e+01,1.500000000000000000e+01,2.819999999999999840e+00,0.000000000000000000e+00
1.482392997244811994e+00,1.412977695465087891e+01,1.500000000000000000e+01,2.819999999999999840e+00,3.700000000000000000e+05
1.482770327632050300e+00,1.427522611618041992e+01,1.463999938964843750e+01,2.819999999999999840e+00,0.000000000000000000e+00
1.482796212451080953e+00,1.440465021133422852e+01,1.463999938964843750e+01,2.819999999999999840e+00,3.700000000000000000e+05
1.483173542838319259e+00,1.425920104980468750e+01,1.500000000000000000e+01,2.819999999999999840e+00,0.000000000000000000e+00
1.483199427657349911e+00,1.438862514495849609e+01,1.500000000000000000e+01,2.819999999999999840e+00,3.700000000000000000e+05
1.483576758218180025e+00,1.453407478332519531e+01,1.463999938964843750e+01,2.819999999999999840e+00,0.000000000000000000e+00
1.484608007128320750e+00,1.505363893508911133e+01,9.509998321533203125e+00,2.819999999999999840e+00,3.700000000000000000e+05
1.484985334251907707e+00,1.519908857345581055e+01,9.150001525878906250e+00,2.819999999999999840e+00,0.000000000000000000e+00
1.485011219070938360e+00,1.532851266860961914e+01,9.150001525878906250e+00,2.819999999999999840e+00,3.700000000000000000e+05
1.485388546020931955e+00,1.518306350708007812e+01,9.509998321533203125e+00,2.819999999999999840e+00,0.000000000000000000e+00
1.485414430839962607e+00,1.531248760223388672e+01,9.509998321533203125e+00,2.819999999999999840e+00,3.700000000000000000e+05
1.485791757789956202e+00,1.545793676376342773e+01,9.150001525878906250e+00,2.819999999999999840e+00,0.000000000000000000e+00
1.485817642608986855e+00,1.558736085891723633e+01,9.150001525878906250e+00,2.819999999999999840e+00,3.700000000000000000e+05
1.486194969558980450e+00,1.544191169738769531e+01,9.509998321533203125e+00,2.819999999999999840e+00,0.000000000000000000e+00
1.486220854378011103e+00,1.557133579254150391e+01,9.509998321533203125e+00,2.819999999999999840e+00,3.700000000000000000e+05
1.486598181501598059e+00,1.571678543090820312e+01,9.150001525878906250e+00,2.819999999999999840e+00,0.000000000000000000e+00
1.486624066320628712e+00,1.584620952606201172e+01,9.150001525878906250e+00,2.819999999999999840e+00,3.700000000000000000e+05
1.487001393444215669e+00,1.570075988769531250e+01,9.509998321533203125e+00,2.819999999999999840e+00,0.000000000000000000e+00
1.487027278263246322e+00,1.583018398284912109e+01,9.509998321533203125e+00,2.819999999999999840e+00,3.700000000000000000e+05
1.487404605386833278e+00,1.597563362121582031e+01,9.150001525878906250e+00,2.819999999999999840e+00,0.000000000000000000e+00
1.487430490205863931e+00,1.610505771636962891e+01,9.150001525878906250e+00,2.819999999999999840e+00,3.700000000000000000e+05
1.487807817155857526e+00,1.595960855484008789e+01,9.509998321533203125e+00,2.819999999999999840e+00,0.000000000000000000e+00
1.487833701974888179e+00,1.608903264999389648e+01,9.509998321533203125e+00,2.819999999999999840e+00,3.700000000000000000e+05
1.488211028924881774e+00,1.623448181152343750e+01,9.150001525878906250e+00,2.819999999999999840e+00,0.000000000000000000e+00
1.488236913743912426e+00,1.636390590667724609e+01,9.150001525878906250e+00,2.819999999999999840e+00,3.700000000000000000e+05
1.488614240693906021e+00,1.621845674514770508e+01,9.509998321533203125e+00,2.819999999999999840e+00,0.000000000000000000e+00
1.488640125512936674e+00,1.634788084030151367e+01,9.509998321533203125e+00,2.819999999999999840e+00,3.700000000000000000e+05
1.489786031548415490e+00,1.678959369659423828e+01,8.416721343994140625e+00,2.819999999999999840e+00,0.000000000000000000e+00
1.489850098626052111e+00,1.678959369659423828e+01,8.737056732177734375e+00,2.819999999999999840e+00,3.700000000000000000e+05
1.490784024763243787e+00,1.642959356307983398e+01,9.628089904785156250e+00,2.819999999999999840e+00,0.000000000000000000e+00
1.490848091840880407e+00,1.642959356307983398e+01,9.948425292968750000e+00,2.819999999999999840e+00,3.700000000000000000e+05
1.491782014540826706e+00,1.678959369659423828e+01,9.057395935058593750e+00,2.819999999999999840e+00,0.000000000000000000e+00
1.491808123132485342e+00,1.688160276412963867e+01,9.150001525878906250e+00,2.819999999999999840e+00,3.700000000000000000e+05
1.492980738344260594e+00,1.642959356307983398e+01,1.026876068115234375e+01,2.819999999999999840e+00,0.000000000000000000e+00
1.493044805421897214e+00,1.642959356307983398e+01,1.058909606933593750e+01,2.819999999999999840e+00,3.700000000000000000e+05
1.493978728121843513e+00,1.678959369659423828e+01,9.698066711425781250e+00,2.819999999999999840e+00,0.000000000000000000e+00
1.494042795199480134e+00,1.678959369659423828e+01,1.001840209960937500e+01,2.819999999999999840e+00,3.700000000000000000e+05
1.494976721336671810e+00,1.642959356307983398e+01,1.090943527221679688e+01,2.819999999999999840e+00,0.000000000000000000e+00
1.495063293743167820e+00,1.638505792617797852e+01,1.134000015258789062e+01,2.819999999999999840e+00,3.700000000000000000e+05
1.496112755690542917e+00,1.678959369659423828e+01,1.033873748779296875e+01,2.819999999999999840e+00,0.000000000000000000e+00
1.496176822768179537e+00,1.678959369659423828e+01,1.065907287597656250e+01,2.819999999999999840e+00,3.700000000000000000e+05
1.497110748905371214e+00,1.642959356307983398e+01,1.155010604858398438e+01,2.819999999999999840e+00,0.000000000000000000e+00
1.497174815983007834e+00,1.642959356307983398e+01,1.187044143676757812e+01,2.819999999999999840e+00,3.700000000000000000e+05
1.498108738682954133e+00,1.678959369659423828e+01,1.097941207885742188e+01,2.819999999999999840e+00,0.000000000000000000e+00
1.498134576180779165e+00,1.691877985000610352e+01,1.097999954223632812e+01,2.819999999999999840e+00,3.700000000000000000e+05
1.499403638917903292e+00,1.642959356307983398e+01,1.219077682495117188e+01,2.819999999999999840e+00,0.000000000000000000e+00
1.499467706758479402e+00,1.642959356307983398e+01,1.251111602783203125e+01,2.819999999999999840e+00,3.700000000000000000e+05
1.500401632895671078e+00,1.678959369659423828e+01,1.162008285522460938e+01,2.819999999999999840e+00,0.000000000000000000e+00
1.501555649817928328e+00,1.679122352600097656e+01,5.849998474121093750e+00,2.819999999999999840e+00,3.700000000000000000e+05
1.501932976767921923e+00,1.693667268753051758e+01,5.490001678466796875e+00,2.819999999999999840e+00,0.000000000000000000e+00
1.501958861682320068e+00,1.706609725952148438e+01,5.490001678466796875e+00,2.819999999999999840e+00,3.700000000000000000e+05
1.502336188805907025e+00,1.692064762115478516e+01,5.849998474121093750e+00,2.819999999999999840e+00,0.000000000000000000e+00
1.502362073624937677e+00,1.705007171630859375e+01,5.849998474121093750e+00,2.819999999999999840e+00,3.700000000000000000e+05
1.502739400748524634e+00,1.719552135467529297e+01,5.490001678466796875e+00,2.819999999999999840e+00,0.000000000000000000e+00
1.502765285567555287e+00,1.732494544982910156e+01,5.490001678466796875e+00,2.819999999999999840e+00,3.700000000000000000e+05
1.503142612691142244e+00,1.717949581146240234e+01,5.849998474121093750e+00,2.819999999999999840e+00,0.000000000000000000e+00
1.503168497510172896e+00,1.730891990661621094e+01,5.849998474121093750e+00,2.819999999999999840e+00,3.700000000000000000e+05
1.503545824633759853e+00,1.745436954498291016e+01,5.490001678466796875e+00,2.819999999999999840e+00,0.000000000000000000e+00
1.503571709452790506e+00,1.758379364013671875e+01,5.490001678466796875e+00,2.819999999999999840e+00,3.700000000000000000e+05
1.503949036576377463e+00,1.743834400177001953e+01,5.849998474121093750e+00,2.819999999999999840e+00,0.000000000000000000e+00
1.503974921395408115e+00,1.756776809692382812e+01,5.849998474121093750e+00,2.819999999999999840e+00,3.700000000000000000e+05
1.504352248518995072e+00,1.771321773529052734e+01,5.490001678466796875e+00,2.819999999999999840e+00,0.000000000000000000e+00
1.504378133338025725e+00,1.784264183044433594e+01,5.490001678466796875e+00,2.819999999999999840e+00,3.700000000000000000e+05
1.504755460461612682e+00,1.769719219207763672e+01,5.849998474121093750e+00,2.819999999999999840e+00,0.000000000000000000e+00
1.504781345471378318e+00,1.782661724090576172e+01,5.849998474121093750e+00,2.819999999999999840e+00,3.700000000000000000e+05
1.505158672247778995e+00,1.797206592559814453e+01,5.490001678466796875e+00,2.819999999999999840e+00,0.000000000000000000e+00
1.505184557066809647e+00,1.810149002075195312e+01,5.490001678466796875e+00,2.819999999999999840e+00,3.700000000000000000e+05
1.505561883843210325e+00,1.795604133605957031e+01,5.849998474121093750e+00,2.819999999999999840e+00,0.000000000000000000e+00
1.505587768662240977e+00,1.808546543121337891e+01,5.849998474121093750e+00,2.819999999999999840e+00,3.700000000000000000e+05
1.505965095785827934e+00,1.823091506958007812e+01,5.490001678466796875e+00,2.819999999999999840e+00,0.000000000000000000e+00
1.508164670040834210e+00,1.312959361076354980e+01,1.523318862915039062e+01,2.819999999999999840e+00,3.700000000000000000e+05
1.509098594372606961e+00,1.276959371566772461e+01,1.612421989440917969e+01,2.819999999999999840e+00,0.000000000000000000e+00
1.509162661450243581e+00,1.276959371566772461e+01,1.644455528259277344e+01,2.819999999999999840e+00,3.700000000000000000e+05
1.510096585782016332e+00,1.312959361076354980e+01,1.555352401733398438e+01,2.819999999999999840e+00,0.000000000000000000e+00
1.510160652859652952e+00,1.312959361076354980e+01,1.587385940551757812e+01,2.819999999999999840e+00,3.700000000000000000e+05
1.511162820658469741e+00,1.274328804016113281e+01,1.682999992370605469e+01,2.819999999999999840e+00,0.000000000000000000e+00
1.511214136676356734e+00,1.276959371566772461e+01,1.708522796630859375e+01,2.819999999999999840e+00,3.700000000000000000e+05
1.512148061008129485e+00,1.312959361076354980e+01,1.619419670104980469e+01,2.819999999999999840e+00,0.000000000000000000e+00
1.512203338780264250e+00,1.314758586883544922e+01,1.646999931335449219e+01,2.819999999999999840e+00,3.700000000000000000e+05
1.513183939583658155e+00,1.276959371566772461e+01,1.740556335449218750e+01,2.819999999999999840e+00,0.000000000000000000e+00
1.513248006661294776e+00,1.276959371566772461e+01,1.772589874267578125e+01,2.819999999999999840e+00,3.700000000000000000e+05
1.514181930993067526e+00,1.312959361076354980e+01,1.683486747741699219e+01,2.819999999999999840e+00,0.000000000000000000e+00
1.514245998452173891e+00,1.312959361076354980e+01,1.715520477294921875e+01,2.819999999999999840e+00,3.700000000000000000e+05
1.515179922783946642e+00,1.276959371566772461e+01,1.804623603820800781e+01,2.819999999999999840e+00,0.000000000000000000e+00
1.515304944511512542e+00,1.265104079246520996e+01,1.865999984741210938e+01,2.819999999999999840e+00,3.700000000000000000e+05
1.516546422585891341e+00,1.312959361076354980e+01,1.747554016113281250e+01,2.819999999999999840e+00,0.000000000000000000e+00
1.516610489663527961e+00,1.312959361076354980e+01,1.779587554931640625e+01,2.819999999999999840e+00,3.700000000000000000e+05
1.517516211655618230e+00,1.278046512603759766e+01,1.865999984741210938e+01,2.819999999999999840e+00,0.000000000000000000e+00
1.517542096474648883e+00,1.290988922119140625e+01,1.865999984741210938e+01,2.819999999999999840e+00,3.700000000000000000e+05
1.518112060752623949e+00,1.312959361076354980e+01,1.811621284484863281e+01,2.819999999999999840e+00,0.000000000000000000e+00
1.518176127830260569e+00,1.312959361076354980e+01,1.843654823303222656e+01,2.819999999999999840e+00,3.700000000000000000e+05
1.518410336112743231e+00,1.303931331634521484e+01,1.865999984741210938e+01,2.819999999999999840e+00,0.000000000000000000e+00
1.519923012135423468e+00,1.495959377288818359e+01,1.134445190429687500e+01,2.819999999999999840e+00,3.700000000000000000e+05
1.520856934835369767e+00,1.459959363937377930e+01,1.223548126220703125e+01,2.819999999999999840e+00,0.000000000000000000e+00
1.520921001913006387e+00,1.459959363937377930e+01,1.255581665039062500e+01,2.819999999999999840e+00,3.700000000000000000e+05
1.521854924612952686e+00,1.495959377288818359e+01,1.166478729248046875e+01,2.819999999999999840e+00,0.000000000000000000e+00
1.521918991690589307e+00,1.495959377288818359e+01,1.198512268066406250e+01,2.819999999999999840e+00,3.700000000000000000e+05
1.523160905876366211e+00,1.448087215423583984e+01,1.316999816894531250e+01,2.819999999999999840e+00,0.000000000000000000e+00
1.523185234192316440e+00,1.459959363937377930e+01,1.319649124145507812e+01,2.819999999999999840e+00,3.700000000000000000e+05
1.524119160329508116e+00,1.495959377288818359e+01,1.230545806884765625e+01,2.819999999999999840e+00,0.000000000000000000e+00
1.524183227407144736e+00,1.495959377288818359e+01,1.262579345703125000e+01,2.819999999999999840e+00,3.700000000000000000e+05
1.525117153544336412e+00,1.459959363937377930e+01,1.351682662963867188e+01,2.819999999999999840e+00,0.000000000000000000e+00
1.525181220621973033e+00,1.459959363937377930e+01,1.383716201782226562e+01,2.819999999999999840e+00,3.700000000000000000e+05
1.526257827683449975e+00,1.501459407806396484e+01,1.281000137329101562e+01,2.819999999999999840e+00,0.000000000000000000e+00
1.526283712597848119e+00,1.514401865005493164e+01,1.281000137329101562e+01,2.819999999999999840e+00,3.700000000000000000e+05
1.526661039721435076e+00,1.499856901168823242e+01,1.316999816894531250e+01,2.819999999999999840e+00,0.000000000000000000e+00
1.526686924540465728e+00,1.512799310684204102e+01,1.316999816894531250e+01,2.819999999999999840e+00,3.700000000000000000e+05
1.527064251664052685e+00,1.527344274520874023e+01,1.281000137329101562e+01,2.819999999999999840e+00,0.000000000000000000e+00
1.527090136483083338e+00,1.540286684036254883e+01,1.281000137329101562e+01,2.819999999999999840e+00,3.700000000000000000e+05
1.527467463606670295e+00,1.525741720199584961e+01,1.316999816894531250e+01,2.819999999999999840e+00,0.000000000000000000e+00
1.527493348425700948e+00,1.538684129714965820e+01,1.316999816894531250e+01,2.819999999999999840e+00,3.700000000000000000e+05
1.527870675549287904e+00,1.553229093551635742e+01,1.281000137329101562e+01,2.819999999999999840e+00,0.000000000000000000e+00
1.527896560368318557e+00,1.566171503067016602e+01,1.281000137329101562e+01,2.819999999999999840e+00,3.700000000000000000e+05
1.528273887318312152e+00,1.551626586914062500e+01,1.316999816894531250e+01,2.819999999999999840e+00,0.000000000000000000e+00
1.528299772137342805e+00,1.564568996429443359e+01,1.316999816894531250e+01,2.819999999999999840e+00,3.700000000000000000e+05
1.528677099087336400e+00,1.579113912582397461e+01,1.281000137329101562e+01,2.819999999999999840e+00,0.000000000000000000e+00
1.528702983906367052e+00,1.592056322097778320e+01,1.281000137329101562e+01,2.819999999999999840e+00,3.700000000000000000e+05
1.529080310856360647e+00,1.577511405944824219e+01,1.316999816894531250e+01,2.819999999999999840e+00,0.000000000000000000e+00
1.529106195675391300e+00,1.590453815460205078e+01,1.316999816894531250e+01,2.819999999999999840e+00,3.700000000000000000e+05
1.529483522798978257e+00,1.604998779296875000e+01,1.281000137329101562e+01,2.819999999999999840e+00,0.000000000000000000e+00
1.529509407618008909e+00,1.617941188812255859e+01,1.281000137329101562e+01,2.819999999999999840e+00,3.700000000000000000e+05
1.529886734741595866e+00,1.603396224975585938e+01,1.316999816894531250e+01,2.819999999999999840e+00,0.000000000000000000e+00
1.529912619560626519e+00,1.616338634490966797e+01,1.316999816894531250e+01,2.819999999999999840e+00,3.700000000000000000e+05
1.530289946684213476e+00,1.630883598327636719e+01,1.281000137329101562e+01,2.819999999999999840e+00,0.000000000000000000e+00
1.530488672907816872e+00,1.678959369659423828e+01,1.194041824340820312e+01,2.819999999999999840e+00,3.700000000000000000e+05
1.531777443325335053e+00,1.629281091690063477e+01,1.316999816894531250e+01,2.819999999999999840e+00,0.000000000000000000e+00
1.531803328144365706e+00,1.642223501205444336e+01,1.316999816894531250e+01,2.819999999999999840e+00,3.700000000000000000e+05
1.532756342566391483e+00,1.678959369659423828e+01,1.226075363159179688e+01,2.819999999999999840e+00,0.000000000000000000e+00
1.532820410406967593e+00,1.678959369659423828e+01,1.258109283447265625e+01,2.819999999999999840e+00,3.700000000000000000e+05
1.533754333106913892e+00,1.642959356307983398e+01,1.347212219238281250e+01,2.819999999999999840e+00,0.000000000000000000e+00
1.533818400184550512e+00,1.642959356307983398e+01,1.379245758056640625e+01,2.819999999999999840e+00,3.700000000000000000e+05
1.534848151014286399e+00,1.682653284072875977e+01,1.281000137329101562e+01,2.819999999999999840e+00,0.000000000000000000e+00
1.534874035833317052e+00,1.695595693588256836e+01,1.281000137329101562e+01,2.819999999999999840e+00,3.700000000000000000e+05
1.535251362956904009e+00,1.681050729751586914e+01,1.316999816894531250e+01,2.819999999999999840e+00,0.000000000000000000e+00
1.535277247775934661e+00,1.693993139266967773e+01,1.316999816894531250e+01,2.819999999999999840e+00,3.700000000000000000e+05
1.535654574899521618e+00,1.708538103103637695e+01,1.281000137329101562e+01,2.819999999999999840e+00,0.000000000000000000e+00
1.535680459718552271e+00,1.721480512619018555e+01,1.281000137329101562e+01,2.819999999999999840e+00,3.700000000000000000e+05
1.536057786842139228e+00,1.706935548782348633e+01,1.316999816894531250e+01,2.819999999999999840e+00,0.000000000000000000e+00
1.536083671756537372e+00,1.719878005981445312e+01,1.316999816894531250e+01,2.819999999999999840e+00,3.700000000000000000e+05
1.536460998880124329e+00,1.734422969818115234e+01,1.281000137329101562e+01,2.819999999999999840e+00,0.000000000000000000e+00
1.536486883699154982e+00,1.747365379333496094e+01,1.281000137329101562e+01,2.819999999999999840e+00,3.700000000000000000e+05
1.536864210822741939e+00,1.732820415496826172e+01,1.316999816894531250e+01,2.819999999999999840e+00,0.000000000000000000e+00
1.536890095641772591e+00,1.745762825012207031e+01,1.316999816894531250e+01,2.819999999999999840e+00,3.700000000000000000e+05
1.537267422765359548e+00,1.760307788848876953e+01,1.281000137329101562e+01,2.819999999999999840e+00,0.000000000000000000e+00
1.537293307584390201e+00,1.773250198364257812e+01,1.281000137329101562e+01,2.819999999999999840e+00,3.700000000000000000e+05
1.537670634707977158e+00,1.758705234527587891e+01,1.316999816894531250e+01,2.819999999999999840e+00,0.000000000000000000e+00
1.537696519527007810e+00,1.771647644042968750e+01,1.316999816894531250e+01,2.819999999999999840e+00,3.700000000000000000e+05
1.538073846650594767e+00,1.786192607879638672e+01,1.281000137329101562e+01,2.819999999999999840e+00,0.000000000000000000e+00
1.538099731469625420e+00,1.799135017395019531e+01,1.281000137329101562e+01,2.819999999999999840e+00,3.700000000000000000e+05
1.538477058593212377e+00,1.784590053558349609e+01,1.316999816894531250e+01,2.819999999999999840e+00,0.000000000000000000e+00
1.538502943412243029e+00,1.797532463073730469e+01,1.316999816894531250e+01,2.819999999999999840e+00,3.700000000000000000e+05
1.538880270535829986e+00,1.812077426910400391e+01,1.281000137329101562e+01,2.819999999999999840e+00,0.000000000000000000e+00
1.538906155354860639e+00,1.825019836425781250e+01,1.281000137329101562e+01,2.819999999999999840e+00,3.700000000000000000e+05
1.539283482478447596e+00,1.810474872589111328e+01,1.316999816894531250e+01,2.819999999999999840e+00,0.000000000000000000e+00
1.540518443422575157e+00,1.313156056404113770e+01,1.682999992370605469e+01,2.819999999999999840e+00,3.700000000000000000e+05
1.540895773896609366e+00,1.327700996398925781e+01,1.646999931335449219e+01,2.819999999999999840e+00,0.000000000000000000e+00
1.540921658715640019e+00,1.340643405914306641e+01,1.646999931335449219e+01,2.819999999999999840e+00,3.700000000000000000e+05
1.541298989189674229e+00,1.326098465919494629e+01,1.682999992370605469e+01,2.819999999999999840e+00,0.000000000000000000e+00
1.541324874056388738e+00,1.339040899276733398e+01,1.682999992370605469e+01,2.819999999999999840e+00,3.700000000000000000e+05
1.541702204443627044e+00,1.353585815429687500e+01,1.646999931335449219e+01,2.819999999999999840e+00,0.000000000000000000e+00
1.541728089262657697e+00,1.366528224945068359e+01,1.646999931335449219e+01,2.819999999999999840e+00,3.700000000000000000e+05
1.542105419649896003e+00,1.351983308792114258e+01,1.682999992370605469e+01,2.819999999999999840e+00,0.000000000000000000e+00
1.542131304468926656e+00,1.364925718307495117e+01,1.682999992370605469e+01,2.819999999999999840e+00,3.700000000000000000e+05
1.542508635029756769e+00,1.379470682144165039e+01,1.646999931335449219e+01,2.819999999999999840e+00,0.000000000000000000e+00
1.542534519848787422e+00,1.392413091659545898e+01,1.646999931335449219e+01,2.819999999999999840e+00,3.700000000000000000e+05
1.542911850409617536e+00,1.377868127822875977e+01,1.682999992370605469e+01,2.819999999999999840e+00,0.000000000000000000e+00
1.542937735228648188e+00,1.390810537338256836e+01,1.682999992370605469e+01,2.819999999999999840e+00,3.700000000000000000e+05
1.543315065789478302e+00,1.405355501174926758e+01,1.646999931335449219e+01,2.819999999999999840e+00,0.000000000000000000e+00
1.543340950608508955e+00,1.418297910690307617e+01,1.646999931335449219e+01,2.819999999999999840e+00,3.700000000000000000e+05
1.543718280995747261e+00,1.403752994537353516e+01,1.682999992370605469e+01,2.819999999999999840e+00,0.000000000000000000e+00
1.543744165814777913e+00,1.416695404052734375e+01,1.682999992370605469e+01,2.819999999999999840e+00,3.700000000000000000e+05
1.544121496202016219e+00,1.431240320205688477e+01,1.646999931335449219e+01,2.819999999999999840e+00,0.000000000000000000e+00
1.544147381021046872e+00,1.444182729721069336e+01,1.646999931335449219e+01,2.819999999999999840e+00,3.700000000000000000e+05
1.544524711408285178e+00,1.429637813568115234e+01,1.682999992370605469e+01,2.819999999999999840e+00,0.000000000000000000e+00
1.544550596227315831e+00,1.442580223083496094e+01,1.682999992370605469e+01,2.819999999999999840e+00,3.700000000000000000e+05
1.544927926788145944e+00,1.457125186920166016e+01,1.646999931335449219e+01,2.819999999999999840e+00,0.000000000000000000e+00
1.546742961807205941e+00,1.682840061187744141e+01,7.680000305175781250e+00,2.819999999999999840e+00,3.700000000000000000e+05
1.547120292194444247e+00,1.697384977340698242e+01,7.319999694824218750e+00,2.819999999999999840e+00,0.000000000000000000e+00
1.547146177013474899e+00,1.710327386856079102e+01,7.319999694824218750e+00,2.819999999999999840e+00,3.700000000000000000e+05
1.547523507400713205e+00,1.695782470703125000e+01,7.680000305175781250e+00,2.819999999999999840e+00,0.000000000000000000e+00
1.547549392219743858e+00,1.708724880218505859e+01,7.680000305175781250e+00,2.819999999999999840e+00,3.700000000000000000e+05
1.547926722780573972e+00,1.723269844055175781e+01,7.319999694824218750e+00,2.819999999999999840e+00,0.000000000000000000e+00
1.547952607599604624e+00,1.736212253570556641e+01,7.319999694824218750e+00,2.819999999999999840e+00,3.700000000000000000e+05
1.548329938160434738e+00,1.721667289733886719e+01,7.680000305175781250e+00,2.819999999999999840e+00,0.000000000000000000e+00
1.548355822979465390e+00,1.734609699249267578e+01,7.680000305175781250e+00,2.819999999999999840e+00,3.700000000000000000e+05
1.548733153540295504e+00,1.749154663085937500e+01,7.319999694824218750e+00,2.819999999999999840e+00,0.000000000000000000e+00
1.548759038359326157e+00,1.762097072601318359e+01,7.319999694824218750e+00,2.819999999999999840e+00,3.700000000000000000e+05
1.549136368920156270e+00,1.747552108764648438e+01,7.680000305175781250e+00,2.819999999999999840e+00,0.000000000000000000e+00
1.549162253739186923e+00,1.760494518280029297e+01,7.680000305175781250e+00,2.819999999999999840e+00,3.700000000000000000e+05
1.549539584300017037e+00,1.775039482116699219e+01,7.319999694824218750e+00,2.819999999999999840e+00,0.000000000000000000e+00
1.549565469119047689e+00,1.787981891632080078e+01,7.319999694824218750e+00,2.819999999999999840e+00,3.700000000000000000e+05
1.549942799679877803e+00,1.773436927795410156e+01,7.680000305175781250e+00,2.819999999999999840e+00,0.000000000000000000e+00
1.549968684498908456e+00,1.786379337310791016e+01,7.680000305175781250e+00,2.819999999999999840e+00,3.700000000000000000e+05
1.550346015059738569e+00,1.800924301147460938e+01,7.319999694824218750e+00,2.819999999999999840e+00,0.000000000000000000e+00
1.550371899878769222e+00,1.813866710662841797e+01,7.319999694824218750e+00,2.819999999999999840e+00,3.700000000000000000e+05
1.550749230092416164e+00,1.799321842193603516e+01,7.680000305175781250e+00,2.819999999999999840e+00,0.000000000000000000e+00
1.551454908995933968e+00,1.861959362030029297e+01,4.207649230957031250e+00,2.819999999999999840e+00,3.700000000000000000e+05
1.552388834959533837e+00,1.825959396362304688e+01,5.098682403564453125e+00,2.819999999999999840e+00,0.000000000000000000e+00
1.552452902037170457e+00,1.825959396362304688e+01,5.419017791748046875e+00,2.819999999999999840e+00,3.700000000000000000e+05
1.553386828000770326e+00,1.861959362030029297e+01,4.527984619140625000e+00,2.819999999999999840e+00,0.000000000000000000e+00
1.553450895078406946e+00,1.861959362030029297e+01,4.848320007324218750e+00,2.819999999999999840e+00,3.700000000000000000e+05
1.554500792963587674e+00,1.821488952636718750e+01,5.849998474121093750e+00,2.819999999999999840e+00,0.000000000000000000e+00
1.554543673459027664e+00,1.825959396362304688e+01,6.059688568115234375e+00,2.819999999999999840e+00,3.700000000000000000e+05
1.555477595985381489e+00,1.861959362030029297e+01,5.168659210205078125e+00,2.819999999999999840e+00,0.000000000000000000e+00
1.555541663063018110e+00,1.861959362030029297e+01,5.488994598388671875e+00,2.819999999999999840e+00,3.700000000000000000e+05
1.556475585589371935e+00,1.825959396362304688e+01,6.380023956298828125e+00,2.819999999999999840e+00,0.000000000000000000e+00
1.556539652667008555e+00,1.825959396362304688e+01,6.700359344482421875e+00,2.819999999999999840e+00,3.700000000000000000e+05
1.557808275855489644e+00,1.874861145019531250e+01,5.490001678466796875e+00,2.819999999999999840e+00,0.000000000000000000e+00
1.557834160674520296e+00,1.887803554534912109e+01,5.490001678466796875e+00,2.819999999999999840e+00,3.700000000000000000e+05
1.558211487798107253e+00,1.873258590698242188e+01,5.849998474121093750e+00,2.819999999999999840e+00,0.000000000000000000e+00
1.558237372617137906e+00,1.886201000213623047e+01,5.849998474121093750e+00,2.819999999999999840e+00,3.700000000000000000e+05
1.558614699740724863e+00,1.900745964050292969e+01,5.490001678466796875e+00,2.819999999999999840e+00,0.000000000000000000e+00
1.558640584559755515e+00,1.913688373565673828e+01,5.490001678466796875e+00,2.819999999999999840e+00,3.700000000000000000e+05
1.559017911683342472e+00,1.899143409729003906e+01,5.849998474121093750e+00,2.819999999999999840e+00,0.000000000000000000e+00
1.559043796502373125e+00,1.912085819244384766e+01,5.849998474121093750e+00,2.819999999999999840e+00,3.700000000000000000e+05
1.559421123625960082e+00,1.926630783081054688e+01,5.490001678466796875e+00,2.819999999999999840e+00,0.000000000000000000e+00
1.559447008444990734e+00,1.939573192596435547e+01,5.490001678466796875e+00,2.819999999999999840e+00,3.700000000000000000e+05
1.559824335568577691e+00,1.925028228759765625e+01,5.849998474121093750e+00,2.819999999999999840e+00,0.000000000000000000e+00
1.559850220387608344e+00,1.937970638275146484e+01,5.849998474121093750e+00,2.819999999999999840e+00,3.700000000000000000e+05
1.560227547511195301e+00,1.952515602111816406e+01,5.490001678466796875e+00,2.819999999999999840e+00,0.000000000000000000e+00
1.560253432330225953e+00,1.965458011627197266e+01,5.490001678466796875e+00,2.819999999999999840e+00,3.700000000000000000e+05
1.560630759106626630e+00,1.950913143157958984e+01,5.849998474121093750e+00,2.819999999999999840e+00,0.000000000000000000e+00
1.560656643925657283e+00,1.963855552673339844e+01,5.849998474121093750e+00,2.819999999999999840e+00,3.700000000000000000e+05
1.561033970702057960e+00,1.978400421142578125e+01,5.490001678466796875e+00,2.819999999999999840e+00,0.000000000000000000e+00
1.561059855521088613e+00,1.991342830657958984e+01,5.490001678466796875e+00,2.819999999999999840e+00,3.700000000000000000e+05
1.561437182297489290e+00,1.976797962188720703e+01,5.849998474121093750e+00,2.819999999999999840e+00,0.000000000000000000e+00
1.561463067116519943e+00,1.989740371704101562e+01,5.849998474121093750e+00,2.819999999999999840e+00,3.700000000000000000e+05
1.561840394240106900e+00,2.004285335540771484e+01,5.490001678466796875e+00,2.819999999999999840e+00,0.000000000000000000e+00
1.561999964095759363e+00,2.044959354400634766e+01,4.803615570068359375e+00,2.819999999999999840e+00,3.700000000000000000e+05
1.563096718386273842e+00,2.002682781219482422e+01,5.849998474121093750e+00,2.819999999999999840e+00,0.000000000000000000e+00
1.563132022690327139e+00,2.008959388732910156e+01,6.014984130859375000e+00,2.819999999999999840e+00,3.700000000000000000e+05
1.564065945216680964e+00,2.044959354400634766e+01,5.123954772949218750e+00,2.819999999999999840e+00,0.000000000000000000e+00
1.564130012294317584e+00,2.044959354400634766e+01,5.444290161132812500e+00,2.819999999999999840e+00,3.700000000000000000e+05
1.565063934820671410e+00,2.008959388732910156e+01,6.335319519042968750e+00,2.819999999999999840e+00,0.000000000000000000e+00
1.565128001898308030e+00,2.008959388732910156e+01,6.655654907226562500e+00,2.819999999999999840e+00,3.700000000000000000e+05
1.566061924424661855e+00,2.044959354400634766e+01,5.764625549316406250e+00,2.819999999999999840e+00,0.000000000000000000e+00
1.566125991502298476e+00,2.044959354400634766e+01,6.084960937500000000e+00,2.819999999999999840e+00,3.700000000000000000e+05
1.567059917465898344e+00,2.008959388732910156e+01,6.975994110107421875e+00,2.819999999999999840e+00,0.000000000000000000e+00
1.567123984543534965e+00,2.008959388732910156e+01,7.296329498291015625e+00,2.819999999999999840e+00,3.700000000000000000e+05
1.568057910507134833e+00,2.044959354400634766e+01,6.405296325683593750e+00,2.819999999999999840e+00,0.000000000000000000e+00
1.569815360647438096e+00,1.495959377288818359e+01,1.326646804809570312e+01,2.819999999999999840e+00,3.700000000000000000e+05
1.570749285066006973e+00,1.459959363937377930e+01,1.415749931335449219e+01,2.819999999999999840e+00,0.000000000000000000e+00
1.570813352143643593e+00,1.459959363937377930e+01,1.447783470153808594e+01,2.819999999999999840e+00,3.700000000000000000e+05
1.571747276562212470e+00,1.495959377288818359e+01,1.358680343627929688e+01,2.819999999999999840e+00,0.000000000000000000e+00
1.571811343639849090e+00,1.495959377288818359e+01,1.390713882446289062e+01,2.819999999999999840e+00,3.700000000000000000e+05
1.572956813737522053e+00,1.451804924011230469e+01,1.500000000000000000e+01,2.819999999999999840e+00,0.000000000000000000e+00
1.572985584201133547e+00,1.459959363937377930e+01,1.511850738525390625e+01,2.819999999999999840e+00,3.700000000000000000e+05
1.573919508619702423e+00,1.495959377288818359e+01,1.422747611999511719e+01,2.819999999999999840e+00,0.000000000000000000e+00
1.573983575697339043e+00,1.495959377288818359e+01,1.454781150817871094e+01,2.819999999999999840e+00,3.700000000000000000e+05
1.574917500115907920e+00,1.459959363937377930e+01,1.543884277343750000e+01,2.819999999999999840e+00,0.000000000000000000e+00
1.574981567193544540e+00,1.459959363937377930e+01,1.575917816162109375e+01,2.819999999999999840e+00,3.700000000000000000e+05
1.576154621780370579e+00,1.505177116394042969e+01,1.463999938964843750e+01,2.819999999999999840e+00,0.000000000000000000e+00
1.576180506599401232e+00,1.518119525909423828e+01,1.463999938964843750e+01,2.819999999999999840e+00,3.700000000000000000e+05
1.576557836986639538e+00,1.503574609756469727e+01,1.500000000000000000e+01,2.819999999999999840e+00,0.000000000000000000e+00
1.576583721805670191e+00,1.516517019271850586e+01,1.500000000000000000e+01,2.819999999999999840e+00,3.700000000000000000e+05
1.576961052366500304e+00,1.531061983108520508e+01,1.463999938964843750e+01,2.819999999999999840e+00,0.000000000000000000e+00
1.576986937185530957e+00,1.544004392623901367e+01,1.463999938964843750e+01,2.819999999999999840e+00,3.700000000000000000e+05
1.577364267746361071e+00,1.529459428787231445e+01,1.500000000000000000e+01,2.819999999999999840e+00,0.000000000000000000e+00
1.577390152565391723e+00,1.542401838302612305e+01,1.500000000000000000e+01,2.819999999999999840e+00,3.700000000000000000e+05
1.577767483126221837e+00,1.556946802139282227e+01,1.463999938964843750e+01,2.819999999999999840e+00,0.000000000000000000e+00
1.577793367945252490e+00,1.569889211654663086e+01,1.463999938964843750e+01,2.819999999999999840e+00,3.700000000000000000e+05
1.578170698506082603e+00,1.555344247817993164e+01,1.500000000000000000e+01,2.819999999999999840e+00,0.000000000000000000e+00
1.578196583420480748e+00,1.568286705017089844e+01,1.500000000000000000e+01,2.819999999999999840e+00,3.700000000000000000e+05
1.578573913807719054e+00,1.582831621170043945e+01,1.463999938964843750e+01,2.819999999999999840e+00,0.000000000000000000e+00
1.578599798626749706e+00,1.595774030685424805e+01,1.463999938964843750e+01,2.819999999999999840e+00,3.700000000000000000e+05
1.578977129013988012e+00,1.581229114532470703e+01,1.500000000000000000e+01,2.819999999999999840e+00,0.000000000000000000e+00
1.579003013833018665e+00,1.594171524047851562e+01,1.500000000000000000e+01,2.819999999999999840e+00,3.700000000000000000e+05
1.579380344393848778e+00,1.608716487884521484e+01,1.463999938964843750e+01,2.819999999999999840e+00,0.000000000000000000e+00
1.579406229212879431e+00,1.621658897399902344e+01,1.463999938964843750e+01,2.819999999999999840e+00,3.700000000000000000e+05
1.579783559773709545e+00,1.607113933563232422e+01,1.500000000000000000e+01,2.819999999999999840e+00,0.000000000000000000e+00
1.579809444592740197e+00,1.620056343078613281e+01,1.500000000000000000e+01,2.819999999999999840e+00,3.700000000000000000e+05
1.580186775153570311e+00,1.634601306915283203e+01,1.463999938964843750e+01,2.819999999999999840e+00,0.000000000000000000e+00
1.581218024073320683e+00,1.686557769775390625e+01,9.509998321533203125e+00,2.819999999999999840e+00,3.700000000000000000e+05
1.581595351023314278e+00,1.701102685928344727e+01,9.150001525878906250e+00,2.819999999999999840e+00,0.000000000000000000e+00
1.581621235842344930e+00,1.714045095443725586e+01,9.150001525878906250e+00,2.819999999999999840e+00,3.700000000000000000e+05
1.581998562792338525e+00,1.699500179290771484e+01,9.509998321533203125e+00,2.819999999999999840e+00,0.000000000000000000e+00
1.582024447611369178e+00,1.712442588806152344e+01,9.509998321533203125e+00,2.819999999999999840e+00,3.700000000000000000e+05
1.582401774561362773e+00,1.726987504959106445e+01,9.150001525878906250e+00,2.819999999999999840e+00,0.000000000000000000e+00
1.582427659475760917e+00,1.739929962158203125e+01,9.150001525878906250e+00,2.819999999999999840e+00,3.700000000000000000e+05
1.582804986599347874e+00,1.725384998321533203e+01,9.509998321533203125e+00,2.819999999999999840e+00,0.000000000000000000e+00
1.582830871418378527e+00,1.738327407836914062e+01,9.509998321533203125e+00,2.819999999999999840e+00,3.700000000000000000e+05
1.583208198541965483e+00,1.752872371673583984e+01,9.150001525878906250e+00,2.819999999999999840e+00,0.000000000000000000e+00
1.583234083360996136e+00,1.765814781188964844e+01,9.150001525878906250e+00,2.819999999999999840e+00,3.700000000000000000e+05
1.583611410484583093e+00,1.751269817352294922e+01,9.509998321533203125e+00,2.819999999999999840e+00,0.000000000000000000e+00
1.583637295303613746e+00,1.764212226867675781e+01,9.509998321533203125e+00,2.819999999999999840e+00,3.700000000000000000e+05
1.584014622427200703e+00,1.778757190704345703e+01,9.150001525878906250e+00,2.819999999999999840e+00,0.000000000000000000e+00
1.584040507246231355e+00,1.791699600219726562e+01,9.150001525878906250e+00,2.819999999999999840e+00,3.700000000000000000e+05
1.584417834369818312e+00,1.777154636383056641e+01,9.509998321533203125e+00,2.819999999999999840e+00,0.000000000000000000e+00
1.584443719188848965e+00,1.790097045898437500e+01,9.509998321533203125e+00,2.819999999999999840e+00,3.700000000000000000e+05
1.584821046312435922e+00,1.804642009735107422e+01,9.150001525878906250e+00,2.819999999999999840e+00,0.000000000000000000e+00
1.584846931131466574e+00,1.817584419250488281e+01,9.150001525878906250e+00,2.819999999999999840e+00,3.700000000000000000e+05
1.585224257907867251e+00,1.803039550781250000e+01,9.509998321533203125e+00,2.819999999999999840e+00,0.000000000000000000e+00
1.585910517486943005e+00,1.861959362030029297e+01,6.129665374755859375e+00,2.819999999999999840e+00,3.700000000000000000e+05
1.586844443450542874e+00,1.825959396362304688e+01,7.020698547363281250e+00,2.819999999999999840e+00,0.000000000000000000e+00
1.586979118542013012e+00,1.812264251708984375e+01,7.680000305175781250e+00,2.819999999999999840e+00,3.700000000000000000e+05
1.588268328334582868e+00,1.861959362030029297e+01,6.450000762939453125e+00,2.819999999999999840e+00,0.000000000000000000e+00
1.588332395412219489e+00,1.861959362030029297e+01,6.770336151123046875e+00,2.819999999999999840e+00,3.700000000000000000e+05
1.589285849209297163e+00,1.825206661224365234e+01,7.680000305175781250e+00,2.819999999999999840e+00,0.000000000000000000e+00
1.589346208868031907e+00,1.825959396362304688e+01,7.981704711914062500e+00,2.819999999999999840e+00,3.700000000000000000e+05
1.590280131394385732e+00,1.861959362030029297e+01,7.090675354003906250e+00,2.819999999999999840e+00,0.000000000000000000e+00
1.590326582119478749e+00,1.865636444091796875e+01,7.319999694824218750e+00,2.819999999999999840e+00,3.700000000000000000e+05
1.591355896837816308e+00,1.825959396362304688e+01,8.302040100097656250e+00,2.819999999999999840e+00,0.000000000000000000e+00
1.591419963915452929e+00,1.825959396362304688e+01,8.622375488281250000e+00,2.819999999999999840e+00,3.700000000000000000e+05
1.592353886441806754e+00,1.861959362030029297e+01,7.731346130371093750e+00,2.819999999999999840e+00,0.000000000000000000e+00
1.592417953519443374e+00,1.861959362030029297e+01,8.051681518554687500e+00,2.819999999999999840e+00,3.700000000000000000e+05
1.593351879483043243e+00,1.825959396362304688e+01,8.942714691162109375e+00,2.819999999999999840e+00,0.000000000000000000e+00
1.593467077684475708e+00,1.815981960296630859e+01,9.509998321533203125e+00,2.819999999999999840e+00,3.700000000000000000e+05
1.594659839951695801e+00,1.861959362030029297e+01,8.372016906738281250e+00,2.819999999999999840e+00,0.000000000000000000e+00
1.594723907792271911e+00,1.861959362030029297e+01,8.692356109619140625e+00,2.819999999999999840e+00,3.700000000000000000e+05
1.595657830318625736e+00,1.825959396362304688e+01,9.583385467529296875e+00,2.819999999999999840e+00,0.000000000000000000e+00
1.595721897396262356e+00,1.825959396362304688e+01,9.903720855712890625e+00,2.819999999999999840e+00,3.700000000000000000e+05
1.596655819922616182e+00,1.861959362030029297e+01,9.012691497802734375e+00,2.819999999999999840e+00,0.000000000000000000e+00
1.596687011162851277e+00,1.869354152679443359e+01,9.150001525878906250e+00,2.819999999999999840e+00,3.700000000000000000e+05
1.597812769969293001e+00,1.825959396362304688e+01,1.022405624389648438e+01,2.819999999999999840e+00,0.000000000000000000e+00
1.597876837046929621e+00,1.825959396362304688e+01,1.054439163208007812e+01,2.819999999999999840e+00,3.700000000000000000e+05
1.598810759573283446e+00,1.861959362030029297e+01,9.653362274169921875e+00,2.819999999999999840e+00,0.000000000000000000e+00
1.598874826650920067e+00,1.861959362030029297e+01,9.973697662353515625e+00,2.819999999999999840e+00,3.700000000000000000e+05
1.599808752614519936e+00,1.825959396362304688e+01,1.086473083496093750e+01,2.819999999999999840e+00,0.000000000000000000e+00
1.600896591653172996e+00,1.495959377288818359e+01,1.518848419189453125e+01,2.819999999999999840e+00,3.700000000000000000e+05
1.601830516071741872e+00,1.459959363937377930e+01,1.607951545715332031e+01,2.819999999999999840e+00,0.000000000000000000e+00
1.601894583149378493e+00,1.459959363937377930e+01,1.639985084533691406e+01,2.819999999999999840e+00,3.700000000000000000e+05
1.602828507567947369e+00,1.495959377288818359e+01,1.550881958007812500e+01,2.819999999999999840e+00,0.000000000000000000e+00
1.602892574645583990e+00,1.495959377288818359e+01,1.582915496826171875e+01,2.819999999999999840e+00,3.700000000000000000e+05
1.603941598936530433e+00,1.455522632598876953e+01,1.682999992370605469e+01,2.819999999999999840e+00,0.000000000000000000e+00
1.603967483755561085e+00,1.468465042114257812e+01,1.682999992370605469e+01,2.819999999999999840e+00,3.700000000000000000e+05
1.604680750332392325e+00,1.495959377288818359e+01,1.614949226379394531e+01,2.819999999999999840e+00,0.000000000000000000e+00
1.604744817410028945e+00,1.495959377288818359e+01,1.646982765197753906e+01,2.819999999999999840e+00,3.700000000000000000e+05
1.605122327991367781e+00,1.481407451629638672e+01,1.682999992370605469e+01,2.819999999999999840e+00,0.000000000000000000e+00
1.605148212905765925e+00,1.494349908828735352e+01,1.682999992370605469e+01,2.819999999999999840e+00,3.700000000000000000e+05
1.605525543293004231e+00,1.508894824981689453e+01,1.646999931335449219e+01,2.819999999999999840e+00,0.000000000000000000e+00
1.605551428112034884e+00,1.521837234497070312e+01,1.646999931335449219e+01,2.819999999999999840e+00,3.700000000000000000e+05
1.605928758499273190e+00,1.507292318344116211e+01,1.682999992370605469e+01,2.819999999999999840e+00,0.000000000000000000e+00
1.605954643318303843e+00,1.520234727859497070e+01,1.682999992370605469e+01,2.819999999999999840e+00,3.700000000000000000e+05
1.606331973705542149e+00,1.534779644012451172e+01,1.646999931335449219e+01,2.819999999999999840e+00,0.000000000000000000e+00
1.606357858619940293e+00,1.547722101211547852e+01,1.646999931335449219e+01,2.819999999999999840e+00,3.700000000000000000e+05
1.606735189180770407e+00,1.533177137374877930e+01,1.682999992370605469e+01,2.819999999999999840e+00,0.000000000000000000e+00
1.606761073999801059e+00,1.546119546890258789e+01,1.682999992370605469e+01,2.819999999999999840e+00,3.700000000000000000e+05
1.607138404560631173e+00,1.560664510726928711e+01,1.646999931335449219e+01,2.819999999999999840e+00,0.000000000000000000e+00
1.607164289379661826e+00,1.573606920242309570e+01,1.646999931335449219e+01,2.819999999999999840e+00,3.700000000000000000e+05
1.607541619940491939e+00,1.559061956405639648e+01,1.682999992370605469e+01,2.819999999999999840e+00,0.000000000000000000e+00
1.607567504759522592e+00,1.572004365921020508e+01,1.682999992370605469e+01,2.819999999999999840e+00,3.700000000000000000e+05
1.607944835320352706e+00,1.586549329757690430e+01,1.646999931335449219e+01,2.819999999999999840e+00,0.000000000000000000e+00
1.607970720139383358e+00,1.599491739273071289e+01,1.646999931335449219e+01,2.819999999999999840e+00,3.700000000000000000e+05
1.608348050526621664e+00,1.584946823120117188e+01,1.682999992370605469e+01,2.819999999999999840e+00,0.000000000000000000e+00
1.608373935345652317e+00,1.597889232635498047e+01,1.682999992370605469e+01,2.819999999999999840e+00,3.700000000000000000e+05
1.608751265732890623e+00,1.612434148788452148e+01,1.646999931335449219e+01,2.819999999999999840e+00,0.000000000000000000e+00
1.608777150647288767e+00,1.625376605987548828e+01,1.646999931335449219e+01,2.819999999999999840e+00,3.700000000000000000e+05
1.609154481208118881e+00,1.610831642150878906e+01,1.682999992370605469e+01,2.819999999999999840e+00,0.000000000000000000e+00
1.609180366027149534e+00,1.623774051666259766e+01,1.682999992370605469e+01,2.819999999999999840e+00,3.700000000000000000e+05
1.609557696587979647e+00,1.638319015502929688e+01,1.646999931335449219e+01,2.819999999999999840e+00,0.000000000000000000e+00
1.610588945118592186e+00,1.690275430679321289e+01,1.134000015258789062e+01,2.819999999999999840e+00,3.700000000000000000e+05
1.610966275679422299e+00,1.704820394515991211e+01,1.097999954223632812e+01,2.819999999999999840e+00,0.000000000000000000e+00
1.610992160498452952e+00,1.717762804031372070e+01,1.097999954223632812e+01,2.819999999999999840e+00,3.700000000000000000e+05
1.611369490885691258e+00,1.703217887878417969e+01,1.134000015258789062e+01,2.819999999999999840e+00,0.000000000000000000e+00
1.611395375704721911e+00,1.716160297393798828e+01,1.134000015258789062e+01,2.819999999999999840e+00,3.700000000000000000e+05
1.611772706265552024e+00,1.730705261230468750e+01,1.097999954223632812e+01,2.819999999999999840e+00,0.000000000000000000e+00
1.611798591084582677e+00,1.743647670745849609e+01,1.097999954223632812e+01,2.819999999999999840e+00,3.700000000000000000e+05
1.612175921645412791e+00,1.729102706909179688e+01,1.134000015258789062e+01,2.819999999999999840e+00,0.000000000000000000e+00
1.612201806464443443e+00,1.742045116424560547e+01,1.134000015258789062e+01,2.819999999999999840e+00,3.700000000000000000e+05
1.612579137025273557e+00,1.756590080261230469e+01,1.097999954223632812e+01,2.819999999999999840e+00,0.000000000000000000e+00
1.612605021844304209e+00,1.769532489776611328e+01,1.097999954223632812e+01,2.819999999999999840e+00,3.700000000000000000e+05
1.612982352405134323e+00,1.754987525939941406e+01,1.134000015258789062e+01,2.819999999999999840e+00,0.000000000000000000e+00
1.613008237224164976e+00,1.767929935455322266e+01,1.134000015258789062e+01,2.819999999999999840e+00,3.700000000000000000e+05
1.613385567784995089e+00,1.782474899291992188e+01,1.097999954223632812e+01,2.819999999999999840e+00,0.000000000000000000e+00
1.613411452604025742e+00,1.795417308807373047e+01,1.097999954223632812e+01,2.819999999999999840e+00,3.700000000000000000e+05
1.613788783164855856e+00,1.780872344970703125e+01,1.134000015258789062e+01,2.819999999999999840e+00,0.000000000000000000e+00
1.613814667983886508e+00,1.793814754486083984e+01,1.134000015258789062e+01,2.819999999999999840e+00,3.700000000000000000e+05
1.614191998544716622e+00,1.808359718322753906e+01,1.097999954223632812e+01,2.819999999999999840e+00,0.000000000000000000e+00
1.614217883363747275e+00,1.821302127838134766e+01,1.097999954223632812e+01,2.819999999999999840e+00,3.700000000000000000e+05
1.614595213924577388e+00,1.806757164001464844e+01,1.134000015258789062e+01,2.819999999999999840e+00,0.000000000000000000e+00
1.614621098743608041e+00,1.819699573516845703e+01,1.134000015258789062e+01,2.819999999999999840e+00,3.700000000000000000e+05
1.615717417269908918e+00,1.861959362030029297e+01,1.029403305053710938e+01,2.819999999999999840e+00,0.000000000000000000e+00
1.615781485110485027e+00,1.861959362030029297e+01,1.061437225341796875e+01,2.819999999999999840e+00,3.700000000000000000e+05
1.616715407636838853e+00,1.825959396362304688e+01,1.150540161132812500e+01,2.819999999999999840e+00,0.000000000000000000e+00
1.616779474714475473e+00,1.825959396362304688e+01,1.182573699951171875e+01,2.819999999999999840e+00,3.700000000000000000e+05
1.617713397240829298e+00,1.861959362030029297e+01,1.093470764160156250e+01,2.819999999999999840e+00,0.000000000000000000e+00
1.617737397164361823e+00,1.873071765899658203e+01,1.097999954223632812e+01,2.819999999999999840e+00,3.700000000000000000e+05
1.618959603148967918e+00,1.825959396362304688e+01,1.214607238769531250e+01,2.819999999999999840e+00,0.000000000000000000e+00
1.619023670989544028e+00,1.825959396362304688e+01,1.246641159057617188e+01,2.819999999999999840e+00,3.700000000000000000e+05
1.619957596953143897e+00,1.861959362030029297e+01,1.157537841796875000e+01,2.819999999999999840e+00,0.000000000000000000e+00
1.620021664030780517e+00,1.861959362030029297e+01,1.189571380615234375e+01,2.819999999999999840e+00,3.700000000000000000e+05
1.620955589994380386e+00,1.825959396362304688e+01,1.278674697875976562e+01,2.819999999999999840e+00,0.000000000000000000e+00
1.621032408666399194e+00,1.823417282104492188e+01,1.316999816894531250e+01,2.819999999999999840e+00,3.700000000000000000e+05
1.622032279667350751e+00,1.861959362030029297e+01,1.221604919433593750e+01,2.819999999999999840e+00,0.000000000000000000e+00
1.622096347507926861e+00,1.861959362030029297e+01,1.253638839721679688e+01,2.819999999999999840e+00,3.700000000000000000e+05
1.623030270034280687e+00,1.825959396362304688e+01,1.342741775512695312e+01,2.819999999999999840e+00,0.000000000000000000e+00
1.623094337493387052e+00,1.825959396362304688e+01,1.374775505065917969e+01,2.819999999999999840e+00,3.700000000000000000e+05
1.624028261738363677e+00,1.861959362030029297e+01,1.285672378540039062e+01,2.819999999999999840e+00,0.000000000000000000e+00
1.624092328816000297e+00,1.861959362030029297e+01,1.317705917358398438e+01,2.819999999999999840e+00,3.700000000000000000e+05
1.625026253060976922e+00,1.825959396362304688e+01,1.406809043884277344e+01,2.819999999999999840e+00,0.000000000000000000e+00
1.625090320138613542e+00,1.825959396362304688e+01,1.438842582702636719e+01,2.819999999999999840e+00,3.700000000000000000e+05
1.626024244383590167e+00,1.861959362030029297e+01,1.349739456176757812e+01,2.819999999999999840e+00,0.000000000000000000e+00
1.627187730632811302e+00,1.864033889770507812e+01,7.680000305175781250e+00,2.819999999999999840e+00,3.700000000000000000e+05
1.627565061193641416e+00,1.878578853607177734e+01,7.319999694824218750e+00,2.819999999999999840e+00,0.000000000000000000e+00
1.627590946012672068e+00,1.891521263122558594e+01,7.319999694824218750e+00,2.819999999999999840e+00,3.700000000000000000e+05
1.627968276573502182e+00,1.876976299285888672e+01,7.680000305175781250e+00,2.819999999999999840e+00,0.000000000000000000e+00
1.627994161392532835e+00,1.889918708801269531e+01,7.680000305175781250e+00,2.819999999999999840e+00,3.700000000000000000e+05
1.628371491953362948e+00,1.904463672637939453e+01,7.319999694824218750e+00,2.819999999999999840e+00,0.000000000000000000e+00
1.628397376772393601e+00,1.917406082153320312e+01,7.319999694824218750e+00,2.819999999999999840e+00,3.700000000000000000e+05
1.628774707333223715e+00,1.902861118316650391e+01,7.680000305175781250e+00,2.819999999999999840e+00,0.000000000000000000e+00
1.628800592152254367e+00,1.915803527832031250e+01,7.680000305175781250e+00,2.819999999999999840e+00,3.700000000000000000e+05
1.629177922713084481e+00,1.930348491668701172e+01,7.319999694824218750e+00,2.819999999999999840e+00,0.000000000000000000e+00
1.629203807532115134e+00,1.943290901184082031e+01,7.319999694824218750e+00,2.819999999999999840e+00,3.700000000000000000e+05
1.629581138092945247e+00,1.928745937347412109e+01,7.680000305175781250e+00,2.819999999999999840e+00,0.000000000000000000e+00
1.629607022911975900e+00,1.941688346862792969e+01,7.680000305175781250e+00,2.819999999999999840e+00,3.700000000000000000e+05
1.629984353472806013e+00,1.956233310699462891e+01,7.319999694824218750e+00,2.819999999999999840e+00,0.000000000000000000e+00
1.630010238291836666e+00,1.969175720214843750e+01,7.319999694824218750e+00,2.819999999999999840e+00,3.700000000000000000e+05
1.630387568505483609e+00,1.954630851745605469e+01,7.680000305175781250e+00,2.819999999999999840e+00,0.000000000000000000e+00
1.630413453324514261e+00,1.967573261260986328e+01,7.680000305175781250e+00,2.819999999999999840e+00,3.700000000000000000e+05
1.630790783538161204e+00,1.982118129730224609e+01,7.319999694824218750e+00,2.819999999999999840e+00,0.000000000000000000e+00
1.630816668357191856e+00,1.995060539245605469e+01,7.319999694824218750e+00,2.819999999999999840e+00,3.700000000000000000e+05
1.631193998570838799e+00,1.980515670776367188e+01,7.680000305175781250e+00,2.819999999999999840e+00,0.000000000000000000e+00
1.631219883389869452e+00,1.993458080291748047e+01,7.680000305175781250e+00,2.819999999999999840e+00,3.700000000000000000e+05
1.631597213950699565e+00,2.008003044128417969e+01,7.319999694824218750e+00,2.819999999999999840e+00,0.000000000000000000e+00
1.631737191898823935e+00,2.044959354400634766e+01,6.725635528564453125e+00,2.819999999999999840e+00,3.700000000000000000e+05
1.632737498663989095e+00,2.006400489807128906e+01,7.680000305175781250e+00,2.819999999999999840e+00,0.000000000000000000e+00
1.632789152814136058e+00,2.008959388732910156e+01,7.937000274658203125e+00,2.819999999999999840e+00,3.700000000000000000e+05
1.633723075340489883e+00,2.044959354400634766e+01,7.045970916748046875e+00,2.819999999999999840e+00,0.000000000000000000e+00
1.633787142418126503e+00,2.044959354400634766e+01,7.366306304931640625e+00,2.819999999999999840e+00,3.700000000000000000e+05
1.634721064944480329e+00,2.008959388732910156e+01,8.257335662841796875e+00,2.819999999999999840e+00,0.000000000000000000e+00
1.634785132785056438e+00,2.008959388732910156e+01,8.577674865722656250e+00,2.819999999999999840e+00,3.700000000000000000e+05
1.635719058748656307e+00,2.044959354400634766e+01,7.686641693115234375e+00,2.819999999999999840e+00,0.000000000000000000e+00
1.635783125826292927e+00,2.044959354400634766e+01,8.006977081298828125e+00,2.819999999999999840e+00,3.700000000000000000e+05
1.636717051789892796e+00,2.008959388732910156e+01,8.898010253906250000e+00,2.819999999999999840e+00,0.000000000000000000e+00
1.637804890828545856e+00,1.678959369659423828e+01,1.322176361083984375e+01,2.819999999999999840e+00,3.700000000000000000e+05
1.638738815247114733e+00,1.642959356307983398e+01,1.411279487609863281e+01,2.819999999999999840e+00,0.000000000000000000e+00
1.638802882324751353e+00,1.642959356307983398e+01,1.443313026428222656e+01,2.819999999999999840e+00,3.700000000000000000e+05
1.639736806743320230e+00,1.678959369659423828e+01,1.354209899902343750e+01,2.819999999999999840e+00,0.000000000000000000e+00
1.639800873820956850e+00,1.678959369659423828e+01,1.386243438720703125e+01,2.819999999999999840e+00,3.700000000000000000e+05
1.640993200323963341e+00,1.632998752593994141e+01,1.500000000000000000e+01,2.819999999999999840e+00,0.000000000000000000e+00
1.641017994063308505e+00,1.642959356307983398e+01,1.507380294799804688e+01,2.819999999999999840e+00,3.700000000000000000e+05
1.641951918481877382e+00,1.678959369659423828e+01,1.418277168273925781e+01,2.819999999999999840e+00,0.000000000000000000e+00
1.642015985559514002e+00,1.678959369659423828e+01,1.450310707092285156e+01,2.819999999999999840e+00,3.700000000000000000e+05
1.642949909978082879e+00,1.642959356307983398e+01,1.539413833618164062e+01,2.819999999999999840e+00,0.000000000000000000e+00
1.643013977437189244e+00,1.642959356307983398e+01,1.571447563171386719e+01,2.819999999999999840e+00,3.700000000000000000e+05
1.644140177337304776e+00,1.686370944976806641e+01,1.463999938964843750e+01,2.819999999999999840e+00,0.000000000000000000e+00
1.644166062251702920e+00,1.699313402175903320e+01,1.463999938964843750e+01,2.819999999999999840e+00,3.700000000000000000e+05
1.644543392812533034e+00,1.684768438339233398e+01,1.500000000000000000e+01,2.819999999999999840e+00,0.000000000000000000e+00
1.644569277631563686e+00,1.697710847854614258e+01,1.500000000000000000e+01,2.819999999999999840e+00,3.700000000000000000e+05
1.644946608192393800e+00,1.712255811691284180e+01,1.463999938964843750e+01,2.819999999999999840e+00,0.000000000000000000e+00
1.644972493011424453e+00,1.725198221206665039e+01,1.463999938964843750e+01,2.819999999999999840e+00,3.700000000000000000e+05
1.645349823572254566e+00,1.710653257369995117e+01,1.500000000000000000e+01,2.819999999999999840e+00,0.000000000000000000e+00
1.645375708486652711e+00,1.723595714569091797e+01,1.500000000000000000e+01,2.819999999999999840e+00,3.700000000000000000e+05
1.645753039047482824e+00,1.738140678405761719e+01,1.463999938964843750e+01,2.819999999999999840e+00,0.000000000000000000e+00
1.645778923866513477e+00,1.751083087921142578e+01,1.463999938964843750e+01,2.819999999999999840e+00,3.700000000000000000e+05
1.646156254427343590e+00,1.736538124084472656e+01,1.500000000000000000e+01,2.819999999999999840e+00,0.000000000000000000e+00
1.646182139246374243e+00,1.749480533599853516e+01,1.500000000000000000e+01,2.819999999999999840e+00,3.700000000000000000e+05
1.646559469807204357e+00,1.764025497436523438e+01,1.463999938964843750e+01,2.819999999999999840e+00,0.000000000000000000e+00
1.646585354626235009e+00,1.776967906951904297e+01,1.463999938964843750e+01,2.819999999999999840e+00,3.700000000000000000e+05
1.646962685187065123e+00,1.762422943115234375e+01,1.500000000000000000e+01,2.819999999999999840e+00,0.000000000000000000e+00
1.646988570006095776e+00,1.775365352630615234e+01,1.500000000000000000e+01,2.819999999999999840e+00,3.700000000000000000e+05
1.647365900566925889e+00,1.789910316467285156e+01,1.463999938964843750e+01,2.819999999999999840e+00,0.000000000000000000e+00
1.647391785385956542e+00,1.802852725982666016e+01,1.463999938964843750e+01,2.819999999999999840e+00,3.700000000000000000e+05
1.647769115946786656e+00,1.788307762145996094e+01,1.500000000000000000e+01,2.819999999999999840e+00,0.000000000000000000e+00
1.647795000765817308e+00,1.801250171661376953e+01,1.500000000000000000e+01,2.819999999999999840e+00,3.700000000000000000e+05
1.648172331326647422e+00,1.815795135498046875e+01,1.463999938964843750e+01,2.819999999999999840e+00,0.000000000000000000e+00
1.648360930104573852e+00,1.861959362030029297e+01,1.381773185729980469e+01,2.819999999999999840e+00,3.700000000000000000e+05
1.649600111294291294e+00,1.814192581176757812e+01,1.500000000000000000e+01,2.819999999999999840e+00,0.000000000000000000e+00
1.649625996113321946e+00,1.827134990692138672e+01,1.500000000000000000e+01,2.819999999999999840e+00,3.700000000000000000e+05
1.650529421307546984e+00,1.861959362030029297e+01,1.413806724548339844e+01,2.819999999999999840e+00,0.000000000000000000e+00
1.650593488385183605e+00,1.861959362030029297e+01,1.445840263366699219e+01,2.819999999999999840e+00,3.700000000000000000e+05
1.651161157236732402e+00,1.840077495574951172e+01,1.500000000000000000e+01,2.819999999999999840e+00,0.000000000000000000e+00
1.651187041865028293e+00,1.853019809722900391e+01,1.500000000000000000e+01,2.819999999999999840e+00,3.700000000000000000e+05
1.651418953349646390e+00,1.861959362030029297e+01,1.477873992919921875e+01,2.819999999999999840e+00,0.000000000000000000e+00
1.652472765346703065e+00,1.867751598358154297e+01,9.509998321533203125e+00,2.819999999999999840e+00,3.700000000000000000e+05
1.652850092470290022e+00,1.882296562194824219e+01,9.150001525878906250e+00,2.819999999999999840e+00,0.000000000000000000e+00
1.652875977289320675e+00,1.895238971710205078e+01,9.150001525878906250e+00,2.819999999999999840e+00,3.700000000000000000e+05
1.653253304412907632e+00,1.880694007873535156e+01,9.509998321533203125e+00,2.819999999999999840e+00,0.000000000000000000e+00
1.653279189231938284e+00,1.893636417388916016e+01,9.509998321533203125e+00,2.819999999999999840e+00,3.700000000000000000e+05
1.653656516355525241e+00,1.908181381225585938e+01,9.150001525878906250e+00,2.819999999999999840e+00,0.000000000000000000e+00
1.653682401174555894e+00,1.921123790740966797e+01,9.150001525878906250e+00,2.819999999999999840e+00,3.700000000000000000e+05
1.654059728298142851e+00,1.906578826904296875e+01,9.509998321533203125e+00,2.819999999999999840e+00,0.000000000000000000e+00
1.654085613117173503e+00,1.919521236419677734e+01,9.509998321533203125e+00,2.819999999999999840e+00,3.700000000000000000e+05
1.654462940240760460e+00,1.934066200256347656e+01,9.150001525878906250e+00,2.819999999999999840e+00,0.000000000000000000e+00
1.654488825059791113e+00,1.947008609771728516e+01,9.150001525878906250e+00,2.819999999999999840e+00,3.700000000000000000e+05
1.654866152183378070e+00,1.932463645935058594e+01,9.509998321533203125e+00,2.819999999999999840e+00,0.000000000000000000e+00
1.654892037002408722e+00,1.945406055450439453e+01,9.509998321533203125e+00,2.819999999999999840e+00,3.700000000000000000e+05
1.655269364125995679e+00,1.959951019287109375e+01,9.150001525878906250e+00,2.819999999999999840e+00,0.000000000000000000e+00
1.655295248945026332e+00,1.972893428802490234e+01,9.150001525878906250e+00,2.819999999999999840e+00,3.700000000000000000e+05
1.655672576068613289e+00,1.958348464965820312e+01,9.509998321533203125e+00,2.819999999999999840e+00,0.000000000000000000e+00
1.655698461078378925e+00,1.971290969848632812e+01,9.509998321533203125e+00,2.819999999999999840e+00,3.700000000000000000e+05
1.656075787854779602e+00,1.985835838317871094e+01,9.150001525878906250e+00,2.819999999999999840e+00,0.000000000000000000e+00
1.656101672673810254e+00,1.998778247833251953e+01,9.150001525878906250e+00,2.819999999999999840e+00,3.700000000000000000e+05
1.656478999450210932e+00,1.984233379364013672e+01,9.509998321533203125e+00,2.819999999999999840e+00,0.000000000000000000e+00
1.656504884269241584e+00,1.997175788879394531e+01,9.509998321533203125e+00,2.819999999999999840e+00,3.700000000000000000e+05
1.657744502941795428e+00,2.044959354400634766e+01,8.327312469482421875e+00,2.819999999999999840e+00,0.000000000000000000e+00
1.657808570782371538e+00,2.044959354400634766e+01,8.647651672363281250e+00,2.819999999999999840e+00,3.700000000000000000e+05
1.658742493308725363e+00,2.008959388732910156e+01,9.538681030273437500e+00,2.819999999999999840e+00,0.000000000000000000e+00
1.658806560386361983e+00,2.008959388732910156e+01,9.859016418457031250e+00,2.819999999999999840e+00,3.700000000000000000e+05
1.659740482912715809e+00,2.044959354400634766e+01,8.967987060546875000e+00,2.819999999999999840e+00,0.000000000000000000e+00
1.659804549990352429e+00,2.044959354400634766e+01,9.288322448730468750e+00,2.819999999999999840e+00,3.700000000000000000e+05
1.660738472516706254e+00,2.008959388732910156e+01,1.017935180664062500e+01,2.819999999999999840e+00,0.000000000000000000e+00
1.660802540357282364e+00,2.008959388732910156e+01,1.049969100952148438e+01,2.819999999999999840e+00,3.700000000000000000e+05
1.661736466320882233e+00,2.044959354400634766e+01,9.608657836914062500e+00,2.819999999999999840e+00,0.000000000000000000e+00
1.661800533398518853e+00,2.044959354400634766e+01,9.928993225097656250e+00,2.819999999999999840e+00,3.700000000000000000e+05
1.662734459362118722e+00,2.008959388732910156e+01,1.082002639770507812e+01,2.819999999999999840e+00,0.000000000000000000e+00
1.663822298400771782e+00,1.678959369659423828e+01,1.514377975463867188e+01,2.819999999999999840e+00,3.700000000000000000e+05
1.664756222819340659e+00,1.642959356307983398e+01,1.603481101989746094e+01,2.819999999999999840e+00,0.000000000000000000e+00
1.664820289896977279e+00,1.642959356307983398e+01,1.635514640808105469e+01,2.819999999999999840e+00,3.700000000000000000e+05
1.665754214315546156e+00,1.678959369659423828e+01,1.546411514282226562e+01,2.819999999999999840e+00,0.000000000000000000e+00
1.665818281774652521e+00,1.678959369659423828e+01,1.578445243835449219e+01,2.819999999999999840e+00,3.700000000000000000e+05
1.666914160752309915e+00,1.636716461181640625e+01,1.682999992370605469e+01,2.819999999999999840e+00,0.000000000000000000e+00
1.666940045571340567e+00,1.649658870697021484e+01,1.682999992370605469e+01,2.819999999999999840e+00,3.700000000000000000e+05
1.667700168553505335e+00,1.678959369659423828e+01,1.610478782653808594e+01,2.819999999999999840e+00,0.000000000000000000e+00
1.667764235631141956e+00,1.678959369659423828e+01,1.642512321472167969e+01,2.819999999999999840e+00,3.700000000000000000e+05
1.668188602444222290e+00,1.662601327896118164e+01,1.682999992370605469e+01,2.819999999999999840e+00,0.000000000000000000e+00
1.668214487263252943e+00,1.675543737411499023e+01,1.682999992370605469e+01,2.819999999999999840e+00,3.700000000000000000e+05
1.668303096362218074e+00,1.678959369659423828e+01,1.674546051025390625e+01,2.819999999999999840e+00,0.000000000000000000e+00
1.669450702728071834e+00,1.871469306945800781e+01,1.134000015258789062e+01,2.819999999999999840e+00,3.700000000000000000e+05
1.669828033288901947e+00,1.886014270782470703e+01,1.097999954223632812e+01,2.819999999999999840e+00,0.000000000000000000e+00
1.669853918107932600e+00,1.898956680297851562e+01,1.097999954223632812e+01,2.819999999999999840e+00,3.700000000000000000e+05
1.670231248668762714e+00,1.884411716461181641e+01,1.134000015258789062e+01,2.819999999999999840e+00,0.000000000000000000e+00
1.670257133487793366e+00,1.897354125976562500e+01,1.134000015258789062e+01,2.819999999999999840e+00,3.700000000000000000e+05
1.670634464048623480e+00,1.911899089813232422e+01,1.097999954223632812e+01,2.819999999999999840e+00,0.000000000000000000e+00
1.670660348867654132e+00,1.924841499328613281e+01,1.097999954223632812e+01,2.819999999999999840e+00,3.700000000000000000e+05
1.671037679428484246e+00,1.910296535491943359e+01,1.134000015258789062e+01,2.819999999999999840e+00,0.000000000000000000e+00
1.671063564247514899e+00,1.923238945007324219e+01,1.134000015258789062e+01,2.819999999999999840e+00,3.700000000000000000e+05
1.671440894808345012e+00,1.937783908843994141e+01,1.097999954223632812e+01,2.819999999999999840e+00,0.000000000000000000e+00
1.671466779627375665e+00,1.950726318359375000e+01,1.097999954223632812e+01,2.819999999999999840e+00,3.700000000000000000e+05
1.671844110188205779e+00,1.936181354522705078e+01,1.134000015258789062e+01,2.819999999999999840e+00,0.000000000000000000e+00
1.671869995007236431e+00,1.949123764038085938e+01,1.134000015258789062e+01,2.819999999999999840e+00,3.700000000000000000e+05
1.672247325568066545e+00,1.963668727874755859e+01,1.097999954223632812e+01,2.819999999999999840e+00,0.000000000000000000e+00
1.672273210387097198e+00,1.976611137390136719e+01,1.097999954223632812e+01,2.819999999999999840e+00,3.700000000000000000e+05
1.672650540947927311e+00,1.962066173553466797e+01,1.134000015258789062e+01,2.819999999999999840e+00,0.000000000000000000e+00
1.672676425766957964e+00,1.975008583068847656e+01,1.134000015258789062e+01,2.819999999999999840e+00,3.700000000000000000e+05
1.673053756327788077e+00,1.989553546905517578e+01,1.097999954223632812e+01,2.819999999999999840e+00,0.000000000000000000e+00
1.673079641146818730e+00,2.002495956420898438e+01,1.097999954223632812e+01,2.819999999999999840e+00,3.700000000000000000e+05
1.673456971360465673e+00,1.987951087951660156e+01,1.134000015258789062e+01,2.819999999999999840e+00,0.000000000000000000e+00
1.673482856179496325e+00,2.000893497467041016e+01,1.134000015258789062e+01,2.819999999999999840e+00,3.700000000000000000e+05
1.674626030763946893e+00,2.044959354400634766e+01,1.024932861328125000e+01,2.819999999999999840e+00,0.000000000000000000e+00
1.674690098604523003e+00,2.044959354400634766e+01,1.056966781616210938e+01,2.819999999999999840e+00,3.700000000000000000e+05
1.675497513756234902e+00,2.013835906982421875e+01,1.134000015258789062e+01,2.819999999999999840e+00,0.000000000000000000e+00
1.675523398575265555e+00,2.026778316497802734e+01,1.134000015258789062e+01,2.819999999999999840e+00,3.700000000000000000e+05
1.675995057731485050e+00,2.044959354400634766e+01,1.089000320434570312e+01,2.819999999999999840e+00,0.000000000000000000e+00
1.676059124809121670e+00,2.044959354400634766e+01,1.121033859252929688e+01,2.819999999999999840e+00,3.700000000000000000e+05
1.676195027969849205e+00,2.039720726013183594e+01,1.134000015258789062e+01,2.819999999999999840e+00,0.000000000000000000e+00
