2.000000000000000111e-01,-6.237363815307617188e-02,1.863921165466308594e+01,1.619999999999999885e+00,0.000000000000000000e+00
2.000381258841724130e-01,-2.910375595092773438e-02,1.866000175476074219e+01,1.619999999999999885e+00,0.000000000000000000e+00
2.000834158774585370e-01,1.973462104797363281e-01,1.866000175476074219e+01,1.619999999999999885e+00,3.700000000000000000e+05
2.003810405852010923e-01,-6.237363815307617188e-02,1.849771118164062500e+01,1.619999999999999885e+00,0.000000000000000000e+00
2.004093410612753090e-01,-6.237363815307617188e-02,1.835620880126953125e+01,1.619999999999999885e+00,3.700000000000000000e+05
2.009664651818642289e-01,4.237957000732421875e-01,1.866000175476074219e+01,1.619999999999999885e+00,0.000000000000000000e+00
2.010117550797829167e-01,6.502451896667480469e-01,1.866000175476074219e+01,1.619999999999999885e+00,3.700000000000000000e+05
2.018283776309625632e-01,-6.237363815307617188e-02,1.821470832824707031e+01,1.619999999999999885e+00,0.000000000000000000e+00
2.018566781070367799e-01,-6.237363815307617188e-02,1.807320594787597656e+01,1.619999999999999885e+00,3.700000000000000000e+05
2.022692196101143480e-01,2.976264953613281250e-01,1.829816055297851562e+01,1.619999999999999885e+00,0.000000000000000000e+00
2.022975200861885647e-01,2.976264953613281250e-01,1.815665817260742188e+01,1.619999999999999885e+00,3.700000000000000000e+05
2.027100606070088573e-01,-6.237363815307617188e-02,1.793170547485351562e+01,1.619999999999999885e+00,0.000000000000000000e+00
2.027383610830830740e-01,-6.237363815307617188e-02,1.779020309448242188e+01,1.619999999999999885e+00,3.700000000000000000e+05
2.031509025861606421e-01,2.976264953613281250e-01,1.801515769958496094e+01,1.619999999999999885e+00,0.000000000000000000e+00
2.031792030622348588e-01,2.976264953613281250e-01,1.787365531921386719e+01,1.619999999999999885e+00,3.700000000000000000e+05
2.035917435830551514e-01,-6.237363815307617188e-02,1.764870262145996094e+01,1.619999999999999885e+00,0.000000000000000000e+00
2.036200440591293681e-01,-6.237363815307617188e-02,1.750720024108886719e+01,1.619999999999999885e+00,3.700000000000000000e+05
2.040325855622069362e-01,2.976264953613281250e-01,1.773215484619140625e+01,1.619999999999999885e+00,0.000000000000000000e+00
2.040608860382811529e-01,2.976264953613281250e-01,1.759065246582031250e+01,1.619999999999999885e+00,3.700000000000000000e+05
2.044734265591014455e-01,-6.237363815307617188e-02,1.736569976806640625e+01,1.619999999999999885e+00,0.000000000000000000e+00
2.045017266537059453e-01,-6.237363815307617188e-02,1.722419929504394531e+01,1.619999999999999885e+00,3.700000000000000000e+05
2.049142671745262378e-01,2.976264953613281250e-01,1.744915199279785156e+01,1.619999999999999885e+00,0.000000000000000000e+00
2.049425676506004546e-01,2.976264953613281250e-01,1.730764961242675781e+01,1.619999999999999885e+00,3.700000000000000000e+05
2.053551081714207471e-01,-6.237363815307617188e-02,1.708269691467285156e+01,1.619999999999999885e+00,0.000000000000000000e+00
2.053834082660252469e-01,-6.237363815307617188e-02,1.694119644165039062e+01,1.619999999999999885e+00,3.700000000000000000e+05
2.057959487868455395e-01,2.976264953613281250e-01,1.716614913940429688e+01,1.619999999999999885e+00,0.000000000000000000e+00
2.060227199542210841e-01,3.005743026733398438e-01,1.830000114440917969e+01,1.619999999999999885e+00,3.700000000000000000e+05
2.066829231097921937e-01,8.766946792602539062e-01,1.866000175476074219e+01,1.619999999999999885e+00,0.000000000000000000e+00
2.067282131030783177e-01,1.103144645690917969e+00,1.866000175476074219e+01,1.619999999999999885e+00,3.700000000000000000e+05
2.073884166516335725e-01,5.270237922668457031e-01,1.830000114440917969e+01,1.619999999999999885e+00,0.000000000000000000e+00
2.074337066449196965e-01,7.534737586975097656e-01,1.830000114440917969e+01,1.619999999999999885e+00,3.700000000000000000e+05
2.080939098004908061e-01,1.329594135284423828e+00,1.866000175476074219e+01,1.619999999999999885e+00,0.000000000000000000e+00
2.081391996984094939e-01,1.556043624877929688e+00,1.866000175476074219e+01,1.619999999999999885e+00,3.700000000000000000e+05
2.087994028539806035e-01,9.799232482910156250e-01,1.830000114440917969e+01,1.619999999999999885e+00,0.000000000000000000e+00
2.088446927518992913e-01,1.206372737884521484e+00,1.830000114440917969e+01,1.619999999999999885e+00,3.700000000000000000e+05
2.095048959074704009e-01,1.782493114471435547e+00,1.866000175476074219e+01,1.619999999999999885e+00,0.000000000000000000e+00
2.095501858053890887e-01,2.008942604064941406e+00,1.866000175476074219e+01,1.619999999999999885e+00,3.700000000000000000e+05
2.102103889609601983e-01,1.432822227478027344e+00,1.830000114440917969e+01,1.619999999999999885e+00,0.000000000000000000e+00
2.102556788588788861e-01,1.659271717071533203e+00,1.830000114440917969e+01,1.619999999999999885e+00,3.700000000000000000e+05
2.109158820144499957e-01,2.235392093658447266e+00,1.866000175476074219e+01,1.619999999999999885e+00,0.000000000000000000e+00
2.109611720077361197e-01,2.461842060089111328e+00,1.866000175476074219e+01,1.619999999999999885e+00,3.700000000000000000e+05
2.117567057051856771e-01,1.767626285552978516e+00,1.822620773315429688e+01,1.619999999999999885e+00,0.000000000000000000e+00
2.117850057997901769e-01,1.767626285552978516e+00,1.808470726013183594e+01,1.619999999999999885e+00,3.700000000000000000e+05
2.128400379278309884e-01,2.688291549682617188e+00,1.866000175476074219e+01,1.619999999999999885e+00,0.000000000000000000e+00
2.128853278257496762e-01,2.914741039276123047e+00,1.866000175476074219e+01,1.619999999999999885e+00,3.700000000000000000e+05
2.135455309813207858e-01,2.338620662689208984e+00,1.830000114440917969e+01,1.619999999999999885e+00,0.000000000000000000e+00
2.135908208792394736e-01,2.565070152282714844e+00,1.830000114440917969e+01,1.619999999999999885e+00,3.700000000000000000e+05
2.142510240348105832e-01,3.141190528869628906e+00,1.866000175476074219e+01,1.619999999999999885e+00,0.000000000000000000e+00
2.142963140280967071e-01,3.367640495300292969e+00,1.866000175476074219e+01,1.619999999999999885e+00,3.700000000000000000e+05
2.149565171836678168e-01,2.791520118713378906e+00,1.830000114440917969e+01,1.619999999999999885e+00,0.000000000000000000e+00
2.150018070815865046e-01,3.017969608306884766e+00,1.830000114440917969e+01,1.619999999999999885e+00,3.700000000000000000e+05
2.156620100406655693e-01,3.594089746475219727e+00,1.866000175476074219e+01,1.619999999999999885e+00,0.000000000000000000e+00
2.160020563238312929e-01,3.597626447677612305e+00,2.036022949218750000e+01,1.619999999999999885e+00,3.700000000000000000e+05
2.162400464145982359e-01,3.805306911468505859e+00,2.049000167846679688e+01,1.619999999999999885e+00,0.000000000000000000e+00
2.162853363602006418e-01,4.031756639480590820e+00,2.049000167846679688e+01,1.619999999999999885e+00,3.700000000000000000e+05
2.167828260603047175e-01,3.597626447677612305e+00,2.021872711181640625e+01,1.619999999999999885e+00,0.000000000000000000e+00
2.168111261549092172e-01,3.597626447677612305e+00,2.007722663879394531e+01,1.619999999999999885e+00,3.700000000000000000e+05
2.175681142856046579e-01,4.258206129074096680e+00,2.049000167846679688e+01,1.619999999999999885e+00,0.000000000000000000e+00
2.176134042312070638e-01,4.484655857086181641e+00,2.049000167846679688e+01,1.619999999999999885e+00,3.700000000000000000e+05
2.186298919712405531e-01,3.597626447677612305e+00,1.993572425842285156e+01,1.619999999999999885e+00,0.000000000000000000e+00
2.186581920658450529e-01,3.597626447677612305e+00,1.979422378540039062e+01,1.619999999999999885e+00,3.700000000000000000e+05
2.190707323901731340e-01,3.957626342773437500e+00,2.001917648315429688e+01,1.619999999999999885e+00,0.000000000000000000e+00
2.190990328662473507e-01,3.957626342773437500e+00,1.987767410278320312e+01,1.619999999999999885e+00,3.700000000000000000e+05
2.195115731905754319e-01,3.597626447677612305e+00,1.965272140502929688e+01,1.619999999999999885e+00,0.000000000000000000e+00
2.195398732851799317e-01,3.597626447677612305e+00,1.951122093200683594e+01,1.619999999999999885e+00,3.700000000000000000e+05
2.199524136095080129e-01,3.957626342773437500e+00,1.973617362976074219e+01,1.619999999999999885e+00,0.000000000000000000e+00
2.199807140855822296e-01,3.957626342773437500e+00,1.959467124938964844e+01,1.619999999999999885e+00,3.700000000000000000e+05
2.203932544099103108e-01,3.597626447677612305e+00,1.936971855163574219e+01,1.619999999999999885e+00,0.000000000000000000e+00
2.204215545045148106e-01,3.597626447677612305e+00,1.922821807861328125e+01,1.619999999999999885e+00,3.700000000000000000e+05
2.208340948288428918e-01,3.957626342773437500e+00,1.945317077636718750e+01,1.619999999999999885e+00,0.000000000000000000e+00
2.208623953049171085e-01,3.957626342773437500e+00,1.931166839599609375e+01,1.619999999999999885e+00,3.700000000000000000e+05
2.212749356292451897e-01,3.597626447677612305e+00,1.908671569824218750e+01,1.619999999999999885e+00,0.000000000000000000e+00
2.213032357238496894e-01,3.597626447677612305e+00,1.894521522521972656e+01,1.619999999999999885e+00,3.700000000000000000e+05
2.217157760481777706e-01,3.957626342773437500e+00,1.917016792297363281e+01,1.619999999999999885e+00,0.000000000000000000e+00
2.217440765242519873e-01,3.957626342773437500e+00,1.902866554260253906e+01,1.619999999999999885e+00,3.700000000000000000e+05
2.221566168485800685e-01,3.597626447677612305e+00,1.880371284484863281e+01,1.619999999999999885e+00,0.000000000000000000e+00
2.221849169431845683e-01,3.597626447677612305e+00,1.866221237182617188e+01,1.619999999999999885e+00,3.700000000000000000e+05
2.225974572675126495e-01,3.957626342773437500e+00,1.888716506958007812e+01,1.619999999999999885e+00,0.000000000000000000e+00
2.226257577435868662e-01,3.957626342773437500e+00,1.874566268920898438e+01,1.619999999999999885e+00,3.700000000000000000e+05
2.234430548126800919e-01,3.244419097900390625e+00,1.830000114440917969e+01,1.619999999999999885e+00,0.000000000000000000e+00
2.234883447105987797e-01,3.470868587493896484e+00,1.830000114440917969e+01,1.619999999999999885e+00,3.700000000000000000e+05
2.241485478661698894e-01,4.046988964080810547e+00,1.866000175476074219e+01,1.619999999999999885e+00,0.000000000000000000e+00
2.241938378117722952e-01,4.273438692092895508e+00,1.866000175476074219e+01,1.619999999999999885e+00,3.700000000000000000e+05
2.249682822625074796e-01,3.597626447677612305e+00,1.823770713806152344e+01,1.619999999999999885e+00,0.000000000000000000e+00
2.249965823571119794e-01,3.597626447677612305e+00,1.809620666503906250e+01,1.619999999999999885e+00,3.700000000000000000e+05
2.260305252384381958e-01,4.499888181686401367e+00,1.866000175476074219e+01,1.619999999999999885e+00,0.000000000000000000e+00
2.260758151840406016e-01,4.726337909698486328e+00,1.866000175476074219e+01,1.619999999999999885e+00,3.700000000000000000e+05
2.267360185361037839e-01,4.150217294692993164e+00,1.830000114440917969e+01,1.619999999999999885e+00,0.000000000000000000e+00
2.267813084817061897e-01,4.376667022705078125e+00,1.830000114440917969e+01,1.619999999999999885e+00,3.700000000000000000e+05
2.274415116372772994e-01,4.952787399291992188e+00,1.866000175476074219e+01,1.619999999999999885e+00,0.000000000000000000e+00
2.274868015828797052e-01,5.179237127304077148e+00,1.866000175476074219e+01,1.619999999999999885e+00,3.700000000000000000e+05
2.281470049349428875e-01,4.603116512298583984e+00,1.830000114440917969e+01,1.619999999999999885e+00,0.000000000000000000e+00
2.281922948805452933e-01,4.829566240310668945e+00,1.830000114440917969e+01,1.619999999999999885e+00,3.700000000000000000e+05
2.288524980361164030e-01,5.405686616897583008e+00,1.866000175476074219e+01,1.619999999999999885e+00,0.000000000000000000e+00
2.303443222996854056e-01,-1.825467586517333984e+00,1.683000183105468750e+01,1.619999999999999885e+00,3.700000000000000000e+05
2.304209927683521231e-01,-1.892373561859130859e+00,1.678819465637207031e+01,1.619999999999999885e+00,0.000000000000000000e+00
2.304492932444263398e-01,-1.892373561859130859e+00,1.664669227600097656e+01,1.619999999999999885e+00,3.700000000000000000e+05
2.307854627329556652e-01,-1.599018573760986328e+00,1.683000183105468750e+01,1.619999999999999885e+00,0.000000000000000000e+00
2.308307527262417891e-01,-1.372568607330322266e+00,1.683000183105468750e+01,1.619999999999999885e+00,3.700000000000000000e+05
2.314264210383453202e-01,-1.892373561859130859e+00,1.650519180297851562e+01,1.619999999999999885e+00,0.000000000000000000e+00
2.314547215144195369e-01,-1.892373561859130859e+00,1.636368942260742188e+01,1.619999999999999885e+00,3.700000000000000000e+05
2.323098896323538276e-01,-1.146118640899658203e+00,1.683000183105468750e+01,1.619999999999999885e+00,0.000000000000000000e+00
2.323551794349051069e-01,-9.196696281433105469e-01,1.683000183105468750e+01,1.619999999999999885e+00,3.700000000000000000e+05
2.330153825904762166e-01,-1.495790004730224609e+00,1.647000122070312500e+01,1.619999999999999885e+00,0.000000000000000000e+00
2.330606725837623405e-01,-1.269340038299560547e+00,1.647000122070312500e+01,1.619999999999999885e+00,3.700000000000000000e+05
2.337208757393334502e-01,-6.932196617126464844e-01,1.683000183105468750e+01,1.619999999999999885e+00,0.000000000000000000e+00
2.337661656372521379e-01,-4.667701721191406250e-01,1.683000183105468750e+01,1.619999999999999885e+00,3.700000000000000000e+05
2.344263691858073928e-01,-1.042891025543212891e+00,1.647000122070312500e+01,1.619999999999999885e+00,0.000000000000000000e+00
2.344716591790935167e-01,-8.164410591125488281e-01,1.647000122070312500e+01,1.619999999999999885e+00,3.700000000000000000e+05
2.351318623346646264e-01,-2.403206825256347656e-01,1.683000183105468750e+01,1.619999999999999885e+00,0.000000000000000000e+00
2.352462780353676841e-01,2.976264953613281250e-01,1.702464675903320312e+01,1.619999999999999885e+00,3.700000000000000000e+05
2.362634400968226800e-01,-5.899910926818847656e-01,1.647000122070312500e+01,1.619999999999999885e+00,0.000000000000000000e+00
2.363087298993739593e-01,-3.635420799255371094e-01,1.647000122070312500e+01,1.619999999999999885e+00,3.700000000000000000e+05
2.370663939232227624e-01,2.976264953613281250e-01,1.688314628601074219e+01,1.619999999999999885e+00,0.000000000000000000e+00
2.370966057043751296e-01,4.390282630920410156e-01,1.683000183105468750e+01,1.619999999999999885e+00,3.700000000000000000e+05
2.377568088599462393e-01,-1.370921134948730469e-01,1.647000122070312500e+01,1.619999999999999885e+00,0.000000000000000000e+00
2.377809516673907719e-01,-6.237363815307617188e-02,1.637519073486328125e+01,1.619999999999999885e+00,3.700000000000000000e+05
2.386150295563554957e-01,6.654777526855468750e-01,1.683000183105468750e+01,1.619999999999999885e+00,0.000000000000000000e+00
2.386603194542741835e-01,8.919272422790527344e-01,1.683000183105468750e+01,1.619999999999999885e+00,3.700000000000000000e+05
2.393205226098452931e-01,3.158068656921386719e-01,1.647000122070312500e+01,1.619999999999999885e+00,0.000000000000000000e+00
2.393658125077639809e-01,5.422563552856445312e-01,1.647000122070312500e+01,1.619999999999999885e+00,3.700000000000000000e+05
2.400260156633350905e-01,1.118376731872558594e+00,1.683000183105468750e+01,1.619999999999999885e+00,0.000000000000000000e+00
2.400713056566212145e-01,1.344826698303222656e+00,1.683000183105468750e+01,1.619999999999999885e+00,3.700000000000000000e+05
2.407315088121923241e-01,7.687063217163085938e-01,1.647000122070312500e+01,1.619999999999999885e+00,0.000000000000000000e+00
2.407767987101110119e-01,9.951558113098144531e-01,1.647000122070312500e+01,1.619999999999999885e+00,3.700000000000000000e+05
2.414370018656821215e-01,1.571276187896728516e+00,1.683000183105468750e+01,1.619999999999999885e+00,0.000000000000000000e+00
2.422727673276272586e-01,4.134984970092773438e+00,2.013000106811523438e+01,1.619999999999999885e+00,3.700000000000000000e+05
2.429329704831983683e-01,4.711105346679687500e+00,2.049000167846679688e+01,1.619999999999999885e+00,0.000000000000000000e+00
2.429782604288007741e-01,4.937555074691772461e+00,2.049000167846679688e+01,1.619999999999999885e+00,3.700000000000000000e+05
2.436384637808639564e-01,4.361434459686279297e+00,2.013000106811523438e+01,1.619999999999999885e+00,0.000000000000000000e+00
2.436837537264663622e-01,4.587884187698364258e+00,2.013000106811523438e+01,1.619999999999999885e+00,3.700000000000000000e+05
2.443439568820374719e-01,5.164004564285278320e+00,2.049000167846679688e+01,1.619999999999999885e+00,0.000000000000000000e+00
2.443892467799561596e-01,5.390454053878784180e+00,2.049000167846679688e+01,1.619999999999999885e+00,3.700000000000000000e+05
2.450494499355272693e-01,4.814333677291870117e+00,2.013000106811523438e+01,1.619999999999999885e+00,0.000000000000000000e+00
2.450947398811296751e-01,5.040783405303955078e+00,2.013000106811523438e+01,1.619999999999999885e+00,3.700000000000000000e+05
2.457549430367007848e-01,5.616903781890869141e+00,2.049000167846679688e+01,1.619999999999999885e+00,0.000000000000000000e+00
2.458002329584613455e-01,5.843353390693664551e+00,2.049000167846679688e+01,1.619999999999999885e+00,3.700000000000000000e+05
2.464604362122784775e-01,5.267232894897460938e+00,2.013000106811523438e+01,1.619999999999999885e+00,0.000000000000000000e+00
2.464935600375042779e-01,5.427626371383666992e+00,2.008872604370117188e+01,1.619999999999999885e+00,3.700000000000000000e+05
2.472294592162234128e-01,6.069802880287170410e+00,2.049000167846679688e+01,1.619999999999999885e+00,0.000000000000000000e+00
2.472747491379839735e-01,6.296252489089965820e+00,2.049000167846679688e+01,1.619999999999999885e+00,3.700000000000000000e+05
2.482701478277952456e-01,5.427626371383666992e+00,1.994722366333007812e+01,1.619999999999999885e+00,0.000000000000000000e+00
2.482984479223997454e-01,5.427626371383666992e+00,1.980572319030761719e+01,1.619999999999999885e+00,3.700000000000000000e+05
2.487109883449739323e-01,5.787626385688781738e+00,2.003067588806152344e+01,1.619999999999999885e+00,0.000000000000000000e+00
2.487392888210481490e-01,5.787626385688781738e+00,1.988917350769042969e+01,1.619999999999999885e+00,3.700000000000000000e+05
2.491518292436223359e-01,5.427626371383666992e+00,1.966422080993652344e+01,1.619999999999999885e+00,0.000000000000000000e+00
2.491801293382268356e-01,5.427626371383666992e+00,1.952272033691406250e+01,1.619999999999999885e+00,3.700000000000000000e+05
2.495926697608010225e-01,5.787626385688781738e+00,1.974767303466796875e+01,1.619999999999999885e+00,0.000000000000000000e+00
2.496209702368752392e-01,5.787626385688781738e+00,1.960617065429687500e+01,1.619999999999999885e+00,3.700000000000000000e+05
2.500335106594493984e-01,5.427626371383666992e+00,1.938121795654296875e+01,1.619999999999999885e+00,0.000000000000000000e+00
2.500618107540538704e-01,5.427626371383666992e+00,1.923971748352050781e+01,1.619999999999999885e+00,3.700000000000000000e+05
2.504743511766280295e-01,5.787626385688781738e+00,1.946467018127441406e+01,1.619999999999999885e+00,0.000000000000000000e+00
2.505026516527022462e-01,5.787626385688781738e+00,1.932316780090332031e+01,1.619999999999999885e+00,3.700000000000000000e+05
2.509151920752764053e-01,5.427626371383666992e+00,1.909821510314941406e+01,1.619999999999999885e+00,0.000000000000000000e+00
2.509434921698808774e-01,5.427626371383666992e+00,1.895671463012695312e+01,1.619999999999999885e+00,3.700000000000000000e+05
2.513560325924550365e-01,5.787626385688781738e+00,1.918166732788085938e+01,1.619999999999999885e+00,0.000000000000000000e+00
2.513843330685292532e-01,5.787626385688781738e+00,1.904016494750976562e+01,1.619999999999999885e+00,3.700000000000000000e+05
2.517968734911034123e-01,5.427626371383666992e+00,1.881521224975585938e+01,1.619999999999999885e+00,0.000000000000000000e+00
2.518251735857078843e-01,5.427626371383666992e+00,1.867371177673339844e+01,1.619999999999999885e+00,3.700000000000000000e+05
2.522377140082820435e-01,5.787626385688781738e+00,1.889866447448730469e+01,1.619999999999999885e+00,0.000000000000000000e+00
2.522660144843562602e-01,5.787626385688781738e+00,1.875716209411621094e+01,1.619999999999999885e+00,3.700000000000000000e+05
2.531044007019177533e-01,5.056015729904174805e+00,1.830000114440917969e+01,1.619999999999999885e+00,0.000000000000000000e+00
2.531496905998364411e-01,5.282465219497680664e+00,1.830000114440917969e+01,1.619999999999999885e+00,3.700000000000000000e+05
2.538098939518996233e-01,5.858585834503173828e+00,1.866000175476074219e+01,1.619999999999999885e+00,0.000000000000000000e+00
2.538551838736601840e-01,6.085035443305969238e+00,1.866000175476074219e+01,1.619999999999999885e+00,3.700000000000000000e+05
2.546085393724192847e-01,5.427626371383666992e+00,1.824920654296875000e+01,1.619999999999999885e+00,0.000000000000000000e+00
2.546368394670237567e-01,5.427626371383666992e+00,1.810770606994628906e+01,1.619999999999999885e+00,3.700000000000000000e+05
2.556496934946198563e-01,6.311485052108764648e+00,1.866000175476074219e+01,1.619999999999999885e+00,0.000000000000000000e+00
2.556949833806176353e-01,6.537934482097625732e+00,1.866000175476074219e+01,1.619999999999999885e+00,3.700000000000000000e+05
2.563551864870657337e-01,5.961814165115356445e+00,1.830000114440917969e+01,1.619999999999999885e+00,0.000000000000000000e+00
2.564004763849844215e-01,6.188263654708862305e+00,1.830000114440917969e+01,1.619999999999999885e+00,3.700000000000000000e+05
2.570606796879245648e-01,6.764384210109710693e+00,1.866000175476074219e+01,1.619999999999999885e+00,0.000000000000000000e+00
2.571059695858432526e-01,6.990833699703216553e+00,1.866000175476074219e+01,1.619999999999999885e+00,3.700000000000000000e+05
2.577661726922913510e-01,6.414713382720947266e+00,1.830000114440917969e+01,1.619999999999999885e+00,0.000000000000000000e+00
2.578114625782891300e-01,6.641162812709808350e+00,1.830000114440917969e+01,1.619999999999999885e+00,3.700000000000000000e+05
2.584716657461409994e-01,7.217283204197883606e+00,1.866000175476074219e+01,1.619999999999999885e+00,0.000000000000000000e+00
2.602766948249842227e-01,-1.532373905181884766e+00,1.644714164733886719e+01,1.619999999999999885e+00,3.700000000000000000e+05
2.606892349528200925e-01,-1.892373561859130859e+00,1.622218894958496094e+01,1.619999999999999885e+00,0.000000000000000000e+00
2.607175354288943092e-01,-1.892373561859130859e+00,1.608068656921386719e+01,1.619999999999999885e+00,3.700000000000000000e+05
2.611300765389883982e-01,-1.532373905181884766e+00,1.630564117431640625e+01,1.619999999999999885e+00,0.000000000000000000e+00
2.611583770150626149e-01,-1.532373905181884766e+00,1.616413879394531250e+01,1.619999999999999885e+00,3.700000000000000000e+05
2.615709171428984847e-01,-1.892373561859130859e+00,1.593918609619140625e+01,1.619999999999999885e+00,0.000000000000000000e+00
2.615992176189727014e-01,-1.892373561859130859e+00,1.579768371582031250e+01,1.619999999999999885e+00,3.700000000000000000e+05
2.620117587290667904e-01,-1.532373905181884766e+00,1.602263832092285156e+01,1.619999999999999885e+00,0.000000000000000000e+00
2.620400592051410071e-01,-1.532373905181884766e+00,1.588113594055175781e+01,1.619999999999999885e+00,3.700000000000000000e+05
2.624525993329768769e-01,-1.892373561859130859e+00,1.565618324279785156e+01,1.619999999999999885e+00,0.000000000000000000e+00
2.624808998090510936e-01,-1.892373561859130859e+00,1.551468086242675781e+01,1.619999999999999885e+00,3.700000000000000000e+05
2.628934409191451826e-01,-1.532373905181884766e+00,1.573963546752929688e+01,1.619999999999999885e+00,0.000000000000000000e+00
2.629217413952193994e-01,-1.532373905181884766e+00,1.559813308715820312e+01,1.619999999999999885e+00,3.700000000000000000e+05
2.633342815230552691e-01,-1.892373561859130859e+00,1.537318038940429688e+01,1.619999999999999885e+00,0.000000000000000000e+00
2.633625819991294859e-01,-1.892373561859130859e+00,1.523167800903320312e+01,1.619999999999999885e+00,3.700000000000000000e+05
2.637751231092235749e-01,-1.532373905181884766e+00,1.545663261413574219e+01,1.619999999999999885e+00,0.000000000000000000e+00
2.638034232038280469e-01,-1.532373905181884766e+00,1.531513214111328125e+01,1.619999999999999885e+00,3.700000000000000000e+05
2.642159652961863503e-01,-1.892373561859130859e+00,1.509017562866210938e+01,1.619999999999999885e+00,0.000000000000000000e+00
2.642442650093211332e-01,-1.892373561859130859e+00,1.494867706298828125e+01,1.619999999999999885e+00,3.700000000000000000e+05
2.646568051371570029e-01,-1.532373905181884766e+00,1.517362976074218750e+01,1.619999999999999885e+00,0.000000000000000000e+00
2.646851056132312197e-01,-1.532373905181884766e+00,1.503212738037109375e+01,1.619999999999999885e+00,3.700000000000000000e+05
2.650976457410670895e-01,-1.892373561859130859e+00,1.480717468261718750e+01,1.619999999999999885e+00,0.000000000000000000e+00
2.651259462171413062e-01,-1.892373561859130859e+00,1.466567230224609375e+01,1.619999999999999885e+00,3.700000000000000000e+05
2.657390694740454640e-01,-1.357336521148681641e+00,1.500000000000000000e+01,1.619999999999999885e+00,0.000000000000000000e+00
2.657843594673315879e-01,-1.130886554718017578e+00,1.500000000000000000e+01,1.619999999999999885e+00,3.700000000000000000e+05
2.666569805655605307e-01,-1.892373561859130859e+00,1.452417373657226562e+01,1.619999999999999885e+00,0.000000000000000000e+00
2.666852810416347475e-01,-1.892373561859130859e+00,1.438267135620117188e+01,1.619999999999999885e+00,3.700000000000000000e+05
2.670978211694706173e-01,-1.532373905181884766e+00,1.460762405395507812e+01,1.619999999999999885e+00,0.000000000000000000e+00
2.671261216455448340e-01,-1.532373905181884766e+00,1.446612167358398438e+01,1.619999999999999885e+00,3.700000000000000000e+05
2.675386617733807038e-01,-1.892373561859130859e+00,1.424116897583007812e+01,1.619999999999999885e+00,0.000000000000000000e+00
2.675669622494549205e-01,-1.892373561859130859e+00,1.409966659545898438e+01,1.619999999999999885e+00,3.700000000000000000e+05
2.679795023772907903e-01,-1.532373905181884766e+00,1.432461929321289062e+01,1.619999999999999885e+00,0.000000000000000000e+00
2.680078020904255731e-01,-1.532373905181884766e+00,1.418312072753906250e+01,1.619999999999999885e+00,3.700000000000000000e+05
2.684203422182614429e-01,-1.892373561859130859e+00,1.395816802978515625e+01,1.619999999999999885e+00,0.000000000000000000e+00
2.684486426943356596e-01,-1.892373561859130859e+00,1.381666564941406250e+01,1.619999999999999885e+00,3.700000000000000000e+05
2.688611828221715294e-01,-1.532373905181884766e+00,1.404161834716796875e+01,1.619999999999999885e+00,0.000000000000000000e+00
2.688894832982457461e-01,-1.532373905181884766e+00,1.390011596679687500e+01,1.619999999999999885e+00,3.700000000000000000e+05
2.693020234260816159e-01,-1.892373561859130859e+00,1.367516326904296875e+01,1.619999999999999885e+00,0.000000000000000000e+00
2.693303239021558326e-01,-1.892373561859130859e+00,1.353366088867187500e+01,1.619999999999999885e+00,3.700000000000000000e+05
2.697428640299917024e-01,-1.532373905181884766e+00,1.375861358642578125e+01,1.619999999999999885e+00,0.000000000000000000e+00
2.697711637431264853e-01,-1.532373905181884766e+00,1.361711502075195312e+01,1.619999999999999885e+00,3.700000000000000000e+05
2.701837038709623551e-01,-1.892373561859130859e+00,1.339216232299804688e+01,1.619999999999999885e+00,0.000000000000000000e+00
2.702120043470365718e-01,-1.892373561859130859e+00,1.325065994262695312e+01,1.619999999999999885e+00,3.700000000000000000e+05
2.706245444748724416e-01,-1.532373905181884766e+00,1.347561264038085938e+01,1.619999999999999885e+00,0.000000000000000000e+00
2.718147642925620167e-01,2.127626419067382812e+00,1.816815757751464844e+01,1.619999999999999885e+00,3.700000000000000000e+05
2.722273048133823092e-01,1.767626285552978516e+00,1.794320487976074219e+01,1.619999999999999885e+00,0.000000000000000000e+00
2.722556049079867813e-01,1.767626285552978516e+00,1.780170440673828125e+01,1.619999999999999885e+00,3.700000000000000000e+05
2.726681454288070738e-01,2.127626419067382812e+00,1.802665710449218750e+01,1.619999999999999885e+00,0.000000000000000000e+00
2.726964459048812905e-01,2.127626419067382812e+00,1.788515472412109375e+01,1.619999999999999885e+00,3.700000000000000000e+05
2.731089864257015831e-01,1.767626285552978516e+00,1.766020202636718750e+01,1.619999999999999885e+00,0.000000000000000000e+00
2.731372865203060551e-01,1.767626285552978516e+00,1.751870155334472656e+01,1.619999999999999885e+00,3.700000000000000000e+05
2.735498270411263477e-01,2.127626419067382812e+00,1.774365425109863281e+01,1.619999999999999885e+00,0.000000000000000000e+00
2.735781275172005644e-01,2.127626419067382812e+00,1.760215187072753906e+01,1.619999999999999885e+00,3.700000000000000000e+05
2.739906680380208570e-01,1.767626285552978516e+00,1.737719917297363281e+01,1.619999999999999885e+00,0.000000000000000000e+00
2.740189681326253290e-01,1.767626285552978516e+00,1.723569869995117188e+01,1.619999999999999885e+00,3.700000000000000000e+05
2.744315086534456216e-01,2.127626419067382812e+00,1.746065139770507812e+01,1.619999999999999885e+00,0.000000000000000000e+00
2.744598091295198383e-01,2.127626419067382812e+00,1.731914901733398438e+01,1.619999999999999885e+00,3.700000000000000000e+05
2.748723496503401309e-01,1.767626285552978516e+00,1.709419631958007812e+01,1.619999999999999885e+00,0.000000000000000000e+00
2.749006497449446029e-01,1.767626285552978516e+00,1.695269584655761719e+01,1.619999999999999885e+00,3.700000000000000000e+05
2.753131902657648955e-01,2.127626419067382812e+00,1.717764854431152344e+01,1.619999999999999885e+00,0.000000000000000000e+00
2.753414907418391122e-01,2.127626419067382812e+00,1.703614616394042969e+01,1.619999999999999885e+00,3.700000000000000000e+05
2.763797420500084256e-01,1.221605300903320312e+00,1.647000122070312500e+01,1.619999999999999885e+00,0.000000000000000000e+00
2.764250319479271134e-01,1.448054790496826172e+00,1.647000122070312500e+01,1.619999999999999885e+00,3.700000000000000000e+05
2.772037848255058945e-01,2.127626419067382812e+00,1.689464569091796875e+01,1.619999999999999885e+00,0.000000000000000000e+00
2.772315750360651032e-01,2.250624656677246094e+00,1.683000183105468750e+01,1.619999999999999885e+00,3.700000000000000000e+05
2.778917781916362406e-01,1.674504280090332031e+00,1.647000122070312500e+01,1.619999999999999885e+00,0.000000000000000000e+00
2.779167681449035143e-01,1.767626285552978516e+00,1.638669013977050781e+01,1.619999999999999885e+00,3.700000000000000000e+05
2.787297571801380935e-01,2.477074623107910156e+00,1.683000183105468750e+01,1.619999999999999885e+00,0.000000000000000000e+00
2.787750470780567813e-01,2.703524112701416016e+00,1.683000183105468750e+01,1.619999999999999885e+00,3.700000000000000000e+05
2.798475355261373920e-01,1.767626285552978516e+00,1.624518775939941406e+01,1.619999999999999885e+00,0.000000000000000000e+00
2.798758356207418641e-01,1.767626285552978516e+00,1.610368728637695312e+01,1.619999999999999885e+00,3.700000000000000000e+05
2.802883761415621566e-01,2.127626419067382812e+00,1.632863998413085938e+01,1.619999999999999885e+00,0.000000000000000000e+00
2.803166766176363733e-01,2.127626419067382812e+00,1.618713760375976562e+01,1.619999999999999885e+00,3.700000000000000000e+05
2.807292171384566659e-01,1.767626285552978516e+00,1.596218490600585938e+01,1.619999999999999885e+00,0.000000000000000000e+00
2.807575172330611379e-01,1.767626285552978516e+00,1.582068443298339844e+01,1.619999999999999885e+00,3.700000000000000000e+05
2.811700577538814305e-01,2.127626419067382812e+00,1.604563713073730469e+01,1.619999999999999885e+00,0.000000000000000000e+00
2.811983582299556472e-01,2.127626419067382812e+00,1.590413475036621094e+01,1.619999999999999885e+00,3.700000000000000000e+05
2.816108987507759398e-01,1.767626285552978516e+00,1.567918205261230469e+01,1.619999999999999885e+00,0.000000000000000000e+00
2.816391988453804118e-01,1.767626285552978516e+00,1.553768157958984375e+01,1.619999999999999885e+00,3.700000000000000000e+05
2.820517393662007044e-01,2.127626419067382812e+00,1.576263427734375000e+01,1.619999999999999885e+00,0.000000000000000000e+00
2.820800398422749211e-01,2.127626419067382812e+00,1.562113189697265625e+01,1.619999999999999885e+00,3.700000000000000000e+05
2.824925803630952137e-01,1.767626285552978516e+00,1.539617919921875000e+01,1.619999999999999885e+00,0.000000000000000000e+00
2.825208808391694304e-01,1.767626285552978516e+00,1.525467681884765625e+01,1.619999999999999885e+00,3.700000000000000000e+05
2.829334223422469985e-01,2.127626419067382812e+00,1.547963142395019531e+01,1.619999999999999885e+00,0.000000000000000000e+00
2.829617228183212152e-01,2.127626419067382812e+00,1.533812904357910156e+01,1.619999999999999885e+00,3.700000000000000000e+05
2.833742623568902275e-01,1.767626285552978516e+00,1.511317825317382812e+01,1.619999999999999885e+00,0.000000000000000000e+00
2.846801287925441182e-01,5.946581602096557617e+00,2.013000106811523438e+01,1.619999999999999885e+00,3.700000000000000000e+05
2.853403320463612780e-01,6.522702097892761230e+00,2.049000167846679688e+01,1.619999999999999885e+00,0.000000000000000000e+00
2.853856219681218387e-01,6.749151706695556641e+00,2.049000167846679688e+01,1.619999999999999885e+00,3.700000000000000000e+05
2.860458252219389985e-01,6.173031210899353027e+00,2.013000106811523438e+01,1.619999999999999885e+00,0.000000000000000000e+00
2.860911151436995592e-01,6.399480819702148438e+00,2.013000106811523438e+01,1.619999999999999885e+00,3.700000000000000000e+05
2.867513183238321606e-01,6.975601226091384888e+00,2.049000167846679688e+01,1.619999999999999885e+00,0.000000000000000000e+00
2.867966082485729484e-01,7.202050849795341492e+00,2.049000167846679688e+01,1.619999999999999885e+00,3.700000000000000000e+05
2.874568114409863373e-01,6.625930428504943848e+00,2.013000106811523438e+01,1.619999999999999885e+00,0.000000000000000000e+00
2.875021013627468980e-01,6.852380037307739258e+00,2.013000106811523438e+01,1.619999999999999885e+00,3.700000000000000000e+05
2.881623045520900761e-01,7.428500454872846603e+00,2.049000167846679688e+01,1.619999999999999885e+00,0.000000000000000000e+00
2.882075944745957075e-01,7.654950067400932312e+00,2.049000167846679688e+01,1.619999999999999885e+00,3.700000000000000000e+05
2.888677977406935993e-01,7.078829556703567505e+00,2.013000106811523438e+01,1.619999999999999885e+00,0.000000000000000000e+00
2.889040495694255029e-01,7.257626339793205261e+00,2.010022544860839844e+01,1.619999999999999885e+00,3.700000000000000000e+05
2.896188596856414943e-01,7.881399542093276978e+00,2.049000167846679688e+01,1.619999999999999885e+00,0.000000000000000000e+00
2.896641496133625093e-01,8.107849180698394775e+00,2.049000167846679688e+01,1.619999999999999885e+00,3.700000000000000000e+05
2.906384592652323517e-01,7.257626339793205261e+00,1.995872306823730469e+01,1.619999999999999885e+00,0.000000000000000000e+00
2.906667593598368238e-01,7.257626339793205261e+00,1.981722259521484375e+01,1.619999999999999885e+00,3.700000000000000000e+05
2.910792997824109829e-01,7.617626354098320007e+00,2.004217529296875000e+01,1.619999999999999885e+00,0.000000000000000000e+00
2.911076002584851996e-01,7.617626354098320007e+00,1.990067291259765625e+01,1.619999999999999885e+00,3.700000000000000000e+05
2.915201406810593587e-01,7.257626339793205261e+00,1.967572021484375000e+01,1.619999999999999885e+00,0.000000000000000000e+00
2.915484407756638308e-01,7.257626339793205261e+00,1.953421974182128906e+01,1.619999999999999885e+00,3.700000000000000000e+05
2.919609811982379899e-01,7.617626354098320007e+00,1.975917243957519531e+01,1.619999999999999885e+00,0.000000000000000000e+00
2.919892816743122066e-01,7.617626354098320007e+00,1.961767005920410156e+01,1.619999999999999885e+00,3.700000000000000000e+05
2.924018220968863657e-01,7.257626339793205261e+00,1.939271736145019531e+01,1.619999999999999885e+00,0.000000000000000000e+00
2.924301221914908377e-01,7.257626339793205261e+00,1.925121688842773438e+01,1.619999999999999885e+00,3.700000000000000000e+05
2.928426626140649969e-01,7.617626354098320007e+00,1.947616958618164062e+01,1.619999999999999885e+00,0.000000000000000000e+00
2.928709630901392136e-01,7.617626354098320007e+00,1.933466720581054688e+01,1.619999999999999885e+00,3.700000000000000000e+05
2.932835035127133727e-01,7.257626339793205261e+00,1.910971450805664062e+01,1.619999999999999885e+00,0.000000000000000000e+00
2.933118036073178447e-01,7.257626339793205261e+00,1.896821403503417969e+01,1.619999999999999885e+00,3.700000000000000000e+05
2.937243440298920039e-01,7.617626354098320007e+00,1.919316673278808594e+01,1.619999999999999885e+00,0.000000000000000000e+00
2.937526441244964759e-01,7.617626354098320007e+00,1.905166625976562500e+01,1.619999999999999885e+00,3.700000000000000000e+05
2.941651855293281326e-01,7.257626339793205261e+00,1.882671165466308594e+01,1.619999999999999885e+00,0.000000000000000000e+00
2.941934856239326046e-01,7.257626339793205261e+00,1.868521118164062500e+01,1.619999999999999885e+00,3.700000000000000000e+05
2.946060260465067637e-01,7.617626354098320007e+00,1.891016387939453125e+01,1.619999999999999885e+00,0.000000000000000000e+00
2.946343261411112358e-01,7.617626354098320007e+00,1.876866340637207031e+01,1.619999999999999885e+00,3.700000000000000000e+05
2.954938023297475347e-01,6.867612481117248535e+00,1.830000114440917969e+01,1.619999999999999885e+00,0.000000000000000000e+00
2.955390922336266768e-01,7.094062000513076782e+00,1.830000114440917969e+01,1.619999999999999885e+00,3.700000000000000000e+05
2.961992954997245686e-01,7.670182511210441589e+00,1.866000175476074219e+01,1.619999999999999885e+00,0.000000000000000000e+00
2.962445854185049021e-01,7.896632105112075806e+00,1.866000175476074219e+01,1.619999999999999885e+00,3.700000000000000000e+05
2.969768518547611369e-01,7.257626339793205261e+00,1.826070594787597656e+01,1.619999999999999885e+00,0.000000000000000000e+00
2.970051519493656089e-01,7.257626339793205261e+00,1.811920547485351562e+01,1.619999999999999885e+00,3.700000000000000000e+05
2.979969169390201955e-01,8.123081743717193604e+00,1.866000175476074219e+01,1.619999999999999885e+00,0.000000000000000000e+00
2.980422068369388833e-01,8.349531233310699463e+00,1.866000175476074219e+01,1.619999999999999885e+00,3.700000000000000000e+05
2.987024100170714846e-01,7.773410826921463013e+00,1.830000114440917969e+01,1.619999999999999885e+00,0.000000000000000000e+00
2.987476999209506268e-01,7.999860346317291260e+00,1.830000114440917969e+01,1.619999999999999885e+00,3.700000000000000000e+05
2.994079032238907701e-01,8.575980901718139648e+00,1.866000175476074219e+01,1.619999999999999885e+00,0.000000000000000000e+00
2.994531931218094578e-01,8.802430391311645508e+00,1.866000175476074219e+01,1.619999999999999885e+00,3.700000000000000000e+05
3.001133962282575562e-01,8.226310074329376221e+00,1.830000114440917969e+01,1.619999999999999885e+00,0.000000000000000000e+00
3.001586861142553353e-01,8.452759504318237305e+00,1.830000114440917969e+01,1.619999999999999885e+00,3.700000000000000000e+05
3.008188892698264727e-01,9.028879880905151367e+00,1.866000175476074219e+01,1.619999999999999885e+00,0.000000000000000000e+00
3.026197865420232613e-01,2.976264953613281250e-01,1.645864105224609375e+01,1.619999999999999885e+00,3.700000000000000000e+05
3.030323270628435539e-01,-6.237363815307617188e-02,1.623368835449218750e+01,1.619999999999999885e+00,0.000000000000000000e+00
3.030606271574480259e-01,-6.237363815307617188e-02,1.609218788146972656e+01,1.619999999999999885e+00,3.700000000000000000e+05
3.034731676782683185e-01,2.976264953613281250e-01,1.631714057922363281e+01,1.619999999999999885e+00,0.000000000000000000e+00
3.035014681543425352e-01,2.976264953613281250e-01,1.617563819885253906e+01,1.619999999999999885e+00,3.700000000000000000e+05
3.039140086751628278e-01,-6.237363815307617188e-02,1.595068550109863281e+01,1.619999999999999885e+00,0.000000000000000000e+00
3.039423087697672998e-01,-6.237363815307617188e-02,1.580918502807617188e+01,1.619999999999999885e+00,3.700000000000000000e+05
3.043548492905875924e-01,2.976264953613281250e-01,1.603413772583007812e+01,1.619999999999999885e+00,0.000000000000000000e+00
3.043831497666618091e-01,2.976264953613281250e-01,1.589263534545898438e+01,1.619999999999999885e+00,3.700000000000000000e+05
3.047956902874821017e-01,-6.237363815307617188e-02,1.566768264770507812e+01,1.619999999999999885e+00,0.000000000000000000e+00
3.048239903820865737e-01,-6.237363815307617188e-02,1.552618217468261719e+01,1.619999999999999885e+00,3.700000000000000000e+05
3.052365309029068663e-01,2.976264953613281250e-01,1.575113487243652344e+01,1.619999999999999885e+00,0.000000000000000000e+00
3.052648313789810830e-01,2.976264953613281250e-01,1.560963249206542969e+01,1.619999999999999885e+00,3.700000000000000000e+05
3.056773718998013756e-01,-6.237363815307617188e-02,1.538467979431152344e+01,1.619999999999999885e+00,0.000000000000000000e+00
3.057056719944058476e-01,-6.237363815307617188e-02,1.524317932128906250e+01,1.619999999999999885e+00,3.700000000000000000e+05
3.061182125152261402e-01,2.976264953613281250e-01,1.546813201904296875e+01,1.619999999999999885e+00,0.000000000000000000e+00
3.061465129913003569e-01,2.976264953613281250e-01,1.532662963867187500e+01,1.619999999999999885e+00,3.700000000000000000e+05
3.065590535121206495e-01,-6.237363815307617188e-02,1.510167694091796875e+01,1.619999999999999885e+00,0.000000000000000000e+00
3.075716612541914974e-01,3.957626342773437500e+00,1.817965698242187500e+01,1.619999999999999885e+00,3.700000000000000000e+05
3.079842015785195786e-01,3.597626447677612305e+00,1.795470428466796875e+01,1.619999999999999885e+00,0.000000000000000000e+00
3.080125016731240506e-01,3.597626447677612305e+00,1.781320381164550781e+01,1.619999999999999885e+00,3.700000000000000000e+05
3.084250419974521318e-01,3.957626342773437500e+00,1.803815650939941406e+01,1.619999999999999885e+00,0.000000000000000000e+00
3.084533424735263485e-01,3.957626342773437500e+00,1.789665412902832031e+01,1.619999999999999885e+00,3.700000000000000000e+05
3.088658827978544297e-01,3.597626447677612305e+00,1.767170143127441406e+01,1.619999999999999885e+00,0.000000000000000000e+00
3.088941828924589017e-01,3.597626447677612305e+00,1.753020095825195312e+01,1.619999999999999885e+00,3.700000000000000000e+05
3.093067232167869829e-01,3.957626342773437500e+00,1.775515365600585938e+01,1.619999999999999885e+00,0.000000000000000000e+00
3.093350236928611996e-01,3.957626342773437500e+00,1.761365127563476562e+01,1.619999999999999885e+00,3.700000000000000000e+05
3.097475640171892808e-01,3.597626447677612305e+00,1.738869857788085938e+01,1.619999999999999885e+00,0.000000000000000000e+00
3.097758641117937528e-01,3.597626447677612305e+00,1.724719810485839844e+01,1.619999999999999885e+00,3.700000000000000000e+05
3.101884044361218340e-01,3.957626342773437500e+00,1.747215080261230469e+01,1.619999999999999885e+00,0.000000000000000000e+00
3.102167049121960507e-01,3.957626342773437500e+00,1.733064842224121094e+01,1.619999999999999885e+00,3.700000000000000000e+05
3.106292452365241319e-01,3.597626447677612305e+00,1.710569572448730469e+01,1.619999999999999885e+00,0.000000000000000000e+00
3.106575453311286039e-01,3.597626447677612305e+00,1.696419525146484375e+01,1.619999999999999885e+00,3.700000000000000000e+05
3.110700856554566851e-01,3.957626342773437500e+00,1.718914794921875000e+01,1.619999999999999885e+00,0.000000000000000000e+00
3.122712846667431985e-01,-1.480556964874267578e+00,1.464000320434570312e+01,1.619999999999999885e+00,3.700000000000000000e+05
3.129314858578085001e-01,-9.044365882873535156e-01,1.500000000000000000e+01,1.619999999999999885e+00,0.000000000000000000e+00
3.129767756603597517e-01,-6.779875755310058594e-01,1.500000000000000000e+01,1.619999999999999885e+00,3.700000000000000000e+05
3.136369768514250533e-01,-1.254107952117919922e+00,1.464000320434570312e+01,1.619999999999999885e+00,0.000000000000000000e+00
3.136822668447111773e-01,-1.027657985687255859e+00,1.464000320434570312e+01,1.619999999999999885e+00,3.700000000000000000e+05
3.143424680357764789e-01,-4.515376091003417969e-01,1.500000000000000000e+01,1.619999999999999885e+00,0.000000000000000000e+00
3.143877579336951666e-01,-2.250881195068359375e-01,1.500000000000000000e+01,1.619999999999999885e+00,3.700000000000000000e+05
3.150479595177457792e-01,-8.012089729309082031e-01,1.464000320434570312e+01,1.619999999999999885e+00,0.000000000000000000e+00
3.150932495110319032e-01,-5.747590065002441406e-01,1.464000320434570312e+01,1.619999999999999885e+00,3.700000000000000000e+05
3.160929546631784937e-01,2.976264953613281250e-01,1.518512725830078125e+01,1.619999999999999885e+00,0.000000000000000000e+00
3.161212543763132765e-01,2.976264953613281250e-01,1.504362869262695312e+01,1.619999999999999885e+00,3.700000000000000000e+05
3.168614620801214476e-01,-3.483095169067382812e-01,1.464000320434570312e+01,1.619999999999999885e+00,0.000000000000000000e+00
3.169067519780401354e-01,-1.218600273132324219e-01,1.464000320434570312e+01,1.619999999999999885e+00,3.700000000000000000e+05
3.175669531691054370e-01,4.542603492736816406e-01,1.500000000000000000e+01,1.619999999999999885e+00,0.000000000000000000e+00
3.176122431623915610e-01,6.807103157043457031e-01,1.500000000000000000e+01,1.619999999999999885e+00,3.700000000000000000e+05
3.184637763891417506e-01,-6.237363815307617188e-02,1.453567123413085938e+01,1.619999999999999885e+00,0.000000000000000000e+00
3.184920768652159673e-01,-6.237363815307617188e-02,1.439416885375976562e+01,1.619999999999999885e+00,3.700000000000000000e+05
3.189046173860362599e-01,2.976264953613281250e-01,1.461912155151367188e+01,1.619999999999999885e+00,0.000000000000000000e+00
3.189329170991710427e-01,2.976264953613281250e-01,1.447762298583984375e+01,1.619999999999999885e+00,3.700000000000000000e+05
3.193454576199913353e-01,-6.237363815307617188e-02,1.425267028808593750e+01,1.619999999999999885e+00,0.000000000000000000e+00
3.193737580960655520e-01,-6.237363815307617188e-02,1.411116790771484375e+01,1.619999999999999885e+00,3.700000000000000000e+05
3.197862986168858446e-01,2.976264953613281250e-01,1.433612060546875000e+01,1.619999999999999885e+00,0.000000000000000000e+00
3.198145990929600613e-01,2.976264953613281250e-01,1.419461822509765625e+01,1.619999999999999885e+00,3.700000000000000000e+05
3.202271396137803539e-01,-6.237363815307617188e-02,1.396966552734375000e+01,1.619999999999999885e+00,0.000000000000000000e+00
3.202554400898545706e-01,-6.237363815307617188e-02,1.382816314697265625e+01,1.619999999999999885e+00,3.700000000000000000e+05
3.206679806106748631e-01,2.976264953613281250e-01,1.405311584472656250e+01,1.619999999999999885e+00,0.000000000000000000e+00
3.206962803238096460e-01,2.976264953613281250e-01,1.391161727905273438e+01,1.619999999999999885e+00,3.700000000000000000e+05
3.211088208446299386e-01,-6.237363815307617188e-02,1.368666458129882812e+01,1.619999999999999885e+00,0.000000000000000000e+00
3.211371213207041553e-01,-6.237363815307617188e-02,1.354516220092773438e+01,1.619999999999999885e+00,3.700000000000000000e+05
3.215496618415244479e-01,2.976264953613281250e-01,1.377011489868164062e+01,1.619999999999999885e+00,0.000000000000000000e+00
3.215779623175986646e-01,2.976264953613281250e-01,1.362861251831054688e+01,1.619999999999999885e+00,3.700000000000000000e+05
3.219905028384189571e-01,-6.237363815307617188e-02,1.340365982055664062e+01,1.619999999999999885e+00,0.000000000000000000e+00
3.220188033144931739e-01,-6.237363815307617188e-02,1.326215744018554688e+01,1.619999999999999885e+00,3.700000000000000000e+05
3.224313438353134664e-01,2.976264953613281250e-01,1.348711013793945312e+01,1.619999999999999885e+00,0.000000000000000000e+00
3.232147603754498832e-01,-3.606599330902099609e+00,1.317000198364257812e+01,1.619999999999999885e+00,3.700000000000000000e+05
3.233474323379368909e-01,-3.722373485565185547e+00,1.309765625000000000e+01,1.619999999999999885e+00,0.000000000000000000e+00
3.233757320510716737e-01,-3.722373485565185547e+00,1.295615768432617188e+01,1.619999999999999885e+00,3.700000000000000000e+05
3.237679010688997439e-01,-3.380150318145751953e+00,1.317000198364257812e+01,1.619999999999999885e+00,0.000000000000000000e+00
3.238131910621858678e-01,-3.153700351715087891e+00,1.317000198364257812e+01,1.619999999999999885e+00,3.700000000000000000e+05
3.244648598858443922e-01,-3.722373485565185547e+00,1.281465530395507812e+01,1.619999999999999885e+00,0.000000000000000000e+00
3.244931603619186089e-01,-3.722373485565185547e+00,1.267315292358398438e+01,1.619999999999999885e+00,3.700000000000000000e+05
3.254043289914080872e-01,-2.927250385284423828e+00,1.317000198364257812e+01,1.619999999999999885e+00,0.000000000000000000e+00
3.254496187939593388e-01,-2.700801372528076172e+00,1.317000198364257812e+01,1.619999999999999885e+00,3.700000000000000000e+05
3.261098219495304762e-01,-3.276921749114990234e+00,1.281000137329101562e+01,1.619999999999999885e+00,0.000000000000000000e+00
3.261551119428166001e-01,-3.050471782684326172e+00,1.281000137329101562e+01,1.619999999999999885e+00,3.700000000000000000e+05
3.268153150983877375e-01,-2.474351406097412109e+00,1.317000198364257812e+01,1.619999999999999885e+00,0.000000000000000000e+00
3.268606049009389891e-01,-2.247902393341064453e+00,1.317000198364257812e+01,1.619999999999999885e+00,3.700000000000000000e+05
3.275208080565101265e-01,-2.824022769927978516e+00,1.281000137329101562e+01,1.619999999999999885e+00,0.000000000000000000e+00
3.275660980497962504e-01,-2.597572803497314453e+00,1.281000137329101562e+01,1.619999999999999885e+00,3.700000000000000000e+05
3.282263012053673878e-01,-2.021452426910400391e+00,1.317000198364257812e+01,1.619999999999999885e+00,0.000000000000000000e+00
3.283294766533748077e-01,-1.532373905181884766e+00,1.333411026000976562e+01,1.619999999999999885e+00,3.700000000000000000e+05
3.292906378102904985e-01,-2.371122837066650391e+00,1.281000137329101562e+01,1.619999999999999885e+00,0.000000000000000000e+00
3.293359276128417501e-01,-2.144673824310302734e+00,1.281000137329101562e+01,1.619999999999999885e+00,3.700000000000000000e+05
3.300375897498958322e-01,-1.532373905181884766e+00,1.319260787963867188e+01,1.619999999999999885e+00,0.000000000000000000e+00
3.300759114725819177e-01,-1.342103481292724609e+00,1.317000198364257812e+01,1.619999999999999885e+00,3.700000000000000000e+05
3.307361146281530551e-01,-1.918223857879638672e+00,1.281000137329101562e+01,1.619999999999999885e+00,0.000000000000000000e+00
3.307617116144377922e-01,-1.892373561859130859e+00,1.268465423583984375e+01,1.619999999999999885e+00,3.700000000000000000e+05
3.316517904079416823e-01,-1.115653514862060547e+00,1.317000198364257812e+01,1.619999999999999885e+00,0.000000000000000000e+00
3.316970802104929339e-01,-8.892045021057128906e-01,1.317000198364257812e+01,1.619999999999999885e+00,3.700000000000000000e+05
3.323572833660640713e-01,-1.465324878692626953e+00,1.281000137329101562e+01,1.619999999999999885e+00,0.000000000000000000e+00
3.324025733593501952e-01,-1.238874912261962891e+00,1.281000137329101562e+01,1.619999999999999885e+00,3.700000000000000000e+05
3.330627765149213326e-01,-6.627545356750488281e-01,1.317000198364257812e+01,1.619999999999999885e+00,0.000000000000000000e+00
3.331080664128400204e-01,-4.363050460815429688e-01,1.317000198364257812e+01,1.619999999999999885e+00,3.700000000000000000e+05
3.337682699613953030e-01,-1.012425899505615234e+00,1.281000137329101562e+01,1.619999999999999885e+00,0.000000000000000000e+00
3.338135599546814269e-01,-7.859759330749511719e-01,1.281000137329101562e+01,1.619999999999999885e+00,3.700000000000000000e+05
3.344737631102525643e-01,-2.098555564880371094e-01,1.317000198364257812e+01,1.619999999999999885e+00,0.000000000000000000e+00
3.345811645554133684e-01,2.976264953613281250e-01,1.334561157226562500e+01,1.619999999999999885e+00,3.700000000000000000e+05
3.355634163342839371e-01,-5.595264434814453125e-01,1.281000137329101562e+01,1.619999999999999885e+00,0.000000000000000000e+00
3.356087062322026249e-01,-3.330769538879394531e-01,1.281000137329101562e+01,1.619999999999999885e+00,3.700000000000000000e+05
3.363314585982261629e-01,2.976264953613281250e-01,1.320410919189453125e+01,1.619999999999999885e+00,0.000000000000000000e+00
3.363665023028409862e-01,4.694933891296386719e-01,1.317000198364257812e+01,1.619999999999999885e+00,3.700000000000000000e+05
3.370267058513962688e-01,-1.066274642944335938e-01,1.281000137329101562e+01,1.619999999999999885e+00,0.000000000000000000e+00
3.370511354577228613e-01,-6.237363815307617188e-02,1.269615173339843750e+01,1.619999999999999885e+00,3.700000000000000000e+05
3.379201259867684048e-01,6.959428787231445312e-01,1.317000198364257812e+01,1.619999999999999885e+00,0.000000000000000000e+00
3.379654158846870926e-01,9.223923683166503906e-01,1.317000198364257812e+01,1.619999999999999885e+00,3.700000000000000000e+05
3.386256190402582300e-01,3.462719917297363281e-01,1.281000137329101562e+01,1.619999999999999885e+00,0.000000000000000000e+00
3.386709089381769178e-01,5.727214813232421875e-01,1.281000137329101562e+01,1.619999999999999885e+00,3.700000000000000000e+05
3.393311120937480552e-01,1.148841857910156250e+00,1.317000198364257812e+01,1.619999999999999885e+00,0.000000000000000000e+00
3.393764020870341791e-01,1.375291824340820312e+00,1.317000198364257812e+01,1.619999999999999885e+00,3.700000000000000000e+05
3.400366052426053165e-01,7.991714477539062500e-01,1.281000137329101562e+01,1.619999999999999885e+00,0.000000000000000000e+00
3.400818951405240043e-01,1.025620937347412109e+00,1.281000137329101562e+01,1.619999999999999885e+00,3.700000000000000000e+05
3.407420982960951417e-01,1.601741313934326172e+00,1.317000198364257812e+01,1.619999999999999885e+00,0.000000000000000000e+00
3.426005202533013438e-01,7.758178353309631348e+00,2.013000106811523438e+01,1.619999999999999885e+00,3.700000000000000000e+05
3.432607234579954647e-01,8.334298789501190186e+00,2.049000167846679688e+01,1.619999999999999885e+00,0.000000000000000000e+00
3.433060133916769341e-01,8.560748457908630371e+00,2.049000167846679688e+01,1.619999999999999885e+00,3.700000000000000000e+05
3.439662166454940939e-01,7.984627962112426758e+00,2.013000106811523438e+01,1.619999999999999885e+00,0.000000000000000000e+00
3.440115065672546546e-01,8.211077570915222168e+00,2.013000106811523438e+01,1.619999999999999885e+00,3.700000000000000000e+05
3.446717097228257920e-01,8.787197947502136230e+00,2.049000167846679688e+01,1.619999999999999885e+00,0.000000000000000000e+00
3.447169996445863527e-01,9.013647556304931641e+00,2.049000167846679688e+01,1.619999999999999885e+00,3.700000000000000000e+05
3.453772028492804735e-01,8.437527120113372803e+00,2.013000106811523438e+01,1.619999999999999885e+00,0.000000000000000000e+00
3.454224927829619429e-01,8.663976788520812988e+00,2.013000106811523438e+01,1.619999999999999885e+00,3.700000000000000000e+05
3.460826959385330803e-01,9.240097165107727051e+00,2.049000167846679688e+01,1.619999999999999885e+00,0.000000000000000000e+00
3.461279858602936410e-01,9.466546773910522461e+00,2.049000167846679688e+01,1.619999999999999885e+00,3.700000000000000000e+05
3.467881891141108008e-01,8.890426278114318848e+00,2.013000106811523438e+01,1.619999999999999885e+00,0.000000000000000000e+00
3.468277981452229097e-01,9.087626338005065918e+00,2.011172485351562500e+01,1.619999999999999885e+00,3.700000000000000000e+05
3.475215192234973327e-01,9.692996263504028320e+00,2.049000167846679688e+01,1.619999999999999885e+00,0.000000000000000000e+00
3.475668091690997663e-01,9.919445991516113281e+00,2.049000167846679688e+01,1.619999999999999885e+00,3.700000000000000000e+05
3.485200298567127652e-01,9.087626338005065918e+00,1.997022247314453125e+01,1.619999999999999885e+00,0.000000000000000000e+00
3.485483299513172373e-01,9.087626338005065918e+00,1.982872200012207031e+01,1.619999999999999885e+00,3.700000000000000000e+05
3.489608703738913964e-01,9.447626352310180664e+00,2.005367469787597656e+01,1.619999999999999885e+00,0.000000000000000000e+00
3.489891704684958684e-01,9.447626352310180664e+00,1.991217422485351562e+01,1.619999999999999885e+00,3.700000000000000000e+05
3.494017118733275251e-01,9.087626338005065918e+00,1.968721961975097656e+01,1.619999999999999885e+00,0.000000000000000000e+00
3.494300119679319971e-01,9.087626338005065918e+00,1.954571914672851562e+01,1.619999999999999885e+00,3.700000000000000000e+05
3.498425523905061563e-01,9.447626352310180664e+00,1.977067184448242188e+01,1.619999999999999885e+00,0.000000000000000000e+00
3.498708524851106283e-01,9.447626352310180664e+00,1.962917137145996094e+01,1.619999999999999885e+00,3.700000000000000000e+05
3.502833938899422850e-01,9.087626338005065918e+00,1.940421676635742188e+01,1.619999999999999885e+00,0.000000000000000000e+00
3.503116939845467570e-01,9.087626338005065918e+00,1.926271629333496094e+01,1.619999999999999885e+00,3.700000000000000000e+05
3.507242344071209161e-01,9.447626352310180664e+00,1.948766899108886719e+01,1.619999999999999885e+00,0.000000000000000000e+00
3.507525345017253882e-01,9.447626352310180664e+00,1.934616851806640625e+01,1.619999999999999885e+00,3.700000000000000000e+05
3.511650759065570448e-01,9.087626338005065918e+00,1.912121391296386719e+01,1.619999999999999885e+00,0.000000000000000000e+00
3.511933760011615169e-01,9.087626338005065918e+00,1.897971343994140625e+01,1.619999999999999885e+00,3.700000000000000000e+05
3.516059164237356760e-01,9.447626352310180664e+00,1.920466613769531250e+01,1.619999999999999885e+00,0.000000000000000000e+00
3.516342165183401480e-01,9.447626352310180664e+00,1.906316566467285156e+01,1.619999999999999885e+00,3.700000000000000000e+05
3.520467569409143072e-01,9.087626338005065918e+00,1.883821296691894531e+01,1.619999999999999885e+00,0.000000000000000000e+00
3.520750574169885239e-01,9.087626338005065918e+00,1.869671058654785156e+01,1.619999999999999885e+00,3.700000000000000000e+05
3.524875978395626830e-01,9.447626352310180664e+00,1.892166328430175781e+01,1.619999999999999885e+00,0.000000000000000000e+00
3.525158979341671550e-01,9.447626352310180664e+00,1.878016281127929688e+01,1.619999999999999885e+00,3.700000000000000000e+05
3.533964631361831699e-01,8.679209232330322266e+00,1.830000114440917969e+01,1.619999999999999885e+00,0.000000000000000000e+00
3.534417530341018576e-01,8.905658721923828125e+00,1.830000114440917969e+01,1.619999999999999885e+00,3.700000000000000000e+05
3.541019563861650399e-01,9.481779336929321289e+00,1.866000175476074219e+01,1.619999999999999885e+00,0.000000000000000000e+00
3.541472462840837276e-01,9.708228826522827148e+00,1.866000175476074219e+01,1.619999999999999885e+00,3.700000000000000000e+05
3.548584227001433389e-01,9.087626338005065918e+00,1.827220726013183594e+01,1.619999999999999885e+00,0.000000000000000000e+00
3.548867231762175556e-01,9.087626338005065918e+00,1.813070487976074219e+01,1.619999999999999885e+00,3.700000000000000000e+05
3.558573992016151877e-01,9.934678554534912109e+00,1.866000175476074219e+01,1.619999999999999885e+00,0.000000000000000000e+00
3.559026890995338754e-01,1.016112804412841797e+01,1.866000175476074219e+01,1.619999999999999885e+00,3.700000000000000000e+05
3.565628922551050128e-01,9.585007667541503906e+00,1.830000114440917969e+01,1.619999999999999885e+00,0.000000000000000000e+00
3.566081821530237006e-01,9.811457157135009766e+00,1.830000114440917969e+01,1.619999999999999885e+00,3.700000000000000000e+05
3.572683855050868829e-01,1.038757777214050293e+01,1.866000175476074219e+01,1.619999999999999885e+00,0.000000000000000000e+00
3.573136754030055706e-01,1.061402726173400879e+01,1.866000175476074219e+01,1.619999999999999885e+00,3.700000000000000000e+05
3.579738785585767080e-01,1.003790688514709473e+01,1.830000114440917969e+01,1.619999999999999885e+00,0.000000000000000000e+00
3.580191684564953958e-01,1.026435637474060059e+01,1.830000114440917969e+01,1.619999999999999885e+00,3.700000000000000000e+05
3.586793716120665332e-01,1.084047675132751465e+01,1.866000175476074219e+01,1.619999999999999885e+00,0.000000000000000000e+00
3.604322992341293386e-01,2.353853225708007812e+00,1.647000122070312500e+01,1.619999999999999885e+00,3.700000000000000000e+05
3.610925023897004760e-01,2.929973602294921875e+00,1.683000183105468750e+01,1.619999999999999885e+00,0.000000000000000000e+00
3.611377922876191637e-01,3.156423091888427734e+00,1.683000183105468750e+01,1.619999999999999885e+00,3.700000000000000000e+05
3.617979954431903011e-01,2.580302715301513672e+00,1.647000122070312500e+01,1.619999999999999885e+00,0.000000000000000000e+00
3.618432853411089889e-01,2.806752204895019531e+00,1.647000122070312500e+01,1.619999999999999885e+00,3.700000000000000000e+05
3.625034884966801263e-01,3.382872581481933594e+00,1.683000183105468750e+01,1.619999999999999885e+00,0.000000000000000000e+00
3.626264048394046147e-01,3.957626342773437500e+00,1.704764556884765625e+01,1.619999999999999885e+00,3.700000000000000000e+05
3.636857453942883289e-01,3.033201694488525391e+00,1.647000122070312500e+01,1.619999999999999885e+00,0.000000000000000000e+00
3.637310353875744529e-01,3.259651660919189453e+00,1.647000122070312500e+01,1.619999999999999885e+00,3.700000000000000000e+05
3.645308771188832120e-01,3.957626342773437500e+00,1.690614509582519531e+01,1.619999999999999885e+00,0.000000000000000000e+00
3.645567521642776865e-01,4.062221527099609375e+00,1.683000183105468750e+01,1.619999999999999885e+00,3.700000000000000000e+05
3.652169553198488239e-01,3.486101150512695312e+00,1.647000122070312500e+01,1.619999999999999885e+00,0.000000000000000000e+00
3.652434844048095264e-01,3.597626447677612305e+00,1.639818954467773438e+01,1.619999999999999885e+00,3.700000000000000000e+05
3.660353839968373268e-01,4.288671016693115234e+00,1.683000183105468750e+01,1.619999999999999885e+00,0.000000000000000000e+00
3.660806739424397604e-01,4.515120744705200195e+00,1.683000183105468750e+01,1.619999999999999885e+00,3.700000000000000000e+05
3.671320731438061369e-01,3.597626447677612305e+00,1.625668716430664062e+01,1.619999999999999885e+00,0.000000000000000000e+00
3.671603732384106089e-01,3.597626447677612305e+00,1.611518669128417969e+01,1.619999999999999885e+00,3.700000000000000000e+05
3.675729135627386901e-01,3.957626342773437500e+00,1.634013938903808594e+01,1.619999999999999885e+00,0.000000000000000000e+00
3.676012140388129068e-01,3.957626342773437500e+00,1.619863700866699219e+01,1.619999999999999885e+00,3.700000000000000000e+05
3.680137543631409880e-01,3.597626447677612305e+00,1.597368431091308594e+01,1.619999999999999885e+00,0.000000000000000000e+00
3.680420544577454600e-01,3.597626447677612305e+00,1.583218383789062500e+01,1.619999999999999885e+00,3.700000000000000000e+05
3.684545947820735412e-01,3.957626342773437500e+00,1.605713653564453125e+01,1.619999999999999885e+00,0.000000000000000000e+00
3.684828952581477579e-01,3.957626342773437500e+00,1.591563415527343750e+01,1.619999999999999885e+00,3.700000000000000000e+05
3.688954355824758391e-01,3.597626447677612305e+00,1.569068145751953125e+01,1.619999999999999885e+00,0.000000000000000000e+00
3.689237356770803111e-01,3.597626447677612305e+00,1.554918098449707031e+01,1.619999999999999885e+00,3.700000000000000000e+05
3.693362760014083923e-01,3.957626342773437500e+00,1.577413368225097656e+01,1.619999999999999885e+00,0.000000000000000000e+00
3.693645760960128643e-01,3.957626342773437500e+00,1.563263320922851562e+01,1.619999999999999885e+00,3.700000000000000000e+05
3.697771174025986651e-01,3.597626447677612305e+00,1.540767860412597656e+01,1.619999999999999885e+00,0.000000000000000000e+00
3.698054174972031372e-01,3.597626447677612305e+00,1.526617813110351562e+01,1.619999999999999885e+00,3.700000000000000000e+05
3.702179578215312183e-01,3.957626342773437500e+00,1.549113082885742188e+01,1.619999999999999885e+00,0.000000000000000000e+00
3.702462579161356904e-01,3.957626342773437500e+00,1.534963035583496094e+01,1.619999999999999885e+00,3.700000000000000000e+05
3.706587992227214912e-01,3.597626447677612305e+00,1.512467575073242188e+01,1.619999999999999885e+00,0.000000000000000000e+00
3.721291645269143578e-01,-3.362373828887939453e+00,1.275660705566406250e+01,1.619999999999999885e+00,3.700000000000000000e+05
3.725417046547502276e-01,-3.722373485565185547e+00,1.253165435791015625e+01,1.619999999999999885e+00,0.000000000000000000e+00
3.725700051308244443e-01,-3.722373485565185547e+00,1.239015197753906250e+01,1.619999999999999885e+00,3.700000000000000000e+05
3.729825452586603141e-01,-3.362373828887939453e+00,1.261510467529296875e+01,1.619999999999999885e+00,0.000000000000000000e+00
3.730108457347345308e-01,-3.362373828887939453e+00,1.247360229492187500e+01,1.619999999999999885e+00,3.700000000000000000e+05
3.734233858625704006e-01,-3.722373485565185547e+00,1.224864959716796875e+01,1.619999999999999885e+00,0.000000000000000000e+00
3.734516863386446173e-01,-3.722373485565185547e+00,1.210714721679687500e+01,1.619999999999999885e+00,3.700000000000000000e+05
3.738642264664804871e-01,-3.362373828887939453e+00,1.233209991455078125e+01,1.619999999999999885e+00,0.000000000000000000e+00
3.738925261796152699e-01,-3.362373828887939453e+00,1.219060134887695312e+01,1.619999999999999885e+00,3.700000000000000000e+05
3.743050663074511397e-01,-3.722373485565185547e+00,1.196564865112304688e+01,1.619999999999999885e+00,0.000000000000000000e+00
3.743333667835253564e-01,-3.722373485565185547e+00,1.182414627075195312e+01,1.619999999999999885e+00,3.700000000000000000e+05
3.747459069113612262e-01,-3.362373828887939453e+00,1.204909896850585938e+01,1.619999999999999885e+00,0.000000000000000000e+00
3.747742073874354429e-01,-3.362373828887939453e+00,1.190759658813476562e+01,1.619999999999999885e+00,3.700000000000000000e+05
3.751867475152713127e-01,-3.722373485565185547e+00,1.168264389038085938e+01,1.619999999999999885e+00,0.000000000000000000e+00
3.752150479913455294e-01,-3.722373485565185547e+00,1.154114151000976562e+01,1.619999999999999885e+00,3.700000000000000000e+05
3.756275881191813992e-01,-3.362373828887939453e+00,1.176609420776367188e+01,1.619999999999999885e+00,0.000000000000000000e+00
3.756558878323161821e-01,-3.362373828887939453e+00,1.162459564208984375e+01,1.619999999999999885e+00,3.700000000000000000e+05
3.760684279601520519e-01,-3.722373485565185547e+00,1.139964294433593750e+01,1.619999999999999885e+00,0.000000000000000000e+00
3.760967284362262686e-01,-3.722373485565185547e+00,1.125814056396484375e+01,1.619999999999999885e+00,3.700000000000000000e+05
3.765092685640621384e-01,-3.362373828887939453e+00,1.148309326171875000e+01,1.619999999999999885e+00,0.000000000000000000e+00
3.765375690401363551e-01,-3.362373828887939453e+00,1.134159088134765625e+01,1.619999999999999885e+00,3.700000000000000000e+05
3.769501091679722249e-01,-3.722373485565185547e+00,1.111663818359375000e+01,1.619999999999999885e+00,0.000000000000000000e+00
3.769784096440464416e-01,-3.722373485565185547e+00,1.097513580322265625e+01,1.619999999999999885e+00,3.700000000000000000e+05
3.776475334125053984e-01,-3.138468265533447266e+00,1.134000015258789062e+01,1.619999999999999885e+00,0.000000000000000000e+00
3.776928234057915224e-01,-2.912018299102783203e+00,1.134000015258789062e+01,1.619999999999999885e+00,3.700000000000000000e+05
3.786214450155740985e-01,-3.722373485565185547e+00,1.083363723754882812e+01,1.619999999999999885e+00,0.000000000000000000e+00
3.786497454916483152e-01,-3.722373485565185547e+00,1.069213485717773438e+01,1.619999999999999885e+00,3.700000000000000000e+05
3.790622856194841850e-01,-3.362373828887939453e+00,1.091708755493164062e+01,1.619999999999999885e+00,0.000000000000000000e+00
3.790905860955584017e-01,-3.362373828887939453e+00,1.077558517456054688e+01,1.619999999999999885e+00,3.700000000000000000e+05
3.795031262233942715e-01,-3.722373485565185547e+00,1.055063247680664062e+01,1.619999999999999885e+00,0.000000000000000000e+00
3.795314266994684882e-01,-3.722373485565185547e+00,1.040913009643554688e+01,1.619999999999999885e+00,3.700000000000000000e+05
3.799439668273043580e-01,-3.362373828887939453e+00,1.063408279418945312e+01,1.619999999999999885e+00,0.000000000000000000e+00
3.799722665404391408e-01,-3.362373828887939453e+00,1.049258422851562500e+01,1.619999999999999885e+00,3.700000000000000000e+05
3.803848066682750106e-01,-3.722373485565185547e+00,1.026763153076171875e+01,1.619999999999999885e+00,0.000000000000000000e+00
3.804131071443492274e-01,-3.722373485565185547e+00,1.012612915039062500e+01,1.619999999999999885e+00,3.700000000000000000e+05
3.808256472721850971e-01,-3.362373828887939453e+00,1.035108184814453125e+01,1.619999999999999885e+00,0.000000000000000000e+00
3.808539477482593139e-01,-3.362373828887939453e+00,1.020957946777343750e+01,1.619999999999999885e+00,3.700000000000000000e+05
3.812664878760951837e-01,-3.722373485565185547e+00,9.984626770019531250e+00,1.619999999999999885e+00,0.000000000000000000e+00
3.812947883521694004e-01,-3.722373485565185547e+00,9.843124389648437500e+00,1.619999999999999885e+00,3.700000000000000000e+05
3.817073284800052702e-01,-3.362373828887939453e+00,1.006807708740234375e+01,1.619999999999999885e+00,0.000000000000000000e+00
3.817356281931400530e-01,-3.362373828887939453e+00,9.926578521728515625e+00,1.619999999999999885e+00,3.700000000000000000e+05
3.821481683209759228e-01,-3.722373485565185547e+00,9.701625823974609375e+00,1.619999999999999885e+00,0.000000000000000000e+00
3.821764687970501395e-01,-3.722373485565185547e+00,9.560123443603515625e+00,1.619999999999999885e+00,3.700000000000000000e+05
3.825890089248860093e-01,-3.362373828887939453e+00,9.785076141357421875e+00,1.619999999999999885e+00,0.000000000000000000e+00
3.826173094009602260e-01,-3.362373828887939453e+00,9.643573760986328125e+00,1.619999999999999885e+00,3.700000000000000000e+05
3.830298495287960958e-01,-3.722373485565185547e+00,9.418621063232421875e+00,1.619999999999999885e+00,0.000000000000000000e+00
3.830581500048703125e-01,-3.722373485565185547e+00,9.277118682861328125e+00,1.619999999999999885e+00,3.700000000000000000e+05
3.834852316627815338e-01,-3.349685192108154297e+00,9.510002136230468750e+00,1.619999999999999885e+00,0.000000000000000000e+00
3.835305216560676578e-01,-3.123235225677490234e+00,9.510002136230468750e+00,1.619999999999999885e+00,3.700000000000000000e+05
3.842171011552962812e-01,-3.722373485565185547e+00,9.135620117187500000e+00,1.619999999999999885e+00,0.000000000000000000e+00
3.842454016313704979e-01,-3.722373485565185547e+00,8.994117736816406250e+00,1.619999999999999885e+00,3.700000000000000000e+05
3.851914801504605634e-01,-2.896786212921142578e+00,9.510002136230468750e+00,1.619999999999999885e+00,0.000000000000000000e+00
3.852367701437466874e-01,-2.670336246490478516e+00,9.510002136230468750e+00,1.619999999999999885e+00,3.700000000000000000e+05
3.858969732993178248e-01,-3.246456623077392578e+00,9.150001525878906250e+00,1.619999999999999885e+00,0.000000000000000000e+00
3.859422632926039487e-01,-3.020006656646728516e+00,9.150001525878906250e+00,1.619999999999999885e+00,3.700000000000000000e+05
3.866024664481750861e-01,-2.443886280059814453e+00,9.510002136230468750e+00,1.619999999999999885e+00,0.000000000000000000e+00
3.866477562507263377e-01,-2.217437267303466797e+00,9.510002136230468750e+00,1.619999999999999885e+00,3.700000000000000000e+05
3.873079594062974751e-01,-2.793557643890380859e+00,9.150001525878906250e+00,1.619999999999999885e+00,0.000000000000000000e+00
3.873532493995835990e-01,-2.567107677459716797e+00,9.150001525878906250e+00,1.619999999999999885e+00,3.700000000000000000e+05
3.880134525551547364e-01,-1.990987300872802734e+00,9.510002136230468750e+00,1.619999999999999885e+00,0.000000000000000000e+00
3.903447120432094741e-01,5.787626385688781738e+00,1.819115638732910156e+01,1.619999999999999885e+00,3.700000000000000000e+05
3.907572524657836333e-01,5.427626371383666992e+00,1.796620368957519531e+01,1.619999999999999885e+00,0.000000000000000000e+00
3.907855525603881053e-01,5.427626371383666992e+00,1.782470321655273438e+01,1.619999999999999885e+00,3.700000000000000000e+05
3.911980929829622644e-01,5.787626385688781738e+00,1.804965591430664062e+01,1.619999999999999885e+00,0.000000000000000000e+00
3.912263934590364811e-01,5.787626385688781738e+00,1.790815353393554688e+01,1.619999999999999885e+00,3.700000000000000000e+05
3.916389338816106402e-01,5.427626371383666992e+00,1.768320083618164062e+01,1.619999999999999885e+00,0.000000000000000000e+00
3.916672339762151123e-01,5.427626371383666992e+00,1.754170036315917969e+01,1.619999999999999885e+00,3.700000000000000000e+05
3.920797743987892714e-01,5.787626385688781738e+00,1.776665306091308594e+01,1.619999999999999885e+00,0.000000000000000000e+00
3.921080748748634881e-01,5.787626385688781738e+00,1.762515068054199219e+01,1.619999999999999885e+00,3.700000000000000000e+05
3.925206152974376472e-01,5.427626371383666992e+00,1.740019798278808594e+01,1.619999999999999885e+00,0.000000000000000000e+00
3.925489153920421193e-01,5.427626371383666992e+00,1.725869750976562500e+01,1.619999999999999885e+00,3.700000000000000000e+05
3.929614558146162784e-01,5.787626385688781738e+00,1.748365020751953125e+01,1.619999999999999885e+00,0.000000000000000000e+00
3.929897559092207504e-01,5.787626385688781738e+00,1.734214973449707031e+01,1.619999999999999885e+00,3.700000000000000000e+05
3.934022973140524071e-01,5.427626371383666992e+00,1.711719512939453125e+01,1.619999999999999885e+00,0.000000000000000000e+00
3.934305974086568791e-01,5.427626371383666992e+00,1.697569465637207031e+01,1.619999999999999885e+00,3.700000000000000000e+05
3.938431378312310382e-01,5.787626385688781738e+00,1.720064735412597656e+01,1.619999999999999885e+00,0.000000000000000000e+00
3.938714379258355103e-01,5.787626385688781738e+00,1.705914688110351562e+01,1.619999999999999885e+00,3.700000000000000000e+05
3.942839793306671670e-01,5.427626371383666992e+00,1.683419227600097656e+01,1.619999999999999885e+00,0.000000000000000000e+00
3.953937480299264950e-01,3.310394287109375000e-01,1.464000320434570312e+01,1.619999999999999885e+00,3.700000000000000000e+05
3.960539492209917967e-01,9.071598052978515625e-01,1.500000000000000000e+01,1.619999999999999885e+00,0.000000000000000000e+00
3.960992391189104844e-01,1.133609294891357422e+00,1.500000000000000000e+01,1.619999999999999885e+00,3.700000000000000000e+05
3.967594403099757860e-01,5.574889183044433594e-01,1.464000320434570312e+01,1.619999999999999885e+00,0.000000000000000000e+00
3.968047302078944738e-01,7.839384078979492188e-01,1.464000320434570312e+01,1.619999999999999885e+00,3.700000000000000000e+05
3.974649313989597754e-01,1.360058784484863281e+00,1.500000000000000000e+01,1.619999999999999885e+00,0.000000000000000000e+00
3.975102213922458994e-01,1.586508750915527344e+00,1.500000000000000000e+01,1.619999999999999885e+00,3.700000000000000000e+05
3.981704229762965119e-01,1.010387897491455078e+00,1.464000320434570312e+01,1.619999999999999885e+00,0.000000000000000000e+00
3.982157129695826359e-01,1.236837863922119141e+00,1.464000320434570312e+01,1.619999999999999885e+00,3.700000000000000000e+05
3.992365079577122056e-01,2.127626419067382812e+00,1.519662857055664062e+01,1.619999999999999885e+00,0.000000000000000000e+00
3.992648084337864223e-01,2.127626419067382812e+00,1.505512619018554688e+01,1.619999999999999885e+00,3.700000000000000000e+05
4.000261040090712927e-01,1.463287353515625000e+00,1.464000320434570312e+01,1.619999999999999885e+00,0.000000000000000000e+00
4.000713939069899805e-01,1.689736843109130859e+00,1.464000320434570312e+01,1.619999999999999885e+00,3.700000000000000000e+05
4.007315950980552821e-01,2.265857219696044922e+00,1.500000000000000000e+01,1.619999999999999885e+00,0.000000000000000000e+00
4.007768849959739699e-01,2.492306709289550781e+00,1.500000000000000000e+01,1.619999999999999885e+00,3.700000000000000000e+05
4.016073279937573681e-01,1.767626285552978516e+00,1.454717254638671875e+01,1.619999999999999885e+00,0.000000000000000000e+00
4.016356284698315848e-01,1.767626285552978516e+00,1.440567016601562500e+01,1.619999999999999885e+00,3.700000000000000000e+05
4.020481689906518774e-01,2.127626419067382812e+00,1.463062286376953125e+01,1.619999999999999885e+00,0.000000000000000000e+00
4.020764694667260941e-01,2.127626419067382812e+00,1.448912048339843750e+01,1.619999999999999885e+00,3.700000000000000000e+05
4.024890099875463867e-01,1.767626285552978516e+00,1.426416778564453125e+01,1.619999999999999885e+00,0.000000000000000000e+00
4.025173104636206034e-01,1.767626285552978516e+00,1.412266540527343750e+01,1.619999999999999885e+00,3.700000000000000000e+05
4.029298509844408960e-01,2.127626419067382812e+00,1.434761810302734375e+01,1.619999999999999885e+00,0.000000000000000000e+00
4.029581506975756788e-01,2.127626419067382812e+00,1.420611953735351562e+01,1.619999999999999885e+00,3.700000000000000000e+05
4.033706912183959714e-01,1.767626285552978516e+00,1.398116683959960938e+01,1.619999999999999885e+00,0.000000000000000000e+00
4.033989916944701881e-01,1.767626285552978516e+00,1.383966445922851562e+01,1.619999999999999885e+00,3.700000000000000000e+05
4.038115322152904807e-01,2.127626419067382812e+00,1.406461715698242188e+01,1.619999999999999885e+00,0.000000000000000000e+00
4.038398326913646974e-01,2.127626419067382812e+00,1.392311477661132812e+01,1.619999999999999885e+00,3.700000000000000000e+05
4.042523732121849900e-01,1.767626285552978516e+00,1.369816207885742188e+01,1.619999999999999885e+00,0.000000000000000000e+00
4.042806736882592067e-01,1.767626285552978516e+00,1.355665969848632812e+01,1.619999999999999885e+00,3.700000000000000000e+05
4.046932142090794993e-01,2.127626419067382812e+00,1.378161239624023438e+01,1.619999999999999885e+00,0.000000000000000000e+00
4.047215139222142821e-01,2.127626419067382812e+00,1.364011383056640625e+01,1.619999999999999885e+00,3.700000000000000000e+05
4.051340544430345747e-01,1.767626285552978516e+00,1.341516113281250000e+01,1.619999999999999885e+00,0.000000000000000000e+00
4.051623549191087914e-01,1.767626285552978516e+00,1.327365875244140625e+01,1.619999999999999885e+00,3.700000000000000000e+05
4.055748954399290840e-01,2.127626419067382812e+00,1.349861145019531250e+01,1.619999999999999885e+00,0.000000000000000000e+00
4.056031959160033007e-01,2.127626419067382812e+00,1.335710906982421875e+01,1.619999999999999885e+00,3.700000000000000000e+05
4.066065359593321604e-01,1.252069950103759766e+00,1.281000137329101562e+01,1.619999999999999885e+00,0.000000000000000000e+00
4.066518259526182844e-01,1.478519916534423828e+00,1.281000137329101562e+01,1.619999999999999885e+00,3.700000000000000000e+05
4.073956681546296865e-01,2.127626419067382812e+00,1.321561050415039062e+01,1.619999999999999885e+00,0.000000000000000000e+00
4.074276876119173330e-01,2.281089782714843750e+00,1.317000198364257812e+01,1.619999999999999885e+00,3.700000000000000000e+05
4.080878907674884704e-01,1.704969406127929688e+00,1.281000137329101562e+01,1.619999999999999885e+00,0.000000000000000000e+00
4.081118916547298303e-01,1.767626285552978516e+00,1.270765304565429688e+01,1.619999999999999885e+00,3.700000000000000000e+05
4.089597919548046967e-01,2.507539272308349609e+00,1.317000198364257812e+01,1.619999999999999885e+00,0.000000000000000000e+00
4.090050818527233845e-01,2.733988761901855469e+00,1.317000198364257812e+01,1.619999999999999885e+00,3.700000000000000000e+05
4.096652850082945219e-01,2.157868385314941406e+00,1.281000137329101562e+01,1.619999999999999885e+00,0.000000000000000000e+00
4.097105749062132096e-01,2.384317874908447266e+00,1.281000137329101562e+01,1.619999999999999885e+00,3.700000000000000000e+05
4.103707784547684922e-01,2.960438728332519531e+00,1.317000198364257812e+01,1.619999999999999885e+00,0.000000000000000000e+00
4.104160683526871800e-01,3.186888217926025391e+00,1.317000198364257812e+01,1.619999999999999885e+00,3.700000000000000000e+05
4.110762715082583174e-01,2.610767841339111328e+00,1.281000137329101562e+01,1.619999999999999885e+00,0.000000000000000000e+00
4.111215614061770052e-01,2.837217330932617188e+00,1.281000137329101562e+01,1.619999999999999885e+00,3.700000000000000000e+05
4.117817645617481426e-01,3.413337707519531250e+00,1.317000198364257812e+01,1.619999999999999885e+00,0.000000000000000000e+00
4.136401865663432154e-01,9.569775104522705078e+00,2.013000106811523438e+01,1.619999999999999885e+00,3.700000000000000000e+05
4.143003897219143528e-01,1.014589548110961914e+01,2.049000167846679688e+01,1.619999999999999885e+00,0.000000000000000000e+00
4.143456796675167864e-01,1.037234520912170410e+01,2.049000167846679688e+01,1.619999999999999885e+00,3.700000000000000000e+05
4.150058830195799686e-01,9.796224594116210938e+00,2.013000106811523438e+01,1.619999999999999885e+00,0.000000000000000000e+00
4.150511729651824022e-01,1.002267432212829590e+01,2.013000106811523438e+01,1.619999999999999885e+00,3.700000000000000000e+05
4.157113761207535396e-01,1.059879469871520996e+01,2.049000167846679688e+01,1.619999999999999885e+00,0.000000000000000000e+00
4.157566660186722274e-01,1.082524418830871582e+01,2.049000167846679688e+01,1.619999999999999885e+00,3.700000000000000000e+05
4.164168691742433648e-01,1.024912381172180176e+01,2.013000106811523438e+01,1.619999999999999885e+00,0.000000000000000000e+00
4.164621591198457984e-01,1.047557353973388672e+01,2.013000106811523438e+01,1.619999999999999885e+00,3.700000000000000000e+05
4.171223622754169358e-01,1.105169391632080078e+01,2.049000167846679688e+01,1.619999999999999885e+00,0.000000000000000000e+00
4.171675487933451110e-01,1.127762627601623535e+01,2.048967933654785156e+01,1.619999999999999885e+00,3.700000000000000000e+05
4.178271597562853712e-01,1.070202302932739258e+01,2.013000106811523438e+01,1.619999999999999885e+00,0.000000000000000000e+00
4.178703017221041538e-01,1.091762638092041016e+01,2.012322425842285156e+01,1.619999999999999885e+00,3.700000000000000000e+05
4.182828420464322350e-01,1.127762627601623535e+01,2.034817695617675781e+01,1.619999999999999885e+00,0.000000000000000000e+00
4.183111421410367070e-01,1.127762627601623535e+01,2.020667648315429688e+01,1.619999999999999885e+00,3.700000000000000000e+05
4.187236824653647882e-01,1.091762638092041016e+01,1.998172378540039062e+01,1.619999999999999885e+00,0.000000000000000000e+00
4.187519829414390049e-01,1.091762638092041016e+01,1.984022140502929688e+01,1.619999999999999885e+00,3.700000000000000000e+05
4.191645232657670861e-01,1.127762627601623535e+01,2.006517410278320312e+01,1.619999999999999885e+00,0.000000000000000000e+00
4.191928233603715581e-01,1.127762627601623535e+01,1.992367362976074219e+01,1.619999999999999885e+00,3.700000000000000000e+05
4.196053636846996393e-01,1.091762638092041016e+01,1.969872093200683594e+01,1.619999999999999885e+00,0.000000000000000000e+00
4.196336641607738560e-01,1.091762638092041016e+01,1.955721855163574219e+01,1.619999999999999885e+00,3.700000000000000000e+05
4.200462044851019372e-01,1.127762627601623535e+01,1.978217124938964844e+01,1.619999999999999885e+00,0.000000000000000000e+00
4.200745045797064092e-01,1.127762627601623535e+01,1.964067077636718750e+01,1.619999999999999885e+00,3.700000000000000000e+05
4.204870449040344904e-01,1.091762638092041016e+01,1.941571807861328125e+01,1.619999999999999885e+00,0.000000000000000000e+00
4.205153453801087071e-01,1.091762638092041016e+01,1.927421569824218750e+01,1.619999999999999885e+00,3.700000000000000000e+05
4.209278857044367883e-01,1.127762627601623535e+01,1.949916839599609375e+01,1.619999999999999885e+00,0.000000000000000000e+00
4.209561857990412603e-01,1.127762627601623535e+01,1.935766792297363281e+01,1.619999999999999885e+00,3.700000000000000000e+05
4.213687261233693415e-01,1.091762638092041016e+01,1.913271522521972656e+01,1.619999999999999885e+00,0.000000000000000000e+00
4.213970265994435582e-01,1.091762638092041016e+01,1.899121284484863281e+01,1.619999999999999885e+00,3.700000000000000000e+05
4.218095669237716394e-01,1.127762627601623535e+01,1.921616554260253906e+01,1.619999999999999885e+00,0.000000000000000000e+00
4.218378670183761114e-01,1.127762627601623535e+01,1.907466506958007812e+01,1.619999999999999885e+00,3.700000000000000000e+05
4.222504073427041926e-01,1.091762638092041016e+01,1.884971237182617188e+01,1.619999999999999885e+00,0.000000000000000000e+00
4.222787078187784093e-01,1.091762638092041016e+01,1.870820999145507812e+01,1.619999999999999885e+00,3.700000000000000000e+05
4.226912481431064905e-01,1.127762627601623535e+01,1.893316268920898438e+01,1.619999999999999885e+00,0.000000000000000000e+00
4.227195482377109625e-01,1.127762627601623535e+01,1.879166221618652344e+01,1.619999999999999885e+00,3.700000000000000000e+05
4.236212024899489448e-01,1.049080586433410645e+01,1.830000114440917969e+01,1.619999999999999885e+00,0.000000000000000000e+00
4.236664923878676325e-01,1.071725535392761230e+01,1.830000114440917969e+01,1.619999999999999885e+00,3.700000000000000000e+05
4.243266957399308148e-01,1.129337596893310547e+01,1.866000175476074219e+01,1.619999999999999885e+00,0.000000000000000000e+00
4.243719856378495026e-01,1.151982545852661133e+01,1.866000175476074219e+01,1.619999999999999885e+00,3.700000000000000000e+05
4.250620729054405689e-01,1.091762638092041016e+01,1.828370666503906250e+01,1.619999999999999885e+00,0.000000000000000000e+00
4.250903733815147856e-01,1.091762638092041016e+01,1.814220428466796875e+01,1.619999999999999885e+00,3.700000000000000000e+05
4.260399600619519944e-01,1.174627494812011719e+01,1.866000175476074219e+01,1.619999999999999885e+00,0.000000000000000000e+00
4.260852499598706822e-01,1.197272443771362305e+01,1.866000175476074219e+01,1.619999999999999885e+00,3.700000000000000000e+05
4.267454529189497747e-01,1.139660429954528809e+01,1.830000114440917969e+01,1.619999999999999885e+00,0.000000000000000000e+00
4.267907427691847722e-01,1.162305355072021484e+01,1.830000114440917969e+01,1.619999999999999885e+00,3.700000000000000000e+05
4.274509463177400548e-01,1.219917440414428711e+01,1.866000175476074219e+01,1.619999999999999885e+00,0.000000000000000000e+00
4.274962362156587425e-01,1.242562389373779297e+01,1.866000175476074219e+01,1.619999999999999885e+00,3.700000000000000000e+05
4.281564393712298799e-01,1.184950351715087891e+01,1.830000114440917969e+01,1.619999999999999885e+00,0.000000000000000000e+00
4.282017292691485677e-01,1.207595300674438477e+01,1.830000114440917969e+01,1.619999999999999885e+00,3.700000000000000000e+05
4.288619324247197051e-01,1.265207338333129883e+01,1.866000175476074219e+01,1.619999999999999885e+00,0.000000000000000000e+00
4.289072223226383929e-01,1.287852287292480469e+01,1.866000175476074219e+01,1.619999999999999885e+00,3.700000000000000000e+05
4.295674254782095303e-01,1.230240249633789062e+01,1.830000114440917969e+01,1.619999999999999885e+00,0.000000000000000000e+00
4.296127153761282180e-01,1.252885198593139648e+01,1.830000114440917969e+01,1.619999999999999885e+00,3.700000000000000000e+05
4.302729185316993554e-01,1.310497236251831055e+01,1.866000175476074219e+01,1.619999999999999885e+00,0.000000000000000000e+00
4.303182085249854794e-01,1.333142232894897461e+01,1.866000175476074219e+01,1.619999999999999885e+00,3.700000000000000000e+05
4.309872069388464011e-01,1.274762630462646484e+01,1.829520606994628906e+01,1.619999999999999885e+00,0.000000000000000000e+00
4.310155074149206178e-01,1.274762630462646484e+01,1.815370368957519531e+01,1.619999999999999885e+00,3.700000000000000000e+05
4.319440052416277931e-01,1.355787181854248047e+01,1.866000175476074219e+01,1.619999999999999885e+00,0.000000000000000000e+00
4.319892951395464809e-01,1.378432130813598633e+01,1.866000175476074219e+01,1.619999999999999885e+00,3.700000000000000000e+05
4.326494982951176183e-01,1.320820093154907227e+01,1.830000114440917969e+01,1.619999999999999885e+00,0.000000000000000000e+00
4.326947881930363060e-01,1.343465042114257812e+01,1.830000114440917969e+01,1.619999999999999885e+00,3.700000000000000000e+05
4.333549917415915886e-01,1.401077127456665039e+01,1.866000175476074219e+01,1.619999999999999885e+00,0.000000000000000000e+00
4.334002816395102764e-01,1.423722076416015625e+01,1.866000175476074219e+01,1.619999999999999885e+00,3.700000000000000000e+05
4.340604847950814138e-01,1.366110038757324219e+01,1.830000114440917969e+01,1.619999999999999885e+00,0.000000000000000000e+00
4.341057746930001016e-01,1.388754987716674805e+01,1.830000114440917969e+01,1.619999999999999885e+00,3.700000000000000000e+05
4.347659778485712390e-01,1.446367025375366211e+01,1.866000175476074219e+01,1.619999999999999885e+00,0.000000000000000000e+00
4.348112677464899267e-01,1.469011974334716797e+01,1.866000175476074219e+01,1.619999999999999885e+00,3.700000000000000000e+05
4.354714709020610641e-01,1.411399936676025391e+01,1.830000114440917969e+01,1.619999999999999885e+00,0.000000000000000000e+00
4.355167607999797519e-01,1.434044885635375977e+01,1.830000114440917969e+01,1.619999999999999885e+00,3.700000000000000000e+05
4.361769639555508893e-01,1.491656923294067383e+01,1.866000175476074219e+01,1.619999999999999885e+00,0.000000000000000000e+00
4.362029758587936401e-01,1.493762636184692383e+01,1.853165817260742188e+01,1.619999999999999885e+00,3.700000000000000000e+05
4.366278103680385492e-01,1.456689834594726562e+01,1.830000114440917969e+01,1.619999999999999885e+00,0.000000000000000000e+00
4.366548552209496004e-01,1.457762622833251953e+01,1.816520309448242188e+01,1.619999999999999885e+00,3.700000000000000000e+05
4.370673967240271685e-01,1.493762636184692383e+01,1.839015769958496094e+01,1.619999999999999885e+00,0.000000000000000000e+00
4.370956972001013852e-01,1.493762636184692383e+01,1.824865531921386719e+01,1.619999999999999885e+00,3.700000000000000000e+05
4.375082377209216777e-01,1.457762622833251953e+01,1.802370262145996094e+01,1.619999999999999885e+00,0.000000000000000000e+00
4.375365381969958944e-01,1.457762622833251953e+01,1.788220024108886719e+01,1.619999999999999885e+00,3.700000000000000000e+05
4.379490797000734625e-01,1.493762636184692383e+01,1.810715484619140625e+01,1.619999999999999885e+00,0.000000000000000000e+00
4.379773801761476792e-01,1.493762636184692383e+01,1.796565246582031250e+01,1.619999999999999885e+00,3.700000000000000000e+05
4.383899206969679718e-01,1.457762622833251953e+01,1.774069976806640625e+01,1.619999999999999885e+00,0.000000000000000000e+00
4.384182207915724439e-01,1.457762622833251953e+01,1.759919929504394531e+01,1.619999999999999885e+00,3.700000000000000000e+05
4.388307613123927364e-01,1.493762636184692383e+01,1.782415199279785156e+01,1.619999999999999885e+00,0.000000000000000000e+00
4.388590617884669531e-01,1.493762636184692383e+01,1.768264961242675781e+01,1.619999999999999885e+00,3.700000000000000000e+05
4.392716023092872457e-01,1.457762622833251953e+01,1.745769691467285156e+01,1.619999999999999885e+00,0.000000000000000000e+00
4.392999024038917177e-01,1.457762622833251953e+01,1.731619644165039062e+01,1.619999999999999885e+00,3.700000000000000000e+05
4.397124429247120103e-01,1.493762636184692383e+01,1.754114913940429688e+01,1.619999999999999885e+00,0.000000000000000000e+00
4.397407434007862270e-01,1.493762636184692383e+01,1.739964675903320312e+01,1.619999999999999885e+00,3.700000000000000000e+05
4.401532839216065196e-01,1.457762622833251953e+01,1.717469406127929688e+01,1.619999999999999885e+00,0.000000000000000000e+00
4.401815840162109916e-01,1.457762622833251953e+01,1.703319358825683594e+01,1.619999999999999885e+00,3.700000000000000000e+05
4.405941245370312842e-01,1.493762636184692383e+01,1.725814628601074219e+01,1.619999999999999885e+00,0.000000000000000000e+00
4.406224250131055009e-01,1.493762636184692383e+01,1.711664390563964844e+01,1.619999999999999885e+00,3.700000000000000000e+05
4.410349655339257935e-01,1.457762622833251953e+01,1.689169120788574219e+01,1.619999999999999885e+00,0.000000000000000000e+00
4.431191079399835475e-01,4.165449857711791992e+00,1.647000122070312500e+01,1.619999999999999885e+00,3.700000000000000000e+05
4.437793110955546849e-01,4.741570234298706055e+00,1.683000183105468750e+01,1.619999999999999885e+00,0.000000000000000000e+00
4.438246010411571185e-01,4.968019962310791016e+00,1.683000183105468750e+01,1.619999999999999885e+00,3.700000000000000000e+05
4.444848041967282559e-01,4.391899585723876953e+00,1.647000122070312500e+01,1.619999999999999885e+00,0.000000000000000000e+00
4.445300940946469437e-01,4.618349075317382812e+00,1.647000122070312500e+01,1.619999999999999885e+00,3.700000000000000000e+05
4.451902972502180811e-01,5.194469451904296875e+00,1.683000183105468750e+01,1.619999999999999885e+00,0.000000000000000000e+00
4.452355871958205147e-01,5.420919179916381836e+00,1.683000183105468750e+01,1.619999999999999885e+00,3.700000000000000000e+05
4.458957905478836969e-01,4.844798564910888672e+00,1.647000122070312500e+01,1.619999999999999885e+00,0.000000000000000000e+00
4.459410804934861305e-01,5.071248292922973633e+00,1.647000122070312500e+01,1.619999999999999885e+00,3.700000000000000000e+05
4.467620113732629905e-01,5.787626385688781738e+00,1.691764450073242188e+01,1.619999999999999885e+00,0.000000000000000000e+00
4.467865961489604354e-01,5.873818278312683105e+00,1.683000183105468750e+01,1.619999999999999885e+00,3.700000000000000000e+05
4.474467994027775952e-01,5.297697782516479492e+00,1.647000122070312500e+01,1.619999999999999885e+00,0.000000000000000000e+00
4.474754483177674769e-01,5.427626371383666992e+00,1.640968894958496094e+01,1.619999999999999885e+00,3.700000000000000000e+05
4.482462589578191103e-01,6.100267767906188965e+00,1.683000183105468750e+01,1.619999999999999885e+00,0.000000000000000000e+00
4.482915488795796710e-01,6.326717376708984375e+00,1.683000183105468750e+01,1.619999999999999885e+00,3.700000000000000000e+05
4.493218590307239135e-01,5.427626371383666992e+00,1.626818656921386719e+01,1.619999999999999885e+00,0.000000000000000000e+00
4.493501591253283856e-01,5.427626371383666992e+00,1.612668609619140625e+01,1.619999999999999885e+00,3.700000000000000000e+05
4.497626995479025447e-01,5.787626385688781738e+00,1.635163879394531250e+01,1.619999999999999885e+00,0.000000000000000000e+00
4.497909996425070167e-01,5.787626385688781738e+00,1.621013832092285156e+01,1.619999999999999885e+00,3.700000000000000000e+05
4.502035410473386734e-01,5.427626371383666992e+00,1.598518371582031250e+01,1.619999999999999885e+00,0.000000000000000000e+00
4.502318411419431454e-01,5.427626371383666992e+00,1.584368324279785156e+01,1.619999999999999885e+00,3.700000000000000000e+05
4.506443815645173046e-01,5.787626385688781738e+00,1.606863594055175781e+01,1.619999999999999885e+00,0.000000000000000000e+00
4.506726816591217766e-01,5.787626385688781738e+00,1.592713546752929688e+01,1.619999999999999885e+00,3.700000000000000000e+05
4.510852230639534333e-01,5.427626371383666992e+00,1.570218086242675781e+01,1.619999999999999885e+00,0.000000000000000000e+00
4.511135231585579053e-01,5.427626371383666992e+00,1.556068038940429688e+01,1.619999999999999885e+00,3.700000000000000000e+05
4.515260635811320644e-01,5.787626385688781738e+00,1.578563308715820312e+01,1.619999999999999885e+00,0.000000000000000000e+00
4.515543636757365364e-01,5.787626385688781738e+00,1.564413261413574219e+01,1.619999999999999885e+00,3.700000000000000000e+05
4.519669040983106956e-01,5.427626371383666992e+00,1.541917991638183594e+01,1.619999999999999885e+00,0.000000000000000000e+00
4.519952041929151676e-01,5.427626371383666992e+00,1.527767944335937500e+01,1.619999999999999885e+00,3.700000000000000000e+05
4.524077436332378244e-01,5.787626385688781738e+00,1.550263023376464844e+01,1.619999999999999885e+00,0.000000000000000000e+00
4.524360437278422964e-01,5.787626385688781738e+00,1.536112976074218750e+01,1.619999999999999885e+00,3.700000000000000000e+05
4.528485841504164555e-01,5.427626371383666992e+00,1.513617706298828125e+01,1.619999999999999885e+00,0.000000000000000000e+00
4.543189497003570221e-01,-1.532373905181884766e+00,1.276810455322265625e+01,1.619999999999999885e+00,3.700000000000000000e+05
4.547314898281928919e-01,-1.892373561859130859e+00,1.254315185546875000e+01,1.619999999999999885e+00,0.000000000000000000e+00
4.547597903042671086e-01,-1.892373561859130859e+00,1.240164947509765625e+01,1.619999999999999885e+00,3.700000000000000000e+05
4.551723304321029784e-01,-1.532373905181884766e+00,1.262660217285156250e+01,1.619999999999999885e+00,0.000000000000000000e+00
4.552006301452377612e-01,-1.532373905181884766e+00,1.248510360717773438e+01,1.619999999999999885e+00,3.700000000000000000e+05
4.556131702730736310e-01,-1.892373561859130859e+00,1.226015090942382812e+01,1.619999999999999885e+00,0.000000000000000000e+00
4.556414707491478477e-01,-1.892373561859130859e+00,1.211864852905273438e+01,1.619999999999999885e+00,3.700000000000000000e+05
4.560540108769837175e-01,-1.532373905181884766e+00,1.234360122680664062e+01,1.619999999999999885e+00,0.000000000000000000e+00
4.560823113530579342e-01,-1.532373905181884766e+00,1.220209884643554688e+01,1.619999999999999885e+00,3.700000000000000000e+05
4.564948514808938040e-01,-1.892373561859130859e+00,1.197714614868164062e+01,1.619999999999999885e+00,0.000000000000000000e+00
4.565231519569680207e-01,-1.892373561859130859e+00,1.183564376831054688e+01,1.619999999999999885e+00,3.700000000000000000e+05
4.569356920848038905e-01,-1.532373905181884766e+00,1.206059646606445312e+01,1.619999999999999885e+00,0.000000000000000000e+00
4.569639917979386734e-01,-1.532373905181884766e+00,1.191909790039062500e+01,1.619999999999999885e+00,3.700000000000000000e+05
4.573765319257745432e-01,-1.892373561859130859e+00,1.169414520263671875e+01,1.619999999999999885e+00,0.000000000000000000e+00
4.574048324018487599e-01,-1.892373561859130859e+00,1.155264282226562500e+01,1.619999999999999885e+00,3.700000000000000000e+05
4.578173725296846297e-01,-1.532373905181884766e+00,1.177759552001953125e+01,1.619999999999999885e+00,0.000000000000000000e+00
4.578456730057588464e-01,-1.532373905181884766e+00,1.163609313964843750e+01,1.619999999999999885e+00,3.700000000000000000e+05
4.582582131335947162e-01,-1.892373561859130859e+00,1.141114044189453125e+01,1.619999999999999885e+00,0.000000000000000000e+00
4.605954320394435864e-01,7.617626368999481201e+00,1.820265769958496094e+01,1.619999999999999885e+00,3.700000000000000000e+05
4.610079734442752430e-01,7.257626354694366455e+00,1.797770309448242188e+01,1.619999999999999885e+00,0.000000000000000000e+00
4.610362735388797151e-01,7.257626354694366455e+00,1.783620262145996094e+01,1.619999999999999885e+00,3.700000000000000000e+05
4.614488139614538742e-01,7.617626368999481201e+00,1.806115531921386719e+01,1.619999999999999885e+00,0.000000000000000000e+00
4.614771140560583462e-01,7.617626368999481201e+00,1.791965484619140625e+01,1.619999999999999885e+00,3.700000000000000000e+05
4.618896554608900029e-01,7.257626354694366455e+00,1.769470024108886719e+01,1.619999999999999885e+00,0.000000000000000000e+00
4.619179555554944749e-01,7.257626354694366455e+00,1.755319976806640625e+01,1.619999999999999885e+00,3.700000000000000000e+05
4.623304959780686341e-01,7.617626368999481201e+00,1.777815246582031250e+01,1.619999999999999885e+00,0.000000000000000000e+00
4.623587960726731061e-01,7.617626368999481201e+00,1.763665199279785156e+01,1.619999999999999885e+00,3.700000000000000000e+05
4.627713374775047628e-01,7.257626354694366455e+00,1.741169738769531250e+01,1.619999999999999885e+00,0.000000000000000000e+00
4.627996375721092348e-01,7.257626354694366455e+00,1.727019691467285156e+01,1.619999999999999885e+00,3.700000000000000000e+05
4.632121779946833939e-01,7.617626368999481201e+00,1.749514961242675781e+01,1.619999999999999885e+00,0.000000000000000000e+00
4.632404780892878660e-01,7.617626368999481201e+00,1.735364913940429688e+01,1.619999999999999885e+00,3.700000000000000000e+05
4.636530185118620251e-01,7.257626354694366455e+00,1.712869644165039062e+01,1.619999999999999885e+00,0.000000000000000000e+00
4.636813189879362418e-01,7.257626354694366455e+00,1.698719406127929688e+01,1.619999999999999885e+00,3.700000000000000000e+05
4.640938594105104009e-01,7.617626368999481201e+00,1.721214675903320312e+01,1.619999999999999885e+00,0.000000000000000000e+00
4.641221595051148729e-01,7.617626368999481201e+00,1.707064628601074219e+01,1.619999999999999885e+00,3.700000000000000000e+05
4.645346999276890321e-01,7.257626354694366455e+00,1.684569358825683594e+01,1.619999999999999885e+00,0.000000000000000000e+00
4.656487591400507720e-01,2.142635822296142578e+00,1.464000320434570312e+01,1.619999999999999885e+00,3.700000000000000000e+05
4.663089607241013845e-01,2.718756675720214844e+00,1.500000000000000000e+01,1.619999999999999885e+00,0.000000000000000000e+00
4.663542506220200723e-01,2.945206165313720703e+00,1.500000000000000000e+01,1.619999999999999885e+00,3.700000000000000000e+05
4.670144518130853739e-01,2.369085788726806641e+00,1.464000320434570312e+01,1.619999999999999885e+00,0.000000000000000000e+00
4.670597417110040617e-01,2.595535278320312500e+00,1.464000320434570312e+01,1.619999999999999885e+00,3.700000000000000000e+05
4.677199429020693633e-01,3.171655654907226562e+00,1.500000000000000000e+01,1.619999999999999885e+00,0.000000000000000000e+00
4.677652327999880510e-01,3.398105144500732422e+00,1.500000000000000000e+01,1.619999999999999885e+00,3.700000000000000000e+05
4.684254339910533527e-01,2.821984767913818359e+00,1.464000320434570312e+01,1.619999999999999885e+00,0.000000000000000000e+00
4.684707238889720404e-01,3.048434257507324219e+00,1.464000320434570312e+01,1.619999999999999885e+00,3.700000000000000000e+05
4.695126091060710105e-01,3.957626342773437500e+00,1.520812988281250000e+01,1.619999999999999885e+00,0.000000000000000000e+00
4.695409095821452272e-01,3.957626342773437500e+00,1.506662750244140625e+01,1.619999999999999885e+00,3.700000000000000000e+05
4.703232953863979993e-01,3.274883747100830078e+00,1.464000320434570312e+01,1.619999999999999885e+00,0.000000000000000000e+00
4.703685853320004329e-01,3.501333475112915039e+00,1.464000320434570312e+01,1.619999999999999885e+00,3.700000000000000000e+05
4.710287865230657345e-01,4.077453851699829102e+00,1.500000000000000000e+01,1.619999999999999885e+00,0.000000000000000000e+00
4.710740764686681681e-01,4.303903579711914062e+00,1.500000000000000000e+01,1.619999999999999885e+00,3.700000000000000000e+05
4.718834315949733682e-01,3.597626209259033203e+00,1.455867004394531250e+01,1.619999999999999885e+00,0.000000000000000000e+00
4.719117320710475849e-01,3.597626209259033203e+00,1.441716766357421875e+01,1.619999999999999885e+00,3.700000000000000000e+05
4.729805868066907504e-01,4.530353307723999023e+00,1.500000000000000000e+01,1.619999999999999885e+00,0.000000000000000000e+00
4.730258767046094381e-01,4.756802797317504883e+00,1.500000000000000000e+01,1.619999999999999885e+00,3.700000000000000000e+05
4.736860778956747398e-01,4.180682420730590820e+00,1.464000320434570312e+01,1.619999999999999885e+00,0.000000000000000000e+00
4.737313677935934275e-01,4.407131910324096680e+00,1.464000320434570312e+01,1.619999999999999885e+00,3.700000000000000000e+05
4.743915689846587291e-01,4.983252286911010742e+00,1.500000000000000000e+01,1.619999999999999885e+00,0.000000000000000000e+00
4.744368589302611627e-01,5.209702014923095703e+00,1.500000000000000000e+01,1.619999999999999885e+00,3.700000000000000000e+05
4.750970601213264644e-01,4.633581638336181641e+00,1.464000320434570312e+01,1.619999999999999885e+00,0.000000000000000000e+00
4.751423500192451521e-01,4.860031127929687500e+00,1.464000320434570312e+01,1.619999999999999885e+00,3.700000000000000000e+05
4.762053231078196003e-01,5.787626266479492188e+00,1.521962738037109375e+01,1.619999999999999885e+00,0.000000000000000000e+00
4.762336235838938170e-01,5.787626266479492188e+00,1.507812500000000000e+01,1.619999999999999885e+00,3.700000000000000000e+05
4.770370972596240655e-01,5.086480617523193359e+00,1.464000320434570312e+01,1.619999999999999885e+00,0.000000000000000000e+00
4.770823872052264991e-01,5.312930345535278320e+00,1.464000320434570312e+01,1.619999999999999885e+00,3.700000000000000000e+05
4.777425883962918007e-01,5.889050722122192383e+00,1.500000000000000000e+01,1.619999999999999885e+00,0.000000000000000000e+00
4.777878783418942343e-01,6.115500450134277344e+00,1.500000000000000000e+01,1.619999999999999885e+00,3.700000000000000000e+05
4.785761434357246324e-01,5.427626371383666992e+00,1.457017135620117188e+01,1.619999999999999885e+00,0.000000000000000000e+00
4.786044439117988492e-01,5.427626371383666992e+00,1.442866897583007812e+01,1.619999999999999885e+00,3.700000000000000000e+05
4.796522082219809024e-01,6.341949701309204102e+00,1.500000000000000000e+01,1.619999999999999885e+00,0.000000000000000000e+00
4.796974982152670264e-01,6.568399667739868164e+00,1.500000000000000000e+01,1.619999999999999885e+00,3.700000000000000000e+05
4.803576996028249835e-01,5.992279052734375000e+00,1.464000320434570312e+01,1.619999999999999885e+00,0.000000000000000000e+00
4.804029895484274171e-01,6.218728780746459961e+00,1.464000320434570312e+01,1.619999999999999885e+00,3.700000000000000000e+05
4.810631907394927187e-01,6.794849157333374023e+00,1.500000000000000000e+01,1.619999999999999885e+00,0.000000000000000000e+00
4.811084806374114065e-01,7.021298646926879883e+00,1.500000000000000000e+01,1.619999999999999885e+00,3.700000000000000000e+05
4.817686818284767081e-01,6.445178270339965820e+00,1.464000320434570312e+01,1.619999999999999885e+00,0.000000000000000000e+00
4.818139717263953958e-01,6.671627759933471680e+00,1.464000320434570312e+01,1.619999999999999885e+00,3.700000000000000000e+05
4.824741729174606975e-01,7.247748136520385742e+00,1.500000000000000000e+01,1.619999999999999885e+00,0.000000000000000000e+00
4.847245829763227598e-01,-3.261688709259033203e+00,1.098000335693359375e+01,1.619999999999999885e+00,3.700000000000000000e+05
4.853847841673880614e-01,-2.685568332672119141e+00,1.134000015258789062e+01,1.619999999999999885e+00,0.000000000000000000e+00
4.854300739699393130e-01,-2.459119319915771484e+00,1.134000015258789062e+01,1.619999999999999885e+00,3.700000000000000000e+05
4.860902751610046146e-01,-3.035239696502685547e+00,1.098000335693359375e+01,1.619999999999999885e+00,0.000000000000000000e+00
4.861355651542907386e-01,-2.808789730072021484e+00,1.098000335693359375e+01,1.619999999999999885e+00,3.700000000000000000e+05
4.867957663453560402e-01,-2.232669353485107422e+00,1.134000015258789062e+01,1.619999999999999885e+00,0.000000000000000000e+00
4.868410561479072918e-01,-2.006220340728759766e+00,1.134000015258789062e+01,1.619999999999999885e+00,3.700000000000000000e+05
4.875012573389725934e-01,-2.582340717315673828e+00,1.098000335693359375e+01,1.619999999999999885e+00,0.000000000000000000e+00
4.875465473322587173e-01,-2.355890750885009766e+00,1.098000335693359375e+01,1.619999999999999885e+00,3.700000000000000000e+05
4.884902515798664746e-01,-1.532373905181884766e+00,1.149459075927734375e+01,1.619999999999999885e+00,0.000000000000000000e+00
4.885185512930012575e-01,-1.532373905181884766e+00,1.135309219360351562e+01,1.619999999999999885e+00,3.700000000000000000e+05
4.892027576992858395e-01,-2.129440784454345703e+00,1.098000335693359375e+01,1.619999999999999885e+00,0.000000000000000000e+00
4.892480475018370911e-01,-1.902991771697998047e+00,1.098000335693359375e+01,1.619999999999999885e+00,3.700000000000000000e+05
4.899082486929023927e-01,-1.326871395111083984e+00,1.134000015258789062e+01,1.619999999999999885e+00,0.000000000000000000e+00
4.899535386861885167e-01,-1.100421428680419922e+00,1.134000015258789062e+01,1.619999999999999885e+00,3.700000000000000000e+05
4.908610724244931722e-01,-1.892373561859130859e+00,1.084513473510742188e+01,1.619999999999999885e+00,0.000000000000000000e+00
4.908893729005673889e-01,-1.892373561859130859e+00,1.070363235473632812e+01,1.619999999999999885e+00,3.700000000000000000e+05
4.913019130284032587e-01,-1.532373905181884766e+00,1.092858505249023438e+01,1.619999999999999885e+00,0.000000000000000000e+00
4.913302127415380416e-01,-1.532373905181884766e+00,1.078708648681640625e+01,1.619999999999999885e+00,3.700000000000000000e+05
4.917427528693739114e-01,-1.892373561859130859e+00,1.056213378906250000e+01,1.619999999999999885e+00,0.000000000000000000e+00
4.917710533454481281e-01,-1.892373561859130859e+00,1.042063140869140625e+01,1.619999999999999885e+00,3.700000000000000000e+05
4.921835934732839979e-01,-1.532373905181884766e+00,1.064558410644531250e+01,1.619999999999999885e+00,0.000000000000000000e+00
4.922118939493582146e-01,-1.532373905181884766e+00,1.050408172607421875e+01,1.619999999999999885e+00,3.700000000000000000e+05
4.926244340771940844e-01,-1.892373561859130859e+00,1.027912902832031250e+01,1.619999999999999885e+00,0.000000000000000000e+00
4.926527345532683011e-01,-1.892373561859130859e+00,1.013762664794921875e+01,1.619999999999999885e+00,3.700000000000000000e+05
4.930652746811041709e-01,-1.532373905181884766e+00,1.036257934570312500e+01,1.619999999999999885e+00,0.000000000000000000e+00
4.930935743942389538e-01,-1.532373905181884766e+00,1.022108078002929688e+01,1.619999999999999885e+00,3.700000000000000000e+05
4.935061145220748235e-01,-1.892373561859130859e+00,9.996128082275390625e+00,1.619999999999999885e+00,0.000000000000000000e+00
4.935344149981490403e-01,-1.892373561859130859e+00,9.854625701904296875e+00,1.619999999999999885e+00,3.700000000000000000e+05
4.939469551259849101e-01,-1.532373905181884766e+00,1.007957839965820312e+01,1.619999999999999885e+00,0.000000000000000000e+00
4.939752556020591268e-01,-1.532373905181884766e+00,9.938076019287109375e+00,1.619999999999999885e+00,3.700000000000000000e+05
4.943877957298949966e-01,-1.892373561859130859e+00,9.713123321533203125e+00,1.619999999999999885e+00,0.000000000000000000e+00
4.944160962059692133e-01,-1.892373561859130859e+00,9.571620941162109375e+00,1.619999999999999885e+00,3.700000000000000000e+05
4.948286382983275167e-01,-1.532373905181884766e+00,9.796577453613281250e+00,1.619999999999999885e+00,0.000000000000000000e+00
4.948569387744017334e-01,-1.532373905181884766e+00,9.655075073242187500e+00,1.619999999999999885e+00,3.700000000000000000e+05
4.957831900417169479e-01,-2.340658664703369141e+00,9.150001525878906250e+00,1.619999999999999885e+00,0.000000000000000000e+00
4.958284800350030719e-01,-2.114208698272705078e+00,9.150001525878906250e+00,1.619999999999999885e+00,3.700000000000000000e+05
4.964952314964872770e-01,-1.532373905181884766e+00,9.513572692871093750e+00,1.619999999999999885e+00,0.000000000000000000e+00
4.965393843817276220e-01,-1.311638355255126953e+00,9.510002136230468750e+00,1.619999999999999885e+00,3.700000000000000000e+05
4.972048760094813225e-01,-1.892373561859130859e+00,9.147117614746093750e+00,1.619999999999999885e+00,0.000000000000000000e+00
4.972331764855555392e-01,-1.892373561859130859e+00,9.005615234375000000e+00,1.619999999999999885e+00,3.700000000000000000e+05
4.981581671331726802e-01,-1.085189342498779297e+00,9.510002136230468750e+00,1.619999999999999885e+00,0.000000000000000000e+00
4.982034571264588041e-01,-8.587393760681152344e-01,9.510002136230468750e+00,1.619999999999999885e+00,3.700000000000000000e+05
4.988636602820299415e-01,-1.434859752655029297e+00,9.150001525878906250e+00,1.619999999999999885e+00,0.000000000000000000e+00
4.989089500845811931e-01,-1.208410739898681641e+00,9.150001525878906250e+00,1.619999999999999885e+00,3.700000000000000000e+05
4.995691540261206764e-01,-6.322894096374511719e-01,9.510002136230468750e+00,1.619999999999999885e+00,0.000000000000000000e+00
4.996144438286719280e-01,-4.058403968811035156e-01,9.510002136230468750e+00,1.619999999999999885e+00,3.700000000000000000e+05
5.002746469842430654e-01,-9.819607734680175781e-01,9.150001525878906250e+00,1.619999999999999885e+00,0.000000000000000000e+00
5.003199369775291894e-01,-7.555108070373535156e-01,9.150001525878906250e+00,1.619999999999999885e+00,3.700000000000000000e+05
5.009801397401162371e-01,-1.793909072875976562e-01,9.510002136230468750e+00,1.619999999999999885e+00,0.000000000000000000e+00
5.028385617605075630e-01,5.977046608924865723e+00,1.647000122070312500e+01,1.619999999999999885e+00,3.700000000000000000e+05
5.034987649652017394e-01,6.553167045116424561e+00,1.683000183105468750e+01,1.619999999999999885e+00,0.000000000000000000e+00
5.035440548869623001e-01,6.779616653919219971e+00,1.683000183105468750e+01,1.619999999999999885e+00,3.700000000000000000e+05
5.042042580916564765e-01,6.203496217727661133e+00,1.647000122070312500e+01,1.619999999999999885e+00,0.000000000000000000e+00
5.042495480134170371e-01,6.429945826530456543e+00,1.647000122070312500e+01,1.619999999999999885e+00,3.700000000000000000e+05
5.049097511689881745e-01,7.006066203117370605e+00,1.683000183105468750e+01,1.619999999999999885e+00,0.000000000000000000e+00
5.049550410877684525e-01,7.232515797019004822e+00,1.683000183105468750e+01,1.619999999999999885e+00,3.700000000000000000e+05
5.056152442801817859e-01,6.656395375728607178e+00,1.647000122070312500e+01,1.619999999999999885e+00,0.000000000000000000e+00
5.056605342019423466e-01,6.882844984531402588e+00,1.647000122070312500e+01,1.619999999999999885e+00,3.700000000000000000e+05
5.065025541687836474e-01,7.617626413702964783e+00,1.692914390563964844e+01,1.619999999999999885e+00,0.000000000000000000e+00
5.065265745312854673e-01,7.685415014624595642e+00,1.683000183105468750e+01,1.619999999999999885e+00,3.700000000000000000e+05
5.071867777728218396e-01,7.109294533729553223e+00,1.647000122070312500e+01,1.619999999999999885e+00,0.000000000000000000e+00
5.072180091917971589e-01,7.257626399397850037e+00,1.642118835449218750e+01,1.619999999999999885e+00,3.700000000000000000e+05
5.079677307939073350e-01,7.911864519119262695e+00,1.683000183105468750e+01,1.619999999999999885e+00,0.000000000000000000e+00
5.080130207156678956e-01,8.138314127922058105e+00,1.683000183105468750e+01,1.619999999999999885e+00,3.700000000000000000e+05
5.090222408466152926e-01,7.257626399397850037e+00,1.627968788146972656e+01,1.619999999999999885e+00,0.000000000000000000e+00
5.090505413226895648e-01,7.257626399397850037e+00,1.613818550109863281e+01,1.619999999999999885e+00,3.700000000000000000e+05
5.094630817452637794e-01,7.617626413702964783e+00,1.636313819885253906e+01,1.619999999999999885e+00,0.000000000000000000e+00
5.094913818398683070e-01,7.617626413702964783e+00,1.622163772583007812e+01,1.619999999999999885e+00,3.700000000000000000e+05
5.099039222624425216e-01,7.257626399397850037e+00,1.599668502807617188e+01,1.619999999999999885e+00,0.000000000000000000e+00
5.099322227385167938e-01,7.257626399397850037e+00,1.585518264770507812e+01,1.619999999999999885e+00,3.700000000000000000e+05
5.103447631610910085e-01,7.617626413702964783e+00,1.608013534545898438e+01,1.619999999999999885e+00,0.000000000000000000e+00
5.103730632556955360e-01,7.617626413702964783e+00,1.593863487243652344e+01,1.619999999999999885e+00,3.700000000000000000e+05
5.107856036782697506e-01,7.257626399397850037e+00,1.571368217468261719e+01,1.619999999999999885e+00,0.000000000000000000e+00
5.108139041543440229e-01,7.257626399397850037e+00,1.557217979431152344e+01,1.619999999999999885e+00,3.700000000000000000e+05
5.112264445769182375e-01,7.617626413702964783e+00,1.579713249206542969e+01,1.619999999999999885e+00,0.000000000000000000e+00
5.112547446715227650e-01,7.617626413702964783e+00,1.565563201904296875e+01,1.619999999999999885e+00,3.700000000000000000e+05
5.116672850940969797e-01,7.257626399397850037e+00,1.543067932128906250e+01,1.619999999999999885e+00,0.000000000000000000e+00
5.116955855701712519e-01,7.257626399397850037e+00,1.528917694091796875e+01,1.619999999999999885e+00,3.700000000000000000e+05
5.121081259927454665e-01,7.617626413702964783e+00,1.551412963867187500e+01,1.619999999999999885e+00,0.000000000000000000e+00
5.121364260873499941e-01,7.617626413702964783e+00,1.537262916564941406e+01,1.619999999999999885e+00,3.700000000000000000e+05
5.125489674921817063e-01,7.257626399397850037e+00,1.514767456054687500e+01,1.619999999999999885e+00,0.000000000000000000e+00
5.125772672053164891e-01,7.257626399397850037e+00,1.500617599487304688e+01,1.619999999999999885e+00,3.700000000000000000e+05
5.129898076278907038e-01,7.617626413702964783e+00,1.523112869262695312e+01,1.619999999999999885e+00,0.000000000000000000e+00
5.130181081039649760e-01,7.617626413702964783e+00,1.508962631225585938e+01,1.619999999999999885e+00,3.700000000000000000e+05
5.138426718490125555e-01,6.898077428340911865e+00,1.464000320434570312e+01,1.619999999999999885e+00,0.000000000000000000e+00
5.138879617588522075e-01,7.124526977539062500e+00,1.464000320434570312e+01,1.619999999999999885e+00,3.700000000000000000e+05
5.145481630481638646e-01,7.700647473335266113e+00,1.500000000000000000e+01,1.619999999999999885e+00,0.000000000000000000e+00
5.145934529699244253e-01,7.927097082138061523e+00,1.500000000000000000e+01,1.619999999999999885e+00,3.700000000000000000e+05
5.153606299098194565e-01,7.257626399397850037e+00,1.458166885375976562e+01,1.619999999999999885e+00,0.000000000000000000e+00
5.153889296229542394e-01,7.257626399397850037e+00,1.444017028808593750e+01,1.619999999999999885e+00,3.700000000000000000e+05
5.164156041094346561e-01,8.153546690940856934e+00,1.500000000000000000e+01,1.619999999999999885e+00,0.000000000000000000e+00
5.164608940073533994e-01,8.379996180534362793e+00,1.500000000000000000e+01,1.619999999999999885e+00,3.700000000000000000e+05
5.171210951984187565e-01,7.803875803947448730e+00,1.464000320434570312e+01,1.619999999999999885e+00,0.000000000000000000e+00
5.171663850963374998e-01,8.030325293540954590e+00,1.464000320434570312e+01,1.619999999999999885e+00,3.700000000000000000e+05
5.178265864838954569e-01,8.606445908546447754e+00,1.500000000000000000e+01,1.619999999999999885e+00,0.000000000000000000e+00
5.178718763818142001e-01,8.832895398139953613e+00,1.500000000000000000e+01,1.619999999999999885e+00,3.700000000000000000e+05
5.185320775728795573e-01,8.256775021553039551e+00,1.464000320434570312e+01,1.619999999999999885e+00,0.000000000000000000e+00
5.185773674707983005e-01,8.483224511146545410e+00,1.464000320434570312e+01,1.619999999999999885e+00,3.700000000000000000e+05
5.192375686618636577e-01,9.059344887733459473e+00,1.500000000000000000e+01,1.619999999999999885e+00,0.000000000000000000e+00
5.210453060244232271e-01,2.976264953613281250e-01,1.277960586547851562e+01,1.619999999999999885e+00,3.700000000000000000e+05
5.214578465452435196e-01,-6.237363815307617188e-02,1.255465316772460938e+01,1.619999999999999885e+00,0.000000000000000000e+00
5.214861470213177919e-01,-6.237363815307617188e-02,1.241315078735351562e+01,1.619999999999999885e+00,3.700000000000000000e+05
5.218986875421380844e-01,2.976264953613281250e-01,1.263810348510742188e+01,1.619999999999999885e+00,0.000000000000000000e+00
5.219269880182123567e-01,2.976264953613281250e-01,1.249660110473632812e+01,1.619999999999999885e+00,3.700000000000000000e+05
5.223395285390326492e-01,-6.237363815307617188e-02,1.227164840698242188e+01,1.619999999999999885e+00,0.000000000000000000e+00
5.223678290151069215e-01,-6.237363815307617188e-02,1.213014602661132812e+01,1.619999999999999885e+00,3.700000000000000000e+05
5.227803695359272140e-01,2.976264953613281250e-01,1.235509872436523438e+01,1.619999999999999885e+00,0.000000000000000000e+00
5.228086692490619969e-01,2.976264953613281250e-01,1.221360015869140625e+01,1.619999999999999885e+00,3.700000000000000000e+05
5.232212097698822895e-01,-6.237363815307617188e-02,1.198864746093750000e+01,1.619999999999999885e+00,0.000000000000000000e+00
5.232495102459565617e-01,-6.237363815307617188e-02,1.184714508056640625e+01,1.619999999999999885e+00,3.700000000000000000e+05
5.236620507667768543e-01,2.976264953613281250e-01,1.207209777832031250e+01,1.619999999999999885e+00,0.000000000000000000e+00
5.236903512428511265e-01,2.976264953613281250e-01,1.193059539794921875e+01,1.619999999999999885e+00,3.700000000000000000e+05
5.241028917636714191e-01,-6.237363815307617188e-02,1.170564270019531250e+01,1.619999999999999885e+00,0.000000000000000000e+00
5.241311922397456913e-01,-6.237363815307617188e-02,1.156414031982421875e+01,1.619999999999999885e+00,3.700000000000000000e+05
5.245437327605659839e-01,2.976264953613281250e-01,1.178909301757812500e+01,1.619999999999999885e+00,0.000000000000000000e+00
5.245720324737007667e-01,2.976264953613281250e-01,1.164759445190429688e+01,1.619999999999999885e+00,3.700000000000000000e+05
5.249845729945210593e-01,-6.237363815307617188e-02,1.142264175415039062e+01,1.619999999999999885e+00,0.000000000000000000e+00
5.273217916883752299e-01,9.447626352310180664e+00,1.821415710449218750e+01,1.619999999999999885e+00,3.700000000000000000e+05
5.277343321109494445e-01,9.087626338005065918e+00,1.798920440673828125e+01,1.619999999999999885e+00,0.000000000000000000e+00
5.277626325870237167e-01,9.087626338005065918e+00,1.784770202636718750e+01,1.619999999999999885e+00,3.700000000000000000e+05
5.281751730095979314e-01,9.447626352310180664e+00,1.807265472412109375e+01,1.619999999999999885e+00,0.000000000000000000e+00
5.282034731042024589e-01,9.447626352310180664e+00,1.793115425109863281e+01,1.619999999999999885e+00,3.700000000000000000e+05
5.286160135267766735e-01,9.087626338005065918e+00,1.770620155334472656e+01,1.619999999999999885e+00,0.000000000000000000e+00
5.286443140028509458e-01,9.087626338005065918e+00,1.756469917297363281e+01,1.619999999999999885e+00,3.700000000000000000e+05
5.290568544254251604e-01,9.447626352310180664e+00,1.778965187072753906e+01,1.619999999999999885e+00,0.000000000000000000e+00
5.290851545200296879e-01,9.447626352310180664e+00,1.764815139770507812e+01,1.619999999999999885e+00,3.700000000000000000e+05
5.294976949426039026e-01,9.087626338005065918e+00,1.742319869995117188e+01,1.619999999999999885e+00,0.000000000000000000e+00
5.295259954186781748e-01,9.087626338005065918e+00,1.728169631958007812e+01,1.619999999999999885e+00,3.700000000000000000e+05
5.299385358412523894e-01,9.447626352310180664e+00,1.750664901733398438e+01,1.619999999999999885e+00,0.000000000000000000e+00
5.299668359358569170e-01,9.447626352310180664e+00,1.736514854431152344e+01,1.619999999999999885e+00,3.700000000000000000e+05
5.303793763584311316e-01,9.087626338005065918e+00,1.714019584655761719e+01,1.619999999999999885e+00,0.000000000000000000e+00
5.304076768345054038e-01,9.087626338005065918e+00,1.699869346618652344e+01,1.619999999999999885e+00,3.700000000000000000e+05
5.308202172570796185e-01,9.447626352310180664e+00,1.722364616394042969e+01,1.619999999999999885e+00,0.000000000000000000e+00
5.308485173516841460e-01,9.447626352310180664e+00,1.708214569091796875e+01,1.619999999999999885e+00,3.700000000000000000e+05
5.312610577742583606e-01,9.087626338005065918e+00,1.685719299316406250e+01,1.619999999999999885e+00,0.000000000000000000e+00
5.323901339941834454e-01,3.957626342773437500e+00,1.450062179565429688e+01,1.619999999999999885e+00,3.700000000000000000e+05
5.328026743185114711e-01,3.597626447677612305e+00,1.427566909790039062e+01,1.619999999999999885e+00,0.000000000000000000e+00
5.328309747945857433e-01,3.597626447677612305e+00,1.413416671752929688e+01,1.619999999999999885e+00,3.700000000000000000e+05
5.332435151189137690e-01,3.957626342773437500e+00,1.435911941528320312e+01,1.619999999999999885e+00,0.000000000000000000e+00
5.332718155949880412e-01,3.957626342773437500e+00,1.421761703491210938e+01,1.619999999999999885e+00,3.700000000000000000e+05
5.336843559193160669e-01,3.597626447677612305e+00,1.399266433715820312e+01,1.619999999999999885e+00,0.000000000000000000e+00
5.337126563953903391e-01,3.597626447677612305e+00,1.385116195678710938e+01,1.619999999999999885e+00,3.700000000000000000e+05
5.341251986842399102e-01,3.957626342773437500e+00,1.407611846923828125e+01,1.619999999999999885e+00,0.000000000000000000e+00
5.341534991603141824e-01,3.957626342773437500e+00,1.393461608886718750e+01,1.619999999999999885e+00,3.700000000000000000e+05
5.345660394846422081e-01,3.597626447677612305e+00,1.370966339111328125e+01,1.619999999999999885e+00,0.000000000000000000e+00
5.345943399607164803e-01,3.597626447677612305e+00,1.356816101074218750e+01,1.619999999999999885e+00,3.700000000000000000e+05
5.350068802850445060e-01,3.957626342773437500e+00,1.379311370849609375e+01,1.619999999999999885e+00,0.000000000000000000e+00
5.350351807611187782e-01,3.957626342773437500e+00,1.365161132812500000e+01,1.619999999999999885e+00,3.700000000000000000e+05
5.354477210854468039e-01,3.597626447677612305e+00,1.342665863037109375e+01,1.619999999999999885e+00,0.000000000000000000e+00
5.354760207985815867e-01,3.597626447677612305e+00,1.328516006469726562e+01,1.619999999999999885e+00,3.700000000000000000e+05
5.358885611229096124e-01,3.957626342773437500e+00,1.351011276245117188e+01,1.619999999999999885e+00,0.000000000000000000e+00
5.359168615989838846e-01,3.957626342773437500e+00,1.336861038208007812e+01,1.619999999999999885e+00,3.700000000000000000e+05
5.369412914782984991e-01,3.063666820526123047e+00,1.281000137329101562e+01,1.619999999999999885e+00,0.000000000000000000e+00
5.369865813762172424e-01,3.290116310119628906e+00,1.281000137329101562e+01,1.619999999999999885e+00,3.700000000000000000e+05
5.377515118426851037e-01,3.957626342773437500e+00,1.322710800170898438e+01,1.619999999999999885e+00,0.000000000000000000e+00
5.377808391816937261e-01,4.092686414718627930e+00,1.317000198364257812e+01,1.619999999999999885e+00,3.700000000000000000e+05
5.384410423372648635e-01,3.516566038131713867e+00,1.281000137329101562e+01,1.619999999999999885e+00,0.000000000000000000e+00
5.384653930827970614e-01,3.597626447677612305e+00,1.271915435791015625e+01,1.619999999999999885e+00,3.700000000000000000e+05
5.392922033503955159e-01,4.319136142730712891e+00,1.317000198364257812e+01,1.619999999999999885e+00,0.000000000000000000e+00
5.393374932483142592e-01,4.545585632324218750e+00,1.317000198364257812e+01,1.619999999999999885e+00,3.700000000000000000e+05
5.399976964038853966e-01,3.969465255737304688e+00,1.281000137329101562e+01,1.619999999999999885e+00,0.000000000000000000e+00
5.400429863018041399e-01,4.195914745330810547e+00,1.281000137329101562e+01,1.619999999999999885e+00,3.700000000000000000e+05
5.407031896538673221e-01,4.772035360336303711e+00,1.317000198364257812e+01,1.619999999999999885e+00,0.000000000000000000e+00
5.407484795517860654e-01,4.998484849929809570e+00,1.317000198364257812e+01,1.619999999999999885e+00,3.700000000000000000e+05
5.414086827073572028e-01,4.422364473342895508e+00,1.281000137329101562e+01,1.619999999999999885e+00,0.000000000000000000e+00
5.414539726052759461e-01,4.648813962936401367e+00,1.281000137329101562e+01,1.619999999999999885e+00,3.700000000000000000e+05
5.421141759573391283e-01,5.224934577941894531e+00,1.317000198364257812e+01,1.619999999999999885e+00,0.000000000000000000e+00
5.435191967312963390e-01,-1.450092792510986328e+00,1.098000335693359375e+01,1.619999999999999885e+00,3.700000000000000000e+05
5.441793979223616962e-01,-8.739724159240722656e-01,1.134000015258789062e+01,1.619999999999999885e+00,0.000000000000000000e+00
5.442246879156478201e-01,-6.475224494934082031e-01,1.134000015258789062e+01,1.619999999999999885e+00,3.700000000000000000e+05
5.448848891067131772e-01,-1.223642826080322266e+00,1.098000335693359375e+01,1.619999999999999885e+00,0.000000000000000000e+00
5.449301790999993012e-01,-9.971928596496582031e-01,1.098000335693359375e+01,1.619999999999999885e+00,3.700000000000000000e+05
5.455903798980793473e-01,-4.210729598999023438e-01,1.134000015258789062e+01,1.619999999999999885e+00,0.000000000000000000e+00
5.456356698913654713e-01,-1.946229934692382812e-01,1.134000015258789062e+01,1.619999999999999885e+00,3.700000000000000000e+05
5.462958714754161393e-01,-7.707438468933105469e-01,1.098000335693359375e+01,1.619999999999999885e+00,0.000000000000000000e+00
5.463411614687022633e-01,-5.442938804626464844e-01,1.098000335693359375e+01,1.619999999999999885e+00,3.700000000000000000e+05
5.473059559452773115e-01,2.976264953613281250e-01,1.150609207153320312e+01,1.619999999999999885e+00,0.000000000000000000e+00
5.473342564213515837e-01,2.976264953613281250e-01,1.136458969116210938e+01,1.619999999999999885e+00,3.700000000000000000e+05
5.480395514850826544e-01,-3.178443908691406250e-01,1.098000335693359375e+01,1.619999999999999885e+00,0.000000000000000000e+00
5.480848413830013977e-01,-9.139490127563476562e-02,1.098000335693359375e+01,1.619999999999999885e+00,3.700000000000000000e+05
5.487450425740667548e-01,4.847254753112792969e-01,1.134000015258789062e+01,1.619999999999999885e+00,0.000000000000000000e+00
5.487903324719854981e-01,7.111749649047851562e-01,1.134000015258789062e+01,1.619999999999999885e+00,3.700000000000000000e+05
5.496767759813226961e-01,-6.237363815307617188e-02,1.085663604736328125e+01,1.619999999999999885e+00,0.000000000000000000e+00
5.497050764573969683e-01,-6.237363815307617188e-02,1.071513366699218750e+01,1.619999999999999885e+00,3.700000000000000000e+05
5.501176169782172609e-01,2.976264953613281250e-01,1.094008636474609375e+01,1.619999999999999885e+00,0.000000000000000000e+00
5.501459174542915331e-01,2.976264953613281250e-01,1.079858398437500000e+01,1.619999999999999885e+00,3.700000000000000000e+05
5.505584579751118257e-01,-6.237363815307617188e-02,1.057363128662109375e+01,1.619999999999999885e+00,0.000000000000000000e+00
5.505867584511860979e-01,-6.237363815307617188e-02,1.043212890625000000e+01,1.619999999999999885e+00,3.700000000000000000e+05
5.509993009365269367e-01,2.976264953613281250e-01,1.065708541870117188e+01,1.619999999999999885e+00,0.000000000000000000e+00
5.510276014126012090e-01,2.976264953613281250e-01,1.051558303833007812e+01,1.619999999999999885e+00,3.700000000000000000e+05
5.514401419334215015e-01,-6.237363815307617188e-02,1.029063034057617188e+01,1.619999999999999885e+00,0.000000000000000000e+00
5.514684424094957738e-01,-6.237363815307617188e-02,1.014912796020507812e+01,1.619999999999999885e+00,3.700000000000000000e+05
5.518809829303160663e-01,2.976264953613281250e-01,1.037408065795898438e+01,1.619999999999999885e+00,0.000000000000000000e+00
5.519092834063903386e-01,2.976264953613281250e-01,1.023257827758789062e+01,1.619999999999999885e+00,3.700000000000000000e+05
5.523218239272106311e-01,-6.237363815307617188e-02,1.000762557983398438e+01,1.619999999999999885e+00,0.000000000000000000e+00
5.523501244032849034e-01,-6.237363815307617188e-02,9.866123199462890625e+00,1.619999999999999885e+00,3.700000000000000000e+05
5.527626668886257422e-01,2.976264953613281250e-01,1.009107971191406250e+01,1.619999999999999885e+00,0.000000000000000000e+00
5.527909673647000144e-01,2.976264953613281250e-01,9.949577331542968750e+00,1.619999999999999885e+00,3.700000000000000000e+05
5.532035078855203070e-01,-6.237363815307617188e-02,9.724624633789062500e+00,1.619999999999999885e+00,0.000000000000000000e+00
5.532318083615945792e-01,-6.237363815307617188e-02,9.583122253417968750e+00,1.619999999999999885e+00,3.700000000000000000e+05
5.536443488824148718e-01,2.976264953613281250e-01,9.808074951171875000e+00,1.619999999999999885e+00,0.000000000000000000e+00
5.536726493584891440e-01,2.976264953613281250e-01,9.666572570800781250e+00,1.619999999999999885e+00,3.700000000000000000e+05
5.546199888902633157e-01,-5.290617942810058594e-01,9.150001525878906250e+00,1.619999999999999885e+00,0.000000000000000000e+00
5.546652788835494396e-01,-3.026118278503417969e-01,9.150001525878906250e+00,1.619999999999999885e+00,3.700000000000000000e+05
5.553531205740052101e-01,2.976264953613281250e-01,9.525074005126953125e+00,1.619999999999999885e+00,0.000000000000000000e+00
5.553936989990668760e-01,4.999580383300781250e-01,9.510002136230468750e+00,1.619999999999999885e+00,3.700000000000000000e+05
5.560539021546380134e-01,-7.616233825683593750e-02,9.150001525878906250e+00,1.619999999999999885e+00,0.000000000000000000e+00
5.560806218447262861e-01,-6.237363815307617188e-02,9.017116546630859375e+00,1.619999999999999885e+00,3.700000000000000000e+05
5.569845226563562290e-01,7.264075279235839844e-01,9.510002136230468750e+00,1.619999999999999885e+00,0.000000000000000000e+00
5.570298125542749723e-01,9.528570175170898438e-01,9.510002136230468750e+00,1.619999999999999885e+00,3.700000000000000000e+05
5.576900157098461097e-01,3.767366409301757812e-01,9.150001525878906250e+00,1.619999999999999885e+00,0.000000000000000000e+00
5.577353056077648530e-01,6.031861305236816406e-01,9.150001525878906250e+00,1.619999999999999885e+00,3.700000000000000000e+05
5.583955091563200801e-01,1.179306983947753906e+00,9.510002136230468750e+00,1.619999999999999885e+00,0.000000000000000000e+00
5.584407990542388234e-01,1.405756473541259766e+00,9.510002136230468750e+00,1.619999999999999885e+00,3.700000000000000000e+05
5.591010022098099608e-01,8.296360969543457031e-01,9.150001525878906250e+00,1.619999999999999885e+00,0.000000000000000000e+00
5.591462921077287040e-01,1.056085586547851562e+00,9.150001525878906250e+00,1.619999999999999885e+00,3.700000000000000000e+05
5.598064952632998414e-01,1.632205963134765625e+00,9.510002136230468750e+00,1.619999999999999885e+00,0.000000000000000000e+00
5.616649172639458509e-01,7.788643330335617065e+00,1.647000122070312500e+01,1.619999999999999885e+00,3.700000000000000000e+05
5.623251204440784523e-01,8.364763736724853516e+00,1.683000183105468750e+01,1.619999999999999885e+00,0.000000000000000000e+00
5.623704103658390130e-01,8.591213345527648926e+00,1.683000183105468750e+01,1.619999999999999885e+00,3.700000000000000000e+05
5.630306135705331894e-01,8.015092909336090088e+00,1.647000122070312500e+01,1.619999999999999885e+00,0.000000000000000000e+00
5.630759034922937500e-01,8.241542518138885498e+00,1.647000122070312500e+01,1.619999999999999885e+00,3.700000000000000000e+05
5.637361066969879264e-01,8.817662954330444336e+00,1.683000183105468750e+01,1.619999999999999885e+00,0.000000000000000000e+00
5.637813966187484871e-01,9.044112563133239746e+00,1.683000183105468750e+01,1.619999999999999885e+00,3.700000000000000000e+05
5.644415998725655914e-01,8.467992067337036133e+00,1.647000122070312500e+01,1.619999999999999885e+00,0.000000000000000000e+00
5.644868897943261521e-01,8.694441676139831543e+00,1.647000122070312500e+01,1.619999999999999885e+00,3.700000000000000000e+05
5.653499987745473909e-01,9.447626352310180664e+00,1.694064331054687500e+01,1.619999999999999885e+00,0.000000000000000000e+00
5.653742313524134921e-01,9.497011661529541016e+00,1.683000183105468750e+01,1.619999999999999885e+00,3.700000000000000000e+05
5.660344345079846295e-01,8.920891284942626953e+00,1.647000122070312500e+01,1.619999999999999885e+00,0.000000000000000000e+00
5.660686063748150421e-01,9.087626457214355469e+00,1.643268775939941406e+01,1.619999999999999885e+00,3.700000000000000000e+05
5.667972388161761632e-01,9.723461151123046875e+00,1.683000183105468750e+01,1.619999999999999885e+00,0.000000000000000000e+00
5.668425287617785413e-01,9.949910879135131836e+00,1.683000183105468750e+01,1.619999999999999885e+00,3.700000000000000000e+05
5.678306598302228503e-01,9.087626457214355469e+00,1.629118728637695312e+01,1.619999999999999885e+00,0.000000000000000000e+00
5.678589603062971225e-01,9.087626457214355469e+00,1.614968490600585938e+01,1.619999999999999885e+00,3.700000000000000000e+05
5.682715006306251482e-01,9.447626352310180664e+00,1.637463760375976562e+01,1.619999999999999885e+00,0.000000000000000000e+00
5.682998007252296757e-01,9.447626352310180664e+00,1.623313713073730469e+01,1.619999999999999885e+00,3.700000000000000000e+05
5.687123410495577014e-01,9.087626457214355469e+00,1.600818443298339844e+01,1.619999999999999885e+00,0.000000000000000000e+00
5.687406415256319736e-01,9.087626457214355469e+00,1.586668205261230469e+01,1.619999999999999885e+00,3.700000000000000000e+05
5.691531818499599993e-01,9.447626352310180664e+00,1.609163475036621094e+01,1.619999999999999885e+00,0.000000000000000000e+00
5.691814819445645268e-01,9.447626352310180664e+00,1.595013427734375000e+01,1.619999999999999885e+00,3.700000000000000000e+05
5.695940222688925525e-01,9.087626457214355469e+00,1.572518157958984375e+01,1.619999999999999885e+00,0.000000000000000000e+00
5.696223227449668247e-01,9.087626457214355469e+00,1.558367919921875000e+01,1.619999999999999885e+00,3.700000000000000000e+05
5.700348630692948504e-01,9.447626352310180664e+00,1.580863189697265625e+01,1.619999999999999885e+00,0.000000000000000000e+00
5.700631631638993779e-01,9.447626352310180664e+00,1.566713142395019531e+01,1.619999999999999885e+00,3.700000000000000000e+05
5.704757034882274036e-01,9.087626457214355469e+00,1.544217872619628906e+01,1.619999999999999885e+00,0.000000000000000000e+00
5.705040035828319311e-01,9.087626457214355469e+00,1.530067825317382812e+01,1.619999999999999885e+00,3.700000000000000000e+05
5.709165429249082324e-01,9.447626352310180664e+00,1.552562904357910156e+01,1.619999999999999885e+00,0.000000000000000000e+00
5.709448430195127600e-01,9.447626352310180664e+00,1.538412857055664062e+01,1.619999999999999885e+00,3.700000000000000000e+05
5.713573833438407856e-01,9.087626457214355469e+00,1.515917587280273438e+01,1.619999999999999885e+00,0.000000000000000000e+00
5.713856838199150578e-01,9.087626457214355469e+00,1.501767349243164062e+01,1.619999999999999885e+00,3.700000000000000000e+05
5.717982241442430835e-01,9.447626352310180664e+00,1.524262619018554688e+01,1.619999999999999885e+00,0.000000000000000000e+00
5.718265246203173557e-01,9.447626352310180664e+00,1.510112380981445312e+01,1.619999999999999885e+00,3.700000000000000000e+05
5.726721763964930378e-01,8.709674119949340820e+00,1.464000320434570312e+01,1.619999999999999885e+00,0.000000000000000000e+00
5.727174663182535985e-01,8.936123728752136230e+00,1.464000320434570312e+01,1.619999999999999885e+00,3.700000000000000000e+05
5.733776676075652556e-01,9.512244224548339844e+00,1.500000000000000000e+01,1.619999999999999885e+00,0.000000000000000000e+00
5.734229575054839989e-01,9.738693714141845703e+00,1.500000000000000000e+01,1.619999999999999885e+00,3.700000000000000000e+05
5.741690443023764745e-01,9.087626457214355469e+00,1.459317016601562500e+01,1.619999999999999885e+00,0.000000000000000000e+00
5.741973447784507467e-01,9.087626457214355469e+00,1.445166778564453125e+01,1.619999999999999885e+00,3.700000000000000000e+05
5.752029311846802440e-01,9.965143442153930664e+00,1.500000000000000000e+01,1.619999999999999885e+00,0.000000000000000000e+00
5.752482210825989872e-01,1.019159293174743652e+01,1.500000000000000000e+01,1.619999999999999885e+00,3.700000000000000000e+05
5.759084222736643444e-01,9.615472555160522461e+00,1.464000320434570312e+01,1.619999999999999885e+00,0.000000000000000000e+00
5.759537121715830876e-01,9.841922044754028320e+00,1.464000320434570312e+01,1.619999999999999885e+00,3.700000000000000000e+05
5.766139135591410447e-01,1.041804265975952148e+01,1.500000000000000000e+01,1.619999999999999885e+00,0.000000000000000000e+00
5.766592034570597880e-01,1.064449214935302734e+01,1.500000000000000000e+01,1.619999999999999885e+00,3.700000000000000000e+05
5.773194046481251451e-01,1.006837177276611328e+01,1.464000320434570312e+01,1.619999999999999885e+00,0.000000000000000000e+00
5.773646945460438884e-01,1.029482126235961914e+01,1.464000320434570312e+01,1.619999999999999885e+00,3.700000000000000000e+05
5.780248957371092455e-01,1.087094163894653320e+01,1.500000000000000000e+01,1.619999999999999885e+00,0.000000000000000000e+00
5.798285008533911045e-01,2.127626419067382812e+00,1.279110336303710938e+01,1.619999999999999885e+00,3.700000000000000000e+05
5.802410413742113970e-01,1.767626285552978516e+00,1.256615066528320312e+01,1.619999999999999885e+00,0.000000000000000000e+00
5.802693418502856693e-01,1.767626285552978516e+00,1.242464828491210938e+01,1.619999999999999885e+00,3.700000000000000000e+05
5.806818843356265081e-01,2.127626419067382812e+00,1.264960479736328125e+01,1.619999999999999885e+00,0.000000000000000000e+00
5.807101848117007803e-01,2.127626419067382812e+00,1.250810241699218750e+01,1.619999999999999885e+00,3.700000000000000000e+05
5.811227253325210729e-01,1.767626285552978516e+00,1.228314971923828125e+01,1.619999999999999885e+00,0.000000000000000000e+00
5.811510258085953451e-01,1.767626285552978516e+00,1.214164733886718750e+01,1.619999999999999885e+00,3.700000000000000000e+05
5.815635663294156377e-01,2.127626419067382812e+00,1.236660003662109375e+01,1.619999999999999885e+00,0.000000000000000000e+00
5.815918668054899099e-01,2.127626419067382812e+00,1.222509765625000000e+01,1.619999999999999885e+00,3.700000000000000000e+05
5.820044073263102025e-01,1.767626285552978516e+00,1.200014495849609375e+01,1.619999999999999885e+00,0.000000000000000000e+00
5.820327078023844747e-01,1.767626285552978516e+00,1.185864257812500000e+01,1.619999999999999885e+00,3.700000000000000000e+05
5.824452502877253135e-01,2.127626419067382812e+00,1.208359909057617188e+01,1.619999999999999885e+00,0.000000000000000000e+00
5.824735507637995857e-01,2.127626419067382812e+00,1.194209671020507812e+01,1.619999999999999885e+00,3.700000000000000000e+05
5.828860912846198783e-01,1.767626285552978516e+00,1.171714401245117188e+01,1.619999999999999885e+00,0.000000000000000000e+00
5.829143917606941505e-01,1.767626285552978516e+00,1.157564163208007812e+01,1.619999999999999885e+00,3.700000000000000000e+05
5.833269322815144431e-01,2.127626419067382812e+00,1.180059432983398438e+01,1.619999999999999885e+00,0.000000000000000000e+00
5.833552327575887153e-01,2.127626419067382812e+00,1.165909194946289062e+01,1.619999999999999885e+00,3.700000000000000000e+05
5.837677732784090079e-01,1.767626285552978516e+00,1.143413925170898438e+01,1.619999999999999885e+00,0.000000000000000000e+00
5.861049921939590623e-01,1.127762627601623535e+01,1.822565650939941406e+01,1.619999999999999885e+00,3.700000000000000000e+05
5.865175325182870880e-01,1.091762638092041016e+01,1.800070381164550781e+01,1.619999999999999885e+00,0.000000000000000000e+00
5.865458329943613602e-01,1.091762638092041016e+01,1.785920143127441406e+01,1.619999999999999885e+00,3.700000000000000000e+05
5.869583733186893859e-01,1.127762627601623535e+01,1.808415412902832031e+01,1.619999999999999885e+00,0.000000000000000000e+00
5.869866734132939134e-01,1.127762627601623535e+01,1.794265365600585938e+01,1.619999999999999885e+00,3.700000000000000000e+05
5.873992137376219391e-01,1.091762638092041016e+01,1.771770095825195312e+01,1.619999999999999885e+00,0.000000000000000000e+00
5.874275142136962113e-01,1.091762638092041016e+01,1.757619857788085938e+01,1.619999999999999885e+00,3.700000000000000000e+05
5.878400545380242370e-01,1.127762627601623535e+01,1.780115127563476562e+01,1.619999999999999885e+00,0.000000000000000000e+00
5.878683546326287646e-01,1.127762627601623535e+01,1.765965080261230469e+01,1.619999999999999885e+00,3.700000000000000000e+05
5.882808949569567902e-01,1.091762638092041016e+01,1.743469810485839844e+01,1.619999999999999885e+00,0.000000000000000000e+00
5.883091954330310624e-01,1.091762638092041016e+01,1.729319572448730469e+01,1.619999999999999885e+00,3.700000000000000000e+05
5.887217357573590881e-01,1.127762627601623535e+01,1.751814842224121094e+01,1.619999999999999885e+00,0.000000000000000000e+00
5.887500358519636157e-01,1.127762627601623535e+01,1.737664794921875000e+01,1.619999999999999885e+00,3.700000000000000000e+05
5.891625761762916413e-01,1.091762638092041016e+01,1.715169525146484375e+01,1.619999999999999885e+00,0.000000000000000000e+00
5.891908766523659136e-01,1.091762638092041016e+01,1.701019287109375000e+01,1.619999999999999885e+00,3.700000000000000000e+05
5.896034169766939392e-01,1.127762627601623535e+01,1.723514556884765625e+01,1.619999999999999885e+00,0.000000000000000000e+00
5.896317170712984668e-01,1.127762627601623535e+01,1.709364509582519531e+01,1.619999999999999885e+00,3.700000000000000000e+05
5.900442573956264924e-01,1.091762638092041016e+01,1.686869239807128906e+01,1.619999999999999885e+00,0.000000000000000000e+00
5.932976865067878247e-01,-3.362373828887939453e+00,9.077568054199218750e+00,1.619999999999999885e+00,3.700000000000000000e+05
5.937102266346236945e-01,-3.722373485565185547e+00,8.852615356445312500e+00,1.619999999999999885e+00,0.000000000000000000e+00
5.937385271106979667e-01,-3.722373485565185547e+00,8.711112976074218750e+00,1.619999999999999885e+00,3.700000000000000000e+05
5.941510672385338365e-01,-3.362373828887939453e+00,8.936065673828125000e+00,1.619999999999999885e+00,0.000000000000000000e+00
5.941793669516686194e-01,-3.362373828887939453e+00,8.794567108154296875e+00,1.619999999999999885e+00,3.700000000000000000e+05
5.945919070795044892e-01,-3.722373485565185547e+00,8.569614410400390625e+00,1.619999999999999885e+00,0.000000000000000000e+00
5.946202075555787614e-01,-3.722373485565185547e+00,8.428112030029296875e+00,1.619999999999999885e+00,3.700000000000000000e+05
5.950327476834146312e-01,-3.362373828887939453e+00,8.653064727783203125e+00,1.619999999999999885e+00,0.000000000000000000e+00
5.950610481594889034e-01,-3.362373828887939453e+00,8.511562347412109375e+00,1.619999999999999885e+00,3.700000000000000000e+05
5.954735882873247732e-01,-3.722373485565185547e+00,8.286609649658203125e+00,1.619999999999999885e+00,0.000000000000000000e+00
5.955018887633990454e-01,-3.722373485565185547e+00,8.145107269287109375e+00,1.619999999999999885e+00,3.700000000000000000e+05
5.959144288912349152e-01,-3.362373828887939453e+00,8.370059967041015625e+00,1.619999999999999885e+00,0.000000000000000000e+00
5.959427286043696981e-01,-3.362373828887939453e+00,8.228561401367187500e+00,1.619999999999999885e+00,3.700000000000000000e+05
5.963552687322055679e-01,-3.722373485565185547e+00,8.003608703613281250e+00,1.619999999999999885e+00,0.000000000000000000e+00
5.963835692082798401e-01,-3.722373485565185547e+00,7.862106323242187500e+00,1.619999999999999885e+00,3.700000000000000000e+05
5.967961093361157099e-01,-3.362373828887939453e+00,8.087059020996093750e+00,1.619999999999999885e+00,0.000000000000000000e+00
5.968244098121899821e-01,-3.362373828887939453e+00,7.945556640625000000e+00,1.619999999999999885e+00,3.700000000000000000e+05
5.972369499400258519e-01,-3.722373485565185547e+00,7.720603942871093750e+00,1.619999999999999885e+00,0.000000000000000000e+00
5.972652504161001241e-01,-3.722373485565185547e+00,7.579101562500000000e+00,1.619999999999999885e+00,3.700000000000000000e+05
5.976777905439359939e-01,-3.362373828887939453e+00,7.804054260253906250e+00,1.619999999999999885e+00,0.000000000000000000e+00
5.977032220234813620e-01,-3.334452152252197266e+00,7.680000305175781250e+00,1.619999999999999885e+00,3.700000000000000000e+05
5.981477574476540271e-01,-3.722373485565185547e+00,7.437602996826171875e+00,1.619999999999999885e+00,0.000000000000000000e+00
5.981760579237282993e-01,-3.722373485565185547e+00,7.296100616455078125e+00,1.619999999999999885e+00,3.700000000000000000e+05
5.988800923677578547e-01,-3.108003139495849609e+00,7.680000305175781250e+00,1.619999999999999885e+00,0.000000000000000000e+00
5.989253823610439786e-01,-2.881553173065185547e+00,7.680000305175781250e+00,1.619999999999999885e+00,3.700000000000000000e+05
5.998889166109032667e-01,-3.722373485565185547e+00,7.154598236083984375e+00,1.619999999999999885e+00,0.000000000000000000e+00
5.999172170869775389e-01,-3.722373485565185547e+00,7.013095855712890625e+00,1.619999999999999885e+00,3.700000000000000000e+05
6.003297591793358423e-01,-3.362373828887939453e+00,7.238052368164062500e+00,1.619999999999999885e+00,0.000000000000000000e+00
6.003580596554101145e-01,-3.362373828887939453e+00,7.096549987792968750e+00,1.619999999999999885e+00,3.700000000000000000e+05
6.007705997832459843e-01,-3.722373485565185547e+00,6.871597290039062500e+00,1.619999999999999885e+00,0.000000000000000000e+00
6.007989002593202565e-01,-3.722373485565185547e+00,6.730094909667968750e+00,1.619999999999999885e+00,3.700000000000000000e+05
6.012114403871561263e-01,-3.362373828887939453e+00,6.955047607421875000e+00,1.619999999999999885e+00,0.000000000000000000e+00
6.012397408632303986e-01,-3.362373828887939453e+00,6.813545227050781250e+00,1.619999999999999885e+00,3.700000000000000000e+05
6.016522809910662684e-01,-3.722373485565185547e+00,6.588592529296875000e+00,1.619999999999999885e+00,0.000000000000000000e+00
6.016805814671405406e-01,-3.722373485565185547e+00,6.447090148925781250e+00,1.619999999999999885e+00,3.700000000000000000e+05
6.020931235594988440e-01,-3.362373828887939453e+00,6.672046661376953125e+00,1.619999999999999885e+00,0.000000000000000000e+00
6.021214240355731162e-01,-3.362373828887939453e+00,6.530544281005859375e+00,1.619999999999999885e+00,3.700000000000000000e+05
6.025339641634089860e-01,-3.722373485565185547e+00,6.305591583251953125e+00,1.619999999999999885e+00,0.000000000000000000e+00
6.025622646394832582e-01,-3.722373485565185547e+00,6.164089202880859375e+00,1.619999999999999885e+00,3.700000000000000000e+05
6.029748047673191280e-01,-3.362373828887939453e+00,6.389041900634765625e+00,1.619999999999999885e+00,0.000000000000000000e+00
6.030031052433934002e-01,-3.362373828887939453e+00,6.247539520263671875e+00,1.619999999999999885e+00,3.700000000000000000e+05
6.034156453712292700e-01,-3.722373485565185547e+00,6.022586822509765625e+00,1.619999999999999885e+00,0.000000000000000000e+00
6.034439458473035423e-01,-3.722373485565185547e+00,5.881084442138671875e+00,1.619999999999999885e+00,3.700000000000000000e+05
6.038564879396618457e-01,-3.362373828887939453e+00,6.106040954589843750e+00,1.619999999999999885e+00,0.000000000000000000e+00
6.038847884157361179e-01,-3.362373828887939453e+00,5.964538574218750000e+00,1.619999999999999885e+00,3.700000000000000000e+05
6.042973285435719877e-01,-3.722373485565185547e+00,5.739585876464843750e+00,1.619999999999999885e+00,0.000000000000000000e+00
6.043256290196462599e-01,-3.722373485565185547e+00,5.598083496093750000e+00,1.619999999999999885e+00,3.700000000000000000e+05
6.047876213531241385e-01,-3.319220066070556641e+00,5.850002288818359375e+00,1.619999999999999885e+00,0.000000000000000000e+00
6.048329113464102624e-01,-3.092770099639892578e+00,5.850002288818359375e+00,1.619999999999999885e+00,3.700000000000000000e+05
6.054931145019813998e-01,-3.668890476226806641e+00,5.490001678466796875e+00,1.619999999999999885e+00,0.000000000000000000e+00
6.055384043045326514e-01,-3.442441463470458984e+00,5.490001678466796875e+00,1.619999999999999885e+00,3.700000000000000000e+05
6.061986074601037888e-01,-2.866321086883544922e+00,5.850002288818359375e+00,1.619999999999999885e+00,0.000000000000000000e+00
6.062438974533899128e-01,-2.639871120452880859e+00,5.850002288818359375e+00,1.619999999999999885e+00,3.700000000000000000e+05
6.069041006089610502e-01,-3.215991497039794922e+00,5.490001678466796875e+00,1.619999999999999885e+00,0.000000000000000000e+00
6.069493904115123017e-01,-2.989542484283447266e+00,5.490001678466796875e+00,1.619999999999999885e+00,3.700000000000000000e+05
6.076095935670834391e-01,-2.413422107696533203e+00,5.850002288818359375e+00,1.619999999999999885e+00,0.000000000000000000e+00
6.076548835603695631e-01,-2.186972141265869141e+00,5.850002288818359375e+00,1.619999999999999885e+00,3.700000000000000000e+05
6.083150867159407005e-01,-2.763092517852783203e+00,5.490001678466796875e+00,1.619999999999999885e+00,0.000000000000000000e+00
6.083603767092268244e-01,-2.536642551422119141e+00,5.490001678466796875e+00,1.619999999999999885e+00,3.700000000000000000e+05
6.090205798647979618e-01,-1.960522174835205078e+00,5.850002288818359375e+00,1.619999999999999885e+00,0.000000000000000000e+00
6.113449385041973549e-01,5.787626385688781738e+00,1.451211929321289062e+01,1.619999999999999885e+00,3.700000000000000000e+05
6.117574789267715696e-01,5.427626371383666992e+00,1.428716659545898438e+01,1.619999999999999885e+00,0.000000000000000000e+00
6.117857786399063524e-01,5.427626371383666992e+00,1.414566802978515625e+01,1.619999999999999885e+00,3.700000000000000000e+05
6.121983190624805671e-01,5.787626385688781738e+00,1.437062072753906250e+01,1.619999999999999885e+00,0.000000000000000000e+00
6.122266195385548393e-01,5.787626385688781738e+00,1.422911834716796875e+01,1.619999999999999885e+00,3.700000000000000000e+05
6.126391599611290539e-01,5.427626371383666992e+00,1.400416564941406250e+01,1.619999999999999885e+00,0.000000000000000000e+00
6.126674604372033262e-01,5.427626371383666992e+00,1.386266326904296875e+01,1.619999999999999885e+00,3.700000000000000000e+05
6.130800008597775408e-01,5.787626385688781738e+00,1.408761596679687500e+01,1.619999999999999885e+00,0.000000000000000000e+00
6.131083013358518130e-01,5.787626385688781738e+00,1.394611358642578125e+01,1.619999999999999885e+00,3.700000000000000000e+05
6.135208417584260276e-01,5.427626371383666992e+00,1.372116088867187500e+01,1.619999999999999885e+00,0.000000000000000000e+00
6.135491414715608105e-01,5.427626371383666992e+00,1.357966232299804688e+01,1.619999999999999885e+00,3.700000000000000000e+05
6.139616818941350251e-01,5.787626385688781738e+00,1.380461502075195312e+01,1.619999999999999885e+00,0.000000000000000000e+00
6.139899823702092974e-01,5.787626385688781738e+00,1.366311264038085938e+01,1.619999999999999885e+00,3.700000000000000000e+05
6.144025227927835120e-01,5.427626371383666992e+00,1.343815994262695312e+01,1.619999999999999885e+00,0.000000000000000000e+00
6.144308232688577842e-01,5.427626371383666992e+00,1.329665756225585938e+01,1.619999999999999885e+00,3.700000000000000000e+05
6.148433636914319989e-01,5.787626385688781738e+00,1.352161026000976562e+01,1.619999999999999885e+00,0.000000000000000000e+00
6.148716641675062711e-01,5.787626385688781738e+00,1.338010787963867188e+01,1.619999999999999885e+00,3.700000000000000000e+05
6.159171820165415534e-01,4.875263690948486328e+00,1.281000137329101562e+01,1.619999999999999885e+00,0.000000000000000000e+00
6.159624719144602967e-01,5.101713180541992188e+00,1.281000137329101562e+01,1.619999999999999885e+00,3.700000000000000000e+05
6.167484923151610454e-01,5.787626385688781738e+00,1.323860931396484375e+01,1.619999999999999885e+00,0.000000000000000000e+00
6.167755594687983622e-01,5.904283165931701660e+00,1.317000198364257812e+01,1.619999999999999885e+00,3.700000000000000000e+05
6.174357625261234217e-01,5.328162908554077148e+00,1.281000137329101562e+01,1.619999999999999885e+00,0.000000000000000000e+00
6.174612099829053236e-01,5.427626371383666992e+00,1.273065185546875000e+01,1.619999999999999885e+00,3.700000000000000000e+05
6.182669321825358111e-01,6.130732774734497070e+00,1.317000198364257812e+01,1.619999999999999885e+00,0.000000000000000000e+00
6.183122221042963718e-01,6.357182383537292480e+00,1.317000198364257812e+01,1.619999999999999885e+00,3.700000000000000000e+05
6.193774438150198014e-01,5.427626371383666992e+00,1.258914947509765625e+01,1.619999999999999885e+00,0.000000000000000000e+00
6.194057435281545843e-01,5.427626371383666992e+00,1.244765090942382812e+01,1.619999999999999885e+00,3.700000000000000000e+05
6.198182839507287989e-01,5.787626385688781738e+00,1.267260360717773438e+01,1.619999999999999885e+00,0.000000000000000000e+00
6.198465844268030711e-01,5.787626385688781738e+00,1.253110122680664062e+01,1.619999999999999885e+00,3.700000000000000000e+05
6.202591248493772857e-01,5.427626371383666992e+00,1.230614852905273438e+01,1.619999999999999885e+00,0.000000000000000000e+00
6.202874253254515580e-01,5.427626371383666992e+00,1.216464614868164062e+01,1.619999999999999885e+00,3.700000000000000000e+05
6.206999657480257726e-01,5.787626385688781738e+00,1.238959884643554688e+01,1.619999999999999885e+00,0.000000000000000000e+00
6.207282662241000448e-01,5.787626385688781738e+00,1.224809646606445312e+01,1.619999999999999885e+00,3.700000000000000000e+05
6.211408066466742595e-01,5.427626371383666992e+00,1.202314376831054688e+01,1.619999999999999885e+00,0.000000000000000000e+00
6.211691063598090423e-01,5.427626371383666992e+00,1.188164520263671875e+01,1.619999999999999885e+00,3.700000000000000000e+05
6.215816467823832570e-01,5.787626385688781738e+00,1.210659790039062500e+01,1.619999999999999885e+00,0.000000000000000000e+00
6.216099472584575292e-01,5.787626385688781738e+00,1.196509552001953125e+01,1.619999999999999885e+00,3.700000000000000000e+05
6.220224876810317438e-01,5.427626371383666992e+00,1.174014282226562500e+01,1.619999999999999885e+00,0.000000000000000000e+00
6.220507881571060160e-01,5.427626371383666992e+00,1.159864044189453125e+01,1.619999999999999885e+00,3.700000000000000000e+05
6.224633285796802307e-01,5.787626385688781738e+00,1.182359313964843750e+01,1.619999999999999885e+00,0.000000000000000000e+00
6.224916290557545029e-01,5.787626385688781738e+00,1.168209075927734375e+01,1.619999999999999885e+00,3.700000000000000000e+05
6.229041694783287175e-01,5.427626371383666992e+00,1.145713806152343750e+01,1.619999999999999885e+00,0.000000000000000000e+00
6.239218777394476279e-01,3.615040779113769531e-01,1.098000335693359375e+01,1.619999999999999885e+00,3.700000000000000000e+05
6.245820793234982959e-01,9.376249313354492188e-01,1.134000015258789062e+01,1.619999999999999885e+00,0.000000000000000000e+00
6.246273692214170392e-01,1.164074420928955078e+00,1.134000015258789062e+01,1.619999999999999885e+00,3.700000000000000000e+05
6.252875704124823963e-01,5.879540443420410156e-01,1.098000335693359375e+01,1.619999999999999885e+00,0.000000000000000000e+00
6.253328603104011396e-01,8.144035339355468750e-01,1.098000335693359375e+01,1.619999999999999885e+00,3.700000000000000000e+05
6.259930615014664967e-01,1.390523910522460938e+00,1.134000015258789062e+01,1.619999999999999885e+00,0.000000000000000000e+00
6.260383513993852400e-01,1.616973400115966797e+00,1.134000015258789062e+01,1.619999999999999885e+00,3.700000000000000000e+05
6.266985525904505971e-01,1.040853023529052734e+00,1.098000335693359375e+01,1.619999999999999885e+00,0.000000000000000000e+00
6.267438424883693404e-01,1.267302513122558594e+00,1.098000335693359375e+01,1.619999999999999885e+00,3.700000000000000000e+05
6.277297271939132894e-01,2.127626419067382812e+00,1.151759338378906250e+01,1.619999999999999885e+00,0.000000000000000000e+00
6.277580276699875617e-01,2.127626419067382812e+00,1.137609100341796875e+01,1.619999999999999885e+00,3.700000000000000000e+05
6.284844129626857567e-01,1.493752002716064453e+00,1.098000335693359375e+01,1.619999999999999885e+00,0.000000000000000000e+00
6.285297029559718807e-01,1.720201969146728516e+00,1.098000335693359375e+01,1.619999999999999885e+00,3.700000000000000000e+05
6.291899041470372378e-01,2.296322345733642578e+00,1.134000015258789062e+01,1.619999999999999885e+00,0.000000000000000000e+00
6.292351940449559811e-01,2.522771835327148438e+00,1.134000015258789062e+01,1.619999999999999885e+00,3.700000000000000000e+05
6.301005496828158137e-01,1.767626285552978516e+00,1.086813354492187500e+01,1.619999999999999885e+00,0.000000000000000000e+00
6.301288493959505965e-01,1.767626285552978516e+00,1.072663497924804688e+01,1.619999999999999885e+00,3.700000000000000000e+05
6.305413899167708891e-01,2.127626419067382812e+00,1.095158767700195312e+01,1.619999999999999885e+00,0.000000000000000000e+00
6.305696903928451613e-01,2.127626419067382812e+00,1.081008529663085938e+01,1.619999999999999885e+00,3.700000000000000000e+05
6.309822309136654539e-01,1.767626285552978516e+00,1.058513259887695312e+01,1.619999999999999885e+00,0.000000000000000000e+00
6.310105313897397261e-01,1.767626285552978516e+00,1.044363021850585938e+01,1.619999999999999885e+00,3.700000000000000000e+05
6.314230719105600187e-01,2.127626419067382812e+00,1.066858291625976562e+01,1.619999999999999885e+00,0.000000000000000000e+00
6.314513723866342909e-01,2.127626419067382812e+00,1.052708053588867188e+01,1.619999999999999885e+00,3.700000000000000000e+05
6.318639129074545835e-01,1.767626285552978516e+00,1.030212783813476562e+01,1.619999999999999885e+00,0.000000000000000000e+00
6.318922126205893663e-01,1.767626285552978516e+00,1.016062927246093750e+01,1.619999999999999885e+00,3.700000000000000000e+05
6.323047531414096589e-01,2.127626419067382812e+00,1.038558197021484375e+01,1.619999999999999885e+00,0.000000000000000000e+00
6.323330536174839311e-01,2.127626419067382812e+00,1.024407958984375000e+01,1.619999999999999885e+00,3.700000000000000000e+05
6.327455941383042237e-01,1.767626285552978516e+00,1.001912689208984375e+01,1.619999999999999885e+00,0.000000000000000000e+00
6.327738946143784959e-01,1.767626285552978516e+00,9.877624511718750000e+00,1.619999999999999885e+00,3.700000000000000000e+05
6.331864351351987885e-01,2.127626419067382812e+00,1.010257720947265625e+01,1.619999999999999885e+00,0.000000000000000000e+00
6.332147356112730607e-01,2.127626419067382812e+00,9.961074829101562500e+00,1.619999999999999885e+00,3.700000000000000000e+05
6.336272761320933533e-01,1.767626285552978516e+00,9.736122131347656250e+00,1.619999999999999885e+00,0.000000000000000000e+00
6.336555758452281362e-01,1.767626285552978516e+00,9.594623565673828125e+00,1.619999999999999885e+00,3.700000000000000000e+05
6.340681163660484287e-01,2.127626419067382812e+00,9.819576263427734375e+00,1.619999999999999885e+00,0.000000000000000000e+00
6.340964168421227010e-01,2.127626419067382812e+00,9.678073883056640625e+00,1.619999999999999885e+00,3.700000000000000000e+05
6.350648462098820168e-01,1.282535076141357422e+00,9.150001525878906250e+00,1.619999999999999885e+00,0.000000000000000000e+00
6.351101361078007601e-01,1.508984565734863281e+00,9.150001525878906250e+00,1.619999999999999885e+00,3.700000000000000000e+05
6.358190660627136559e-01,2.127626419067382812e+00,9.536571502685546875e+00,1.619999999999999885e+00,0.000000000000000000e+00
6.358562335864684778e-01,2.311554908752441406e+00,9.510002136230468750e+00,1.619999999999999885e+00,3.700000000000000000e+05
6.365164371350237049e-01,1.735434055328369141e+00,9.150001525878906250e+00,1.619999999999999885e+00,0.000000000000000000e+00
6.365415531333509236e-01,1.767626285552978516e+00,9.028617858886718750e+00,1.619999999999999885e+00,3.700000000000000000e+05
6.374243641089960555e-01,2.538004398345947266e+00,9.510002136230468750e+00,1.619999999999999885e+00,0.000000000000000000e+00
6.374696540069147987e-01,2.764453887939453125e+00,9.510002136230468750e+00,1.619999999999999885e+00,3.700000000000000000e+05
6.381298571624859362e-01,2.188333511352539062e+00,9.150001525878906250e+00,1.619999999999999885e+00,0.000000000000000000e+00
6.381751470604046794e-01,2.414783000946044922e+00,9.150001525878906250e+00,1.619999999999999885e+00,3.700000000000000000e+05
6.388353502159758168e-01,2.990903377532958984e+00,9.510002136230468750e+00,1.619999999999999885e+00,0.000000000000000000e+00
6.388806401138945601e-01,3.217352867126464844e+00,9.510002136230468750e+00,1.619999999999999885e+00,3.700000000000000000e+05
6.395408432694656975e-01,2.641232490539550781e+00,9.150001525878906250e+00,1.619999999999999885e+00,0.000000000000000000e+00
6.395861331673844408e-01,2.867681980133056641e+00,9.150001525878906250e+00,1.619999999999999885e+00,3.700000000000000000e+05
6.402463365194476230e-01,3.443802595138549805e+00,9.510002136230468750e+00,1.619999999999999885e+00,0.000000000000000000e+00
6.421047585240426958e-01,9.600239992141723633e+00,1.647000122070312500e+01,1.619999999999999885e+00,3.700000000000000000e+05
6.427649616796138332e-01,1.017636036872863770e+01,1.683000183105468750e+01,1.619999999999999885e+00,0.000000000000000000e+00
6.428102516252162113e-01,1.040281009674072266e+01,1.683000183105468750e+01,1.619999999999999885e+00,3.700000000000000000e+05
6.434704547807873487e-01,9.826689720153808594e+00,1.647000122070312500e+01,1.619999999999999885e+00,0.000000000000000000e+00
6.435157446787060920e-01,1.005313920974731445e+01,1.647000122070312500e+01,1.619999999999999885e+00,3.700000000000000000e+05
6.441759478342772294e-01,1.062925958633422852e+01,1.683000183105468750e+01,1.619999999999999885e+00,0.000000000000000000e+00
6.442212377798796075e-01,1.085570931434631348e+01,1.683000183105468750e+01,1.619999999999999885e+00,3.700000000000000000e+05
6.448814411319427897e-01,1.027958869934082031e+01,1.647000122070312500e+01,1.619999999999999885e+00,0.000000000000000000e+00
6.449267310775451678e-01,1.050603842735290527e+01,1.647000122070312500e+01,1.619999999999999885e+00,3.700000000000000000e+05
6.458109290097425736e-01,1.127762627601623535e+01,1.695214271545410156e+01,1.619999999999999885e+00,0.000000000000000000e+00
6.458361308317598359e-01,1.130860853195190430e+01,1.683000183105468750e+01,1.619999999999999885e+00,3.700000000000000000e+05
6.464963341838230182e-01,1.073248791694641113e+01,1.647000122070312500e+01,1.619999999999999885e+00,0.000000000000000000e+00
6.465337200722571787e-01,1.091762638092041016e+01,1.644418716430664062e+01,1.619999999999999885e+00,3.700000000000000000e+05
6.472412636598883218e-01,1.153505802154541016e+01,1.683000183105468750e+01,1.619999999999999885e+00,0.000000000000000000e+00
6.472865535578070650e-01,1.176150751113891602e+01,1.683000183105468750e+01,1.619999999999999885e+00,3.700000000000000000e+05
6.482535955760290181e-01,1.091762638092041016e+01,1.630268669128417969e+01,1.619999999999999885e+00,0.000000000000000000e+00
6.482818960521032903e-01,1.091762638092041016e+01,1.616118431091308594e+01,1.619999999999999885e+00,3.700000000000000000e+05
6.486944363764313159e-01,1.127762627601623535e+01,1.638613700866699219e+01,1.619999999999999885e+00,0.000000000000000000e+00
6.487227364710358435e-01,1.127762627601623535e+01,1.624463653564453125e+01,1.619999999999999885e+00,3.700000000000000000e+05
6.491352767953638692e-01,1.091762638092041016e+01,1.601968383789062500e+01,1.619999999999999885e+00,0.000000000000000000e+00
6.491635772714381414e-01,1.091762638092041016e+01,1.587818145751953125e+01,1.619999999999999885e+00,3.700000000000000000e+05
6.495761175957661671e-01,1.127762627601623535e+01,1.610313415527343750e+01,1.619999999999999885e+00,0.000000000000000000e+00
6.496044176903706946e-01,1.127762627601623535e+01,1.596163368225097656e+01,1.619999999999999885e+00,3.700000000000000000e+05
6.500169580146987203e-01,1.091762638092041016e+01,1.573668098449707031e+01,1.619999999999999885e+00,0.000000000000000000e+00
6.500452584907729925e-01,1.091762638092041016e+01,1.559517860412597656e+01,1.619999999999999885e+00,3.700000000000000000e+05
6.504577988151010182e-01,1.127762627601623535e+01,1.582013130187988281e+01,1.619999999999999885e+00,0.000000000000000000e+00
6.504860989097055457e-01,1.127762627601623535e+01,1.567863082885742188e+01,1.619999999999999885e+00,3.700000000000000000e+05
6.508986392340335714e-01,1.091762638092041016e+01,1.545367813110351562e+01,1.619999999999999885e+00,0.000000000000000000e+00
6.509269397101078436e-01,1.091762638092041016e+01,1.531217575073242188e+01,1.619999999999999885e+00,3.700000000000000000e+05
6.513394810166936999e-01,1.127762627601623535e+01,1.553713035583496094e+01,1.619999999999999885e+00,0.000000000000000000e+00
6.513677814927679721e-01,1.127762627601623535e+01,1.539562797546386719e+01,1.619999999999999885e+00,3.700000000000000000e+05
6.517803227993538284e-01,1.091762638092041016e+01,1.517067337036132812e+01,1.619999999999999885e+00,0.000000000000000000e+00
6.518086225124886113e-01,1.091762638092041016e+01,1.502917480468750000e+01,1.619999999999999885e+00,3.700000000000000000e+05
6.522211628368166370e-01,1.127762627601623535e+01,1.525412750244140625e+01,1.619999999999999885e+00,0.000000000000000000e+00
6.522494633128909092e-01,1.127762627601623535e+01,1.511262512207031250e+01,1.619999999999999885e+00,3.700000000000000000e+05
6.531162051215411157e-01,1.052127075195312500e+01,1.464000320434570312e+01,1.619999999999999885e+00,0.000000000000000000e+00
6.531614950671434938e-01,1.074772047996520996e+01,1.464000320434570312e+01,1.619999999999999885e+00,3.700000000000000000e+05
6.538216962582088509e-01,1.132384085655212402e+01,1.500000000000000000e+01,1.619999999999999885e+00,0.000000000000000000e+00
6.538669862038112290e-01,1.155029058456420898e+01,1.500000000000000000e+01,1.619999999999999885e+00,3.700000000000000000e+05
6.545919851292270053e-01,1.091762638092041016e+01,1.460466766357421875e+01,1.619999999999999885e+00,0.000000000000000000e+00
6.546202848423617882e-01,1.091762638092041016e+01,1.446316909790039062e+01,1.619999999999999885e+00,3.700000000000000000e+05
6.556047812161159838e-01,1.177674007415771484e+01,1.500000000000000000e+01,1.619999999999999885e+00,0.000000000000000000e+00
6.556500711140347271e-01,1.200318956375122070e+01,1.500000000000000000e+01,1.619999999999999885e+00,3.700000000000000000e+05
6.563102723051000842e-01,1.142706918716430664e+01,1.464000320434570312e+01,1.619999999999999885e+00,0.000000000000000000e+00
6.563555622030188275e-01,1.165351867675781250e+01,1.464000320434570312e+01,1.619999999999999885e+00,3.700000000000000000e+05
6.570157637870694955e-01,1.222963953018188477e+01,1.500000000000000000e+01,1.619999999999999885e+00,0.000000000000000000e+00
6.570610536849882388e-01,1.245608901977539062e+01,1.500000000000000000e+01,1.619999999999999885e+00,3.700000000000000000e+05
6.577212548760535960e-01,1.187996864318847656e+01,1.464000320434570312e+01,1.619999999999999885e+00,0.000000000000000000e+00
6.577665447739723392e-01,1.210641813278198242e+01,1.464000320434570312e+01,1.619999999999999885e+00,3.700000000000000000e+05
6.584267459650376964e-01,1.268253850936889648e+01,1.500000000000000000e+01,1.619999999999999885e+00,0.000000000000000000e+00
6.602262196495115587e-01,3.957626342773437500e+00,1.280260467529296875e+01,1.619999999999999885e+00,3.700000000000000000e+05
6.606387599738395844e-01,3.597626447677612305e+00,1.257765197753906250e+01,1.619999999999999885e+00,0.000000000000000000e+00
6.606670604499138566e-01,3.597626447677612305e+00,1.243614959716796875e+01,1.619999999999999885e+00,3.700000000000000000e+05
6.610796007742418823e-01,3.957626342773437500e+00,1.266110229492187500e+01,1.619999999999999885e+00,0.000000000000000000e+00
6.611079012503161545e-01,3.957626342773437500e+00,1.251959991455078125e+01,1.619999999999999885e+00,3.700000000000000000e+05
6.615204415746441802e-01,3.597626447677612305e+00,1.229464721679687500e+01,1.619999999999999885e+00,0.000000000000000000e+00
6.615487412877789630e-01,3.597626447677612305e+00,1.215314865112304688e+01,1.619999999999999885e+00,3.700000000000000000e+05
6.619612816121069887e-01,3.957626342773437500e+00,1.237810134887695312e+01,1.619999999999999885e+00,0.000000000000000000e+00
6.619895820881812609e-01,3.957626342773437500e+00,1.223659896850585938e+01,1.619999999999999885e+00,3.700000000000000000e+05
6.624021224125092866e-01,3.597626447677612305e+00,1.201164627075195312e+01,1.619999999999999885e+00,0.000000000000000000e+00
6.624304228885835588e-01,3.597626447677612305e+00,1.187014389038085938e+01,1.619999999999999885e+00,3.700000000000000000e+05
6.628429632129115845e-01,3.957626342773437500e+00,1.209509658813476562e+01,1.619999999999999885e+00,0.000000000000000000e+00
6.628712636889858567e-01,3.957626342773437500e+00,1.195359420776367188e+01,1.619999999999999885e+00,3.700000000000000000e+05
6.632838040133138824e-01,3.597626447677612305e+00,1.172864151000976562e+01,1.619999999999999885e+00,0.000000000000000000e+00
6.633121037264486652e-01,3.597626447677612305e+00,1.158714294433593750e+01,1.619999999999999885e+00,3.700000000000000000e+05
6.637246440507766909e-01,3.957626342773437500e+00,1.181209564208984375e+01,1.619999999999999885e+00,0.000000000000000000e+00
6.637529445268509631e-01,3.957626342773437500e+00,1.167059326171875000e+01,1.619999999999999885e+00,3.700000000000000000e+05
6.641654848511789888e-01,3.597626447677612305e+00,1.144564056396484375e+01,1.619999999999999885e+00,0.000000000000000000e+00
6.665027035450331594e-01,1.310762643814086914e+01,1.823715591430664062e+01,1.619999999999999885e+00,3.700000000000000000e+05
6.669152440658534520e-01,1.274762630462646484e+01,1.801220321655273438e+01,1.619999999999999885e+00,0.000000000000000000e+00
6.669435445419277242e-01,1.274762630462646484e+01,1.787070083618164062e+01,1.619999999999999885e+00,3.700000000000000000e+05
6.673560850627480168e-01,1.310762643814086914e+01,1.809565353393554688e+01,1.619999999999999885e+00,0.000000000000000000e+00
6.673843851573525443e-01,1.310762643814086914e+01,1.795415306091308594e+01,1.619999999999999885e+00,3.700000000000000000e+05
6.677969256781728369e-01,1.274762630462646484e+01,1.772920036315917969e+01,1.619999999999999885e+00,0.000000000000000000e+00
6.678252261542471091e-01,1.274762630462646484e+01,1.758769798278808594e+01,1.619999999999999885e+00,3.700000000000000000e+05
6.682377666750674017e-01,1.310762643814086914e+01,1.781265068054199219e+01,1.619999999999999885e+00,0.000000000000000000e+00
6.682660667696719292e-01,1.310762643814086914e+01,1.767115020751953125e+01,1.619999999999999885e+00,3.700000000000000000e+05
6.686786072904922218e-01,1.274762630462646484e+01,1.744619750976562500e+01,1.619999999999999885e+00,0.000000000000000000e+00
6.687069077665664940e-01,1.274762630462646484e+01,1.730469512939453125e+01,1.619999999999999885e+00,3.700000000000000000e+05
6.691194492696440621e-01,1.310762643814086914e+01,1.752964973449707031e+01,1.619999999999999885e+00,0.000000000000000000e+00
6.691477497457183343e-01,1.310762643814086914e+01,1.738814735412597656e+01,1.619999999999999885e+00,3.700000000000000000e+05
6.695602902665386269e-01,1.274762630462646484e+01,1.716319465637207031e+01,1.619999999999999885e+00,0.000000000000000000e+00
6.695885907426128991e-01,1.274762630462646484e+01,1.702169227600097656e+01,1.619999999999999885e+00,3.700000000000000000e+05
6.700011322456904672e-01,1.310762643814086914e+01,1.724664688110351562e+01,1.619999999999999885e+00,0.000000000000000000e+00
6.700294327217647394e-01,1.310762643814086914e+01,1.710514450073242188e+01,1.619999999999999885e+00,3.700000000000000000e+05
6.704419732425850320e-01,1.274762630462646484e+01,1.688019180297851562e+01,1.619999999999999885e+00,0.000000000000000000e+00
6.736954021710420681e-01,-1.532373905181884766e+00,9.089069366455078125e+00,1.619999999999999885e+00,3.700000000000000000e+05
6.741079422988779379e-01,-1.892373561859130859e+00,8.864116668701171875e+00,1.619999999999999885e+00,0.000000000000000000e+00
6.741362427749522102e-01,-1.892373561859130859e+00,8.722614288330078125e+00,1.619999999999999885e+00,3.700000000000000000e+05
6.745487829027880800e-01,-1.532373905181884766e+00,8.947566986083984375e+00,1.619999999999999885e+00,0.000000000000000000e+00
6.745770833788623522e-01,-1.532373905181884766e+00,8.806064605712890625e+00,1.619999999999999885e+00,3.700000000000000000e+05
6.749896235066982220e-01,-1.892373561859130859e+00,8.581111907958984375e+00,1.619999999999999885e+00,0.000000000000000000e+00
6.750179239827724942e-01,-1.892373561859130859e+00,8.439609527587890625e+00,1.619999999999999885e+00,3.700000000000000000e+05
6.754304660751307976e-01,-1.532373905181884766e+00,8.664566040039062500e+00,1.619999999999999885e+00,0.000000000000000000e+00
6.754587665512050698e-01,-1.532373905181884766e+00,8.523063659667968750e+00,1.619999999999999885e+00,3.700000000000000000e+05
6.758713066790409396e-01,-1.892373561859130859e+00,8.298110961914062500e+00,1.619999999999999885e+00,0.000000000000000000e+00
6.758996071551152118e-01,-1.892373561859130859e+00,8.156608581542968750e+00,1.619999999999999885e+00,3.700000000000000000e+05
6.763121472829510816e-01,-1.532373905181884766e+00,8.381561279296875000e+00,1.619999999999999885e+00,0.000000000000000000e+00
6.763404477590253538e-01,-1.532373905181884766e+00,8.240058898925781250e+00,1.619999999999999885e+00,3.700000000000000000e+05
6.767529878868612236e-01,-1.892373561859130859e+00,8.015106201171875000e+00,1.619999999999999885e+00,0.000000000000000000e+00
6.767812883629354959e-01,-1.892373561859130859e+00,7.873603820800781250e+00,1.619999999999999885e+00,3.700000000000000000e+05
6.771938304552937993e-01,-1.532373905181884766e+00,8.098560333251953125e+00,1.619999999999999885e+00,0.000000000000000000e+00
6.772221309313680715e-01,-1.532373905181884766e+00,7.957057952880859375e+00,1.619999999999999885e+00,3.700000000000000000e+05
6.776346710592039413e-01,-1.892373561859130859e+00,7.732105255126953125e+00,1.619999999999999885e+00,0.000000000000000000e+00
6.799718897433570941e-01,7.617626368999481201e+00,1.452362060546875000e+01,1.619999999999999885e+00,3.700000000000000000e+05
6.803844301659313087e-01,7.257626354694366455e+00,1.429866790771484375e+01,1.619999999999999885e+00,0.000000000000000000e+00
6.804127306420055810e-01,7.257626354694366455e+00,1.415716552734375000e+01,1.619999999999999885e+00,3.700000000000000000e+05
6.808252710645797956e-01,7.617626368999481201e+00,1.438211822509765625e+01,1.619999999999999885e+00,0.000000000000000000e+00
6.808535715406540678e-01,7.617626368999481201e+00,1.424061584472656250e+01,1.619999999999999885e+00,3.700000000000000000e+05
6.812661119632282825e-01,7.257626354694366455e+00,1.401566314697265625e+01,1.619999999999999885e+00,0.000000000000000000e+00
6.812944116763630653e-01,7.257626354694366455e+00,1.387416458129882812e+01,1.619999999999999885e+00,3.700000000000000000e+05
6.817069520989372799e-01,7.617626368999481201e+00,1.409911727905273438e+01,1.619999999999999885e+00,0.000000000000000000e+00
6.817352525750115522e-01,7.617626368999481201e+00,1.395761489868164062e+01,1.619999999999999885e+00,3.700000000000000000e+05
6.821477929975857668e-01,7.257626354694366455e+00,1.373266220092773438e+01,1.619999999999999885e+00,0.000000000000000000e+00
6.821760934736600390e-01,7.257626354694366455e+00,1.359115982055664062e+01,1.619999999999999885e+00,3.700000000000000000e+05
6.825886338962342537e-01,7.617626368999481201e+00,1.381611251831054688e+01,1.619999999999999885e+00,0.000000000000000000e+00
6.826169343723085259e-01,7.617626368999481201e+00,1.367461013793945312e+01,1.619999999999999885e+00,3.700000000000000000e+05
6.830294747948827405e-01,7.257626354694366455e+00,1.344965744018554688e+01,1.619999999999999885e+00,0.000000000000000000e+00
6.830577745080175234e-01,7.257626354694366455e+00,1.330815887451171875e+01,1.619999999999999885e+00,3.700000000000000000e+05
6.834703149305917380e-01,7.617626368999481201e+00,1.353311157226562500e+01,1.619999999999999885e+00,0.000000000000000000e+00
6.846729989059646693e-01,2.173100948333740234e+00,1.098000335693359375e+01,1.619999999999999885e+00,3.700000000000000000e+05
6.853332000970300264e-01,2.749221324920654297e+00,1.134000015258789062e+01,1.619999999999999885e+00,0.000000000000000000e+00
6.853784900903161503e-01,2.975671291351318359e+00,1.134000015258789062e+01,1.619999999999999885e+00,3.700000000000000000e+05
6.860386916743668184e-01,2.399550437927246094e+00,1.098000335693359375e+01,1.619999999999999885e+00,0.000000000000000000e+00
6.860839816676529423e-01,2.626000404357910156e+00,1.098000335693359375e+01,1.619999999999999885e+00,3.700000000000000000e+05
6.867441828587182995e-01,3.202120780944824219e+00,1.134000015258789062e+01,1.619999999999999885e+00,0.000000000000000000e+00
6.867894727566370427e-01,3.428570270538330078e+00,1.134000015258789062e+01,1.619999999999999885e+00,3.700000000000000000e+05
6.874496739477023999e-01,2.852449893951416016e+00,1.098000335693359375e+01,1.619999999999999885e+00,0.000000000000000000e+00
6.874949638456211432e-01,3.078899383544921875e+00,1.098000335693359375e+01,1.619999999999999885e+00,3.700000000000000000e+05
6.885019364226411254e-01,3.957626342773437500e+00,1.152909088134765625e+01,1.619999999999999885e+00,0.000000000000000000e+00
6.885302368987153976e-01,3.957626342773437500e+00,1.138758850097656250e+01,1.619999999999999885e+00,3.700000000000000000e+05
6.892777100628919573e-01,3.305348873138427734e+00,1.098000335693359375e+01,1.619999999999999885e+00,0.000000000000000000e+00
6.893230000084943354e-01,3.531798601150512695e+00,1.098000335693359375e+01,1.619999999999999885e+00,3.700000000000000000e+05
6.899832011995596925e-01,4.107918977737426758e+00,1.134000015258789062e+01,1.619999999999999885e+00,0.000000000000000000e+00
6.900284910974784358e-01,4.334368467330932617e+00,1.134000015258789062e+01,1.619999999999999885e+00,3.700000000000000000e+05
6.908727565063702558e-01,3.597626447677612305e+00,1.087963485717773438e+01,1.619999999999999885e+00,0.000000000000000000e+00
6.909010569824445280e-01,3.597626447677612305e+00,1.073813247680664062e+01,1.619999999999999885e+00,3.700000000000000000e+05
6.913135973067725537e-01,3.957626342773437500e+00,1.096308517456054688e+01,1.619999999999999885e+00,0.000000000000000000e+00
6.913418977828468259e-01,3.957626342773437500e+00,1.082158279418945312e+01,1.619999999999999885e+00,3.700000000000000000e+05
6.917544381071748516e-01,3.597626447677612305e+00,1.059663009643554688e+01,1.619999999999999885e+00,0.000000000000000000e+00
6.917827378203096345e-01,3.597626447677612305e+00,1.045513153076171875e+01,1.619999999999999885e+00,3.700000000000000000e+05
6.921952781446376601e-01,3.957626342773437500e+00,1.068008422851562500e+01,1.619999999999999885e+00,0.000000000000000000e+00
6.922235786207119324e-01,3.957626342773437500e+00,1.053858184814453125e+01,1.619999999999999885e+00,3.700000000000000000e+05
6.926361189450399580e-01,3.597626447677612305e+00,1.031362915039062500e+01,1.619999999999999885e+00,0.000000000000000000e+00
6.926644194211142302e-01,3.597626447677612305e+00,1.017212677001953125e+01,1.619999999999999885e+00,3.700000000000000000e+05
6.930769597454422559e-01,3.957626342773437500e+00,1.039707946777343750e+01,1.619999999999999885e+00,0.000000000000000000e+00
6.931052602215165281e-01,3.957626342773437500e+00,1.025557708740234375e+01,1.619999999999999885e+00,3.700000000000000000e+05
6.935178005458445538e-01,3.597626447677612305e+00,1.003062438964843750e+01,1.619999999999999885e+00,0.000000000000000000e+00
6.935461002589793367e-01,3.597626447677612305e+00,9.889125823974609375e+00,1.619999999999999885e+00,3.700000000000000000e+05
6.939586405833073623e-01,3.957626342773437500e+00,1.011407852172851562e+01,1.619999999999999885e+00,0.000000000000000000e+00
6.939869410593816346e-01,3.957626342773437500e+00,9.972576141357421875e+00,1.619999999999999885e+00,3.700000000000000000e+05
6.943994813837096602e-01,3.597626447677612305e+00,9.747623443603515625e+00,1.619999999999999885e+00,0.000000000000000000e+00
6.944277818597839325e-01,3.597626447677612305e+00,9.606121063232421875e+00,1.619999999999999885e+00,3.700000000000000000e+05
6.948403221841119581e-01,3.957626342773437500e+00,9.831073760986328125e+00,1.619999999999999885e+00,0.000000000000000000e+00
6.948686226601862304e-01,3.957626342773437500e+00,9.689571380615234375e+00,1.619999999999999885e+00,3.700000000000000000e+05
6.958581398994206912e-01,3.094131946563720703e+00,9.150001525878906250e+00,1.619999999999999885e+00,0.000000000000000000e+00
6.959034297973394345e-01,3.320581436157226562e+00,9.150001525878906250e+00,1.619999999999999885e+00,3.700000000000000000e+05
6.966334495882388067e-01,3.957626342773437500e+00,9.548072814941406250e+00,1.619999999999999885e+00,0.000000000000000000e+00
6.966674189672409367e-01,4.123151540756225586e+00,9.510002136230468750e+00,1.619999999999999885e+00,3.700000000000000000e+05
6.973276223193041190e-01,3.547030925750732422e+00,9.150001525878906250e+00,1.619999999999999885e+00,0.000000000000000000e+00
6.973518172585037034e-01,3.597626447677612305e+00,9.040115356445312500e+00,1.619999999999999885e+00,3.700000000000000000e+05
6.982135399696893785e-01,4.349601030349731445e+00,9.510002136230468750e+00,1.619999999999999885e+00,0.000000000000000000e+00
6.982588298676081218e-01,4.576050519943237305e+00,9.510002136230468750e+00,1.619999999999999885e+00,3.700000000000000000e+05
6.989190330231792592e-01,3.999930143356323242e+00,9.150001525878906250e+00,1.619999999999999885e+00,0.000000000000000000e+00
6.989643229210980024e-01,4.226379632949829102e+00,9.150001525878906250e+00,1.619999999999999885e+00,3.700000000000000000e+05
6.996245262731611847e-01,4.802500247955322266e+00,9.510002136230468750e+00,1.619999999999999885e+00,0.000000000000000000e+00
6.996698161710799280e-01,5.028949737548828125e+00,9.510002136230468750e+00,1.619999999999999885e+00,3.700000000000000000e+05
7.003300193266510654e-01,4.452829360961914062e+00,9.150001525878906250e+00,1.619999999999999885e+00,0.000000000000000000e+00
7.003753092245698086e-01,4.679278850555419922e+00,9.150001525878906250e+00,1.619999999999999885e+00,3.700000000000000000e+05
7.010355123801409460e-01,5.255399227142333984e+00,9.510002136230468750e+00,1.619999999999999885e+00,0.000000000000000000e+00
7.027884399530580639e-01,-3.231224536895751953e+00,7.320003509521484375e+00,1.619999999999999885e+00,3.700000000000000000e+05
7.034486411441234210e-01,-2.655104160308837891e+00,7.680000305175781250e+00,1.619999999999999885e+00,0.000000000000000000e+00
7.034939311374095450e-01,-2.428654193878173828e+00,7.680000305175781250e+00,1.619999999999999885e+00,3.700000000000000000e+05
7.041541323284749021e-01,-3.004774570465087891e+00,7.320003509521484375e+00,1.619999999999999885e+00,0.000000000000000000e+00
7.041994223217610260e-01,-2.778324604034423828e+00,7.320003509521484375e+00,1.619999999999999885e+00,3.700000000000000000e+05
7.048596235128263832e-01,-2.202204227447509766e+00,7.680000305175781250e+00,1.619999999999999885e+00,0.000000000000000000e+00
7.049049133153776348e-01,-1.975755214691162109e+00,7.680000305175781250e+00,1.619999999999999885e+00,3.700000000000000000e+05
7.055651145064429919e-01,-2.551875591278076172e+00,7.320003509521484375e+00,1.619999999999999885e+00,0.000000000000000000e+00
7.056104044997291158e-01,-2.325425624847412109e+00,7.320003509521484375e+00,1.619999999999999885e+00,3.700000000000000000e+05
7.065191980717649978e-01,-1.532373905181884766e+00,7.815555572509765625e+00,1.619999999999999885e+00,0.000000000000000000e+00
7.065463758689811691e-01,-1.522856235504150391e+00,7.680000305175781250e+00,1.619999999999999885e+00,3.700000000000000000e+05
7.072065770600465262e-01,-2.098976612091064453e+00,7.320003509521484375e+00,1.619999999999999885e+00,0.000000000000000000e+00
7.072479720450430829e-01,-1.892373561859130859e+00,7.307601928710937500e+00,1.619999999999999885e+00,3.700000000000000000e+05
7.079309166530916020e-01,-1.296406269073486328e+00,7.680000305175781250e+00,1.619999999999999885e+00,0.000000000000000000e+00
7.079762066463777259e-01,-1.069956302642822266e+00,7.680000305175781250e+00,1.619999999999999885e+00,3.700000000000000000e+05
7.089186510602537572e-01,-1.892373561859130859e+00,7.166099548339843750e+00,1.619999999999999885e+00,0.000000000000000000e+00
7.089469515363280294e-01,-1.892373561859130859e+00,7.024597167968750000e+00,1.619999999999999885e+00,3.700000000000000000e+05
7.093594916641638992e-01,-1.532373905181884766e+00,7.249549865722656250e+00,1.619999999999999885e+00,0.000000000000000000e+00
7.093877921402381714e-01,-1.532373905181884766e+00,7.108047485351562500e+00,1.619999999999999885e+00,3.700000000000000000e+05
7.098003322680740412e-01,-1.892373561859130859e+00,6.883094787597656250e+00,1.619999999999999885e+00,0.000000000000000000e+00
7.098286319812088241e-01,-1.892373561859130859e+00,6.741596221923828125e+00,1.619999999999999885e+00,3.700000000000000000e+05
7.102411721090446939e-01,-1.532373905181884766e+00,6.966548919677734375e+00,1.619999999999999885e+00,0.000000000000000000e+00
7.102694725851189661e-01,-1.532373905181884766e+00,6.825046539306640625e+00,1.619999999999999885e+00,3.700000000000000000e+05
7.106820127129548359e-01,-1.892373561859130859e+00,6.600093841552734375e+00,1.619999999999999885e+00,0.000000000000000000e+00
7.107103131890291081e-01,-1.892373561859130859e+00,6.458591461181640625e+00,1.619999999999999885e+00,3.700000000000000000e+05
7.111228533168649779e-01,-1.532373905181884766e+00,6.683544158935546875e+00,1.619999999999999885e+00,0.000000000000000000e+00
7.111511537929392501e-01,-1.532373905181884766e+00,6.542041778564453125e+00,1.619999999999999885e+00,3.700000000000000000e+05
7.115636939207751199e-01,-1.892373561859130859e+00,6.317089080810546875e+00,1.619999999999999885e+00,0.000000000000000000e+00
7.115919936339099028e-01,-1.892373561859130859e+00,6.175590515136718750e+00,1.619999999999999885e+00,3.700000000000000000e+05
7.120045337617457726e-01,-1.532373905181884766e+00,6.400543212890625000e+00,1.619999999999999885e+00,0.000000000000000000e+00
7.120328342378200448e-01,-1.532373905181884766e+00,6.259040832519531250e+00,1.619999999999999885e+00,3.700000000000000000e+05
7.124453743656559146e-01,-1.892373561859130859e+00,6.034088134765625000e+00,1.619999999999999885e+00,0.000000000000000000e+00
7.124736748417301868e-01,-1.892373561859130859e+00,5.892585754394531250e+00,1.619999999999999885e+00,3.700000000000000000e+05
7.128862149695660566e-01,-1.532373905181884766e+00,6.117538452148437500e+00,1.619999999999999885e+00,0.000000000000000000e+00
7.129145154456403288e-01,-1.532373905181884766e+00,5.976036071777343750e+00,1.619999999999999885e+00,3.700000000000000000e+05
7.138058540728753343e-01,-2.310193538665771484e+00,5.490001678466796875e+00,1.619999999999999885e+00,0.000000000000000000e+00
7.138511440661614582e-01,-2.083743572235107422e+00,5.490001678466796875e+00,1.619999999999999885e+00,3.700000000000000000e+05
7.145113472217325956e-01,-1.507623195648193359e+00,5.850002288818359375e+00,1.619999999999999885e+00,0.000000000000000000e+00
7.145566370242838472e-01,-1.281174182891845703e+00,5.850002288818359375e+00,1.619999999999999885e+00,3.700000000000000000e+05
7.152570385416380239e-01,-1.892373561859130859e+00,5.468082427978515625e+00,1.619999999999999885e+00,0.000000000000000000e+00
7.152853390177122961e-01,-1.892373561859130859e+00,5.326580047607421875e+00,1.619999999999999885e+00,3.700000000000000000e+05
7.162452403408974266e-01,-1.054724216461181641e+00,5.850002288818359375e+00,1.619999999999999885e+00,0.000000000000000000e+00
7.162905303341835506e-01,-8.282742500305175781e-01,5.850002288818359375e+00,1.619999999999999885e+00,3.700000000000000000e+05
7.169507334897546880e-01,-1.404394626617431641e+00,5.490001678466796875e+00,1.619999999999999885e+00,0.000000000000000000e+00
7.169960232923059396e-01,-1.177945613861083984e+00,5.490001678466796875e+00,1.619999999999999885e+00,3.700000000000000000e+05
7.176562264478770770e-01,-6.018252372741699219e-01,5.850002288818359375e+00,1.619999999999999885e+00,0.000000000000000000e+00
7.177015164411632009e-01,-3.753752708435058594e-01,5.850002288818359375e+00,1.619999999999999885e+00,3.700000000000000000e+05
7.183617195967343383e-01,-9.514956474304199219e-01,5.490001678466796875e+00,1.619999999999999885e+00,0.000000000000000000e+00
7.184070093992855899e-01,-7.250466346740722656e-01,5.490001678466796875e+00,1.619999999999999885e+00,3.700000000000000000e+05
7.190672129478408170e-01,-1.489257812500000000e-01,5.850002288818359375e+00,1.619999999999999885e+00,0.000000000000000000e+00
7.222068664970072716e-01,1.141183686256408691e+01,1.647000122070312500e+01,1.619999999999999885e+00,3.700000000000000000e+05
7.228670694560863641e-01,1.198795700073242188e+01,1.683000183105468750e+01,1.619999999999999885e+00,0.000000000000000000e+00
7.229123594493724880e-01,1.221440696716308594e+01,1.683000183105468750e+01,1.619999999999999885e+00,3.700000000000000000e+05
7.235725629979277151e-01,1.163828611373901367e+01,1.647000122070312500e+01,1.619999999999999885e+00,0.000000000000000000e+00
7.236178529912138391e-01,1.186473608016967773e+01,1.647000122070312500e+01,1.619999999999999885e+00,3.700000000000000000e+05
7.242780561467849765e-01,1.244085645675659180e+01,1.683000183105468750e+01,1.619999999999999885e+00,0.000000000000000000e+00
7.243233460447037197e-01,1.266730594635009766e+01,1.683000183105468750e+01,1.619999999999999885e+00,3.700000000000000000e+05
7.249835492002748571e-01,1.209118556976318359e+01,1.647000122070312500e+01,1.619999999999999885e+00,0.000000000000000000e+00
7.250288390981936004e-01,1.231763505935668945e+01,1.647000122070312500e+01,1.619999999999999885e+00,3.700000000000000000e+05
7.259341272593614613e-01,1.310762643814086914e+01,1.696364402770996094e+01,1.619999999999999885e+00,0.000000000000000000e+00
7.259609738361026965e-01,1.312020540237426758e+01,1.683000183105468750e+01,1.619999999999999885e+00,3.700000000000000000e+05
7.266211773846579236e-01,1.254408454895019531e+01,1.647000122070312500e+01,1.619999999999999885e+00,0.000000000000000000e+00
7.266619862834673427e-01,1.274762630462646484e+01,1.645568656921386719e+01,1.619999999999999885e+00,3.700000000000000000e+05
7.273484410173683967e-01,1.334665489196777344e+01,1.683000183105468750e+01,1.619999999999999885e+00,0.000000000000000000e+00
7.273937309152871400e-01,1.357310438156127930e+01,1.683000183105468750e+01,1.619999999999999885e+00,3.700000000000000000e+05
7.283396840797790039e-01,1.274762630462646484e+01,1.631418609619140625e+01,1.619999999999999885e+00,0.000000000000000000e+00
7.283679845558532762e-01,1.274762630462646484e+01,1.617268371582031250e+01,1.619999999999999885e+00,3.700000000000000000e+05
7.287805260589308443e-01,1.310762643814086914e+01,1.639763832092285156e+01,1.619999999999999885e+00,0.000000000000000000e+00
7.288088265350051165e-01,1.310762643814086914e+01,1.625613594055175781e+01,1.619999999999999885e+00,3.700000000000000000e+05
7.292213670558254091e-01,1.274762630462646484e+01,1.603118324279785156e+01,1.619999999999999885e+00,0.000000000000000000e+00
7.292496675318996813e-01,1.274762630462646484e+01,1.588968086242675781e+01,1.619999999999999885e+00,3.700000000000000000e+05
7.296622090349772494e-01,1.310762643814086914e+01,1.611463546752929688e+01,1.619999999999999885e+00,0.000000000000000000e+00
7.296905095110515216e-01,1.310762643814086914e+01,1.597313308715820312e+01,1.619999999999999885e+00,3.700000000000000000e+05
7.301030500318718142e-01,1.274762630462646484e+01,1.574818038940429688e+01,1.619999999999999885e+00,0.000000000000000000e+00
7.301313505079460864e-01,1.274762630462646484e+01,1.560667800903320312e+01,1.619999999999999885e+00,3.700000000000000000e+05
7.305438920110236545e-01,1.310762643814086914e+01,1.583163261413574219e+01,1.619999999999999885e+00,0.000000000000000000e+00
7.305721924870979267e-01,1.310762643814086914e+01,1.569013023376464844e+01,1.619999999999999885e+00,3.700000000000000000e+05
7.309847330079182193e-01,1.274762630462646484e+01,1.546517753601074219e+01,1.619999999999999885e+00,0.000000000000000000e+00
7.310130331025227468e-01,1.274762630462646484e+01,1.532367706298828125e+01,1.619999999999999885e+00,3.700000000000000000e+05
7.314255736233430394e-01,1.310762643814086914e+01,1.554862976074218750e+01,1.619999999999999885e+00,0.000000000000000000e+00
7.314538740994173116e-01,1.310762643814086914e+01,1.540712738037109375e+01,1.619999999999999885e+00,3.700000000000000000e+05
7.318664146202376042e-01,1.274762630462646484e+01,1.518217468261718750e+01,1.619999999999999885e+00,0.000000000000000000e+00
7.318947150963118764e-01,1.274762630462646484e+01,1.504067230224609375e+01,1.619999999999999885e+00,3.700000000000000000e+05
7.323072556171321690e-01,1.310762643814086914e+01,1.526562500000000000e+01,1.619999999999999885e+00,0.000000000000000000e+00
7.323355553302669518e-01,1.310762643814086914e+01,1.512412643432617188e+01,1.619999999999999885e+00,3.700000000000000000e+05
7.332233871713940143e-01,1.233286762237548828e+01,1.464000320434570312e+01,1.619999999999999885e+00,0.000000000000000000e+00
7.332686770693127576e-01,1.255931711196899414e+01,1.464000320434570312e+01,1.619999999999999885e+00,3.700000000000000000e+05
7.339288782603781147e-01,1.313543748855590820e+01,1.500000000000000000e+01,1.619999999999999885e+00,0.000000000000000000e+00
7.339741682536642386e-01,1.336188745498657227e+01,1.500000000000000000e+01,1.619999999999999885e+00,3.700000000000000000e+05
7.346780773430963141e-01,1.274762630462646484e+01,1.461616897583007812e+01,1.619999999999999885e+00,0.000000000000000000e+00
7.347063778191705863e-01,1.274762630462646484e+01,1.447466659545898438e+01,1.619999999999999885e+00,3.700000000000000000e+05
7.356697863214474165e-01,1.358833694458007812e+01,1.500000000000000000e+01,1.619999999999999885e+00,0.000000000000000000e+00
7.357150762193661597e-01,1.381478643417358398e+01,1.500000000000000000e+01,1.619999999999999885e+00,3.700000000000000000e+05
7.363752774104315169e-01,1.323866605758666992e+01,1.464000320434570312e+01,1.619999999999999885e+00,0.000000000000000000e+00
7.364205673083502601e-01,1.346511554718017578e+01,1.464000320434570312e+01,1.619999999999999885e+00,3.700000000000000000e+05
7.370807684994156173e-01,1.404123592376708984e+01,1.500000000000000000e+01,1.619999999999999885e+00,0.000000000000000000e+00
7.371260583973343605e-01,1.426768541336059570e+01,1.500000000000000000e+01,1.619999999999999885e+00,3.700000000000000000e+05
7.377862595883997177e-01,1.369156503677368164e+01,1.464000320434570312e+01,1.619999999999999885e+00,0.000000000000000000e+00
7.378315494863184609e-01,1.391801452636718750e+01,1.464000320434570312e+01,1.619999999999999885e+00,3.700000000000000000e+05
7.384917506773838181e-01,1.449413490295410156e+01,1.500000000000000000e+01,1.619999999999999885e+00,0.000000000000000000e+00
7.402446781579584689e-01,6.007511615753173828e+00,1.281000137329101562e+01,1.619999999999999885e+00,3.700000000000000000e+05
7.409048813135296063e-01,6.583631992340087891e+00,1.317000198364257812e+01,1.619999999999999885e+00,0.000000000000000000e+00
7.409501712352901670e-01,6.810081601142883301e+00,1.317000198364257812e+01,1.619999999999999885e+00,3.700000000000000000e+05
7.416103744891072713e-01,6.233961105346679688e+00,1.281000137329101562e+01,1.619999999999999885e+00,0.000000000000000000e+00
7.416556644227887407e-01,6.460410773754119873e+00,1.281000137329101562e+01,1.619999999999999885e+00,3.700000000000000000e+05
7.423158675783598781e-01,7.036531150341033936e+00,1.317000198364257812e+01,1.619999999999999885e+00,0.000000000000000000e+00
7.424402510833590929e-01,7.617626368999481201e+00,1.339160919189453125e+01,1.619999999999999885e+00,3.700000000000000000e+05
7.435068590139948252e-01,6.686860322952270508e+00,1.281000137329101562e+01,1.619999999999999885e+00,0.000000000000000000e+00
7.435521489357553859e-01,6.913309931755065918e+00,1.281000137329101562e+01,1.619999999999999885e+00,3.700000000000000000e+05
7.443592573552986202e-01,7.617626368999481201e+00,1.325010681152343750e+01,1.619999999999999885e+00,0.000000000000000000e+00
7.443846112937585469e-01,7.715879976749420166e+00,1.317000198364257812e+01,1.619999999999999885e+00,3.700000000000000000e+05
7.450448145475756512e-01,7.139759480953216553e+00,1.281000137329101562e+01,1.619999999999999885e+00,0.000000000000000000e+00
7.450720145320786081e-01,7.257626354694366455e+00,1.274215316772460938e+01,1.619999999999999885e+00,3.700000000000000000e+05
7.458566466992320176e-01,7.942329466342926025e+00,1.317000198364257812e+01,1.619999999999999885e+00,0.000000000000000000e+00
7.459019366209925783e-01,8.168779075145721436e+00,1.317000198364257812e+01,1.619999999999999885e+00,3.700000000000000000e+05
7.469460682992378198e-01,7.257626354694366455e+00,1.260065078735351562e+01,1.619999999999999885e+00,0.000000000000000000e+00
7.469743687753120920e-01,7.257626354694366455e+00,1.245914840698242188e+01,1.619999999999999885e+00,3.700000000000000000e+05
7.473869091978863066e-01,7.617626368999481201e+00,1.268410110473632812e+01,1.619999999999999885e+00,0.000000000000000000e+00
7.474152096739605788e-01,7.617626368999481201e+00,1.254259872436523438e+01,1.619999999999999885e+00,3.700000000000000000e+05
7.478277500965347935e-01,7.257626354694366455e+00,1.231764602661132812e+01,1.619999999999999885e+00,0.000000000000000000e+00
7.478560498096695763e-01,7.257626354694366455e+00,1.217614746093750000e+01,1.619999999999999885e+00,3.700000000000000000e+05
7.482685902322437910e-01,7.617626368999481201e+00,1.240110015869140625e+01,1.619999999999999885e+00,0.000000000000000000e+00
7.482968907083180632e-01,7.617626368999481201e+00,1.225959777832031250e+01,1.619999999999999885e+00,3.700000000000000000e+05
7.487094311308922778e-01,7.257626354694366455e+00,1.203464508056640625e+01,1.619999999999999885e+00,0.000000000000000000e+00
7.487377316069665500e-01,7.257626354694366455e+00,1.189314270019531250e+01,1.619999999999999885e+00,3.700000000000000000e+05
7.491502720295407647e-01,7.617626368999481201e+00,1.211809539794921875e+01,1.619999999999999885e+00,0.000000000000000000e+00
7.491785725056150369e-01,7.617626368999481201e+00,1.197659301757812500e+01,1.619999999999999885e+00,3.700000000000000000e+05
7.495911129281892515e-01,7.257626354694366455e+00,1.175164031982421875e+01,1.619999999999999885e+00,0.000000000000000000e+00
7.496194126413240344e-01,7.257626354694366455e+00,1.161014175415039062e+01,1.619999999999999885e+00,3.700000000000000000e+05
7.500319530638982490e-01,7.617626368999481201e+00,1.183509445190429688e+01,1.619999999999999885e+00,0.000000000000000000e+00
7.500602535399725213e-01,7.617626368999481201e+00,1.169359207153320312e+01,1.619999999999999885e+00,3.700000000000000000e+05
7.504727939625467359e-01,7.257626354694366455e+00,1.146863937377929688e+01,1.619999999999999885e+00,0.000000000000000000e+00
7.519431594334882174e-01,2.976264953613281250e-01,9.100566864013671875e+00,1.619999999999999885e+00,3.700000000000000000e+05
7.523556999543085100e-01,-6.237363815307617188e-02,8.875614166259765625e+00,1.619999999999999885e+00,0.000000000000000000e+00
7.523839996674432928e-01,-6.237363815307617188e-02,8.734115600585937500e+00,1.619999999999999885e+00,3.700000000000000000e+05
7.527965401882635854e-01,2.976264953613281250e-01,8.959068298339843750e+00,1.619999999999999885e+00,0.000000000000000000e+00
7.528248406643378576e-01,2.976264953613281250e-01,8.817565917968750000e+00,1.619999999999999885e+00,3.700000000000000000e+05
7.532373811851581502e-01,-6.237363815307617188e-02,8.592613220214843750e+00,1.619999999999999885e+00,0.000000000000000000e+00
7.532656816612324224e-01,-6.237363815307617188e-02,8.451110839843750000e+00,1.619999999999999885e+00,3.700000000000000000e+05
7.536782221820527150e-01,2.976264953613281250e-01,8.676063537597656250e+00,1.619999999999999885e+00,0.000000000000000000e+00
7.537065226581269872e-01,2.976264953613281250e-01,8.534561157226562500e+00,1.619999999999999885e+00,3.700000000000000000e+05
7.541190631789472798e-01,-6.237363815307617188e-02,8.309608459472656250e+00,1.619999999999999885e+00,0.000000000000000000e+00
7.541473628920820627e-01,-6.237363815307617188e-02,8.168109893798828125e+00,1.619999999999999885e+00,3.700000000000000000e+05
7.545599034129023552e-01,2.976264953613281250e-01,8.393062591552734375e+00,1.619999999999999885e+00,0.000000000000000000e+00
7.545882038889766275e-01,2.976264953613281250e-01,8.251560211181640625e+00,1.619999999999999885e+00,3.700000000000000000e+05
7.550007444097969200e-01,-6.237363815307617188e-02,8.026607513427734375e+00,1.619999999999999885e+00,0.000000000000000000e+00
7.550290448858711922e-01,-6.237363815307617188e-02,7.885105133056640625e+00,1.619999999999999885e+00,3.700000000000000000e+05
7.554415854066914848e-01,2.976264953613281250e-01,8.110057830810546875e+00,1.619999999999999885e+00,0.000000000000000000e+00
7.554698858827657570e-01,2.976264953613281250e-01,7.968555450439453125e+00,1.619999999999999885e+00,3.700000000000000000e+05
7.558824264035860496e-01,-6.237363815307617188e-02,7.743602752685546875e+00,1.619999999999999885e+00,0.000000000000000000e+00
7.582196450974402202e-01,9.447626352310180664e+00,1.453511810302734375e+01,1.619999999999999885e+00,3.700000000000000000e+05
7.586321855200144348e-01,9.087626338005065918e+00,1.431016540527343750e+01,1.619999999999999885e+00,0.000000000000000000e+00
7.586604852331492177e-01,9.087626338005065918e+00,1.416866683959960938e+01,1.619999999999999885e+00,3.700000000000000000e+05
7.590730256557234323e-01,9.447626352310180664e+00,1.439361953735351562e+01,1.619999999999999885e+00,0.000000000000000000e+00
7.591013261317977046e-01,9.447626352310180664e+00,1.425211715698242188e+01,1.619999999999999885e+00,3.700000000000000000e+05
7.595138665543719192e-01,9.087626338005065918e+00,1.402716445922851562e+01,1.619999999999999885e+00,0.000000000000000000e+00
7.595421670304461914e-01,9.087626338005065918e+00,1.388566207885742188e+01,1.619999999999999885e+00,3.700000000000000000e+05
7.599547074530204060e-01,9.447626352310180664e+00,1.411061477661132812e+01,1.619999999999999885e+00,0.000000000000000000e+00
7.599830079290946783e-01,9.447626352310180664e+00,1.396911239624023438e+01,1.619999999999999885e+00,3.700000000000000000e+05
7.603955483516688929e-01,9.087626338005065918e+00,1.374415969848632812e+01,1.619999999999999885e+00,0.000000000000000000e+00
7.604238480648036758e-01,9.087626338005065918e+00,1.360266113281250000e+01,1.619999999999999885e+00,3.700000000000000000e+05
7.608363884873778904e-01,9.447626352310180664e+00,1.382761383056640625e+01,1.619999999999999885e+00,0.000000000000000000e+00
7.608646889634521626e-01,9.447626352310180664e+00,1.368611145019531250e+01,1.619999999999999885e+00,3.700000000000000000e+05
7.612772293860263773e-01,9.087626338005065918e+00,1.346115875244140625e+01,1.619999999999999885e+00,0.000000000000000000e+00
7.613055298621006495e-01,9.087626338005065918e+00,1.331965637207031250e+01,1.619999999999999885e+00,3.700000000000000000e+05
7.617180702846748641e-01,9.447626352310180664e+00,1.354460906982421875e+01,1.619999999999999885e+00,0.000000000000000000e+00
7.617463699978096470e-01,9.447626352310180664e+00,1.340311050415039062e+01,1.619999999999999885e+00,3.700000000000000000e+05
7.621589123849048519e-01,9.087626338005065918e+00,1.317815399169921875e+01,1.619999999999999885e+00,0.000000000000000000e+00
7.632701593544968244e-01,3.984697818756103516e+00,1.098000335693359375e+01,1.619999999999999885e+00,3.700000000000000000e+05
7.639303605455621815e-01,4.560818195343017578e+00,1.134000015258789062e+01,1.619999999999999885e+00,0.000000000000000000e+00
7.639756504434809248e-01,4.787267684936523438e+00,1.134000015258789062e+01,1.619999999999999885e+00,3.700000000000000000e+05
7.646358516345462819e-01,4.211147308349609375e+00,1.098000335693359375e+01,1.619999999999999885e+00,0.000000000000000000e+00
7.646811415801486600e-01,4.437597036361694336e+00,1.098000335693359375e+01,1.619999999999999885e+00,3.700000000000000000e+05
7.653413427712140171e-01,5.013717412948608398e+00,1.134000015258789062e+01,1.619999999999999885e+00,0.000000000000000000e+00
7.653866326691327604e-01,5.240166902542114258e+00,1.134000015258789062e+01,1.619999999999999885e+00,3.700000000000000000e+05
7.660468338601981175e-01,4.664046525955200195e+00,1.098000335693359375e+01,1.619999999999999885e+00,0.000000000000000000e+00
7.660921237581168608e-01,4.890496015548706055e+00,1.098000335693359375e+01,1.619999999999999885e+00,3.700000000000000000e+05
7.671201864658592218e-01,5.787626385688781738e+00,1.154059219360351562e+01,1.619999999999999885e+00,0.000000000000000000e+00
7.671484869419334940e-01,5.787626385688781738e+00,1.139908981323242188e+01,1.619999999999999885e+00,3.700000000000000000e+05
7.679170500403381672e-01,5.116945743560791016e+00,1.098000335693359375e+01,1.619999999999999885e+00,0.000000000000000000e+00
7.679623399382569104e-01,5.343395233154296875e+00,1.098000335693359375e+01,1.619999999999999885e+00,3.700000000000000000e+05
7.686225411293222676e-01,5.919515609741210938e+00,1.134000015258789062e+01,1.619999999999999885e+00,0.000000000000000000e+00
7.686678310510828283e-01,6.145965218544006348e+00,1.134000015258789062e+01,1.619999999999999885e+00,3.700000000000000000e+05
7.694910084902519820e-01,5.427626371383666992e+00,1.089113235473632812e+01,1.619999999999999885e+00,0.000000000000000000e+00
7.695193082033867649e-01,5.427626371383666992e+00,1.074963378906250000e+01,1.619999999999999885e+00,3.700000000000000000e+05
7.699318486259609795e-01,5.787626385688781738e+00,1.097458648681640625e+01,1.619999999999999885e+00,0.000000000000000000e+00
7.699601491020352517e-01,5.787626385688781738e+00,1.083308410644531250e+01,1.619999999999999885e+00,3.700000000000000000e+05
7.703726895246094664e-01,5.427626371383666992e+00,1.060813140869140625e+01,1.619999999999999885e+00,0.000000000000000000e+00
7.704009900006837386e-01,5.427626371383666992e+00,1.046662902832031250e+01,1.619999999999999885e+00,3.700000000000000000e+05
7.708135304232579532e-01,5.787626385688781738e+00,1.069158172607421875e+01,1.619999999999999885e+00,0.000000000000000000e+00
7.708418308993322254e-01,5.787626385688781738e+00,1.055007934570312500e+01,1.619999999999999885e+00,3.700000000000000000e+05
7.712543713219064401e-01,5.427626371383666992e+00,1.032512664794921875e+01,1.619999999999999885e+00,0.000000000000000000e+00
7.712826710350412229e-01,5.427626371383666992e+00,1.018362808227539062e+01,1.619999999999999885e+00,3.700000000000000000e+05
7.716952114576154376e-01,5.787626385688781738e+00,1.040858078002929688e+01,1.619999999999999885e+00,0.000000000000000000e+00
7.717235119336897098e-01,5.787626385688781738e+00,1.026707839965820312e+01,1.619999999999999885e+00,3.700000000000000000e+05
7.721360523562639244e-01,5.427626371383666992e+00,1.004212570190429688e+01,1.619999999999999885e+00,0.000000000000000000e+00
7.721643528323381966e-01,5.427626371383666992e+00,9.900623321533203125e+00,1.619999999999999885e+00,3.700000000000000000e+05
7.725768932549124113e-01,5.787626385688781738e+00,1.012557601928710938e+01,1.619999999999999885e+00,0.000000000000000000e+00
7.726051929680471941e-01,5.787626385688781738e+00,9.984077453613281250e+00,1.619999999999999885e+00,3.700000000000000000e+05
7.730177353551423991e-01,5.427626371383666992e+00,9.759120941162109375e+00,1.619999999999999885e+00,0.000000000000000000e+00
7.730460350682771820e-01,5.427626371383666992e+00,9.617622375488281250e+00,1.619999999999999885e+00,3.700000000000000000e+05
7.734585754908513966e-01,5.787626385688781738e+00,9.842575073242187500e+00,1.619999999999999885e+00,0.000000000000000000e+00
7.734868759669256688e-01,5.787626385688781738e+00,9.701072692871093750e+00,1.619999999999999885e+00,3.700000000000000000e+05
7.744974833368832856e-01,4.905728578567504883e+00,9.150001525878906250e+00,1.619999999999999885e+00,0.000000000000000000e+00
7.745427732348020289e-01,5.132178068161010742e+00,9.150001525878906250e+00,1.619999999999999885e+00,3.700000000000000000e+05
7.752938811919135587e-01,5.787626385688781738e+00,9.559570312500000000e+00,1.619999999999999885e+00,0.000000000000000000e+00
7.753249307164379323e-01,5.934748172760009766e+00,9.510002136230468750e+00,1.619999999999999885e+00,3.700000000000000000e+05
7.759851338720090697e-01,5.358627796173095703e+00,9.150001525878906250e+00,1.619999999999999885e+00,0.000000000000000000e+00
7.760091675013670587e-01,5.427626371383666992e+00,9.051616668701171875e+00,1.619999999999999885e+00,3.700000000000000000e+05
7.768498002783211787e-01,6.161197781562805176e+00,9.510002136230468750e+00,1.619999999999999885e+00,0.000000000000000000e+00
7.768950901762399219e-01,6.387647271156311035e+00,9.510002136230468750e+00,1.619999999999999885e+00,3.700000000000000000e+05
7.775552933318110593e-01,5.811526894569396973e+00,9.150001525878906250e+00,1.619999999999999885e+00,0.000000000000000000e+00
7.776005832297298026e-01,6.037976384162902832e+00,9.150001525878906250e+00,1.619999999999999885e+00,3.700000000000000000e+05
7.782607866309160238e-01,6.614097058773040771e+00,9.510002136230468750e+00,1.619999999999999885e+00,0.000000000000000000e+00
7.783060765288347671e-01,6.840546548366546631e+00,9.510002136230468750e+00,1.619999999999999885e+00,3.700000000000000000e+05
7.789662797335289435e-01,6.264426112174987793e+00,9.150001525878906250e+00,1.619999999999999885e+00,0.000000000000000000e+00
7.790115696433685955e-01,6.490875661373138428e+00,9.150001525878906250e+00,1.619999999999999885e+00,3.700000000000000000e+05
7.796717727743781579e-01,7.066996008157730103e+00,9.510002136230468750e+00,1.619999999999999885e+00,0.000000000000000000e+00
7.814247003299810146e-01,-1.419627666473388672e+00,7.320003509521484375e+00,1.619999999999999885e+00,3.700000000000000000e+05
7.820849015210463717e-01,-8.435072898864746094e-01,7.680000305175781250e+00,1.619999999999999885e+00,0.000000000000000000e+00
7.821301915143324957e-01,-6.170573234558105469e-01,7.680000305175781250e+00,1.619999999999999885e+00,3.700000000000000000e+05
7.827903927053978528e-01,-1.193177700042724609e+00,7.320003509521484375e+00,1.619999999999999885e+00,0.000000000000000000e+00
7.828356825079491044e-01,-9.667286872863769531e-01,7.320003509521484375e+00,1.619999999999999885e+00,3.700000000000000000e+05
7.834958840919997725e-01,-3.906078338623046875e-01,7.680000305175781250e+00,1.619999999999999885e+00,0.000000000000000000e+00
7.835411739899185157e-01,-1.641583442687988281e-01,7.680000305175781250e+00,1.619999999999999885e+00,3.700000000000000000e+05
7.842013751809838729e-01,-7.402787208557128906e-01,7.320003509521484375e+00,1.619999999999999885e+00,0.000000000000000000e+00
7.842466650789026161e-01,-5.138292312622070312e-01,7.320003509521484375e+00,1.619999999999999885e+00,3.700000000000000000e+05
7.851765492728917106e-01,2.976264953613281250e-01,7.827056884765625000e+00,1.619999999999999885e+00,0.000000000000000000e+00
7.852048497489659828e-01,2.976264953613281250e-01,7.685554504394531250e+00,1.619999999999999885e+00,3.700000000000000000e+05
7.858752345301097675e-01,-2.873797416687011719e-01,7.320003509521484375e+00,1.619999999999999885e+00,0.000000000000000000e+00
7.859202361140755766e-01,-6.237363815307617188e-02,7.319099426269531250e+00,1.619999999999999885e+00,3.700000000000000000e+05
7.865820928506447318e-01,5.151906013488769531e-01,7.680000305175781250e+00,1.619999999999999885e+00,0.000000000000000000e+00
7.866273827485634751e-01,7.416400909423828125e-01,7.680000305175781250e+00,1.619999999999999885e+00,3.700000000000000000e+05
7.875487388979781622e-01,-6.237363815307617188e-02,7.177597045898437500e+00,1.619999999999999885e+00,0.000000000000000000e+00
7.875770386111129451e-01,-6.237363815307617188e-02,7.036098480224609375e+00,1.619999999999999885e+00,3.700000000000000000e+05
7.879895791319332377e-01,2.976264953613281250e-01,7.261051177978515625e+00,1.619999999999999885e+00,0.000000000000000000e+00
7.880178796080075099e-01,2.976264953613281250e-01,7.119548797607421875e+00,1.619999999999999885e+00,3.700000000000000000e+05
7.884304201288278025e-01,-6.237363815307617188e-02,6.894596099853515625e+00,1.619999999999999885e+00,0.000000000000000000e+00
7.884587206049020747e-01,-6.237363815307617188e-02,6.753093719482421875e+00,1.619999999999999885e+00,3.700000000000000000e+05
7.888712611257223672e-01,2.976264953613281250e-01,6.978046417236328125e+00,1.619999999999999885e+00,0.000000000000000000e+00
7.888995616017966395e-01,2.976264953613281250e-01,6.836544036865234375e+00,1.619999999999999885e+00,3.700000000000000000e+05
7.893121021226169320e-01,-6.237363815307617188e-02,6.611591339111328125e+00,1.619999999999999885e+00,0.000000000000000000e+00
7.893404018357517149e-01,-6.237363815307617188e-02,6.470092773437500000e+00,1.619999999999999885e+00,3.700000000000000000e+05
7.897529423565720075e-01,2.976264953613281250e-01,6.695045471191406250e+00,1.619999999999999885e+00,0.000000000000000000e+00
7.897812428326462797e-01,2.976264953613281250e-01,6.553543090820312500e+00,1.619999999999999885e+00,3.700000000000000000e+05
7.901937833534665723e-01,-6.237363815307617188e-02,6.328590393066406250e+00,1.619999999999999885e+00,0.000000000000000000e+00
7.902220838295408445e-01,-6.237363815307617188e-02,6.187088012695312500e+00,1.619999999999999885e+00,3.700000000000000000e+05
7.906346243503611371e-01,2.976264953613281250e-01,6.412040710449218750e+00,1.619999999999999885e+00,0.000000000000000000e+00
7.906629248264354093e-01,2.976264953613281250e-01,6.270538330078125000e+00,1.619999999999999885e+00,3.700000000000000000e+05
7.910754653472557019e-01,-6.237363815307617188e-02,6.045585632324218750e+00,1.619999999999999885e+00,0.000000000000000000e+00
7.911037650603904847e-01,-6.237363815307617188e-02,5.904087066650390625e+00,1.619999999999999885e+00,3.700000000000000000e+05
7.915163055812107773e-01,2.976264953613281250e-01,6.129039764404296875e+00,1.619999999999999885e+00,0.000000000000000000e+00
7.915446060572850495e-01,2.976264953613281250e-01,5.987537384033203125e+00,1.619999999999999885e+00,3.700000000000000000e+05
7.924570349134892888e-01,-4.985966682434082031e-01,5.490001678466796875e+00,1.619999999999999885e+00,0.000000000000000000e+00
7.925023248114080321e-01,-2.721471786499023438e-01,5.490001678466796875e+00,1.619999999999999885e+00,3.700000000000000000e+05
7.931625279669791695e-01,3.039731979370117188e-01,5.850002288818359375e+00,1.619999999999999885e+00,0.000000000000000000e+00
7.932078179602652934e-01,5.304231643676757812e-01,5.850002288818359375e+00,1.619999999999999885e+00,3.700000000000000000e+05
7.938871319991307463e-01,-6.237363815307617188e-02,5.479579925537109375e+00,1.619999999999999885e+00,0.000000000000000000e+00
7.939154317122655291e-01,-6.237363815307617188e-02,5.338081359863281250e+00,1.619999999999999885e+00,3.700000000000000000e+05
7.948542431994652935e-01,7.568726539611816406e-01,5.850002288818359375e+00,1.619999999999999885e+00,0.000000000000000000e+00
7.948995330973840368e-01,9.833221435546875000e-01,5.850002288818359375e+00,1.619999999999999885e+00,3.700000000000000000e+05
7.955597362529551742e-01,4.072017669677734375e-01,5.490001678466796875e+00,1.619999999999999885e+00,0.000000000000000000e+00
7.956050261508739174e-01,6.336512565612792969e-01,5.490001678466796875e+00,1.619999999999999885e+00,3.700000000000000000e+05
7.962652293064450548e-01,1.209771633148193359e+00,5.850002288818359375e+00,1.619999999999999885e+00,0.000000000000000000e+00
7.963105192043637981e-01,1.436221122741699219e+00,5.850002288818359375e+00,1.619999999999999885e+00,3.700000000000000000e+05
7.969707223599349355e-01,8.601007461547851562e-01,5.490001678466796875e+00,1.619999999999999885e+00,0.000000000000000000e+00
7.970160122578536788e-01,1.086550235748291016e+00,5.490001678466796875e+00,1.619999999999999885e+00,3.700000000000000000e+05
7.976762154134248162e-01,1.662670612335205078e+00,5.850002288818359375e+00,1.619999999999999885e+00,0.000000000000000000e+00
8.008158689977072919e-01,1.322343349456787109e+01,1.647000122070312500e+01,1.619999999999999885e+00,3.700000000000000000e+05
8.014760721532784293e-01,1.379955387115478516e+01,1.683000183105468750e+01,1.619999999999999885e+00,0.000000000000000000e+00
8.015213620511971726e-01,1.402600336074829102e+01,1.683000183105468750e+01,1.619999999999999885e+00,3.700000000000000000e+05
8.021815652067683100e-01,1.344988298416137695e+01,1.647000122070312500e+01,1.619999999999999885e+00,0.000000000000000000e+00
8.022268551046870533e-01,1.367633247375488281e+01,1.647000122070312500e+01,1.619999999999999885e+00,3.700000000000000000e+05
8.028870582602581907e-01,1.425245285034179688e+01,1.683000183105468750e+01,1.619999999999999885e+00,0.000000000000000000e+00
8.029323482535443146e-01,1.447890281677246094e+01,1.683000183105468750e+01,1.619999999999999885e+00,3.700000000000000000e+05
8.035925514091154520e-01,1.390278244018554688e+01,1.647000122070312500e+01,1.619999999999999885e+00,0.000000000000000000e+00
8.036378413070341953e-01,1.412923192977905273e+01,1.647000122070312500e+01,1.619999999999999885e+00,3.700000000000000000e+05
8.045642183219320343e-01,1.493762636184692383e+01,1.697514343261718750e+01,1.619999999999999885e+00,0.000000000000000000e+00
8.045925187980063065e-01,1.493762636184692383e+01,1.683364105224609375e+01,1.619999999999999885e+00,3.700000000000000000e+05
8.052593964000572813e-01,1.435568141937255859e+01,1.647000122070312500e+01,1.619999999999999885e+00,0.000000000000000000e+00
8.053037889278528150e-01,1.457762622833251953e+01,1.646718788146972656e+01,1.619999999999999885e+00,3.700000000000000000e+05
8.059691534327843021e-01,1.515825128555297852e+01,1.683000183105468750e+01,1.619999999999999885e+00,0.000000000000000000e+00
8.060144433307030454e-01,1.538470077514648438e+01,1.683000183105468750e+01,1.619999999999999885e+00,3.700000000000000000e+05
8.069393072484805085e-01,1.457762622833251953e+01,1.632568550109863281e+01,1.619999999999999885e+00,0.000000000000000000e+00
8.069676073430850360e-01,1.457762622833251953e+01,1.618418502807617188e+01,1.619999999999999885e+00,3.700000000000000000e+05
8.073801478639053286e-01,1.493762636184692383e+01,1.640913772583007812e+01,1.619999999999999885e+00,0.000000000000000000e+00
8.074084483399796008e-01,1.493762636184692383e+01,1.626763534545898438e+01,1.619999999999999885e+00,3.700000000000000000e+05
8.078209888607998934e-01,1.457762622833251953e+01,1.604268264770507812e+01,1.619999999999999885e+00,0.000000000000000000e+00
8.078492889554044210e-01,1.457762622833251953e+01,1.590118217468261719e+01,1.619999999999999885e+00,3.700000000000000000e+05
8.082618294762247135e-01,1.493762636184692383e+01,1.612613487243652344e+01,1.619999999999999885e+00,0.000000000000000000e+00
8.082901299522989857e-01,1.493762636184692383e+01,1.598463249206542969e+01,1.619999999999999885e+00,3.700000000000000000e+05
8.087026704731192783e-01,1.457762622833251953e+01,1.575967979431152344e+01,1.619999999999999885e+00,0.000000000000000000e+00
8.087309705677238059e-01,1.457762622833251953e+01,1.561817932128906250e+01,1.619999999999999885e+00,3.700000000000000000e+05
8.091435110885440984e-01,1.493762636184692383e+01,1.584313201904296875e+01,1.619999999999999885e+00,0.000000000000000000e+00
8.091718115646183707e-01,1.493762636184692383e+01,1.570162963867187500e+01,1.619999999999999885e+00,3.700000000000000000e+05
8.095843520854386632e-01,1.457762622833251953e+01,1.547667694091796875e+01,1.619999999999999885e+00,0.000000000000000000e+00
8.096126521800431908e-01,1.457762622833251953e+01,1.533517646789550781e+01,1.619999999999999885e+00,3.700000000000000000e+05
8.100251927008634834e-01,1.493762636184692383e+01,1.556012916564941406e+01,1.619999999999999885e+00,0.000000000000000000e+00
8.100534931769377556e-01,1.493762636184692383e+01,1.541862678527832031e+01,1.619999999999999885e+00,3.700000000000000000e+05
8.104660327155067678e-01,1.457762622833251953e+01,1.519367599487304688e+01,1.619999999999999885e+00,0.000000000000000000e+00
8.104943331915810401e-01,1.457762622833251953e+01,1.505217361450195312e+01,1.619999999999999885e+00,3.700000000000000000e+05
8.109068737124013326e-01,1.493762636184692383e+01,1.527712631225585938e+01,1.619999999999999885e+00,0.000000000000000000e+00
8.109351741884756049e-01,1.493762636184692383e+01,1.513562393188476562e+01,1.619999999999999885e+00,3.700000000000000000e+05
8.118440939010785895e-01,1.414446449279785156e+01,1.464000320434570312e+01,1.619999999999999885e+00,0.000000000000000000e+00
8.118893837989973328e-01,1.437091398239135742e+01,1.464000320434570312e+01,1.619999999999999885e+00,3.700000000000000000e+05
8.125495849900626899e-01,1.494703435897827148e+01,1.500000000000000000e+01,1.619999999999999885e+00,0.000000000000000000e+00
8.125948748879814332e-01,1.517348384857177734e+01,1.500000000000000000e+01,1.619999999999999885e+00,3.700000000000000000e+05
8.132776937484478275e-01,1.457762622833251953e+01,1.462767028808593750e+01,1.619999999999999885e+00,0.000000000000000000e+00
8.133059942245220997e-01,1.457762622833251953e+01,1.448616790771484375e+01,1.619999999999999885e+00,3.700000000000000000e+05
8.142483124978310283e-01,1.539993333816528320e+01,1.500000000000000000e+01,1.619999999999999885e+00,0.000000000000000000e+00
8.142936024911171522e-01,1.562638330459594727e+01,1.500000000000000000e+01,1.619999999999999885e+00,3.700000000000000000e+05
8.149538040751678203e-01,1.505026245117187500e+01,1.464000320434570312e+01,1.619999999999999885e+00,0.000000000000000000e+00
8.149990939730865636e-01,1.527671194076538086e+01,1.464000320434570312e+01,1.619999999999999885e+00,3.700000000000000000e+05
8.156592951641519207e-01,1.585283231735229492e+01,1.500000000000000000e+01,1.619999999999999885e+00,0.000000000000000000e+00
8.157045851574380446e-01,1.607928228378295898e+01,1.500000000000000000e+01,1.619999999999999885e+00,3.700000000000000000e+05
8.163647863485034017e-01,1.550316190719604492e+01,1.464000320434570312e+01,1.619999999999999885e+00,0.000000000000000000e+00
8.164100761510546533e-01,1.572961091995239258e+01,1.464000320434570312e+01,1.619999999999999885e+00,3.700000000000000000e+05
8.170702773421200105e-01,1.630573129653930664e+01,1.500000000000000000e+01,1.619999999999999885e+00,0.000000000000000000e+00
8.188232047707521000e-01,7.819108277559280396e+00,1.281000137329101562e+01,1.619999999999999885e+00,3.700000000000000000e+05
8.194834079508847013e-01,8.395228683948516846e+00,1.317000198364257812e+01,1.619999999999999885e+00,0.000000000000000000e+00
8.195286978845661707e-01,8.621678352355957031e+00,1.317000198364257812e+01,1.619999999999999885e+00,3.700000000000000000e+05
8.201889011383832750e-01,8.045557856559753418e+00,1.281000137329101562e+01,1.619999999999999885e+00,0.000000000000000000e+00
8.202341910601438357e-01,8.272007465362548828e+00,1.281000137329101562e+01,1.619999999999999885e+00,3.700000000000000000e+05
8.208943942157149731e-01,8.848127841949462891e+00,1.317000198364257812e+01,1.619999999999999885e+00,0.000000000000000000e+00
8.209396841374755338e-01,9.074577450752258301e+00,1.317000198364257812e+01,1.619999999999999885e+00,3.700000000000000000e+05
8.215998872930466712e-01,8.498457074165344238e+00,1.281000137329101562e+01,1.619999999999999885e+00,0.000000000000000000e+00
8.216451772148072319e-01,8.724906682968139648e+00,1.281000137329101562e+01,1.619999999999999885e+00,3.700000000000000000e+05
8.224733756177058375e-01,9.447626352310180664e+00,1.326160812377929688e+01,1.619999999999999885e+00,0.000000000000000000e+00
8.224976801661867398e-01,9.527476787567138672e+00,1.317000198364257812e+01,1.619999999999999885e+00,3.700000000000000000e+05
8.231578835182499221e-01,8.951356172561645508e+00,1.281000137329101562e+01,1.619999999999999885e+00,0.000000000000000000e+00
8.231873758632112237e-01,9.087626338005065918e+00,1.275365066528320312e+01,1.619999999999999885e+00,3.700000000000000000e+05
8.239509200606436323e-01,9.753926277160644531e+00,1.317000198364257812e+01,1.619999999999999885e+00,0.000000000000000000e+00
8.239962099585623756e-01,9.980375766754150391e+00,1.317000198364257812e+01,1.619999999999999885e+00,3.700000000000000000e+05
8.250192535688419815e-01,9.087626338005065918e+00,1.261214828491210938e+01,1.619999999999999885e+00,0.000000000000000000e+00
8.250475532819767643e-01,9.087626338005065918e+00,1.247064971923828125e+01,1.619999999999999885e+00,3.700000000000000000e+05
8.254600937045509790e-01,9.447626352310180664e+00,1.269560241699218750e+01,1.619999999999999885e+00,0.000000000000000000e+00
8.254883941806252512e-01,9.447626352310180664e+00,1.255410003662109375e+01,1.619999999999999885e+00,3.700000000000000000e+05
8.259009346031994658e-01,9.087626338005065918e+00,1.232914733886718750e+01,1.619999999999999885e+00,0.000000000000000000e+00
8.259292350792737381e-01,9.087626338005065918e+00,1.218764495849609375e+01,1.619999999999999885e+00,3.700000000000000000e+05
8.263417755018479527e-01,9.447626352310180664e+00,1.241259765625000000e+01,1.619999999999999885e+00,0.000000000000000000e+00
8.263700752149827355e-01,9.447626352310180664e+00,1.227109909057617188e+01,1.619999999999999885e+00,3.700000000000000000e+05
8.267826176020779405e-01,9.087626338005065918e+00,1.204614257812500000e+01,1.619999999999999885e+00,0.000000000000000000e+00
8.268109173152127234e-01,9.087626338005065918e+00,1.190464401245117188e+01,1.619999999999999885e+00,3.700000000000000000e+05
8.272234577377869380e-01,9.447626352310180664e+00,1.212959671020507812e+01,1.619999999999999885e+00,0.000000000000000000e+00
8.272517582138612102e-01,9.447626352310180664e+00,1.198809432983398438e+01,1.619999999999999885e+00,3.700000000000000000e+05
8.276642986364354249e-01,9.087626338005065918e+00,1.176314163208007812e+01,1.619999999999999885e+00,0.000000000000000000e+00
8.276925991125096971e-01,9.087626338005065918e+00,1.162163925170898438e+01,1.619999999999999885e+00,3.700000000000000000e+05
8.281051395350839117e-01,9.447626352310180664e+00,1.184659194946289062e+01,1.619999999999999885e+00,0.000000000000000000e+00
8.281334392482186946e-01,9.447626352310180664e+00,1.170509338378906250e+01,1.619999999999999885e+00,3.700000000000000000e+05
8.285459816353138995e-01,9.087626338005065918e+00,1.148013687133789062e+01,1.619999999999999885e+00,0.000000000000000000e+00
8.300163468717932647e-01,2.127626419067382812e+00,9.112068176269531250e+00,1.619999999999999885e+00,3.700000000000000000e+05
8.304288873926135572e-01,1.767626285552978516e+00,8.887115478515625000e+00,1.619999999999999885e+00,0.000000000000000000e+00
8.304571878686878295e-01,1.767626285552978516e+00,8.745613098144531250e+00,1.619999999999999885e+00,3.700000000000000000e+05
8.308697283895081220e-01,2.127626419067382812e+00,8.970565795898437500e+00,1.619999999999999885e+00,0.000000000000000000e+00
8.308980288655823943e-01,2.127626419067382812e+00,8.829063415527343750e+00,1.619999999999999885e+00,3.700000000000000000e+05
8.313105693864026868e-01,1.767626285552978516e+00,8.604110717773437500e+00,1.619999999999999885e+00,0.000000000000000000e+00
8.313388690995374697e-01,1.767626285552978516e+00,8.462612152099609375e+00,1.619999999999999885e+00,3.700000000000000000e+05
8.317514096203577623e-01,2.127626419067382812e+00,8.687564849853515625e+00,1.619999999999999885e+00,0.000000000000000000e+00
8.317797100964320345e-01,2.127626419067382812e+00,8.546062469482421875e+00,1.619999999999999885e+00,3.700000000000000000e+05
8.321922506172523271e-01,1.767626285552978516e+00,8.321109771728515625e+00,1.619999999999999885e+00,0.000000000000000000e+00
8.322205510933265993e-01,1.767626285552978516e+00,8.179607391357421875e+00,1.619999999999999885e+00,3.700000000000000000e+05
8.326330916141468919e-01,2.127626419067382812e+00,8.404560089111328125e+00,1.619999999999999885e+00,0.000000000000000000e+00
8.326613920902211641e-01,2.127626419067382812e+00,8.263057708740234375e+00,1.619999999999999885e+00,3.700000000000000000e+05
8.330739326110414567e-01,1.767626285552978516e+00,8.038105010986328125e+00,1.619999999999999885e+00,0.000000000000000000e+00
8.331022323241762395e-01,1.767626285552978516e+00,7.896606445312500000e+00,1.619999999999999885e+00,3.700000000000000000e+05
8.335147728449965321e-01,2.127626419067382812e+00,8.121559143066406250e+00,1.619999999999999885e+00,0.000000000000000000e+00
8.335430733210708043e-01,2.127626419067382812e+00,7.980056762695312500e+00,1.619999999999999885e+00,3.700000000000000000e+05
8.339556138418910969e-01,1.767626285552978516e+00,7.755104064941406250e+00,1.619999999999999885e+00,0.000000000000000000e+00
8.362928325357452675e-01,1.127762627601623535e+01,1.454661941528320312e+01,1.619999999999999885e+00,3.700000000000000000e+05
8.367053728600732931e-01,1.091762638092041016e+01,1.432166671752929688e+01,1.619999999999999885e+00,0.000000000000000000e+00
8.367336733361475654e-01,1.091762638092041016e+01,1.418016433715820312e+01,1.619999999999999885e+00,3.700000000000000000e+05
8.371462136604755910e-01,1.127762627601623535e+01,1.440511703491210938e+01,1.619999999999999885e+00,0.000000000000000000e+00
8.371745133736103739e-01,1.127762627601623535e+01,1.426361846923828125e+01,1.619999999999999885e+00,3.700000000000000000e+05
8.375870556624599450e-01,1.091762638092041016e+01,1.403866195678710938e+01,1.619999999999999885e+00,0.000000000000000000e+00
8.376153553755947279e-01,1.091762638092041016e+01,1.389716339111328125e+01,1.619999999999999885e+00,3.700000000000000000e+05
8.380278956999227535e-01,1.127762627601623535e+01,1.412211608886718750e+01,1.619999999999999885e+00,0.000000000000000000e+00
8.380561961759970258e-01,1.127762627601623535e+01,1.398061370849609375e+01,1.619999999999999885e+00,3.700000000000000000e+05
8.384687365003250514e-01,1.091762638092041016e+01,1.375566101074218750e+01,1.619999999999999885e+00,0.000000000000000000e+00
8.384970369763993236e-01,1.091762638092041016e+01,1.361415863037109375e+01,1.619999999999999885e+00,3.700000000000000000e+05
8.389095773007273493e-01,1.127762627601623535e+01,1.383911132812500000e+01,1.619999999999999885e+00,0.000000000000000000e+00
8.389378770138621322e-01,1.127762627601623535e+01,1.369761276245117188e+01,1.619999999999999885e+00,3.700000000000000000e+05
8.393504173381901579e-01,1.091762638092041016e+01,1.347266006469726562e+01,1.619999999999999885e+00,0.000000000000000000e+00
8.393787178142644301e-01,1.091762638092041016e+01,1.333115768432617188e+01,1.619999999999999885e+00,3.700000000000000000e+05
8.397912581385924558e-01,1.127762627601623535e+01,1.355611038208007812e+01,1.619999999999999885e+00,0.000000000000000000e+00
8.398195586146667280e-01,1.127762627601623535e+01,1.341460800170898438e+01,1.619999999999999885e+00,3.700000000000000000e+05
8.402320989389947536e-01,1.091762638092041016e+01,1.318965530395507812e+01,1.619999999999999885e+00,0.000000000000000000e+00
8.413476365217925634e-01,5.796294450759887695e+00,1.098000335693359375e+01,1.619999999999999885e+00,3.700000000000000000e+05
8.420078377128579206e-01,6.372414827346801758e+00,1.134000015258789062e+01,1.619999999999999885e+00,0.000000000000000000e+00
8.420531276465393899e-01,6.598864495754241943e+00,1.134000015258789062e+01,1.619999999999999885e+00,3.700000000000000000e+05
8.427133288867278971e-01,6.022744059562683105e+00,1.098000335693359375e+01,1.619999999999999885e+00,0.000000000000000000e+00
8.427586188084884578e-01,6.249193668365478516e+00,1.098000335693359375e+01,1.619999999999999885e+00,3.700000000000000000e+05
8.434188199995538149e-01,6.825314044952392578e+00,1.134000015258789062e+01,1.619999999999999885e+00,0.000000000000000000e+00
8.434641099213143756e-01,7.051763653755187988e+00,1.134000015258789062e+01,1.619999999999999885e+00,3.700000000000000000e+05
8.441243111615028827e-01,6.475643217563629150e+00,1.098000335693359375e+01,1.619999999999999885e+00,0.000000000000000000e+00
8.441696010832634434e-01,6.702092826366424561e+00,1.098000335693359375e+01,1.619999999999999885e+00,3.700000000000000000e+05
8.452187517116055426e-01,7.617626309394836426e+00,1.155208969116210938e+01,1.619999999999999885e+00,0.000000000000000000e+00
8.452470514247403255e-01,7.617626309394836426e+00,1.141059112548828125e+01,1.619999999999999885e+00,3.700000000000000000e+05
8.460367045556218546e-01,6.928542375564575195e+00,1.098000335693359375e+01,1.619999999999999885e+00,0.000000000000000000e+00
8.460819944773824153e-01,7.154991984367370605e+00,1.098000335693359375e+01,1.619999999999999885e+00,3.700000000000000000e+05
8.467421956684477724e-01,7.731112360954284668e+00,1.134000015258789062e+01,1.619999999999999885e+00,0.000000000000000000e+00
8.467874855902083331e-01,7.957561969757080078e+00,1.134000015258789062e+01,1.619999999999999885e+00,3.700000000000000000e+05
8.475895729969011860e-01,7.257626414299011230e+00,1.090263366699218750e+01,1.619999999999999885e+00,0.000000000000000000e+00
8.476178734729754582e-01,7.257626414299011230e+00,1.076113128662109375e+01,1.619999999999999885e+00,3.700000000000000000e+05
8.486794604890056659e-01,8.184011697769165039e+00,1.134000015258789062e+01,1.619999999999999885e+00,0.000000000000000000e+00
8.487247503869244092e-01,8.410461187362670898e+00,1.134000015258789062e+01,1.619999999999999885e+00,3.700000000000000000e+05
8.493849515779897663e-01,7.834340810775756836e+00,1.098000335693359375e+01,1.619999999999999885e+00,0.000000000000000000e+00
8.494302414759085096e-01,8.060790300369262695e+00,1.098000335693359375e+01,1.619999999999999885e+00,3.700000000000000000e+05
8.500904426669738667e-01,8.636910676956176758e+00,1.134000015258789062e+01,1.619999999999999885e+00,0.000000000000000000e+00
8.501357326125762448e-01,8.863360404968261719e+00,1.134000015258789062e+01,1.619999999999999885e+00,3.700000000000000000e+05
8.507959338036416019e-01,8.287240028381347656e+00,1.098000335693359375e+01,1.619999999999999885e+00,0.000000000000000000e+00
8.508412237015603452e-01,8.513689517974853516e+00,1.098000335693359375e+01,1.619999999999999885e+00,3.700000000000000000e+05
8.519114644115013402e-01,9.447626352310180664e+00,1.156359100341796875e+01,1.619999999999999885e+00,0.000000000000000000e+00
8.519397648875756124e-01,9.447626352310180664e+00,1.142208862304687500e+01,1.619999999999999885e+00,3.700000000000000000e+05
8.527505061846715195e-01,8.740139007568359375e+00,1.098000335693359375e+01,1.619999999999999885e+00,0.000000000000000000e+00
8.527957961302738976e-01,8.966588735580444336e+00,1.098000335693359375e+01,1.619999999999999885e+00,3.700000000000000000e+05
8.534559973213392547e-01,9.542709112167358398e+00,1.134000015258789062e+01,1.619999999999999885e+00,0.000000000000000000e+00
8.535012872669416328e-01,9.769158840179443359e+00,1.134000015258789062e+01,1.619999999999999885e+00,3.700000000000000000e+05
8.542822847394070385e-01,9.087626457214355469e+00,1.091413497924804688e+01,1.619999999999999885e+00,0.000000000000000000e+00
8.543105852154813107e-01,9.087626457214355469e+00,1.077263259887695312e+01,1.619999999999999885e+00,3.700000000000000000e+05
8.553510819042972058e-01,9.995608091354370117e+00,1.134000015258789062e+01,1.619999999999999885e+00,0.000000000000000000e+00
8.553963718975833297e-01,1.022205805778503418e+01,1.134000015258789062e+01,1.619999999999999885e+00,3.700000000000000000e+05
8.560565732851412868e-01,9.645937442779541016e+00,1.098000335693359375e+01,1.619999999999999885e+00,0.000000000000000000e+00
8.561018632307436649e-01,9.872387170791625977e+00,1.098000335693359375e+01,1.619999999999999885e+00,3.700000000000000000e+05
8.567620644218090220e-01,1.044850754737854004e+01,1.134000015258789062e+01,1.619999999999999885e+00,0.000000000000000000e+00
8.568073543197277653e-01,1.067495703697204590e+01,1.134000015258789062e+01,1.619999999999999885e+00,3.700000000000000000e+05
8.574675555107931224e-01,1.009883666038513184e+01,1.098000335693359375e+01,1.619999999999999885e+00,0.000000000000000000e+00
8.575128454087118657e-01,1.032528614997863770e+01,1.098000335693359375e+01,1.619999999999999885e+00,3.700000000000000000e+05
8.581730465997772228e-01,1.090140652656555176e+01,1.134000015258789062e+01,1.619999999999999885e+00,0.000000000000000000e+00
8.604234567477127005e-01,3.919692039489746094e-01,7.320003509521484375e+00,1.619999999999999885e+00,3.700000000000000000e+05
8.610836579387780576e-01,9.680895805358886719e-01,7.680000305175781250e+00,1.619999999999999885e+00,0.000000000000000000e+00
8.611289478366968009e-01,1.194539070129394531e+00,7.680000305175781250e+00,1.619999999999999885e+00,3.700000000000000000e+05
8.617891490277621580e-01,6.184186935424804688e-01,7.320003509521484375e+00,1.619999999999999885e+00,0.000000000000000000e+00
8.618344390210482819e-01,8.448686599731445312e-01,7.320003509521484375e+00,1.619999999999999885e+00,3.700000000000000000e+05
8.624946402121136391e-01,1.420989036560058594e+00,7.680000305175781250e+00,1.619999999999999885e+00,0.000000000000000000e+00
8.625399301100323823e-01,1.647438526153564453e+00,7.680000305175781250e+00,1.619999999999999885e+00,3.700000000000000000e+05
8.632001313010977395e-01,1.071318149566650391e+00,7.320003509521484375e+00,1.619999999999999885e+00,0.000000000000000000e+00
8.632454211990164827e-01,1.297767639160156250e+00,7.320003509521484375e+00,1.619999999999999885e+00,3.700000000000000000e+05
8.641963932644822766e-01,2.127626419067382812e+00,7.838554382324218750e+00,1.619999999999999885e+00,0.000000000000000000e+00
8.642246937405565488e-01,2.127626419067382812e+00,7.697052001953125000e+00,1.619999999999999885e+00,3.700000000000000000e+05
8.649161663931798083e-01,1.524217128753662109e+00,7.320003509521484375e+00,1.619999999999999885e+00,0.000000000000000000e+00
8.649614562910985516e-01,1.750666618347167969e+00,7.320003509521484375e+00,1.619999999999999885e+00,3.700000000000000000e+05
8.656216574821639087e-01,2.326786994934082031e+00,7.680000305175781250e+00,1.619999999999999885e+00,0.000000000000000000e+00
8.656669474754500326e-01,2.553236961364746094e+00,7.680000305175781250e+00,1.619999999999999885e+00,3.700000000000000000e+05
8.665672137888807969e-01,1.767626285552978516e+00,7.189098358154296875e+00,1.619999999999999885e+00,0.000000000000000000e+00
8.665955142649550691e-01,1.767626285552978516e+00,7.047595977783203125e+00,1.619999999999999885e+00,3.700000000000000000e+05
8.670080547857753617e-01,2.127626419067382812e+00,7.272548675537109375e+00,1.619999999999999885e+00,0.000000000000000000e+00
8.670363552618496339e-01,2.127626419067382812e+00,7.131046295166015625e+00,1.619999999999999885e+00,3.700000000000000000e+05
8.674488957826699265e-01,1.767626285552978516e+00,6.906093597412109375e+00,1.619999999999999885e+00,0.000000000000000000e+00
8.674771954958047093e-01,1.767626285552978516e+00,6.764595031738281250e+00,1.619999999999999885e+00,3.700000000000000000e+05
8.678897360166250019e-01,2.127626419067382812e+00,6.989547729492187500e+00,1.619999999999999885e+00,0.000000000000000000e+00
8.679180364926992741e-01,2.127626419067382812e+00,6.848045349121093750e+00,1.619999999999999885e+00,3.700000000000000000e+05
8.683305770135195667e-01,1.767626285552978516e+00,6.623092651367187500e+00,1.619999999999999885e+00,0.000000000000000000e+00
8.683588774895938389e-01,1.767626285552978516e+00,6.481590270996093750e+00,1.619999999999999885e+00,3.700000000000000000e+05
8.687714180104141315e-01,2.127626419067382812e+00,6.706542968750000000e+00,1.619999999999999885e+00,0.000000000000000000e+00
8.687997184864884037e-01,2.127626419067382812e+00,6.565040588378906250e+00,1.619999999999999885e+00,3.700000000000000000e+05
8.692122590073086963e-01,1.767626285552978516e+00,6.340087890625000000e+00,1.619999999999999885e+00,0.000000000000000000e+00
8.692405587204434791e-01,1.767626285552978516e+00,6.198589324951171875e+00,1.619999999999999885e+00,3.700000000000000000e+05
8.696530992412637717e-01,2.127626419067382812e+00,6.423542022705078125e+00,1.619999999999999885e+00,0.000000000000000000e+00
8.696813997173380439e-01,2.127626419067382812e+00,6.282039642333984375e+00,1.619999999999999885e+00,3.700000000000000000e+05
8.700939402381583365e-01,1.767626285552978516e+00,6.057086944580078125e+00,1.619999999999999885e+00,0.000000000000000000e+00
8.701222407142326087e-01,1.767626285552978516e+00,5.915584564208984375e+00,1.619999999999999885e+00,3.700000000000000000e+05
8.705347812350529013e-01,2.127626419067382812e+00,6.140537261962890625e+00,1.619999999999999885e+00,0.000000000000000000e+00
8.705630817111271735e-01,2.127626419067382812e+00,5.999034881591796875e+00,1.619999999999999885e+00,3.700000000000000000e+05
8.714965984388072240e-01,1.313000202178955078e+00,5.490001678466796875e+00,1.619999999999999885e+00,0.000000000000000000e+00
8.715418883367259673e-01,1.539449691772460938e+00,5.490001678466796875e+00,1.619999999999999885e+00,3.700000000000000000e+05
8.722159076160698188e-01,2.127626419067382812e+00,5.857536315917968750e+00,1.619999999999999885e+00,0.000000000000000000e+00
8.722588127111358114e-01,2.342019557952880859e+00,5.850002288818359375e+00,1.619999999999999885e+00,3.700000000000000000e+05
8.729190158667069488e-01,1.765899181365966797e+00,5.490001678466796875e+00,1.619999999999999885e+00,0.000000000000000000e+00
8.729471025550550323e-01,1.767626285552978516e+00,5.349578857421875000e+00,1.619999999999999885e+00,3.700000000000000000e+05
8.738648261707800957e-01,2.568469524383544922e+00,5.850002288818359375e+00,1.619999999999999885e+00,0.000000000000000000e+00
8.739101160686988390e-01,2.794919013977050781e+00,5.850002288818359375e+00,1.619999999999999885e+00,3.700000000000000000e+05
8.745703192242699764e-01,2.218798637390136719e+00,5.490001678466796875e+00,1.619999999999999885e+00,0.000000000000000000e+00
8.746156091221887197e-01,2.445248126983642578e+00,5.490001678466796875e+00,1.619999999999999885e+00,3.700000000000000000e+05
8.752758122777598571e-01,3.021368503570556641e+00,5.850002288818359375e+00,1.619999999999999885e+00,0.000000000000000000e+00
8.753211021756786003e-01,3.247817993164062500e+00,5.850002288818359375e+00,1.619999999999999885e+00,3.700000000000000000e+05
8.759813053312497377e-01,2.671697616577148438e+00,5.490001678466796875e+00,1.619999999999999885e+00,0.000000000000000000e+00
8.760265952291684810e-01,2.898147106170654297e+00,5.490001678466796875e+00,1.619999999999999885e+00,3.700000000000000000e+05
8.766867983847396184e-01,3.474267482757568359e+00,5.850002288818359375e+00,1.619999999999999885e+00,0.000000000000000000e+00
8.798264519690220942e-01,1.503503036499023438e+01,1.647000122070312500e+01,1.619999999999999885e+00,3.700000000000000000e+05
8.804866547316091419e-01,1.561115026473999023e+01,1.683000183105468750e+01,1.619999999999999885e+00,0.000000000000000000e+00
8.805319447248952658e-01,1.583760023117065430e+01,1.683000183105468750e+01,1.619999999999999885e+00,3.700000000000000000e+05
8.811921478804664032e-01,1.526147985458374023e+01,1.647000122070312500e+01,1.619999999999999885e+00,0.000000000000000000e+00
8.812374378737525271e-01,1.548792982101440430e+01,1.647000122070312500e+01,1.619999999999999885e+00,3.700000000000000000e+05
8.818976410293236645e-01,1.606405019760131836e+01,1.683000183105468750e+01,1.619999999999999885e+00,0.000000000000000000e+00
8.819429308318749161e-01,1.629049921035766602e+01,1.683000183105468750e+01,1.619999999999999885e+00,3.700000000000000000e+05
8.826031339874460535e-01,1.571437883377075195e+01,1.647000122070312500e+01,1.619999999999999885e+00,0.000000000000000000e+00
8.826484239807321774e-01,1.594082880020141602e+01,1.647000122070312500e+01,1.619999999999999885e+00,3.700000000000000000e+05
8.833086271363033148e-01,1.651694917678833008e+01,1.683000183105468750e+01,1.619999999999999885e+00,0.000000000000000000e+00
8.833539169388545664e-01,1.674339818954467773e+01,1.683000183105468750e+01,1.619999999999999885e+00,3.700000000000000000e+05
8.840141200944257038e-01,1.616727781295776367e+01,1.647000122070312500e+01,1.619999999999999885e+00,0.000000000000000000e+00
8.840594100877118278e-01,1.639372777938842773e+01,1.647000122070312500e+01,1.619999999999999885e+00,3.700000000000000000e+05
8.844878781129027479e-01,1.676762628555297852e+01,1.670363998413085938e+01,1.619999999999999885e+00,0.000000000000000000e+00
8.845161785889770201e-01,1.676762628555297852e+01,1.656213760375976562e+01,1.619999999999999885e+00,3.700000000000000000e+05
8.849287187168128899e-01,1.640762662887573242e+01,1.633718490600585938e+01,1.619999999999999885e+00,0.000000000000000000e+00
8.849570188114174174e-01,1.640762662887573242e+01,1.619568443298339844e+01,1.619999999999999885e+00,3.700000000000000000e+05
8.853695589392532872e-01,1.676762628555297852e+01,1.642063713073730469e+01,1.619999999999999885e+00,0.000000000000000000e+00
8.853978594153275594e-01,1.676762628555297852e+01,1.627913475036621094e+01,1.619999999999999885e+00,3.700000000000000000e+05
8.858103995431634292e-01,1.640762662887573242e+01,1.605418205261230469e+01,1.619999999999999885e+00,0.000000000000000000e+00
8.858386996377679568e-01,1.640762662887573242e+01,1.591268157958984375e+01,1.619999999999999885e+00,3.700000000000000000e+05
8.862512397656038265e-01,1.676762628555297852e+01,1.613763427734375000e+01,1.619999999999999885e+00,0.000000000000000000e+00
8.862795402416780988e-01,1.676762628555297852e+01,1.599613189697265625e+01,1.619999999999999885e+00,3.700000000000000000e+05
8.866920803695139686e-01,1.640762662887573242e+01,1.577117919921875000e+01,1.619999999999999885e+00,0.000000000000000000e+00
8.867203804641184961e-01,1.640762662887573242e+01,1.562967872619628906e+01,1.619999999999999885e+00,3.700000000000000000e+05
8.871329205919543659e-01,1.676762628555297852e+01,1.585463142395019531e+01,1.619999999999999885e+00,0.000000000000000000e+00
8.871612210680286381e-01,1.676762628555297852e+01,1.571312904357910156e+01,1.619999999999999885e+00,3.700000000000000000e+05
8.875737611958645079e-01,1.640762662887573242e+01,1.548817634582519531e+01,1.619999999999999885e+00,0.000000000000000000e+00
8.876020612904690354e-01,1.640762662887573242e+01,1.534667587280273438e+01,1.619999999999999885e+00,3.700000000000000000e+05
8.880146014183049052e-01,1.676762628555297852e+01,1.557162857055664062e+01,1.619999999999999885e+00,0.000000000000000000e+00
8.880429018943791775e-01,1.676762628555297852e+01,1.543012619018554688e+01,1.619999999999999885e+00,3.700000000000000000e+05
8.884554420222150473e-01,1.640762662887573242e+01,1.520517349243164062e+01,1.619999999999999885e+00,0.000000000000000000e+00
8.884837424982893195e-01,1.640762662887573242e+01,1.506367111206054688e+01,1.619999999999999885e+00,3.700000000000000000e+05
8.888962826261251893e-01,1.676762628555297852e+01,1.528862380981445312e+01,1.619999999999999885e+00,0.000000000000000000e+00
8.889245823392599721e-01,1.676762628555297852e+01,1.514712524414062500e+01,1.619999999999999885e+00,3.700000000000000000e+05
8.898545922808315245e-01,1.595606088638305664e+01,1.464000320434570312e+01,1.619999999999999885e+00,0.000000000000000000e+00
8.898998822741176484e-01,1.618251085281372070e+01,1.464000320434570312e+01,1.619999999999999885e+00,3.700000000000000000e+05
8.905703924098590241e-01,1.676762628555297852e+01,1.500562286376953125e+01,1.619999999999999885e+00,0.000000000000000000e+00
8.905986928859332963e-01,1.676762628555297852e+01,1.486412048339843750e+01,1.619999999999999885e+00,3.700000000000000000e+05
8.910112330137691661e-01,1.640762662887573242e+01,1.463916778564453125e+01,1.619999999999999885e+00,0.000000000000000000e+00
8.910395334898434383e-01,1.640762662887573242e+01,1.449766540527343750e+01,1.619999999999999885e+00,3.700000000000000000e+05
8.914520736176793081e-01,1.676762628555297852e+01,1.472261810302734375e+01,1.619999999999999885e+00,0.000000000000000000e+00
8.914803733308140909e-01,1.676762628555297852e+01,1.458111953735351562e+01,1.619999999999999885e+00,3.700000000000000000e+05
8.918929134586499607e-01,1.640762662887573242e+01,1.435616683959960938e+01,1.619999999999999885e+00,0.000000000000000000e+00
8.919212139347242330e-01,1.640762662887573242e+01,1.421466445922851562e+01,1.619999999999999885e+00,3.700000000000000000e+05
8.923337540625601028e-01,1.676762628555297852e+01,1.443961715698242188e+01,1.619999999999999885e+00,0.000000000000000000e+00
8.923620545386343750e-01,1.676762628555297852e+01,1.429811477661132812e+01,1.619999999999999885e+00,3.700000000000000000e+05
8.927745946664702448e-01,1.640762662887573242e+01,1.407316207885742188e+01,1.619999999999999885e+00,0.000000000000000000e+00
8.928028951425445170e-01,1.640762662887573242e+01,1.393165969848632812e+01,1.619999999999999885e+00,3.700000000000000000e+05
8.932154352703803868e-01,1.676762628555297852e+01,1.415661239624023438e+01,1.619999999999999885e+00,0.000000000000000000e+00
8.932437349835151696e-01,1.676762628555297852e+01,1.401511383056640625e+01,1.619999999999999885e+00,3.700000000000000000e+05
8.936562751113510394e-01,1.640762662887573242e+01,1.379016113281250000e+01,1.619999999999999885e+00,0.000000000000000000e+00
8.936845755874253117e-01,1.640762662887573242e+01,1.364865875244140625e+01,1.619999999999999885e+00,3.700000000000000000e+05
8.940971157152611815e-01,1.676762628555297852e+01,1.387361145019531250e+01,1.619999999999999885e+00,0.000000000000000000e+00
8.941254161913354537e-01,1.676762628555297852e+01,1.373210906982421875e+01,1.619999999999999885e+00,3.700000000000000000e+05
8.945379563191713235e-01,1.640762662887573242e+01,1.350715637207031250e+01,1.619999999999999885e+00,0.000000000000000000e+00
8.945662567952455957e-01,1.640762662887573242e+01,1.336565399169921875e+01,1.619999999999999885e+00,3.700000000000000000e+05
8.949787988876038991e-01,1.676762628555297852e+01,1.359061050415039062e+01,1.619999999999999885e+00,0.000000000000000000e+00
8.950070993636781713e-01,1.676762628555297852e+01,1.344910812377929688e+01,1.619999999999999885e+00,3.700000000000000000e+05
8.954196394915140411e-01,1.640762662887573242e+01,1.322415542602539062e+01,1.619999999999999885e+00,0.000000000000000000e+00
8.967775524780198237e-01,9.630704879760742188e+00,1.281000137329101562e+01,1.619999999999999885e+00,3.700000000000000000e+05
8.974377558300830060e-01,1.020682549476623535e+01,1.317000198364257812e+01,1.619999999999999885e+00,0.000000000000000000e+00
8.974830457280017493e-01,1.043327498435974121e+01,1.317000198364257812e+01,1.619999999999999885e+00,3.700000000000000000e+05
8.981432488835728867e-01,9.857154607772827148e+00,1.281000137329101562e+01,1.619999999999999885e+00,0.000000000000000000e+00
8.981885387814916299e-01,1.008360409736633301e+01,1.281000137329101562e+01,1.619999999999999885e+00,3.700000000000000000e+05
8.988487419370627673e-01,1.065972447395324707e+01,1.317000198364257812e+01,1.619999999999999885e+00,0.000000000000000000e+00
8.988940318826651454e-01,1.088617420196533203e+01,1.317000198364257812e+01,1.619999999999999885e+00,3.700000000000000000e+05
8.995542350382362828e-01,1.031005382537841797e+01,1.281000137329101562e+01,1.619999999999999885e+00,0.000000000000000000e+00
8.995995249361550261e-01,1.053650331497192383e+01,1.281000137329101562e+01,1.619999999999999885e+00,3.700000000000000000e+05
9.004488114070199334e-01,1.127762627601623535e+01,1.327310562133789062e+01,1.619999999999999885e+00,0.000000000000000000e+00
9.004728164994438844e-01,1.133907341957092285e+01,1.317000198364257812e+01,1.619999999999999885e+00,3.700000000000000000e+05
9.011330198515070666e-01,1.076295280456542969e+01,1.281000137329101562e+01,1.619999999999999885e+00,0.000000000000000000e+00
9.011652287841325215e-01,1.091762638092041016e+01,1.276515197753906250e+01,1.619999999999999885e+00,3.700000000000000000e+05
9.019076826543488412e-01,1.156552267074584961e+01,1.317000198364257812e+01,1.619999999999999885e+00,0.000000000000000000e+00
9.019529726476349651e-01,1.179197263717651367e+01,1.317000198364257812e+01,1.619999999999999885e+00,3.700000000000000000e+05
9.029549263236817946e-01,1.091762638092041016e+01,1.262364959716796875e+01,1.619999999999999885e+00,0.000000000000000000e+00
9.029832267997560669e-01,1.091762638092041016e+01,1.248214721679687500e+01,1.619999999999999885e+00,3.700000000000000000e+05
9.033957671240840925e-01,1.127762627601623535e+01,1.270709991455078125e+01,1.619999999999999885e+00,0.000000000000000000e+00
9.034240668372188754e-01,1.127762627601623535e+01,1.256560134887695312e+01,1.619999999999999885e+00,3.700000000000000000e+05
9.038366071615469011e-01,1.091762638092041016e+01,1.234064865112304688e+01,1.619999999999999885e+00,0.000000000000000000e+00
9.038649076376211733e-01,1.091762638092041016e+01,1.219914627075195312e+01,1.619999999999999885e+00,3.700000000000000000e+05
9.042774479619491990e-01,1.127762627601623535e+01,1.242409896850585938e+01,1.619999999999999885e+00,0.000000000000000000e+00
9.043057484380234712e-01,1.127762627601623535e+01,1.228259658813476562e+01,1.619999999999999885e+00,3.700000000000000000e+05
9.047182887623514969e-01,1.091762638092041016e+01,1.205764389038085938e+01,1.619999999999999885e+00,0.000000000000000000e+00
9.047465892384257691e-01,1.091762638092041016e+01,1.191614151000976562e+01,1.619999999999999885e+00,3.700000000000000000e+05
9.051591295627537948e-01,1.127762627601623535e+01,1.214109420776367188e+01,1.619999999999999885e+00,0.000000000000000000e+00
9.051874292758885776e-01,1.127762627601623535e+01,1.199959564208984375e+01,1.619999999999999885e+00,3.700000000000000000e+05
9.055999696002166033e-01,1.091762638092041016e+01,1.177464294433593750e+01,1.619999999999999885e+00,0.000000000000000000e+00
9.056282700762908755e-01,1.091762638092041016e+01,1.163314056396484375e+01,1.619999999999999885e+00,3.700000000000000000e+05
9.060408104006189012e-01,1.127762627601623535e+01,1.185809326171875000e+01,1.619999999999999885e+00,0.000000000000000000e+00
9.060691108766931734e-01,1.127762627601623535e+01,1.171659088134765625e+01,1.619999999999999885e+00,3.700000000000000000e+05
9.064816512010211991e-01,1.091762638092041016e+01,1.149163818359375000e+01,1.619999999999999885e+00,0.000000000000000000e+00
9.065099516770954713e-01,1.091762638092041016e+01,1.135013580322265625e+01,1.619999999999999885e+00,3.700000000000000000e+05
9.069224920014234970e-01,1.127762627601623535e+01,1.157508850097656250e+01,1.619999999999999885e+00,0.000000000000000000e+00
9.069507917145582798e-01,1.127762627601623535e+01,1.143358993530273438e+01,1.619999999999999885e+00,3.700000000000000000e+05
9.077826228476381099e-01,1.055173587799072266e+01,1.098000335693359375e+01,1.619999999999999885e+00,0.000000000000000000e+00
9.078279127455568531e-01,1.077818536758422852e+01,1.098000335693359375e+01,1.619999999999999885e+00,3.700000000000000000e+05
9.084881139366222103e-01,1.135430574417114258e+01,1.134000015258789062e+01,1.619999999999999885e+00,0.000000000000000000e+00
9.085334038345409535e-01,1.158075523376464844e+01,1.134000015258789062e+01,1.619999999999999885e+00,3.700000000000000000e+05
9.092933130425425725e-01,1.091762638092041016e+01,1.092563247680664062e+01,1.619999999999999885e+00,0.000000000000000000e+00
9.093216135186168447e-01,1.091762638092041016e+01,1.078413009643554688e+01,1.619999999999999885e+00,3.700000000000000000e+05
9.103410225324485294e-01,1.180720520019531250e+01,1.134000015258789062e+01,1.619999999999999885e+00,0.000000000000000000e+00
9.103863124303672727e-01,1.203365468978881836e+01,1.134000015258789062e+01,1.619999999999999885e+00,3.700000000000000000e+05
9.110465136214326298e-01,1.145753431320190430e+01,1.098000335693359375e+01,1.619999999999999885e+00,0.000000000000000000e+00
9.110918035193513731e-01,1.168398380279541016e+01,1.098000335693359375e+01,1.619999999999999885e+00,3.700000000000000000e+05
9.117520047104167302e-01,1.226010417938232422e+01,1.134000015258789062e+01,1.619999999999999885e+00,0.000000000000000000e+00
9.117972946083354735e-01,1.248655366897583008e+01,1.134000015258789062e+01,1.619999999999999885e+00,3.700000000000000000e+05
9.124574957994008306e-01,1.191043329238891602e+01,1.098000335693359375e+01,1.619999999999999885e+00,0.000000000000000000e+00
9.125027856973195739e-01,1.213688278198242188e+01,1.098000335693359375e+01,1.619999999999999885e+00,3.700000000000000000e+05
9.131629868883849310e-01,1.271300315856933594e+01,1.134000015258789062e+01,1.619999999999999885e+00,0.000000000000000000e+00
9.149693003161732952e-01,3.957626342773437500e+00,9.123565673828125000e+00,1.619999999999999885e+00,3.700000000000000000e+05
9.153818406405013208e-01,3.597626447677612305e+00,8.898612976074218750e+00,1.619999999999999885e+00,0.000000000000000000e+00
9.154101403536361037e-01,3.597626447677612305e+00,8.757114410400390625e+00,1.619999999999999885e+00,3.700000000000000000e+05
9.158226806779641294e-01,3.957626342773437500e+00,8.982067108154296875e+00,1.619999999999999885e+00,0.000000000000000000e+00
9.158509811540384016e-01,3.957626342773437500e+00,8.840564727783203125e+00,1.619999999999999885e+00,3.700000000000000000e+05
9.162635214783664273e-01,3.597626447677612305e+00,8.615612030029296875e+00,1.619999999999999885e+00,0.000000000000000000e+00
9.162918219544406995e-01,3.597626447677612305e+00,8.474109649658203125e+00,1.619999999999999885e+00,3.700000000000000000e+05
9.167043622787687251e-01,3.957626342773437500e+00,8.699062347412109375e+00,1.619999999999999885e+00,0.000000000000000000e+00
9.167326627548429974e-01,3.957626342773437500e+00,8.557559967041015625e+00,1.619999999999999885e+00,3.700000000000000000e+05
9.171452030791710230e-01,3.597626447677612305e+00,8.332607269287109375e+00,1.619999999999999885e+00,0.000000000000000000e+00
9.171735027923058059e-01,3.597626447677612305e+00,8.191108703613281250e+00,1.619999999999999885e+00,3.700000000000000000e+05
9.175860431166338316e-01,3.957626342773437500e+00,8.416061401367187500e+00,1.619999999999999885e+00,0.000000000000000000e+00
9.176143435927081038e-01,3.957626342773437500e+00,8.274559020996093750e+00,1.619999999999999885e+00,3.700000000000000000e+05
9.180268839170361295e-01,3.597626447677612305e+00,8.049606323242187500e+00,1.619999999999999885e+00,0.000000000000000000e+00
9.180551843931104017e-01,3.597626447677612305e+00,7.908103942871093750e+00,1.619999999999999885e+00,3.700000000000000000e+05
9.184677247174384274e-01,3.957626342773437500e+00,8.133056640625000000e+00,1.619999999999999885e+00,0.000000000000000000e+00
9.184960251935126996e-01,3.957626342773437500e+00,7.991554260253906250e+00,1.619999999999999885e+00,3.700000000000000000e+05
9.189085655178407253e-01,3.597626447677612305e+00,7.766601562500000000e+00,1.619999999999999885e+00,0.000000000000000000e+00
9.212457846550865526e-01,1.310762643814086914e+01,1.455812072753906250e+01,1.619999999999999885e+00,3.700000000000000000e+05
9.216583251759068451e-01,1.274762630462646484e+01,1.433316802978515625e+01,1.619999999999999885e+00,0.000000000000000000e+00
9.216866256519811174e-01,1.274762630462646484e+01,1.419166564941406250e+01,1.619999999999999885e+00,3.700000000000000000e+05
9.220991661728014099e-01,1.310762643814086914e+01,1.441661834716796875e+01,1.619999999999999885e+00,0.000000000000000000e+00
9.221274666488756822e-01,1.310762643814086914e+01,1.427511596679687500e+01,1.619999999999999885e+00,3.700000000000000000e+05
9.225400071696959747e-01,1.274762630462646484e+01,1.405016326904296875e+01,1.619999999999999885e+00,0.000000000000000000e+00
9.225683076457702469e-01,1.274762630462646484e+01,1.390866088867187500e+01,1.619999999999999885e+00,3.700000000000000000e+05
9.229808481665905395e-01,1.310762643814086914e+01,1.413361358642578125e+01,1.619999999999999885e+00,0.000000000000000000e+00
9.230091478797253224e-01,1.310762643814086914e+01,1.399211502075195312e+01,1.619999999999999885e+00,3.700000000000000000e+05
9.234216884005456150e-01,1.274762630462646484e+01,1.376716232299804688e+01,1.619999999999999885e+00,0.000000000000000000e+00
9.234499888766198872e-01,1.274762630462646484e+01,1.362565994262695312e+01,1.619999999999999885e+00,3.700000000000000000e+05
9.238625293974401798e-01,1.310762643814086914e+01,1.385061264038085938e+01,1.619999999999999885e+00,0.000000000000000000e+00
9.238908298735144520e-01,1.310762643814086914e+01,1.370911026000976562e+01,1.619999999999999885e+00,3.700000000000000000e+05
9.243033703943347446e-01,1.274762630462646484e+01,1.348415756225585938e+01,1.619999999999999885e+00,0.000000000000000000e+00
9.243316708704090168e-01,1.274762630462646484e+01,1.334265518188476562e+01,1.619999999999999885e+00,3.700000000000000000e+05
9.247442113912293093e-01,1.310762643814086914e+01,1.356760787963867188e+01,1.619999999999999885e+00,0.000000000000000000e+00
9.247725111043640922e-01,1.310762643814086914e+01,1.342610931396484375e+01,1.619999999999999885e+00,3.700000000000000000e+05
9.251850516251843848e-01,1.274762630462646484e+01,1.320115661621093750e+01,1.619999999999999885e+00,0.000000000000000000e+00
9.284384809190501242e-01,-1.532373905181884766e+00,5.410030364990234375e+00,1.619999999999999885e+00,3.700000000000000000e+05
9.288510210468859940e-01,-1.892373561859130859e+00,5.185077667236328125e+00,1.619999999999999885e+00,0.000000000000000000e+00
9.288793207600207769e-01,-1.892373561859130859e+00,5.043579101562500000e+00,1.619999999999999885e+00,3.700000000000000000e+05
9.292918608878566467e-01,-1.532373905181884766e+00,5.268531799316406250e+00,1.619999999999999885e+00,0.000000000000000000e+00
9.293201613639309189e-01,-1.532373905181884766e+00,5.127029418945312500e+00,1.619999999999999885e+00,3.700000000000000000e+05
9.297327014917667887e-01,-1.892373561859130859e+00,4.902076721191406250e+00,1.619999999999999885e+00,0.000000000000000000e+00
9.297610019678410609e-01,-1.892373561859130859e+00,4.760574340820312500e+00,1.619999999999999885e+00,3.700000000000000000e+05
9.301735420956769307e-01,-1.532373905181884766e+00,4.985527038574218750e+00,1.619999999999999885e+00,0.000000000000000000e+00
9.302018425717512029e-01,-1.532373905181884766e+00,4.844024658203125000e+00,1.619999999999999885e+00,3.700000000000000000e+05
9.306143826995870727e-01,-1.892373561859130859e+00,4.619071960449218750e+00,1.619999999999999885e+00,0.000000000000000000e+00
9.306426824127218556e-01,-1.892373561859130859e+00,4.477573394775390625e+00,1.619999999999999885e+00,3.700000000000000000e+05
9.310552225405577254e-01,-1.532373905181884766e+00,4.702526092529296875e+00,1.619999999999999885e+00,0.000000000000000000e+00
9.310835230166319976e-01,-1.532373905181884766e+00,4.561023712158203125e+00,1.619999999999999885e+00,3.700000000000000000e+05
9.314960631444678674e-01,-1.892373561859130859e+00,4.336071014404296875e+00,1.619999999999999885e+00,0.000000000000000000e+00
9.315243636205421396e-01,-1.892373561859130859e+00,4.194568634033203125e+00,1.619999999999999885e+00,3.700000000000000000e+05
9.319369037483780094e-01,-1.532373905181884766e+00,4.419521331787109375e+00,1.619999999999999885e+00,0.000000000000000000e+00
9.319652042244522816e-01,-1.532373905181884766e+00,4.278018951416015625e+00,1.619999999999999885e+00,3.700000000000000000e+05
9.323777443522881514e-01,-1.892373561859130859e+00,4.053066253662109375e+00,1.619999999999999885e+00,0.000000000000000000e+00
9.324060440654229343e-01,-1.892373561859130859e+00,3.911567687988281250e+00,1.619999999999999885e+00,3.700000000000000000e+05
9.328185841932588040e-01,-1.532373905181884766e+00,4.136520385742187500e+00,1.619999999999999885e+00,0.000000000000000000e+00
9.328432219833945327e-01,-1.492391109466552734e+00,4.020000457763671875e+00,1.619999999999999885e+00,3.700000000000000000e+05
9.333015794256891429e-01,-1.892373561859130859e+00,3.770065307617187500e+00,1.619999999999999885e+00,0.000000000000000000e+00
9.333298799017634151e-01,-1.892373561859130859e+00,3.628562927246093750e+00,1.619999999999999885e+00,3.700000000000000000e+05
9.340477371498870918e-01,-1.265941143035888672e+00,4.020000457763671875e+00,1.619999999999999885e+00,0.000000000000000000e+00
9.340930269524383434e-01,-1.039492130279541016e+00,4.020000457763671875e+00,1.619999999999999885e+00,3.700000000000000000e+05
9.350703832204236843e-01,-1.892373561859130859e+00,3.487060546875000000e+00,1.619999999999999885e+00,0.000000000000000000e+00
9.350986829335584671e-01,-1.892373561859130859e+00,3.345561981201171875e+00,1.619999999999999885e+00,3.700000000000000000e+05
9.355112230613943369e-01,-1.532373905181884766e+00,3.570514678955078125e+00,1.619999999999999885e+00,0.000000000000000000e+00
9.355395235374686091e-01,-1.532373905181884766e+00,3.429012298583984375e+00,1.619999999999999885e+00,3.700000000000000000e+05
9.359520636653044789e-01,-1.892373561859130859e+00,3.204059600830078125e+00,1.619999999999999885e+00,0.000000000000000000e+00
9.359803641413787512e-01,-1.892373561859130859e+00,3.062557220458984375e+00,1.619999999999999885e+00,3.700000000000000000e+05
9.363929042692146210e-01,-1.532373905181884766e+00,3.287509918212890625e+00,1.619999999999999885e+00,0.000000000000000000e+00
9.364212047452888932e-01,-1.532373905181884766e+00,3.146007537841796875e+00,1.619999999999999885e+00,3.700000000000000000e+05
9.368337448731247630e-01,-1.892373561859130859e+00,2.921054840087890625e+00,1.619999999999999885e+00,0.000000000000000000e+00
9.368620445862595458e-01,-1.892373561859130859e+00,2.779556274414062500e+00,1.619999999999999885e+00,3.700000000000000000e+05
9.372745847140954156e-01,-1.532373905181884766e+00,3.004508972167968750e+00,1.619999999999999885e+00,0.000000000000000000e+00
9.373028851901696878e-01,-1.532373905181884766e+00,2.863006591796875000e+00,1.619999999999999885e+00,3.700000000000000000e+05
9.377154253180055576e-01,-1.892373561859130859e+00,2.638053894042968750e+00,1.619999999999999885e+00,0.000000000000000000e+00
9.377437257940798299e-01,-1.892373561859130859e+00,2.496551513671875000e+00,1.619999999999999885e+00,3.700000000000000000e+05
9.381562659219156997e-01,-1.532373905181884766e+00,2.721504211425781250e+00,1.619999999999999885e+00,0.000000000000000000e+00
9.381845656350504825e-01,-1.532373905181884766e+00,2.580005645751953125e+00,1.619999999999999885e+00,3.700000000000000000e+05
9.385971077274087859e-01,-1.892373561859130859e+00,2.355049133300781250e+00,1.619999999999999885e+00,0.000000000000000000e+00
9.386254074405435688e-01,-1.892373561859130859e+00,2.213550567626953125e+00,1.619999999999999885e+00,3.700000000000000000e+05
9.390379475683794386e-01,-1.532373905181884766e+00,2.438503265380859375e+00,1.619999999999999885e+00,0.000000000000000000e+00
9.390662480444537108e-01,-1.532373905181884766e+00,2.297000885009765625e+00,1.619999999999999885e+00,3.700000000000000000e+05
9.394787881722895806e-01,-1.892373561859130859e+00,2.072048187255859375e+00,1.619999999999999885e+00,0.000000000000000000e+00
9.395070886483638528e-01,-1.892373561859130859e+00,1.930545806884765625e+00,1.619999999999999885e+00,3.700000000000000000e+05
9.399829037859372960e-01,-1.477158069610595703e+00,2.190002441406250000e+00,1.619999999999999885e+00,0.000000000000000000e+00
9.400281935884885476e-01,-1.250709056854248047e+00,2.190002441406250000e+00,1.619999999999999885e+00,3.700000000000000000e+05
9.406883967440596850e-01,-1.826829433441162109e+00,1.830001831054687500e+00,1.619999999999999885e+00,0.000000000000000000e+00
9.407336867373458089e-01,-1.600379467010498047e+00,1.830001831054687500e+00,1.619999999999999885e+00,3.700000000000000000e+05
9.413938898929169463e-01,-1.024259090423583984e+00,2.190002441406250000e+00,1.619999999999999885e+00,0.000000000000000000e+00
9.414391798862030702e-01,-7.978091239929199219e-01,2.190002441406250000e+00,1.619999999999999885e+00,3.700000000000000000e+05
9.420993838277426091e-01,-1.373930454254150391e+00,1.830001831054687500e+00,1.619999999999999885e+00,0.000000000000000000e+00
9.421446738210287331e-01,-1.147480487823486328e+00,1.830001831054687500e+00,1.619999999999999885e+00,3.700000000000000000e+05
9.428048769765998705e-01,-5.713601112365722656e-01,2.190002441406250000e+00,1.619999999999999885e+00,0.000000000000000000e+00
9.428501668745186137e-01,-3.449106216430664062e-01,2.190002441406250000e+00,1.619999999999999885e+00,3.700000000000000000e+05
9.435103696371056614e-01,-9.210305213928222656e-01,1.830001831054687500e+00,1.619999999999999885e+00,0.000000000000000000e+00
9.435556594396569130e-01,-6.945815086364746094e-01,1.830001831054687500e+00,1.619999999999999885e+00,3.700000000000000000e+05
9.442158629882121401e-01,-1.184606552124023438e-01,2.190002441406250000e+00,1.619999999999999885e+00,0.000000000000000000e+00
9.465374904256539379e-01,7.617626368999481201e+00,1.084458541870117188e+01,1.619999999999999885e+00,3.700000000000000000e+05
9.469500328127491429e-01,7.257626354694366455e+00,1.061962890625000000e+01,1.619999999999999885e+00,0.000000000000000000e+00
9.469783325258839257e-01,7.257626354694366455e+00,1.047813034057617188e+01,1.619999999999999885e+00,3.700000000000000000e+05
9.473908729484581404e-01,7.617626368999481201e+00,1.070308303833007812e+01,1.619999999999999885e+00,0.000000000000000000e+00
9.474191734245324126e-01,7.617626368999481201e+00,1.056158065795898438e+01,1.619999999999999885e+00,3.700000000000000000e+05
9.478317138471066272e-01,7.257626354694366455e+00,1.033662796020507812e+01,1.619999999999999885e+00,0.000000000000000000e+00
9.478600143231808994e-01,7.257626354694366455e+00,1.019512557983398438e+01,1.619999999999999885e+00,3.700000000000000000e+05
9.482725547457551141e-01,7.617626368999481201e+00,1.042007827758789062e+01,1.619999999999999885e+00,0.000000000000000000e+00
9.483008544588898969e-01,7.617626368999481201e+00,1.027857971191406250e+01,1.619999999999999885e+00,3.700000000000000000e+05
9.487133968459851019e-01,7.257626354694366455e+00,1.005362319946289062e+01,1.619999999999999885e+00,0.000000000000000000e+00
9.487416965591198847e-01,7.257626354694366455e+00,9.912124633789062500e+00,1.619999999999999885e+00,3.700000000000000000e+05
9.491542369816940994e-01,7.617626368999481201e+00,1.013707733154296875e+01,1.619999999999999885e+00,0.000000000000000000e+00
9.491825374577683716e-01,7.617626368999481201e+00,9.995574951171875000e+00,1.619999999999999885e+00,3.700000000000000000e+05
9.495950778803425862e-01,7.257626354694366455e+00,9.770622253417968750e+00,1.619999999999999885e+00,0.000000000000000000e+00
9.496233783564168585e-01,7.257626354694366455e+00,9.629119873046875000e+00,1.619999999999999885e+00,3.700000000000000000e+05
9.500359187789910731e-01,7.617626368999481201e+00,9.854072570800781250e+00,1.619999999999999885e+00,0.000000000000000000e+00
9.500642184921258560e-01,7.617626368999481201e+00,9.712574005126953125e+00,1.619999999999999885e+00,3.700000000000000000e+05
9.510959158945622161e-01,6.717325270175933838e+00,9.150001525878906250e+00,1.619999999999999885e+00,0.000000000000000000e+00
9.511412058163227767e-01,6.943774878978729248e+00,9.150001525878906250e+00,1.619999999999999885e+00,3.700000000000000000e+05
9.519134037076659727e-01,7.617626368999481201e+00,9.571071624755859375e+00,1.619999999999999885e+00,0.000000000000000000e+00
9.519418978762982375e-01,7.746344894170761108e+00,9.510002136230468750e+00,1.619999999999999885e+00,3.700000000000000000e+05
9.526021010809924139e-01,7.170224457979202271e+00,9.150001525878906250e+00,1.619999999999999885e+00,0.000000000000000000e+00
9.526267494114113443e-01,7.257626354694366455e+00,9.063114166259765625e+00,1.619999999999999885e+00,3.700000000000000000e+05
9.534462941203990516e-01,7.972794473171234131e+00,9.510002136230468750e+00,1.619999999999999885e+00,0.000000000000000000e+00
9.534915840421596123e-01,8.199244081974029541e+00,9.510002136230468750e+00,1.619999999999999885e+00,3.700000000000000000e+05
9.541517872468537886e-01,7.623123645782470703e+00,9.150001525878906250e+00,1.619999999999999885e+00,0.000000000000000000e+00
9.541970771626538950e-01,7.849573224782943726e+00,9.150001525878906250e+00,1.619999999999999885e+00,3.700000000000000000e+05
9.548572803919095353e-01,8.425693690776824951e+00,9.510002136230468750e+00,1.619999999999999885e+00,0.000000000000000000e+00
9.549025703017491873e-01,8.652143239974975586e+00,9.510002136230468750e+00,1.619999999999999885e+00,3.700000000000000000e+05
9.555627735064433637e-01,8.076022803783416748e+00,9.150001525878906250e+00,1.619999999999999885e+00,0.000000000000000000e+00
9.556080634282039243e-01,8.302472412586212158e+00,9.150001525878906250e+00,1.619999999999999885e+00,3.700000000000000000e+05
9.562682666328981007e-01,8.878592848777770996e+00,9.510002136230468750e+00,1.619999999999999885e+00,0.000000000000000000e+00
9.576732872935864727e-01,2.203566074371337891e+00,7.320003509521484375e+00,1.619999999999999885e+00,3.700000000000000000e+05
9.583334884846518298e-01,2.779686450958251953e+00,7.680000305175781250e+00,1.619999999999999885e+00,0.000000000000000000e+00
9.583787783825705731e-01,3.006135940551757812e+00,7.680000305175781250e+00,1.619999999999999885e+00,3.700000000000000000e+05
9.590389795736359302e-01,2.430015563964843750e+00,7.320003509521484375e+00,1.619999999999999885e+00,0.000000000000000000e+00
9.590842694715546735e-01,2.656465053558349609e+00,7.320003509521484375e+00,1.619999999999999885e+00,3.700000000000000000e+05
9.597444706626200306e-01,3.232585430145263672e+00,7.680000305175781250e+00,1.619999999999999885e+00,0.000000000000000000e+00
9.597897606082224087e-01,3.459035158157348633e+00,7.680000305175781250e+00,1.619999999999999885e+00,3.700000000000000000e+05
9.604499619957803658e-01,2.882914543151855469e+00,7.320003509521484375e+00,1.619999999999999885e+00,0.000000000000000000e+00
9.604952519890664897e-01,3.109364509582519531e+00,7.320003509521484375e+00,1.619999999999999885e+00,3.700000000000000000e+05
9.614673138905157623e-01,3.957626342773437500e+00,7.850055694580078125e+00,1.619999999999999885e+00,0.000000000000000000e+00
9.614956143665900345e-01,3.957626342773437500e+00,7.708553314208984375e+00,1.619999999999999885e+00,3.700000000000000000e+05
9.622081768551942194e-01,3.335813999176025391e+00,7.320003509521484375e+00,1.619999999999999885e+00,0.000000000000000000e+00
9.622534667531129626e-01,3.562263488769531250e+00,7.320003509521484375e+00,1.619999999999999885e+00,3.700000000000000000e+05
9.629136679441783198e-01,4.138383865356445312e+00,7.680000305175781250e+00,1.619999999999999885e+00,0.000000000000000000e+00
9.629589578897806978e-01,4.364833593368530273e+00,7.680000305175781250e+00,1.619999999999999885e+00,3.700000000000000000e+05
9.638381359387508951e-01,3.597626447677612305e+00,7.200595855712890625e+00,1.619999999999999885e+00,0.000000000000000000e+00
9.638664356518856779e-01,3.597626447677612305e+00,7.059097290039062500e+00,1.619999999999999885e+00,3.700000000000000000e+05
9.642789759762137036e-01,3.957626342773437500e+00,7.284049987792968750e+00,1.619999999999999885e+00,0.000000000000000000e+00
9.643072764522879758e-01,3.957626342773437500e+00,7.142547607421875000e+00,1.619999999999999885e+00,3.700000000000000000e+05
9.647198167766160015e-01,3.597626447677612305e+00,6.917594909667968750e+00,1.619999999999999885e+00,0.000000000000000000e+00
9.647481172526902737e-01,3.597626447677612305e+00,6.776092529296875000e+00,1.619999999999999885e+00,3.700000000000000000e+05
9.651606575770182994e-01,3.957626342773437500e+00,7.001045227050781250e+00,1.619999999999999885e+00,0.000000000000000000e+00
9.651889572901530823e-01,3.957626342773437500e+00,6.859546661376953125e+00,1.619999999999999885e+00,3.700000000000000000e+05
9.656014995790026534e-01,3.597626447677612305e+00,6.634590148925781250e+00,1.619999999999999885e+00,0.000000000000000000e+00
9.656297992921374362e-01,3.597626447677612305e+00,6.493091583251953125e+00,1.619999999999999885e+00,3.700000000000000000e+05
9.660423396164654619e-01,3.957626342773437500e+00,6.718044281005859375e+00,1.619999999999999885e+00,0.000000000000000000e+00
9.660706400925397341e-01,3.957626342773437500e+00,6.576541900634765625e+00,1.619999999999999885e+00,3.700000000000000000e+05
9.664831804168677598e-01,3.597626447677612305e+00,6.351589202880859375e+00,1.619999999999999885e+00,0.000000000000000000e+00
9.665114808929420320e-01,3.597626447677612305e+00,6.210086822509765625e+00,1.619999999999999885e+00,3.700000000000000000e+05
9.669240212172700577e-01,3.957626342773437500e+00,6.435039520263671875e+00,1.619999999999999885e+00,0.000000000000000000e+00
9.669523209304048406e-01,3.957626342773437500e+00,6.293540954589843750e+00,1.619999999999999885e+00,3.700000000000000000e+05
9.673648632192544117e-01,3.597626447677612305e+00,6.068584442138671875e+00,1.619999999999999885e+00,0.000000000000000000e+00
9.673931629323891945e-01,3.597626447677612305e+00,5.927085876464843750e+00,1.619999999999999885e+00,3.700000000000000000e+05
9.678057032567172202e-01,3.957626342773437500e+00,6.152038574218750000e+00,1.619999999999999885e+00,0.000000000000000000e+00
9.678340037327914924e-01,3.957626342773437500e+00,6.010536193847656250e+00,1.619999999999999885e+00,3.700000000000000000e+05
9.687886106894402216e-01,3.124596595764160156e+00,5.490001678466796875e+00,1.619999999999999885e+00,0.000000000000000000e+00
9.688339006827263455e-01,3.351046562194824219e+00,5.490001678466796875e+00,1.619999999999999885e+00,3.700000000000000000e+05
9.695290078335448980e-01,3.957626342773437500e+00,5.869033813476562500e+00,1.619999999999999885e+00,0.000000000000000000e+00
9.695683902217837602e-01,4.153616428375244141e+00,5.850002288818359375e+00,1.619999999999999885e+00,3.700000000000000000e+05
9.702285933773548976e-01,3.577496051788330078e+00,5.490001678466796875e+00,1.619999999999999885e+00,0.000000000000000000e+00
9.702546901114548206e-01,3.597626447677612305e+00,5.361080169677734375e+00,1.619999999999999885e+00,3.700000000000000000e+05
9.711513234982097620e-01,4.380066156387329102e+00,5.850002288818359375e+00,1.619999999999999885e+00,0.000000000000000000e+00
9.711966133961285053e-01,4.606515645980834961e+00,5.850002288818359375e+00,1.619999999999999885e+00,3.700000000000000000e+05
9.718568165516996427e-01,4.030395269393920898e+00,5.490001678466796875e+00,1.619999999999999885e+00,0.000000000000000000e+00
9.719021064496183859e-01,4.256844758987426758e+00,5.490001678466796875e+00,1.619999999999999885e+00,3.700000000000000000e+05
9.725623098016815682e-01,4.832965373992919922e+00,5.850002288818359375e+00,1.619999999999999885e+00,0.000000000000000000e+00
9.726075996996003115e-01,5.059414863586425781e+00,5.850002288818359375e+00,1.619999999999999885e+00,3.700000000000000000e+05
9.732678028551714489e-01,4.483294486999511719e+00,5.490001678466796875e+00,1.619999999999999885e+00,0.000000000000000000e+00
9.733130927530901921e-01,4.709743976593017578e+00,5.490001678466796875e+00,1.619999999999999885e+00,3.700000000000000000e+05
9.739732959086613295e-01,5.285864353179931641e+00,5.850002288818359375e+00,1.619999999999999885e+00,0.000000000000000000e+00
9.758317179132564023e-01,1.144230175018310547e+01,1.281000137329101562e+01,1.619999999999999885e+00,3.700000000000000000e+05
9.764919210688275397e-01,1.201842212677001953e+01,1.317000198364257812e+01,1.619999999999999885e+00,0.000000000000000000e+00
9.765372109667462830e-01,1.224487161636352539e+01,1.317000198364257812e+01,1.619999999999999885e+00,3.700000000000000000e+05
9.771974141223174204e-01,1.166875123977661133e+01,1.281000137329101562e+01,1.619999999999999885e+00,0.000000000000000000e+00
9.772427040202361637e-01,1.189520072937011719e+01,1.281000137329101562e+01,1.619999999999999885e+00,3.700000000000000000e+05
9.779029071758073011e-01,1.247132110595703125e+01,1.317000198364257812e+01,1.619999999999999885e+00,0.000000000000000000e+00
9.779481971690934250e-01,1.269777107238769531e+01,1.317000198364257812e+01,1.619999999999999885e+00,3.700000000000000000e+05
9.786084003246645624e-01,1.212165069580078125e+01,1.281000137329101562e+01,1.619999999999999885e+00,0.000000000000000000e+00
9.786536902225833057e-01,1.234810018539428711e+01,1.281000137329101562e+01,1.619999999999999885e+00,3.700000000000000000e+05
9.795240667259258460e-01,1.310762643814086914e+01,1.328460693359375000e+01,1.619999999999999885e+00,0.000000000000000000e+00
9.795485510451614752e-01,1.315067005157470703e+01,1.317000198364257812e+01,1.619999999999999885e+00,3.700000000000000000e+05
9.802087542007326126e-01,1.257454967498779297e+01,1.281000137329101562e+01,1.619999999999999885e+00,0.000000000000000000e+00
9.802440063602920750e-01,1.274762630462646484e+01,1.277664947509765625e+01,1.619999999999999885e+00,3.700000000000000000e+05
9.809653723590345820e-01,1.337711954116821289e+01,1.317000198364257812e+01,1.619999999999999885e+00,0.000000000000000000e+00
9.810106622569533252e-01,1.360356903076171875e+01,1.317000198364257812e+01,1.619999999999999885e+00,3.700000000000000000e+05
9.819915257040309209e-01,1.274762630462646484e+01,1.263515090942382812e+01,1.619999999999999885e+00,0.000000000000000000e+00
9.820198261801051931e-01,1.274762630462646484e+01,1.249364852905273438e+01,1.619999999999999885e+00,3.700000000000000000e+05
9.824323667009254857e-01,1.310762643814086914e+01,1.271860122680664062e+01,1.619999999999999885e+00,0.000000000000000000e+00
9.824606671769997579e-01,1.310762643814086914e+01,1.257709884643554688e+01,1.619999999999999885e+00,3.700000000000000000e+05
9.828732076978200505e-01,1.274762630462646484e+01,1.235214614868164062e+01,1.619999999999999885e+00,0.000000000000000000e+00
9.829015081738943227e-01,1.274762630462646484e+01,1.221064376831054688e+01,1.619999999999999885e+00,3.700000000000000000e+05
9.833140486947146153e-01,1.310762643814086914e+01,1.243559646606445312e+01,1.619999999999999885e+00,0.000000000000000000e+00
9.833423484078493981e-01,1.310762643814086914e+01,1.229409790039062500e+01,1.619999999999999885e+00,3.700000000000000000e+05
9.837548889286696907e-01,1.274762630462646484e+01,1.206914520263671875e+01,1.619999999999999885e+00,0.000000000000000000e+00
9.837831894047439629e-01,1.274762630462646484e+01,1.192764282226562500e+01,1.619999999999999885e+00,3.700000000000000000e+05
9.841957299255642555e-01,1.310762643814086914e+01,1.215259552001953125e+01,1.619999999999999885e+00,0.000000000000000000e+00
9.842240304016385277e-01,1.310762643814086914e+01,1.201109313964843750e+01,1.619999999999999885e+00,3.700000000000000000e+05
9.846365709224588203e-01,1.274762630462646484e+01,1.178614044189453125e+01,1.619999999999999885e+00,0.000000000000000000e+00
9.846648713985330925e-01,1.274762630462646484e+01,1.164463806152343750e+01,1.619999999999999885e+00,3.700000000000000000e+05
9.850774119193533851e-01,1.310762643814086914e+01,1.186959075927734375e+01,1.619999999999999885e+00,0.000000000000000000e+00
9.851057116324881680e-01,1.310762643814086914e+01,1.172809219360351562e+01,1.619999999999999885e+00,3.700000000000000000e+05
9.855182521533084605e-01,1.274762630462646484e+01,1.150313949584960938e+01,1.619999999999999885e+00,0.000000000000000000e+00
9.855465526293827327e-01,1.274762630462646484e+01,1.136163711547851562e+01,1.619999999999999885e+00,3.700000000000000000e+05
9.859590931502030253e-01,1.310762643814086914e+01,1.158658981323242188e+01,1.619999999999999885e+00,0.000000000000000000e+00
9.859873936262772975e-01,1.310762643814086914e+01,1.144508743286132812e+01,1.619999999999999885e+00,3.700000000000000000e+05
9.868403128273259828e-01,1.236333274841308594e+01,1.098000335693359375e+01,1.619999999999999885e+00,0.000000000000000000e+00
9.868856027252447261e-01,1.258978223800659180e+01,1.098000335693359375e+01,1.619999999999999885e+00,3.700000000000000000e+05
9.875458039163100832e-01,1.316590261459350586e+01,1.134000015258789062e+01,1.619999999999999885e+00,0.000000000000000000e+00
9.875910938142288265e-01,1.339235210418701172e+01,1.134000015258789062e+01,1.619999999999999885e+00,3.700000000000000000e+05
9.883299131862485210e-01,1.274762630462646484e+01,1.093713378906250000e+01,1.619999999999999885e+00,0.000000000000000000e+00
9.883582136623227932e-01,1.274762630462646484e+01,1.079563140869140625e+01,1.619999999999999885e+00,3.700000000000000000e+05
9.893565324471859102e-01,1.361880159378051758e+01,1.134000015258789062e+01,1.619999999999999885e+00,0.000000000000000000e+00
9.894018223451046534e-01,1.384525108337402344e+01,1.134000015258789062e+01,1.619999999999999885e+00,3.700000000000000000e+05
9.900620235361700106e-01,1.326913070678710938e+01,1.098000335693359375e+01,1.619999999999999885e+00,0.000000000000000000e+00
9.901073134340887538e-01,1.349558019638061523e+01,1.098000335693359375e+01,1.619999999999999885e+00,3.700000000000000000e+05
9.907675150181394219e-01,1.407170104980468750e+01,1.134000015258789062e+01,1.619999999999999885e+00,0.000000000000000000e+00
9.908128049160581652e-01,1.429815053939819336e+01,1.134000015258789062e+01,1.619999999999999885e+00,3.700000000000000000e+05
9.914730061071235223e-01,1.372203016281127930e+01,1.098000335693359375e+01,1.619999999999999885e+00,0.000000000000000000e+00
9.915182960050422656e-01,1.394847965240478516e+01,1.098000335693359375e+01,1.619999999999999885e+00,3.700000000000000000e+05
9.921784971961076227e-01,1.452460002899169922e+01,1.134000015258789062e+01,1.619999999999999885e+00,0.000000000000000000e+00
9.939806785267457645e-01,5.787626385688781738e+00,9.135066986083984375e+00,1.619999999999999885e+00,3.700000000000000000e+05
9.943932189493199791e-01,5.427626371383666992e+00,8.910114288330078125e+00,1.619999999999999885e+00,0.000000000000000000e+00
9.944215194253942514e-01,5.427626371383666992e+00,8.768611907958984375e+00,1.619999999999999885e+00,3.700000000000000000e+05
9.948340598479684660e-01,5.787626385688781738e+00,8.993564605712890625e+00,1.619999999999999885e+00,0.000000000000000000e+00
9.948623595611032489e-01,5.787626385688781738e+00,8.852066040039062500e+00,1.619999999999999885e+00,3.700000000000000000e+05
9.952749019481984538e-01,5.427626371383666992e+00,8.627109527587890625e+00,1.619999999999999885e+00,0.000000000000000000e+00
9.953032016613332367e-01,5.427626371383666992e+00,8.485610961914062500e+00,1.619999999999999885e+00,3.700000000000000000e+05
9.957157420839074513e-01,5.787626385688781738e+00,8.710563659667968750e+00,1.619999999999999885e+00,0.000000000000000000e+00
9.957440425599817235e-01,5.787626385688781738e+00,8.569061279296875000e+00,1.619999999999999885e+00,3.700000000000000000e+05
9.961565829825559382e-01,5.427626371383666992e+00,8.344108581542968750e+00,1.619999999999999885e+00,0.000000000000000000e+00
9.961848834586302104e-01,5.427626371383666992e+00,8.202606201171875000e+00,1.619999999999999885e+00,3.700000000000000000e+05
9.965974238812044250e-01,5.787626385688781738e+00,8.427558898925781250e+00,1.619999999999999885e+00,0.000000000000000000e+00
9.966257235943392079e-01,5.787626385688781738e+00,8.286060333251953125e+00,1.619999999999999885e+00,3.700000000000000000e+05
9.970382659814344128e-01,5.427626371383666992e+00,8.061103820800781250e+00,1.619999999999999885e+00,0.000000000000000000e+00
9.970665656945691957e-01,5.427626371383666992e+00,7.919605255126953125e+00,1.619999999999999885e+00,3.700000000000000000e+05
9.974791061171434103e-01,5.787626385688781738e+00,8.144557952880859375e+00,1.619999999999999885e+00,0.000000000000000000e+00
9.975074065932176826e-01,5.787626385688781738e+00,8.003055572509765625e+00,1.619999999999999885e+00,3.700000000000000000e+05
9.979199470157918972e-01,5.427626371383666992e+00,7.778102874755859375e+00,1.619999999999999885e+00,0.000000000000000000e+00
1.000257165709646179e+00,1.493762636184692383e+01,1.456961822509765625e+01,1.619999999999999885e+00,3.700000000000000000e+05
1.000669706230466360e+00,1.457762622833251953e+01,1.434466552734375000e+01,1.619999999999999885e+00,0.000000000000000000e+00
1.000698006706540522e+00,1.457762622833251953e+01,1.420316314697265625e+01,1.619999999999999885e+00,3.700000000000000000e+05
1.001110547227360703e+00,1.493762636184692383e+01,1.442811584472656250e+01,1.619999999999999885e+00,0.000000000000000000e+00
1.001138846940495375e+00,1.493762636184692383e+01,1.428661727905273438e+01,1.619999999999999885e+00,3.700000000000000000e+05
1.001551387461315556e+00,1.457762622833251953e+01,1.406166458129882812e+01,1.619999999999999885e+00,0.000000000000000000e+00
1.001579687937389718e+00,1.457762622833251953e+01,1.392016220092773438e+01,1.619999999999999885e+00,3.700000000000000000e+05
1.001992228458209899e+00,1.493762636184692383e+01,1.414511489868164062e+01,1.619999999999999885e+00,0.000000000000000000e+00
1.002020528934284060e+00,1.493762636184692383e+01,1.400361251831054688e+01,1.619999999999999885e+00,3.700000000000000000e+05
1.002433069455104242e+00,1.457762622833251953e+01,1.377865982055664062e+01,1.619999999999999885e+00,0.000000000000000000e+00
1.002461369931178403e+00,1.457762622833251953e+01,1.363715744018554688e+01,1.619999999999999885e+00,3.700000000000000000e+05
1.002873910451998585e+00,1.493762636184692383e+01,1.386211013793945312e+01,1.619999999999999885e+00,0.000000000000000000e+00
1.002902210165133257e+00,1.493762636184692383e+01,1.372061157226562500e+01,1.619999999999999885e+00,3.700000000000000000e+05
1.003314750685953438e+00,1.457762622833251953e+01,1.349565887451171875e+01,1.619999999999999885e+00,0.000000000000000000e+00
1.003343051162027599e+00,1.457762622833251953e+01,1.335415649414062500e+01,1.619999999999999885e+00,3.700000000000000000e+05
1.003755591682847781e+00,1.493762636184692383e+01,1.357910919189453125e+01,1.619999999999999885e+00,0.000000000000000000e+00
1.003783892158921942e+00,1.493762636184692383e+01,1.343760681152343750e+01,1.619999999999999885e+00,3.700000000000000000e+05
1.004196432679742124e+00,1.457762622833251953e+01,1.321265411376953125e+01,1.619999999999999885e+00,0.000000000000000000e+00
1.007449861524481571e+00,2.976264953613281250e-01,5.421531677246093750e+00,1.619999999999999885e+00,3.700000000000000000e+05
1.007862402045301753e+00,-6.237363815307617188e-02,5.196578979492187500e+00,1.619999999999999885e+00,0.000000000000000000e+00
1.007890702521375914e+00,-6.237363815307617188e-02,5.055076599121093750e+00,1.619999999999999885e+00,3.700000000000000000e+05
1.008303243042196096e+00,2.976264953613281250e-01,5.280029296875000000e+00,1.619999999999999885e+00,0.000000000000000000e+00
1.008331543518270257e+00,2.976264953613281250e-01,5.138526916503906250e+00,1.619999999999999885e+00,3.700000000000000000e+05
1.008744084039090438e+00,-6.237363815307617188e-02,4.913574218750000000e+00,1.619999999999999885e+00,0.000000000000000000e+00
1.008772383752225110e+00,-6.237363815307617188e-02,4.772075653076171875e+00,1.619999999999999885e+00,3.700000000000000000e+05
1.009184924273045292e+00,2.976264953613281250e-01,4.997028350830078125e+00,1.619999999999999885e+00,0.000000000000000000e+00
1.009213224749119453e+00,2.976264953613281250e-01,4.855525970458984375e+00,1.619999999999999885e+00,3.700000000000000000e+05
1.009625765269939635e+00,-6.237363815307617188e-02,4.630573272705078125e+00,1.619999999999999885e+00,0.000000000000000000e+00
1.009654065746013796e+00,-6.237363815307617188e-02,4.489070892333984375e+00,1.619999999999999885e+00,3.700000000000000000e+05
1.010066606266833977e+00,2.976264953613281250e-01,4.714023590087890625e+00,1.619999999999999885e+00,0.000000000000000000e+00
1.010094906742908138e+00,2.976264953613281250e-01,4.572521209716796875e+00,1.619999999999999885e+00,3.700000000000000000e+05
1.010507447263728320e+00,-6.237363815307617188e-02,4.347568511962890625e+00,1.619999999999999885e+00,0.000000000000000000e+00
1.010535746976862992e+00,-6.237363815307617188e-02,4.206069946289062500e+00,1.619999999999999885e+00,3.700000000000000000e+05
1.010948287497683173e+00,2.976264953613281250e-01,4.431022644042968750e+00,1.619999999999999885e+00,0.000000000000000000e+00
1.010976587973757335e+00,2.976264953613281250e-01,4.289520263671875000e+00,1.619999999999999885e+00,3.700000000000000000e+05
1.011389128494577516e+00,-6.237363815307617188e-02,4.064567565917968750e+00,1.619999999999999885e+00,0.000000000000000000e+00
1.013726347188431687e+00,9.447626352310180664e+00,1.085608291625976562e+01,1.619999999999999885e+00,3.700000000000000000e+05
1.014138887611005790e+00,9.087626338005065918e+00,1.063113021850585938e+01,1.619999999999999885e+00,0.000000000000000000e+00
1.014167188087079952e+00,9.087626338005065918e+00,1.048962783813476562e+01,1.619999999999999885e+00,3.700000000000000000e+05
1.014579728509654055e+00,9.447626352310180664e+00,1.071458053588867188e+01,1.619999999999999885e+00,0.000000000000000000e+00
1.014608028222788727e+00,9.447626352310180664e+00,1.057308197021484375e+01,1.619999999999999885e+00,3.700000000000000000e+05
1.015020568645362831e+00,9.087626338005065918e+00,1.034812927246093750e+01,1.619999999999999885e+00,0.000000000000000000e+00
1.015048869121436992e+00,9.087626338005065918e+00,1.020662689208984375e+01,1.619999999999999885e+00,3.700000000000000000e+05
1.015461409544011095e+00,9.447626352310180664e+00,1.043157958984375000e+01,1.619999999999999885e+00,0.000000000000000000e+00
1.015489710020085257e+00,9.447626352310180664e+00,1.029007720947265625e+01,1.619999999999999885e+00,3.700000000000000000e+05
1.015902250442659360e+00,9.087626338005065918e+00,1.006512451171875000e+01,1.619999999999999885e+00,0.000000000000000000e+00
1.015930550918733521e+00,9.087626338005065918e+00,9.923622131347656250e+00,1.619999999999999885e+00,3.700000000000000000e+05
1.016343091341307625e+00,9.447626352310180664e+00,1.014857482910156250e+01,1.619999999999999885e+00,0.000000000000000000e+00
1.016371391054442297e+00,9.447626352310180664e+00,1.000707626342773438e+01,1.619999999999999885e+00,3.700000000000000000e+05
1.016783931477016401e+00,9.087626338005065918e+00,9.782123565673828125e+00,1.619999999999999885e+00,0.000000000000000000e+00
1.016812231953090562e+00,9.087626338005065918e+00,9.640621185302734375e+00,1.619999999999999885e+00,3.700000000000000000e+05
1.017224772375664665e+00,9.447626352310180664e+00,9.865573883056640625e+00,1.619999999999999885e+00,0.000000000000000000e+00
1.017253072851738827e+00,9.447626352310180664e+00,9.724071502685546875e+00,1.619999999999999885e+00,3.700000000000000000e+05
1.018305858223894855e+00,8.528922080993652344e+00,9.150001525878906250e+00,1.619999999999999885e+00,0.000000000000000000e+00
1.018351148121813488e+00,8.755371570587158203e+00,9.150001525878906250e+00,1.619999999999999885e+00,3.700000000000000000e+05
1.019144434081123762e+00,9.447626352310180664e+00,9.582569122314453125e+00,1.619999999999999885e+00,0.000000000000000000e+00
1.019170842744801186e+00,9.557941675186157227e+00,9.510002136230468750e+00,1.619999999999999885e+00,3.700000000000000000e+05
1.019831045998618402e+00,8.981821179389953613e+00,9.150001525878906250e+00,1.619999999999999885e+00,0.000000000000000000e+00
1.019857028906636209e+00,9.087626338005065918e+00,9.074615478515625000e+00,1.619999999999999885e+00,3.700000000000000000e+05
1.020655483583145617e+00,9.784391164779663086e+00,9.510002136230468750e+00,1.619999999999999885e+00,0.000000000000000000e+00
1.020700773528748107e+00,1.001084089279174805e+01,9.510002136230468750e+00,1.619999999999999885e+00,3.700000000000000000e+05
1.021758727814596091e+00,9.087626338005065918e+00,8.933113098144531250e+00,1.619999999999999885e+00,0.000000000000000000e+00
1.021787028290670252e+00,9.087626338005065918e+00,8.791610717773437500e+00,1.619999999999999885e+00,3.700000000000000000e+05
1.022199568713244355e+00,9.447626352310180664e+00,9.016563415527343750e+00,1.619999999999999885e+00,0.000000000000000000e+00
1.022227868426379027e+00,9.447626352310180664e+00,8.875064849853515625e+00,1.619999999999999885e+00,3.700000000000000000e+05
1.022640408848953131e+00,9.087626338005065918e+00,8.650112152099609375e+00,1.619999999999999885e+00,0.000000000000000000e+00
1.022668709325027292e+00,9.087626338005065918e+00,8.508609771728515625e+00,1.619999999999999885e+00,3.700000000000000000e+05
1.023081249747601396e+00,9.447626352310180664e+00,8.733562469482421875e+00,1.619999999999999885e+00,0.000000000000000000e+00
1.023109550223675557e+00,9.447626352310180664e+00,8.592060089111328125e+00,1.619999999999999885e+00,3.700000000000000000e+05
1.023522090646249660e+00,9.087626338005065918e+00,8.367107391357421875e+00,1.619999999999999885e+00,0.000000000000000000e+00
1.023550391122323822e+00,9.087626338005065918e+00,8.225605010986328125e+00,1.619999999999999885e+00,3.700000000000000000e+05
1.023962931544897925e+00,9.447626352310180664e+00,8.450557708740234375e+00,1.619999999999999885e+00,0.000000000000000000e+00
1.023991231258032597e+00,9.447626352310180664e+00,8.309059143066406250e+00,1.619999999999999885e+00,3.700000000000000000e+05
1.024403771680606701e+00,9.087626338005065918e+00,8.084106445312500000e+00,1.619999999999999885e+00,0.000000000000000000e+00
1.024432072156680862e+00,9.087626338005065918e+00,7.942604064941406250e+00,1.619999999999999885e+00,3.700000000000000000e+05
1.024844612579254965e+00,9.447626352310180664e+00,8.167556762695312500e+00,1.619999999999999885e+00,0.000000000000000000e+00
1.024872913055329127e+00,9.447626352310180664e+00,8.026054382324218750e+00,1.619999999999999885e+00,3.700000000000000000e+05
1.025285453477903230e+00,9.087626338005065918e+00,7.801101684570312500e+00,1.619999999999999885e+00,0.000000000000000000e+00
1.026304498967530510e+00,4.015162706375122070e+00,7.320003509521484375e+00,1.619999999999999885e+00,3.700000000000000000e+05
1.026964700158595756e+00,4.591283082962036133e+00,7.680000305175781250e+00,1.619999999999999885e+00,0.000000000000000000e+00
1.027009990104198245e+00,4.817732810974121094e+00,7.680000305175781250e+00,1.619999999999999885e+00,3.700000000000000000e+05
1.027670191491756313e+00,4.241612195968627930e+00,7.320003509521484375e+00,1.619999999999999885e+00,0.000000000000000000e+00
1.027715481437358802e+00,4.468061923980712891e+00,7.320003509521484375e+00,1.619999999999999885e+00,3.700000000000000000e+05
1.028375682628424048e+00,5.044182300567626953e+00,7.680000305175781250e+00,1.619999999999999885e+00,0.000000000000000000e+00
1.028420972526342680e+00,5.270631790161132812e+00,7.680000305175781250e+00,1.619999999999999885e+00,3.700000000000000000e+05
1.029081173717407927e+00,4.694511413574218750e+00,7.320003509521484375e+00,1.619999999999999885e+00,0.000000000000000000e+00
1.029126463663010416e+00,4.920961141586303711e+00,7.320003509521484375e+00,1.619999999999999885e+00,3.700000000000000000e+05
1.030119613730675399e+00,5.787626385688781738e+00,7.861553192138671875e+00,1.619999999999999885e+00,0.000000000000000000e+00
1.030147913443810070e+00,5.787626385688781738e+00,7.720054626464843750e+00,1.619999999999999885e+00,3.700000000000000000e+05
1.030881566063136523e+00,5.147410631179809570e+00,7.320003509521484375e+00,1.619999999999999885e+00,0.000000000000000000e+00
1.030926855961055155e+00,5.373860120773315430e+00,7.320003509521484375e+00,1.619999999999999885e+00,3.700000000000000000e+05
1.031587057250366701e+00,5.949980616569519043e+00,7.680000305175781250e+00,1.619999999999999885e+00,0.000000000000000000e+00
1.031632347172127151e+00,6.176430225372314453e+00,7.680000305175781250e+00,1.619999999999999885e+00,3.700000000000000000e+05
1.032490435188620603e+00,5.427626371383666992e+00,7.212097167968750000e+00,1.619999999999999885e+00,0.000000000000000000e+00
1.032518735664694765e+00,5.427626371383666992e+00,7.070594787597656250e+00,1.619999999999999885e+00,3.700000000000000000e+05
1.032931276087268868e+00,5.787626385688781738e+00,7.295547485351562500e+00,1.619999999999999885e+00,0.000000000000000000e+00
1.032959575800403540e+00,5.787626385688781738e+00,7.154048919677734375e+00,1.619999999999999885e+00,3.700000000000000000e+05
1.033372116222977644e+00,5.427626371383666992e+00,6.929096221923828125e+00,1.619999999999999885e+00,0.000000000000000000e+00
1.033400416699051805e+00,5.427626371383666992e+00,6.787593841552734375e+00,1.619999999999999885e+00,3.700000000000000000e+05
1.033812957121625908e+00,5.787626385688781738e+00,7.012546539306640625e+00,1.619999999999999885e+00,0.000000000000000000e+00
1.033841257597700070e+00,5.787626385688781738e+00,6.871044158935546875e+00,1.619999999999999885e+00,3.700000000000000000e+05
1.034253798020274173e+00,5.427626371383666992e+00,6.646091461181640625e+00,1.619999999999999885e+00,0.000000000000000000e+00
1.034282098496348334e+00,5.427626371383666992e+00,6.504589080810546875e+00,1.619999999999999885e+00,3.700000000000000000e+05
1.034694638918922438e+00,5.787626385688781738e+00,6.729541778564453125e+00,1.619999999999999885e+00,0.000000000000000000e+00
1.034722938632057110e+00,5.787626385688781738e+00,6.588043212890625000e+00,1.619999999999999885e+00,3.700000000000000000e+05
1.035135479054631213e+00,5.427626371383666992e+00,6.363090515136718750e+00,1.619999999999999885e+00,0.000000000000000000e+00
1.035163779530705375e+00,5.427626371383666992e+00,6.221588134765625000e+00,1.619999999999999885e+00,3.700000000000000000e+05
1.035576319953279478e+00,5.787626385688781738e+00,6.446540832519531250e+00,1.619999999999999885e+00,0.000000000000000000e+00
1.035604620429353639e+00,5.787626385688781738e+00,6.305038452148437500e+00,1.619999999999999885e+00,3.700000000000000000e+05
1.036017160851927743e+00,5.427626371383666992e+00,6.080085754394531250e+00,1.619999999999999885e+00,0.000000000000000000e+00
1.036045461328001904e+00,5.427626371383666992e+00,5.938583374023437500e+00,1.619999999999999885e+00,3.700000000000000000e+05
1.036458001750576008e+00,5.787626385688781738e+00,6.163536071777343750e+00,1.619999999999999885e+00,0.000000000000000000e+00
1.036486301463710680e+00,5.787626385688781738e+00,6.022037506103515625e+00,1.619999999999999885e+00,3.700000000000000000e+05
1.037461998354591630e+00,4.936193466186523438e+00,5.490001678466796875e+00,1.619999999999999885e+00,0.000000000000000000e+00
1.037507288252510262e+00,5.162642955780029297e+00,5.490001678466796875e+00,1.619999999999999885e+00,3.700000000000000000e+05
1.038223485730544349e+00,5.787626385688781738e+00,5.880535125732421875e+00,1.619999999999999885e+00,0.000000000000000000e+00
1.038259524223019703e+00,5.965213179588317871e+00,5.850002288818359375e+00,1.619999999999999885e+00,3.700000000000000000e+05
1.038919727476836918e+00,5.389092683792114258e+00,5.490001678466796875e+00,1.619999999999999885e+00,0.000000000000000000e+00
1.038944444469771300e+00,5.427626371383666992e+00,5.372577667236328125e+00,1.619999999999999885e+00,3.700000000000000000e+05
1.039819989788560495e+00,6.191662788391113281e+00,5.850002288818359375e+00,1.619999999999999885e+00,0.000000000000000000e+00
1.039865279686479127e+00,6.418112277984619141e+00,5.850002288818359375e+00,1.619999999999999885e+00,3.700000000000000000e+05
1.040525482842050264e+00,5.841991901397705078e+00,5.490001678466796875e+00,1.619999999999999885e+00,0.000000000000000000e+00
1.040570772739968897e+00,6.068441390991210938e+00,5.490001678466796875e+00,1.619999999999999885e+00,3.700000000000000000e+05
1.041230976092031968e+00,6.644562005996704102e+00,5.850002288818359375e+00,1.619999999999999885e+00,0.000000000000000000e+00
1.041276265989950600e+00,6.871011495590209961e+00,5.850002288818359375e+00,1.619999999999999885e+00,3.700000000000000000e+05
1.041936469145521738e+00,6.294891119003295898e+00,5.490001678466796875e+00,1.619999999999999885e+00,0.000000000000000000e+00
1.041981759043440370e+00,6.521340608596801758e+00,5.490001678466796875e+00,1.619999999999999885e+00,3.700000000000000000e+05
1.042641962174450043e+00,7.097460955381393433e+00,5.850002288818359375e+00,1.619999999999999885e+00,0.000000000000000000e+00
1.044394889695424489e+00,-1.389162540435791016e+00,3.660003662109375000e+00,1.619999999999999885e+00,3.700000000000000000e+05
1.045055090886489735e+00,-8.130421638488769531e-01,4.020000457763671875e+00,1.619999999999999885e+00,0.000000000000000000e+00
1.045100380879775859e+00,-5.865921974182128906e-01,4.020000457763671875e+00,1.619999999999999885e+00,3.700000000000000000e+05
1.045760582070841105e+00,-1.162712574005126953e+00,3.660003662109375000e+00,1.619999999999999885e+00,0.000000000000000000e+00
1.045805871873392467e+00,-9.362635612487792969e-01,3.660003662109375000e+00,1.619999999999999885e+00,3.700000000000000000e+05
1.046466073457443136e+00,-3.601427078247070312e-01,4.020000457763671875e+00,1.619999999999999885e+00,0.000000000000000000e+00
1.046511363355361768e+00,-1.336932182312011719e-01,4.020000457763671875e+00,1.619999999999999885e+00,3.700000000000000000e+05
1.047171564546427014e+00,-7.098135948181152344e-01,3.660003662109375000e+00,1.619999999999999885e+00,0.000000000000000000e+00
1.047216854444345646e+00,-4.833641052246093750e-01,3.660003662109375000e+00,1.619999999999999885e+00,3.700000000000000000e+05
1.048111825998257585e+00,2.976264953613281250e-01,4.148017883300781250e+00,1.619999999999999885e+00,0.000000000000000000e+00
1.048137790686543669e+00,3.192057609558105469e-01,4.020000457763671875e+00,1.619999999999999885e+00,3.700000000000000000e+05
1.048797991877608915e+00,-2.569146156311035156e-01,3.660003662109375000e+00,1.619999999999999885e+00,0.000000000000000000e+00
1.048837103907723556e+00,-6.237363815307617188e-02,3.640064239501953125e+00,1.619999999999999885e+00,3.700000000000000000e+05
1.049533870926879775e+00,5.456552505493164062e-01,4.020000457763671875e+00,1.619999999999999885e+00,0.000000000000000000e+00
1.049579160920165899e+00,7.721052169799804688e-01,4.020000457763671875e+00,1.619999999999999885e+00,3.700000000000000000e+05
1.050535427745151074e+00,-6.237363815307617188e-02,3.498561859130859375e+00,1.619999999999999885e+00,0.000000000000000000e+00
1.050563728221225235e+00,-6.237363815307617188e-02,3.357059478759765625e+00,1.619999999999999885e+00,3.700000000000000000e+05
1.050976268742045416e+00,2.976264953613281250e-01,3.582012176513671875e+00,1.619999999999999885e+00,0.000000000000000000e+00
1.051004568455180088e+00,2.976264953613281250e-01,3.440513610839843750e+00,1.619999999999999885e+00,3.700000000000000000e+05
1.051417110940520816e+00,-6.237363815307617188e-02,3.215557098388671875e+00,1.619999999999999885e+00,0.000000000000000000e+00
1.051445410653655488e+00,-6.237363815307617188e-02,3.074058532714843750e+00,1.619999999999999885e+00,3.700000000000000000e+05
1.051857951174475669e+00,2.976264953613281250e-01,3.299011230468750000e+00,1.619999999999999885e+00,0.000000000000000000e+00
1.051886251650549831e+00,2.976264953613281250e-01,3.157508850097656250e+00,1.619999999999999885e+00,3.700000000000000000e+05
1.052298792171370012e+00,-6.237363815307617188e-02,2.932556152343750000e+00,1.619999999999999885e+00,0.000000000000000000e+00
1.052327092647444173e+00,-6.237363815307617188e-02,2.791053771972656250e+00,1.619999999999999885e+00,3.700000000000000000e+05
1.052739633168264355e+00,2.976264953613281250e-01,3.016006469726562500e+00,1.619999999999999885e+00,0.000000000000000000e+00
1.052767932881399027e+00,2.976264953613281250e-01,2.874507904052734375e+00,1.619999999999999885e+00,3.700000000000000000e+05
1.053180475366739755e+00,-6.237363815307617188e-02,2.649551391601562500e+00,1.619999999999999885e+00,0.000000000000000000e+00
1.053208775079874426e+00,-6.237363815307617188e-02,2.508052825927734375e+00,1.619999999999999885e+00,3.700000000000000000e+05
1.053621315600694608e+00,2.976264953613281250e-01,2.733005523681640625e+00,1.619999999999999885e+00,0.000000000000000000e+00
1.053649616076768769e+00,2.976264953613281250e-01,2.591503143310546875e+00,1.619999999999999885e+00,3.700000000000000000e+05
1.054062156597588951e+00,-6.237363815307617188e-02,2.366550445556640625e+00,1.619999999999999885e+00,0.000000000000000000e+00
1.054090457073663112e+00,-6.237363815307617188e-02,2.225048065185546875e+00,1.619999999999999885e+00,3.700000000000000000e+05
1.054502997594483293e+00,2.976264953613281250e-01,2.450000762939453125e+00,1.619999999999999885e+00,0.000000000000000000e+00
1.054531297307617965e+00,2.976264953613281250e-01,2.308502197265625000e+00,1.619999999999999885e+00,3.700000000000000000e+05
1.055408815488253715e+00,-4.681315422058105469e-01,1.830001831054687500e+00,1.619999999999999885e+00,0.000000000000000000e+00
1.055454105386172348e+00,-2.416820526123046875e-01,1.830001831054687500e+00,1.619999999999999885e+00,3.700000000000000000e+05
1.056114308541743485e+00,3.344383239746093750e-01,2.190002441406250000e+00,1.619999999999999885e+00,0.000000000000000000e+00
1.056159598439662117e+00,5.608878135681152344e-01,2.190002441406250000e+00,1.619999999999999885e+00,3.700000000000000000e+05
1.056873822761111414e+00,-6.237363815307617188e-02,1.800544738769531250e+00,1.619999999999999885e+00,0.000000000000000000e+00
1.056902123237185576e+00,-6.237363815307617188e-02,1.659042358398437500e+00,1.619999999999999885e+00,3.700000000000000000e+05
1.057875847364466049e+00,7.873377799987792969e-01,2.190002441406250000e+00,1.619999999999999885e+00,0.000000000000000000e+00
1.057921137262384681e+00,1.013787269592285156e+00,2.190002441406250000e+00,1.619999999999999885e+00,3.700000000000000000e+05
1.058581340417955818e+00,4.376668930053710938e-01,1.830001831054687500e+00,1.619999999999999885e+00,0.000000000000000000e+00
1.058626630315874451e+00,6.641163825988769531e-01,1.830001831054687500e+00,1.619999999999999885e+00,3.700000000000000000e+05
1.059286833471445588e+00,1.240236759185791016e+00,2.190002441406250000e+00,1.619999999999999885e+00,0.000000000000000000e+00
1.059332123369364220e+00,1.466686248779296875e+00,2.190002441406250000e+00,1.619999999999999885e+00,3.700000000000000000e+05
1.059992326524935358e+00,8.905658721923828125e-01,1.830001831054687500e+00,1.619999999999999885e+00,0.000000000000000000e+00
1.060037616422853990e+00,1.117015361785888672e+00,1.830001831054687500e+00,1.619999999999999885e+00,3.700000000000000000e+05
1.060697819578425127e+00,1.693135738372802734e+00,2.190002441406250000e+00,1.619999999999999885e+00,0.000000000000000000e+00
1.063837473162707603e+00,1.325389862060546875e+01,1.281000137329101562e+01,1.619999999999999885e+00,3.700000000000000000e+05
1.064497676318278740e+00,1.383001899719238281e+01,1.317000198364257812e+01,1.619999999999999885e+00,0.000000000000000000e+00
1.064542966216197373e+00,1.405646848678588867e+01,1.317000198364257812e+01,1.619999999999999885e+00,3.700000000000000000e+05
1.065203169371768510e+00,1.348034811019897461e+01,1.281000137329101562e+01,1.619999999999999885e+00,0.000000000000000000e+00
1.065248459269687142e+00,1.370679759979248047e+01,1.281000137329101562e+01,1.619999999999999885e+00,3.700000000000000000e+05
1.065908662425258280e+00,1.428291797637939453e+01,1.317000198364257812e+01,1.619999999999999885e+00,0.000000000000000000e+00
1.065953952323176912e+00,1.450936746597290039e+01,1.317000198364257812e+01,1.619999999999999885e+00,3.700000000000000000e+05
1.066614155478748049e+00,1.393324708938598633e+01,1.281000137329101562e+01,1.619999999999999885e+00,0.000000000000000000e+00
1.066659445376666682e+00,1.415969657897949219e+01,1.281000137329101562e+01,1.619999999999999885e+00,3.700000000000000000e+05
1.067550910144468679e+00,1.493762636184692383e+01,1.329610443115234375e+01,1.619999999999999885e+00,0.000000000000000000e+00
1.067576607603076377e+00,1.496226692199707031e+01,1.317000198364257812e+01,1.619999999999999885e+00,3.700000000000000000e+05
1.068236810758647515e+00,1.438614654541015625e+01,1.281000137329101562e+01,1.619999999999999885e+00,0.000000000000000000e+00
1.068275355235335011e+00,1.457762622833251953e+01,1.278815078735351562e+01,1.619999999999999885e+00,3.700000000000000000e+05
1.068975631398091153e+00,1.518871641159057617e+01,1.317000198364257812e+01,1.619999999999999885e+00,0.000000000000000000e+00
1.069020921296009785e+00,1.541516590118408203e+01,1.317000198364257812e+01,1.619999999999999885e+00,3.700000000000000000e+05
1.069980696871612347e+00,1.457762622833251953e+01,1.264664840698242188e+01,1.619999999999999885e+00,0.000000000000000000e+00
1.070008997347686508e+00,1.457762622833251953e+01,1.250514602661132812e+01,1.619999999999999885e+00,3.700000000000000000e+05
1.070421537868506690e+00,1.493762636184692383e+01,1.273009872436523438e+01,1.619999999999999885e+00,0.000000000000000000e+00
1.070449837581641361e+00,1.493762636184692383e+01,1.258860015869140625e+01,1.619999999999999885e+00,3.700000000000000000e+05
1.070862378102461543e+00,1.457762622833251953e+01,1.236364746093750000e+01,1.619999999999999885e+00,0.000000000000000000e+00
1.070890678578535704e+00,1.457762622833251953e+01,1.222214508056640625e+01,1.619999999999999885e+00,3.700000000000000000e+05
1.071303219099355886e+00,1.493762636184692383e+01,1.244709777832031250e+01,1.619999999999999885e+00,0.000000000000000000e+00
1.071331519575430047e+00,1.493762636184692383e+01,1.230559539794921875e+01,1.619999999999999885e+00,3.700000000000000000e+05
1.071744060096250228e+00,1.457762622833251953e+01,1.208064270019531250e+01,1.619999999999999885e+00,0.000000000000000000e+00
1.071772360572324390e+00,1.457762622833251953e+01,1.193914031982421875e+01,1.619999999999999885e+00,3.700000000000000000e+05
1.072184901093144571e+00,1.493762636184692383e+01,1.216409301757812500e+01,1.619999999999999885e+00,0.000000000000000000e+00
1.072213200806279243e+00,1.493762636184692383e+01,1.202259445190429688e+01,1.619999999999999885e+00,3.700000000000000000e+05
1.072625741327099425e+00,1.457762622833251953e+01,1.179764175415039062e+01,1.619999999999999885e+00,0.000000000000000000e+00
1.072654041803173586e+00,1.457762622833251953e+01,1.165613937377929688e+01,1.619999999999999885e+00,3.700000000000000000e+05
1.073066582323993767e+00,1.493762636184692383e+01,1.188109207153320312e+01,1.619999999999999885e+00,0.000000000000000000e+00
1.073094882800067928e+00,1.493762636184692383e+01,1.173958969116210938e+01,1.619999999999999885e+00,3.700000000000000000e+05
1.073507423320888110e+00,1.457762622833251953e+01,1.151463699340820312e+01,1.619999999999999885e+00,0.000000000000000000e+00
1.073535723796962271e+00,1.457762622833251953e+01,1.137313461303710938e+01,1.619999999999999885e+00,3.700000000000000000e+05
1.073948266282302999e+00,1.493762636184692383e+01,1.159809112548828125e+01,1.619999999999999885e+00,0.000000000000000000e+00
1.073976566758377160e+00,1.493762636184692383e+01,1.145658874511718750e+01,1.619999999999999885e+00,3.700000000000000000e+05
1.074850576188393969e+00,1.417492914199829102e+01,1.098000335693359375e+01,1.619999999999999885e+00,0.000000000000000000e+00
1.074895866086312601e+00,1.440137863159179688e+01,1.098000335693359375e+01,1.619999999999999885e+00,3.700000000000000000e+05
1.075556067670363269e+00,1.497749948501586914e+01,1.134000015258789062e+01,1.619999999999999885e+00,0.000000000000000000e+00
1.075601357568281902e+00,1.520394897460937500e+01,1.134000015258789062e+01,1.619999999999999885e+00,3.700000000000000000e+05
1.076319089068823232e+00,1.457762622833251953e+01,1.094863128662109375e+01,1.619999999999999885e+00,0.000000000000000000e+00
1.076347389544897393e+00,1.457762622833251953e+01,1.080712890625000000e+01,1.619999999999999885e+00,3.700000000000000000e+05
1.077324620458284476e+00,1.543039846420288086e+01,1.134000015258789062e+01,1.619999999999999885e+00,0.000000000000000000e+00
1.077369910451570600e+00,1.565684843063354492e+01,1.134000015258789062e+01,1.619999999999999885e+00,3.700000000000000000e+05
1.078030112035621269e+00,1.508072757720947266e+01,1.098000335693359375e+01,1.619999999999999885e+00,0.000000000000000000e+00
1.078075401933539901e+00,1.530717706680297852e+01,1.098000335693359375e+01,1.619999999999999885e+00,3.700000000000000000e+05
1.078735603124605147e+00,1.588329744338989258e+01,1.134000015258789062e+01,1.619999999999999885e+00,0.000000000000000000e+00
1.078780893117891271e+00,1.610974740982055664e+01,1.134000015258789062e+01,1.619999999999999885e+00,3.700000000000000000e+05
1.079441094308956517e+00,1.553362703323364258e+01,1.098000335693359375e+01,1.619999999999999885e+00,0.000000000000000000e+00
1.079486384111507880e+00,1.576007604598999023e+01,1.098000335693359375e+01,1.619999999999999885e+00,3.700000000000000000e+05
1.080146585302573126e+00,1.633619642257690430e+01,1.134000015258789062e+01,1.619999999999999885e+00,0.000000000000000000e+00
1.081944635436227653e+00,7.617626368999481201e+00,9.146568298339843750e+00,1.619999999999999885e+00,3.700000000000000000e+05
1.082357175858801757e+00,7.257626354694366455e+00,8.921615600585937500e+00,1.619999999999999885e+00,0.000000000000000000e+00
1.082385476334875918e+00,7.257626354694366455e+00,8.780113220214843750e+00,1.619999999999999885e+00,3.700000000000000000e+05
1.082798016757450021e+00,7.617626368999481201e+00,9.005065917968750000e+00,1.619999999999999885e+00,0.000000000000000000e+00
1.082826317233524183e+00,7.617626368999481201e+00,8.863563537597656250e+00,1.619999999999999885e+00,3.700000000000000000e+05
1.083238857656098286e+00,7.257626354694366455e+00,8.638610839843750000e+00,1.619999999999999885e+00,0.000000000000000000e+00
1.083267158132172447e+00,7.257626354694366455e+00,8.497108459472656250e+00,1.619999999999999885e+00,3.700000000000000000e+05
1.083679698554746551e+00,7.617626368999481201e+00,8.722061157226562500e+00,1.619999999999999885e+00,0.000000000000000000e+00
1.083707998267881223e+00,7.617626368999481201e+00,8.580562591552734375e+00,1.619999999999999885e+00,3.700000000000000000e+05
1.084120538690455327e+00,7.257626354694366455e+00,8.355609893798828125e+00,1.619999999999999885e+00,0.000000000000000000e+00
1.084148839166529488e+00,7.257626354694366455e+00,8.214107513427734375e+00,1.619999999999999885e+00,3.700000000000000000e+05
1.084561379589103591e+00,7.617626368999481201e+00,8.439060211181640625e+00,1.619999999999999885e+00,0.000000000000000000e+00
1.084589680065177753e+00,7.617626368999481201e+00,8.297557830810546875e+00,1.619999999999999885e+00,3.700000000000000000e+05
1.085002220487751856e+00,7.257626354694366455e+00,8.072605133056640625e+00,1.619999999999999885e+00,0.000000000000000000e+00
1.085030520963826017e+00,7.257626354694366455e+00,7.931102752685546875e+00,1.619999999999999885e+00,3.700000000000000000e+05
1.085443061386400121e+00,7.617626368999481201e+00,8.156055450439453125e+00,1.619999999999999885e+00,0.000000000000000000e+00
1.085471361099534793e+00,7.617626368999481201e+00,8.014556884765625000e+00,1.619999999999999885e+00,3.700000000000000000e+05
1.085883901522108896e+00,7.257626354694366455e+00,7.789604187011718750e+00,1.619999999999999885e+00,0.000000000000000000e+00
1.087012977731201424e+00,2.127626419067382812e+00,5.433032989501953125e+00,1.619999999999999885e+00,3.700000000000000000e+05
1.087425520216542152e+00,1.767626285552978516e+00,5.208076477050781250e+00,1.619999999999999885e+00,0.000000000000000000e+00
1.087453819929676824e+00,1.767626285552978516e+00,5.066577911376953125e+00,1.619999999999999885e+00,3.700000000000000000e+05
1.087866360450497005e+00,2.127626419067382812e+00,5.291530609130859375e+00,1.619999999999999885e+00,0.000000000000000000e+00
1.087894660926571166e+00,2.127626419067382812e+00,5.150028228759765625e+00,1.619999999999999885e+00,3.700000000000000000e+05
1.088307201447391348e+00,1.767626285552978516e+00,4.925075531005859375e+00,1.619999999999999885e+00,0.000000000000000000e+00
1.088335501923465509e+00,1.767626285552978516e+00,4.783573150634765625e+00,1.619999999999999885e+00,3.700000000000000000e+05
1.088748042444285691e+00,2.127626419067382812e+00,5.008525848388671875e+00,1.619999999999999885e+00,0.000000000000000000e+00
1.088776342157420363e+00,2.127626419067382812e+00,4.867027282714843750e+00,1.619999999999999885e+00,3.700000000000000000e+05
1.089188884642761090e+00,1.767626285552978516e+00,4.642070770263671875e+00,1.619999999999999885e+00,0.000000000000000000e+00
1.089217184355895762e+00,1.767626285552978516e+00,4.500572204589843750e+00,1.619999999999999885e+00,3.700000000000000000e+05
1.089629724876715944e+00,2.127626419067382812e+00,4.725524902343750000e+00,1.619999999999999885e+00,0.000000000000000000e+00
1.089658025352790105e+00,2.127626419067382812e+00,4.584022521972656250e+00,1.619999999999999885e+00,3.700000000000000000e+05
1.090070565873610287e+00,1.767626285552978516e+00,4.359069824218750000e+00,1.619999999999999885e+00,0.000000000000000000e+00
1.090098866349684448e+00,1.767626285552978516e+00,4.217567443847656250e+00,1.619999999999999885e+00,3.700000000000000000e+05
1.090511406870504629e+00,2.127626419067382812e+00,4.442520141601562500e+00,1.619999999999999885e+00,0.000000000000000000e+00
1.090539706583639301e+00,2.127626419067382812e+00,4.301021575927734375e+00,1.619999999999999885e+00,3.700000000000000000e+05
1.090952249068980029e+00,1.767626285552978516e+00,4.076065063476562500e+00,1.619999999999999885e+00,0.000000000000000000e+00
1.093289468206225967e+00,1.127762627601623535e+01,1.086758422851562500e+01,1.619999999999999885e+00,3.700000000000000000e+05
1.093702008530553993e+00,1.091762638092041016e+01,1.064263153076171875e+01,1.619999999999999885e+00,0.000000000000000000e+00
1.093730309006628154e+00,1.091762638092041016e+01,1.050112915039062500e+01,1.619999999999999885e+00,3.700000000000000000e+05
1.094142849330956180e+00,1.127762627601623535e+01,1.072608184814453125e+01,1.619999999999999885e+00,0.000000000000000000e+00
1.094171149807030341e+00,1.127762627601623535e+01,1.058457946777343750e+01,1.619999999999999885e+00,3.700000000000000000e+05
1.094583690131358367e+00,1.091762638092041016e+01,1.035962677001953125e+01,1.619999999999999885e+00,0.000000000000000000e+00
1.094611990607432528e+00,1.091762638092041016e+01,1.021812438964843750e+01,1.619999999999999885e+00,3.700000000000000000e+05
1.095024530931760554e+00,1.127762627601623535e+01,1.044307708740234375e+01,1.619999999999999885e+00,0.000000000000000000e+00
1.095052830644895225e+00,1.127762627601623535e+01,1.030157852172851562e+01,1.619999999999999885e+00,3.700000000000000000e+05
1.095465370969223251e+00,1.091762638092041016e+01,1.007662582397460938e+01,1.619999999999999885e+00,0.000000000000000000e+00
1.095493671445297412e+00,1.091762638092041016e+01,9.935123443603515625e+00,1.619999999999999885e+00,3.700000000000000000e+05
1.095906211769625438e+00,1.127762627601623535e+01,1.016007614135742188e+01,1.619999999999999885e+00,0.000000000000000000e+00
1.095934512245699599e+00,1.127762627601623535e+01,1.001857376098632812e+01,1.619999999999999885e+00,3.700000000000000000e+05
1.096347052570027625e+00,1.091762638092041016e+01,9.793621063232421875e+00,1.619999999999999885e+00,0.000000000000000000e+00
1.096375353046101786e+00,1.091762638092041016e+01,9.652118682861328125e+00,1.619999999999999885e+00,3.700000000000000000e+05
1.096787893370429812e+00,1.127762627601623535e+01,9.877071380615234375e+00,1.619999999999999885e+00,0.000000000000000000e+00
1.096816193083564484e+00,1.127762627601623535e+01,9.735572814941406250e+00,1.619999999999999885e+00,3.700000000000000000e+05
1.097228733407892509e+00,1.091762638092041016e+01,9.510620117187500000e+00,1.619999999999999885e+00,0.000000000000000000e+00
1.098337168830510580e+00,5.826759457588195801e+00,7.320003509521484375e+00,1.619999999999999885e+00,3.700000000000000000e+05
1.098997370021575826e+00,6.402879834175109863e+00,7.680000305175781250e+00,1.619999999999999885e+00,0.000000000000000000e+00
1.099042659943336275e+00,6.629329442977905273e+00,7.680000305175781250e+00,1.619999999999999885e+00,3.700000000000000000e+05
1.099702861232647821e+00,6.053208947181701660e+00,7.320003509521484375e+00,1.619999999999999885e+00,0.000000000000000000e+00
1.099748151154408271e+00,6.279658555984497070e+00,7.320003509521484375e+00,1.619999999999999885e+00,3.700000000000000000e+05
1.100408352394596667e+00,6.855778992176055908e+00,7.680000305175781250e+00,1.619999999999999885e+00,0.000000000000000000e+00
1.100453642316357117e+00,7.082228600978851318e+00,7.680000305175781250e+00,1.619999999999999885e+00,3.700000000000000000e+05
1.101113843556545513e+00,6.506108164787292480e+00,7.320003509521484375e+00,1.619999999999999885e+00,0.000000000000000000e+00
1.101159133478305963e+00,6.732557773590087891e+00,7.320003509521484375e+00,1.619999999999999885e+00,3.700000000000000000e+05
1.102173373639850018e+00,7.617626383900642395e+00,7.873054504394531250e+00,1.619999999999999885e+00,0.000000000000000000e+00
1.102201674115924179e+00,7.617626383900642395e+00,7.731552124023437500e+00,1.619999999999999885e+00,3.700000000000000000e+05
1.102956414815500663e+00,6.959007322788238525e+00,7.320003509521484375e+00,1.619999999999999885e+00,0.000000000000000000e+00
1.103001704737261113e+00,7.185456931591033936e+00,7.320003509521484375e+00,1.619999999999999885e+00,3.700000000000000000e+05
1.103661905928326359e+00,7.761577308177947998e+00,7.680000305175781250e+00,1.619999999999999885e+00,0.000000000000000000e+00
1.103707195850086809e+00,7.988026916980743408e+00,7.680000305175781250e+00,1.619999999999999885e+00,3.700000000000000000e+05
1.104544193821824782e+00,7.257626369595527649e+00,7.223598480224609375e+00,1.619999999999999885e+00,0.000000000000000000e+00
1.104572494297898944e+00,7.257626369595527649e+00,7.082096099853515625e+00,1.619999999999999885e+00,3.700000000000000000e+05
1.104985034720473047e+00,7.617626383900642395e+00,7.307048797607421875e+00,1.619999999999999885e+00,0.000000000000000000e+00
1.105013335196547208e+00,7.617626383900642395e+00,7.165546417236328125e+00,1.619999999999999885e+00,3.700000000000000000e+05
1.105425875619121312e+00,7.257626369595527649e+00,6.940593719482421875e+00,1.619999999999999885e+00,0.000000000000000000e+00
1.105454176095195473e+00,7.257626369595527649e+00,6.799091339111328125e+00,1.619999999999999885e+00,3.700000000000000000e+05
1.105866716517769577e+00,7.617626383900642395e+00,7.024044036865234375e+00,1.619999999999999885e+00,0.000000000000000000e+00
1.105895016230904249e+00,7.617626383900642395e+00,6.882545471191406250e+00,1.619999999999999885e+00,3.700000000000000000e+05
1.106307556653478352e+00,7.257626369595527649e+00,6.657592773437500000e+00,1.619999999999999885e+00,0.000000000000000000e+00
1.106335857129552513e+00,7.257626369595527649e+00,6.516090393066406250e+00,1.619999999999999885e+00,3.700000000000000000e+05
1.106748397552126617e+00,7.617626383900642395e+00,6.741043090820312500e+00,1.619999999999999885e+00,0.000000000000000000e+00
1.106776698028200778e+00,7.617626383900642395e+00,6.599540710449218750e+00,1.619999999999999885e+00,3.700000000000000000e+05
1.107189238450774882e+00,7.257626369595527649e+00,6.374588012695312500e+00,1.619999999999999885e+00,0.000000000000000000e+00
1.107217538926849043e+00,7.257626369595527649e+00,6.233085632324218750e+00,1.619999999999999885e+00,3.700000000000000000e+05
1.107630079349423147e+00,7.617626383900642395e+00,6.458038330078125000e+00,1.619999999999999885e+00,0.000000000000000000e+00
1.107658379062557819e+00,7.617626383900642395e+00,6.316539764404296875e+00,1.619999999999999885e+00,3.700000000000000000e+05
1.108070919485131922e+00,7.257626369595527649e+00,6.091587066650390625e+00,1.619999999999999885e+00,0.000000000000000000e+00
1.108099219961206083e+00,7.257626369595527649e+00,5.950084686279296875e+00,1.619999999999999885e+00,3.700000000000000000e+05
1.108511760383780187e+00,7.617626383900642395e+00,6.175037384033203125e+00,1.619999999999999885e+00,0.000000000000000000e+00
1.108540060859854348e+00,7.617626383900642395e+00,6.033535003662109375e+00,1.619999999999999885e+00,3.700000000000000000e+05
1.109536845781859293e+00,6.747790217399597168e+00,5.490001678466796875e+00,1.619999999999999885e+00,0.000000000000000000e+00
1.109582135691698834e+00,6.974239766597747803e+00,5.490001678466796875e+00,1.619999999999999885e+00,3.700000000000000000e+05
1.110319421151735542e+00,7.617626383900642395e+00,5.892032623291015625e+00,1.619999999999999885e+00,0.000000000000000000e+00
1.110352348910021547e+00,7.776809871196746826e+00,5.850002288818359375e+00,1.619999999999999885e+00,3.700000000000000000e+05
1.111012552151557919e+00,7.200689390301704407e+00,5.490001678466796875e+00,1.619999999999999885e+00,0.000000000000000000e+00
1.111036603295205705e+00,7.257626369595527649e+00,5.384078979492187500e+00,1.619999999999999885e+00,3.700000000000000000e+05
1.111891058569235424e+00,8.003259479999542236e+00,5.850002288818359375e+00,1.619999999999999885e+00,0.000000000000000000e+00
1.111936348467154057e+00,8.229708969593048096e+00,5.850002288818359375e+00,1.619999999999999885e+00,3.700000000000000000e+05
1.112596551610444351e+00,7.653588607907295227e+00,5.490001678466796875e+00,1.619999999999999885e+00,0.000000000000000000e+00
1.112641841505382923e+00,7.880038082599639893e+00,5.490001678466796875e+00,1.619999999999999885e+00,3.700000000000000000e+05
1.113302044906569144e+00,8.456158757209777832e+00,5.850002288818359375e+00,1.619999999999999885e+00,0.000000000000000000e+00
1.113347334804487776e+00,8.682608246803283691e+00,5.850002288818359375e+00,1.619999999999999885e+00,3.700000000000000000e+05
1.114007538009181841e+00,8.106487810611724854e+00,5.490001678466796875e+00,1.619999999999999885e+00,0.000000000000000000e+00
1.114052827907100474e+00,8.332937300205230713e+00,5.490001678466796875e+00,1.619999999999999885e+00,3.700000000000000000e+05
1.114713031111794539e+00,8.909057736396789551e+00,5.850002288818359375e+00,1.619999999999999885e+00,0.000000000000000000e+00
1.116465958615454834e+00,4.224343299865722656e-01,3.660003662109375000e+00,1.619999999999999885e+00,3.700000000000000000e+05
1.117126159806520080e+00,9.985547065734863281e-01,4.020000457763671875e+00,1.619999999999999885e+00,0.000000000000000000e+00
1.117171449704438713e+00,1.225004196166992188e+00,4.020000457763671875e+00,1.619999999999999885e+00,3.700000000000000000e+05
1.117831650895503959e+00,6.488838195800781250e-01,3.660003662109375000e+00,1.619999999999999885e+00,0.000000000000000000e+00
1.117876940793422591e+00,8.753333091735839844e-01,3.660003662109375000e+00,1.619999999999999885e+00,3.700000000000000000e+05
1.118537141984487837e+00,1.451453685760498047e+00,4.020000457763671875e+00,1.619999999999999885e+00,0.000000000000000000e+00
1.118582431882406469e+00,1.677903175354003906e+00,4.020000457763671875e+00,1.619999999999999885e+00,3.700000000000000000e+05
1.119242633073471715e+00,1.101782798767089844e+00,3.660003662109375000e+00,1.619999999999999885e+00,0.000000000000000000e+00
1.119287923066757839e+00,1.328232765197753906e+00,3.660003662109375000e+00,1.619999999999999885e+00,3.700000000000000000e+05
1.120203984456652480e+00,2.127626419067382812e+00,4.159519195556640625e+00,1.619999999999999885e+00,0.000000000000000000e+00
1.120231895434077085e+00,2.130802631378173828e+00,4.020000457763671875e+00,1.619999999999999885e+00,3.700000000000000000e+05
1.120892096625142331e+00,1.554682254791259766e+00,3.660003662109375000e+00,1.619999999999999885e+00,0.000000000000000000e+00
1.120934718885211678e+00,1.767626285552978516e+00,3.651561737060546875e+00,1.619999999999999885e+00,3.700000000000000000e+05
1.121610398032890643e+00,2.357252120971679688e+00,4.020000457763671875e+00,1.619999999999999885e+00,0.000000000000000000e+00
1.121655687930809275e+00,2.583701610565185547e+00,4.020000457763671875e+00,1.619999999999999885e+00,3.700000000000000000e+05
1.122590864526827215e+00,1.767626285552978516e+00,3.510063171386718750e+00,1.619999999999999885e+00,0.000000000000000000e+00
1.122619165002901376e+00,1.767626285552978516e+00,3.368560791015625000e+00,1.619999999999999885e+00,3.700000000000000000e+05
1.123031705523721557e+00,2.127626419067382812e+00,3.593513488769531250e+00,1.619999999999999885e+00,0.000000000000000000e+00
1.123060005999795719e+00,2.127626419067382812e+00,3.452011108398437500e+00,1.619999999999999885e+00,3.700000000000000000e+05
1.123472546520615900e+00,1.767626285552978516e+00,3.227058410644531250e+00,1.619999999999999885e+00,0.000000000000000000e+00
1.123500846996690061e+00,1.767626285552978516e+00,3.085556030273437500e+00,1.619999999999999885e+00,3.700000000000000000e+05
1.123913387517510243e+00,2.127626419067382812e+00,3.310508728027343750e+00,1.619999999999999885e+00,0.000000000000000000e+00
1.123941687230644915e+00,2.127626419067382812e+00,3.169010162353515625e+00,1.619999999999999885e+00,3.700000000000000000e+05
1.124354227751465096e+00,1.767626285552978516e+00,2.944057464599609375e+00,1.619999999999999885e+00,0.000000000000000000e+00
1.124382528227539257e+00,1.767626285552978516e+00,2.802555084228515625e+00,1.619999999999999885e+00,3.700000000000000000e+05
1.124795068748359439e+00,2.127626419067382812e+00,3.027507781982421875e+00,1.619999999999999885e+00,0.000000000000000000e+00
1.124823369224433600e+00,2.127626419067382812e+00,2.886005401611328125e+00,1.619999999999999885e+00,3.700000000000000000e+05
1.125235909745253782e+00,1.767626285552978516e+00,2.661052703857421875e+00,1.619999999999999885e+00,0.000000000000000000e+00
1.125264210221327943e+00,1.767626285552978516e+00,2.519550323486328125e+00,1.619999999999999885e+00,3.700000000000000000e+05
1.125676750742148124e+00,2.127626419067382812e+00,2.744503021240234375e+00,1.619999999999999885e+00,0.000000000000000000e+00
1.125705050455282796e+00,2.127626419067382812e+00,2.603004455566406250e+00,1.619999999999999885e+00,3.700000000000000000e+05
1.126117590976102978e+00,1.767626285552978516e+00,2.378051757812500000e+00,1.619999999999999885e+00,0.000000000000000000e+00
1.126145891452177139e+00,1.767626285552978516e+00,2.236549377441406250e+00,1.619999999999999885e+00,3.700000000000000000e+05
1.126558431972997321e+00,2.127626419067382812e+00,2.461502075195312500e+00,1.619999999999999885e+00,0.000000000000000000e+00
1.126586732449071482e+00,2.127626419067382812e+00,2.319999694824218750e+00,1.619999999999999885e+00,3.700000000000000000e+05
1.127485338894165467e+00,1.343464851379394531e+00,1.830001831054687500e+00,1.619999999999999885e+00,0.000000000000000000e+00
1.127530628792084100e+00,1.569914340972900391e+00,1.830001831054687500e+00,1.619999999999999885e+00,3.700000000000000000e+05
1.128190832340639327e+00,2.146035194396972656e+00,2.190002441406250000e+00,1.619999999999999885e+00,0.000000000000000000e+00
1.128236122238557959e+00,2.372484683990478516e+00,2.190002441406250000e+00,1.619999999999999885e+00,3.700000000000000000e+05
1.128929256724022112e+00,1.767626285552978516e+00,1.812046051025390625e+00,1.619999999999999885e+00,0.000000000000000000e+00
1.128957557200096273e+00,1.767626285552978516e+00,1.670543670654296875e+00,1.619999999999999885e+00,3.700000000000000000e+05
1.129910191098406180e+00,2.598934173583984375e+00,2.190002441406250000e+00,1.619999999999999885e+00,0.000000000000000000e+00
1.129955480996324813e+00,2.825383663177490234e+00,2.190002441406250000e+00,1.619999999999999885e+00,3.700000000000000000e+05
1.130615684151895950e+00,2.249263286590576172e+00,1.830001831054687500e+00,1.619999999999999885e+00,0.000000000000000000e+00
1.130660974049814582e+00,2.475712776184082031e+00,1.830001831054687500e+00,1.619999999999999885e+00,3.700000000000000000e+05
1.131321177598369809e+00,3.051833629608154297e+00,2.190002441406250000e+00,1.619999999999999885e+00,0.000000000000000000e+00
1.131366467496288442e+00,3.278283119201660156e+00,2.190002441406250000e+00,1.619999999999999885e+00,3.700000000000000000e+05
1.132026670651859579e+00,2.702162742614746094e+00,1.830001831054687500e+00,1.619999999999999885e+00,0.000000000000000000e+00
1.132071960549778211e+00,2.928612232208251953e+00,1.830001831054687500e+00,1.619999999999999885e+00,3.700000000000000000e+05
1.132732163508857193e+00,3.504732370376586914e+00,2.190002441406250000e+00,1.619999999999999885e+00,0.000000000000000000e+00
1.135871817058023758e+00,1.506549501419067383e+01,1.281000137329101562e+01,1.619999999999999885e+00,3.700000000000000000e+05
1.136532020213594896e+00,1.564161539077758789e+01,1.317000198364257812e+01,1.619999999999999885e+00,0.000000000000000000e+00
1.136577310206881020e+00,1.586806535720825195e+01,1.317000198364257812e+01,1.619999999999999885e+00,3.700000000000000000e+05
1.137237513362452157e+00,1.529194498062133789e+01,1.281000137329101562e+01,1.619999999999999885e+00,0.000000000000000000e+00
1.137282803165003520e+00,1.551839399337768555e+01,1.281000137329101562e+01,1.619999999999999885e+00,3.700000000000000000e+05
1.137943006320574657e+00,1.609451436996459961e+01,1.317000198364257812e+01,1.619999999999999885e+00,0.000000000000000000e+00
1.137988296313860781e+00,1.632096433639526367e+01,1.317000198364257812e+01,1.619999999999999885e+00,3.700000000000000000e+05
1.138648499469431918e+00,1.574484395980834961e+01,1.281000137329101562e+01,1.619999999999999885e+00,0.000000000000000000e+00
1.138693789462718042e+00,1.597129392623901367e+01,1.281000137329101562e+01,1.619999999999999885e+00,3.700000000000000000e+05
1.139606343673520650e+00,1.676762628555297852e+01,1.330760574340820312e+01,1.619999999999999885e+00,0.000000000000000000e+00
1.139633892680940397e+00,1.677386331558227539e+01,1.317000198364257812e+01,1.619999999999999885e+00,3.700000000000000000e+05
1.140294095836511534e+00,1.619774293899536133e+01,1.281000137329101562e+01,1.619999999999999885e+00,0.000000000000000000e+00
1.140336123612906150e+00,1.640762662887573242e+01,1.279964828491210938e+01,1.619999999999999885e+00,3.700000000000000000e+05
1.141015311511205166e+00,1.700031328201293945e+01,1.317000198364257812e+01,1.619999999999999885e+00,0.000000000000000000e+00
1.141060601313756528e+00,1.722676229476928711e+01,1.317000198364257812e+01,1.619999999999999885e+00,3.700000000000000000e+05
1.141999286267404878e+00,1.640762662887573242e+01,1.265814971923828125e+01,1.619999999999999885e+00,0.000000000000000000e+00
1.142027586743479040e+00,1.640762662887573242e+01,1.251664733886718750e+01,1.619999999999999885e+00,3.700000000000000000e+05
1.142440126871314909e+00,1.676762628555297852e+01,1.274160003662109375e+01,1.619999999999999885e+00,0.000000000000000000e+00
1.142468427347389071e+00,1.676762628555297852e+01,1.260009765625000000e+01,1.619999999999999885e+00,3.700000000000000000e+05
1.142880967475224940e+00,1.640762662887573242e+01,1.237514495849609375e+01,1.619999999999999885e+00,0.000000000000000000e+00
1.142909267951299102e+00,1.640762662887573242e+01,1.223364257812500000e+01,1.619999999999999885e+00,3.700000000000000000e+05
1.143321810043657294e+00,1.676762628555297852e+01,1.245859909057617188e+01,1.619999999999999885e+00,0.000000000000000000e+00
1.143350110519731455e+00,1.676762628555297852e+01,1.231709671020507812e+01,1.619999999999999885e+00,3.700000000000000000e+05
1.143762650647567325e+00,1.640762662887573242e+01,1.209214401245117188e+01,1.619999999999999885e+00,0.000000000000000000e+00
1.143790951123641486e+00,1.640762662887573242e+01,1.195064163208007812e+01,1.619999999999999885e+00,3.700000000000000000e+05
1.144203491251477356e+00,1.676762628555297852e+01,1.217559432983398438e+01,1.619999999999999885e+00,0.000000000000000000e+00
1.144231791727551517e+00,1.676762628555297852e+01,1.203409194946289062e+01,1.619999999999999885e+00,3.700000000000000000e+05
1.144644331855387387e+00,1.640762662887573242e+01,1.180913925170898438e+01,1.619999999999999885e+00,0.000000000000000000e+00
1.144672632331461548e+00,1.640762662887573242e+01,1.166763687133789062e+01,1.619999999999999885e+00,3.700000000000000000e+05
1.145085174423819740e+00,1.676762628555297852e+01,1.189259338378906250e+01,1.619999999999999885e+00,0.000000000000000000e+00
1.145113474899893902e+00,1.676762628555297852e+01,1.175109100341796875e+01,1.619999999999999885e+00,3.700000000000000000e+05
1.145526015027729771e+00,1.640762662887573242e+01,1.152613830566406250e+01,1.619999999999999885e+00,0.000000000000000000e+00
1.145554315503803933e+00,1.640762662887573242e+01,1.138463592529296875e+01,1.619999999999999885e+00,3.700000000000000000e+05
1.145966855631639802e+00,1.676762628555297852e+01,1.160958862304687500e+01,1.619999999999999885e+00,0.000000000000000000e+00
1.145995156107713964e+00,1.676762628555297852e+01,1.146808624267578125e+01,1.619999999999999885e+00,3.700000000000000000e+05
1.146890253409208027e+00,1.598652601242065430e+01,1.098000335693359375e+01,1.619999999999999885e+00,0.000000000000000000e+00
1.146935543402494151e+00,1.621297597885131836e+01,1.098000335693359375e+01,1.619999999999999885e+00,3.700000000000000000e+05
1.147595744593559397e+00,1.678909635543823242e+01,1.134000015258789062e+01,1.619999999999999885e+00,0.000000000000000000e+00
1.147641034396110760e+00,1.701554536819458008e+01,1.134000015258789062e+01,1.619999999999999885e+00,3.700000000000000000e+05
1.148337675274699876e+00,1.640762662887573242e+01,1.096013259887695312e+01,1.619999999999999885e+00,0.000000000000000000e+00
1.148365975750774037e+00,1.640762662887573242e+01,1.081863021850585938e+01,1.619999999999999885e+00,3.700000000000000000e+05
1.149322116435192109e+00,1.724199533462524414e+01,1.134000015258789062e+01,1.619999999999999885e+00,0.000000000000000000e+00
1.149367406237743472e+00,1.746844434738159180e+01,1.134000015258789062e+01,1.619999999999999885e+00,3.700000000000000000e+05
1.150027607428808718e+00,1.689232397079467773e+01,1.098000335693359375e+01,1.619999999999999885e+00,0.000000000000000000e+00
1.150072897422094842e+00,1.711877393722534180e+01,1.098000335693359375e+01,1.619999999999999885e+00,3.700000000000000000e+05
1.150733098613160088e+00,1.769489431381225586e+01,1.134000015258789062e+01,1.619999999999999885e+00,0.000000000000000000e+00
1.150778388606446212e+00,1.792134428024291992e+01,1.134000015258789062e+01,1.619999999999999885e+00,3.700000000000000000e+05
1.151438589797511458e+00,1.734522390365600586e+01,1.098000335693359375e+01,1.619999999999999885e+00,0.000000000000000000e+00
1.151483879600062821e+00,1.757167291641235352e+01,1.098000335693359375e+01,1.619999999999999885e+00,3.700000000000000000e+05
1.152144080791128067e+00,1.814779329299926758e+01,1.134000015258789062e+01,1.619999999999999885e+00,0.000000000000000000e+00
1.153897008271702829e+00,9.661170005798339844e+00,9.150001525878906250e+00,1.619999999999999885e+00,3.700000000000000000e+05
1.154557211427273966e+00,1.023729038238525391e+01,9.510002136230468750e+00,1.619999999999999885e+00,0.000000000000000000e+00
1.154602501372876455e+00,1.046374011039733887e+01,9.510002136230468750e+00,1.619999999999999885e+00,3.700000000000000000e+05
1.155262704724939526e+00,9.887619495391845703e+00,9.150001525878906250e+00,1.619999999999999885e+00,0.000000000000000000e+00
1.155307994670542016e+00,1.011406922340393066e+01,9.150001525878906250e+00,1.619999999999999885e+00,3.700000000000000000e+05
1.155968197826113153e+00,1.069018959999084473e+01,9.510002136230468750e+00,1.619999999999999885e+00,0.000000000000000000e+00
1.156013487724031785e+00,1.091663908958435059e+01,9.510002136230468750e+00,1.619999999999999885e+00,3.700000000000000000e+05
1.156673690879602923e+00,1.034051871299743652e+01,9.150001525878906250e+00,1.619999999999999885e+00,0.000000000000000000e+00
1.156718980825205412e+00,1.056696844100952148e+01,9.150001525878906250e+00,1.619999999999999885e+00,3.700000000000000000e+05
1.157533356620500609e+00,1.127762627601623535e+01,9.594070434570312500e+00,1.619999999999999885e+00,0.000000000000000000e+00
1.157558268706130100e+00,1.136953830718994141e+01,9.510002136230468750e+00,1.619999999999999885e+00,3.700000000000000000e+05
1.158218471861701238e+00,1.079341793060302734e+01,9.150001525878906250e+00,1.619999999999999885e+00,0.000000000000000000e+00
1.158246407133975753e+00,1.091762638092041016e+01,9.086112976074218750e+00,1.619999999999999885e+00,3.700000000000000000e+05
1.159023773644273891e+00,1.159598779678344727e+01,9.510002136230468750e+00,1.619999999999999885e+00,0.000000000000000000e+00
1.159069063542192524e+00,1.182243728637695312e+01,9.510002136230468750e+00,1.619999999999999885e+00,3.700000000000000000e+05
1.160105927500824752e+00,1.091762638092041016e+01,8.944614410400390625e+00,1.619999999999999885e+00,0.000000000000000000e+00
1.160134227976898913e+00,1.091762638092041016e+01,8.803112030029296875e+00,1.619999999999999885e+00,3.700000000000000000e+05
1.160546768301226939e+00,1.127762627601623535e+01,9.028064727783203125e+00,1.619999999999999885e+00,0.000000000000000000e+00
1.160575068777301100e+00,1.127762627601623535e+01,8.886562347412109375e+00,1.619999999999999885e+00,3.700000000000000000e+05
1.160987609101629126e+00,1.091762638092041016e+01,8.661609649658203125e+00,1.619999999999999885e+00,0.000000000000000000e+00
1.161015909577703287e+00,1.091762638092041016e+01,8.520107269287109375e+00,1.619999999999999885e+00,3.700000000000000000e+05
1.161428449902031312e+00,1.127762627601623535e+01,8.745059967041015625e+00,1.619999999999999885e+00,0.000000000000000000e+00
1.161456749615165984e+00,1.127762627601623535e+01,8.603561401367187500e+00,1.619999999999999885e+00,3.700000000000000000e+05
1.161869289939494010e+00,1.091762638092041016e+01,8.378608703613281250e+00,1.619999999999999885e+00,0.000000000000000000e+00
1.161897590415568171e+00,1.091762638092041016e+01,8.237106323242187500e+00,1.619999999999999885e+00,3.700000000000000000e+05
1.162310130739896197e+00,1.127762627601623535e+01,8.462059020996093750e+00,1.619999999999999885e+00,0.000000000000000000e+00
1.162338431215970358e+00,1.127762627601623535e+01,8.320556640625000000e+00,1.619999999999999885e+00,3.700000000000000000e+05
1.162750971540298384e+00,1.091762638092041016e+01,8.095603942871093750e+00,1.619999999999999885e+00,0.000000000000000000e+00
1.162779272016372545e+00,1.091762638092041016e+01,7.954101562500000000e+00,1.619999999999999885e+00,3.700000000000000000e+05
1.163191814305222005e+00,1.127762627601623535e+01,8.179058074951171875e+00,1.619999999999999885e+00,0.000000000000000000e+00
1.163220114781296166e+00,1.127762627601623535e+01,8.037555694580078125e+00,1.619999999999999885e+00,3.700000000000000000e+05
1.163632655105624192e+00,1.091762638092041016e+01,7.812602996826171875e+00,1.619999999999999885e+00,0.000000000000000000e+00
1.165103020610422480e+00,3.957626342773437500e+00,5.444530487060546875e+00,1.619999999999999885e+00,3.700000000000000000e+05
1.165515560934750505e+00,3.597626447677612305e+00,5.219577789306640625e+00,1.619999999999999885e+00,0.000000000000000000e+00
1.165543861410824666e+00,3.597626447677612305e+00,5.078075408935546875e+00,1.619999999999999885e+00,3.700000000000000000e+05
1.165956401735152692e+00,3.957626342773437500e+00,5.303028106689453125e+00,1.619999999999999885e+00,0.000000000000000000e+00
1.165984701448287364e+00,3.957626342773437500e+00,5.161529541015625000e+00,1.619999999999999885e+00,3.700000000000000000e+05
1.166397241772615390e+00,3.597626447677612305e+00,4.936576843261718750e+00,1.619999999999999885e+00,0.000000000000000000e+00
1.166425542248689551e+00,3.597626447677612305e+00,4.795074462890625000e+00,1.619999999999999885e+00,3.700000000000000000e+05
1.166838082573017576e+00,3.957626342773437500e+00,5.020027160644531250e+00,1.619999999999999885e+00,0.000000000000000000e+00
1.166866383049091738e+00,3.957626342773437500e+00,4.878524780273437500e+00,1.619999999999999885e+00,3.700000000000000000e+05
1.167278923373419763e+00,3.597626447677612305e+00,4.653572082519531250e+00,1.619999999999999885e+00,0.000000000000000000e+00
1.167307223849493925e+00,3.597626447677612305e+00,4.512069702148437500e+00,1.619999999999999885e+00,3.700000000000000000e+05
1.167719764173821950e+00,3.957626342773437500e+00,4.737022399902343750e+00,1.619999999999999885e+00,0.000000000000000000e+00
1.167748063886956622e+00,3.957626342773437500e+00,4.595523834228515625e+00,1.619999999999999885e+00,3.700000000000000000e+05
1.168160604211284648e+00,3.597626447677612305e+00,4.370571136474609375e+00,1.619999999999999885e+00,0.000000000000000000e+00
1.168188904687358809e+00,3.597626447677612305e+00,4.229068756103515625e+00,1.619999999999999885e+00,3.700000000000000000e+05
1.168601445011686835e+00,3.957626342773437500e+00,4.454021453857421875e+00,1.619999999999999885e+00,0.000000000000000000e+00
1.168629745487760996e+00,3.957626342773437500e+00,4.312519073486328125e+00,1.619999999999999885e+00,3.700000000000000000e+05
1.169042285812089021e+00,3.597626447677612305e+00,4.087566375732421875e+00,1.619999999999999885e+00,0.000000000000000000e+00
1.171379504505943192e+00,1.310762643814086914e+01,1.087908172607421875e+01,1.619999999999999885e+00,3.700000000000000000e+05
1.171792045026763374e+00,1.274762630462646484e+01,1.065412902832031250e+01,1.619999999999999885e+00,0.000000000000000000e+00
1.171820345502837535e+00,1.274762630462646484e+01,1.051262664794921875e+01,1.619999999999999885e+00,3.700000000000000000e+05
1.172232886023657716e+00,1.310762643814086914e+01,1.073757934570312500e+01,1.619999999999999885e+00,0.000000000000000000e+00
1.172261185736792388e+00,1.310762643814086914e+01,1.059608078002929688e+01,1.619999999999999885e+00,3.700000000000000000e+05
1.172673726257612570e+00,1.274762630462646484e+01,1.037112808227539062e+01,1.619999999999999885e+00,0.000000000000000000e+00
1.172702026733686731e+00,1.274762630462646484e+01,1.022962570190429688e+01,1.619999999999999885e+00,3.700000000000000000e+05
1.173114567254506913e+00,1.310762643814086914e+01,1.045457839965820312e+01,1.619999999999999885e+00,0.000000000000000000e+00
1.173142867730581074e+00,1.310762643814086914e+01,1.031307601928710938e+01,1.619999999999999885e+00,3.700000000000000000e+05
1.173555408251401255e+00,1.274762630462646484e+01,1.008812332153320312e+01,1.619999999999999885e+00,0.000000000000000000e+00
1.173583708727475416e+00,1.274762630462646484e+01,9.946620941162109375e+00,1.619999999999999885e+00,3.700000000000000000e+05
1.173996251212816144e+00,1.310762643814086914e+01,1.017157745361328125e+01,1.619999999999999885e+00,0.000000000000000000e+00
1.174024551688890305e+00,1.310762643814086914e+01,1.003007507324218750e+01,1.619999999999999885e+00,3.700000000000000000e+05
1.174437092209710487e+00,1.274762630462646484e+01,9.805122375488281250e+00,1.619999999999999885e+00,0.000000000000000000e+00
1.174465392685784648e+00,1.274762630462646484e+01,9.663619995117187500e+00,1.619999999999999885e+00,3.700000000000000000e+05
1.174877933206604830e+00,1.310762643814086914e+01,9.888572692871093750e+00,1.619999999999999885e+00,0.000000000000000000e+00
1.174906233682678991e+00,1.310762643814086914e+01,9.747070312500000000e+00,1.619999999999999885e+00,3.700000000000000000e+05
1.175318774203499173e+00,1.274762630462646484e+01,9.522117614746093750e+00,1.619999999999999885e+00,0.000000000000000000e+00
1.176431499656755753e+00,7.638356119394302368e+00,7.320003509521484375e+00,1.619999999999999885e+00,3.700000000000000000e+05
1.177091700921505835e+00,8.214476585388183594e+00,7.680000305175781250e+00,1.619999999999999885e+00,0.000000000000000000e+00
1.177136990843266284e+00,8.440926194190979004e+00,7.680000305175781250e+00,1.619999999999999885e+00,3.700000000000000000e+05
1.177797192108016366e+00,7.864805728197097778e+00,7.320003509521484375e+00,1.619999999999999885e+00,0.000000000000000000e+00
1.177842482023816473e+00,8.091255307197570801e+00,7.320003509521484375e+00,1.619999999999999885e+00,3.700000000000000000e+05
1.178502683214881719e+00,8.667375683784484863e+00,7.680000305175781250e+00,1.619999999999999885e+00,0.000000000000000000e+00
1.178547973136642169e+00,8.893825292587280273e+00,7.680000305175781250e+00,1.619999999999999885e+00,3.700000000000000000e+05
1.179208174327707415e+00,8.317704916000366211e+00,7.320003509521484375e+00,1.619999999999999885e+00,0.000000000000000000e+00
1.179253464249467864e+00,8.544154524803161621e+00,7.320003509521484375e+00,1.619999999999999885e+00,3.700000000000000000e+05
1.180288792417578225e+00,9.447626352310180664e+00,7.884552001953125000e+00,1.619999999999999885e+00,0.000000000000000000e+00
1.180317092130712897e+00,9.447626352310180664e+00,7.743053436279296875e+00,1.619999999999999885e+00,3.700000000000000000e+05
1.181092922850484062e+00,8.770604014396667480e+00,7.320003509521484375e+00,1.619999999999999885e+00,0.000000000000000000e+00
1.181138212772244511e+00,8.997053623199462891e+00,7.320003509521484375e+00,1.619999999999999885e+00,3.700000000000000000e+05
1.181798413963309757e+00,9.573173999786376953e+00,7.680000305175781250e+00,1.619999999999999885e+00,0.000000000000000000e+00
1.181843703908912246e+00,9.799623727798461914e+00,7.680000305175781250e+00,1.619999999999999885e+00,3.700000000000000000e+05
1.182659613923206843e+00,9.087626338005065918e+00,7.235095977783203125e+00,1.619999999999999885e+00,0.000000000000000000e+00
1.182687914399281004e+00,9.087626338005065918e+00,7.093593597412109375e+00,1.619999999999999885e+00,3.700000000000000000e+05
1.183100454821855108e+00,9.447626352310180664e+00,7.318546295166015625e+00,1.619999999999999885e+00,0.000000000000000000e+00
1.183128754534989779e+00,9.447626352310180664e+00,7.177047729492187500e+00,1.619999999999999885e+00,3.700000000000000000e+05
1.183541294957563883e+00,9.087626338005065918e+00,6.952095031738281250e+00,1.619999999999999885e+00,0.000000000000000000e+00
1.183569595433638044e+00,9.087626338005065918e+00,6.810592651367187500e+00,1.619999999999999885e+00,3.700000000000000000e+05
1.183982135856212148e+00,9.447626352310180664e+00,7.035545349121093750e+00,1.619999999999999885e+00,0.000000000000000000e+00
1.184010436332286309e+00,9.447626352310180664e+00,6.894042968750000000e+00,1.619999999999999885e+00,3.700000000000000000e+05
1.184422976754860413e+00,9.087626338005065918e+00,6.669090270996093750e+00,1.619999999999999885e+00,0.000000000000000000e+00
1.184451277230934574e+00,9.087626338005065918e+00,6.527587890625000000e+00,1.619999999999999885e+00,3.700000000000000000e+05
1.184863817653508677e+00,9.447626352310180664e+00,6.752540588378906250e+00,1.619999999999999885e+00,0.000000000000000000e+00
1.184892117366643349e+00,9.447626352310180664e+00,6.611042022705078125e+00,1.619999999999999885e+00,3.700000000000000000e+05
1.185304657789217453e+00,9.087626338005065918e+00,6.386089324951171875e+00,1.619999999999999885e+00,0.000000000000000000e+00
1.185332958265291614e+00,9.087626338005065918e+00,6.244586944580078125e+00,1.619999999999999885e+00,3.700000000000000000e+05
1.185745498687865718e+00,9.447626352310180664e+00,6.469539642333984375e+00,1.619999999999999885e+00,0.000000000000000000e+00
1.185773799163939879e+00,9.447626352310180664e+00,6.328037261962890625e+00,1.619999999999999885e+00,3.700000000000000000e+05
1.186186339586513983e+00,9.087626338005065918e+00,6.103084564208984375e+00,1.619999999999999885e+00,0.000000000000000000e+00
1.186214640062588144e+00,9.087626338005065918e+00,5.961582183837890625e+00,1.619999999999999885e+00,3.700000000000000000e+05
1.186627180485162247e+00,9.447626352310180664e+00,6.186534881591796875e+00,1.619999999999999885e+00,0.000000000000000000e+00
1.186655480198296919e+00,9.447626352310180664e+00,6.045036315917968750e+00,1.619999999999999885e+00,3.700000000000000000e+05
1.187673355091375837e+00,8.559386968612670898e+00,5.490001678466796875e+00,1.619999999999999885e+00,0.000000000000000000e+00
1.187718644989294470e+00,8.785836458206176758e+00,5.490001678466796875e+00,1.619999999999999885e+00,3.700000000000000000e+05
1.188477020469526746e+00,9.447626352310180664e+00,5.903533935546875000e+00,1.619999999999999885e+00,0.000000000000000000e+00
1.188507143354427420e+00,9.588406562805175781e+00,5.850002288818359375e+00,1.619999999999999885e+00,3.700000000000000000e+05
1.189167346608244635e+00,9.012286067008972168e+00,5.490001678466796875e+00,1.619999999999999885e+00,0.000000000000000000e+00
1.189191506306169988e+00,9.087626338005065918e+00,5.395576477050781250e+00,1.619999999999999885e+00,3.700000000000000000e+05
1.190024873622761437e+00,9.814856290817260742e+00,5.850002288818359375e+00,1.619999999999999885e+00,0.000000000000000000e+00
1.190070163520680069e+00,1.004130578041076660e+01,5.850002288818359375e+00,1.619999999999999885e+00,3.700000000000000000e+05
1.190730366676251206e+00,9.465185403823852539e+00,5.490001678466796875e+00,1.619999999999999885e+00,0.000000000000000000e+00
1.190775656574169838e+00,9.691634893417358398e+00,5.490001678466796875e+00,1.619999999999999885e+00,3.700000000000000000e+05
1.191435859926232910e+00,1.026775550842285156e+01,5.850002288818359375e+00,1.619999999999999885e+00,0.000000000000000000e+00
1.191481149824151542e+00,1.049420499801635742e+01,5.850002288818359375e+00,1.619999999999999885e+00,3.700000000000000000e+05
1.192141352979722679e+00,9.918084621429443359e+00,5.490001678466796875e+00,1.619999999999999885e+00,0.000000000000000000e+00
1.192186642877641312e+00,1.014453411102294922e+01,5.490001678466796875e+00,1.619999999999999885e+00,3.700000000000000000e+05
1.192846846033212449e+00,1.072065448760986328e+01,5.850002288818359375e+00,1.619999999999999885e+00,0.000000000000000000e+00
1.194599773606129567e+00,2.234030723571777344e+00,3.660003662109375000e+00,1.619999999999999885e+00,3.700000000000000000e+05
1.195259975190180235e+00,2.810151576995849609e+00,4.020000457763671875e+00,1.619999999999999885e+00,0.000000000000000000e+00
1.195305265088098867e+00,3.036601066589355469e+00,4.020000457763671875e+00,1.619999999999999885e+00,3.700000000000000000e+05
1.195965466279164113e+00,2.460480690002441406e+00,3.660003662109375000e+00,1.619999999999999885e+00,0.000000000000000000e+00
1.196010756177082746e+00,2.686930179595947266e+00,3.660003662109375000e+00,1.619999999999999885e+00,3.700000000000000000e+05
1.196670957368147992e+00,3.263050556182861328e+00,4.020000457763671875e+00,1.619999999999999885e+00,0.000000000000000000e+00
1.196716247266066624e+00,3.489500045776367188e+00,4.020000457763671875e+00,1.619999999999999885e+00,3.700000000000000000e+05
1.197376448457131870e+00,2.913379669189453125e+00,3.660003662109375000e+00,1.619999999999999885e+00,0.000000000000000000e+00
1.197421738355050502e+00,3.139829158782958984e+00,3.660003662109375000e+00,1.619999999999999885e+00,3.700000000000000000e+05
1.198358888009407819e+00,3.957626342773437500e+00,4.171016693115234375e+00,1.619999999999999885e+00,0.000000000000000000e+00
1.198387187722542491e+00,3.957626342773437500e+00,4.029518127441406250e+00,1.619999999999999885e+00,3.700000000000000000e+05
1.199064839928560167e+00,3.366278648376464844e+00,3.660003662109375000e+00,1.619999999999999885e+00,0.000000000000000000e+00
1.199110129874162656e+00,3.592728376388549805e+00,3.660003662109375000e+00,1.619999999999999885e+00,3.700000000000000000e+05
1.199770331065227902e+00,4.168848752975463867e+00,4.020000457763671875e+00,1.619999999999999885e+00,0.000000000000000000e+00
1.199815621010830391e+00,4.395298480987548828e+00,4.020000457763671875e+00,1.619999999999999885e+00,3.700000000000000000e+05
1.200729709538878254e+00,3.597626447677612305e+00,3.521560668945312500e+00,1.619999999999999885e+00,0.000000000000000000e+00
1.200758010014952415e+00,3.597626447677612305e+00,3.380058288574218750e+00,1.619999999999999885e+00,3.700000000000000000e+05
1.201170550339280441e+00,3.957626342773437500e+00,3.605010986328125000e+00,1.619999999999999885e+00,0.000000000000000000e+00
1.201198850052415112e+00,3.957626342773437500e+00,3.463512420654296875e+00,1.619999999999999885e+00,3.700000000000000000e+05
1.201611390376743138e+00,3.597626447677612305e+00,3.238559722900390625e+00,1.619999999999999885e+00,0.000000000000000000e+00
1.201639690852817299e+00,3.597626447677612305e+00,3.097057342529296875e+00,1.619999999999999885e+00,3.700000000000000000e+05
1.202052231177145325e+00,3.957626342773437500e+00,3.322010040283203125e+00,1.619999999999999885e+00,0.000000000000000000e+00
1.202080531653219486e+00,3.957626342773437500e+00,3.180507659912109375e+00,1.619999999999999885e+00,3.700000000000000000e+05
1.202493071977547512e+00,3.597626447677612305e+00,2.955554962158203125e+00,1.619999999999999885e+00,0.000000000000000000e+00
1.202521372453621673e+00,3.597626447677612305e+00,2.814052581787109375e+00,1.619999999999999885e+00,3.700000000000000000e+05
1.202933912777949699e+00,3.957626342773437500e+00,3.039005279541015625e+00,1.619999999999999885e+00,0.000000000000000000e+00
1.202962212491084371e+00,3.957626342773437500e+00,2.897506713867187500e+00,1.619999999999999885e+00,3.700000000000000000e+05
1.203374752815412396e+00,3.597626447677612305e+00,2.672554016113281250e+00,1.619999999999999885e+00,0.000000000000000000e+00
1.203403053291486557e+00,3.597626447677612305e+00,2.531051635742187500e+00,1.619999999999999885e+00,3.700000000000000000e+05
1.203815593615814583e+00,3.957626342773437500e+00,2.756004333496093750e+00,1.619999999999999885e+00,0.000000000000000000e+00
1.203843894091888744e+00,3.957626342773437500e+00,2.614501953125000000e+00,1.619999999999999885e+00,3.700000000000000000e+05
1.204256434416216770e+00,3.597626447677612305e+00,2.389549255371093750e+00,1.619999999999999885e+00,0.000000000000000000e+00
1.204284734892290931e+00,3.597626447677612305e+00,2.248046875000000000e+00,1.619999999999999885e+00,3.700000000000000000e+05
1.204697275216618957e+00,3.957626342773437500e+00,2.472999572753906250e+00,1.619999999999999885e+00,0.000000000000000000e+00
1.204725574929753629e+00,3.957626342773437500e+00,2.331501007080078125e+00,1.619999999999999885e+00,3.700000000000000000e+05
1.205645271210833203e+00,3.155061721801757812e+00,1.830001831054687500e+00,1.619999999999999885e+00,0.000000000000000000e+00
1.205690561108751835e+00,3.381511211395263672e+00,1.830001831054687500e+00,1.619999999999999885e+00,3.700000000000000000e+05
1.206350764460814906e+00,3.957631826400756836e+00,2.190002441406250000e+00,1.619999999999999885e+00,0.000000000000000000e+00
1.206396054358733538e+00,4.184081315994262695e+00,2.190002441406250000e+00,1.619999999999999885e+00,3.700000000000000000e+05
1.207068100579738790e+00,3.597626447677612305e+00,1.823543548583984375e+00,1.619999999999999885e+00,0.000000000000000000e+00
1.207096401055812951e+00,3.597626447677612305e+00,1.682041168212890625e+00,1.619999999999999885e+00,3.700000000000000000e+05
1.208027946886157666e+00,4.410531044006347656e+00,2.190002441406250000e+00,1.619999999999999885e+00,0.000000000000000000e+00
1.208073236784076299e+00,4.636980533599853516e+00,2.190002441406250000e+00,1.619999999999999885e+00,3.700000000000000000e+05
1.208733439939647436e+00,4.060860157012939453e+00,1.830001831054687500e+00,1.619999999999999885e+00,0.000000000000000000e+00
1.208778729837566068e+00,4.287309646606445312e+00,1.830001831054687500e+00,1.619999999999999885e+00,3.700000000000000000e+05
1.209438933189629140e+00,4.863430261611938477e+00,2.190002441406250000e+00,1.619999999999999885e+00,0.000000000000000000e+00
1.209484223087547772e+00,5.089879751205444336e+00,2.190002441406250000e+00,1.619999999999999885e+00,3.700000000000000000e+05
1.210144426243118909e+00,4.513759374618530273e+00,1.830001831054687500e+00,1.619999999999999885e+00,0.000000000000000000e+00
1.210189716141037541e+00,4.740208864212036133e+00,1.830001831054687500e+00,1.619999999999999885e+00,3.700000000000000000e+05
1.210849919296608679e+00,5.316329240798950195e+00,2.190002441406250000e+00,1.619999999999999885e+00,0.000000000000000000e+00
1.213989572845775244e+00,1.687709188461303711e+01,1.281000137329101562e+01,1.619999999999999885e+00,3.700000000000000000e+05
1.214649776001346382e+00,1.745321226119995117e+01,1.317000198364257812e+01,1.619999999999999885e+00,0.000000000000000000e+00
1.214695065994632506e+00,1.767966222763061523e+01,1.317000198364257812e+01,1.619999999999999885e+00,3.700000000000000000e+05
1.215355269150203643e+00,1.710354185104370117e+01,1.281000137329101562e+01,1.619999999999999885e+00,0.000000000000000000e+00
1.215400558952755006e+00,1.732999086380004883e+01,1.281000137329101562e+01,1.619999999999999885e+00,3.700000000000000000e+05
1.216060762108326143e+00,1.790611124038696289e+01,1.317000198364257812e+01,1.619999999999999885e+00,0.000000000000000000e+00
1.216106052101612267e+00,1.813256120681762695e+01,1.317000198364257812e+01,1.619999999999999885e+00,3.700000000000000000e+05
1.216766255257183404e+00,1.755644083023071289e+01,1.281000137329101562e+01,1.619999999999999885e+00,0.000000000000000000e+00
1.216811545059734767e+00,1.778288984298706055e+01,1.281000137329101562e+01,1.619999999999999885e+00,3.700000000000000000e+05
1.217471748215305904e+00,1.835901021957397461e+01,1.317000198364257812e+01,1.619999999999999885e+00,0.000000000000000000e+00
1.217517038208592028e+00,1.858546018600463867e+01,1.317000198364257812e+01,1.619999999999999885e+00,3.700000000000000000e+05
1.218177241364163166e+00,1.800933980941772461e+01,1.281000137329101562e+01,1.619999999999999885e+00,0.000000000000000000e+00
1.218222531357449290e+00,1.823578977584838867e+01,1.281000137329101562e+01,1.619999999999999885e+00,3.700000000000000000e+05
1.218637176578544645e+00,1.859762620925903320e+01,1.303610229492187500e+01,1.619999999999999885e+00,0.000000000000000000e+00
1.218665477054618806e+00,1.859762620925903320e+01,1.289459991455078125e+01,1.619999999999999885e+00,3.700000000000000000e+05
1.219078017182454676e+00,1.823762655258178711e+01,1.266964721679687500e+01,1.619999999999999885e+00,0.000000000000000000e+00
1.219106316895589348e+00,1.823762655258178711e+01,1.252814865112304688e+01,1.619999999999999885e+00,3.700000000000000000e+05
1.219518857023425218e+00,1.859762620925903320e+01,1.275310134887695312e+01,1.619999999999999885e+00,0.000000000000000000e+00
1.219547157499499379e+00,1.859762620925903320e+01,1.261159896850585938e+01,1.619999999999999885e+00,3.700000000000000000e+05
1.219959697627335249e+00,1.823762655258178711e+01,1.238664627075195312e+01,1.619999999999999885e+00,0.000000000000000000e+00
1.219987998103409410e+00,1.823762655258178711e+01,1.224514389038085938e+01,1.619999999999999885e+00,3.700000000000000000e+05
1.220400538231245280e+00,1.859762620925903320e+01,1.247009658813476562e+01,1.619999999999999885e+00,0.000000000000000000e+00
1.220428838707319441e+00,1.859762620925903320e+01,1.232859420776367188e+01,1.619999999999999885e+00,3.700000000000000000e+05
1.220841378835155311e+00,1.823762655258178711e+01,1.210364151000976562e+01,1.619999999999999885e+00,0.000000000000000000e+00
1.220869678548289983e+00,1.823762655258178711e+01,1.196214294433593750e+01,1.619999999999999885e+00,3.700000000000000000e+05
1.221282218676125852e+00,1.859762620925903320e+01,1.218709564208984375e+01,1.619999999999999885e+00,0.000000000000000000e+00
1.221310519152200014e+00,1.859762620925903320e+01,1.204559326171875000e+01,1.619999999999999885e+00,3.700000000000000000e+05
1.221723059280035883e+00,1.823762655258178711e+01,1.182064056396484375e+01,1.619999999999999885e+00,0.000000000000000000e+00
1.221751359756110045e+00,1.823762655258178711e+01,1.167913818359375000e+01,1.619999999999999885e+00,3.700000000000000000e+05
1.222163899883945914e+00,1.859762620925903320e+01,1.190409088134765625e+01,1.619999999999999885e+00,0.000000000000000000e+00
1.222192200360020076e+00,1.859762620925903320e+01,1.176258850097656250e+01,1.619999999999999885e+00,3.700000000000000000e+05
1.222604740487855945e+00,1.823762655258178711e+01,1.153763580322265625e+01,1.619999999999999885e+00,0.000000000000000000e+00
1.222633040200990617e+00,1.823762655258178711e+01,1.139613723754882812e+01,1.619999999999999885e+00,3.700000000000000000e+05
1.223045580328826487e+00,1.859762620925903320e+01,1.162108993530273438e+01,1.619999999999999885e+00,0.000000000000000000e+00
1.223073880804900648e+00,1.859762620925903320e+01,1.147958755493164062e+01,1.619999999999999885e+00,3.700000000000000000e+05
1.223990067942377635e+00,1.779812288284301758e+01,1.098000335693359375e+01,1.619999999999999885e+00,0.000000000000000000e+00
1.224035357744928998e+00,1.802457189559936523e+01,1.098000335693359375e+01,1.619999999999999885e+00,3.700000000000000000e+05
1.224692045862546319e+00,1.859762620925903320e+01,1.133808517456054688e+01,1.619999999999999885e+00,0.000000000000000000e+00
1.224720346338620480e+00,1.859762620925903320e+01,1.119658279418945312e+01,1.619999999999999885e+00,3.700000000000000000e+05
1.225132886466456350e+00,1.823762655258178711e+01,1.097163009643554688e+01,1.619999999999999885e+00,0.000000000000000000e+00
1.225161186179591022e+00,1.823762655258178711e+01,1.083013153076171875e+01,1.619999999999999885e+00,3.700000000000000000e+05
1.225573726307426892e+00,1.859762620925903320e+01,1.105508422851562500e+01,1.619999999999999885e+00,0.000000000000000000e+00
1.225602026783501053e+00,1.859762620925903320e+01,1.091358184814453125e+01,1.619999999999999885e+00,3.700000000000000000e+05
1.226014566911336923e+00,1.823762655258178711e+01,1.068862915039062500e+01,1.619999999999999885e+00,0.000000000000000000e+00
1.226042867387411084e+00,1.823762655258178711e+01,1.054712677001953125e+01,1.619999999999999885e+00,3.700000000000000000e+05
1.226455407515246954e+00,1.859762620925903320e+01,1.077207946777343750e+01,1.619999999999999885e+00,0.000000000000000000e+00
1.226483707991321115e+00,1.859762620925903320e+01,1.063057708740234375e+01,1.619999999999999885e+00,3.700000000000000000e+05
1.226896248119156985e+00,1.823762655258178711e+01,1.040562438964843750e+01,1.619999999999999885e+00,0.000000000000000000e+00
1.226924547832291656e+00,1.823762655258178711e+01,1.026412582397460938e+01,1.619999999999999885e+00,3.700000000000000000e+05
1.227337087960127526e+00,1.859762620925903320e+01,1.048907852172851562e+01,1.619999999999999885e+00,0.000000000000000000e+00
1.227365388436201687e+00,1.859762620925903320e+01,1.034757614135742188e+01,1.619999999999999885e+00,3.700000000000000000e+05
1.227777928564037557e+00,1.823762655258178711e+01,1.012262344360351562e+01,1.619999999999999885e+00,0.000000000000000000e+00
1.227806229040111718e+00,1.823762655258178711e+01,9.981121063232421875e+00,1.619999999999999885e+00,3.700000000000000000e+05
1.228218769167947588e+00,1.859762620925903320e+01,1.020607376098632812e+01,1.619999999999999885e+00,0.000000000000000000e+00
1.228247069644021749e+00,1.859762620925903320e+01,1.006457138061523438e+01,1.619999999999999885e+00,3.700000000000000000e+05
1.228659609771857619e+00,1.823762655258178711e+01,9.839618682861328125e+00,1.619999999999999885e+00,0.000000000000000000e+00
1.228687909484992291e+00,1.823762655258178711e+01,9.698120117187500000e+00,1.619999999999999885e+00,3.700000000000000000e+05
1.229100449612828161e+00,1.859762620925903320e+01,9.923072814941406250e+00,1.619999999999999885e+00,0.000000000000000000e+00
1.229128750088902322e+00,1.859762620925903320e+01,9.781570434570312500e+00,1.619999999999999885e+00,3.700000000000000000e+05
1.229541290216738192e+00,1.823762655258178711e+01,9.556617736816406250e+00,1.619999999999999885e+00,0.000000000000000000e+00
1.230896704001290365e+00,1.147276687622070312e+01,9.150001525878906250e+00,1.619999999999999885e+00,3.700000000000000000e+05
1.231556907156861502e+00,1.204888725280761719e+01,9.510002136230468750e+00,1.619999999999999885e+00,0.000000000000000000e+00
1.231602197054780135e+00,1.227533674240112305e+01,9.510002136230468750e+00,1.619999999999999885e+00,3.700000000000000000e+05
1.232262400210351272e+00,1.169921636581420898e+01,9.150001525878906250e+00,1.619999999999999885e+00,0.000000000000000000e+00
1.232307690108269904e+00,1.192566585540771484e+01,9.150001525878906250e+00,1.619999999999999885e+00,3.700000000000000000e+05
1.232967893263841042e+00,1.250178623199462891e+01,9.510002136230468750e+00,1.619999999999999885e+00,0.000000000000000000e+00
1.233013183161759674e+00,1.272823572158813477e+01,9.510002136230468750e+00,1.619999999999999885e+00,3.700000000000000000e+05
1.233673386317330811e+00,1.215211534500122070e+01,9.150001525878906250e+00,1.619999999999999885e+00,0.000000000000000000e+00
1.233718676215249443e+00,1.237856483459472656e+01,9.150001525878906250e+00,1.619999999999999885e+00,3.700000000000000000e+05
1.234554142436008028e+00,1.310762643814086914e+01,9.605571746826171875e+00,1.619999999999999885e+00,0.000000000000000000e+00
1.234578256403120911e+00,1.318113517761230469e+01,9.510002136230468750e+00,1.619999999999999885e+00,3.700000000000000000e+05
1.235238459558692048e+00,1.260501480102539062e+01,9.150001525878906250e+00,1.619999999999999885e+00,0.000000000000000000e+00
1.235268845386715997e+00,1.274762630462646484e+01,9.097614288330078125e+00,1.619999999999999885e+00,3.700000000000000000e+05
1.236025122061026993e+00,1.340758466720581055e+01,9.510002136230468750e+00,1.619999999999999885e+00,0.000000000000000000e+00
1.236070411958945625e+00,1.363403415679931641e+01,9.510002136230468750e+00,1.619999999999999885e+00,3.700000000000000000e+05
1.237086188046103263e+00,1.274762630462646484e+01,8.956111907958984375e+00,1.619999999999999885e+00,0.000000000000000000e+00
1.237114488522177425e+00,1.274762630462646484e+01,8.814609527587890625e+00,1.619999999999999885e+00,3.700000000000000000e+05
1.237527031007518152e+00,1.310762643814086914e+01,9.039566040039062500e+00,1.619999999999999885e+00,0.000000000000000000e+00
1.237555331483592314e+00,1.310762643814086914e+01,8.898063659667968750e+00,1.619999999999999885e+00,3.700000000000000000e+05
1.237967872004412495e+00,1.274762630462646484e+01,8.673110961914062500e+00,1.619999999999999885e+00,0.000000000000000000e+00
1.237996172480486656e+00,1.274762630462646484e+01,8.531608581542968750e+00,1.619999999999999885e+00,3.700000000000000000e+05
1.238408713001306838e+00,1.310762643814086914e+01,8.756561279296875000e+00,1.619999999999999885e+00,0.000000000000000000e+00
1.238437013477380999e+00,1.310762643814086914e+01,8.615058898925781250e+00,1.619999999999999885e+00,3.700000000000000000e+05
1.238849553998201181e+00,1.274762630462646484e+01,8.390106201171875000e+00,1.619999999999999885e+00,0.000000000000000000e+00
1.238877854474275342e+00,1.274762630462646484e+01,8.248603820800781250e+00,1.619999999999999885e+00,3.700000000000000000e+05
1.239290396959616070e+00,1.310762643814086914e+01,8.473560333251953125e+00,1.619999999999999885e+00,0.000000000000000000e+00
1.239318697435690231e+00,1.310762643814086914e+01,8.332057952880859375e+00,1.619999999999999885e+00,3.700000000000000000e+05
1.239731237956510412e+00,1.274762630462646484e+01,8.107105255126953125e+00,1.619999999999999885e+00,0.000000000000000000e+00
1.239759538432584574e+00,1.274762630462646484e+01,7.965602874755859375e+00,1.619999999999999885e+00,3.700000000000000000e+05
1.240172078953404755e+00,1.310762643814086914e+01,8.190555572509765625e+00,1.619999999999999885e+00,0.000000000000000000e+00
1.240200379429478916e+00,1.310762643814086914e+01,8.049053192138671875e+00,1.619999999999999885e+00,3.700000000000000000e+05
1.240612919950299098e+00,1.274762630462646484e+01,7.824100494384765625e+00,1.619999999999999885e+00,0.000000000000000000e+00
1.240641219663433770e+00,1.274762630462646484e+01,7.682601928710937500e+00,1.619999999999999885e+00,3.700000000000000000e+05
1.241053760184253951e+00,1.310762643814086914e+01,7.907554626464843750e+00,1.619999999999999885e+00,0.000000000000000000e+00
1.242597682007921644e+00,5.787626385688781738e+00,5.456031799316406250e+00,1.619999999999999885e+00,3.700000000000000000e+05
1.243010222430495748e+00,5.427626371383666992e+00,5.231079101562500000e+00,1.619999999999999885e+00,0.000000000000000000e+00
1.243038522906569909e+00,5.427626371383666992e+00,5.089576721191406250e+00,1.619999999999999885e+00,3.700000000000000000e+05
1.243451063329144013e+00,5.787626385688781738e+00,5.314529418945312500e+00,1.619999999999999885e+00,0.000000000000000000e+00
1.243479363805218174e+00,5.787626385688781738e+00,5.173027038574218750e+00,1.619999999999999885e+00,3.700000000000000000e+05
1.243891904227792278e+00,5.427626371383666992e+00,4.948074340820312500e+00,1.619999999999999885e+00,0.000000000000000000e+00
1.243920204703866439e+00,5.427626371383666992e+00,4.806571960449218750e+00,1.619999999999999885e+00,3.700000000000000000e+05
1.244332745126440543e+00,5.787626385688781738e+00,5.031524658203125000e+00,1.619999999999999885e+00,0.000000000000000000e+00
1.244361044839575214e+00,5.787626385688781738e+00,4.890026092529296875e+00,1.619999999999999885e+00,3.700000000000000000e+05
1.244773585262149318e+00,5.427626371383666992e+00,4.665073394775390625e+00,1.619999999999999885e+00,0.000000000000000000e+00
1.244801885738223479e+00,5.427626371383666992e+00,4.523571014404296875e+00,1.619999999999999885e+00,3.700000000000000000e+05
1.245214426160797583e+00,5.787626385688781738e+00,4.748523712158203125e+00,1.619999999999999885e+00,0.000000000000000000e+00
1.245242726636871744e+00,5.787626385688781738e+00,4.607021331787109375e+00,1.619999999999999885e+00,3.700000000000000000e+05
1.245655267059445848e+00,5.427626371383666992e+00,4.382068634033203125e+00,1.619999999999999885e+00,0.000000000000000000e+00
1.245683567535520009e+00,5.427626371383666992e+00,4.240566253662109375e+00,1.619999999999999885e+00,3.700000000000000000e+05
1.246096107958094112e+00,5.787626385688781738e+00,4.465518951416015625e+00,1.619999999999999885e+00,0.000000000000000000e+00
1.246124407671228784e+00,5.787626385688781738e+00,4.324020385742187500e+00,1.619999999999999885e+00,3.700000000000000000e+05
1.246536948093802888e+00,5.427626371383666992e+00,4.099067687988281250e+00,1.619999999999999885e+00,0.000000000000000000e+00
1.248874166787657058e+00,1.493762636184692383e+01,1.089058303833007812e+01,1.619999999999999885e+00,3.700000000000000000e+05
1.249286707308477240e+00,1.457762622833251953e+01,1.066563034057617188e+01,1.619999999999999885e+00,0.000000000000000000e+00
1.249315007784551401e+00,1.457762622833251953e+01,1.052412796020507812e+01,1.619999999999999885e+00,3.700000000000000000e+05
1.249727548305371583e+00,1.493762636184692383e+01,1.074908065795898438e+01,1.619999999999999885e+00,0.000000000000000000e+00
1.249755848781445744e+00,1.493762636184692383e+01,1.060757827758789062e+01,1.619999999999999885e+00,3.700000000000000000e+05
1.250168389302265926e+00,1.457762622833251953e+01,1.038262557983398438e+01,1.619999999999999885e+00,0.000000000000000000e+00
1.250196689778340087e+00,1.457762622833251953e+01,1.024112319946289062e+01,1.619999999999999885e+00,3.700000000000000000e+05
1.250609232263680815e+00,1.493762636184692383e+01,1.046607971191406250e+01,1.619999999999999885e+00,0.000000000000000000e+00
1.250637532739754976e+00,1.493762636184692383e+01,1.032457733154296875e+01,1.619999999999999885e+00,3.700000000000000000e+05
1.251050073260575157e+00,1.457762622833251953e+01,1.009962463378906250e+01,1.619999999999999885e+00,0.000000000000000000e+00
1.251078373736649318e+00,1.457762622833251953e+01,9.958122253417968750e+00,1.619999999999999885e+00,3.700000000000000000e+05
1.251490914257469500e+00,1.493762636184692383e+01,1.018307495117187500e+01,1.619999999999999885e+00,0.000000000000000000e+00
1.251519214733543661e+00,1.493762636184692383e+01,1.004157257080078125e+01,1.619999999999999885e+00,3.700000000000000000e+05
1.251931755254363843e+00,1.457762622833251953e+01,9.816619873046875000e+00,1.619999999999999885e+00,0.000000000000000000e+00
1.251960054967498515e+00,1.457762622833251953e+01,9.675121307373046875e+00,1.619999999999999885e+00,3.700000000000000000e+05
1.252372595488318696e+00,1.493762636184692383e+01,9.900074005126953125e+00,1.619999999999999885e+00,0.000000000000000000e+00
1.252400895964392857e+00,1.493762636184692383e+01,9.758571624755859375e+00,1.619999999999999885e+00,3.700000000000000000e+05
1.252813436485213039e+00,1.457762622833251953e+01,9.533618927001953125e+00,1.619999999999999885e+00,0.000000000000000000e+00
1.256066865329952487e+00,2.976264953613281250e-01,1.742496490478515625e+00,1.619999999999999885e+00,3.700000000000000000e+05
1.256479405850772668e+00,-6.237363815307617188e-02,1.517543792724609375e+00,1.619999999999999885e+00,0.000000000000000000e+00
1.256507706326846829e+00,-6.237363815307617188e-02,1.376041412353515625e+00,1.619999999999999885e+00,3.700000000000000000e+05
1.256920246847667011e+00,2.976264953613281250e-01,1.600994110107421875e+00,1.619999999999999885e+00,0.000000000000000000e+00
1.256948547323741172e+00,2.976264953613281250e-01,1.459491729736328125e+00,1.619999999999999885e+00,3.700000000000000000e+05
1.257361087844561354e+00,-6.237363815307617188e-02,1.234539031982421875e+00,1.619999999999999885e+00,0.000000000000000000e+00
1.257389388320635515e+00,-6.237363815307617188e-02,1.093036651611328125e+00,1.619999999999999885e+00,3.700000000000000000e+05
1.257801928841455696e+00,2.976264953613281250e-01,1.317989349365234375e+00,1.619999999999999885e+00,0.000000000000000000e+00
1.257830228554590368e+00,2.976264953613281250e-01,1.176490783691406250e+00,1.619999999999999885e+00,3.700000000000000000e+05
1.258242769075410550e+00,-6.237363815307617188e-02,9.515380859375000000e-01,1.619999999999999885e+00,0.000000000000000000e+00
1.258271069551484711e+00,-6.237363815307617188e-02,8.100357055664062500e-01,1.619999999999999885e+00,3.700000000000000000e+05
1.258683610072304893e+00,2.976264953613281250e-01,1.034988403320312500e+00,1.619999999999999885e+00,0.000000000000000000e+00
1.258711910548379054e+00,2.976264953613281250e-01,8.934860229492187500e-01,1.619999999999999885e+00,3.700000000000000000e+05
1.259124451069199235e+00,-6.237363815307617188e-02,6.685333251953125000e-01,1.619999999999999885e+00,0.000000000000000000e+00
1.259152751545273397e+00,-6.237363815307617188e-02,5.270309448242187500e-01,1.619999999999999885e+00,3.700000000000000000e+05
1.259565292066093578e+00,2.976264953613281250e-01,7.519836425781250000e-01,1.619999999999999885e+00,0.000000000000000000e+00
1.259593591779228250e+00,2.976264953613281250e-01,6.104850769042968750e-01,1.619999999999999885e+00,3.700000000000000000e+05
1.260006132300048431e+00,-6.237363815307617188e-02,3.855323791503906250e-01,1.619999999999999885e+00,0.000000000000000000e+00
1.260034432776122593e+00,-6.237363815307617188e-02,2.440299987792968750e-01,1.619999999999999885e+00,3.700000000000000000e+05
1.260446973296942774e+00,2.976264953613281250e-01,4.689826965332031250e-01,1.619999999999999885e+00,0.000000000000000000e+00
1.260471127562660332e+00,3.496708869934082031e-01,3.600006103515625000e-01,1.619999999999999885e+00,3.700000000000000000e+05
1.260943307809048619e+00,-6.237363815307617188e-02,1.025276184082031250e-01,1.619999999999999885e+00,0.000000000000000000e+00
1.260967309795027136e+00,0.000000000000000000e+00,0.000000000000000000e+00,1.619999999999999885e+00,3.700000000000000000e+05
1.261627512950598273e+00,5.761203765869140625e-01,3.600006103515625000e-01,1.619999999999999885e+00,0.000000000000000000e+00
1.261672802848516906e+00,8.025698661804199219e-01,3.600006103515625000e-01,1.619999999999999885e+00,3.700000000000000000e+05
1.262333006004088043e+00,2.264494895935058594e-01,0.000000000000000000e+00,1.619999999999999885e+00,0.000000000000000000e+00
1.262378295902006675e+00,4.528989791870117188e-01,0.000000000000000000e+00,1.619999999999999885e+00,3.700000000000000000e+05
1.263038499057577813e+00,1.029019355773925781e+00,3.600006103515625000e-01,1.619999999999999885e+00,0.000000000000000000e+00
1.263083789050863937e+00,1.255469322204589844e+00,3.600006103515625000e-01,1.619999999999999885e+00,3.700000000000000000e+05
1.263743992206435074e+00,6.793489456176757812e-01,0.000000000000000000e+00,1.619999999999999885e+00,0.000000000000000000e+00
1.263789282104353706e+00,9.057984352111816406e-01,0.000000000000000000e+00,1.619999999999999885e+00,3.700000000000000000e+05
1.264449485259924844e+00,1.481918811798095703e+00,3.600006103515625000e-01,1.619999999999999885e+00,0.000000000000000000e+00
1.264494775157843476e+00,1.708368301391601562e+00,3.600006103515625000e-01,1.619999999999999885e+00,3.700000000000000000e+05
1.265154978313414613e+00,1.132247924804687500e+00,0.000000000000000000e+00,1.619999999999999885e+00,0.000000000000000000e+00
1.267370980718188322e+00,9.449952840805053711e+00,7.320003509521484375e+00,1.619999999999999885e+00,3.700000000000000000e+05
1.268031181909253569e+00,1.002607321739196777e+01,7.680000305175781250e+00,1.619999999999999885e+00,0.000000000000000000e+00
1.268076471854856058e+00,1.025252294540405273e+01,7.680000305175781250e+00,1.619999999999999885e+00,3.700000000000000000e+05
1.268736673242414126e+00,9.676402330398559570e+00,7.320003509521484375e+00,1.619999999999999885e+00,0.000000000000000000e+00
1.268781963188016615e+00,9.902852058410644531e+00,7.320003509521484375e+00,1.619999999999999885e+00,3.700000000000000000e+05
1.269442164379081861e+00,1.047897243499755859e+01,7.680000305175781250e+00,1.619999999999999885e+00,0.000000000000000000e+00
1.269487454324684350e+00,1.070542216300964355e+01,7.680000305175781250e+00,1.619999999999999885e+00,3.700000000000000000e+05
1.270147655712242418e+00,1.012930154800415039e+01,7.320003509521484375e+00,1.619999999999999885e+00,0.000000000000000000e+00
1.270192945657844907e+00,1.035575127601623535e+01,7.320003509521484375e+00,1.619999999999999885e+00,3.700000000000000000e+05
1.271249363956676204e+00,1.127762651443481445e+01,7.896053314208984375e+00,1.619999999999999885e+00,0.000000000000000000e+00
1.271277664432750365e+00,1.127762651443481445e+01,7.754550933837890625e+00,1.619999999999999885e+00,3.700000000000000000e+05
1.272074583318737684e+00,1.058220076560974121e+01,7.320003509521484375e+00,1.619999999999999885e+00,0.000000000000000000e+00
1.272119873264340173e+00,1.080865049362182617e+01,7.320003509521484375e+00,1.619999999999999885e+00,3.700000000000000000e+05
1.272780074455405419e+00,1.138477087020874023e+01,7.680000305175781250e+00,1.619999999999999885e+00,0.000000000000000000e+00
1.272825364353324051e+00,1.161122035980224609e+01,7.680000305175781250e+00,1.619999999999999885e+00,3.700000000000000000e+05
1.273620184236897490e+00,1.091762638092041016e+01,7.246597290039062500e+00,1.619999999999999885e+00,0.000000000000000000e+00
1.273648484712971651e+00,1.091762638092041016e+01,7.105094909667968750e+00,1.619999999999999885e+00,3.700000000000000000e+05
1.274702804402373824e+00,1.183767032623291016e+01,7.680000305175781250e+00,1.619999999999999885e+00,0.000000000000000000e+00
1.274748094300292456e+00,1.206411981582641602e+01,7.680000305175781250e+00,1.619999999999999885e+00,3.700000000000000000e+05
1.275408295491357702e+00,1.148799943923950195e+01,7.320003509521484375e+00,1.619999999999999885e+00,0.000000000000000000e+00
1.275453585389276334e+00,1.171444892883300781e+01,7.320003509521484375e+00,1.619999999999999885e+00,3.700000000000000000e+05
1.276113786580341580e+00,1.229056930541992188e+01,7.680000305175781250e+00,1.619999999999999885e+00,0.000000000000000000e+00
1.276159076478260213e+00,1.251701879501342773e+01,7.680000305175781250e+00,1.619999999999999885e+00,3.700000000000000000e+05
1.276819277669325459e+00,1.194089841842651367e+01,7.320003509521484375e+00,1.619999999999999885e+00,0.000000000000000000e+00
1.276864567567244091e+00,1.216734790802001953e+01,7.320003509521484375e+00,1.619999999999999885e+00,3.700000000000000000e+05
1.277524768758309337e+00,1.274346828460693359e+01,7.680000305175781250e+00,1.619999999999999885e+00,0.000000000000000000e+00
1.277599606208111194e+00,1.310762643814086914e+01,7.766052246093750000e+00,1.619999999999999885e+00,3.700000000000000000e+05
1.278417615126573370e+00,1.239379739761352539e+01,7.320003509521484375e+00,1.619999999999999885e+00,0.000000000000000000e+00
1.278462905119859494e+00,1.262024736404418945e+01,7.320003509521484375e+00,1.619999999999999885e+00,3.700000000000000000e+05
1.279123106310924740e+00,1.319636774063110352e+01,7.680000305175781250e+00,1.619999999999999885e+00,0.000000000000000000e+00
1.279168396208843372e+00,1.342281723022460938e+01,7.680000305175781250e+00,1.619999999999999885e+00,3.700000000000000000e+05
1.279942128220939335e+00,1.274762630462646484e+01,7.258094787597656250e+00,1.619999999999999885e+00,0.000000000000000000e+00
1.279970427934074007e+00,1.274762630462646484e+01,7.116596221923828125e+00,1.619999999999999885e+00,3.700000000000000000e+05
1.281003657394509165e+00,1.364926671981811523e+01,7.680000305175781250e+00,1.619999999999999885e+00,0.000000000000000000e+00
1.281048947387795289e+00,1.387571668624877930e+01,7.680000305175781250e+00,1.619999999999999885e+00,3.700000000000000000e+05
1.281709148971845957e+00,1.329959583282470703e+01,7.320003509521484375e+00,1.619999999999999885e+00,0.000000000000000000e+00
1.281754438965132081e+00,1.352604579925537109e+01,7.320003509521484375e+00,1.619999999999999885e+00,3.700000000000000000e+05
1.282414640156197327e+00,1.410216617584228516e+01,7.680000305175781250e+00,1.619999999999999885e+00,0.000000000000000000e+00
1.282459930054115960e+00,1.432861566543579102e+01,7.680000305175781250e+00,1.619999999999999885e+00,3.700000000000000000e+05
1.283120131245181206e+00,1.375249528884887695e+01,7.320003509521484375e+00,1.619999999999999885e+00,0.000000000000000000e+00
1.283165421143099838e+00,1.397894477844238281e+01,7.320003509521484375e+00,1.619999999999999885e+00,3.700000000000000000e+05
1.283825622334165084e+00,1.455506515502929688e+01,7.680000305175781250e+00,1.619999999999999885e+00,0.000000000000000000e+00
1.286076032526637158e+00,4.045627593994140625e+00,3.660003662109375000e+00,1.619999999999999885e+00,3.700000000000000000e+05
1.286736233717702405e+00,4.621747970581054688e+00,4.020000457763671875e+00,1.619999999999999885e+00,0.000000000000000000e+00
1.286781523663304894e+00,4.848197698593139648e+00,4.020000457763671875e+00,1.619999999999999885e+00,3.700000000000000000e+05
1.287441724854370140e+00,4.272077322006225586e+00,3.660003662109375000e+00,1.619999999999999885e+00,0.000000000000000000e+00
1.287487014752288772e+00,4.498526811599731445e+00,3.660003662109375000e+00,1.619999999999999885e+00,3.700000000000000000e+05
1.288147215943354018e+00,5.074647188186645508e+00,4.020000457763671875e+00,1.619999999999999885e+00,0.000000000000000000e+00
1.288192505888956507e+00,5.301096916198730469e+00,4.020000457763671875e+00,1.619999999999999885e+00,3.700000000000000000e+05
1.288852707276514575e+00,4.724976301193237305e+00,3.660003662109375000e+00,1.619999999999999885e+00,0.000000000000000000e+00
1.288897997222117064e+00,4.951426029205322266e+00,3.660003662109375000e+00,1.619999999999999885e+00,3.700000000000000000e+05
1.289856236712456639e+00,5.787626266479492188e+00,4.182518005371093750e+00,1.619999999999999885e+00,0.000000000000000000e+00
1.289884537188530800e+00,5.787626266479492188e+00,4.041015625000000000e+00,1.619999999999999885e+00,3.700000000000000000e+05
1.290583277266026396e+00,5.177875518798828125e+00,3.660003662109375000e+00,1.619999999999999885e+00,0.000000000000000000e+00
1.290628567211628885e+00,5.404325246810913086e+00,3.660003662109375000e+00,1.619999999999999885e+00,3.700000000000000000e+05
1.291288768304447832e+00,5.980445504188537598e+00,4.020000457763671875e+00,1.619999999999999885e+00,0.000000000000000000e+00
1.291334058226208281e+00,6.206895112991333008e+00,4.020000457763671875e+00,1.619999999999999885e+00,3.700000000000000000e+05
1.292227056721780842e+00,5.427626371383666992e+00,3.533061981201171875e+00,1.619999999999999885e+00,0.000000000000000000e+00
1.292255357197855004e+00,5.427626371383666992e+00,3.391559600830078125e+00,1.619999999999999885e+00,3.700000000000000000e+05
1.292667897522183029e+00,5.787626266479492188e+00,3.616512298583984375e+00,1.619999999999999885e+00,0.000000000000000000e+00
1.292696197998257190e+00,5.787626266479492188e+00,3.475009918212890625e+00,1.619999999999999885e+00,3.700000000000000000e+05
1.293108738322585216e+00,5.427626371383666992e+00,3.250057220458984375e+00,1.619999999999999885e+00,0.000000000000000000e+00
1.293137038798659377e+00,5.427626371383666992e+00,3.108554840087890625e+00,1.619999999999999885e+00,3.700000000000000000e+05
1.293549579122987403e+00,5.787626266479492188e+00,3.333507537841796875e+00,1.619999999999999885e+00,0.000000000000000000e+00
1.293577878836122075e+00,5.787626266479492188e+00,3.192008972167968750e+00,1.619999999999999885e+00,3.700000000000000000e+05
1.293990419160450100e+00,5.427626371383666992e+00,2.967056274414062500e+00,1.619999999999999885e+00,0.000000000000000000e+00
1.294018719636524262e+00,5.427626371383666992e+00,2.825553894042968750e+00,1.619999999999999885e+00,3.700000000000000000e+05
1.294431259960852287e+00,5.787626266479492188e+00,3.050506591796875000e+00,1.619999999999999885e+00,0.000000000000000000e+00
1.294459560436926449e+00,5.787626266479492188e+00,2.909004211425781250e+00,1.619999999999999885e+00,3.700000000000000000e+05
1.294872100761254474e+00,5.427626371383666992e+00,2.684051513671875000e+00,1.619999999999999885e+00,0.000000000000000000e+00
1.294900401237328635e+00,5.427626371383666992e+00,2.542549133300781250e+00,1.619999999999999885e+00,3.700000000000000000e+05
1.295312941561656661e+00,5.787626266479492188e+00,2.767501831054687500e+00,1.619999999999999885e+00,0.000000000000000000e+00
1.295341241274791333e+00,5.787626266479492188e+00,2.626003265380859375e+00,1.619999999999999885e+00,3.700000000000000000e+05
1.295753781599119359e+00,5.427626371383666992e+00,2.401050567626953125e+00,1.619999999999999885e+00,0.000000000000000000e+00
1.295782082075193520e+00,5.427626371383666992e+00,2.259548187255859375e+00,1.619999999999999885e+00,3.700000000000000000e+05
1.296194622399521545e+00,5.787626266479492188e+00,2.484500885009765625e+00,1.619999999999999885e+00,0.000000000000000000e+00
1.296222922875595707e+00,5.787626266479492188e+00,2.342998504638671875e+00,1.619999999999999885e+00,3.700000000000000000e+05
1.297163707224642026e+00,4.966658353805541992e+00,1.830001831054687500e+00,1.619999999999999885e+00,0.000000000000000000e+00
1.297208997170244515e+00,5.193108081817626953e+00,1.830001831054687500e+00,1.619999999999999885e+00,3.700000000000000000e+05
1.297890283874464590e+00,5.787626266479492188e+00,2.201499938964843750e+00,1.619999999999999885e+00,0.000000000000000000e+00
1.297931957724412166e+00,5.995678067207336426e+00,2.190002441406250000e+00,1.619999999999999885e+00,3.700000000000000000e+05
1.298592160978229382e+00,5.419557571411132812e+00,1.830001831054687500e+00,1.619999999999999885e+00,0.000000000000000000e+00
1.298619500517285807e+00,5.427626371383666992e+00,1.693542480468750000e+00,1.619999999999999885e+00,3.700000000000000000e+05
1.299529956315151225e+00,6.222127676010131836e+00,2.190002441406250000e+00,1.619999999999999885e+00,0.000000000000000000e+00
1.299575246224990765e+00,6.448577225208282471e+00,2.190002441406250000e+00,1.619999999999999885e+00,3.700000000000000000e+05
1.300235449429684831e+00,5.872456789016723633e+00,1.830001831054687500e+00,1.619999999999999885e+00,0.000000000000000000e+00
1.300280739327603463e+00,6.098906278610229492e+00,1.830001831054687500e+00,1.619999999999999885e+00,3.700000000000000000e+05
1.300940942728789684e+00,6.675026953220367432e+00,2.190002441406250000e+00,1.619999999999999885e+00,0.000000000000000000e+00
1.300986232626708317e+00,6.901476442813873291e+00,2.190002441406250000e+00,1.619999999999999885e+00,3.700000000000000000e+05
1.301646435831402382e+00,6.325356006622314453e+00,1.830001831054687500e+00,1.619999999999999885e+00,0.000000000000000000e+00
1.301691725741241923e+00,6.551805555820465088e+00,1.830001831054687500e+00,1.619999999999999885e+00,3.700000000000000000e+05
1.302351928896813060e+00,7.127925932407379150e+00,2.190002441406250000e+00,1.619999999999999885e+00,0.000000000000000000e+00
1.304210350893509895e+00,1.328436326980590820e+01,9.150001525878906250e+00,1.619999999999999885e+00,3.700000000000000000e+05
1.304870554049081033e+00,1.386048364639282227e+01,9.510002136230468750e+00,1.619999999999999885e+00,0.000000000000000000e+00
1.304915844042367157e+00,1.408693361282348633e+01,9.510002136230468750e+00,1.619999999999999885e+00,3.700000000000000000e+05
1.305576047590922384e+00,1.351081275939941406e+01,9.150001525878906250e+00,1.619999999999999885e+00,0.000000000000000000e+00
1.305621337584208508e+00,1.373726272583007812e+01,9.150001525878906250e+00,1.619999999999999885e+00,3.700000000000000000e+05
1.306281540739779645e+00,1.431338310241699219e+01,9.510002136230468750e+00,1.619999999999999885e+00,0.000000000000000000e+00
1.306326830637698277e+00,1.453983259201049805e+01,9.510002136230468750e+00,1.619999999999999885e+00,3.700000000000000000e+05
1.306987033793269415e+00,1.396371221542358398e+01,9.150001525878906250e+00,1.619999999999999885e+00,0.000000000000000000e+00
1.307032323691188047e+00,1.419016170501708984e+01,9.150001525878906250e+00,1.619999999999999885e+00,3.700000000000000000e+05
1.307888877783419890e+00,1.493762636184692383e+01,9.617069244384765625e+00,1.619999999999999885e+00,0.000000000000000000e+00
1.307912960974486394e+00,1.499273204803466797e+01,9.510002136230468750e+00,1.619999999999999885e+00,3.700000000000000000e+05
1.308573164523041621e+00,1.441661119461059570e+01,9.150001525878906250e+00,1.619999999999999885e+00,0.000000000000000000e+00
1.308606389513618851e+00,1.457762622833251953e+01,9.109115600585937500e+00,1.619999999999999885e+00,3.700000000000000000e+05
1.309341576351945813e+00,1.521918153762817383e+01,9.510002136230468750e+00,1.619999999999999885e+00,0.000000000000000000e+00
1.309386866154497175e+00,1.544563055038452148e+01,9.510002136230468750e+00,1.619999999999999885e+00,3.700000000000000000e+05
1.310381552012684692e+00,1.457762622833251953e+01,8.967613220214843750e+00,1.619999999999999885e+00,0.000000000000000000e+00
1.310409852488758853e+00,1.457762622833251953e+01,8.826110839843750000e+00,1.619999999999999885e+00,3.700000000000000000e+05
1.310822393009579034e+00,1.493762636184692383e+01,9.051063537597656250e+00,1.619999999999999885e+00,0.000000000000000000e+00
1.310850693485653196e+00,1.493762636184692383e+01,8.909561157226562500e+00,1.619999999999999885e+00,3.700000000000000000e+05
1.311263234006473377e+00,1.457762622833251953e+01,8.684608459472656250e+00,1.619999999999999885e+00,0.000000000000000000e+00
1.311291533719608049e+00,1.457762622833251953e+01,8.543109893798828125e+00,1.619999999999999885e+00,3.700000000000000000e+05
1.311704074240428231e+00,1.493762636184692383e+01,8.768062591552734375e+00,1.619999999999999885e+00,0.000000000000000000e+00
1.311732374716502392e+00,1.493762636184692383e+01,8.626560211181640625e+00,1.619999999999999885e+00,3.700000000000000000e+05
1.312144915237322573e+00,1.457762622833251953e+01,8.401607513427734375e+00,1.619999999999999885e+00,0.000000000000000000e+00
1.312173215713396734e+00,1.457762622833251953e+01,8.260105133056640625e+00,1.619999999999999885e+00,3.700000000000000000e+05
1.312585756234216916e+00,1.493762636184692383e+01,8.485057830810546875e+00,1.619999999999999885e+00,0.000000000000000000e+00
1.312614056710291077e+00,1.493762636184692383e+01,8.343555450439453125e+00,1.619999999999999885e+00,3.700000000000000000e+05
1.313026597231111259e+00,1.457762622833251953e+01,8.118602752685546875e+00,1.619999999999999885e+00,0.000000000000000000e+00
1.313054896944245931e+00,1.457762622833251953e+01,7.977104187011718750e+00,1.619999999999999885e+00,3.700000000000000000e+05
1.313467437465066112e+00,1.493762636184692383e+01,8.202056884765625000e+00,1.619999999999999885e+00,0.000000000000000000e+00
1.313495737941140273e+00,1.493762636184692383e+01,8.060554504394531250e+00,1.619999999999999885e+00,3.700000000000000000e+05
1.313908278461960455e+00,1.457762622833251953e+01,7.835601806640625000e+00,1.619999999999999885e+00,0.000000000000000000e+00
1.313936578938034616e+00,1.457762622833251953e+01,7.694099426269531250e+00,1.619999999999999885e+00,3.700000000000000000e+05
1.314349119458854798e+00,1.493762636184692383e+01,7.919052124023437500e+00,1.619999999999999885e+00,0.000000000000000000e+00
1.314377419934928959e+00,1.493762636184692383e+01,7.777549743652343750e+00,1.619999999999999885e+00,3.700000000000000000e+05
1.315216516724869278e+00,1.420539426803588867e+01,7.320003509521484375e+00,1.619999999999999885e+00,0.000000000000000000e+00
1.315261806622787910e+00,1.443184375762939453e+01,7.320003509521484375e+00,1.619999999999999885e+00,3.700000000000000000e+05
1.315922007813853156e+00,1.500796413421630859e+01,7.680000305175781250e+00,1.619999999999999885e+00,0.000000000000000000e+00
1.315967297807139280e+00,1.523441410064697266e+01,7.680000305175781250e+00,1.619999999999999885e+00,3.700000000000000000e+05
1.316719939983252097e+00,1.457762622833251953e+01,7.269596099853515625e+00,1.619999999999999885e+00,0.000000000000000000e+00
1.316748240459326258e+00,1.457762622833251953e+01,7.128093719482421875e+00,1.619999999999999885e+00,3.700000000000000000e+05
1.317760382048283496e+00,1.546086359024047852e+01,7.680000305175781250e+00,1.619999999999999885e+00,0.000000000000000000e+00
1.317805671850834859e+00,1.568731260299682617e+01,7.680000305175781250e+00,1.619999999999999885e+00,3.700000000000000000e+05
1.318465872648914905e+00,1.511119270324707031e+01,7.320003509521484375e+00,1.619999999999999885e+00,0.000000000000000000e+00
1.318511162546833537e+00,1.533764219284057617e+01,7.320003509521484375e+00,1.619999999999999885e+00,3.700000000000000000e+05
1.319171363737898783e+00,1.591376256942749023e+01,7.680000305175781250e+00,1.619999999999999885e+00,0.000000000000000000e+00
1.319216653731184907e+00,1.614021253585815430e+01,7.680000305175781250e+00,1.619999999999999885e+00,3.700000000000000000e+05
1.319876854922250153e+00,1.556409215927124023e+01,7.320003509521484375e+00,1.619999999999999885e+00,0.000000000000000000e+00
1.319922144724801516e+00,1.579054117202758789e+01,7.320003509521484375e+00,1.619999999999999885e+00,3.700000000000000000e+05
1.320582345915866762e+00,1.636666154861450195e+01,7.680000305175781250e+00,1.619999999999999885e+00,0.000000000000000000e+00
1.322387235325628074e+00,7.617626368999481201e+00,5.467529296875000000e+00,1.619999999999999885e+00,3.700000000000000000e+05
1.322799775748202178e+00,7.257626354694366455e+00,5.242576599121093750e+00,1.619999999999999885e+00,0.000000000000000000e+00
1.322828076224276339e+00,7.257626354694366455e+00,5.101074218750000000e+00,1.619999999999999885e+00,3.700000000000000000e+05
1.323240616646850443e+00,7.617626368999481201e+00,5.326026916503906250e+00,1.619999999999999885e+00,0.000000000000000000e+00
1.323268916359985115e+00,7.617626368999481201e+00,5.184528350830078125e+00,1.619999999999999885e+00,3.700000000000000000e+05
1.323681456782559218e+00,7.257626354694366455e+00,4.959575653076171875e+00,1.619999999999999885e+00,0.000000000000000000e+00
1.323709757258633379e+00,7.257626354694366455e+00,4.818073272705078125e+00,1.619999999999999885e+00,3.700000000000000000e+05
1.324122297681207483e+00,7.617626368999481201e+00,5.043025970458984375e+00,1.619999999999999885e+00,0.000000000000000000e+00
1.324150598157281644e+00,7.617626368999481201e+00,4.901523590087890625e+00,1.619999999999999885e+00,3.700000000000000000e+05
1.324563138579855748e+00,7.257626354694366455e+00,4.676570892333984375e+00,1.619999999999999885e+00,0.000000000000000000e+00
1.324591439055929909e+00,7.257626354694366455e+00,4.535068511962890625e+00,1.619999999999999885e+00,3.700000000000000000e+05
1.325003979478504013e+00,7.617626368999481201e+00,4.760021209716796875e+00,1.619999999999999885e+00,0.000000000000000000e+00
1.325032279191638684e+00,7.617626368999481201e+00,4.618522644042968750e+00,1.619999999999999885e+00,3.700000000000000000e+05
1.325444819614212788e+00,7.257626354694366455e+00,4.393569946289062500e+00,1.619999999999999885e+00,0.000000000000000000e+00
1.325473120090286949e+00,7.257626354694366455e+00,4.252067565917968750e+00,1.619999999999999885e+00,3.700000000000000000e+05
1.325885660512861053e+00,7.617626368999481201e+00,4.477020263671875000e+00,1.619999999999999885e+00,0.000000000000000000e+00
1.325913960988935214e+00,7.617626368999481201e+00,4.335517883300781250e+00,1.619999999999999885e+00,3.700000000000000000e+05
1.326326501411509318e+00,7.257626354694366455e+00,4.110565185546875000e+00,1.619999999999999885e+00,0.000000000000000000e+00
1.328663720095662359e+00,1.676762628555297852e+01,1.090208053588867188e+01,1.619999999999999885e+00,3.700000000000000000e+05
1.329076260223498229e+00,1.640762662887573242e+01,1.067712783813476562e+01,1.619999999999999885e+00,0.000000000000000000e+00
1.329104559936632901e+00,1.640762662887573242e+01,1.053562927246093750e+01,1.619999999999999885e+00,3.700000000000000000e+05
1.329517100064468771e+00,1.676762628555297852e+01,1.076058197021484375e+01,1.619999999999999885e+00,0.000000000000000000e+00
1.329545400540542932e+00,1.676762628555297852e+01,1.061907958984375000e+01,1.619999999999999885e+00,3.700000000000000000e+05
1.329957940668378802e+00,1.640762662887573242e+01,1.039412689208984375e+01,1.619999999999999885e+00,0.000000000000000000e+00
1.329986241144452963e+00,1.640762662887573242e+01,1.025262451171875000e+01,1.619999999999999885e+00,3.700000000000000000e+05
1.330398781272288833e+00,1.676762628555297852e+01,1.047757720947265625e+01,1.619999999999999885e+00,0.000000000000000000e+00
1.330427081748362994e+00,1.676762628555297852e+01,1.033607482910156250e+01,1.619999999999999885e+00,3.700000000000000000e+05
1.330839621876198864e+00,1.640762662887573242e+01,1.011112213134765625e+01,1.619999999999999885e+00,0.000000000000000000e+00
1.330867921589333536e+00,1.640762662887573242e+01,9.969623565673828125e+00,1.619999999999999885e+00,3.700000000000000000e+05
1.331280461717169405e+00,1.676762628555297852e+01,1.019457626342773438e+01,1.619999999999999885e+00,0.000000000000000000e+00
1.331308762193243567e+00,1.676762628555297852e+01,1.005307388305664062e+01,1.619999999999999885e+00,3.700000000000000000e+05
1.331721302321079436e+00,1.640762662887573242e+01,9.828121185302734375e+00,1.619999999999999885e+00,0.000000000000000000e+00
1.331749602797153598e+00,1.640762662887573242e+01,9.686618804931640625e+00,1.619999999999999885e+00,3.700000000000000000e+05
1.332162142924989467e+00,1.676762628555297852e+01,9.911571502685546875e+00,1.619999999999999885e+00,0.000000000000000000e+00
1.332190443401063629e+00,1.676762628555297852e+01,9.770069122314453125e+00,1.619999999999999885e+00,3.700000000000000000e+05
1.332602983528899498e+00,1.640762662887573242e+01,9.545116424560546875e+00,1.619999999999999885e+00,0.000000000000000000e+00
1.335856412457356424e+00,2.127626419067382812e+00,1.753993988037109375e+00,1.619999999999999885e+00,3.700000000000000000e+05
1.336268952978176605e+00,1.767626285552978516e+00,1.529041290283203125e+00,1.619999999999999885e+00,0.000000000000000000e+00
1.336297253454250766e+00,1.767626285552978516e+00,1.387538909912109375e+00,1.619999999999999885e+00,3.700000000000000000e+05
1.336709793975070948e+00,2.127626419067382812e+00,1.612491607666015625e+00,1.619999999999999885e+00,0.000000000000000000e+00
1.336738093688205620e+00,2.127626419067382812e+00,1.470993041992187500e+00,1.619999999999999885e+00,3.700000000000000000e+05
1.337150634209025801e+00,1.767626285552978516e+00,1.246040344238281250e+00,1.619999999999999885e+00,0.000000000000000000e+00
1.337178934685099962e+00,1.767626285552978516e+00,1.104537963867187500e+00,1.619999999999999885e+00,3.700000000000000000e+05
1.337591475205920144e+00,2.127626419067382812e+00,1.329490661621093750e+00,1.619999999999999885e+00,0.000000000000000000e+00
1.337619775681994305e+00,2.127626419067382812e+00,1.187988281250000000e+00,1.619999999999999885e+00,3.700000000000000000e+05
1.338032316202814487e+00,1.767626285552978516e+00,9.630355834960937500e-01,1.619999999999999885e+00,0.000000000000000000e+00
1.338060616678888648e+00,1.767626285552978516e+00,8.215332031250000000e-01,1.619999999999999885e+00,3.700000000000000000e+05
1.338473157199708830e+00,2.127626419067382812e+00,1.046485900878906250e+00,1.619999999999999885e+00,0.000000000000000000e+00
1.338501456912843501e+00,2.127626419067382812e+00,9.049873352050781250e-01,1.619999999999999885e+00,3.700000000000000000e+05
1.338913997433663683e+00,1.767626285552978516e+00,6.800346374511718750e-01,1.619999999999999885e+00,0.000000000000000000e+00
1.338942297909737844e+00,1.767626285552978516e+00,5.385322570800781250e-01,1.619999999999999885e+00,3.700000000000000000e+05
1.339354838430558026e+00,2.127626419067382812e+00,7.634849548339843750e-01,1.619999999999999885e+00,0.000000000000000000e+00
1.339383138906632187e+00,2.127626419067382812e+00,6.219825744628906250e-01,1.619999999999999885e+00,3.700000000000000000e+05
1.339795679427452368e+00,1.767626285552978516e+00,3.970298767089843750e-01,1.619999999999999885e+00,0.000000000000000000e+00
1.339909671628003673e+00,1.358697414398193359e+00,0.000000000000000000e+00,1.619999999999999885e+00,3.700000000000000000e+05
1.340790822735312693e+00,2.127626419067382812e+00,4.804801940917968750e-01,1.619999999999999885e+00,0.000000000000000000e+00
1.340815840384877777e+00,2.161267757415771484e+00,3.600006103515625000e-01,1.619999999999999885e+00,3.700000000000000000e+05
1.341476043540448915e+00,1.585147380828857422e+00,0.000000000000000000e+00,1.619999999999999885e+00,0.000000000000000000e+00
1.341521333438367547e+00,1.811596870422363281e+00,0.000000000000000000e+00,1.619999999999999885e+00,3.700000000000000000e+05
1.342181536593938684e+00,2.387717247009277344e+00,3.600006103515625000e-01,1.619999999999999885e+00,0.000000000000000000e+00
1.342226826491857317e+00,2.614166736602783203e+00,3.600006103515625000e-01,1.619999999999999885e+00,3.700000000000000000e+05
1.342887029647428454e+00,2.038046360015869141e+00,0.000000000000000000e+00,1.619999999999999885e+00,0.000000000000000000e+00
1.342932319545347086e+00,2.264495849609375000e+00,0.000000000000000000e+00,1.619999999999999885e+00,3.700000000000000000e+05
1.343592522700918224e+00,2.840616226196289062e+00,3.600006103515625000e-01,1.619999999999999885e+00,0.000000000000000000e+00
1.343637812598836856e+00,3.067065715789794922e+00,3.600006103515625000e-01,1.619999999999999885e+00,3.700000000000000000e+05
1.344298015754407993e+00,2.490945339202880859e+00,0.000000000000000000e+00,1.619999999999999885e+00,0.000000000000000000e+00
1.344343305747694117e+00,2.717395305633544922e+00,0.000000000000000000e+00,1.619999999999999885e+00,3.700000000000000000e+05
1.345003508903265255e+00,3.293515682220458984e+00,3.600006103515625000e-01,1.619999999999999885e+00,0.000000000000000000e+00
1.345048798801183887e+00,3.519965171813964844e+00,3.600006103515625000e-01,1.619999999999999885e+00,3.700000000000000000e+05
1.345709001956755024e+00,2.943844795227050781e+00,0.000000000000000000e+00,1.619999999999999885e+00,0.000000000000000000e+00
1.347910157073968662e+00,1.127762627601623535e+01,7.188545227050781250e+00,1.619999999999999885e+00,3.700000000000000000e+05
1.348322697398296688e+00,1.091762638092041016e+01,6.963592529296875000e+00,1.619999999999999885e+00,0.000000000000000000e+00
1.348350997874370849e+00,1.091762638092041016e+01,6.822090148925781250e+00,1.619999999999999885e+00,3.700000000000000000e+05
1.348763540163220309e+00,1.127762627601623535e+01,7.047046661376953125e+00,1.619999999999999885e+00,0.000000000000000000e+00
1.348791840639294470e+00,1.127762627601623535e+01,6.905544281005859375e+00,1.619999999999999885e+00,3.700000000000000000e+05
1.349204380963622496e+00,1.091762638092041016e+01,6.680591583251953125e+00,1.619999999999999885e+00,0.000000000000000000e+00
1.349232681439696657e+00,1.091762638092041016e+01,6.539089202880859375e+00,1.619999999999999885e+00,3.700000000000000000e+05
1.349645221764024683e+00,1.127762627601623535e+01,6.764041900634765625e+00,1.619999999999999885e+00,0.000000000000000000e+00
1.349673522240098844e+00,1.127762627601623535e+01,6.622539520263671875e+00,1.619999999999999885e+00,3.700000000000000000e+05
1.350086062564426870e+00,1.091762638092041016e+01,6.397586822509765625e+00,1.619999999999999885e+00,0.000000000000000000e+00
1.350114363040501031e+00,1.091762638092041016e+01,6.256084442138671875e+00,1.619999999999999885e+00,3.700000000000000000e+05
1.350526905329350491e+00,1.127762627601623535e+01,6.481040954589843750e+00,1.619999999999999885e+00,0.000000000000000000e+00
1.350555205805424652e+00,1.127762627601623535e+01,6.339538574218750000e+00,1.619999999999999885e+00,3.700000000000000000e+05
1.350967746129752678e+00,1.091762638092041016e+01,6.114585876464843750e+00,1.619999999999999885e+00,0.000000000000000000e+00
1.350996046605826839e+00,1.091762638092041016e+01,5.973083496093750000e+00,1.619999999999999885e+00,3.700000000000000000e+05
1.351408586930154865e+00,1.127762627601623535e+01,6.198036193847656250e+00,1.619999999999999885e+00,0.000000000000000000e+00
1.351436887406229026e+00,1.127762627601623535e+01,6.056533813476562500e+00,1.619999999999999885e+00,3.700000000000000000e+05
1.352475850367274912e+00,1.037098360061645508e+01,5.490001678466796875e+00,1.619999999999999885e+00,0.000000000000000000e+00
1.352521140312877401e+00,1.059743332862854004e+01,5.490001678466796875e+00,1.619999999999999885e+00,3.700000000000000000e+05
1.353300605629096598e+00,1.127762627601623535e+01,5.915035247802734375e+00,1.619999999999999885e+00,0.000000000000000000e+00
1.353328322335977107e+00,1.140000319480895996e+01,5.850002288818359375e+00,1.619999999999999885e+00,3.700000000000000000e+05
1.353988525491548245e+00,1.082388281822204590e+01,5.490001678466796875e+00,1.619999999999999885e+00,0.000000000000000000e+00
1.354013556853429501e+00,1.091762638092041016e+01,5.407077789306640625e+00,1.619999999999999885e+00,3.700000000000000000e+05
1.354825834039295573e+00,1.162645292282104492e+01,5.850002288818359375e+00,1.619999999999999885e+00,0.000000000000000000e+00
1.354871123937214206e+00,1.185290241241455078e+01,5.850002288818359375e+00,1.619999999999999885e+00,3.700000000000000000e+05
1.355942900535927365e+00,1.091762638092041016e+01,5.265575408935546875e+00,1.619999999999999885e+00,0.000000000000000000e+00
1.355971200249062036e+00,1.091762638092041016e+01,5.124076843261718750e+00,1.619999999999999885e+00,3.700000000000000000e+05
1.356383740573390062e+00,1.127762627601623535e+01,5.349029541015625000e+00,1.619999999999999885e+00,0.000000000000000000e+00
1.356412041049464223e+00,1.127762627601623535e+01,5.207527160644531250e+00,1.619999999999999885e+00,3.700000000000000000e+05
1.356824581373792249e+00,1.091762638092041016e+01,4.982574462890625000e+00,1.619999999999999885e+00,0.000000000000000000e+00
1.356852881849866410e+00,1.091762638092041016e+01,4.841072082519531250e+00,1.619999999999999885e+00,3.700000000000000000e+05
1.357265422174194436e+00,1.127762627601623535e+01,5.066024780273437500e+00,1.619999999999999885e+00,0.000000000000000000e+00
1.357293722650268597e+00,1.127762627601623535e+01,4.924522399902343750e+00,1.619999999999999885e+00,3.700000000000000000e+05
1.357706262974596623e+00,1.091762638092041016e+01,4.699569702148437500e+00,1.619999999999999885e+00,0.000000000000000000e+00
1.357734562687731295e+00,1.091762638092041016e+01,4.558071136474609375e+00,1.619999999999999885e+00,3.700000000000000000e+05
1.358147103012059320e+00,1.127762627601623535e+01,4.783023834228515625e+00,1.619999999999999885e+00,0.000000000000000000e+00
1.358175403488133481e+00,1.127762627601623535e+01,4.641521453857421875e+00,1.619999999999999885e+00,3.700000000000000000e+05
1.358587943812461507e+00,1.091762638092041016e+01,4.416568756103515625e+00,1.619999999999999885e+00,0.000000000000000000e+00
1.358616244288535668e+00,1.091762638092041016e+01,4.275066375732421875e+00,1.619999999999999885e+00,3.700000000000000000e+05
1.359028784612863694e+00,1.127762627601623535e+01,4.500019073486328125e+00,1.619999999999999885e+00,0.000000000000000000e+00
1.359057085088937855e+00,1.127762627601623535e+01,4.358516693115234375e+00,1.619999999999999885e+00,3.700000000000000000e+05
1.359469625413265881e+00,1.091762638092041016e+01,4.133563995361328125e+00,1.619999999999999885e+00,0.000000000000000000e+00
1.360486127811733947e+00,5.857224345207214355e+00,3.660003662109375000e+00,1.619999999999999885e+00,3.700000000000000000e+05
1.361146329101045493e+00,6.433344841003417969e+00,4.020000457763671875e+00,1.619999999999999885e+00,0.000000000000000000e+00
1.361191619010885034e+00,6.659794390201568604e+00,4.020000457763671875e+00,1.619999999999999885e+00,3.700000000000000000e+05
1.361851820251073431e+00,6.083673954010009766e+00,3.660003662109375000e+00,1.619999999999999885e+00,0.000000000000000000e+00
1.361897110172833880e+00,6.310123562812805176e+00,3.660003662109375000e+00,1.619999999999999885e+00,3.700000000000000000e+05
1.362557311363899126e+00,6.886243939399719238e+00,4.020000457763671875e+00,1.619999999999999885e+00,0.000000000000000000e+00
1.362602601291620141e+00,7.112693578004837036e+00,4.020000457763671875e+00,1.619999999999999885e+00,3.700000000000000000e+05
1.363262802556370223e+00,6.536573112010955811e+00,3.660003662109375000e+00,1.619999999999999885e+00,0.000000000000000000e+00
1.363308092478130673e+00,6.763022720813751221e+00,3.660003662109375000e+00,1.619999999999999885e+00,3.700000000000000000e+05
1.364287422062350652e+00,7.617626324295997620e+00,4.194019317626953125e+00,1.619999999999999885e+00,0.000000000000000000e+00
1.364315722538424813e+00,7.617626324295997620e+00,4.052516937255859375e+00,1.619999999999999885e+00,3.700000000000000000e+05
1.365035552636114424e+00,6.989472299814224243e+00,3.660003662109375000e+00,1.619999999999999885e+00,0.000000000000000000e+00
1.365080842554894813e+00,7.215921893715858459e+00,3.660003662109375000e+00,1.619999999999999885e+00,3.700000000000000000e+05
1.365741043758240902e+00,7.792042285203933716e+00,4.020000457763671875e+00,1.619999999999999885e+00,0.000000000000000000e+00
1.365786333674041009e+00,8.018491864204406738e+00,4.020000457763671875e+00,1.619999999999999885e+00,3.700000000000000000e+05
1.366658244187609617e+00,7.257626309990882874e+00,3.544559478759765625e+00,1.619999999999999885e+00,0.000000000000000000e+00
1.366686544663683778e+00,7.257626309990882874e+00,3.403057098388671875e+00,1.619999999999999885e+00,3.700000000000000000e+05
1.367099087050778872e+00,7.617626324295997620e+00,3.628013610839843750e+00,1.619999999999999885e+00,0.000000000000000000e+00
1.367127387526853033e+00,7.617626324295997620e+00,3.486511230468750000e+00,1.619999999999999885e+00,3.700000000000000000e+05
1.367539927949427137e+00,7.257626309990882874e+00,3.261558532714843750e+00,1.619999999999999885e+00,0.000000000000000000e+00
1.367568228425501298e+00,7.257626309990882874e+00,3.120056152343750000e+00,1.619999999999999885e+00,3.700000000000000000e+05
1.367980768848075401e+00,7.617626324295997620e+00,3.345008850097656250e+00,1.619999999999999885e+00,0.000000000000000000e+00
1.368009069324149563e+00,7.617626324295997620e+00,3.203506469726562500e+00,1.619999999999999885e+00,3.700000000000000000e+05
1.368421609746723666e+00,7.257626309990882874e+00,2.978553771972656250e+00,1.619999999999999885e+00,0.000000000000000000e+00
1.368449910222797827e+00,7.257626309990882874e+00,2.837051391601562500e+00,1.619999999999999885e+00,3.700000000000000000e+05
1.368862452609892921e+00,7.617626324295997620e+00,3.062007904052734375e+00,1.619999999999999885e+00,0.000000000000000000e+00
1.368890753085967082e+00,7.617626324295997620e+00,2.920505523681640625e+00,1.619999999999999885e+00,3.700000000000000000e+05
1.369303293508541186e+00,7.257626309990882874e+00,2.695552825927734375e+00,1.619999999999999885e+00,0.000000000000000000e+00
1.369331593984615347e+00,7.257626309990882874e+00,2.554050445556640625e+00,1.619999999999999885e+00,3.700000000000000000e+05
1.369744134407189451e+00,7.617626324295997620e+00,2.779003143310546875e+00,1.619999999999999885e+00,0.000000000000000000e+00
1.369772434883263612e+00,7.617626324295997620e+00,2.637500762939453125e+00,1.619999999999999885e+00,3.700000000000000000e+05
1.370184975305837716e+00,7.257626309990882874e+00,2.412548065185546875e+00,1.619999999999999885e+00,0.000000000000000000e+00
1.370213275781911877e+00,7.257626309990882874e+00,2.271045684814453125e+00,1.619999999999999885e+00,3.700000000000000000e+05
1.370625818169006971e+00,7.617626324295997620e+00,2.496002197265625000e+00,1.619999999999999885e+00,0.000000000000000000e+00
1.370654118645081132e+00,7.617626324295997620e+00,2.354499816894531250e+00,1.619999999999999885e+00,3.700000000000000000e+05
1.371615992989762667e+00,6.778255164623260498e+00,1.830001831054687500e+00,1.619999999999999885e+00,0.000000000000000000e+00
1.371661282905562773e+00,7.004704743623733521e+00,1.830001831054687500e+00,1.619999999999999885e+00,3.700000000000000000e+05
1.372363657763713274e+00,7.617626324295997620e+00,2.212997436523437500e+00,1.619999999999999885e+00,0.000000000000000000e+00
1.372401865266865473e+00,7.807274848222732544e+00,2.190002441406250000e+00,1.619999999999999885e+00,3.700000000000000000e+05
1.373062068532963309e+00,7.231154337525367737e+00,1.830001831054687500e+00,1.619999999999999885e+00,0.000000000000000000e+00
1.373087614786441701e+00,7.257626309990882874e+00,1.705043792724609375e+00,1.619999999999999885e+00,3.700000000000000000e+05
1.373976980637795497e+00,8.033724427223205566e+00,2.190002441406250000e+00,1.619999999999999885e+00,0.000000000000000000e+00
1.374022270535714130e+00,8.260173916816711426e+00,2.190002441406250000e+00,1.619999999999999885e+00,3.700000000000000000e+05
1.374682473679004424e+00,7.684053555130958557e+00,1.830001831054687500e+00,1.619999999999999885e+00,0.000000000000000000e+00
1.374727763579903339e+00,7.910503059625625610e+00,1.830001831054687500e+00,1.619999999999999885e+00,3.700000000000000000e+05
1.375387966907404946e+00,8.486623644828796387e+00,2.190002441406250000e+00,1.619999999999999885e+00,0.000000000000000000e+00
1.375433256805323579e+00,8.713073134422302246e+00,2.190002441406250000e+00,1.619999999999999885e+00,3.700000000000000000e+05
1.376093459960894716e+00,8.136952757835388184e+00,1.830001831054687500e+00,1.619999999999999885e+00,0.000000000000000000e+00
1.376138749858813348e+00,8.363402247428894043e+00,1.830001831054687500e+00,1.619999999999999885e+00,3.700000000000000000e+05
1.376798953014384486e+00,8.939522624015808105e+00,2.190002441406250000e+00,1.619999999999999885e+00,0.000000000000000000e+00
1.378657375034775923e+00,1.509596014022827148e+01,9.150001525878906250e+00,1.619999999999999885e+00,3.700000000000000000e+05
1.379317578190347060e+00,1.567208051681518555e+01,9.510002136230468750e+00,1.619999999999999885e+00,0.000000000000000000e+00
1.379362868183633184e+00,1.589853048324584961e+01,9.510002136230468750e+00,1.619999999999999885e+00,3.700000000000000000e+05
1.380023071732188411e+00,1.532240962982177734e+01,9.150001525878906250e+00,1.619999999999999885e+00,0.000000000000000000e+00
1.380068361630107043e+00,1.554885911941528320e+01,9.150001525878906250e+00,1.619999999999999885e+00,3.700000000000000000e+05
1.380728564785678181e+00,1.612497949600219727e+01,9.510002136230468750e+00,1.619999999999999885e+00,0.000000000000000000e+00
1.380773854778964305e+00,1.635142946243286133e+01,9.510002136230468750e+00,1.619999999999999885e+00,3.700000000000000000e+05
1.381434057934535442e+00,1.577530908584594727e+01,9.150001525878906250e+00,1.619999999999999885e+00,0.000000000000000000e+00
1.381479347737086805e+00,1.600175809860229492e+01,9.150001525878906250e+00,1.619999999999999885e+00,3.700000000000000000e+05
1.382356992058289213e+00,1.676762628555297852e+01,9.628570556640625000e+00,1.619999999999999885e+00,0.000000000000000000e+00
1.382381815852180118e+00,1.680432844161987305e+01,9.510002136230468750e+00,1.619999999999999885e+00,3.700000000000000000e+05
1.383042019007751255e+00,1.622820806503295898e+01,9.150001525878906250e+00,1.619999999999999885e+00,0.000000000000000000e+00
1.383078380911296534e+00,1.640762662887573242e+01,9.120613098144531250e+00,1.619999999999999885e+00,3.700000000000000000e+05
1.383792479485163263e+00,1.703077840805053711e+01,9.510002136230468750e+00,1.619999999999999885e+00,0.000000000000000000e+00
1.383837769287714625e+00,1.725722742080688477e+01,9.510002136230468750e+00,1.619999999999999885e+00,3.700000000000000000e+05
1.384811366881444572e+00,1.640762662887573242e+01,8.979110717773437500e+00,1.619999999999999885e+00,0.000000000000000000e+00
1.384839666594579244e+00,1.640762662887573242e+01,8.837612152099609375e+00,1.619999999999999885e+00,3.700000000000000000e+05
1.385252206722415114e+00,1.676762628555297852e+01,9.062564849853515625e+00,1.619999999999999885e+00,0.000000000000000000e+00
1.385280507198489275e+00,1.676762628555297852e+01,8.921062469482421875e+00,1.619999999999999885e+00,3.700000000000000000e+05
1.385693047326325145e+00,1.640762662887573242e+01,8.696109771728515625e+00,1.619999999999999885e+00,0.000000000000000000e+00
1.385721347802399306e+00,1.640762662887573242e+01,8.554607391357421875e+00,1.619999999999999885e+00,3.700000000000000000e+05
1.386133887930235176e+00,1.676762628555297852e+01,8.779560089111328125e+00,1.619999999999999885e+00,0.000000000000000000e+00
1.386162188406309337e+00,1.676762628555297852e+01,8.638057708740234375e+00,1.619999999999999885e+00,3.700000000000000000e+05
1.386574728534145207e+00,1.640762662887573242e+01,8.413105010986328125e+00,1.619999999999999885e+00,0.000000000000000000e+00
1.386603028247279878e+00,1.640762662887573242e+01,8.271606445312500000e+00,1.619999999999999885e+00,3.700000000000000000e+05
1.387015568375115748e+00,1.676762628555297852e+01,8.496559143066406250e+00,1.619999999999999885e+00,0.000000000000000000e+00
1.387043868851189909e+00,1.676762628555297852e+01,8.355056762695312500e+00,1.619999999999999885e+00,3.700000000000000000e+05
1.387456408979025779e+00,1.640762662887573242e+01,8.130104064941406250e+00,1.619999999999999885e+00,0.000000000000000000e+00
1.387484709455099940e+00,1.640762662887573242e+01,7.988601684570312500e+00,1.619999999999999885e+00,3.700000000000000000e+05
1.387897249582935810e+00,1.676762628555297852e+01,8.213554382324218750e+00,1.619999999999999885e+00,0.000000000000000000e+00
1.387925550059009971e+00,1.676762628555297852e+01,8.072052001953125000e+00,1.619999999999999885e+00,3.700000000000000000e+05
1.388338090186845841e+00,1.640762662887573242e+01,7.847099304199218750e+00,1.619999999999999885e+00,0.000000000000000000e+00
1.388366389899980513e+00,1.640762662887573242e+01,7.705600738525390625e+00,1.619999999999999885e+00,3.700000000000000000e+05
1.388778930027816383e+00,1.676762628555297852e+01,7.930553436279296875e+00,1.619999999999999885e+00,0.000000000000000000e+00
1.388807230503890544e+00,1.676762628555297852e+01,7.789051055908203125e+00,1.619999999999999885e+00,3.700000000000000000e+05
1.389667417129812899e+00,1.601699113845825195e+01,7.320003509521484375e+00,1.619999999999999885e+00,0.000000000000000000e+00
1.389712706932364261e+00,1.624344015121459961e+01,7.320003509521484375e+00,1.619999999999999885e+00,3.700000000000000000e+05
1.390372908123429507e+00,1.681956052780151367e+01,7.680000305175781250e+00,1.619999999999999885e+00,0.000000000000000000e+00
1.390418198116715631e+00,1.704601049423217773e+01,7.680000305175781250e+00,1.619999999999999885e+00,3.700000000000000000e+05
1.391149751635382570e+00,1.640762662887573242e+01,7.281093597412109375e+00,1.619999999999999885e+00,0.000000000000000000e+00
1.391178051348517242e+00,1.640762662887573242e+01,7.139595031738281250e+00,1.619999999999999885e+00,3.700000000000000000e+05
1.392169102708507022e+00,1.727246046066284180e+01,7.680000305175781250e+00,1.619999999999999885e+00,0.000000000000000000e+00
1.392214392511058385e+00,1.749890947341918945e+01,7.680000305175781250e+00,1.619999999999999885e+00,3.700000000000000000e+05
1.392874593702123631e+00,1.692278909683227539e+01,7.320003509521484375e+00,1.619999999999999885e+00,0.000000000000000000e+00
1.392919883695409755e+00,1.714923906326293945e+01,7.320003509521484375e+00,1.619999999999999885e+00,3.700000000000000000e+05
1.393580084886475001e+00,1.772535943984985352e+01,7.680000305175781250e+00,1.619999999999999885e+00,0.000000000000000000e+00
1.393625374689026364e+00,1.795180845260620117e+01,7.680000305175781250e+00,1.619999999999999885e+00,3.700000000000000000e+05
1.394285575880091610e+00,1.737568807601928711e+01,7.320003509521484375e+00,1.619999999999999885e+00,0.000000000000000000e+00
1.394330865873377734e+00,1.760213804244995117e+01,7.320003509521484375e+00,1.619999999999999885e+00,3.700000000000000000e+05
1.394991067064442980e+00,1.817825841903686523e+01,7.680000305175781250e+00,1.619999999999999885e+00,0.000000000000000000e+00
1.396791824725956310e+00,9.447626352310180664e+00,5.479030609130859375e+00,1.619999999999999885e+00,3.700000000000000000e+05
1.397204365148530414e+00,9.087626338005065918e+00,5.254077911376953125e+00,1.619999999999999885e+00,0.000000000000000000e+00
1.397232665624604575e+00,9.087626338005065918e+00,5.112575531005859375e+00,1.619999999999999885e+00,3.700000000000000000e+05
1.397645206047178679e+00,9.447626352310180664e+00,5.337528228759765625e+00,1.619999999999999885e+00,0.000000000000000000e+00
1.397673506523252840e+00,9.447626352310180664e+00,5.196025848388671875e+00,1.619999999999999885e+00,3.700000000000000000e+05
1.398086046945826943e+00,9.087626338005065918e+00,4.971073150634765625e+00,1.619999999999999885e+00,0.000000000000000000e+00
1.398114347421901105e+00,9.087626338005065918e+00,4.829570770263671875e+00,1.619999999999999885e+00,3.700000000000000000e+05
1.398526889808996199e+00,9.447626352310180664e+00,5.054527282714843750e+00,1.619999999999999885e+00,0.000000000000000000e+00
1.398555190285070360e+00,9.447626352310180664e+00,4.913024902343750000e+00,1.619999999999999885e+00,3.700000000000000000e+05
1.398967730707644463e+00,9.087626338005065918e+00,4.688072204589843750e+00,1.619999999999999885e+00,0.000000000000000000e+00
1.398996031183718625e+00,9.087626338005065918e+00,4.546569824218750000e+00,1.619999999999999885e+00,3.700000000000000000e+05
1.399408571606292728e+00,9.447626352310180664e+00,4.771522521972656250e+00,1.619999999999999885e+00,0.000000000000000000e+00
1.399436872082366889e+00,9.447626352310180664e+00,4.630020141601562500e+00,1.619999999999999885e+00,3.700000000000000000e+05
1.399849412504940993e+00,9.087626338005065918e+00,4.405067443847656250e+00,1.619999999999999885e+00,0.000000000000000000e+00
1.399877712218075665e+00,9.087626338005065918e+00,4.263568878173828125e+00,1.619999999999999885e+00,3.700000000000000000e+05
1.400290252640649769e+00,9.447626352310180664e+00,4.488521575927734375e+00,1.619999999999999885e+00,0.000000000000000000e+00
1.400318553116723930e+00,9.447626352310180664e+00,4.347019195556640625e+00,1.619999999999999885e+00,3.700000000000000000e+05
1.400731093539298033e+00,9.087626338005065918e+00,4.122066497802734375e+00,1.619999999999999885e+00,0.000000000000000000e+00
1.401860169759223229e+00,3.957626342773437500e+00,1.765495300292968750e+00,1.619999999999999885e+00,3.700000000000000000e+05
1.402272710083551255e+00,3.597626447677612305e+00,1.540542602539062500e+00,1.619999999999999885e+00,0.000000000000000000e+00
1.402301010559625416e+00,3.597626447677612305e+00,1.399040222167968750e+00,1.619999999999999885e+00,3.700000000000000000e+05
1.402713550883953442e+00,3.957626342773437500e+00,1.623992919921875000e+00,1.619999999999999885e+00,0.000000000000000000e+00
1.402741851360027603e+00,3.957626342773437500e+00,1.482490539550781250e+00,1.619999999999999885e+00,3.700000000000000000e+05
1.403154391684355629e+00,3.597626447677612305e+00,1.257537841796875000e+00,1.619999999999999885e+00,0.000000000000000000e+00
1.403182692160429790e+00,3.597626447677612305e+00,1.116035461425781250e+00,1.619999999999999885e+00,3.700000000000000000e+05
1.403595232484757815e+00,3.957626342773437500e+00,1.340988159179687500e+00,1.619999999999999885e+00,0.000000000000000000e+00
1.403623532197892487e+00,3.957626342773437500e+00,1.199489593505859375e+00,1.619999999999999885e+00,3.700000000000000000e+05
1.404036072522220513e+00,3.597626447677612305e+00,9.745368957519531250e-01,1.619999999999999885e+00,0.000000000000000000e+00
1.404064372998294674e+00,3.597626447677612305e+00,8.330345153808593750e-01,1.619999999999999885e+00,3.700000000000000000e+05
1.404476913322622700e+00,3.957626342773437500e+00,1.057987213134765625e+00,1.619999999999999885e+00,0.000000000000000000e+00
1.404505213798696861e+00,3.957626342773437500e+00,9.164848327636718750e-01,1.619999999999999885e+00,3.700000000000000000e+05
1.404917754123024887e+00,3.597626447677612305e+00,6.915321350097656250e-01,1.619999999999999885e+00,0.000000000000000000e+00
1.404946054599099048e+00,3.597626447677612305e+00,5.500297546386718750e-01,1.619999999999999885e+00,3.700000000000000000e+05
1.405358594923427074e+00,3.957626342773437500e+00,7.749824523925781250e-01,1.619999999999999885e+00,0.000000000000000000e+00
1.405386894636561745e+00,3.957626342773437500e+00,6.334838867187500000e-01,1.619999999999999885e+00,3.700000000000000000e+05
1.405799434960889771e+00,3.597626447677612305e+00,4.085311889648437500e-01,1.619999999999999885e+00,0.000000000000000000e+00
1.405917673788652733e+00,3.170294284820556641e+00,0.000000000000000000e+00,1.619999999999999885e+00,3.700000000000000000e+05
1.406819914731948451e+00,3.957626342773437500e+00,4.919815063476562500e-01,1.619999999999999885e+00,0.000000000000000000e+00
1.406846486256336348e+00,3.972864151000976562e+00,3.600006103515625000e-01,1.619999999999999885e+00,3.700000000000000000e+05
1.407506689411907486e+00,3.396743774414062500e+00,0.000000000000000000e+00,1.619999999999999885e+00,0.000000000000000000e+00
1.407546992801077312e+00,3.597626447677612305e+00,-1.597595214843750000e-02,1.619999999999999885e+00,3.700000000000000000e+05
1.408236494359866864e+00,4.199313879013061523e+00,3.600006103515625000e-01,1.619999999999999885e+00,0.000000000000000000e+00
1.408281784257785496e+00,4.425763368606567383e+00,3.600006103515625000e-01,1.619999999999999885e+00,3.700000000000000000e+05
1.409230783264912246e+00,3.597626447677612305e+00,-1.574745178222656250e-01,1.619999999999999885e+00,0.000000000000000000e+00
1.409259083740986407e+00,3.597626447677612305e+00,-2.989768981933593750e-01,1.619999999999999885e+00,3.700000000000000000e+05
1.409671624065314433e+00,3.957626342773437500e+00,-7.402420043945312500e-02,1.619999999999999885e+00,0.000000000000000000e+00
1.409699924541388594e+00,3.957626342773437500e+00,-2.155265808105468750e-01,1.619999999999999885e+00,3.700000000000000000e+05
1.410112464865716619e+00,3.597626447677612305e+00,-4.404792785644531250e-01,1.619999999999999885e+00,0.000000000000000000e+00
1.410140765341790781e+00,3.597626447677612305e+00,-5.819816589355468750e-01,1.619999999999999885e+00,3.700000000000000000e+05
1.410553307630640241e+00,3.957626342773437500e+00,-3.570251464843750000e-01,1.619999999999999885e+00,0.000000000000000000e+00
1.410581608106714402e+00,3.957626342773437500e+00,-4.985275268554687500e-01,1.619999999999999885e+00,3.700000000000000000e+05
1.410994148431042428e+00,3.597626447677612305e+00,-7.234802246093750000e-01,1.619999999999999885e+00,0.000000000000000000e+00
1.411022448907116589e+00,3.597626447677612305e+00,-8.649826049804687500e-01,1.619999999999999885e+00,3.700000000000000000e+05
1.411434989231444614e+00,3.957626342773437500e+00,-6.400299072265625000e-01,1.619999999999999885e+00,0.000000000000000000e+00
1.411463289707518776e+00,3.957626342773437500e+00,-7.815322875976562500e-01,1.619999999999999885e+00,3.700000000000000000e+05
1.411875830031846801e+00,3.597626447677612305e+00,-1.006484985351562500e+00,1.619999999999999885e+00,0.000000000000000000e+00
1.411904130507920963e+00,3.597626447677612305e+00,-1.147987365722656250e+00,1.619999999999999885e+00,3.700000000000000000e+05
1.412316672796770423e+00,3.957626342773437500e+00,-9.230308532714843750e-01,1.619999999999999885e+00,0.000000000000000000e+00
1.412344973272844584e+00,3.957626342773437500e+00,-1.064533233642578125e+00,1.619999999999999885e+00,3.700000000000000000e+05
1.412757513597172609e+00,3.597626447677612305e+00,-1.289485931396484375e+00,1.619999999999999885e+00,0.000000000000000000e+00
1.412785814073246771e+00,3.597626447677612305e+00,-1.430988311767578125e+00,1.619999999999999885e+00,3.700000000000000000e+05
1.413198354397574796e+00,3.957626342773437500e+00,-1.206035614013671875e+00,1.619999999999999885e+00,0.000000000000000000e+00
1.413226654873648958e+00,3.957626342773437500e+00,-1.347537994384765625e+00,1.619999999999999885e+00,3.700000000000000000e+05
1.413639195197976983e+00,3.597626447677612305e+00,-1.572490692138671875e+00,1.619999999999999885e+00,0.000000000000000000e+00
1.413667494911111655e+00,3.597626447677612305e+00,-1.713989257812500000e+00,1.619999999999999885e+00,3.700000000000000000e+05
1.414114952198348041e+00,3.988096714019775391e+00,-1.469997406005859375e+00,1.619999999999999885e+00,0.000000000000000000e+00
1.414160242143950530e+00,4.214546442031860352e+00,-1.469997406005859375e+00,1.619999999999999885e+00,3.700000000000000000e+05
1.414820445496013601e+00,3.638425827026367188e+00,-1.829998016357421875e+00,1.619999999999999885e+00,0.000000000000000000e+00
1.414865735441616090e+00,3.864875555038452148e+00,-1.829998016357421875e+00,1.619999999999999885e+00,3.700000000000000000e+05
1.415525938597187228e+00,4.440995931625366211e+00,-1.469997406005859375e+00,1.619999999999999885e+00,0.000000000000000000e+00
1.415571228495105860e+00,4.667445421218872070e+00,-1.469997406005859375e+00,1.619999999999999885e+00,3.700000000000000000e+05
1.416231431650676997e+00,4.091325044631958008e+00,-1.829998016357421875e+00,1.619999999999999885e+00,0.000000000000000000e+00
1.416276721596279486e+00,4.317774772644042969e+00,-1.829998016357421875e+00,1.619999999999999885e+00,3.700000000000000000e+05
1.416936924751850624e+00,4.893895149230957031e+00,-1.469997406005859375e+00,1.619999999999999885e+00,0.000000000000000000e+00
1.416982214649769256e+00,5.120344638824462891e+00,-1.469997406005859375e+00,1.619999999999999885e+00,3.700000000000000000e+05
1.417642417805340393e+00,4.544224262237548828e+00,-1.829998016357421875e+00,1.619999999999999885e+00,0.000000000000000000e+00
1.417687707703259026e+00,4.770673751831054688e+00,-1.829998016357421875e+00,1.619999999999999885e+00,3.700000000000000000e+05
1.418347911055322097e+00,5.346794366836547852e+00,-1.469997406005859375e+00,1.619999999999999885e+00,0.000000000000000000e+00
1.420675142684985515e+00,1.310762643814086914e+01,7.200046539306640625e+00,1.619999999999999885e+00,3.700000000000000000e+05
1.421087683205805696e+00,1.274762630462646484e+01,6.975093841552734375e+00,1.619999999999999885e+00,0.000000000000000000e+00
1.421115983681879857e+00,1.274762630462646484e+01,6.833591461181640625e+00,1.619999999999999885e+00,3.700000000000000000e+05
1.421528524202700039e+00,1.310762643814086914e+01,7.058544158935546875e+00,1.619999999999999885e+00,0.000000000000000000e+00
1.421556824678774200e+00,1.310762643814086914e+01,6.917041778564453125e+00,1.619999999999999885e+00,3.700000000000000000e+05
1.421969365199594382e+00,1.274762630462646484e+01,6.692089080810546875e+00,1.619999999999999885e+00,0.000000000000000000e+00
1.421997664912729054e+00,1.274762630462646484e+01,6.550590515136718750e+00,1.619999999999999885e+00,3.700000000000000000e+05
1.422410205433549235e+00,1.310762643814086914e+01,6.775543212890625000e+00,1.619999999999999885e+00,0.000000000000000000e+00
1.422438505909623396e+00,1.310762643814086914e+01,6.634040832519531250e+00,1.619999999999999885e+00,3.700000000000000000e+05
1.422851046430443578e+00,1.274762630462646484e+01,6.409088134765625000e+00,1.619999999999999885e+00,0.000000000000000000e+00
1.422879346906517739e+00,1.274762630462646484e+01,6.267585754394531250e+00,1.619999999999999885e+00,3.700000000000000000e+05
1.423291887427337921e+00,1.310762643814086914e+01,6.492538452148437500e+00,1.619999999999999885e+00,0.000000000000000000e+00
1.423320187903412082e+00,1.310762643814086914e+01,6.351036071777343750e+00,1.619999999999999885e+00,3.700000000000000000e+05
1.423732728424232263e+00,1.274762630462646484e+01,6.126083374023437500e+00,1.619999999999999885e+00,0.000000000000000000e+00
1.423761028137366935e+00,1.274762630462646484e+01,5.984584808349609375e+00,1.619999999999999885e+00,3.700000000000000000e+05
1.424173568658187117e+00,1.310762643814086914e+01,6.209537506103515625e+00,1.619999999999999885e+00,0.000000000000000000e+00
1.425374913346923789e+00,7.668821081519126892e+00,3.660003662109375000e+00,1.619999999999999885e+00,3.700000000000000000e+05
1.426035114599393028e+00,8.244941532611846924e+00,4.020000457763671875e+00,1.619999999999999885e+00,0.000000000000000000e+00
1.426080404509232569e+00,8.471391081809997559e+00,4.020000457763671875e+00,1.619999999999999885e+00,3.700000000000000000e+05
1.426740605724859501e+00,7.895270675420761108e+00,3.660003662109375000e+00,1.619999999999999885e+00,0.000000000000000000e+00
1.426785895640659607e+00,8.121720254421234131e+00,3.660003662109375000e+00,1.619999999999999885e+00,3.700000000000000000e+05
1.427446096880848003e+00,8.697840690612792969e+00,4.020000457763671875e+00,1.619999999999999885e+00,0.000000000000000000e+00
1.427491386802608453e+00,8.924290299415588379e+00,4.020000457763671875e+00,1.619999999999999885e+00,3.700000000000000000e+05
1.428151588042796849e+00,8.348169863224029541e+00,3.660003662109375000e+00,1.619999999999999885e+00,0.000000000000000000e+00
1.428196877952636390e+00,8.574619412422180176e+00,3.660003662109375000e+00,1.619999999999999885e+00,3.700000000000000000e+05
1.429197295641667198e+00,9.447626352310180664e+00,4.205516815185546875e+00,1.619999999999999885e+00,0.000000000000000000e+00
1.429225596117741359e+00,9.447626352310180664e+00,4.064014434814453125e+00,1.619999999999999885e+00,3.700000000000000000e+05
1.429966514295682556e+00,8.801069021224975586e+00,3.660003662109375000e+00,1.619999999999999885e+00,0.000000000000000000e+00
1.430011804217443006e+00,9.027518630027770996e+00,3.660003662109375000e+00,1.619999999999999885e+00,3.700000000000000000e+05
1.430672005310261952e+00,9.603638887405395508e+00,4.020000457763671875e+00,1.619999999999999885e+00,0.000000000000000000e+00
1.430717295255864441e+00,9.830088615417480469e+00,4.020000457763671875e+00,1.619999999999999885e+00,3.700000000000000000e+05
1.431568115749237924e+00,9.087626338005065918e+00,3.556060791015625000e+00,1.619999999999999885e+00,0.000000000000000000e+00
1.431596416225312085e+00,9.087626338005065918e+00,3.414558410644531250e+00,1.619999999999999885e+00,3.700000000000000000e+05
1.432008956647886189e+00,9.447626352310180664e+00,3.639511108398437500e+00,1.619999999999999885e+00,0.000000000000000000e+00
1.432037257123960350e+00,9.447626352310180664e+00,3.498008728027343750e+00,1.619999999999999885e+00,3.700000000000000000e+05
1.432449797546534453e+00,9.087626338005065918e+00,3.273056030273437500e+00,1.619999999999999885e+00,0.000000000000000000e+00
1.432478097259669125e+00,9.087626338005065918e+00,3.131557464599609375e+00,1.619999999999999885e+00,3.700000000000000000e+05
1.432890637682243229e+00,9.447626352310180664e+00,3.356510162353515625e+00,1.619999999999999885e+00,0.000000000000000000e+00
1.432918938158317390e+00,9.447626352310180664e+00,3.215007781982421875e+00,1.619999999999999885e+00,3.700000000000000000e+05
1.433331478580891494e+00,9.087626338005065918e+00,2.990055084228515625e+00,1.619999999999999885e+00,0.000000000000000000e+00
1.433359779056965655e+00,9.087626338005065918e+00,2.848552703857421875e+00,1.619999999999999885e+00,3.700000000000000000e+05
1.433772319479539759e+00,9.447626352310180664e+00,3.073505401611328125e+00,1.619999999999999885e+00,0.000000000000000000e+00
1.433800619955613920e+00,9.447626352310180664e+00,2.932003021240234375e+00,1.619999999999999885e+00,3.700000000000000000e+05
1.434213160378188023e+00,9.087626338005065918e+00,2.707050323486328125e+00,1.619999999999999885e+00,0.000000000000000000e+00
1.434241460091322695e+00,9.087626338005065918e+00,2.565551757812500000e+00,1.619999999999999885e+00,3.700000000000000000e+05
1.434654000513896799e+00,9.447626352310180664e+00,2.790504455566406250e+00,1.619999999999999885e+00,0.000000000000000000e+00
1.434682300989970960e+00,9.447626352310180664e+00,2.649002075195312500e+00,1.619999999999999885e+00,3.700000000000000000e+05
1.435094841412545064e+00,9.087626338005065918e+00,2.424049377441406250e+00,1.619999999999999885e+00,0.000000000000000000e+00
1.435123141888619225e+00,9.087626338005065918e+00,2.282546997070312500e+00,1.619999999999999885e+00,3.700000000000000000e+05
1.435535682311193328e+00,9.447626352310180664e+00,2.507499694824218750e+00,1.619999999999999885e+00,0.000000000000000000e+00
1.435563982787267490e+00,9.447626352310180664e+00,2.365997314453125000e+00,1.619999999999999885e+00,3.700000000000000000e+05
1.436546945236758743e+00,8.589851856231689453e+00,1.830001831054687500e+00,1.619999999999999885e+00,0.000000000000000000e+00
1.436592235158519193e+00,8.816301465034484863e+00,1.830001831054687500e+00,1.619999999999999885e+00,3.700000000000000000e+05
1.437315700061428947e+00,9.447626352310180664e+00,2.224498748779296875e+00,1.619999999999999885e+00,0.000000000000000000e+00
1.437350637078388393e+00,9.618871450424194336e+00,2.190002441406250000e+00,1.619999999999999885e+00,3.700000000000000000e+05
1.438010840233959531e+00,9.042751073837280273e+00,1.830001831054687500e+00,1.619999999999999885e+00,0.000000000000000000e+00
1.438035242761407595e+00,9.087626338005065918e+00,1.716541290283203125e+00,1.619999999999999885e+00,3.700000000000000000e+05
1.438903520557074822e+00,9.845321178436279297e+00,2.190002441406250000e+00,1.619999999999999885e+00,0.000000000000000000e+00
1.438948810454993454e+00,1.007177066802978516e+01,2.190002441406250000e+00,1.619999999999999885e+00,3.700000000000000000e+05
1.439609013610564592e+00,9.495650291442871094e+00,1.830001831054687500e+00,1.619999999999999885e+00,0.000000000000000000e+00
1.439654303508483224e+00,9.722099781036376953e+00,1.830001831054687500e+00,1.619999999999999885e+00,3.700000000000000000e+05
1.440314506860546295e+00,1.029822039604187012e+01,2.190002441406250000e+00,1.619999999999999885e+00,0.000000000000000000e+00
1.440359796758464928e+00,1.052466988563537598e+01,2.190002441406250000e+00,1.619999999999999885e+00,3.700000000000000000e+05
1.441019999914036065e+00,9.948549509048461914e+00,1.830001831054687500e+00,1.619999999999999885e+00,0.000000000000000000e+00
1.441065289811954697e+00,1.017499899864196777e+01,1.830001831054687500e+00,1.619999999999999885e+00,3.700000000000000000e+05
1.441725492967525835e+00,1.075111937522888184e+01,2.190002441406250000e+00,1.619999999999999885e+00,0.000000000000000000e+00
1.443583915003713525e+00,1.690755701065063477e+01,9.150001525878906250e+00,1.619999999999999885e+00,3.700000000000000000e+05
1.444244118159284662e+00,1.748367738723754883e+01,9.510002136230468750e+00,1.619999999999999885e+00,0.000000000000000000e+00
1.444289407961836025e+00,1.771012639999389648e+01,9.510002136230468750e+00,1.619999999999999885e+00,3.700000000000000000e+05
1.444949611117407162e+00,1.713400602340698242e+01,9.150001525878906250e+00,1.619999999999999885e+00,0.000000000000000000e+00
1.444994901110693286e+00,1.736045598983764648e+01,9.150001525878906250e+00,1.619999999999999885e+00,3.700000000000000000e+05
1.445655104266264424e+00,1.793657636642456055e+01,9.510002136230468750e+00,1.619999999999999885e+00,0.000000000000000000e+00
1.445700394259550547e+00,1.816302633285522461e+01,9.510002136230468750e+00,1.619999999999999885e+00,3.700000000000000000e+05
1.446360597415121685e+00,1.758690595626831055e+01,9.150001525878906250e+00,1.619999999999999885e+00,0.000000000000000000e+00
1.446405887217673047e+00,1.781335496902465820e+01,9.150001525878906250e+00,1.619999999999999885e+00,3.700000000000000000e+05
1.447304619410349380e+00,1.859762620925903320e+01,9.640068054199218750e+00,1.619999999999999885e+00,0.000000000000000000e+00
1.447332919886423541e+00,1.859762620925903320e+01,9.498565673828125000e+00,1.619999999999999885e+00,3.700000000000000000e+05
1.447972152273270030e+00,1.803980493545532227e+01,9.150001525878906250e+00,1.619999999999999885e+00,0.000000000000000000e+00
1.448011878003522712e+00,1.823762655258178711e+01,9.132114410400390625e+00,1.619999999999999885e+00,3.700000000000000000e+05
1.448424418131358582e+00,1.859762620925903320e+01,9.357067108154296875e+00,1.619999999999999885e+00,0.000000000000000000e+00
1.448452718607432743e+00,1.859762620925903320e+01,9.215564727783203125e+00,1.619999999999999885e+00,3.700000000000000000e+05
1.448865258735268613e+00,1.823762655258178711e+01,8.990612030029296875e+00,1.619999999999999885e+00,0.000000000000000000e+00
1.448893559211342774e+00,1.823762655258178711e+01,8.849109649658203125e+00,1.619999999999999885e+00,3.700000000000000000e+05
1.449306099339178644e+00,1.859762620925903320e+01,9.074062347412109375e+00,1.619999999999999885e+00,0.000000000000000000e+00
1.449334399815252805e+00,1.859762620925903320e+01,8.932559967041015625e+00,1.619999999999999885e+00,3.700000000000000000e+05
1.449746939943088675e+00,1.823762655258178711e+01,8.707607269287109375e+00,1.619999999999999885e+00,0.000000000000000000e+00
1.449775239656223347e+00,1.823762655258178711e+01,8.566108703613281250e+00,1.619999999999999885e+00,3.700000000000000000e+05
1.450187779784059217e+00,1.859762620925903320e+01,8.791061401367187500e+00,1.619999999999999885e+00,0.000000000000000000e+00
1.450216080260133378e+00,1.859762620925903320e+01,8.649559020996093750e+00,1.619999999999999885e+00,3.700000000000000000e+05
1.450628620387969248e+00,1.823762655258178711e+01,8.424606323242187500e+00,1.619999999999999885e+00,0.000000000000000000e+00
1.450656920864043409e+00,1.823762655258178711e+01,8.283103942871093750e+00,1.619999999999999885e+00,3.700000000000000000e+05
1.451069460991879279e+00,1.859762620925903320e+01,8.508056640625000000e+00,1.619999999999999885e+00,0.000000000000000000e+00
1.451097760705013950e+00,1.859762620925903320e+01,8.366558074951171875e+00,1.619999999999999885e+00,3.700000000000000000e+05
1.451510302797372143e+00,1.823762655258178711e+01,8.141601562500000000e+00,1.619999999999999885e+00,0.000000000000000000e+00
1.451538602510506815e+00,1.823762655258178711e+01,8.000102996826171875e+00,1.619999999999999885e+00,3.700000000000000000e+05
1.451951142638342684e+00,1.859762620925903320e+01,8.225055694580078125e+00,1.619999999999999885e+00,0.000000000000000000e+00
1.451979443114416846e+00,1.859762620925903320e+01,8.083553314208984375e+00,1.619999999999999885e+00,3.700000000000000000e+05
1.452391983242252715e+00,1.823762655258178711e+01,7.858600616455078125e+00,1.619999999999999885e+00,0.000000000000000000e+00
1.452420283718326877e+00,1.823762655258178711e+01,7.717098236083984375e+00,1.619999999999999885e+00,3.700000000000000000e+05
1.452832823846162746e+00,1.859762620925903320e+01,7.942050933837890625e+00,1.619999999999999885e+00,0.000000000000000000e+00
1.452861123559297418e+00,1.859762620925903320e+01,7.800552368164062500e+00,1.619999999999999885e+00,3.700000000000000000e+05
1.453742400021204695e+00,1.782858800888061523e+01,7.320003509521484375e+00,1.619999999999999885e+00,0.000000000000000000e+00
1.453787689823756057e+00,1.805503702163696289e+01,7.320003509521484375e+00,1.619999999999999885e+00,3.700000000000000000e+05
1.454409467265801670e+00,1.859762620925903320e+01,7.659049987792968750e+00,1.619999999999999885e+00,0.000000000000000000e+00
1.454437767741875831e+00,1.859762620925903320e+01,7.517547607421875000e+00,1.619999999999999885e+00,3.700000000000000000e+05
1.454850307869711701e+00,1.823762655258178711e+01,7.292594909667968750e+00,1.619999999999999885e+00,0.000000000000000000e+00
1.454878608345785862e+00,1.823762655258178711e+01,7.151092529296875000e+00,1.619999999999999885e+00,3.700000000000000000e+05
1.455291148473621732e+00,1.859762620925903320e+01,7.376045227050781250e+00,1.619999999999999885e+00,0.000000000000000000e+00
1.455319448186756404e+00,1.859762620925903320e+01,7.234546661376953125e+00,1.619999999999999885e+00,3.700000000000000000e+05
1.455731990279114596e+00,1.823762655258178711e+01,7.009590148925781250e+00,1.619999999999999885e+00,0.000000000000000000e+00
1.455760289992249268e+00,1.823762655258178711e+01,6.868091583251953125e+00,1.619999999999999885e+00,3.700000000000000000e+05
1.456172830120085138e+00,1.859762620925903320e+01,7.093044281005859375e+00,1.619999999999999885e+00,0.000000000000000000e+00
1.456201130596159299e+00,1.859762620925903320e+01,6.951541900634765625e+00,1.619999999999999885e+00,3.700000000000000000e+05
1.456613670723995169e+00,1.823762655258178711e+01,6.726589202880859375e+00,1.619999999999999885e+00,0.000000000000000000e+00
1.456641971200069330e+00,1.823762655258178711e+01,6.585086822509765625e+00,1.619999999999999885e+00,3.700000000000000000e+05
1.457054511327905200e+00,1.859762620925903320e+01,6.810039520263671875e+00,1.619999999999999885e+00,0.000000000000000000e+00
1.457082811041039871e+00,1.859762620925903320e+01,6.668540954589843750e+00,1.619999999999999885e+00,3.700000000000000000e+05
1.457495351168875741e+00,1.823762655258178711e+01,6.443588256835937500e+00,1.619999999999999885e+00,0.000000000000000000e+00
1.457523651644949902e+00,1.823762655258178711e+01,6.302085876464843750e+00,1.619999999999999885e+00,3.700000000000000000e+05
1.457936191772785772e+00,1.859762620925903320e+01,6.527038574218750000e+00,1.619999999999999885e+00,0.000000000000000000e+00
1.457964492248859933e+00,1.859762620925903320e+01,6.385536193847656250e+00,1.619999999999999885e+00,3.700000000000000000e+05
1.458377032376695803e+00,1.823762655258178711e+01,6.160583496093750000e+00,1.619999999999999885e+00,0.000000000000000000e+00
1.458405332852769964e+00,1.823762655258178711e+01,6.019081115722656250e+00,1.619999999999999885e+00,3.700000000000000000e+05
1.458817872980605834e+00,1.859762620925903320e+01,6.244033813476562500e+00,1.619999999999999885e+00,0.000000000000000000e+00
1.458846172693740506e+00,1.859762620925903320e+01,6.102535247802734375e+00,1.619999999999999885e+00,3.700000000000000000e+05
1.459258712821576376e+00,1.823762655258178711e+01,5.877582550048828125e+00,1.619999999999999885e+00,0.000000000000000000e+00
1.460607820605467122e+00,1.150323152542114258e+01,5.490001678466796875e+00,1.619999999999999885e+00,3.700000000000000000e+05
1.461268023761038259e+00,1.207935190200805664e+01,5.850002288818359375e+00,1.619999999999999885e+00,0.000000000000000000e+00
1.461313313754324383e+00,1.230580186843872070e+01,5.850002288818359375e+00,1.619999999999999885e+00,3.700000000000000000e+05
1.461973517302879610e+00,1.172968101501464844e+01,5.490001678466796875e+00,1.619999999999999885e+00,0.000000000000000000e+00
1.462018807296165734e+00,1.195613098144531250e+01,5.490001678466796875e+00,1.619999999999999885e+00,3.700000000000000000e+05
1.462679010451736872e+00,1.253225135803222656e+01,5.850002288818359375e+00,1.619999999999999885e+00,0.000000000000000000e+00
1.462802070567254864e+00,1.310762643814086914e+01,6.068035125732421875e+00,1.619999999999999885e+00,3.700000000000000000e+05
1.463862123560778050e+00,1.218258047103881836e+01,5.490001678466796875e+00,1.619999999999999885e+00,0.000000000000000000e+00
1.463907413458696682e+00,1.240902996063232422e+01,5.490001678466796875e+00,1.619999999999999885e+00,3.700000000000000000e+05
1.464707967039373449e+00,1.310762643814086914e+01,5.926532745361328125e+00,1.619999999999999885e+00,0.000000000000000000e+00
1.464733787478045723e+00,1.321159982681274414e+01,5.850002288818359375e+00,1.619999999999999885e+00,3.700000000000000000e+05
1.465393990633616861e+00,1.263547945022583008e+01,5.490001678466796875e+00,1.619999999999999885e+00,0.000000000000000000e+00
1.465420582437950925e+00,1.274762630462646484e+01,5.418579101562500000e+00,1.619999999999999885e+00,3.700000000000000000e+05
1.466211769394847542e+00,1.343804931640625000e+01,5.850002288818359375e+00,1.619999999999999885e+00,0.000000000000000000e+00
1.466257059388133666e+00,1.366449928283691406e+01,5.850002288818359375e+00,1.619999999999999885e+00,3.700000000000000000e+05
1.467307746150860570e+00,1.274762630462646484e+01,5.277076721191406250e+00,1.619999999999999885e+00,0.000000000000000000e+00
1.467336046626934731e+00,1.274762630462646484e+01,5.135574340820312500e+00,1.619999999999999885e+00,3.700000000000000000e+05
1.467748587147754913e+00,1.310762643814086914e+01,5.360527038574218750e+00,1.619999999999999885e+00,0.000000000000000000e+00
1.467776887623829074e+00,1.310762643814086914e+01,5.219024658203125000e+00,1.619999999999999885e+00,3.700000000000000000e+05
1.468189428144649256e+00,1.274762630462646484e+01,4.994071960449218750e+00,1.619999999999999885e+00,0.000000000000000000e+00
1.468217727857783927e+00,1.274762630462646484e+01,4.852573394775390625e+00,1.619999999999999885e+00,3.700000000000000000e+05
1.468630268378604109e+00,1.310762643814086914e+01,5.077526092529296875e+00,1.619999999999999885e+00,0.000000000000000000e+00
1.468658568854678270e+00,1.310762643814086914e+01,4.936023712158203125e+00,1.619999999999999885e+00,3.700000000000000000e+05
1.469071109375498452e+00,1.274762630462646484e+01,4.711071014404296875e+00,1.619999999999999885e+00,0.000000000000000000e+00
1.469099409851572613e+00,1.274762630462646484e+01,4.569568634033203125e+00,1.619999999999999885e+00,3.700000000000000000e+05
1.469511950372392795e+00,1.310762643814086914e+01,4.794521331787109375e+00,1.619999999999999885e+00,0.000000000000000000e+00
1.469540250848466956e+00,1.310762643814086914e+01,4.653018951416015625e+00,1.619999999999999885e+00,3.700000000000000000e+05
1.469952791369287137e+00,1.274762630462646484e+01,4.428066253662109375e+00,1.619999999999999885e+00,0.000000000000000000e+00
1.469981091082421809e+00,1.274762630462646484e+01,4.286567687988281250e+00,1.619999999999999885e+00,3.700000000000000000e+05
1.470393631603241991e+00,1.310762643814086914e+01,4.511520385742187500e+00,1.619999999999999885e+00,0.000000000000000000e+00
1.470421932079316152e+00,1.310762643814086914e+01,4.370018005371093750e+00,1.619999999999999885e+00,3.700000000000000000e+05
1.470834472600136333e+00,1.274762630462646484e+01,4.145065307617187500e+00,1.619999999999999885e+00,0.000000000000000000e+00
1.472304838082363343e+00,5.787626385688781738e+00,1.776992797851562500e+00,1.619999999999999885e+00,3.700000000000000000e+05
1.472717378504937447e+00,5.427626371383666992e+00,1.552040100097656250e+00,1.619999999999999885e+00,0.000000000000000000e+00
1.472745678981011608e+00,5.427626371383666992e+00,1.410537719726562500e+00,1.619999999999999885e+00,3.700000000000000000e+05
1.473158221368106702e+00,5.787626385688781738e+00,1.635494232177734375e+00,1.619999999999999885e+00,0.000000000000000000e+00
1.473186521844180863e+00,5.787626385688781738e+00,1.493991851806640625e+00,1.619999999999999885e+00,3.700000000000000000e+05
1.473599062266754967e+00,5.427626371383666992e+00,1.269039154052734375e+00,1.619999999999999885e+00,0.000000000000000000e+00
1.473627362742829128e+00,5.427626371383666992e+00,1.127536773681640625e+00,1.619999999999999885e+00,3.700000000000000000e+05
1.474039903165403231e+00,5.787626385688781738e+00,1.352489471435546875e+00,1.619999999999999885e+00,0.000000000000000000e+00
1.474068203641477393e+00,5.787626385688781738e+00,1.210987091064453125e+00,1.619999999999999885e+00,3.700000000000000000e+05
1.474480744064051496e+00,5.427626371383666992e+00,9.860343933105468750e-01,1.619999999999999885e+00,0.000000000000000000e+00
1.474509044540125657e+00,5.427626371383666992e+00,8.445320129394531250e-01,1.619999999999999885e+00,3.700000000000000000e+05
1.474921586927220751e+00,5.787626385688781738e+00,1.069488525390625000e+00,1.619999999999999885e+00,0.000000000000000000e+00
1.474949887403294913e+00,5.787626385688781738e+00,9.279861450195312500e-01,1.619999999999999885e+00,3.700000000000000000e+05
1.475362427825869016e+00,5.427626371383666992e+00,7.030334472656250000e-01,1.619999999999999885e+00,0.000000000000000000e+00
1.475390728301943177e+00,5.427626371383666992e+00,5.615310668945312500e-01,1.619999999999999885e+00,3.700000000000000000e+05
1.475803268724517281e+00,5.787626385688781738e+00,7.864837646484375000e-01,1.619999999999999885e+00,0.000000000000000000e+00
1.475831569200591442e+00,5.787626385688781738e+00,6.449813842773437500e-01,1.619999999999999885e+00,3.700000000000000000e+05
1.476244109623165546e+00,5.427626371383666992e+00,4.200286865234375000e-01,1.619999999999999885e+00,0.000000000000000000e+00
1.478581328317019716e+00,1.493762636184692383e+01,7.211544036865234375e+00,1.619999999999999885e+00,3.700000000000000000e+05
1.478993868837839898e+00,1.457762622833251953e+01,6.986591339111328125e+00,1.619999999999999885e+00,0.000000000000000000e+00
1.479022168550974570e+00,1.457762622833251953e+01,6.845092773437500000e+00,1.619999999999999885e+00,3.700000000000000000e+05
1.479434709071794751e+00,1.493762636184692383e+01,7.070045471191406250e+00,1.619999999999999885e+00,0.000000000000000000e+00
1.479463009547868912e+00,1.493762636184692383e+01,6.928543090820312500e+00,1.619999999999999885e+00,3.700000000000000000e+05
1.479875550068689094e+00,1.457762622833251953e+01,6.703590393066406250e+00,1.619999999999999885e+00,0.000000000000000000e+00
1.479903850544763255e+00,1.457762622833251953e+01,6.562088012695312500e+00,1.619999999999999885e+00,3.700000000000000000e+05
1.480316391065583437e+00,1.493762636184692383e+01,6.787040710449218750e+00,1.619999999999999885e+00,0.000000000000000000e+00
1.480344691541657598e+00,1.493762636184692383e+01,6.645538330078125000e+00,1.619999999999999885e+00,3.700000000000000000e+05
1.480757232062477780e+00,1.457762622833251953e+01,6.420585632324218750e+00,1.619999999999999885e+00,0.000000000000000000e+00
1.480785531775612451e+00,1.457762622833251953e+01,6.279087066650390625e+00,1.619999999999999885e+00,3.700000000000000000e+05
1.481198072296432633e+00,1.493762636184692383e+01,6.504039764404296875e+00,1.619999999999999885e+00,0.000000000000000000e+00
1.481226372772506794e+00,1.493762636184692383e+01,6.362537384033203125e+00,1.619999999999999885e+00,3.700000000000000000e+05
1.481638913293326976e+00,1.457762622833251953e+01,6.137584686279296875e+00,1.619999999999999885e+00,0.000000000000000000e+00
1.481667213769401137e+00,1.457762622833251953e+01,5.996082305908203125e+00,1.619999999999999885e+00,3.700000000000000000e+05
1.482079754290221318e+00,1.493762636184692383e+01,6.221035003662109375e+00,1.619999999999999885e+00,0.000000000000000000e+00
1.482108054766295480e+00,1.493762636184692383e+01,6.079532623291015625e+00,1.619999999999999885e+00,3.700000000000000000e+05
1.482520595287115661e+00,1.457762622833251953e+01,5.854579925537109375e+00,1.619999999999999885e+00,0.000000000000000000e+00
1.483630508787664892e+00,9.480417728424072266e+00,3.660003662109375000e+00,1.619999999999999885e+00,3.700000000000000000e+05
1.484290710175222960e+00,1.005653834342956543e+01,4.020000457763671875e+00,1.619999999999999885e+00,0.000000000000000000e+00
1.484336000073141593e+00,1.028298783302307129e+01,4.020000457763671875e+00,1.619999999999999885e+00,3.700000000000000000e+05
1.484996201264206839e+00,9.706867456436157227e+00,3.660003662109375000e+00,1.619999999999999885e+00,0.000000000000000000e+00
1.485041491162125471e+00,9.933316946029663086e+00,3.660003662109375000e+00,1.619999999999999885e+00,3.700000000000000000e+05
1.485701692353190717e+00,1.050943732261657715e+01,4.020000457763671875e+00,1.619999999999999885e+00,0.000000000000000000e+00
1.485746982298793206e+00,1.073588705062866211e+01,4.020000457763671875e+00,1.619999999999999885e+00,3.700000000000000000e+05
1.486407183489858452e+00,1.015976667404174805e+01,3.660003662109375000e+00,1.619999999999999885e+00,0.000000000000000000e+00
1.486452473387777085e+00,1.038621616363525391e+01,3.660003662109375000e+00,1.619999999999999885e+00,3.700000000000000000e+05
1.487473981011037782e+00,1.127762627601623535e+01,4.217018127441406250e+00,1.619999999999999885e+00,0.000000000000000000e+00
1.487502281487111944e+00,1.127762627601623535e+01,4.075515747070312500e+00,1.619999999999999885e+00,3.700000000000000000e+05
1.488264289697527332e+00,1.061266565322875977e+01,3.660003662109375000e+00,1.619999999999999885e+00,0.000000000000000000e+00
1.488309579643129821e+00,1.083911538124084473e+01,3.660003662109375000e+00,1.619999999999999885e+00,3.700000000000000000e+05
1.488969780834195067e+00,1.141523575782775879e+01,4.020000457763671875e+00,1.619999999999999885e+00,0.000000000000000000e+00
1.489015070779797556e+00,1.164168548583984375e+01,4.020000457763671875e+00,1.619999999999999885e+00,3.700000000000000000e+05
1.489844803303448373e+00,1.091762638092041016e+01,3.567558288574218750e+00,1.619999999999999885e+00,0.000000000000000000e+00
1.489873103016583045e+00,1.091762638092041016e+01,3.426059722900390625e+00,1.619999999999999885e+00,3.700000000000000000e+05
1.490285643340911070e+00,1.127762627601623535e+01,3.651012420654296875e+00,1.619999999999999885e+00,0.000000000000000000e+00
1.490313943816985232e+00,1.127762627601623535e+01,3.509510040283203125e+00,1.619999999999999885e+00,3.700000000000000000e+05
1.490726484141313257e+00,1.091762638092041016e+01,3.284557342529296875e+00,1.619999999999999885e+00,0.000000000000000000e+00
1.490754784617387418e+00,1.091762638092041016e+01,3.143054962158203125e+00,1.619999999999999885e+00,3.700000000000000000e+05
1.491167324941715444e+00,1.127762627601623535e+01,3.368007659912109375e+00,1.619999999999999885e+00,0.000000000000000000e+00
1.491195625417789605e+00,1.127762627601623535e+01,3.226505279541015625e+00,1.619999999999999885e+00,3.700000000000000000e+05
1.491608165742117631e+00,1.091762638092041016e+01,3.001552581787109375e+00,1.619999999999999885e+00,0.000000000000000000e+00
1.491636465455252303e+00,1.091762638092041016e+01,2.860054016113281250e+00,1.619999999999999885e+00,3.700000000000000000e+05
1.492049005779580328e+00,1.127762627601623535e+01,3.085006713867187500e+00,1.619999999999999885e+00,0.000000000000000000e+00
1.492077306255654490e+00,1.127762627601623535e+01,2.943504333496093750e+00,1.619999999999999885e+00,3.700000000000000000e+05
1.492489846579982515e+00,1.091762638092041016e+01,2.718551635742187500e+00,1.619999999999999885e+00,0.000000000000000000e+00
1.492518147056056677e+00,1.091762638092041016e+01,2.577049255371093750e+00,1.619999999999999885e+00,3.700000000000000000e+05
1.492930687380384702e+00,1.127762627601623535e+01,2.802001953125000000e+00,1.619999999999999885e+00,0.000000000000000000e+00
1.492958987856458863e+00,1.127762627601623535e+01,2.660499572753906250e+00,1.619999999999999885e+00,3.700000000000000000e+05
1.493371528180786889e+00,1.091762638092041016e+01,2.435546875000000000e+00,1.619999999999999885e+00,0.000000000000000000e+00
1.493399827893921561e+00,1.091762638092041016e+01,2.294048309326171875e+00,1.619999999999999885e+00,3.700000000000000000e+05
1.493812368218249587e+00,1.127762627601623535e+01,2.519001007080078125e+00,1.619999999999999885e+00,0.000000000000000000e+00
1.493840668694323748e+00,1.127762627601623535e+01,2.377498626708984375e+00,1.619999999999999885e+00,3.700000000000000000e+05
1.494844720979799702e+00,1.040144872665405273e+01,1.830001831054687500e+00,1.619999999999999885e+00,0.000000000000000000e+00
1.494890010877718334e+00,1.062789821624755859e+01,1.830001831054687500e+00,1.619999999999999885e+00,3.700000000000000000e+05
1.495634563750348311e+00,1.127762627601623535e+01,2.235996246337890625e+00,1.619999999999999885e+00,0.000000000000000000e+00
1.495666486231931103e+00,1.143046832084655762e+01,2.190002441406250000e+00,1.619999999999999885e+00,3.700000000000000000e+05
1.496326689583994174e+00,1.085434770584106445e+01,1.830001831054687500e+00,1.619999999999999885e+00,0.000000000000000000e+00
1.496350689479826634e+00,1.091762638092041016e+01,1.728042602539062500e+00,1.619999999999999885e+00,3.700000000000000000e+05
1.497197877341262418e+00,1.165691804885864258e+01,2.190002441406250000e+00,1.619999999999999885e+00,0.000000000000000000e+00
1.497243167239181050e+00,1.188336753845214844e+01,2.190002441406250000e+00,1.619999999999999885e+00,3.700000000000000000e+05
1.497903370591244121e+00,1.130724692344665527e+01,1.830001831054687500e+00,1.619999999999999885e+00,0.000000000000000000e+00
1.497948660536846610e+00,1.153369665145874023e+01,1.830001831054687500e+00,1.619999999999999885e+00,3.700000000000000000e+05
1.498608863692417748e+00,1.210981702804565430e+01,2.190002441406250000e+00,1.619999999999999885e+00,0.000000000000000000e+00
1.498654153590336380e+00,1.233626651763916016e+01,2.190002441406250000e+00,1.619999999999999885e+00,3.700000000000000000e+05
1.499314356745907517e+00,1.176014614105224609e+01,1.830001831054687500e+00,1.619999999999999885e+00,0.000000000000000000e+00
1.499359646643826149e+00,1.198659563064575195e+01,1.830001831054687500e+00,1.619999999999999885e+00,3.700000000000000000e+05
1.500019849799397287e+00,1.256271600723266602e+01,2.190002441406250000e+00,1.619999999999999885e+00,0.000000000000000000e+00
1.501772777470606002e+00,4.076092720031738281e+00,0.000000000000000000e+00,1.619999999999999885e+00,3.700000000000000000e+05
1.502432980626177139e+00,4.652213096618652344e+00,3.600006103515625000e-01,1.619999999999999885e+00,0.000000000000000000e+00
1.502478270524095771e+00,4.878662586212158203e+00,3.600006103515625000e-01,1.619999999999999885e+00,3.700000000000000000e+05
1.503138473679666909e+00,4.302542209625244141e+00,0.000000000000000000e+00,1.619999999999999885e+00,0.000000000000000000e+00
1.503183763577585541e+00,4.528991699218750000e+00,0.000000000000000000e+00,1.619999999999999885e+00,3.700000000000000000e+05
1.503843966929648612e+00,5.105112314224243164e+00,3.600006103515625000e-01,1.619999999999999885e+00,0.000000000000000000e+00
1.503889256827567245e+00,5.331561803817749023e+00,3.600006103515625000e-01,1.619999999999999885e+00,3.700000000000000000e+05
1.504549459983138382e+00,4.755441427230834961e+00,0.000000000000000000e+00,1.619999999999999885e+00,0.000000000000000000e+00
1.504594749881057014e+00,4.981890916824340820e+00,0.000000000000000000e+00,1.619999999999999885e+00,3.700000000000000000e+05
1.505518080955079441e+00,5.787626385688781738e+00,5.034828186035156250e-01,1.619999999999999885e+00,0.000000000000000000e+00
1.505546381431153602e+00,5.787626385688781738e+00,3.619804382324218750e-01,1.619999999999999885e+00,3.700000000000000000e+05
1.506210212895836564e+00,5.208340644836425781e+00,0.000000000000000000e+00,1.619999999999999885e+00,0.000000000000000000e+00
1.506254079170932458e+00,5.427626371383666992e+00,-4.474639892578125000e-03,1.619999999999999885e+00,3.700000000000000000e+05
1.506922490697244710e+00,6.010910511016845703e+00,3.600006103515625000e-01,1.619999999999999885e+00,0.000000000000000000e+00
1.506967780619005159e+00,6.237360119819641113e+00,3.600006103515625000e-01,1.619999999999999885e+00,3.700000000000000000e+05
1.507895691656409243e+00,5.427626371383666992e+00,-1.459770202636718750e-01,1.619999999999999885e+00,0.000000000000000000e+00
1.507923991369543915e+00,5.427626371383666992e+00,-2.874755859375000000e-01,1.619999999999999885e+00,3.700000000000000000e+05
1.508336531792118018e+00,5.787626385688781738e+00,-6.252288818359375000e-02,1.619999999999999885e+00,0.000000000000000000e+00
1.508364832268192179e+00,5.787626385688781738e+00,-2.040252685546875000e-01,1.619999999999999885e+00,3.700000000000000000e+05
1.508777372690766283e+00,5.427626371383666992e+00,-4.289779663085937500e-01,1.619999999999999885e+00,0.000000000000000000e+00
1.508805673166840444e+00,5.427626371383666992e+00,-5.704803466796875000e-01,1.619999999999999885e+00,3.700000000000000000e+05
1.509218213589414548e+00,5.787626385688781738e+00,-3.455276489257812500e-01,1.619999999999999885e+00,0.000000000000000000e+00
1.509246514065488709e+00,5.787626385688781738e+00,-4.870300292968750000e-01,1.619999999999999885e+00,3.700000000000000000e+05
1.509659054488062813e+00,5.427626371383666992e+00,-7.119827270507812500e-01,1.619999999999999885e+00,0.000000000000000000e+00
1.509687354201197484e+00,5.427626371383666992e+00,-8.534812927246093750e-01,1.619999999999999885e+00,3.700000000000000000e+05
1.510099894623771588e+00,5.787626385688781738e+00,-6.285285949707031250e-01,1.619999999999999885e+00,0.000000000000000000e+00
1.510128195099845749e+00,5.787626385688781738e+00,-7.700309753417968750e-01,1.619999999999999885e+00,3.700000000000000000e+05
1.510540735522419853e+00,5.427626371383666992e+00,-9.949836730957031250e-01,1.619999999999999885e+00,0.000000000000000000e+00
1.510569035998494014e+00,5.427626371383666992e+00,-1.136486053466796875e+00,1.619999999999999885e+00,3.700000000000000000e+05
1.510981576421068118e+00,5.787626385688781738e+00,-9.115333557128906250e-01,1.619999999999999885e+00,0.000000000000000000e+00
1.511009876897142279e+00,5.787626385688781738e+00,-1.053035736083984375e+00,1.619999999999999885e+00,3.700000000000000000e+05
1.511422417319716383e+00,5.427626371383666992e+00,-1.277988433837890625e+00,1.619999999999999885e+00,0.000000000000000000e+00
1.511450717032851054e+00,5.427626371383666992e+00,-1.419486999511718750e+00,1.619999999999999885e+00,3.700000000000000000e+05
1.511863257455425158e+00,5.787626385688781738e+00,-1.194534301757812500e+00,1.619999999999999885e+00,0.000000000000000000e+00
1.511891557931499319e+00,5.787626385688781738e+00,-1.336036682128906250e+00,1.619999999999999885e+00,3.700000000000000000e+05
1.512797431703222006e+00,4.997123479843139648e+00,-1.829998016357421875e+00,1.619999999999999885e+00,0.000000000000000000e+00
1.512842721601140639e+00,5.223572969436645508e+00,-1.829998016357421875e+00,1.619999999999999885e+00,3.700000000000000000e+05
1.513502924854957854e+00,5.799693465232849121e+00,-1.469997406005859375e+00,1.619999999999999885e+00,0.000000000000000000e+00
1.513548214776718304e+00,6.026143074035644531e+00,-1.469997406005859375e+00,1.619999999999999885e+00,3.700000000000000000e+05
1.514208418030535519e+00,5.450022578239440918e+00,-1.829998016357421875e+00,1.619999999999999885e+00,0.000000000000000000e+00
1.514253707952295969e+00,5.676472187042236328e+00,-1.829998016357421875e+00,1.619999999999999885e+00,3.700000000000000000e+05
1.514913911206113184e+00,6.252592682838439941e+00,-1.469997406005859375e+00,1.619999999999999885e+00,0.000000000000000000e+00
1.514959201104031816e+00,6.479042172431945801e+00,-1.469997406005859375e+00,1.619999999999999885e+00,3.700000000000000000e+05
1.515619404259602954e+00,5.902921795845031738e+00,-1.829998016357421875e+00,1.619999999999999885e+00,0.000000000000000000e+00
1.515664694157521586e+00,6.129371285438537598e+00,-1.829998016357421875e+00,1.619999999999999885e+00,3.700000000000000000e+05
1.516324897509584657e+00,6.705491900444030762e+00,-1.469997406005859375e+00,1.619999999999999885e+00,0.000000000000000000e+00
1.516370187407503289e+00,6.931941390037536621e+00,-1.469997406005859375e+00,1.619999999999999885e+00,3.700000000000000000e+05
1.517030390563074427e+00,6.355821013450622559e+00,-1.829998016357421875e+00,1.619999999999999885e+00,0.000000000000000000e+00
1.517075680460993059e+00,6.582270503044128418e+00,-1.829998016357421875e+00,1.619999999999999885e+00,3.700000000000000000e+05
1.517735883616564196e+00,7.158390879631042480e+00,-1.469997406005859375e+00,1.619999999999999885e+00,0.000000000000000000e+00
1.519594305636955633e+00,1.331482839584350586e+01,5.490001678466796875e+00,1.619999999999999885e+00,3.700000000000000000e+05
1.520254508792526771e+00,1.389094877243041992e+01,5.850002288818359375e+00,1.619999999999999885e+00,0.000000000000000000e+00
1.520299798690445403e+00,1.411739826202392578e+01,5.850002288818359375e+00,1.619999999999999885e+00,3.700000000000000000e+05
1.520960001846016540e+00,1.354127788543701172e+01,5.490001678466796875e+00,1.619999999999999885e+00,0.000000000000000000e+00
1.521005291743935173e+00,1.376772737503051758e+01,5.490001678466796875e+00,1.619999999999999885e+00,3.700000000000000000e+05
1.521665494899506310e+00,1.434384775161743164e+01,5.850002288818359375e+00,1.619999999999999885e+00,0.000000000000000000e+00
1.521710784892792434e+00,1.457029771804809570e+01,5.850002288818359375e+00,1.619999999999999885e+00,3.700000000000000000e+05
1.522370988048363571e+00,1.399417734146118164e+01,5.490001678466796875e+00,1.619999999999999885e+00,0.000000000000000000e+00
1.522416277946282204e+00,1.422062683105468750e+01,5.490001678466796875e+00,1.619999999999999885e+00,3.700000000000000000e+05
1.523237921362945224e+00,1.493762636184692383e+01,5.938034057617187500e+00,1.619999999999999885e+00,0.000000000000000000e+00
1.523262474875619610e+00,1.502319669723510742e+01,5.850002288818359375e+00,1.619999999999999885e+00,3.700000000000000000e+05
1.523922678031190747e+00,1.444707632064819336e+01,5.490001678466796875e+00,1.619999999999999885e+00,0.000000000000000000e+00
1.523951407314878992e+00,1.457762622833251953e+01,5.430076599121093750e+00,1.619999999999999885e+00,3.700000000000000000e+05
1.524721506400301019e+00,1.524964618682861328e+01,5.850002288818359375e+00,1.619999999999999885e+00,0.000000000000000000e+00
1.524766796298219651e+00,1.547609567642211914e+01,5.850002288818359375e+00,1.619999999999999885e+00,3.700000000000000000e+05
1.525796394796488764e+00,1.457762622833251953e+01,5.288574218750000000e+00,1.619999999999999885e+00,0.000000000000000000e+00
1.525824694509623436e+00,1.457762622833251953e+01,5.147075653076171875e+00,1.619999999999999885e+00,3.700000000000000000e+05
1.526237235030443617e+00,1.493762636184692383e+01,5.372028350830078125e+00,1.619999999999999885e+00,0.000000000000000000e+00
1.526265535506517779e+00,1.493762636184692383e+01,5.230525970458984375e+00,1.619999999999999885e+00,3.700000000000000000e+05
1.526678076027337960e+00,1.457762622833251953e+01,5.005573272705078125e+00,1.619999999999999885e+00,0.000000000000000000e+00
1.526706376503412121e+00,1.457762622833251953e+01,4.864070892333984375e+00,1.619999999999999885e+00,3.700000000000000000e+05
1.527118917024232303e+00,1.493762636184692383e+01,5.089023590087890625e+00,1.619999999999999885e+00,0.000000000000000000e+00
1.527147217500306464e+00,1.493762636184692383e+01,4.947521209716796875e+00,1.619999999999999885e+00,3.700000000000000000e+05
1.527559758021126646e+00,1.457762622833251953e+01,4.722568511962890625e+00,1.619999999999999885e+00,0.000000000000000000e+00
1.527588057734261318e+00,1.457762622833251953e+01,4.581069946289062500e+00,1.619999999999999885e+00,3.700000000000000000e+05
1.528000598255081499e+00,1.493762636184692383e+01,4.806022644042968750e+00,1.619999999999999885e+00,0.000000000000000000e+00
1.528028898731155660e+00,1.493762636184692383e+01,4.664520263671875000e+00,1.619999999999999885e+00,3.700000000000000000e+05
1.528441439251975842e+00,1.457762622833251953e+01,4.439567565917968750e+00,1.619999999999999885e+00,0.000000000000000000e+00
1.528469739728050003e+00,1.457762622833251953e+01,4.298065185546875000e+00,1.619999999999999885e+00,3.700000000000000000e+05
1.528882280248870185e+00,1.493762636184692383e+01,4.523017883300781250e+00,1.619999999999999885e+00,0.000000000000000000e+00
1.528910579962004856e+00,1.493762636184692383e+01,4.381519317626953125e+00,1.619999999999999885e+00,3.700000000000000000e+05
1.529323122447345584e+00,1.457762622833251953e+01,4.156562805175781250e+00,1.619999999999999885e+00,0.000000000000000000e+00
1.530793487672539310e+00,7.617626368999481201e+00,1.788494110107421875e+00,1.619999999999999885e+00,3.700000000000000000e+05
1.531206028095113414e+00,7.257626354694366455e+00,1.563541412353515625e+00,1.619999999999999885e+00,0.000000000000000000e+00
1.531234328571187575e+00,7.257626354694366455e+00,1.422039031982421875e+00,1.619999999999999885e+00,3.700000000000000000e+05
1.531646868993761679e+00,7.617626368999481201e+00,1.646991729736328125e+00,1.619999999999999885e+00,0.000000000000000000e+00
1.531675169469835840e+00,7.617626368999481201e+00,1.505489349365234375e+00,1.619999999999999885e+00,3.700000000000000000e+05
1.532087709892409944e+00,7.257626354694366455e+00,1.280536651611328125e+00,1.619999999999999885e+00,0.000000000000000000e+00
1.532116009605544615e+00,7.257626354694366455e+00,1.139038085937500000e+00,1.619999999999999885e+00,3.700000000000000000e+05
1.532528550028118719e+00,7.617626368999481201e+00,1.363990783691406250e+00,1.619999999999999885e+00,0.000000000000000000e+00
1.532556850504192880e+00,7.617626368999481201e+00,1.222488403320312500e+00,1.619999999999999885e+00,3.700000000000000000e+05
1.532969390926766984e+00,7.257626354694366455e+00,9.975357055664062500e-01,1.619999999999999885e+00,0.000000000000000000e+00
1.532997691402841145e+00,7.257626354694366455e+00,8.560333251953125000e-01,1.619999999999999885e+00,3.700000000000000000e+05
1.533410231825415249e+00,7.617626368999481201e+00,1.080986022949218750e+00,1.619999999999999885e+00,0.000000000000000000e+00
1.533438532301489410e+00,7.617626368999481201e+00,9.394836425781250000e-01,1.619999999999999885e+00,3.700000000000000000e+05
1.533851072724063513e+00,7.257626354694366455e+00,7.145309448242187500e-01,1.619999999999999885e+00,0.000000000000000000e+00
1.533879372437198185e+00,7.257626354694366455e+00,5.730323791503906250e-01,1.619999999999999885e+00,3.700000000000000000e+05
1.534291912859772289e+00,7.617626368999481201e+00,7.979850769042968750e-01,1.619999999999999885e+00,0.000000000000000000e+00
1.534320213335846450e+00,7.617626368999481201e+00,6.564826965332031250e-01,1.619999999999999885e+00,3.700000000000000000e+05
1.534732753758420554e+00,7.257626354694366455e+00,4.315299987792968750e-01,1.619999999999999885e+00,0.000000000000000000e+00
1.537069972442573595e+00,1.676762628555297852e+01,7.223045349121093750e+00,1.619999999999999885e+00,3.700000000000000000e+05
1.537482512570409465e+00,1.640762662887573242e+01,6.998092651367187500e+00,1.619999999999999885e+00,0.000000000000000000e+00
1.537510813046483626e+00,1.640762662887573242e+01,6.856590270996093750e+00,1.619999999999999885e+00,3.700000000000000000e+05
1.537923353174319496e+00,1.676762628555297852e+01,7.081542968750000000e+00,1.619999999999999885e+00,0.000000000000000000e+00
1.537951653650393657e+00,1.676762628555297852e+01,6.940040588378906250e+00,1.619999999999999885e+00,3.700000000000000000e+05
1.538364193778229527e+00,1.640762662887573242e+01,6.715087890625000000e+00,1.619999999999999885e+00,0.000000000000000000e+00
1.538392493491364199e+00,1.640762662887573242e+01,6.573589324951171875e+00,1.619999999999999885e+00,3.700000000000000000e+05
1.538805033619200069e+00,1.676762628555297852e+01,6.798542022705078125e+00,1.619999999999999885e+00,0.000000000000000000e+00
1.538833334095274230e+00,1.676762628555297852e+01,6.657039642333984375e+00,1.619999999999999885e+00,3.700000000000000000e+05
1.539245874223110100e+00,1.640762662887573242e+01,6.432086944580078125e+00,1.619999999999999885e+00,0.000000000000000000e+00
1.539274174699184261e+00,1.640762662887573242e+01,6.290584564208984375e+00,1.619999999999999885e+00,3.700000000000000000e+05
1.539686714827020131e+00,1.676762628555297852e+01,6.515537261962890625e+00,1.619999999999999885e+00,0.000000000000000000e+00
1.539715014540154803e+00,1.676762628555297852e+01,6.374038696289062500e+00,1.619999999999999885e+00,3.700000000000000000e+05
1.540127556632512995e+00,1.640762662887573242e+01,6.149082183837890625e+00,1.619999999999999885e+00,0.000000000000000000e+00
1.540155856345647667e+00,1.640762662887573242e+01,6.007583618164062500e+00,1.619999999999999885e+00,3.700000000000000000e+05
1.540568396473483537e+00,1.676762628555297852e+01,6.232536315917968750e+00,1.619999999999999885e+00,0.000000000000000000e+00
1.540596696949557698e+00,1.676762628555297852e+01,6.091033935546875000e+00,1.619999999999999885e+00,3.700000000000000000e+05
1.541009237077393568e+00,1.640762662887573242e+01,5.866081237792968750e+00,1.619999999999999885e+00,0.000000000000000000e+00
1.542123441093033787e+00,1.129201459884643555e+01,3.660003662109375000e+00,1.619999999999999885e+00,3.700000000000000000e+05
1.542783642284099033e+00,1.186813497543334961e+01,4.020000457763671875e+00,1.619999999999999885e+00,0.000000000000000000e+00
1.542828932182017665e+00,1.209458446502685547e+01,4.020000457763671875e+00,1.619999999999999885e+00,3.700000000000000000e+05
1.543489133373082911e+00,1.151846408843994141e+01,3.660003662109375000e+00,1.619999999999999885e+00,0.000000000000000000e+00
1.543534423271001543e+00,1.174491357803344727e+01,3.660003662109375000e+00,1.619999999999999885e+00,3.700000000000000000e+05
1.544194624462066789e+00,1.232103395462036133e+01,4.020000457763671875e+00,1.619999999999999885e+00,0.000000000000000000e+00
1.544239914455352913e+00,1.254748392105102539e+01,4.020000457763671875e+00,1.619999999999999885e+00,3.700000000000000000e+05
1.544900116039403581e+00,1.197136306762695312e+01,3.660003662109375000e+00,1.619999999999999885e+00,0.000000000000000000e+00
1.544945406032689705e+00,1.219781303405761719e+01,3.660003662109375000e+00,1.619999999999999885e+00,3.700000000000000000e+05
1.545988001723919369e+00,1.310762643814086914e+01,4.228515625000000000e+00,1.619999999999999885e+00,0.000000000000000000e+00
1.546016302199993531e+00,1.310762643814086914e+01,4.087013244628906250e+00,1.619999999999999885e+00,3.700000000000000000e+05
1.546799398478380327e+00,1.242426252365112305e+01,3.660003662109375000e+00,1.619999999999999885e+00,0.000000000000000000e+00
1.546844688376298960e+00,1.265071201324462891e+01,3.660003662109375000e+00,1.619999999999999885e+00,3.700000000000000000e+05
1.547504889567364206e+00,1.322683238983154297e+01,4.020000457763671875e+00,1.619999999999999885e+00,0.000000000000000000e+00
1.547550179465282838e+00,1.345328187942504883e+01,4.020000457763671875e+00,1.619999999999999885e+00,3.700000000000000000e+05
1.548358821759965087e+00,1.274762630462646484e+01,3.579059600830078125e+00,1.619999999999999885e+00,0.000000000000000000e+00
1.548387122236039248e+00,1.274762630462646484e+01,3.437557220458984375e+00,1.619999999999999885e+00,3.700000000000000000e+05
1.549455264336551119e+00,1.367973184585571289e+01,4.020000457763671875e+00,1.619999999999999885e+00,0.000000000000000000e+00
1.549500554234469751e+00,1.390618133544921875e+01,4.020000457763671875e+00,1.619999999999999885e+00,3.700000000000000000e+05
1.550160755425534997e+00,1.333006095886230469e+01,3.660003662109375000e+00,1.619999999999999885e+00,0.000000000000000000e+00
1.550206045323453630e+00,1.355651044845581055e+01,3.660003662109375000e+00,1.619999999999999885e+00,3.700000000000000000e+05
1.550866246514518876e+00,1.413263082504272461e+01,4.020000457763671875e+00,1.619999999999999885e+00,0.000000000000000000e+00
1.550911536412437508e+00,1.435908031463623047e+01,4.020000457763671875e+00,1.619999999999999885e+00,3.700000000000000000e+05
1.551571737603502754e+00,1.378295993804931641e+01,3.660003662109375000e+00,1.619999999999999885e+00,0.000000000000000000e+00
1.551617027501421386e+00,1.400940942764282227e+01,3.660003662109375000e+00,1.619999999999999885e+00,3.700000000000000000e+05
1.552680713421619174e+00,1.493762636184692383e+01,4.240016937255859375e+00,1.619999999999999885e+00,0.000000000000000000e+00
1.552709013897693335e+00,1.493762636184692383e+01,4.098514556884765625e+00,1.619999999999999885e+00,3.700000000000000000e+05
1.553513200405046257e+00,1.423585891723632812e+01,3.660003662109375000e+00,1.619999999999999885e+00,0.000000000000000000e+00
1.553558490398332381e+00,1.446230888366699219e+01,3.660003662109375000e+00,1.619999999999999885e+00,3.700000000000000000e+05
1.554218691589397627e+00,1.503842926025390625e+01,4.020000457763671875e+00,1.619999999999999885e+00,0.000000000000000000e+00
1.554263981487316260e+00,1.526487874984741211e+01,4.020000457763671875e+00,1.619999999999999885e+00,3.700000000000000000e+05
1.555051535910522587e+00,1.457762622833251953e+01,3.590557098388671875e+00,1.619999999999999885e+00,0.000000000000000000e+00
1.555079835623657258e+00,1.457762622833251953e+01,3.449058532714843750e+00,1.619999999999999885e+00,3.700000000000000000e+05
1.556126887102216250e+00,1.549132776260375977e+01,4.020000457763671875e+00,1.619999999999999885e+00,0.000000000000000000e+00
1.556172177095502374e+00,1.571777772903442383e+01,4.020000457763671875e+00,1.619999999999999885e+00,3.700000000000000000e+05
1.556832378286567620e+00,1.514165735244750977e+01,3.660003662109375000e+00,1.619999999999999885e+00,0.000000000000000000e+00
1.556877668279853744e+00,1.536810731887817383e+01,3.660003662109375000e+00,1.619999999999999885e+00,3.700000000000000000e+05
1.557537869470918990e+00,1.594422769546508789e+01,4.020000457763671875e+00,1.619999999999999885e+00,0.000000000000000000e+00
1.557583159273470352e+00,1.617067670822143555e+01,4.020000457763671875e+00,1.619999999999999885e+00,3.700000000000000000e+05
1.558243360464535598e+00,1.559455633163452148e+01,3.660003662109375000e+00,1.619999999999999885e+00,0.000000000000000000e+00
1.558288650457821722e+00,1.582100629806518555e+01,3.660003662109375000e+00,1.619999999999999885e+00,3.700000000000000000e+05
1.558948851648886968e+00,1.639712667465209961e+01,4.020000457763671875e+00,1.619999999999999885e+00,0.000000000000000000e+00
1.561199262069396410e+00,5.887689352035522461e+00,0.000000000000000000e+00,1.619999999999999885e+00,3.700000000000000000e+05
1.561859465224967547e+00,6.463809728622436523e+00,3.600006103515625000e-01,1.619999999999999885e+00,0.000000000000000000e+00
1.561904755146727997e+00,6.690259337425231934e+00,3.600006103515625000e-01,1.619999999999999885e+00,3.700000000000000000e+05
1.562564958302299134e+00,6.114138960838317871e+00,0.000000000000000000e+00,1.619999999999999885e+00,0.000000000000000000e+00
1.562610248200217766e+00,6.340588450431823730e+00,0.000000000000000000e+00,1.619999999999999885e+00,3.700000000000000000e+05
1.563270451404911832e+00,6.916708886623382568e+00,3.600006103515625000e-01,1.619999999999999885e+00,0.000000000000000000e+00
1.563315741332632847e+00,7.143158525228500366e+00,3.600006103515625000e-01,1.619999999999999885e+00,3.700000000000000000e+05
1.563975944561888376e+00,6.567038059234619141e+00,0.000000000000000000e+00,1.619999999999999885e+00,0.000000000000000000e+00
1.564021234483648826e+00,6.793487668037414551e+00,0.000000000000000000e+00,1.619999999999999885e+00,3.700000000000000000e+05
1.564965653601072759e+00,7.617626398801803589e+00,5.149803161621093750e-01,1.619999999999999885e+00,0.000000000000000000e+00
1.564993954077146920e+00,7.617626398801803589e+00,3.734779357910156250e-01,1.619999999999999885e+00,3.700000000000000000e+05
1.565678873708039598e+00,7.019937247037887573e+00,0.000000000000000000e+00,1.619999999999999885e+00,0.000000000000000000e+00
1.565724163629800048e+00,7.246386855840682983e+00,0.000000000000000000e+00,1.619999999999999885e+00,3.700000000000000000e+05
1.566384366785371185e+00,7.822507232427597046e+00,3.600006103515625000e-01,1.619999999999999885e+00,0.000000000000000000e+00
1.566429656701171291e+00,8.048956811428070068e+00,3.600006103515625000e-01,1.619999999999999885e+00,3.700000000000000000e+05
1.567336477681537499e+00,7.257626384496688843e+00,-1.344757080078125000e-01,1.619999999999999885e+00,0.000000000000000000e+00
1.567364778157611660e+00,7.257626384496688843e+00,-2.759780883789062500e-01,1.619999999999999885e+00,3.700000000000000000e+05
1.567777318580185764e+00,7.617626398801803589e+00,-5.102539062500000000e-02,1.619999999999999885e+00,0.000000000000000000e+00
1.567805619056259925e+00,7.617626398801803589e+00,-1.925277709960937500e-01,1.619999999999999885e+00,3.700000000000000000e+05
1.568218159478834028e+00,7.257626384496688843e+00,-4.174804687500000000e-01,1.619999999999999885e+00,0.000000000000000000e+00
1.568246459191968700e+00,7.257626384496688843e+00,-5.589790344238281250e-01,1.619999999999999885e+00,3.700000000000000000e+05
1.568658999614542804e+00,7.617626398801803589e+00,-3.340263366699218750e-01,1.619999999999999885e+00,0.000000000000000000e+00
1.568687300090616965e+00,7.617626398801803589e+00,-4.755287170410156250e-01,1.619999999999999885e+00,3.700000000000000000e+05
1.569099840513191069e+00,7.257626384496688843e+00,-7.004814147949218750e-01,1.619999999999999885e+00,0.000000000000000000e+00
1.569128140989265230e+00,7.257626384496688843e+00,-8.419837951660156250e-01,1.619999999999999885e+00,3.700000000000000000e+05
1.569540681411839333e+00,7.617626398801803589e+00,-6.170310974121093750e-01,1.619999999999999885e+00,0.000000000000000000e+00
1.569568981887913495e+00,7.617626398801803589e+00,-7.585334777832031250e-01,1.619999999999999885e+00,3.700000000000000000e+05
1.569981522310487598e+00,7.257626384496688843e+00,-9.834861755371093750e-01,1.619999999999999885e+00,0.000000000000000000e+00
1.570009822023622270e+00,7.257626384496688843e+00,-1.124984741210937500e+00,1.619999999999999885e+00,3.700000000000000000e+05
1.570422362446196374e+00,7.617626398801803589e+00,-9.000320434570312500e-01,1.619999999999999885e+00,0.000000000000000000e+00
1.570450662922270535e+00,7.617626398801803589e+00,-1.041534423828125000e+00,1.619999999999999885e+00,3.700000000000000000e+05
1.570863203344844639e+00,7.257626384496688843e+00,-1.266487121582031250e+00,1.619999999999999885e+00,0.000000000000000000e+00
1.570891503820918800e+00,7.257626384496688843e+00,-1.407989501953125000e+00,1.619999999999999885e+00,3.700000000000000000e+05
1.571304044243492903e+00,7.617626398801803589e+00,-1.183036804199218750e+00,1.619999999999999885e+00,0.000000000000000000e+00
1.571332344719567065e+00,7.617626398801803589e+00,-1.324539184570312500e+00,1.619999999999999885e+00,3.700000000000000000e+05
1.572259306632942444e+00,6.808720111846923828e+00,-1.829998016357421875e+00,1.619999999999999885e+00,0.000000000000000000e+00
1.572304596548742550e+00,7.035169690847396851e+00,-1.829998016357421875e+00,1.619999999999999885e+00,3.700000000000000000e+05
1.572972060940096783e+00,7.617626398801803589e+00,-1.466037750244140625e+00,1.619999999999999885e+00,0.000000000000000000e+00
1.573016090741938822e+00,7.837739795446395874e+00,-1.469997406005859375e+00,1.619999999999999885e+00,3.700000000000000000e+05
1.573676293995756037e+00,7.261619299650192261e+00,-1.829998016357421875e+00,1.619999999999999885e+00,0.000000000000000000e+00
1.573721583917516487e+00,7.488068908452987671e+00,-1.829998016357421875e+00,1.619999999999999885e+00,3.700000000000000000e+05
1.574381787146772016e+00,8.064189374446868896e+00,-1.469997406005859375e+00,1.619999999999999885e+00,0.000000000000000000e+00
1.574427077044690648e+00,8.290638864040374756e+00,-1.469997406005859375e+00,1.619999999999999885e+00,3.700000000000000000e+05
1.575087280175700322e+00,7.714518517255783081e+00,-1.829998016357421875e+00,1.619999999999999885e+00,0.000000000000000000e+00
1.575132570067658611e+00,7.940967977046966553e+00,-1.829998016357421875e+00,1.619999999999999885e+00,3.700000000000000000e+05
1.575792773468844832e+00,8.517088651657104492e+00,-1.469997406005859375e+00,1.619999999999999885e+00,0.000000000000000000e+00
1.575838063366763464e+00,8.743538141250610352e+00,-1.469997406005859375e+00,1.619999999999999885e+00,3.700000000000000000e+05
1.576498266571457529e+00,8.167417705059051514e+00,-1.829998016357421875e+00,1.619999999999999885e+00,0.000000000000000000e+00
1.576543556469376162e+00,8.393867194652557373e+00,-1.829998016357421875e+00,1.619999999999999885e+00,3.700000000000000000e+05
1.577203759674070227e+00,8.969987630844116211e+00,-1.469997406005859375e+00,1.619999999999999885e+00,0.000000000000000000e+00
1.579062181710257917e+00,1.512642526626586914e+01,5.490001678466796875e+00,1.619999999999999885e+00,3.700000000000000000e+05
1.579722384865829055e+00,1.570254564285278320e+01,5.850002288818359375e+00,1.619999999999999885e+00,0.000000000000000000e+00
1.579767674668380417e+00,1.592899465560913086e+01,5.850002288818359375e+00,1.619999999999999885e+00,3.700000000000000000e+05
1.580427877430967465e+00,1.535287475585937500e+01,5.490001678466796875e+00,1.619999999999999885e+00,0.000000000000000000e+00
1.580473167328886097e+00,1.557932424545288086e+01,5.490001678466796875e+00,1.619999999999999885e+00,3.700000000000000000e+05
1.581133370484457235e+00,1.615544462203979492e+01,5.850002288818359375e+00,1.619999999999999885e+00,0.000000000000000000e+00
1.581178660477743358e+00,1.638189458847045898e+01,5.850002288818359375e+00,1.619999999999999885e+00,3.700000000000000000e+05
1.581838863633314496e+00,1.580577421188354492e+01,5.490001678466796875e+00,1.619999999999999885e+00,0.000000000000000000e+00
1.581884153435865858e+00,1.603222322463989258e+01,5.490001678466796875e+00,1.619999999999999885e+00,3.700000000000000000e+05
1.582726885116987559e+00,1.676762628555297852e+01,5.949531555175781250e+00,1.619999999999999885e+00,0.000000000000000000e+00
1.582750899711422576e+00,1.683479356765747070e+01,5.850002288818359375e+00,1.619999999999999885e+00,3.700000000000000000e+05
1.583411102866993714e+00,1.625867319107055664e+01,5.490001678466796875e+00,1.619999999999999885e+00,0.000000000000000000e+00
1.583442428248302170e+00,1.640762662887573242e+01,5.441577911376953125e+00,1.619999999999999885e+00,3.700000000000000000e+05
1.584191436711769541e+00,1.706124258041381836e+01,5.850002288818359375e+00,1.619999999999999885e+00,0.000000000000000000e+00
1.584236726705055665e+00,1.728769254684448242e+01,5.850002288818359375e+00,1.619999999999999885e+00,3.700000000000000000e+05
1.585245234974353767e+00,1.640762662887573242e+01,5.300075531005859375e+00,1.619999999999999885e+00,0.000000000000000000e+00
1.585273535450427929e+00,1.640762662887573242e+01,5.158573150634765625e+00,1.619999999999999885e+00,3.700000000000000000e+05
1.585686075578263798e+00,1.676762628555297852e+01,5.383525848388671875e+00,1.619999999999999885e+00,0.000000000000000000e+00
1.585714375291398470e+00,1.676762628555297852e+01,5.242027282714843750e+00,1.619999999999999885e+00,3.700000000000000000e+05
1.586126917383756663e+00,1.640762662887573242e+01,5.017070770263671875e+00,1.619999999999999885e+00,0.000000000000000000e+00
1.586155217096891334e+00,1.640762662887573242e+01,4.875572204589843750e+00,1.619999999999999885e+00,3.700000000000000000e+05
1.586567757224727204e+00,1.676762628555297852e+01,5.100524902343750000e+00,1.619999999999999885e+00,0.000000000000000000e+00
1.586596057700801365e+00,1.676762628555297852e+01,4.959022521972656250e+00,1.619999999999999885e+00,3.700000000000000000e+05
1.587008597828637235e+00,1.640762662887573242e+01,4.734069824218750000e+00,1.619999999999999885e+00,0.000000000000000000e+00
1.587036898304711396e+00,1.640762662887573242e+01,4.592567443847656250e+00,1.619999999999999885e+00,3.700000000000000000e+05
1.587449438432547266e+00,1.676762628555297852e+01,4.817520141601562500e+00,1.619999999999999885e+00,0.000000000000000000e+00
1.587477738145681938e+00,1.676762628555297852e+01,4.676021575927734375e+00,1.619999999999999885e+00,3.700000000000000000e+05
1.587890278273517808e+00,1.640762662887573242e+01,4.451068878173828125e+00,1.619999999999999885e+00,0.000000000000000000e+00
1.587918578749591969e+00,1.640762662887573242e+01,4.309566497802734375e+00,1.619999999999999885e+00,3.700000000000000000e+05
1.588331118877427839e+00,1.676762628555297852e+01,4.534519195556640625e+00,1.619999999999999885e+00,0.000000000000000000e+00
1.588359419353502000e+00,1.676762628555297852e+01,4.393016815185546875e+00,1.619999999999999885e+00,3.700000000000000000e+05
1.588771959481337870e+00,1.640762662887573242e+01,4.168064117431640625e+00,1.619999999999999885e+00,0.000000000000000000e+00
1.588800259957412031e+00,1.640762662887573242e+01,4.026561737060546875e+00,1.619999999999999885e+00,3.700000000000000000e+05
1.589212800085247901e+00,1.676762628555297852e+01,4.251514434814453125e+00,1.619999999999999885e+00,0.000000000000000000e+00
1.589241099798382573e+00,1.676762628555297852e+01,4.110015869140625000e+00,1.619999999999999885e+00,3.700000000000000000e+05
1.590066375748734773e+00,1.604745626449584961e+01,3.660003662109375000e+00,1.619999999999999885e+00,0.000000000000000000e+00
1.590111665551286135e+00,1.627390527725219727e+01,3.660003662109375000e+00,1.619999999999999885e+00,3.700000000000000000e+05
1.590677442481777337e+00,1.676762628555297852e+01,3.968513488769531250e+00,1.619999999999999885e+00,0.000000000000000000e+00
1.590705742957851498e+00,1.676762628555297852e+01,3.827011108398437500e+00,1.619999999999999885e+00,3.700000000000000000e+05
1.591118283085687368e+00,1.640762662887573242e+01,3.602058410644531250e+00,1.619999999999999885e+00,0.000000000000000000e+00
1.591146583561761529e+00,1.640762662887573242e+01,3.460556030273437500e+00,1.619999999999999885e+00,3.700000000000000000e+05
1.591559123689597399e+00,1.676762628555297852e+01,3.685508728027343750e+00,1.619999999999999885e+00,0.000000000000000000e+00
1.591587423402732071e+00,1.676762628555297852e+01,3.544010162353515625e+00,1.619999999999999885e+00,3.700000000000000000e+05
1.591999963530567941e+00,1.640762662887573242e+01,3.319057464599609375e+00,1.619999999999999885e+00,0.000000000000000000e+00
1.592028264006642102e+00,1.640762662887573242e+01,3.177555084228515625e+00,1.619999999999999885e+00,3.700000000000000000e+05
1.592440804134477972e+00,1.676762628555297852e+01,3.402507781982421875e+00,1.619999999999999885e+00,0.000000000000000000e+00
1.592469104610552133e+00,1.676762628555297852e+01,3.261005401611328125e+00,1.619999999999999885e+00,3.700000000000000000e+05
1.592881644738388003e+00,1.640762662887573242e+01,3.036052703857421875e+00,1.619999999999999885e+00,0.000000000000000000e+00
1.592909945214462164e+00,1.640762662887573242e+01,2.894550323486328125e+00,1.619999999999999885e+00,3.700000000000000000e+05
1.593322485342298034e+00,1.676762628555297852e+01,3.119503021240234375e+00,1.619999999999999885e+00,0.000000000000000000e+00
1.593350785055432706e+00,1.676762628555297852e+01,2.978004455566406250e+00,1.619999999999999885e+00,3.700000000000000000e+05
1.593763325183268575e+00,1.640762662887573242e+01,2.753051757812500000e+00,1.619999999999999885e+00,0.000000000000000000e+00
1.593791625659342737e+00,1.640762662887573242e+01,2.611549377441406250e+00,1.619999999999999885e+00,3.700000000000000000e+05
1.594204165787178606e+00,1.676762628555297852e+01,2.836502075195312500e+00,1.619999999999999885e+00,0.000000000000000000e+00
1.594232466263252768e+00,1.676762628555297852e+01,2.694999694824218750e+00,1.619999999999999885e+00,3.700000000000000000e+05
1.594645006391088637e+00,1.640762662887573242e+01,2.470046997070312500e+00,1.619999999999999885e+00,0.000000000000000000e+00
1.594673306867162799e+00,1.640762662887573242e+01,2.328544616699218750e+00,1.619999999999999885e+00,3.700000000000000000e+05
1.595085846994998668e+00,1.676762628555297852e+01,2.553497314453125000e+00,1.619999999999999885e+00,0.000000000000000000e+00
1.596557582975028255e+00,9.447626352310180664e+00,1.799991607666015625e+00,1.619999999999999885e+00,3.700000000000000000e+05
1.596970123397602359e+00,9.087626338005065918e+00,1.575038909912109375e+00,1.619999999999999885e+00,0.000000000000000000e+00
1.596998423110737031e+00,9.087626338005065918e+00,1.433540344238281250e+00,1.619999999999999885e+00,3.700000000000000000e+05
1.597410963533311135e+00,9.447626352310180664e+00,1.658493041992187500e+00,1.619999999999999885e+00,0.000000000000000000e+00
1.597439264009385296e+00,9.447626352310180664e+00,1.516990661621093750e+00,1.619999999999999885e+00,3.700000000000000000e+05
1.597851804431959399e+00,9.087626338005065918e+00,1.292037963867187500e+00,1.619999999999999885e+00,0.000000000000000000e+00
1.597880104908033561e+00,9.087626338005065918e+00,1.150535583496093750e+00,1.619999999999999885e+00,3.700000000000000000e+05
1.598292645330607664e+00,9.447626352310180664e+00,1.375488281250000000e+00,1.619999999999999885e+00,0.000000000000000000e+00
1.598320945806681825e+00,9.447626352310180664e+00,1.233985900878906250e+00,1.619999999999999885e+00,3.700000000000000000e+05
1.598733486229255929e+00,9.087626338005065918e+00,1.009033203125000000e+00,1.619999999999999885e+00,0.000000000000000000e+00
1.598761785942390601e+00,9.087626338005065918e+00,8.675346374511718750e-01,1.619999999999999885e+00,3.700000000000000000e+05
1.599174326364964704e+00,9.447626352310180664e+00,1.092487335205078125e+00,1.619999999999999885e+00,0.000000000000000000e+00
1.599202626841038866e+00,9.447626352310180664e+00,9.509849548339843750e-01,1.619999999999999885e+00,3.700000000000000000e+05
1.599615167263612969e+00,9.087626338005065918e+00,7.260322570800781250e-01,1.619999999999999885e+00,0.000000000000000000e+00
1.599643467739687130e+00,9.087626338005065918e+00,5.845298767089843750e-01,1.619999999999999885e+00,3.700000000000000000e+05
1.600056008162261234e+00,9.447626352310180664e+00,8.094825744628906250e-01,1.619999999999999885e+00,0.000000000000000000e+00
1.600084308638335395e+00,9.447626352310180664e+00,6.679801940917968750e-01,1.619999999999999885e+00,3.700000000000000000e+05
1.600496849060909499e+00,9.087626338005065918e+00,4.430274963378906250e-01,1.619999999999999885e+00,0.000000000000000000e+00
1.601509456821910593e+00,1.310762643814086914e+01,3.521007537841796875e+00,1.619999999999999885e+00,3.700000000000000000e+05
1.601921997342730775e+00,1.274762630462646484e+01,3.296054840087890625e+00,1.619999999999999885e+00,0.000000000000000000e+00
1.601950297055865446e+00,1.274762630462646484e+01,3.154556274414062500e+00,1.619999999999999885e+00,3.700000000000000000e+05
1.602362837576685628e+00,1.310762643814086914e+01,3.379508972167968750e+00,1.619999999999999885e+00,0.000000000000000000e+00
1.602391138052759789e+00,1.310762643814086914e+01,3.238006591796875000e+00,1.619999999999999885e+00,3.700000000000000000e+05
1.602803678573579971e+00,1.274762630462646484e+01,3.013053894042968750e+00,1.619999999999999885e+00,0.000000000000000000e+00
1.602831979049654132e+00,1.274762630462646484e+01,2.871551513671875000e+00,1.619999999999999885e+00,3.700000000000000000e+05
1.603244519570474313e+00,1.310762643814086914e+01,3.096504211425781250e+00,1.619999999999999885e+00,0.000000000000000000e+00
1.603272820046548475e+00,1.310762643814086914e+01,2.955001831054687500e+00,1.619999999999999885e+00,3.700000000000000000e+05
1.603685360567368656e+00,1.274762630462646484e+01,2.730049133300781250e+00,1.619999999999999885e+00,0.000000000000000000e+00
1.603713660280503328e+00,1.274762630462646484e+01,2.588550567626953125e+00,1.619999999999999885e+00,3.700000000000000000e+05
1.604126200801323510e+00,1.310762643814086914e+01,2.813503265380859375e+00,1.619999999999999885e+00,0.000000000000000000e+00
1.604154501277397671e+00,1.310762643814086914e+01,2.672000885009765625e+00,1.619999999999999885e+00,3.700000000000000000e+05
1.604567041798217852e+00,1.274762630462646484e+01,2.447048187255859375e+00,1.619999999999999885e+00,0.000000000000000000e+00
1.604595342274292014e+00,1.274762630462646484e+01,2.305545806884765625e+00,1.619999999999999885e+00,3.700000000000000000e+05
1.605007882795112195e+00,1.310762643814086914e+01,2.530498504638671875e+00,1.619999999999999885e+00,0.000000000000000000e+00
1.605036182508246867e+00,1.310762643814086914e+01,2.388999938964843750e+00,1.619999999999999885e+00,3.700000000000000000e+05
1.606061325219185543e+00,1.221304512023925781e+01,1.830001831054687500e+00,1.619999999999999885e+00,0.000000000000000000e+00
1.606106615212471667e+00,1.243949508666992188e+01,1.830001831054687500e+00,1.619999999999999885e+00,3.700000000000000000e+05
1.606872258117579388e+00,1.310762643814086914e+01,2.247497558593750000e+00,1.619999999999999885e+00,0.000000000000000000e+00
1.606901501511867725e+00,1.324206495285034180e+01,2.190002441406250000e+00,1.619999999999999885e+00,3.700000000000000000e+05
1.607561704667438862e+00,1.266594457626342773e+01,1.830001831054687500e+00,1.619999999999999885e+00,0.000000000000000000e+00
1.607586081073667961e+00,1.274762630462646484e+01,1.739540100097656250e+00,1.619999999999999885e+00,3.700000000000000000e+05
1.608412180670645286e+00,1.346851444244384766e+01,2.190002441406250000e+00,1.619999999999999885e+00,0.000000000000000000e+00
1.608457470568563918e+00,1.369496393203735352e+01,2.190002441406250000e+00,1.619999999999999885e+00,3.700000000000000000e+05
1.609117673724135056e+00,1.311884355545043945e+01,1.830001831054687500e+00,1.619999999999999885e+00,0.000000000000000000e+00
1.609162963717421180e+00,1.334529352188110352e+01,1.830001831054687500e+00,1.619999999999999885e+00,3.700000000000000000e+05
1.609823166872992317e+00,1.392141389846801758e+01,2.190002441406250000e+00,1.619999999999999885e+00,0.000000000000000000e+00
1.609868456770910949e+00,1.414786338806152344e+01,2.190002441406250000e+00,1.619999999999999885e+00,3.700000000000000000e+05
1.610528659926482087e+00,1.357174301147460938e+01,1.830001831054687500e+00,1.619999999999999885e+00,0.000000000000000000e+00
1.610573949824400719e+00,1.379819250106811523e+01,1.830001831054687500e+00,1.619999999999999885e+00,3.700000000000000000e+05
1.611234152979971856e+00,1.437431287765502930e+01,2.190002441406250000e+00,1.619999999999999885e+00,0.000000000000000000e+00
1.612639173889825361e+00,7.699286043643951416e+00,0.000000000000000000e+00,1.619999999999999885e+00,3.700000000000000000e+05
1.613299377094519427e+00,8.275406479835510254e+00,3.600006103515625000e-01,1.619999999999999885e+00,0.000000000000000000e+00
1.613344667016279876e+00,8.501856088638305664e+00,3.600006103515625000e-01,1.619999999999999885e+00,3.700000000000000000e+05
1.614004870245535406e+00,7.925735622644424438e+00,0.000000000000000000e+00,1.619999999999999885e+00,0.000000000000000000e+00
1.614050160161335512e+00,8.152185201644897461e+00,0.000000000000000000e+00,1.619999999999999885e+00,3.700000000000000000e+05
1.614710363316906649e+00,8.728305578231811523e+00,3.600006103515625000e-01,1.619999999999999885e+00,0.000000000000000000e+00
1.614755653238667099e+00,8.954755187034606934e+00,3.600006103515625000e-01,1.619999999999999885e+00,3.700000000000000000e+05
1.615415856394238237e+00,8.378634810447692871e+00,0.000000000000000000e+00,1.619999999999999885e+00,0.000000000000000000e+00
1.615461146315998686e+00,8.605084419250488281e+00,0.000000000000000000e+00,1.619999999999999885e+00,3.700000000000000000e+05
1.616426655392218414e+00,9.447626352310180664e+00,5.264816284179687500e-01,1.619999999999999885e+00,0.000000000000000000e+00
1.616454955868292576e+00,9.447626352310180664e+00,3.849792480468750000e-01,1.619999999999999885e+00,3.700000000000000000e+05
1.617160965531664552e+00,8.831533908843994141e+00,0.000000000000000000e+00,1.619999999999999885e+00,0.000000000000000000e+00
1.617206255453425001e+00,9.057983517646789551e+00,0.000000000000000000e+00,1.619999999999999885e+00,3.700000000000000000e+05
1.617866458707242217e+00,9.634104013442993164e+00,3.600006103515625000e-01,1.619999999999999885e+00,0.000000000000000000e+00
1.617911748605160849e+00,9.860553503036499023e+00,3.600006103515625000e-01,1.619999999999999885e+00,3.700000000000000000e+05
1.618797481542120442e+00,9.087626338005065918e+00,-1.229782104492187500e-01,1.619999999999999885e+00,0.000000000000000000e+00
1.618825781255255114e+00,9.087626338005065918e+00,-2.644767761230468750e-01,1.619999999999999885e+00,3.700000000000000000e+05
1.619238321677829218e+00,9.447626352310180664e+00,-3.952407836914062500e-02,1.619999999999999885e+00,0.000000000000000000e+00
1.619266622153903379e+00,9.447626352310180664e+00,-1.810264587402343750e-01,1.619999999999999885e+00,3.700000000000000000e+05
1.619679162576477482e+00,9.087626338005065918e+00,-4.059791564941406250e-01,1.619999999999999885e+00,0.000000000000000000e+00
1.619707463052551644e+00,9.087626338005065918e+00,-5.474815368652343750e-01,1.619999999999999885e+00,3.700000000000000000e+05
1.620120003475125747e+00,9.447626352310180664e+00,-3.225288391113281250e-01,1.619999999999999885e+00,0.000000000000000000e+00
1.620148303951199908e+00,9.447626352310180664e+00,-4.640312194824218750e-01,1.619999999999999885e+00,3.700000000000000000e+05
1.620560844373774012e+00,9.087626338005065918e+00,-6.889839172363281250e-01,1.619999999999999885e+00,0.000000000000000000e+00
1.620589144086908684e+00,9.087626338005065918e+00,-8.304824829101562500e-01,1.619999999999999885e+00,3.700000000000000000e+05
1.621001684509482788e+00,9.447626352310180664e+00,-6.055297851562500000e-01,1.619999999999999885e+00,0.000000000000000000e+00
1.621029984985556949e+00,9.447626352310180664e+00,-7.470321655273437500e-01,1.619999999999999885e+00,3.700000000000000000e+05
1.621442525408131052e+00,9.087626338005065918e+00,-9.719848632812500000e-01,1.619999999999999885e+00,0.000000000000000000e+00
1.621470825884205214e+00,9.087626338005065918e+00,-1.113487243652343750e+00,1.619999999999999885e+00,3.700000000000000000e+05
1.621883366306779317e+00,9.447626352310180664e+00,-8.885345458984375000e-01,1.619999999999999885e+00,0.000000000000000000e+00
1.621911666019913989e+00,9.447626352310180664e+00,-1.030033111572265625e+00,1.619999999999999885e+00,3.700000000000000000e+05
1.622324208407009083e+00,9.087626338005065918e+00,-1.254989624023437500e+00,1.619999999999999885e+00,0.000000000000000000e+00
1.622352508120143755e+00,9.087626338005065918e+00,-1.396488189697265625e+00,1.619999999999999885e+00,3.700000000000000000e+05
1.622765048542717858e+00,9.447626352310180664e+00,-1.171535491943359375e+00,1.619999999999999885e+00,0.000000000000000000e+00
1.622793349018792020e+00,9.447626352310180664e+00,-1.313037872314453125e+00,1.619999999999999885e+00,3.700000000000000000e+05
1.623741400890959197e+00,8.620316863059997559e+00,-1.829998016357421875e+00,1.619999999999999885e+00,0.000000000000000000e+00
1.623786690788877829e+00,8.846766352653503418e+00,-1.829998016357421875e+00,1.619999999999999885e+00,3.700000000000000000e+05
1.624475243248199252e+00,9.447626352310180664e+00,-1.454540252685546875e+00,1.619999999999999885e+00,0.000000000000000000e+00
1.624515703568571778e+00,9.649336576461791992e+00,-1.469997406005859375e+00,1.619999999999999885e+00,3.700000000000000000e+05
1.625175906920634850e+00,9.073215961456298828e+00,-1.829998016357421875e+00,1.619999999999999885e+00,0.000000000000000000e+00
1.625221196842395299e+00,9.299665570259094238e+00,-1.829998016357421875e+00,1.619999999999999885e+00,3.700000000000000000e+05
1.625881400096212515e+00,9.875786066055297852e+00,-1.469997406005859375e+00,1.619999999999999885e+00,0.000000000000000000e+00
1.625926689994131147e+00,1.010223555564880371e+01,-1.469997406005859375e+00,1.619999999999999885e+00,3.700000000000000000e+05
1.626586893149702284e+00,9.526115179061889648e+00,-1.829998016357421875e+00,1.619999999999999885e+00,0.000000000000000000e+00
1.626632183047620916e+00,9.752564668655395508e+00,-1.829998016357421875e+00,1.619999999999999885e+00,3.700000000000000000e+05
1.627292386399683988e+00,1.032868528366088867e+01,-1.469997406005859375e+00,1.619999999999999885e+00,0.000000000000000000e+00
1.627337676297602620e+00,1.055513477325439453e+01,-1.469997406005859375e+00,1.619999999999999885e+00,3.700000000000000000e+05
1.627997879453173757e+00,9.979014396667480469e+00,-1.829998016357421875e+00,1.619999999999999885e+00,0.000000000000000000e+00
1.628043169351092390e+00,1.020546388626098633e+01,-1.829998016357421875e+00,1.619999999999999885e+00,3.700000000000000000e+05
1.628703372506663527e+00,1.078158426284790039e+01,-1.469997406005859375e+00,1.619999999999999885e+00,0.000000000000000000e+00
1.630561794574443724e+00,1.693802213668823242e+01,5.490001678466796875e+00,1.619999999999999885e+00,3.700000000000000000e+05
1.631221997730014861e+00,1.751414251327514648e+01,5.850002288818359375e+00,1.619999999999999885e+00,0.000000000000000000e+00
1.631267287532566224e+00,1.774059152603149414e+01,5.850002288818359375e+00,1.619999999999999885e+00,3.700000000000000000e+05
1.631927490688137361e+00,1.716447114944458008e+01,5.490001678466796875e+00,1.619999999999999885e+00,0.000000000000000000e+00
1.631972780681423485e+00,1.739092111587524414e+01,5.490001678466796875e+00,1.619999999999999885e+00,3.700000000000000000e+05
1.632632983836994622e+00,1.796704149246215820e+01,5.850002288818359375e+00,1.619999999999999885e+00,0.000000000000000000e+00
1.632678273830280746e+00,1.819349145889282227e+01,5.850002288818359375e+00,1.619999999999999885e+00,3.700000000000000000e+05
1.633338477771820285e+00,1.761737012863159180e+01,5.490001678466796875e+00,1.619999999999999885e+00,0.000000000000000000e+00
1.633383767765106409e+00,1.784382009506225586e+01,5.490001678466796875e+00,1.619999999999999885e+00,3.700000000000000000e+05
1.634247589282213475e+00,1.859762620925903320e+01,5.961032867431640625e+00,1.619999999999999885e+00,0.000000000000000000e+00
1.634275889758287637e+00,1.859762620925903320e+01,5.819530487060546875e+00,1.619999999999999885e+00,3.700000000000000000e+05
1.634880211469563749e+00,1.807027006149291992e+01,5.490001678466796875e+00,1.619999999999999885e+00,0.000000000000000000e+00
1.634925501272115111e+00,1.829671907424926758e+01,5.490001678466796875e+00,1.619999999999999885e+00,3.700000000000000000e+05
1.635270323963530670e+00,1.859762620925903320e+01,5.678028106689453125e+00,1.619999999999999885e+00,0.000000000000000000e+00
1.635298623676665342e+00,1.859762620925903320e+01,5.536529541015625000e+00,1.619999999999999885e+00,3.700000000000000000e+05
1.635383948526773379e+00,1.852316904067993164e+01,5.490001678466796875e+00,1.619999999999999885e+00,0.000000000000000000e+00
1.637009117030544747e+00,1.127762627601623535e+01,1.811492919921875000e+00,1.619999999999999885e+00,3.700000000000000000e+05
1.637421657354872773e+00,1.091762638092041016e+01,1.586540222167968750e+00,1.619999999999999885e+00,0.000000000000000000e+00
1.637449957830946934e+00,1.091762638092041016e+01,1.445037841796875000e+00,1.619999999999999885e+00,3.700000000000000000e+05
1.637862498155274960e+00,1.127762627601623535e+01,1.669990539550781250e+00,1.619999999999999885e+00,0.000000000000000000e+00
1.637890798631349121e+00,1.127762627601623535e+01,1.528488159179687500e+00,1.619999999999999885e+00,3.700000000000000000e+05
1.638303338955677146e+00,1.091762638092041016e+01,1.303535461425781250e+00,1.619999999999999885e+00,0.000000000000000000e+00
1.638331638668811818e+00,1.091762638092041016e+01,1.162036895751953125e+00,1.619999999999999885e+00,3.700000000000000000e+05
1.638744178993139844e+00,1.127762627601623535e+01,1.386989593505859375e+00,1.619999999999999885e+00,0.000000000000000000e+00
1.638772479469214005e+00,1.127762627601623535e+01,1.245487213134765625e+00,1.619999999999999885e+00,3.700000000000000000e+05
1.639185019793542031e+00,1.091762638092041016e+01,1.020534515380859375e+00,1.619999999999999885e+00,0.000000000000000000e+00
1.639213320269616192e+00,1.091762638092041016e+01,8.790321350097656250e-01,1.619999999999999885e+00,3.700000000000000000e+05
1.639625860593944218e+00,1.127762627601623535e+01,1.103984832763671875e+00,1.619999999999999885e+00,0.000000000000000000e+00
1.639654160307078890e+00,1.127762627601623535e+01,9.624862670898437500e-01,1.619999999999999885e+00,3.700000000000000000e+05
1.640066702595928350e+00,1.091762638092041016e+01,7.375297546386718750e-01,1.619999999999999885e+00,0.000000000000000000e+00
1.640095002309063021e+00,1.091762638092041016e+01,5.960311889648437500e-01,1.619999999999999885e+00,3.700000000000000000e+05
1.640507542633391047e+00,1.127762627601623535e+01,8.209838867187500000e-01,1.619999999999999885e+00,0.000000000000000000e+00
1.640535843109465208e+00,1.127762627601623535e+01,6.794815063476562500e-01,1.619999999999999885e+00,3.700000000000000000e+05
1.640948383433793234e+00,1.091762638092041016e+01,4.545288085937500000e-01,1.619999999999999885e+00,0.000000000000000000e+00
1.641960991175864137e+00,1.493762636184692383e+01,3.532508850097656250e+00,1.619999999999999885e+00,3.700000000000000000e+05
1.642373531696684319e+00,1.457762622833251953e+01,3.307556152343750000e+00,1.619999999999999885e+00,0.000000000000000000e+00
1.642401832172758480e+00,1.457762622833251953e+01,3.166053771972656250e+00,1.619999999999999885e+00,3.700000000000000000e+05
1.642814372693578662e+00,1.493762636184692383e+01,3.391006469726562500e+00,1.619999999999999885e+00,0.000000000000000000e+00
1.642842672406713334e+00,1.493762636184692383e+01,3.249507904052734375e+00,1.619999999999999885e+00,3.700000000000000000e+05
1.643255214892054061e+00,1.457762622833251953e+01,3.024551391601562500e+00,1.619999999999999885e+00,0.000000000000000000e+00
1.643283514605188733e+00,1.457762622833251953e+01,2.883052825927734375e+00,1.619999999999999885e+00,3.700000000000000000e+05
1.643696055126008915e+00,1.493762636184692383e+01,3.108005523681640625e+00,1.619999999999999885e+00,0.000000000000000000e+00
1.643724355602083076e+00,1.493762636184692383e+01,2.966503143310546875e+00,1.619999999999999885e+00,3.700000000000000000e+05
1.644136896122903257e+00,1.457762622833251953e+01,2.741550445556640625e+00,1.619999999999999885e+00,0.000000000000000000e+00
1.644165196598977419e+00,1.457762622833251953e+01,2.600048065185546875e+00,1.619999999999999885e+00,3.700000000000000000e+05
1.644577737119797600e+00,1.493762636184692383e+01,2.825000762939453125e+00,1.619999999999999885e+00,0.000000000000000000e+00
1.644606036832932272e+00,1.493762636184692383e+01,2.683502197265625000e+00,1.619999999999999885e+00,3.700000000000000000e+05
1.645018577353752454e+00,1.457762622833251953e+01,2.458549499511718750e+00,1.619999999999999885e+00,0.000000000000000000e+00
1.645046877829826615e+00,1.457762622833251953e+01,2.317047119140625000e+00,1.619999999999999885e+00,3.700000000000000000e+05
1.645459418350646796e+00,1.493762636184692383e+01,2.541999816894531250e+00,1.619999999999999885e+00,0.000000000000000000e+00
1.645487718826720958e+00,1.493762636184692383e+01,2.400497436523437500e+00,1.619999999999999885e+00,3.700000000000000000e+05
1.646533949409133557e+00,1.402464199066162109e+01,1.830001831054687500e+00,1.619999999999999885e+00,0.000000000000000000e+00
1.646579239307052189e+00,1.425109148025512695e+01,1.830001831054687500e+00,1.619999999999999885e+00,3.700000000000000000e+05
1.647365970476619257e+00,1.493762636184692383e+01,2.258995056152343750e+00,1.619999999999999885e+00,0.000000000000000000e+00
1.647392969890833392e+00,1.505366182327270508e+01,2.190002441406250000e+00,1.619999999999999885e+00,3.700000000000000000e+05
1.648053173046404529e+00,1.447754144668579102e+01,1.830001831054687500e+00,1.619999999999999885e+00,0.000000000000000000e+00
1.648078669486343184e+00,1.457762622833251953e+01,1.751041412353515625e+00,1.619999999999999885e+00,3.700000000000000000e+05
1.648883679247334255e+00,1.528011131286621094e+01,2.190002441406250000e+00,1.619999999999999885e+00,0.000000000000000000e+00
1.648928969145252887e+00,1.550656080245971680e+01,2.190002441406250000e+00,1.619999999999999885e+00,3.700000000000000000e+05
1.649993478319090379e+00,1.457762622833251953e+01,1.609539031982421875e+00,1.619999999999999885e+00,0.000000000000000000e+00
1.650021778795164540e+00,1.457762622833251953e+01,1.468036651611328125e+00,1.619999999999999885e+00,3.700000000000000000e+05
1.650434319315984721e+00,1.493762636184692383e+01,1.692989349365234375e+00,1.619999999999999885e+00,0.000000000000000000e+00
1.650462619029119393e+00,1.493762636184692383e+01,1.551490783691406250e+00,1.619999999999999885e+00,3.700000000000000000e+05
1.650875159549939575e+00,1.457762622833251953e+01,1.326538085937500000e+00,1.619999999999999885e+00,0.000000000000000000e+00
1.650903460026013736e+00,1.457762622833251953e+01,1.185035705566406250e+00,1.619999999999999885e+00,3.700000000000000000e+05
1.651316000546833918e+00,1.493762636184692383e+01,1.409988403320312500e+00,1.619999999999999885e+00,0.000000000000000000e+00
1.651344301022908079e+00,1.493762636184692383e+01,1.268486022949218750e+00,1.619999999999999885e+00,3.700000000000000000e+05
1.651756841543728260e+00,1.457762622833251953e+01,1.043533325195312500e+00,1.619999999999999885e+00,0.000000000000000000e+00
1.651785142019802421e+00,1.457762622833251953e+01,9.020309448242187500e-01,1.619999999999999885e+00,3.700000000000000000e+05
1.652197682540622603e+00,1.493762636184692383e+01,1.126983642578125000e+00,1.619999999999999885e+00,0.000000000000000000e+00
1.652225982253757275e+00,1.493762636184692383e+01,9.854850769042968750e-01,1.619999999999999885e+00,3.700000000000000000e+05
1.652638522774577456e+00,1.457762622833251953e+01,7.605323791503906250e-01,1.619999999999999885e+00,0.000000000000000000e+00
1.652666823250651618e+00,1.457762622833251953e+01,6.190299987792968750e-01,1.619999999999999885e+00,3.700000000000000000e+05
1.653079363771471799e+00,1.493762636184692383e+01,8.439826965332031250e-01,1.619999999999999885e+00,0.000000000000000000e+00
1.653107664247545960e+00,1.493762636184692383e+01,7.024803161621093750e-01,1.619999999999999885e+00,3.700000000000000000e+05
1.653520204768366142e+00,1.457762622833251953e+01,4.775276184082031250e-01,1.619999999999999885e+00,0.000000000000000000e+00
1.654538044068904368e+00,9.510882854461669922e+00,0.000000000000000000e+00,1.619999999999999885e+00,3.700000000000000000e+05
1.655198247224475505e+00,1.008700323104858398e+01,3.600006103515625000e-01,1.619999999999999885e+00,0.000000000000000000e+00
1.655243537122394137e+00,1.031345272064208984e+01,3.600006103515625000e-01,1.619999999999999885e+00,3.700000000000000000e+05
1.655903740277965275e+00,9.737332344055175781e+00,0.000000000000000000e+00,1.619999999999999885e+00,0.000000000000000000e+00
1.655949030175883907e+00,9.963781833648681641e+00,0.000000000000000000e+00,1.619999999999999885e+00,3.700000000000000000e+05
1.656609233527946978e+00,1.053990244865417480e+01,3.600006103515625000e-01,1.619999999999999885e+00,0.000000000000000000e+00
1.656654523425865611e+00,1.076635193824768066e+01,3.600006103515625000e-01,1.619999999999999885e+00,3.700000000000000000e+05
1.657314726581436748e+00,1.019023156166076660e+01,0.000000000000000000e+00,1.619999999999999885e+00,0.000000000000000000e+00
1.657360016479355380e+00,1.041668105125427246e+01,0.000000000000000000e+00,1.619999999999999885e+00,3.700000000000000000e+05
1.658346613820031124e+00,1.127762651443481445e+01,5.379791259765625000e-01,1.619999999999999885e+00,0.000000000000000000e+00
1.658374913533165795e+00,1.127762651443481445e+01,3.964805603027343750e-01,1.619999999999999885e+00,3.700000000000000000e+05
1.659102013229019734e+00,1.064313077926635742e+01,0.000000000000000000e+00,1.619999999999999885e+00,0.000000000000000000e+00
1.659147303126938366e+00,1.086958026885986328e+01,0.000000000000000000e+00,1.619999999999999885e+00,3.700000000000000000e+05
1.659807506282509504e+00,1.144570064544677734e+01,3.600006103515625000e-01,1.619999999999999885e+00,0.000000000000000000e+00
1.659852796180428136e+00,1.167215013504028320e+01,3.600006103515625000e-01,1.619999999999999885e+00,3.700000000000000000e+05
1.660717438986664796e+00,1.091762638092041016e+01,-1.114768981933593750e-01,1.619999999999999885e+00,0.000000000000000000e+00
1.660745739462738957e+00,1.091762638092041016e+01,-2.529792785644531250e-01,1.619999999999999885e+00,3.700000000000000000e+05
1.661158279983559138e+00,1.127762651443481445e+01,-2.802658081054687500e-02,1.619999999999999885e+00,0.000000000000000000e+00
1.661186579696693810e+00,1.127762651443481445e+01,-1.695251464843750000e-01,1.619999999999999885e+00,3.700000000000000000e+05
1.661599122182034538e+00,1.091762638092041016e+01,-3.944816589355468750e-01,1.619999999999999885e+00,0.000000000000000000e+00
1.661627421895169210e+00,1.091762638092041016e+01,-5.359802246093750000e-01,1.619999999999999885e+00,3.700000000000000000e+05
1.662039962415989391e+00,1.127762651443481445e+01,-3.110275268554687500e-01,1.619999999999999885e+00,0.000000000000000000e+00
1.662068262892063553e+00,1.127762651443481445e+01,-4.525299072265625000e-01,1.619999999999999885e+00,3.700000000000000000e+05
1.662480803412883734e+00,1.091762638092041016e+01,-6.774826049804687500e-01,1.619999999999999885e+00,0.000000000000000000e+00
1.662509103888957895e+00,1.091762638092041016e+01,-8.189849853515625000e-01,1.619999999999999885e+00,3.700000000000000000e+05
1.662921644409778077e+00,1.127762651443481445e+01,-5.940322875976562500e-01,1.619999999999999885e+00,0.000000000000000000e+00
1.662949944122912749e+00,1.127762651443481445e+01,-7.355308532714843750e-01,1.619999999999999885e+00,3.700000000000000000e+05
1.663362486608253477e+00,1.091762638092041016e+01,-9.604873657226562500e-01,1.619999999999999885e+00,0.000000000000000000e+00
1.663390786321388148e+00,1.091762638092041016e+01,-1.101985931396484375e+00,1.619999999999999885e+00,3.700000000000000000e+05
1.663803326842208330e+00,1.127762651443481445e+01,-8.770332336425781250e-01,1.619999999999999885e+00,0.000000000000000000e+00
1.663831627318282491e+00,1.127762651443481445e+01,-1.018535614013671875e+00,1.619999999999999885e+00,3.700000000000000000e+05
1.664244167839102673e+00,1.091762638092041016e+01,-1.243488311767578125e+00,1.619999999999999885e+00,0.000000000000000000e+00
1.664272468315176834e+00,1.091762638092041016e+01,-1.384990692138671875e+00,1.619999999999999885e+00,3.700000000000000000e+05
1.664685008835997015e+00,1.127762651443481445e+01,-1.160037994384765625e+00,1.619999999999999885e+00,0.000000000000000000e+00
1.664713308549131687e+00,1.127762651443481445e+01,-1.301536560058593750e+00,1.619999999999999885e+00,3.700000000000000000e+05
1.665682450552023131e+00,1.043191361427307129e+01,-1.829998016357421875e+00,1.619999999999999885e+00,0.000000000000000000e+00
1.665727740449941763e+00,1.065836310386657715e+01,-1.829998016357421875e+00,1.619999999999999885e+00,3.700000000000000000e+05
1.666437383039986342e+00,1.127762651443481445e+01,-1.443038940429687500e+00,1.619999999999999885e+00,0.000000000000000000e+00
1.666465683516060503e+00,1.127762651443481445e+01,-1.584541320800781250e+00,1.619999999999999885e+00,3.700000000000000000e+05
1.666915826496766728e+00,1.088481283187866211e+01,-1.829998016357421875e+00,1.619999999999999885e+00,0.000000000000000000e+00
1.666961116394685360e+00,1.111126232147216797e+01,-1.829998016357421875e+00,1.619999999999999885e+00,3.700000000000000000e+05
1.667151759962549384e+00,1.127762651443481445e+01,-1.726043701171875000e+00,1.619999999999999885e+00,0.000000000000000000e+00
1.667950373009603249e+00,1.310762643814086914e+01,1.822994232177734375e+00,1.619999999999999885e+00,3.700000000000000000e+05
1.668362915494943977e+00,1.274762630462646484e+01,1.598037719726562500e+00,1.619999999999999885e+00,0.000000000000000000e+00
1.668391215208078648e+00,1.274762630462646484e+01,1.456539154052734375e+00,1.619999999999999885e+00,3.700000000000000000e+05
1.668803755728898830e+00,1.310762643814086914e+01,1.681491851806640625e+00,1.619999999999999885e+00,0.000000000000000000e+00
1.668832056204972991e+00,1.310762643814086914e+01,1.539989471435546875e+00,1.619999999999999885e+00,3.700000000000000000e+05
1.669244596725793173e+00,1.274762630462646484e+01,1.315036773681640625e+00,1.619999999999999885e+00,0.000000000000000000e+00
1.669272897201867334e+00,1.274762630462646484e+01,1.173534393310546875e+00,1.619999999999999885e+00,3.700000000000000000e+05
1.669685437722687515e+00,1.310762643814086914e+01,1.398487091064453125e+00,1.619999999999999885e+00,0.000000000000000000e+00
1.669713737435822187e+00,1.310762643814086914e+01,1.256988525390625000e+00,1.619999999999999885e+00,3.700000000000000000e+05
1.670126279921162915e+00,1.274762630462646484e+01,1.032032012939453125e+00,1.619999999999999885e+00,0.000000000000000000e+00
1.670154579634297587e+00,1.274762630462646484e+01,8.905334472656250000e-01,1.619999999999999885e+00,3.700000000000000000e+05
1.670567120155117768e+00,1.310762643814086914e+01,1.115486145019531250e+00,1.619999999999999885e+00,0.000000000000000000e+00
1.670595420631191930e+00,1.310762643814086914e+01,9.739837646484375000e-01,1.619999999999999885e+00,3.700000000000000000e+05
1.671007961152012111e+00,1.274762630462646484e+01,7.490310668945312500e-01,1.619999999999999885e+00,0.000000000000000000e+00
1.671036261628086272e+00,1.274762630462646484e+01,6.075286865234375000e-01,1.619999999999999885e+00,3.700000000000000000e+05
1.671448802148906454e+00,1.310762643814086914e+01,8.324813842773437500e-01,1.619999999999999885e+00,0.000000000000000000e+00
1.671477101862041126e+00,1.310762643814086914e+01,6.909828186035156250e-01,1.619999999999999885e+00,3.700000000000000000e+05
1.671889642382861307e+00,1.274762630462646484e+01,4.660301208496093750e-01,1.619999999999999885e+00,0.000000000000000000e+00
1.672189524194704235e+00,1.132247948646545410e+01,0.000000000000000000e+00,1.619999999999999885e+00,3.700000000000000000e+05
1.672849727546767307e+00,1.189860010147094727e+01,3.600006103515625000e-01,1.619999999999999885e+00,0.000000000000000000e+00
1.672895017444685939e+00,1.212504959106445312e+01,3.600006103515625000e-01,1.619999999999999885e+00,3.700000000000000000e+05
1.673555220600257076e+00,1.154892921447753906e+01,0.000000000000000000e+00,1.619999999999999885e+00,0.000000000000000000e+00
1.673600510498175709e+00,1.177537870407104492e+01,0.000000000000000000e+00,1.619999999999999885e+00,3.700000000000000000e+05
1.674260713653746846e+00,1.235149908065795898e+01,3.600006103515625000e-01,1.619999999999999885e+00,0.000000000000000000e+00
1.674306003551665478e+00,1.257794857025146484e+01,3.600006103515625000e-01,1.619999999999999885e+00,3.700000000000000000e+05
1.674966206707236616e+00,1.200182819366455078e+01,0.000000000000000000e+00,1.619999999999999885e+00,0.000000000000000000e+00
1.675011496605155248e+00,1.222827768325805664e+01,0.000000000000000000e+00,1.619999999999999885e+00,3.700000000000000000e+05
1.676019183978310290e+00,1.310762643814086914e+01,5.494804382324218750e-01,1.619999999999999885e+00,0.000000000000000000e+00
1.676047484454384451e+00,1.310762643814086914e+01,4.079780578613281250e-01,1.619999999999999885e+00,3.700000000000000000e+05
1.676795672414691962e+00,1.245472717285156250e+01,0.000000000000000000e+00,1.619999999999999885e+00,0.000000000000000000e+00
1.676840962407978086e+00,1.268117713928222656e+01,0.000000000000000000e+00,1.619999999999999885e+00,3.700000000000000000e+05
1.677501165563549224e+00,1.325729751586914062e+01,3.600006103515625000e-01,1.619999999999999885e+00,0.000000000000000000e+00
1.677546455461467856e+00,1.348374700546264648e+01,3.600006103515625000e-01,1.619999999999999885e+00,3.700000000000000000e+05
1.678206658617038993e+00,1.290762662887573242e+01,0.000000000000000000e+00,1.619999999999999885e+00,0.000000000000000000e+00
1.678251948514957625e+00,1.313407611846923828e+01,0.000000000000000000e+00,1.619999999999999885e+00,3.700000000000000000e+05
1.678912151670528763e+00,1.371019649505615234e+01,3.600006103515625000e-01,1.619999999999999885e+00,0.000000000000000000e+00
1.678957441568447395e+00,1.393664598464965820e+01,3.600006103515625000e-01,1.619999999999999885e+00,3.700000000000000000e+05
1.679617644724018533e+00,1.336052560806274414e+01,0.000000000000000000e+00,1.619999999999999885e+00,0.000000000000000000e+00
1.679662934621937165e+00,1.358697509765625000e+01,0.000000000000000000e+00,1.619999999999999885e+00,3.700000000000000000e+05
1.680323137777508302e+00,1.416309547424316406e+01,3.600006103515625000e-01,1.619999999999999885e+00,0.000000000000000000e+00
1.680368427770794426e+00,1.438954544067382812e+01,3.600006103515625000e-01,1.619999999999999885e+00,3.700000000000000000e+05
1.681028630926365564e+00,1.381342506408691406e+01,0.000000000000000000e+00,1.619999999999999885e+00,0.000000000000000000e+00
1.681073920824284196e+00,1.403987455368041992e+01,0.000000000000000000e+00,1.619999999999999885e+00,3.700000000000000000e+05
1.682102696068912051e+00,1.493762636184692383e+01,5.609779357910156250e-01,1.619999999999999885e+00,0.000000000000000000e+00
1.682130995782046723e+00,1.493762636184692383e+01,4.194793701171875000e-01,1.619999999999999885e+00,3.700000000000000000e+05
1.682900273578343375e+00,1.426632404327392578e+01,0.000000000000000000e+00,1.619999999999999885e+00,0.000000000000000000e+00
1.682945563476262008e+00,1.449277353286743164e+01,0.000000000000000000e+00,1.619999999999999885e+00,3.700000000000000000e+05
1.683455341859710908e+00,1.493762636184692383e+01,2.779769897460937500e-01,1.619999999999999885e+00,0.000000000000000000e+00
1.683483642335785069e+00,1.493762636184692383e+01,1.364746093750000000e-01,1.619999999999999885e+00,3.700000000000000000e+05
1.683733921306386216e+00,1.471922302246093750e+01,0.000000000000000000e+00,1.619999999999999885e+00,0.000000000000000000e+00
1.684110243456193867e+00,1.515688991546630859e+01,1.830001831054687500e+00,1.619999999999999885e+00,3.700000000000000000e+05
1.684770447004749094e+00,1.573301076889038086e+01,2.190002441406250000e+00,1.619999999999999885e+00,0.000000000000000000e+00
1.684815736807300457e+00,1.595945978164672852e+01,2.190002441406250000e+00,1.619999999999999885e+00,3.700000000000000000e+05
1.685475939962871594e+00,1.538333940505981445e+01,1.830001831054687500e+00,1.619999999999999885e+00,0.000000000000000000e+00
1.685521229956157718e+00,1.560978937149047852e+01,1.830001831054687500e+00,1.619999999999999885e+00,3.700000000000000000e+05
1.686181433111728856e+00,1.618590974807739258e+01,2.190002441406250000e+00,1.619999999999999885e+00,0.000000000000000000e+00
1.686305960456590869e+00,1.676762628555297852e+01,2.411998748779296875e+00,1.619999999999999885e+00,3.700000000000000000e+05
1.687373281267973590e+00,1.583623838424682617e+01,1.830001831054687500e+00,1.619999999999999885e+00,0.000000000000000000e+00
1.687418571261259714e+00,1.606268835067749023e+01,1.830001831054687500e+00,1.619999999999999885e+00,3.700000000000000000e+05
1.688226392266811482e+00,1.676762628555297852e+01,2.270496368408203125e+00,1.619999999999999885e+00,0.000000000000000000e+00
1.688254692742885643e+00,1.676762628555297852e+01,2.128993988037109375e+00,1.619999999999999885e+00,3.700000000000000000e+05
1.688803013942606901e+00,1.628913831710815430e+01,1.830001831054687500e+00,1.619999999999999885e+00,0.000000000000000000e+00
1.688848303745158264e+00,1.651558732986450195e+01,1.830001831054687500e+00,1.619999999999999885e+00,3.700000000000000000e+05
1.689137125925020522e+00,1.676762628555297852e+01,1.987491607666015625e+00,1.619999999999999885e+00,0.000000000000000000e+00
1.689165425638155194e+00,1.676762628555297852e+01,1.845993041992187500e+00,1.619999999999999885e+00,3.700000000000000000e+05
1.689194749976718368e+00,1.674203729629516602e+01,1.830001831054687500e+00,1.619999999999999885e+00,0.000000000000000000e+00
