2.000000000000000111e-01,4.338377952575683594e+00,-1.832523345947265625e+00,2.999999999999999889e-01,0.000000000000000000e+00
2.006596611864710500e-01,3.660000085830688477e+00,-1.808834075927734375e+00,2.999999999999999889e-01,0.000000000000000000e+00
2.006836754686976143e-01,3.660000085830688477e+00,-1.688762664794921875e+00,2.999999999999999889e-01,3.700000000000000000e+05
2.046869139190864995e-01,7.776823133230209351e+00,-1.832523345947265625e+00,2.999999999999999889e-01,0.000000000000000000e+00
2.053746029194546130e-01,1.121526813507080078e+01,-1.832523345947265625e+00,2.999999999999999889e-01,3.700000000000000000e+05
2.127214185894709120e-01,3.660000085830688477e+00,-1.568687438964843750e+00,2.999999999999999889e-01,0.000000000000000000e+00
2.127454328716974763e-01,3.660000085830688477e+00,-1.448616027832031250e+00,2.999999999999999889e-01,3.700000000000000000e+05
2.130955001793608805e-01,4.019999980926513672e+00,-1.461185455322265625e+00,2.999999999999999889e-01,0.000000000000000000e+00
2.131195144615874448e-01,4.019999980926513672e+00,-1.341114044189453125e+00,2.999999999999999889e-01,3.700000000000000000e+05
2.134695818986284688e-01,3.660000085830688477e+00,-1.328540802001953125e+00,2.999999999999999889e-01,0.000000000000000000e+00
2.134935961808550331e-01,3.660000085830688477e+00,-1.208469390869140625e+00,2.999999999999999889e-01,3.700000000000000000e+05
2.138436634885184373e-01,4.019999980926513672e+00,-1.221038818359375000e+00,2.999999999999999889e-01,0.000000000000000000e+00
2.138676777707450016e-01,4.019999980926513672e+00,-1.100967407226562500e+00,2.999999999999999889e-01,3.700000000000000000e+05
2.142177452077860256e-01,3.660000085830688477e+00,-1.088394165039062500e+00,2.999999999999999889e-01,0.000000000000000000e+00
2.142417594900125899e-01,3.660000085830688477e+00,-9.683227539062500000e-01,2.999999999999999889e-01,3.700000000000000000e+05
2.145918267976759941e-01,4.019999980926513672e+00,-9.808921813964843750e-01,2.999999999999999889e-01,0.000000000000000000e+00
2.146158410799025584e-01,4.019999980926513672e+00,-8.608207702636718750e-01,2.999999999999999889e-01,3.700000000000000000e+05
2.149659085169435824e-01,3.660000085830688477e+00,-8.482475280761718750e-01,2.999999999999999889e-01,0.000000000000000000e+00
2.149899227991701467e-01,3.660000085830688477e+00,-7.281761169433593750e-01,2.999999999999999889e-01,3.700000000000000000e+05
2.153399901068335509e-01,4.019999980926513672e+00,-7.407455444335937500e-01,2.999999999999999889e-01,0.000000000000000000e+00
2.153640043890601152e-01,4.019999980926513672e+00,-6.206741333007812500e-01,2.999999999999999889e-01,3.700000000000000000e+05
2.157140718261011392e-01,3.660000085830688477e+00,-6.081008911132812500e-01,2.999999999999999889e-01,0.000000000000000000e+00
2.157380861083277035e-01,3.660000085830688477e+00,-4.880294799804687500e-01,2.999999999999999889e-01,3.700000000000000000e+05
2.160881535453687274e-01,4.019999980926513672e+00,-5.006027221679687500e-01,2.999999999999999889e-01,0.000000000000000000e+00
2.161121685905347534e-01,4.019999980926513672e+00,-3.805274963378906250e-01,2.999999999999999889e-01,3.700000000000000000e+05
2.164622358981981576e-01,3.660000085830688477e+00,-3.679580688476562500e-01,2.999999999999999889e-01,0.000000000000000000e+00
2.164862509433641835e-01,3.660000085830688477e+00,-2.478828430175781250e-01,2.999999999999999889e-01,3.700000000000000000e+05
2.168363183804052075e-01,4.019999980926513672e+00,-2.604560852050781250e-01,2.999999999999999889e-01,0.000000000000000000e+00
2.168603334255712334e-01,4.019999980926513672e+00,-1.403808593750000000e-01,2.999999999999999889e-01,3.700000000000000000e+05
2.172104007332346376e-01,3.660000085830688477e+00,-1.278114318847656250e-01,2.999999999999999889e-01,0.000000000000000000e+00
2.172344157784006635e-01,3.660000085830688477e+00,-7.736206054687500000e-03,2.999999999999999889e-01,3.700000000000000000e+05
2.175844832154416875e-01,4.019999980926513672e+00,-2.030944824218750000e-02,2.999999999999999889e-01,0.000000000000000000e+00
2.178820956363397565e-01,4.344661951065063477e+00,-1.472522735595703125e+00,2.999999999999999889e-01,3.700000000000000000e+05
2.246844298472333856e-01,1.133999991416931152e+01,-1.716804504394531250e+00,2.999999999999999889e-01,0.000000000000000000e+00
2.247084441294599499e-01,1.133999991416931152e+01,-1.596733093261718750e+00,2.999999999999999889e-01,3.700000000000000000e+05
2.281672012501048397e-01,7.783106952905654907e+00,-1.472522735595703125e+00,2.999999999999999889e-01,0.000000000000000000e+00
2.284409623639656051e-01,9.149999737739562988e+00,-1.400184631347656250e+00,2.999999999999999889e-01,3.700000000000000000e+05
2.287910300189663348e-01,9.509999990463256836e+00,-1.412754058837890625e+00,2.999999999999999889e-01,0.000000000000000000e+00
2.288150443011928992e-01,9.509999990463256836e+00,-1.292682647705078125e+00,2.999999999999999889e-01,3.700000000000000000e+05
2.291651120855710821e-01,9.149999737739562988e+00,-1.280109405517578125e+00,2.999999999999999889e-01,0.000000000000000000e+00
2.291891263677976465e-01,9.149999737739562988e+00,-1.160037994384765625e+00,2.999999999999999889e-01,3.700000000000000000e+05
2.295391940227983762e-01,9.509999990463256836e+00,-1.172607421875000000e+00,2.999999999999999889e-01,0.000000000000000000e+00
2.295632083050249406e-01,9.509999990463256836e+00,-1.052536010742187500e+00,2.999999999999999889e-01,3.700000000000000000e+05
2.299132760894031235e-01,9.149999737739562988e+00,-1.039962768554687500e+00,2.999999999999999889e-01,0.000000000000000000e+00
2.299372903716296879e-01,9.149999737739562988e+00,-9.198913574218750000e-01,2.999999999999999889e-01,3.700000000000000000e+05
2.302873580266304177e-01,9.509999990463256836e+00,-9.324607849121093750e-01,2.999999999999999889e-01,0.000000000000000000e+00
2.303113723088569820e-01,9.509999990463256836e+00,-8.123893737792968750e-01,2.999999999999999889e-01,3.700000000000000000e+05
2.306614400932351649e-01,9.149999737739562988e+00,-7.998161315917968750e-01,2.999999999999999889e-01,0.000000000000000000e+00
2.306854543754617293e-01,9.149999737739562988e+00,-6.797447204589843750e-01,2.999999999999999889e-01,3.700000000000000000e+05
2.310355220304624591e-01,9.509999990463256836e+00,-6.923141479492187500e-01,2.999999999999999889e-01,0.000000000000000000e+00
2.310595363126890234e-01,9.509999990463256836e+00,-5.722427368164062500e-01,2.999999999999999889e-01,3.700000000000000000e+05
2.314096040970672064e-01,9.149999737739562988e+00,-5.596694946289062500e-01,2.999999999999999889e-01,0.000000000000000000e+00
2.314336183792937707e-01,9.149999737739562988e+00,-4.395980834960937500e-01,2.999999999999999889e-01,3.700000000000000000e+05
2.317836861636719537e-01,9.509999990463256836e+00,-4.521713256835937500e-01,2.999999999999999889e-01,0.000000000000000000e+00
2.318077012088379796e-01,9.509999990463256836e+00,-3.320960998535156250e-01,2.999999999999999889e-01,3.700000000000000000e+05
2.321577688638387094e-01,9.149999737739562988e+00,-3.195266723632812500e-01,2.999999999999999889e-01,0.000000000000000000e+00
2.321817839090047353e-01,9.149999737739562988e+00,-1.994514465332031250e-01,2.999999999999999889e-01,3.700000000000000000e+05
2.325318516933829183e-01,9.509999990463256836e+00,-2.120246887207031250e-01,2.999999999999999889e-01,0.000000000000000000e+00
2.325558667385489442e-01,9.509999990463256836e+00,-9.194946289062500000e-02,2.999999999999999889e-01,3.700000000000000000e+05
2.329059343935496740e-01,9.149999737739562988e+00,-7.938003540039062500e-02,2.999999999999999889e-01,0.000000000000000000e+00
2.333104946554760140e-01,7.680000007152557373e+00,-1.468921661376953125e+00,2.999999999999999889e-01,3.700000000000000000e+05
2.336605620789185267e-01,7.319999992847442627e+00,-1.456352233886718750e+00,2.999999999999999889e-01,0.000000000000000000e+00
2.336845771240845526e-01,7.319999992847442627e+00,-1.336277008056640625e+00,2.999999999999999889e-01,3.700000000000000000e+05
2.340346446769046296e-01,7.680000007152557373e+00,-1.348850250244140625e+00,2.999999999999999889e-01,0.000000000000000000e+00
2.340586597220706555e-01,7.680000007152557373e+00,-1.228775024414062500e+00,2.999999999999999889e-01,3.700000000000000000e+05
2.344087271455131682e-01,7.319999992847442627e+00,-1.216205596923828125e+00,2.999999999999999889e-01,0.000000000000000000e+00
2.344327421906791942e-01,7.319999992847442627e+00,-1.096130371093750000e+00,2.999999999999999889e-01,3.700000000000000000e+05
2.347828097434992711e-01,7.680000007152557373e+00,-1.108703613281250000e+00,2.999999999999999889e-01,0.000000000000000000e+00
2.348068240257258354e-01,7.680000007152557373e+00,-9.886322021484375000e-01,2.999999999999999889e-01,3.700000000000000000e+05
2.351568915785459124e-01,7.319999992847442627e+00,-9.760589599609375000e-01,2.999999999999999889e-01,0.000000000000000000e+00
2.351809058607724767e-01,7.319999992847442627e+00,-8.559875488281250000e-01,2.999999999999999889e-01,3.700000000000000000e+05
2.355309732842149895e-01,7.680000007152557373e+00,-8.685569763183593750e-01,2.999999999999999889e-01,0.000000000000000000e+00
2.355549875664415538e-01,7.680000007152557373e+00,-7.484855651855468750e-01,2.999999999999999889e-01,3.700000000000000000e+05
2.359050551192616307e-01,7.319999992847442627e+00,-7.359123229980468750e-01,2.999999999999999889e-01,0.000000000000000000e+00
2.359290694014881951e-01,7.319999992847442627e+00,-6.158409118652343750e-01,2.999999999999999889e-01,3.700000000000000000e+05
2.362791368249307078e-01,7.680000007152557373e+00,-6.284103393554687500e-01,2.999999999999999889e-01,0.000000000000000000e+00
2.363031511071572721e-01,7.680000007152557373e+00,-5.083389282226562500e-01,2.999999999999999889e-01,3.700000000000000000e+05
2.366532186599773491e-01,7.319999992847442627e+00,-4.957656860351562500e-01,2.999999999999999889e-01,0.000000000000000000e+00
2.366772329422039134e-01,7.319999992847442627e+00,-3.756942749023437500e-01,2.999999999999999889e-01,3.700000000000000000e+05
2.370273003656464261e-01,7.680000007152557373e+00,-3.882637023925781250e-01,2.999999999999999889e-01,0.000000000000000000e+00
2.370513146478729904e-01,7.680000007152557373e+00,-2.681922912597656250e-01,2.999999999999999889e-01,3.700000000000000000e+05
2.374013822006930674e-01,7.319999992847442627e+00,-2.556190490722656250e-01,2.999999999999999889e-01,0.000000000000000000e+00
2.374253964829196317e-01,7.319999992847442627e+00,-1.355476379394531250e-01,2.999999999999999889e-01,3.700000000000000000e+05
2.377754639063621445e-01,7.680000007152557373e+00,-1.481170654296875000e-01,2.999999999999999889e-01,0.000000000000000000e+00
2.377994781885887088e-01,7.680000007152557373e+00,-2.804565429687500000e-02,2.999999999999999889e-01,3.700000000000000000e+05
2.381495457414087857e-01,7.319999992847442627e+00,-1.547241210937500000e-02,2.999999999999999889e-01,0.000000000000000000e+00
2.385541065620809809e-01,5.850000023841857910e+00,-1.405017852783203125e+00,2.999999999999999889e-01,3.700000000000000000e+05
2.389041741149010578e-01,5.490000009536743164e+00,-1.392444610595703125e+00,2.999999999999999889e-01,0.000000000000000000e+00
2.389281883971276221e-01,5.490000009536743164e+00,-1.272373199462890625e+00,2.999999999999999889e-01,3.700000000000000000e+05
2.392782559499476991e-01,5.850000023841857910e+00,-1.284946441650390625e+00,2.999999999999999889e-01,0.000000000000000000e+00
2.393022709951137250e-01,5.850000023841857910e+00,-1.164871215820312500e+00,2.999999999999999889e-01,3.700000000000000000e+05
2.396523384185562378e-01,5.490000009536743164e+00,-1.152301788330078125e+00,2.999999999999999889e-01,0.000000000000000000e+00
2.396763534637222637e-01,5.490000009536743164e+00,-1.032226562500000000e+00,2.999999999999999889e-01,3.700000000000000000e+05
2.400264210165423406e-01,5.850000023841857910e+00,-1.044799804687500000e+00,2.999999999999999889e-01,0.000000000000000000e+00
2.400504360617083666e-01,5.850000023841857910e+00,-9.247245788574218750e-01,2.999999999999999889e-01,3.700000000000000000e+05
2.404005034851508793e-01,5.490000009536743164e+00,-9.121551513671875000e-01,2.999999999999999889e-01,0.000000000000000000e+00
2.404245185303169052e-01,5.490000009536743164e+00,-7.920799255371093750e-01,2.999999999999999889e-01,3.700000000000000000e+05
2.407745860831369822e-01,5.850000023841857910e+00,-8.046531677246093750e-01,2.999999999999999889e-01,0.000000000000000000e+00
2.407986011283030081e-01,5.850000023841857910e+00,-6.845779418945312500e-01,2.999999999999999889e-01,3.700000000000000000e+05
2.411486685517455208e-01,5.490000009536743164e+00,-6.720085144042968750e-01,2.999999999999999889e-01,0.000000000000000000e+00
2.411726835969115468e-01,5.490000009536743164e+00,-5.519332885742187500e-01,2.999999999999999889e-01,3.700000000000000000e+05
2.415227511497316237e-01,5.850000023841857910e+00,-5.645065307617187500e-01,2.999999999999999889e-01,0.000000000000000000e+00
2.415467661948976497e-01,5.850000023841857910e+00,-4.444313049316406250e-01,2.999999999999999889e-01,3.700000000000000000e+05
2.418968336183401624e-01,5.490000009536743164e+00,-4.318618774414062500e-01,2.999999999999999889e-01,0.000000000000000000e+00
2.419208486635061883e-01,5.490000009536743164e+00,-3.117866516113281250e-01,2.999999999999999889e-01,3.700000000000000000e+05
2.422709162163262653e-01,5.850000023841857910e+00,-3.243598937988281250e-01,2.999999999999999889e-01,0.000000000000000000e+00
2.422949312614922912e-01,5.850000023841857910e+00,-2.042846679687500000e-01,2.999999999999999889e-01,3.700000000000000000e+05
2.426449986849348039e-01,5.490000009536743164e+00,-1.917152404785156250e-01,2.999999999999999889e-01,0.000000000000000000e+00
2.426690137301008299e-01,5.490000009536743164e+00,-7.164001464843750000e-02,2.999999999999999889e-01,3.700000000000000000e+05
2.430190812829209068e-01,5.850000023841857910e+00,-8.421325683593750000e-02,2.999999999999999889e-01,0.000000000000000000e+00
2.440815492677943788e-01,1.098000001907348633e+01,-1.464088439941406250e+00,2.999999999999999889e-01,3.700000000000000000e+05
2.444316167048354027e-01,1.133999991416931152e+01,-1.476661682128906250e+00,2.999999999999999889e-01,0.000000000000000000e+00
2.444556317500014286e-01,1.133999991416931152e+01,-1.356586456298828125e+00,2.999999999999999889e-01,3.700000000000000000e+05
2.448056990576648329e-01,1.098000001907348633e+01,-1.344017028808593750e+00,2.999999999999999889e-01,0.000000000000000000e+00
2.448297141028308588e-01,1.098000001907348633e+01,-1.223941802978515625e+00,2.999999999999999889e-01,3.700000000000000000e+05
2.451797815398718827e-01,1.133999991416931152e+01,-1.236515045166015625e+00,2.999999999999999889e-01,0.000000000000000000e+00
2.452037965850379087e-01,1.133999991416931152e+01,-1.116439819335937500e+00,2.999999999999999889e-01,3.700000000000000000e+05
2.455538638927013129e-01,1.098000001907348633e+01,-1.103870391845703125e+00,2.999999999999999889e-01,0.000000000000000000e+00
2.455778789378673388e-01,1.098000001907348633e+01,-9.837951660156250000e-01,2.999999999999999889e-01,3.700000000000000000e+05
2.459279463749083627e-01,1.133999991416931152e+01,-9.963684082031250000e-01,2.999999999999999889e-01,0.000000000000000000e+00
2.459519614200743887e-01,1.133999991416931152e+01,-8.762931823730468750e-01,2.999999999999999889e-01,3.700000000000000000e+05
2.463020287277377929e-01,1.098000001907348633e+01,-8.637237548828125000e-01,2.999999999999999889e-01,0.000000000000000000e+00
2.463260437729038188e-01,1.098000001907348633e+01,-7.436485290527343750e-01,2.999999999999999889e-01,3.700000000000000000e+05
2.466761112099448428e-01,1.133999991416931152e+01,-7.562217712402343750e-01,2.999999999999999889e-01,0.000000000000000000e+00
2.467001262551108687e-01,1.133999991416931152e+01,-6.361465454101562500e-01,2.999999999999999889e-01,3.700000000000000000e+05
2.470501935627742729e-01,1.098000001907348633e+01,-6.235771179199218750e-01,2.999999999999999889e-01,0.000000000000000000e+00
2.470742086079402988e-01,1.098000001907348633e+01,-5.035018920898437500e-01,2.999999999999999889e-01,3.700000000000000000e+05
2.474242760449813228e-01,1.133999991416931152e+01,-5.160751342773437500e-01,2.999999999999999889e-01,0.000000000000000000e+00
2.474482910901473487e-01,1.133999991416931152e+01,-3.959999084472656250e-01,2.999999999999999889e-01,3.700000000000000000e+05
2.477983583978107529e-01,1.098000001907348633e+01,-3.834304809570312500e-01,2.999999999999999889e-01,0.000000000000000000e+00
2.478223734429767788e-01,1.098000001907348633e+01,-2.633552551269531250e-01,2.999999999999999889e-01,3.700000000000000000e+05
2.481724408800178028e-01,1.133999991416931152e+01,-2.759284973144531250e-01,2.999999999999999889e-01,0.000000000000000000e+00
2.481964551622443671e-01,1.133999991416931152e+01,-1.558570861816406250e-01,2.999999999999999889e-01,3.700000000000000000e+05
2.485465225992853910e-01,1.098000001907348633e+01,-1.432838439941406250e-01,2.999999999999999889e-01,0.000000000000000000e+00
2.485705368815119554e-01,1.098000001907348633e+01,-2.321243286132812500e-02,2.999999999999999889e-01,3.700000000000000000e+05
2.489206041891753596e-01,1.133999991416931152e+01,-3.578186035156250000e-02,2.999999999999999889e-01,0.000000000000000000e+00
2.511741610533317348e-01,7.226467132568359375e-02,-2.525329589843750000e-03,2.999999999999999889e-01,3.700000000000000000e+05
2.512444319788850189e-01,0.000000000000000000e+00,0.000000000000000000e+00,2.999999999999999889e-01,0.000000000000000000e+00
2.512684462611115555e-01,0.000000000000000000e+00,1.200714111328125000e-01,2.999999999999999889e-01,3.700000000000000000e+05
2.546822943637264136e-01,3.510709762573242188e+00,-2.525329589843750000e-03,2.999999999999999889e-01,0.000000000000000000e+00
2.553699833581340450e-01,6.949154734611511230e+00,-2.525329589843750000e-03,2.999999999999999889e-01,3.700000000000000000e+05
2.621274086514323032e-01,0.000000000000000000e+00,2.401466369628906250e-01,2.999999999999999889e-01,0.000000000000000000e+00
2.621514229336588397e-01,0.000000000000000000e+00,3.602180480957031250e-01,2.999999999999999889e-01,3.700000000000000000e+05
2.722524255198189858e-01,1.038759994506835938e+01,-2.525329589843750000e-03,2.999999999999999889e-01,0.000000000000000000e+00
2.729401145380684901e-01,1.382604503631591797e+01,-2.525329589843750000e-03,2.999999999999999889e-01,3.700000000000000000e+05
2.829647358773735299e-01,3.516993522644042969e+00,3.574752807617187500e-01,2.999999999999999889e-01,0.000000000000000000e+00
2.830014481068556798e-01,3.660000085830688477e+00,4.725570678710937500e-01,2.999999999999999889e-01,3.700000000000000000e+05
2.833515157754548097e-01,4.020000219345092773e+00,4.599838256835937500e-01,2.999999999999999889e-01,0.000000000000000000e+00
2.833755308206208356e-01,4.020000219345092773e+00,5.800590515136718750e-01,2.999999999999999889e-01,3.700000000000000000e+05
2.837255983598424569e-01,3.660000085830688477e+00,5.926284790039062500e-01,2.999999999999999889e-01,0.000000000000000000e+00
2.837496134050084828e-01,3.660000085830688477e+00,7.127037048339843750e-01,2.999999999999999889e-01,3.700000000000000000e+05
2.840996810736076128e-01,4.020000219345092773e+00,7.001304626464843750e-01,2.999999999999999889e-01,0.000000000000000000e+00
2.841236953558341494e-01,4.020000219345092773e+00,8.202018737792968750e-01,2.999999999999999889e-01,3.700000000000000000e+05
2.844737630244332793e-01,3.660000085830688477e+00,8.327751159667968750e-01,2.999999999999999889e-01,0.000000000000000000e+00
2.844977773066598159e-01,3.660000085830688477e+00,9.528465270996093750e-01,2.999999999999999889e-01,3.700000000000000000e+05
2.848478448458814372e-01,4.020000219345092773e+00,9.402770996093750000e-01,2.999999999999999889e-01,0.000000000000000000e+00
2.848718591281079737e-01,4.020000219345092773e+00,1.060348510742187500e+00,2.999999999999999889e-01,3.700000000000000000e+05
2.852219267967071037e-01,3.660000085830688477e+00,1.072921752929687500e+00,2.999999999999999889e-01,0.000000000000000000e+00
2.852459410789336403e-01,3.660000085830688477e+00,1.192993164062500000e+00,2.999999999999999889e-01,3.700000000000000000e+05
2.855960086181552615e-01,4.020000219345092773e+00,1.180423736572265625e+00,2.999999999999999889e-01,0.000000000000000000e+00
2.856200229003817981e-01,4.020000219345092773e+00,1.300495147705078125e+00,2.999999999999999889e-01,3.700000000000000000e+05
2.859700905689809280e-01,3.660000085830688477e+00,1.313068389892578125e+00,2.999999999999999889e-01,0.000000000000000000e+00
2.859941048512074646e-01,3.660000085830688477e+00,1.433139801025390625e+00,2.999999999999999889e-01,3.700000000000000000e+05
2.863441723904290859e-01,4.020000219345092773e+00,1.420570373535156250e+00,2.999999999999999889e-01,0.000000000000000000e+00
2.863681866726556224e-01,4.020000219345092773e+00,1.540641784667968750e+00,2.999999999999999889e-01,3.700000000000000000e+05
2.867182543412547524e-01,3.660000085830688477e+00,1.553215026855468750e+00,2.999999999999999889e-01,0.000000000000000000e+00
2.867422686234812890e-01,3.660000085830688477e+00,1.673286437988281250e+00,2.999999999999999889e-01,3.700000000000000000e+05
2.870923361627029102e-01,4.020000219345092773e+00,1.660717010498046875e+00,2.999999999999999889e-01,0.000000000000000000e+00
2.871163504449294468e-01,4.020000219345092773e+00,1.780788421630859375e+00,2.999999999999999889e-01,3.700000000000000000e+05
2.874664181135285768e-01,3.660000085830688477e+00,1.793361663818359375e+00,2.999999999999999889e-01,0.000000000000000000e+00
2.878709789428638421e-01,2.190000057220458984e+00,4.038162231445312500e-01,2.999999999999999889e-01,3.700000000000000000e+05
2.882210466114629721e-01,1.829999923706054688e+00,4.163894653320312500e-01,2.999999999999999889e-01,0.000000000000000000e+00
2.882450608936895087e-01,1.829999923706054688e+00,5.364608764648437500e-01,2.999999999999999889e-01,3.700000000000000000e+05
2.885951285622886386e-01,2.190000057220458984e+00,5.238876342773437500e-01,2.999999999999999889e-01,0.000000000000000000e+00
2.886191436074546646e-01,2.190000057220458984e+00,6.439628601074218750e-01,2.999999999999999889e-01,3.700000000000000000e+05
2.889692111466762858e-01,1.829999923706054688e+00,6.565322875976562500e-01,2.999999999999999889e-01,0.000000000000000000e+00
2.889932261918423118e-01,1.829999923706054688e+00,7.766075134277343750e-01,2.999999999999999889e-01,3.700000000000000000e+05
2.893432938604414417e-01,2.190000057220458984e+00,7.640342712402343750e-01,2.999999999999999889e-01,0.000000000000000000e+00
2.893673089056074677e-01,2.190000057220458984e+00,8.841094970703125000e-01,2.999999999999999889e-01,3.700000000000000000e+05
2.897173764448290889e-01,1.829999923706054688e+00,8.966789245605468750e-01,2.999999999999999889e-01,0.000000000000000000e+00
2.897413914899951148e-01,1.829999923706054688e+00,1.016754150390625000e+00,2.999999999999999889e-01,3.700000000000000000e+05
2.900914591585942448e-01,2.190000057220458984e+00,1.004180908203125000e+00,2.999999999999999889e-01,0.000000000000000000e+00
2.901154742037602707e-01,2.190000057220458984e+00,1.124256134033203125e+00,2.999999999999999889e-01,3.700000000000000000e+05
2.904655417429818920e-01,1.829999923706054688e+00,1.136825561523437500e+00,2.999999999999999889e-01,0.000000000000000000e+00
2.904895567881479179e-01,1.829999923706054688e+00,1.256900787353515625e+00,2.999999999999999889e-01,3.700000000000000000e+05
2.908396244567470479e-01,2.190000057220458984e+00,1.244327545166015625e+00,2.999999999999999889e-01,0.000000000000000000e+00
2.908636395019130738e-01,2.190000057220458984e+00,1.364402770996093750e+00,2.999999999999999889e-01,3.700000000000000000e+05
2.912137070411346951e-01,1.829999923706054688e+00,1.376972198486328125e+00,2.999999999999999889e-01,0.000000000000000000e+00
2.912377220863007210e-01,1.829999923706054688e+00,1.497047424316406250e+00,2.999999999999999889e-01,3.700000000000000000e+05
2.915877897548998510e-01,2.190000057220458984e+00,1.484474182128906250e+00,2.999999999999999889e-01,0.000000000000000000e+00
2.916118048000658769e-01,2.190000057220458984e+00,1.604549407958984375e+00,2.999999999999999889e-01,3.700000000000000000e+05
2.919618723392874982e-01,1.829999923706054688e+00,1.617118835449218750e+00,2.999999999999999889e-01,0.000000000000000000e+00
2.919858873844535241e-01,1.829999923706054688e+00,1.737194061279296875e+00,2.999999999999999889e-01,3.700000000000000000e+05
2.923359550530526541e-01,2.190000057220458984e+00,1.724620819091796875e+00,2.999999999999999889e-01,0.000000000000000000e+00
2.927799685352810433e-01,3.600001335144042969e-01,4.677200317382812500e-01,2.999999999999999889e-01,3.700000000000000000e+05
2.931300362038801732e-01,0.000000000000000000e+00,4.802932739257812500e-01,2.999999999999999889e-01,0.000000000000000000e+00
2.931540504861067098e-01,0.000000000000000000e+00,6.003646850585937500e-01,2.999999999999999889e-01,3.700000000000000000e+05
2.935041180253283311e-01,3.600001335144042969e-01,5.877952575683593750e-01,2.999999999999999889e-01,0.000000000000000000e+00
2.935281323075548676e-01,3.600001335144042969e-01,7.078666687011718750e-01,2.999999999999999889e-01,3.700000000000000000e+05
2.938781999761539976e-01,0.000000000000000000e+00,7.204399108886718750e-01,2.999999999999999889e-01,0.000000000000000000e+00
2.939022142583805342e-01,0.000000000000000000e+00,8.405113220214843750e-01,2.999999999999999889e-01,3.700000000000000000e+05
2.942522817976021554e-01,3.600001335144042969e-01,8.279418945312500000e-01,2.999999999999999889e-01,0.000000000000000000e+00
2.942762960798286920e-01,3.600001335144042969e-01,9.480133056640625000e-01,2.999999999999999889e-01,3.700000000000000000e+05
2.946263637484278219e-01,0.000000000000000000e+00,9.605865478515625000e-01,2.999999999999999889e-01,0.000000000000000000e+00
2.946503780306543585e-01,0.000000000000000000e+00,1.080657958984375000e+00,2.999999999999999889e-01,3.700000000000000000e+05
2.950004455698759798e-01,3.600001335144042969e-01,1.068088531494140625e+00,2.999999999999999889e-01,0.000000000000000000e+00
2.950244598521025163e-01,3.600001335144042969e-01,1.188159942626953125e+00,2.999999999999999889e-01,3.700000000000000000e+05
2.953745275207016463e-01,0.000000000000000000e+00,1.200733184814453125e+00,2.999999999999999889e-01,0.000000000000000000e+00
2.953985418029281829e-01,0.000000000000000000e+00,1.320804595947265625e+00,2.999999999999999889e-01,3.700000000000000000e+05
2.957486094715273128e-01,3.600001335144042969e-01,1.308231353759765625e+00,2.999999999999999889e-01,0.000000000000000000e+00
2.957726245166933388e-01,3.600001335144042969e-01,1.428306579589843750e+00,2.999999999999999889e-01,3.700000000000000000e+05
2.961226920559149600e-01,0.000000000000000000e+00,1.440876007080078125e+00,2.999999999999999889e-01,0.000000000000000000e+00
2.961467071010809859e-01,0.000000000000000000e+00,1.560951232910156250e+00,2.999999999999999889e-01,3.700000000000000000e+05
2.964967747696801159e-01,3.600001335144042969e-01,1.548377990722656250e+00,2.999999999999999889e-01,0.000000000000000000e+00
2.965207898148461418e-01,3.600001335144042969e-01,1.668453216552734375e+00,2.999999999999999889e-01,3.700000000000000000e+05
2.968708573540677631e-01,0.000000000000000000e+00,1.681022644042968750e+00,2.999999999999999889e-01,0.000000000000000000e+00
2.968948723992337890e-01,0.000000000000000000e+00,1.801097869873046875e+00,2.999999999999999889e-01,3.700000000000000000e+05
2.972449400678329190e-01,3.600001335144042969e-01,1.788524627685546875e+00,2.999999999999999889e-01,0.000000000000000000e+00
2.983074080296828634e-01,5.490000009536743164e+00,4.086494445800781250e-01,2.999999999999999889e-01,3.700000000000000000e+05
2.986574754531253761e-01,5.850000023841857910e+00,3.960800170898437500e-01,2.999999999999999889e-01,0.000000000000000000e+00
2.986814897353519127e-01,5.850000023841857910e+00,5.161514282226562500e-01,2.999999999999999889e-01,3.700000000000000000e+05
2.990315572881719897e-01,5.490000009536743164e+00,5.287246704101562500e-01,2.999999999999999889e-01,0.000000000000000000e+00
2.990555715703985262e-01,5.490000009536743164e+00,6.487960815429687500e-01,2.999999999999999889e-01,3.700000000000000000e+05
2.994056389938410390e-01,5.850000023841857910e+00,6.362266540527343750e-01,2.999999999999999889e-01,0.000000000000000000e+00
2.994296532760675755e-01,5.850000023841857910e+00,7.562980651855468750e-01,2.999999999999999889e-01,3.700000000000000000e+05
2.997797208288876525e-01,5.490000009536743164e+00,7.688713073730468750e-01,2.999999999999999889e-01,0.000000000000000000e+00
2.998037351111141890e-01,5.490000009536743164e+00,8.889427185058593750e-01,2.999999999999999889e-01,3.700000000000000000e+05
3.001538025345567018e-01,5.850000023841857910e+00,8.763732910156250000e-01,2.999999999999999889e-01,0.000000000000000000e+00
3.001778168167832384e-01,5.850000023841857910e+00,9.964447021484375000e-01,2.999999999999999889e-01,3.700000000000000000e+05
3.005278843696033153e-01,5.490000009536743164e+00,1.009017944335937500e+00,2.999999999999999889e-01,0.000000000000000000e+00
3.005518986518298519e-01,5.490000009536743164e+00,1.129089355468750000e+00,2.999999999999999889e-01,3.700000000000000000e+05
3.009019660752723646e-01,5.850000023841857910e+00,1.116519927978515625e+00,2.999999999999999889e-01,0.000000000000000000e+00
3.009259803574989012e-01,5.850000023841857910e+00,1.236591339111328125e+00,2.999999999999999889e-01,3.700000000000000000e+05
3.012760479103189781e-01,5.490000009536743164e+00,1.249164581298828125e+00,2.999999999999999889e-01,0.000000000000000000e+00
3.013000621925455147e-01,5.490000009536743164e+00,1.369235992431640625e+00,2.999999999999999889e-01,3.700000000000000000e+05
3.016501297453655916e-01,5.850000023841857910e+00,1.356662750244140625e+00,2.999999999999999889e-01,0.000000000000000000e+00
3.016741447905316176e-01,5.850000023841857910e+00,1.476737976074218750e+00,2.999999999999999889e-01,3.700000000000000000e+05
3.020242122139741303e-01,5.490000009536743164e+00,1.489307403564453125e+00,2.999999999999999889e-01,0.000000000000000000e+00
3.020482272591401562e-01,5.490000009536743164e+00,1.609382629394531250e+00,2.999999999999999889e-01,3.700000000000000000e+05
3.023982948119602332e-01,5.850000023841857910e+00,1.596809387207031250e+00,2.999999999999999889e-01,0.000000000000000000e+00
3.024223098571262591e-01,5.850000023841857910e+00,1.716884613037109375e+00,2.999999999999999889e-01,3.700000000000000000e+05
3.027723772805687719e-01,5.490000009536743164e+00,1.729454040527343750e+00,2.999999999999999889e-01,0.000000000000000000e+00
3.031738662752675451e-01,6.955438375473022461e+00,3.574752807617187500e-01,2.999999999999999889e-01,3.700000000000000000e+05
3.109964757301970084e-01,1.500000000000000000e+01,7.655334472656250000e-02,2.999999999999999889e-01,0.000000000000000000e+00
3.110204907753630343e-01,1.500000000000000000e+01,1.966285705566406250e-01,2.999999999999999889e-01,3.700000000000000000e+05
3.154995229238309329e-01,1.039388346672058105e+01,3.574752807617187500e-01,2.999999999999999889e-01,0.000000000000000000e+00
3.156184268516219471e-01,1.097999978065490723e+01,4.570808410644531250e-01,2.999999999999999889e-01,3.700000000000000000e+05
3.159684943908435684e-01,1.133999991416931152e+01,4.445114135742187500e-01,2.999999999999999889e-01,0.000000000000000000e+00
3.159925086730701049e-01,1.133999991416931152e+01,5.645828247070312500e-01,2.999999999999999889e-01,3.700000000000000000e+05
3.163425763416692349e-01,1.097999978065490723e+01,5.771560668945312500e-01,2.999999999999999889e-01,0.000000000000000000e+00
3.163665906238957715e-01,1.097999978065490723e+01,6.972274780273437500e-01,2.999999999999999889e-01,3.700000000000000000e+05
3.167166581631173927e-01,1.133999991416931152e+01,6.846580505371093750e-01,2.999999999999999889e-01,0.000000000000000000e+00
3.167406724453439293e-01,1.133999991416931152e+01,8.047294616699218750e-01,2.999999999999999889e-01,3.700000000000000000e+05
3.170907401139430593e-01,1.097999978065490723e+01,8.173027038574218750e-01,2.999999999999999889e-01,0.000000000000000000e+00
3.171147543961695958e-01,1.097999978065490723e+01,9.373741149902343750e-01,2.999999999999999889e-01,3.700000000000000000e+05
3.174648219353912171e-01,1.133999991416931152e+01,9.248046875000000000e-01,2.999999999999999889e-01,0.000000000000000000e+00
3.174888362176177536e-01,1.133999991416931152e+01,1.044876098632812500e+00,2.999999999999999889e-01,3.700000000000000000e+05
3.178389038862168836e-01,1.097999978065490723e+01,1.057449340820312500e+00,2.999999999999999889e-01,0.000000000000000000e+00
3.178629181684434202e-01,1.097999978065490723e+01,1.177520751953125000e+00,2.999999999999999889e-01,3.700000000000000000e+05
3.182129858370425501e-01,1.133999991416931152e+01,1.164947509765625000e+00,2.999999999999999889e-01,0.000000000000000000e+00
3.182370008822085761e-01,1.133999991416931152e+01,1.285022735595703125e+00,2.999999999999999889e-01,3.700000000000000000e+05
3.185870684214301973e-01,1.097999978065490723e+01,1.297592163085937500e+00,2.999999999999999889e-01,0.000000000000000000e+00
3.186110834665962233e-01,1.097999978065490723e+01,1.417667388916015625e+00,2.999999999999999889e-01,3.700000000000000000e+05
3.189611511351953532e-01,1.133999991416931152e+01,1.405094146728515625e+00,2.999999999999999889e-01,0.000000000000000000e+00
3.189851661803613792e-01,1.133999991416931152e+01,1.525169372558593750e+00,2.999999999999999889e-01,3.700000000000000000e+05
3.193352337195830004e-01,1.097999978065490723e+01,1.537738800048828125e+00,2.999999999999999889e-01,0.000000000000000000e+00
3.193592487647490263e-01,1.097999978065490723e+01,1.657814025878906250e+00,2.999999999999999889e-01,3.700000000000000000e+05
3.197093164333481563e-01,1.133999991416931152e+01,1.645240783691406250e+00,2.999999999999999889e-01,0.000000000000000000e+00
3.197333314785141822e-01,1.133999991416931152e+01,1.765316009521484375e+00,2.999999999999999889e-01,3.700000000000000000e+05
3.200833990177358035e-01,1.097999978065490723e+01,1.777885437011718750e+00,2.999999999999999889e-01,0.000000000000000000e+00
3.204879592883252415e-01,9.509999990463256836e+00,3.883438110351562500e-01,2.999999999999999889e-01,3.700000000000000000e+05
3.208380267117677542e-01,9.149999976158142090e+00,4.009132385253906250e-01,2.999999999999999889e-01,0.000000000000000000e+00
3.208620417569337802e-01,9.149999976158142090e+00,5.209884643554687500e-01,2.999999999999999889e-01,3.700000000000000000e+05
3.212121093097538571e-01,9.509999990463256836e+00,5.084152221679687500e-01,2.999999999999999889e-01,0.000000000000000000e+00
3.212361243549198830e-01,9.509999990463256836e+00,6.284904479980468750e-01,2.999999999999999889e-01,3.700000000000000000e+05
3.215861917783623958e-01,9.149999976158142090e+00,6.410598754882812500e-01,2.999999999999999889e-01,0.000000000000000000e+00
3.216102068235284217e-01,9.149999976158142090e+00,7.611351013183593750e-01,2.999999999999999889e-01,3.700000000000000000e+05
3.219602743763484987e-01,9.509999990463256836e+00,7.485618591308593750e-01,2.999999999999999889e-01,0.000000000000000000e+00
3.219842886585750352e-01,9.509999990463256836e+00,8.686332702636718750e-01,2.999999999999999889e-01,3.700000000000000000e+05
3.223343562113951122e-01,9.149999976158142090e+00,8.812065124511718750e-01,2.999999999999999889e-01,0.000000000000000000e+00
3.223583704936216487e-01,9.149999976158142090e+00,1.001277923583984375e+00,2.999999999999999889e-01,3.700000000000000000e+05
3.227084379170641615e-01,9.509999990463256836e+00,9.887084960937500000e-01,2.999999999999999889e-01,0.000000000000000000e+00
3.227324521992906980e-01,9.509999990463256836e+00,1.108779907226562500e+00,2.999999999999999889e-01,3.700000000000000000e+05
3.230825197521107750e-01,9.149999976158142090e+00,1.121353149414062500e+00,2.999999999999999889e-01,0.000000000000000000e+00
3.231065340343373116e-01,9.149999976158142090e+00,1.241424560546875000e+00,2.999999999999999889e-01,3.700000000000000000e+05
3.234566014577798243e-01,9.509999990463256836e+00,1.228855133056640625e+00,2.999999999999999889e-01,0.000000000000000000e+00
3.234806157400063609e-01,9.509999990463256836e+00,1.348926544189453125e+00,2.999999999999999889e-01,3.700000000000000000e+05
3.238306832928264378e-01,9.149999976158142090e+00,1.361499786376953125e+00,2.999999999999999889e-01,0.000000000000000000e+00
3.238546975750529744e-01,9.149999976158142090e+00,1.481571197509765625e+00,2.999999999999999889e-01,3.700000000000000000e+05
3.242047649984954871e-01,9.509999990463256836e+00,1.469001770019531250e+00,2.999999999999999889e-01,0.000000000000000000e+00
3.242287792807220237e-01,9.509999990463256836e+00,1.589073181152343750e+00,2.999999999999999889e-01,3.700000000000000000e+05
3.245788468335421006e-01,9.149999976158142090e+00,1.601646423339843750e+00,2.999999999999999889e-01,0.000000000000000000e+00
3.246028611157686372e-01,9.149999976158142090e+00,1.721717834472656250e+00,2.999999999999999889e-01,3.700000000000000000e+05
3.249529285392111499e-01,9.509999990463256836e+00,1.709148406982421875e+00,2.999999999999999889e-01,0.000000000000000000e+00
3.253969420312659566e-01,7.680000007152557373e+00,4.522476196289062500e-01,2.999999999999999889e-01,3.700000000000000000e+05
3.257470094547084694e-01,7.319999992847442627e+00,4.648170471191406250e-01,2.999999999999999889e-01,0.000000000000000000e+00
3.257710244998744953e-01,7.319999992847442627e+00,5.848922729492187500e-01,2.999999999999999889e-01,3.700000000000000000e+05
3.261210920526945722e-01,7.680000007152557373e+00,5.723190307617187500e-01,2.999999999999999889e-01,0.000000000000000000e+00
3.261451070978605982e-01,7.680000007152557373e+00,6.923942565917968750e-01,2.999999999999999889e-01,3.700000000000000000e+05
3.264951745213031109e-01,7.319999992847442627e+00,7.049636840820312500e-01,2.999999999999999889e-01,0.000000000000000000e+00
3.265191895664691368e-01,7.319999992847442627e+00,8.250389099121093750e-01,2.999999999999999889e-01,3.700000000000000000e+05
3.268692571192892138e-01,7.680000007152557373e+00,8.124656677246093750e-01,2.999999999999999889e-01,0.000000000000000000e+00
3.268932721644552397e-01,7.680000007152557373e+00,9.325408935546875000e-01,2.999999999999999889e-01,3.700000000000000000e+05
3.272433395878977525e-01,7.319999992847442627e+00,9.451103210449218750e-01,2.999999999999999889e-01,0.000000000000000000e+00
3.272673546330637784e-01,7.319999992847442627e+00,1.065185546875000000e+00,2.999999999999999889e-01,3.700000000000000000e+05
3.276174221858838553e-01,7.680000007152557373e+00,1.052612304687500000e+00,2.999999999999999889e-01,0.000000000000000000e+00
3.276414372310498813e-01,7.680000007152557373e+00,1.172687530517578125e+00,2.999999999999999889e-01,3.700000000000000000e+05
3.279915046544923940e-01,7.319999992847442627e+00,1.185256958007812500e+00,2.999999999999999889e-01,0.000000000000000000e+00
3.280155196996584199e-01,7.319999992847442627e+00,1.305332183837890625e+00,2.999999999999999889e-01,3.700000000000000000e+05
3.283655872524784969e-01,7.680000007152557373e+00,1.292758941650390625e+00,2.999999999999999889e-01,0.000000000000000000e+00
3.283896022976445228e-01,7.680000007152557373e+00,1.412834167480468750e+00,2.999999999999999889e-01,3.700000000000000000e+05
3.287396697210870355e-01,7.319999992847442627e+00,1.425403594970703125e+00,2.999999999999999889e-01,0.000000000000000000e+00
3.287636847662530615e-01,7.319999992847442627e+00,1.545478820800781250e+00,2.999999999999999889e-01,3.700000000000000000e+05
3.291137523190731384e-01,7.680000007152557373e+00,1.532905578613281250e+00,2.999999999999999889e-01,0.000000000000000000e+00
3.291377666012996750e-01,7.680000007152557373e+00,1.652976989746093750e+00,2.999999999999999889e-01,3.700000000000000000e+05
3.294878341541197520e-01,7.319999992847442627e+00,1.665550231933593750e+00,2.999999999999999889e-01,0.000000000000000000e+00
3.295118484363462885e-01,7.319999992847442627e+00,1.785621643066406250e+00,2.999999999999999889e-01,3.700000000000000000e+05
3.298619158597888013e-01,7.680000007152557373e+00,1.773052215576171875e+00,2.999999999999999889e-01,0.000000000000000000e+00
3.309243838331504817e-01,1.280999994277954102e+01,3.931770324707031250e-01,2.999999999999999889e-01,3.700000000000000000e+05
3.312744515017496116e-01,1.317000007629394531e+01,3.806037902832031250e-01,2.999999999999999889e-01,0.000000000000000000e+00
3.312984665469156376e-01,1.317000007629394531e+01,5.006790161132812500e-01,2.999999999999999889e-01,3.700000000000000000e+05
3.316485340861372588e-01,1.280999994277954102e+01,5.132484436035156250e-01,2.999999999999999889e-01,0.000000000000000000e+00
3.316725491313032848e-01,1.280999994277954102e+01,6.333236694335937500e-01,2.999999999999999889e-01,3.700000000000000000e+05
3.320226167999024147e-01,1.317000007629394531e+01,6.207504272460937500e-01,2.999999999999999889e-01,0.000000000000000000e+00
3.320466318450684406e-01,1.317000007629394531e+01,7.408256530761718750e-01,2.999999999999999889e-01,3.700000000000000000e+05
3.323966993842900619e-01,1.280999994277954102e+01,7.533950805664062500e-01,2.999999999999999889e-01,0.000000000000000000e+00
3.324207144294560878e-01,1.280999994277954102e+01,8.734703063964843750e-01,2.999999999999999889e-01,3.700000000000000000e+05
3.327707820980552178e-01,1.317000007629394531e+01,8.608970642089843750e-01,2.999999999999999889e-01,0.000000000000000000e+00
3.327947971432212437e-01,1.317000007629394531e+01,9.809722900390625000e-01,2.999999999999999889e-01,3.700000000000000000e+05
3.331448646824428650e-01,1.280999994277954102e+01,9.935417175292968750e-01,2.999999999999999889e-01,0.000000000000000000e+00
3.331688797276088909e-01,1.280999994277954102e+01,1.113616943359375000e+00,2.999999999999999889e-01,3.700000000000000000e+05
3.335189473962080209e-01,1.317000007629394531e+01,1.101043701171875000e+00,2.999999999999999889e-01,0.000000000000000000e+00
3.335429624413740468e-01,1.317000007629394531e+01,1.221118927001953125e+00,2.999999999999999889e-01,3.700000000000000000e+05
3.338930299805956681e-01,1.280999994277954102e+01,1.233688354492187500e+00,2.999999999999999889e-01,0.000000000000000000e+00
3.339170450257616940e-01,1.280999994277954102e+01,1.353763580322265625e+00,2.999999999999999889e-01,3.700000000000000000e+05
3.342671126943608240e-01,1.317000007629394531e+01,1.341190338134765625e+00,2.999999999999999889e-01,0.000000000000000000e+00
3.342911277395268499e-01,1.317000007629394531e+01,1.461265563964843750e+00,2.999999999999999889e-01,3.700000000000000000e+05
3.346411952787484712e-01,1.280999994277954102e+01,1.473834991455078125e+00,2.999999999999999889e-01,0.000000000000000000e+00
3.346652103239144971e-01,1.280999994277954102e+01,1.593910217285156250e+00,2.999999999999999889e-01,3.700000000000000000e+05
3.350152779925136270e-01,1.317000007629394531e+01,1.581336975097656250e+00,2.999999999999999889e-01,0.000000000000000000e+00
3.350392922747401636e-01,1.317000007629394531e+01,1.701408386230468750e+00,2.999999999999999889e-01,3.700000000000000000e+05
3.353893599433392936e-01,1.280999994277954102e+01,1.713981628417968750e+00,2.999999999999999889e-01,0.000000000000000000e+00
3.357290812868654606e-01,1.383232831954956055e+01,3.574752807617187500e-01,2.999999999999999889e-01,3.700000000000000000e+05
3.368645364898079642e-01,1.500000000000000000e+01,3.166999816894531250e-01,2.999999999999999889e-01,0.000000000000000000e+00
3.368885515349739901e-01,1.500000000000000000e+01,4.367752075195312500e-01,2.999999999999999889e-01,3.700000000000000000e+05
3.372386190741956113e-01,1.463999986648559570e+01,4.493446350097656250e-01,2.999999999999999889e-01,0.000000000000000000e+00
3.372626341193616373e-01,1.463999986648559570e+01,5.694198608398437500e-01,2.999999999999999889e-01,3.700000000000000000e+05
3.376127017879607672e-01,1.500000000000000000e+01,5.568466186523437500e-01,2.999999999999999889e-01,0.000000000000000000e+00
3.376367160701873038e-01,1.500000000000000000e+01,6.769180297851562500e-01,2.999999999999999889e-01,3.700000000000000000e+05
3.379867837387864338e-01,1.463999986648559570e+01,6.894912719726562500e-01,2.999999999999999889e-01,0.000000000000000000e+00
3.380107980210129703e-01,1.463999986648559570e+01,8.095626831054687500e-01,2.999999999999999889e-01,3.700000000000000000e+05
3.383608655602345916e-01,1.500000000000000000e+01,7.969932556152343750e-01,2.999999999999999889e-01,0.000000000000000000e+00
3.383848798424611282e-01,1.500000000000000000e+01,9.170646667480468750e-01,2.999999999999999889e-01,3.700000000000000000e+05
3.387349475110602581e-01,1.463999986648559570e+01,9.296379089355468750e-01,2.999999999999999889e-01,0.000000000000000000e+00
3.387589617932867947e-01,1.463999986648559570e+01,1.049709320068359375e+00,2.999999999999999889e-01,3.700000000000000000e+05
3.391090293325084160e-01,1.500000000000000000e+01,1.037139892578125000e+00,2.999999999999999889e-01,0.000000000000000000e+00
3.391330436147349525e-01,1.500000000000000000e+01,1.157211303710937500e+00,2.999999999999999889e-01,3.700000000000000000e+05
3.394831112833340825e-01,1.463999986648559570e+01,1.169784545898437500e+00,2.999999999999999889e-01,0.000000000000000000e+00
3.395071255655606191e-01,1.463999986648559570e+01,1.289855957031250000e+00,2.999999999999999889e-01,3.700000000000000000e+05
3.398571931047822403e-01,1.500000000000000000e+01,1.277286529541015625e+00,2.999999999999999889e-01,0.000000000000000000e+00
3.398812073870087769e-01,1.500000000000000000e+01,1.397357940673828125e+00,2.999999999999999889e-01,3.700000000000000000e+05
3.402312750556079068e-01,1.463999986648559570e+01,1.409931182861328125e+00,2.999999999999999889e-01,0.000000000000000000e+00
3.402552893378344434e-01,1.463999986648559570e+01,1.530002593994140625e+00,2.999999999999999889e-01,3.700000000000000000e+05
3.406053568770560647e-01,1.500000000000000000e+01,1.517433166503906250e+00,2.999999999999999889e-01,0.000000000000000000e+00
3.406293711592826012e-01,1.500000000000000000e+01,1.637504577636718750e+00,2.999999999999999889e-01,3.700000000000000000e+05
3.409794388278817312e-01,1.463999986648559570e+01,1.650077819824218750e+00,2.999999999999999889e-01,0.000000000000000000e+00
3.410034531101082678e-01,1.463999986648559570e+01,1.770149230957031250e+00,2.999999999999999889e-01,3.700000000000000000e+05
3.413535206493298890e-01,1.500000000000000000e+01,1.757579803466796875e+00,2.999999999999999889e-01,0.000000000000000000e+00
3.447195891981932325e-01,-1.829999923706054688e+00,1.865001678466796875e+00,2.999999999999999889e-01,3.700000000000000000e+05
3.457645371085189545e-01,-7.554035186767578125e-01,1.827476501464843750e+00,2.999999999999999889e-01,0.000000000000000000e+00
3.464522260314010227e-01,2.683041095733642578e+00,1.827476501464843750e+00,2.999999999999999889e-01,3.700000000000000000e+05
3.508407507850727081e-01,-1.829999923706054688e+00,1.985076904296875000e+00,2.999999999999999889e-01,0.000000000000000000e+00
3.508647650672992446e-01,-1.829999923706054688e+00,2.105148315429687500e+00,2.999999999999999889e-01,3.700000000000000000e+05
3.585968668822747119e-01,6.121486067771911621e+00,1.827476501464843750e+00,2.999999999999999889e-01,0.000000000000000000e+00
3.592845558289986529e-01,9.559930801391601562e+00,1.827476501464843750e+00,2.999999999999999889e-01,3.700000000000000000e+05
3.693091762420710467e-01,-7.491197586059570312e-01,2.187477111816406250e+00,2.999999999999999889e-01,0.000000000000000000e+00
3.694601729649675259e-01,0.000000000000000000e+00,2.281391143798828125e+00,2.999999999999999889e-01,3.700000000000000000e+05
3.698102406335666559e-01,3.600001335144042969e-01,2.268817901611328125e+00,2.999999999999999889e-01,0.000000000000000000e+00
3.698342556787326818e-01,3.600001335144042969e-01,2.388893127441406250e+00,2.999999999999999889e-01,3.700000000000000000e+05
3.701843232179543031e-01,0.000000000000000000e+00,2.401462554931640625e+00,2.999999999999999889e-01,0.000000000000000000e+00
3.702083382631203290e-01,0.000000000000000000e+00,2.521537780761718750e+00,2.999999999999999889e-01,3.700000000000000000e+05
3.705584059317194590e-01,3.600001335144042969e-01,2.508964538574218750e+00,2.999999999999999889e-01,0.000000000000000000e+00
3.705824202139459955e-01,3.600001335144042969e-01,2.629035949707031250e+00,2.999999999999999889e-01,3.700000000000000000e+05
3.709324878825451255e-01,0.000000000000000000e+00,2.641609191894531250e+00,2.999999999999999889e-01,0.000000000000000000e+00
3.709565021647716621e-01,0.000000000000000000e+00,2.761680603027343750e+00,2.999999999999999889e-01,3.700000000000000000e+05
3.713065697039932833e-01,3.600001335144042969e-01,2.749111175537109375e+00,2.999999999999999889e-01,0.000000000000000000e+00
3.713305839862198199e-01,3.600001335144042969e-01,2.869182586669921875e+00,2.999999999999999889e-01,3.700000000000000000e+05
3.716806516548189498e-01,0.000000000000000000e+00,2.881755828857421875e+00,2.999999999999999889e-01,0.000000000000000000e+00
3.717046659370454864e-01,0.000000000000000000e+00,3.001827239990234375e+00,2.999999999999999889e-01,3.700000000000000000e+05
3.720547334762671077e-01,3.600001335144042969e-01,2.989257812500000000e+00,2.999999999999999889e-01,0.000000000000000000e+00
3.720787477584936442e-01,3.600001335144042969e-01,3.109329223632812500e+00,2.999999999999999889e-01,3.700000000000000000e+05
3.724288154270927742e-01,0.000000000000000000e+00,3.121902465820312500e+00,2.999999999999999889e-01,0.000000000000000000e+00
3.724528297093193108e-01,0.000000000000000000e+00,3.241973876953125000e+00,2.999999999999999889e-01,3.700000000000000000e+05
3.728028972485409320e-01,3.600001335144042969e-01,3.229404449462890625e+00,2.999999999999999889e-01,0.000000000000000000e+00
3.728269115307674686e-01,3.600001335144042969e-01,3.349475860595703125e+00,2.999999999999999889e-01,3.700000000000000000e+05
3.731769791993665986e-01,0.000000000000000000e+00,3.362049102783203125e+00,2.999999999999999889e-01,0.000000000000000000e+00
3.732009934815931351e-01,0.000000000000000000e+00,3.482120513916015625e+00,2.999999999999999889e-01,3.700000000000000000e+05
3.735510610208147564e-01,3.600001335144042969e-01,3.469551086425781250e+00,2.999999999999999889e-01,0.000000000000000000e+00
3.735750753030412930e-01,3.600001335144042969e-01,3.589622497558593750e+00,2.999999999999999889e-01,3.700000000000000000e+05
3.739251429716404229e-01,0.000000000000000000e+00,3.602195739746093750e+00,2.999999999999999889e-01,0.000000000000000000e+00
3.743297038356281359e-01,-1.470000267028808594e+00,2.212650299072265625e+00,2.999999999999999889e-01,3.700000000000000000e+05
3.746797710411110538e-01,-1.829999923706054688e+00,2.225223541259765625e+00,2.999999999999999889e-01,0.000000000000000000e+00
3.747037853233375904e-01,-1.829999923706054688e+00,2.345294952392578125e+00,2.999999999999999889e-01,3.700000000000000000e+05
3.750538525288205083e-01,-1.470000267028808594e+00,2.332721710205078125e+00,2.999999999999999889e-01,0.000000000000000000e+00
3.750778675739865342e-01,-1.470000267028808594e+00,2.452796936035156250e+00,2.999999999999999889e-01,3.700000000000000000e+05
3.754279346500917769e-01,-1.829999923706054688e+00,2.465366363525390625e+00,2.999999999999999889e-01,0.000000000000000000e+00
3.754519496952578028e-01,-1.829999923706054688e+00,2.585441589355468750e+00,2.999999999999999889e-01,3.700000000000000000e+05
3.758020169007407207e-01,-1.470000267028808594e+00,2.572868347167968750e+00,2.999999999999999889e-01,0.000000000000000000e+00
3.758260319459067467e-01,-1.470000267028808594e+00,2.692943572998046875e+00,2.999999999999999889e-01,3.700000000000000000e+05
3.761760990220119893e-01,-1.829999923706054688e+00,2.705513000488281250e+00,2.999999999999999889e-01,0.000000000000000000e+00
3.762001140671780153e-01,-1.829999923706054688e+00,2.825588226318359375e+00,2.999999999999999889e-01,3.700000000000000000e+05
3.765501812726609332e-01,-1.470000267028808594e+00,2.813014984130859375e+00,2.999999999999999889e-01,0.000000000000000000e+00
3.765741963178269591e-01,-1.470000267028808594e+00,2.933090209960937500e+00,2.999999999999999889e-01,3.700000000000000000e+05
3.769242633939322018e-01,-1.829999923706054688e+00,2.945659637451171875e+00,2.999999999999999889e-01,0.000000000000000000e+00
3.769482784390982277e-01,-1.829999923706054688e+00,3.065734863281250000e+00,2.999999999999999889e-01,3.700000000000000000e+05
3.772983456445811457e-01,-1.470000267028808594e+00,3.053161621093750000e+00,2.999999999999999889e-01,0.000000000000000000e+00
3.773223606897471716e-01,-1.470000267028808594e+00,3.173236846923828125e+00,2.999999999999999889e-01,3.700000000000000000e+05
3.776724277658524143e-01,-1.829999923706054688e+00,3.185806274414062500e+00,2.999999999999999889e-01,0.000000000000000000e+00
3.776964428110184402e-01,-1.829999923706054688e+00,3.305881500244140625e+00,2.999999999999999889e-01,3.700000000000000000e+05
3.780465100165013581e-01,-1.470000267028808594e+00,3.293308258056640625e+00,2.999999999999999889e-01,0.000000000000000000e+00
3.780705250616673840e-01,-1.470000267028808594e+00,3.413383483886718750e+00,2.999999999999999889e-01,3.700000000000000000e+05
3.784205921377726267e-01,-1.829999923706054688e+00,3.425952911376953125e+00,2.999999999999999889e-01,0.000000000000000000e+00
3.784446071829386526e-01,-1.829999923706054688e+00,3.546028137207031250e+00,2.999999999999999889e-01,3.700000000000000000e+05
3.787946743884215706e-01,-1.470000267028808594e+00,3.533454895019531250e+00,2.999999999999999889e-01,0.000000000000000000e+00
3.788186886706481071e-01,-1.470000267028808594e+00,3.653526306152343750e+00,2.999999999999999889e-01,3.700000000000000000e+05
3.791687558761310251e-01,-1.829999923706054688e+00,3.666099548339843750e+00,2.999999999999999889e-01,0.000000000000000000e+00
3.799560064659472380e-01,1.829999923706054688e+00,2.217483520507812500e+00,2.999999999999999889e-01,3.700000000000000000e+05
3.803060740051688593e-01,2.190000057220458984e+00,2.204914093017578125e+00,2.999999999999999889e-01,0.000000000000000000e+00
3.803300882873953959e-01,2.190000057220458984e+00,2.324985504150390625e+00,2.999999999999999889e-01,3.700000000000000000e+05
3.806801559559945258e-01,1.829999923706054688e+00,2.337558746337890625e+00,2.999999999999999889e-01,0.000000000000000000e+00
3.807041702382210624e-01,1.829999923706054688e+00,2.457630157470703125e+00,2.999999999999999889e-01,3.700000000000000000e+05
3.810542377774426837e-01,2.190000057220458984e+00,2.445060729980468750e+00,2.999999999999999889e-01,0.000000000000000000e+00
3.810782520596692202e-01,2.190000057220458984e+00,2.565132141113281250e+00,2.999999999999999889e-01,3.700000000000000000e+05
3.814283197282683502e-01,1.829999923706054688e+00,2.577705383300781250e+00,2.999999999999999889e-01,0.000000000000000000e+00
3.814523340104948868e-01,1.829999923706054688e+00,2.697776794433593750e+00,2.999999999999999889e-01,3.700000000000000000e+05
3.818024015497165080e-01,2.190000057220458984e+00,2.685207366943359375e+00,2.999999999999999889e-01,0.000000000000000000e+00
3.818264158319430446e-01,2.190000057220458984e+00,2.805278778076171875e+00,2.999999999999999889e-01,3.700000000000000000e+05
3.821764835005421745e-01,1.829999923706054688e+00,2.817852020263671875e+00,2.999999999999999889e-01,0.000000000000000000e+00
3.822004977827687111e-01,1.829999923706054688e+00,2.937923431396484375e+00,2.999999999999999889e-01,3.700000000000000000e+05
3.825505653219903324e-01,2.190000057220458984e+00,2.925354003906250000e+00,2.999999999999999889e-01,0.000000000000000000e+00
3.825745796042168689e-01,2.190000057220458984e+00,3.045425415039062500e+00,2.999999999999999889e-01,3.700000000000000000e+05
3.829246472728159989e-01,1.829999923706054688e+00,3.057998657226562500e+00,2.999999999999999889e-01,0.000000000000000000e+00
3.829486615550425355e-01,1.829999923706054688e+00,3.178070068359375000e+00,2.999999999999999889e-01,3.700000000000000000e+05
3.832987292236416654e-01,2.190000057220458984e+00,3.165496826171875000e+00,2.999999999999999889e-01,0.000000000000000000e+00
3.833227442688076914e-01,2.190000057220458984e+00,3.285572052001953125e+00,2.999999999999999889e-01,3.700000000000000000e+05
3.836728118080293126e-01,1.829999923706054688e+00,3.298141479492187500e+00,2.999999999999999889e-01,0.000000000000000000e+00
3.836968268531953385e-01,1.829999923706054688e+00,3.418216705322265625e+00,2.999999999999999889e-01,3.700000000000000000e+05
3.840468945217944685e-01,2.190000057220458984e+00,3.405643463134765625e+00,2.999999999999999889e-01,0.000000000000000000e+00
3.840709095669604944e-01,2.190000057220458984e+00,3.525718688964843750e+00,2.999999999999999889e-01,3.700000000000000000e+05
3.844209771061821157e-01,1.829999923706054688e+00,3.538288116455078125e+00,2.999999999999999889e-01,0.000000000000000000e+00
3.851546540047394718e-01,-1.829999923706054688e+00,3.786170959472656250e+00,2.999999999999999889e-01,3.700000000000000000e+05
3.890637408141600639e-01,2.190000057220458984e+00,3.645790100097656250e+00,2.999999999999999889e-01,0.000000000000000000e+00
3.893720265275021353e-01,2.689324855804443359e+00,2.187477111816406250e+00,2.999999999999999889e-01,3.700000000000000000e+05
3.995635359431627398e-01,1.316999959945678711e+01,1.821483612060546875e+00,2.999999999999999889e-01,0.000000000000000000e+00
4.002169015101605942e-01,1.643682193756103516e+01,1.827476501464843750e+00,2.999999999999999889e-01,3.700000000000000000e+05
4.102415233125819571e-01,6.127769947052001953e+00,2.187477111816406250e+00,2.999999999999999889e-01,0.000000000000000000e+00
4.104804848579692300e-01,7.320000216364860535e+00,2.265914916992187500e+00,2.999999999999999889e-01,3.700000000000000000e+05
4.108305519340744727e-01,7.679999873042106628e+00,2.253345489501953125e+00,2.999999999999999889e-01,0.000000000000000000e+00
4.108545662163010093e-01,7.679999873042106628e+00,2.373416900634765625e+00,2.999999999999999889e-01,3.700000000000000000e+05
4.112046334217839272e-01,7.320000216364860535e+00,2.385990142822265625e+00,2.999999999999999889e-01,0.000000000000000000e+00
4.112286477040104637e-01,7.320000216364860535e+00,2.506061553955078125e+00,2.999999999999999889e-01,3.700000000000000000e+05
4.115787147801157064e-01,7.679999873042106628e+00,2.493492126464843750e+00,2.999999999999999889e-01,0.000000000000000000e+00
4.116027290623422430e-01,7.679999873042106628e+00,2.613563537597656250e+00,2.999999999999999889e-01,3.700000000000000000e+05
4.119527962678251609e-01,7.320000216364860535e+00,2.626136779785156250e+00,2.999999999999999889e-01,0.000000000000000000e+00
4.119768105500516975e-01,7.320000216364860535e+00,2.746208190917968750e+00,2.999999999999999889e-01,3.700000000000000000e+05
4.123268776261569402e-01,7.679999873042106628e+00,2.733638763427734375e+00,2.999999999999999889e-01,0.000000000000000000e+00
4.123508919083834767e-01,7.679999873042106628e+00,2.853710174560546875e+00,2.999999999999999889e-01,3.700000000000000000e+05
4.127009591138663946e-01,7.320000216364860535e+00,2.866283416748046875e+00,2.999999999999999889e-01,0.000000000000000000e+00
4.127249733960929312e-01,7.320000216364860535e+00,2.986354827880859375e+00,2.999999999999999889e-01,3.700000000000000000e+05
4.130750406015758491e-01,7.679999873042106628e+00,2.973781585693359375e+00,2.999999999999999889e-01,0.000000000000000000e+00
4.130990556467418751e-01,7.679999873042106628e+00,3.093856811523437500e+00,2.999999999999999889e-01,3.700000000000000000e+05
4.134491227228471177e-01,7.320000216364860535e+00,3.106426239013671875e+00,2.999999999999999889e-01,0.000000000000000000e+00
4.134731377680131437e-01,7.320000216364860535e+00,3.226501464843750000e+00,2.999999999999999889e-01,3.700000000000000000e+05
4.138232049734960616e-01,7.679999873042106628e+00,3.213928222656250000e+00,2.999999999999999889e-01,0.000000000000000000e+00
4.138472200186620875e-01,7.679999873042106628e+00,3.334003448486328125e+00,2.999999999999999889e-01,3.700000000000000000e+05
4.141972870947673302e-01,7.320000216364860535e+00,3.346572875976562500e+00,2.999999999999999889e-01,0.000000000000000000e+00
4.142213021399333561e-01,7.320000216364860535e+00,3.466648101806640625e+00,2.999999999999999889e-01,3.700000000000000000e+05
4.145713693454162740e-01,7.679999873042106628e+00,3.454074859619140625e+00,2.999999999999999889e-01,0.000000000000000000e+00
4.145953843905823000e-01,7.679999873042106628e+00,3.574150085449218750e+00,2.999999999999999889e-01,3.700000000000000000e+05
4.149454514666875427e-01,7.320000216364860535e+00,3.586719512939453125e+00,2.999999999999999889e-01,0.000000000000000000e+00
4.153500117957530380e-01,5.850000023841857910e+00,2.197177886962890625e+00,2.999999999999999889e-01,3.700000000000000000e+05
4.157000792191955507e-01,5.490000009536743164e+00,2.209747314453125000e+00,2.999999999999999889e-01,0.000000000000000000e+00
4.157240942643615766e-01,5.490000009536743164e+00,2.329822540283203125e+00,2.999999999999999889e-01,3.700000000000000000e+05
4.160741618171816536e-01,5.850000023841857910e+00,2.317249298095703125e+00,2.999999999999999889e-01,0.000000000000000000e+00
4.160981768623476795e-01,5.850000023841857910e+00,2.437324523925781250e+00,2.999999999999999889e-01,3.700000000000000000e+05
4.164482442857901923e-01,5.490000009536743164e+00,2.449893951416015625e+00,2.999999999999999889e-01,0.000000000000000000e+00
4.164722593309562182e-01,5.490000009536743164e+00,2.569969177246093750e+00,2.999999999999999889e-01,3.700000000000000000e+05
4.168223268837762951e-01,5.850000023841857910e+00,2.557395935058593750e+00,2.999999999999999889e-01,0.000000000000000000e+00
4.168463411660028317e-01,5.850000023841857910e+00,2.677467346191406250e+00,2.999999999999999889e-01,3.700000000000000000e+05
4.171964087188229087e-01,5.490000009536743164e+00,2.690040588378906250e+00,2.999999999999999889e-01,0.000000000000000000e+00
4.172204230010494452e-01,5.490000009536743164e+00,2.810111999511718750e+00,2.999999999999999889e-01,3.700000000000000000e+05
4.175704904244919580e-01,5.850000023841857910e+00,2.797542572021484375e+00,2.999999999999999889e-01,0.000000000000000000e+00
4.175945047067184945e-01,5.850000023841857910e+00,2.917613983154296875e+00,2.999999999999999889e-01,3.700000000000000000e+05
4.179445722595385715e-01,5.490000009536743164e+00,2.930187225341796875e+00,2.999999999999999889e-01,0.000000000000000000e+00
4.179685865417651081e-01,5.490000009536743164e+00,3.050258636474609375e+00,2.999999999999999889e-01,3.700000000000000000e+05
4.183186539652076208e-01,5.850000023841857910e+00,3.037689208984375000e+00,2.999999999999999889e-01,0.000000000000000000e+00
4.183426682474341574e-01,5.850000023841857910e+00,3.157760620117187500e+00,2.999999999999999889e-01,3.700000000000000000e+05
4.186927358002542343e-01,5.490000009536743164e+00,3.170333862304687500e+00,2.999999999999999889e-01,0.000000000000000000e+00
4.187167500824807709e-01,5.490000009536743164e+00,3.290405273437500000e+00,2.999999999999999889e-01,3.700000000000000000e+05
4.190668175059232836e-01,5.850000023841857910e+00,3.277835845947265625e+00,2.999999999999999889e-01,0.000000000000000000e+00
4.190908317881498202e-01,5.850000023841857910e+00,3.397907257080078125e+00,2.999999999999999889e-01,3.700000000000000000e+05
4.194408993409698971e-01,5.490000009536743164e+00,3.410480499267578125e+00,2.999999999999999889e-01,0.000000000000000000e+00
4.194649136231964337e-01,5.490000009536743164e+00,3.530551910400390625e+00,2.999999999999999889e-01,3.700000000000000000e+05
4.198149810466389464e-01,5.850000023841857910e+00,3.517982482910156250e+00,2.999999999999999889e-01,0.000000000000000000e+00
4.198389953288654830e-01,5.850000023841857910e+00,3.638053894042968750e+00,2.999999999999999889e-01,3.700000000000000000e+05
4.201890628816855600e-01,5.490000009536743164e+00,3.650627136230468750e+00,2.999999999999999889e-01,0.000000000000000000e+00
4.205936237110208253e-01,4.019999980926513672e+00,2.261081695556640625e+00,2.999999999999999889e-01,3.700000000000000000e+05
4.209436910186842296e-01,3.660000085830688477e+00,2.273651123046875000e+00,2.999999999999999889e-01,0.000000000000000000e+00
4.209677060638502555e-01,3.660000085830688477e+00,2.393726348876953125e+00,2.999999999999999889e-01,3.700000000000000000e+05
4.213177735008912794e-01,4.019999980926513672e+00,2.381153106689453125e+00,2.999999999999999889e-01,0.000000000000000000e+00
4.213417885460573054e-01,4.019999980926513672e+00,2.501228332519531250e+00,2.999999999999999889e-01,3.700000000000000000e+05
4.216918558537207096e-01,3.660000085830688477e+00,2.513797760009765625e+00,2.999999999999999889e-01,0.000000000000000000e+00
4.217158708988867355e-01,3.660000085830688477e+00,2.633872985839843750e+00,2.999999999999999889e-01,3.700000000000000000e+05
4.220659383359277594e-01,4.019999980926513672e+00,2.621299743652343750e+00,2.999999999999999889e-01,0.000000000000000000e+00
4.220899533810937854e-01,4.019999980926513672e+00,2.741374969482421875e+00,2.999999999999999889e-01,3.700000000000000000e+05
4.224400206887571896e-01,3.660000085830688477e+00,2.753944396972656250e+00,2.999999999999999889e-01,0.000000000000000000e+00
4.224640357339232155e-01,3.660000085830688477e+00,2.874019622802734375e+00,2.999999999999999889e-01,3.700000000000000000e+05
4.228141031709642395e-01,4.019999980926513672e+00,2.861446380615234375e+00,2.999999999999999889e-01,0.000000000000000000e+00
4.228381182161302654e-01,4.019999980926513672e+00,2.981521606445312500e+00,2.999999999999999889e-01,3.700000000000000000e+05
4.231881855237936696e-01,3.660000085830688477e+00,2.994091033935546875e+00,2.999999999999999889e-01,0.000000000000000000e+00
4.232122005689596955e-01,3.660000085830688477e+00,3.114166259765625000e+00,2.999999999999999889e-01,3.700000000000000000e+05
4.235622680060007195e-01,4.019999980926513672e+00,3.101593017578125000e+00,2.999999999999999889e-01,0.000000000000000000e+00
4.235862830511667454e-01,4.019999980926513672e+00,3.221668243408203125e+00,2.999999999999999889e-01,3.700000000000000000e+05
4.239363503588301496e-01,3.660000085830688477e+00,3.234237670898437500e+00,2.999999999999999889e-01,0.000000000000000000e+00
4.239603654039961755e-01,3.660000085830688477e+00,3.354312896728515625e+00,2.999999999999999889e-01,3.700000000000000000e+05
4.243104328410371995e-01,4.019999980926513672e+00,3.341739654541015625e+00,2.999999999999999889e-01,0.000000000000000000e+00
4.243344471232637360e-01,4.019999980926513672e+00,3.461811065673828125e+00,2.999999999999999889e-01,3.700000000000000000e+05
4.246845145603047600e-01,3.660000085830688477e+00,3.474384307861328125e+00,2.999999999999999889e-01,0.000000000000000000e+00
4.247085288425312966e-01,3.660000085830688477e+00,3.594455718994140625e+00,2.999999999999999889e-01,3.700000000000000000e+05
4.250585961501947008e-01,4.019999980926513672e+00,3.581886291503906250e+00,2.999999999999999889e-01,0.000000000000000000e+00
4.253138078965764679e-01,5.293817758560180664e+00,3.657478332519531250e+00,2.999999999999999889e-01,3.700000000000000000e+05
4.322410770101540733e-01,-1.829999923706054688e+00,3.906246185302734375e+00,2.999999999999999889e-01,0.000000000000000000e+00
4.322650912923806099e-01,-1.829999923706054688e+00,4.026317596435546875e+00,2.999999999999999889e-01,3.700000000000000000e+05
4.425359373514834993e-01,8.732262611389160156e+00,3.657478332519531250e+00,2.999999999999999889e-01,0.000000000000000000e+00
4.442124203802015336e-01,3.600001335144042969e-01,4.069915771484375000e+00,2.999999999999999889e-01,3.700000000000000000e+05
4.445624879194231549e-01,0.000000000000000000e+00,4.082485198974609375e+00,2.999999999999999889e-01,0.000000000000000000e+00
4.445865029645891808e-01,0.000000000000000000e+00,4.202560424804687500e+00,2.999999999999999889e-01,3.700000000000000000e+05
4.449365706331883108e-01,3.600001335144042969e-01,4.189987182617187500e+00,2.999999999999999889e-01,0.000000000000000000e+00
4.449605856783543367e-01,3.600001335144042969e-01,4.310062408447265625e+00,2.999999999999999889e-01,3.700000000000000000e+05
4.453106532175759580e-01,0.000000000000000000e+00,4.322631835937500000e+00,2.999999999999999889e-01,0.000000000000000000e+00
4.453346682627419839e-01,0.000000000000000000e+00,4.442707061767578125e+00,2.999999999999999889e-01,3.700000000000000000e+05
4.456847359313411139e-01,3.600001335144042969e-01,4.430133819580078125e+00,2.999999999999999889e-01,0.000000000000000000e+00
4.457087509765071398e-01,3.600001335144042969e-01,4.550209045410156250e+00,2.999999999999999889e-01,3.700000000000000000e+05
4.460588185157287611e-01,0.000000000000000000e+00,4.562778472900390625e+00,2.999999999999999889e-01,0.000000000000000000e+00
4.460828335608947870e-01,0.000000000000000000e+00,4.682853698730468750e+00,2.999999999999999889e-01,3.700000000000000000e+05
4.464329012294939170e-01,3.600001335144042969e-01,4.670280456542968750e+00,2.999999999999999889e-01,0.000000000000000000e+00
4.464569162746599429e-01,3.600001335144042969e-01,4.790355682373046875e+00,2.999999999999999889e-01,3.700000000000000000e+05
4.468069838138815641e-01,0.000000000000000000e+00,4.802925109863281250e+00,2.999999999999999889e-01,0.000000000000000000e+00
4.468309988590475901e-01,0.000000000000000000e+00,4.923000335693359375e+00,2.999999999999999889e-01,3.700000000000000000e+05
4.471810665276467200e-01,3.600001335144042969e-01,4.910427093505859375e+00,2.999999999999999889e-01,0.000000000000000000e+00
4.472050815728127460e-01,3.600001335144042969e-01,5.030502319335937500e+00,2.999999999999999889e-01,3.700000000000000000e+05
4.475551491120343672e-01,0.000000000000000000e+00,5.043071746826171875e+00,2.999999999999999889e-01,0.000000000000000000e+00
4.475791641572003932e-01,0.000000000000000000e+00,5.163146972656250000e+00,2.999999999999999889e-01,3.700000000000000000e+05
4.479292318257995231e-01,3.600001335144042969e-01,5.150573730468750000e+00,2.999999999999999889e-01,0.000000000000000000e+00
4.479532461080260597e-01,3.600001335144042969e-01,5.270645141601562500e+00,2.999999999999999889e-01,3.700000000000000000e+05
4.483033137766251897e-01,0.000000000000000000e+00,5.283218383789062500e+00,2.999999999999999889e-01,0.000000000000000000e+00
4.483273280588517262e-01,0.000000000000000000e+00,5.403289794921875000e+00,2.999999999999999889e-01,3.700000000000000000e+05
4.486773955980733475e-01,3.600001335144042969e-01,5.390720367431640625e+00,2.999999999999999889e-01,0.000000000000000000e+00
4.505474968142894054e-01,9.149999976158142090e+00,2.202011108398437500e+00,2.999999999999999889e-01,3.700000000000000000e+05
4.508975643671094824e-01,9.509999990463256836e+00,2.189437866210937500e+00,2.999999999999999889e-01,0.000000000000000000e+00
4.509215794122755083e-01,9.509999990463256836e+00,2.309513092041015625e+00,2.999999999999999889e-01,3.700000000000000000e+05
4.512716468357180211e-01,9.149999976158142090e+00,2.322082519531250000e+00,2.999999999999999889e-01,0.000000000000000000e+00
4.512956618808840470e-01,9.149999976158142090e+00,2.442157745361328125e+00,2.999999999999999889e-01,3.700000000000000000e+05
4.516457294337041239e-01,9.509999990463256836e+00,2.429584503173828125e+00,2.999999999999999889e-01,0.000000000000000000e+00
4.516697444788701499e-01,9.509999990463256836e+00,2.549659729003906250e+00,2.999999999999999889e-01,3.700000000000000000e+05
4.520198119023126626e-01,9.149999976158142090e+00,2.562229156494140625e+00,2.999999999999999889e-01,0.000000000000000000e+00
4.520438269474786885e-01,9.149999976158142090e+00,2.682304382324218750e+00,2.999999999999999889e-01,3.700000000000000000e+05
4.523938945002987655e-01,9.509999990463256836e+00,2.669731140136718750e+00,2.999999999999999889e-01,0.000000000000000000e+00
4.524179095454647914e-01,9.509999990463256836e+00,2.789806365966796875e+00,2.999999999999999889e-01,3.700000000000000000e+05
4.527679769689073042e-01,9.149999976158142090e+00,2.802375793457031250e+00,2.999999999999999889e-01,0.000000000000000000e+00
4.527919920140733301e-01,9.149999976158142090e+00,2.922451019287109375e+00,2.999999999999999889e-01,3.700000000000000000e+05
4.531420595668934070e-01,9.509999990463256836e+00,2.909877777099609375e+00,2.999999999999999889e-01,0.000000000000000000e+00
4.531660746120594330e-01,9.509999990463256836e+00,3.029953002929687500e+00,2.999999999999999889e-01,3.700000000000000000e+05
4.535161420355019457e-01,9.149999976158142090e+00,3.042522430419921875e+00,2.999999999999999889e-01,0.000000000000000000e+00
4.535401570806679716e-01,9.149999976158142090e+00,3.162597656250000000e+00,2.999999999999999889e-01,3.700000000000000000e+05
4.538902246334880486e-01,9.509999990463256836e+00,3.150024414062500000e+00,2.999999999999999889e-01,0.000000000000000000e+00
4.539142396786540745e-01,9.509999990463256836e+00,3.270099639892578125e+00,2.999999999999999889e-01,3.700000000000000000e+05
4.542643071020965873e-01,9.149999976158142090e+00,3.282669067382812500e+00,2.999999999999999889e-01,0.000000000000000000e+00
4.542883221472626132e-01,9.149999976158142090e+00,3.402744293212890625e+00,2.999999999999999889e-01,3.700000000000000000e+05
4.546383897000826901e-01,9.509999990463256836e+00,3.390171051025390625e+00,2.999999999999999889e-01,0.000000000000000000e+00
4.546624039823092267e-01,9.509999990463256836e+00,3.510242462158203125e+00,2.999999999999999889e-01,3.700000000000000000e+05
4.550124715351293037e-01,9.149999976158142090e+00,3.522815704345703125e+00,2.999999999999999889e-01,0.000000000000000000e+00
4.550364858173558402e-01,9.149999976158142090e+00,3.642887115478515625e+00,2.999999999999999889e-01,3.700000000000000000e+05
4.553865532407983530e-01,9.509999990463256836e+00,3.630317687988281250e+00,2.999999999999999889e-01,0.000000000000000000e+00
4.556753402926581042e-01,9.566214799880981445e+00,2.187477111816406250e+00,2.999999999999999889e-01,3.700000000000000000e+05
4.627387151896525941e-01,1.682999992370605469e+01,1.933818817138671875e+00,2.999999999999999889e-01,0.000000000000000000e+00
4.627627302348186200e-01,1.682999992370605469e+01,2.053894042968750000e+00,2.999999999999999889e-01,3.700000000000000000e+05
4.666718170442392122e-01,1.280999994277954102e+01,2.194274902343750000e+00,2.999999999999999889e-01,0.000000000000000000e+00
4.666958313264657487e-01,1.280999994277954102e+01,2.314346313476562500e+00,2.999999999999999889e-01,3.700000000000000000e+05
4.670458988656873700e-01,1.317000007629394531e+01,2.301776885986328125e+00,2.999999999999999889e-01,0.000000000000000000e+00
4.670699131479139066e-01,1.317000007629394531e+01,2.421848297119140625e+00,2.999999999999999889e-01,3.700000000000000000e+05
4.674199808165130365e-01,1.280999994277954102e+01,2.434421539306640625e+00,2.999999999999999889e-01,0.000000000000000000e+00
4.674439950987395731e-01,1.280999994277954102e+01,2.554492950439453125e+00,2.999999999999999889e-01,3.700000000000000000e+05
4.677940626379611944e-01,1.317000007629394531e+01,2.541923522949218750e+00,2.999999999999999889e-01,0.000000000000000000e+00
4.678180769201877309e-01,1.317000007629394531e+01,2.661994934082031250e+00,2.999999999999999889e-01,3.700000000000000000e+05
4.681681445887868609e-01,1.280999994277954102e+01,2.674568176269531250e+00,2.999999999999999889e-01,0.000000000000000000e+00
4.681921588710133975e-01,1.280999994277954102e+01,2.794639587402343750e+00,2.999999999999999889e-01,3.700000000000000000e+05
4.685422264102350187e-01,1.317000007629394531e+01,2.782070159912109375e+00,2.999999999999999889e-01,0.000000000000000000e+00
4.685662406924615553e-01,1.317000007629394531e+01,2.902141571044921875e+00,2.999999999999999889e-01,3.700000000000000000e+05
4.689163083610606853e-01,1.280999994277954102e+01,2.914714813232421875e+00,2.999999999999999889e-01,0.000000000000000000e+00
4.689403226432872218e-01,1.280999994277954102e+01,3.034786224365234375e+00,2.999999999999999889e-01,3.700000000000000000e+05
4.692903903118863518e-01,1.317000007629394531e+01,3.022212982177734375e+00,2.999999999999999889e-01,0.000000000000000000e+00
4.693144053570523777e-01,1.317000007629394531e+01,3.142288208007812500e+00,2.999999999999999889e-01,3.700000000000000000e+05
4.696644728962739990e-01,1.280999994277954102e+01,3.154857635498046875e+00,2.999999999999999889e-01,0.000000000000000000e+00
4.696884879414400249e-01,1.280999994277954102e+01,3.274932861328125000e+00,2.999999999999999889e-01,3.700000000000000000e+05
4.700385556100391549e-01,1.317000007629394531e+01,3.262359619140625000e+00,2.999999999999999889e-01,0.000000000000000000e+00
4.700625706552051808e-01,1.317000007629394531e+01,3.382434844970703125e+00,2.999999999999999889e-01,3.700000000000000000e+05
4.704126381944268021e-01,1.280999994277954102e+01,3.395004272460937500e+00,2.999999999999999889e-01,0.000000000000000000e+00
4.704366532395928280e-01,1.280999994277954102e+01,3.515079498291015625e+00,2.999999999999999889e-01,3.700000000000000000e+05
4.707867209081919579e-01,1.317000007629394531e+01,3.502506256103515625e+00,2.999999999999999889e-01,0.000000000000000000e+00
4.708107359533579839e-01,1.317000007629394531e+01,3.622581481933593750e+00,2.999999999999999889e-01,3.700000000000000000e+05
4.711608034925796051e-01,1.280999994277954102e+01,3.635150909423828125e+00,2.999999999999999889e-01,0.000000000000000000e+00
4.715653637978214907e-01,1.133999991416931152e+01,2.245609283447265625e+00,2.999999999999999889e-01,3.700000000000000000e+05
4.719154311054848949e-01,1.098000001907348633e+01,2.258178710937500000e+00,2.999999999999999889e-01,0.000000000000000000e+00
4.719394461506509209e-01,1.098000001907348633e+01,2.378253936767578125e+00,2.999999999999999889e-01,3.700000000000000000e+05
4.722895135876919448e-01,1.133999991416931152e+01,2.365680694580078125e+00,2.999999999999999889e-01,0.000000000000000000e+00
4.723135278699184814e-01,1.133999991416931152e+01,2.485752105712890625e+00,2.999999999999999889e-01,3.700000000000000000e+05
4.726635953069595053e-01,1.098000001907348633e+01,2.498325347900390625e+00,2.999999999999999889e-01,0.000000000000000000e+00
4.726876095891860419e-01,1.098000001907348633e+01,2.618396759033203125e+00,2.999999999999999889e-01,3.700000000000000000e+05
4.730376768968494461e-01,1.133999991416931152e+01,2.605827331542968750e+00,2.999999999999999889e-01,0.000000000000000000e+00
4.730616911790759826e-01,1.133999991416931152e+01,2.725898742675781250e+00,2.999999999999999889e-01,3.700000000000000000e+05
4.734117586161170066e-01,1.098000001907348633e+01,2.738471984863281250e+00,2.999999999999999889e-01,0.000000000000000000e+00
4.734357728983435432e-01,1.098000001907348633e+01,2.858543395996093750e+00,2.999999999999999889e-01,3.700000000000000000e+05
4.737858402060069474e-01,1.133999991416931152e+01,2.845973968505859375e+00,2.999999999999999889e-01,0.000000000000000000e+00
4.738098544882334839e-01,1.133999991416931152e+01,2.966045379638671875e+00,2.999999999999999889e-01,3.700000000000000000e+05
4.741599219252745079e-01,1.098000001907348633e+01,2.978618621826171875e+00,2.999999999999999889e-01,0.000000000000000000e+00
4.741839362075010444e-01,1.098000001907348633e+01,3.098690032958984375e+00,2.999999999999999889e-01,3.700000000000000000e+05
4.745340035151644487e-01,1.133999991416931152e+01,3.086120605468750000e+00,2.999999999999999889e-01,0.000000000000000000e+00
4.745580177973909852e-01,1.133999991416931152e+01,3.206192016601562500e+00,2.999999999999999889e-01,3.700000000000000000e+05
4.749080852344320092e-01,1.098000001907348633e+01,3.218765258789062500e+00,2.999999999999999889e-01,0.000000000000000000e+00
4.749320995166585457e-01,1.098000001907348633e+01,3.338836669921875000e+00,2.999999999999999889e-01,3.700000000000000000e+05
4.752821668243219499e-01,1.133999991416931152e+01,3.326267242431640625e+00,2.999999999999999889e-01,0.000000000000000000e+00
4.753061811065484865e-01,1.133999991416931152e+01,3.446338653564453125e+00,2.999999999999999889e-01,3.700000000000000000e+05
4.756562485435895105e-01,1.098000001907348633e+01,3.458911895751953125e+00,2.999999999999999889e-01,0.000000000000000000e+00
4.756802628258160470e-01,1.098000001907348633e+01,3.578983306884765625e+00,2.999999999999999889e-01,3.700000000000000000e+05
4.760303301334794512e-01,1.133999991416931152e+01,3.566413879394531250e+00,2.999999999999999889e-01,0.000000000000000000e+00
4.761974669833293206e-01,1.217070770263671875e+01,3.657478332519531250e+00,2.999999999999999889e-01,3.700000000000000000e+05
4.862528710786895858e-01,1.829999923706054688e+00,4.018581390380859375e+00,2.999999999999999889e-01,0.000000000000000000e+00
4.862768861238556117e-01,1.829999923706054688e+00,4.138656616210937500e+00,2.999999999999999889e-01,3.700000000000000000e+05
4.866269542555709537e-01,2.190000534057617188e+00,4.126083374023437500e+00,2.999999999999999889e-01,0.000000000000000000e+00
4.866509693007369797e-01,2.190000534057617188e+00,4.246158599853515625e+00,2.999999999999999889e-01,3.700000000000000000e+05
4.870010373030749795e-01,1.829999923706054688e+00,4.258728027343750000e+00,2.999999999999999889e-01,0.000000000000000000e+00
4.870250523482410054e-01,1.829999923706054688e+00,4.378803253173828125e+00,2.999999999999999889e-01,3.700000000000000000e+05
4.873751204799563475e-01,2.190000534057617188e+00,4.366230010986328125e+00,2.999999999999999889e-01,0.000000000000000000e+00
4.873991347621828840e-01,2.190000534057617188e+00,4.486301422119140625e+00,2.999999999999999889e-01,3.700000000000000000e+05
4.877492028938982260e-01,1.829999923706054688e+00,4.498874664306640625e+00,2.999999999999999889e-01,0.000000000000000000e+00
4.877732171761247626e-01,1.829999923706054688e+00,4.618946075439453125e+00,2.999999999999999889e-01,3.700000000000000000e+05
4.881232851784627624e-01,2.190000534057617188e+00,4.606376647949218750e+00,2.999999999999999889e-01,0.000000000000000000e+00
4.881472994606892990e-01,2.190000534057617188e+00,4.726448059082031250e+00,2.999999999999999889e-01,3.700000000000000000e+05
4.884973675924046410e-01,1.829999923706054688e+00,4.739021301269531250e+00,2.999999999999999889e-01,0.000000000000000000e+00
4.885213818746311776e-01,1.829999923706054688e+00,4.859092712402343750e+00,2.999999999999999889e-01,3.700000000000000000e+05
4.888714498769691774e-01,2.190000534057617188e+00,4.846523284912109375e+00,2.999999999999999889e-01,0.000000000000000000e+00
4.888954641591957140e-01,2.190000534057617188e+00,4.966594696044921875e+00,2.999999999999999889e-01,3.700000000000000000e+05
4.892455322909110560e-01,1.829999923706054688e+00,4.979167938232421875e+00,2.999999999999999889e-01,0.000000000000000000e+00
4.892695465731375926e-01,1.829999923706054688e+00,5.099239349365234375e+00,2.999999999999999889e-01,3.700000000000000000e+05
4.896196145754755924e-01,2.190000534057617188e+00,5.086669921875000000e+00,2.999999999999999889e-01,0.000000000000000000e+00
4.896436288577021290e-01,2.190000534057617188e+00,5.206741333007812500e+00,2.999999999999999889e-01,3.700000000000000000e+05
4.899936969894174710e-01,1.829999923706054688e+00,5.219314575195312500e+00,2.999999999999999889e-01,0.000000000000000000e+00
4.900177112716440075e-01,1.829999923706054688e+00,5.339385986328125000e+00,2.999999999999999889e-01,3.700000000000000000e+05
4.903677792739820074e-01,2.190000534057617188e+00,5.326816558837890625e+00,2.999999999999999889e-01,0.000000000000000000e+00
4.903917935562085439e-01,2.190000534057617188e+00,5.446887969970703125e+00,2.999999999999999889e-01,3.700000000000000000e+05
4.907418616879238860e-01,1.829999923706054688e+00,5.459461212158203125e+00,2.999999999999999889e-01,0.000000000000000000e+00
4.933830273366301977e-01,1.463999986648559570e+01,2.250442504882812500e+00,2.999999999999999889e-01,3.700000000000000000e+05
4.937330950052293277e-01,1.500000000000000000e+01,2.237869262695312500e+00,2.999999999999999889e-01,0.000000000000000000e+00
4.937571100503953536e-01,1.500000000000000000e+01,2.357944488525390625e+00,2.999999999999999889e-01,3.700000000000000000e+05
4.941071775896169749e-01,1.463999986648559570e+01,2.370513916015625000e+00,2.999999999999999889e-01,0.000000000000000000e+00
4.941311926347830008e-01,1.463999986648559570e+01,2.490589141845703125e+00,2.999999999999999889e-01,3.700000000000000000e+05
4.944812603033821308e-01,1.500000000000000000e+01,2.478015899658203125e+00,2.999999999999999889e-01,0.000000000000000000e+00
4.945052753485481567e-01,1.500000000000000000e+01,2.598091125488281250e+00,2.999999999999999889e-01,3.700000000000000000e+05
4.948553428877697780e-01,1.463999986648559570e+01,2.610660552978515625e+00,2.999999999999999889e-01,0.000000000000000000e+00
4.948793579329358039e-01,1.463999986648559570e+01,2.730735778808593750e+00,2.999999999999999889e-01,3.700000000000000000e+05
4.952294256015349339e-01,1.500000000000000000e+01,2.718162536621093750e+00,2.999999999999999889e-01,0.000000000000000000e+00
4.952534406467009598e-01,1.500000000000000000e+01,2.838237762451171875e+00,2.999999999999999889e-01,3.700000000000000000e+05
4.956035081859225810e-01,1.463999986648559570e+01,2.850807189941406250e+00,2.999999999999999889e-01,0.000000000000000000e+00
4.956275232310886070e-01,1.463999986648559570e+01,2.970882415771484375e+00,2.999999999999999889e-01,3.700000000000000000e+05
4.959775908996877369e-01,1.500000000000000000e+01,2.958309173583984375e+00,2.999999999999999889e-01,0.000000000000000000e+00
4.960016059448537629e-01,1.500000000000000000e+01,3.078384399414062500e+00,2.999999999999999889e-01,3.700000000000000000e+05
4.963516734840753841e-01,1.463999986648559570e+01,3.090953826904296875e+00,2.999999999999999889e-01,0.000000000000000000e+00
4.963756885292414101e-01,1.463999986648559570e+01,3.211029052734375000e+00,2.999999999999999889e-01,3.700000000000000000e+05
4.967257561978405400e-01,1.500000000000000000e+01,3.198455810546875000e+00,2.999999999999999889e-01,0.000000000000000000e+00
4.967497712430065659e-01,1.500000000000000000e+01,3.318531036376953125e+00,2.999999999999999889e-01,3.700000000000000000e+05
4.970998387822281872e-01,1.463999986648559570e+01,3.331100463867187500e+00,2.999999999999999889e-01,0.000000000000000000e+00
4.971238530644547238e-01,1.463999986648559570e+01,3.451171875000000000e+00,2.999999999999999889e-01,3.700000000000000000e+05
4.974739206036763450e-01,1.500000000000000000e+01,3.438602447509765625e+00,2.999999999999999889e-01,0.000000000000000000e+00
4.974979348859028816e-01,1.500000000000000000e+01,3.558673858642578125e+00,2.999999999999999889e-01,3.700000000000000000e+05
4.978480025545020116e-01,1.463999986648559570e+01,3.571247100830078125e+00,2.999999999999999889e-01,0.000000000000000000e+00
4.997181128367412795e-01,5.300101995468139648e+00,4.017475128173828125e+00,2.999999999999999889e-01,3.700000000000000000e+05
5.097427333519932713e-01,1.560915279388427734e+01,3.657478332519531250e+00,2.999999999999999889e-01,0.000000000000000000e+00
5.113305500398612757e-01,7.679999962449073792e+00,4.054443359375000000e+00,2.999999999999999889e-01,3.700000000000000000e+05
5.116806175790828970e-01,7.319999828934669495e+00,4.067012786865234375e+00,2.999999999999999889e-01,0.000000000000000000e+00
5.117046326242489229e-01,7.319999828934669495e+00,4.187088012695312500e+00,2.999999999999999889e-01,3.700000000000000000e+05
5.120547002928480529e-01,7.679999962449073792e+00,4.174514770507812500e+00,2.999999999999999889e-01,0.000000000000000000e+00
5.120787153380140788e-01,7.679999962449073792e+00,4.294589996337890625e+00,2.999999999999999889e-01,3.700000000000000000e+05
5.124287828772357001e-01,7.319999828934669495e+00,4.307159423828125000e+00,2.999999999999999889e-01,0.000000000000000000e+00
5.124527979224017260e-01,7.319999828934669495e+00,4.427234649658203125e+00,2.999999999999999889e-01,3.700000000000000000e+05
5.128028655910008560e-01,7.679999962449073792e+00,4.414661407470703125e+00,2.999999999999999889e-01,0.000000000000000000e+00
5.128268798732273925e-01,7.679999962449073792e+00,4.534732818603515625e+00,2.999999999999999889e-01,3.700000000000000000e+05
5.131769475418265225e-01,7.319999828934669495e+00,4.547306060791015625e+00,2.999999999999999889e-01,0.000000000000000000e+00
5.132009618240530591e-01,7.319999828934669495e+00,4.667377471923828125e+00,2.999999999999999889e-01,3.700000000000000000e+05
5.135510293632746803e-01,7.679999962449073792e+00,4.654808044433593750e+00,2.999999999999999889e-01,0.000000000000000000e+00
5.135750436455012169e-01,7.679999962449073792e+00,4.774879455566406250e+00,2.999999999999999889e-01,3.700000000000000000e+05
5.139251113141003469e-01,7.319999828934669495e+00,4.787452697753906250e+00,2.999999999999999889e-01,0.000000000000000000e+00
5.139491255963268834e-01,7.319999828934669495e+00,4.907524108886718750e+00,2.999999999999999889e-01,3.700000000000000000e+05
5.142991931355485047e-01,7.679999962449073792e+00,4.894954681396484375e+00,2.999999999999999889e-01,0.000000000000000000e+00
5.143232074177750413e-01,7.679999962449073792e+00,5.015026092529296875e+00,2.999999999999999889e-01,3.700000000000000000e+05
5.146732750863741712e-01,7.319999828934669495e+00,5.027599334716796875e+00,2.999999999999999889e-01,0.000000000000000000e+00
5.146972893686007078e-01,7.319999828934669495e+00,5.147670745849609375e+00,2.999999999999999889e-01,3.700000000000000000e+05
5.150473569078223290e-01,7.679999962449073792e+00,5.135101318359375000e+00,2.999999999999999889e-01,0.000000000000000000e+00
5.150713711900488656e-01,7.679999962449073792e+00,5.255172729492187500e+00,2.999999999999999889e-01,3.700000000000000000e+05
5.154214388586479956e-01,7.319999828934669495e+00,5.267745971679687500e+00,2.999999999999999889e-01,0.000000000000000000e+00
5.154454531408745321e-01,7.319999828934669495e+00,5.387817382812500000e+00,2.999999999999999889e-01,3.700000000000000000e+05
5.157955206800961534e-01,7.679999962449073792e+00,5.375247955322265625e+00,2.999999999999999889e-01,0.000000000000000000e+00
5.176605020565436810e-01,1.644310474395751953e+01,2.187477111816406250e+00,2.999999999999999889e-01,3.700000000000000000e+05
5.180367227015520992e-01,1.682999992370605469e+01,2.173965454101562500e+00,2.999999999999999889e-01,0.000000000000000000e+00
5.180607377467181252e-01,1.682999992370605469e+01,2.294040679931640625e+00,2.999999999999999889e-01,3.700000000000000000e+05
5.184108048228233123e-01,1.647000026702880859e+01,2.306610107421875000e+00,2.999999999999999889e-01,0.000000000000000000e+00
5.184348198679893382e-01,1.647000026702880859e+01,2.426685333251953125e+00,2.999999999999999889e-01,3.700000000000000000e+05
5.187848870734722562e-01,1.682999992370605469e+01,2.414112091064453125e+00,2.999999999999999889e-01,0.000000000000000000e+00
5.188089013556987927e-01,1.682999992370605469e+01,2.534183502197265625e+00,2.999999999999999889e-01,3.700000000000000000e+05
5.191589685611817107e-01,1.647000026702880859e+01,2.546756744384765625e+00,2.999999999999999889e-01,0.000000000000000000e+00
5.191829828434082472e-01,1.647000026702880859e+01,2.666828155517578125e+00,2.999999999999999889e-01,3.700000000000000000e+05
5.195330499195134344e-01,1.682999992370605469e+01,2.654258728027343750e+00,2.999999999999999889e-01,0.000000000000000000e+00
5.195570642017399710e-01,1.682999992370605469e+01,2.774330139160156250e+00,2.999999999999999889e-01,3.700000000000000000e+05
5.199071314072228889e-01,1.647000026702880859e+01,2.786903381347656250e+00,2.999999999999999889e-01,0.000000000000000000e+00
5.199311456894494254e-01,1.647000026702880859e+01,2.906974792480468750e+00,2.999999999999999889e-01,3.700000000000000000e+05
5.202812127655546126e-01,1.682999992370605469e+01,2.894405364990234375e+00,2.999999999999999889e-01,0.000000000000000000e+00
5.203052270477811492e-01,1.682999992370605469e+01,3.014476776123046875e+00,2.999999999999999889e-01,3.700000000000000000e+05
5.206552942532640671e-01,1.647000026702880859e+01,3.027050018310546875e+00,2.999999999999999889e-01,0.000000000000000000e+00
5.206793085354906037e-01,1.647000026702880859e+01,3.147121429443359375e+00,2.999999999999999889e-01,3.700000000000000000e+05
5.210293756115957908e-01,1.682999992370605469e+01,3.134552001953125000e+00,2.999999999999999889e-01,0.000000000000000000e+00
5.210533898938223274e-01,1.682999992370605469e+01,3.254623413085937500e+00,2.999999999999999889e-01,3.700000000000000000e+05
5.214034570993052453e-01,1.647000026702880859e+01,3.267196655273437500e+00,2.999999999999999889e-01,0.000000000000000000e+00
5.214274713815317819e-01,1.647000026702880859e+01,3.387268066406250000e+00,2.999999999999999889e-01,3.700000000000000000e+05
5.217775384576369690e-01,1.682999992370605469e+01,3.374698638916015625e+00,2.999999999999999889e-01,0.000000000000000000e+00
5.218015527398635056e-01,1.682999992370605469e+01,3.494770050048828125e+00,2.999999999999999889e-01,3.700000000000000000e+05
5.221516199453464235e-01,1.647000026702880859e+01,3.507343292236328125e+00,2.999999999999999889e-01,0.000000000000000000e+00
5.221756342275729601e-01,1.647000026702880859e+01,3.627414703369140625e+00,2.999999999999999889e-01,3.700000000000000000e+05
5.225257013036781473e-01,1.682999992370605469e+01,3.614845275878906250e+00,2.999999999999999889e-01,0.000000000000000000e+00
5.225497155859046838e-01,1.682999992370605469e+01,3.734916687011718750e+00,2.999999999999999889e-01,3.700000000000000000e+05
5.304179230549181945e-01,8.738546490669250488e+00,4.017475128173828125e+00,2.999999999999999889e-01,0.000000000000000000e+00
5.305028859590061874e-01,9.149999737739562988e+00,4.123180389404296875e+00,2.999999999999999889e-01,3.700000000000000000e+05
5.308529536140068616e-01,9.509999990463256836e+00,4.110610961914062500e+00,2.999999999999999889e-01,0.000000000000000000e+00
5.308769678962333982e-01,9.509999990463256836e+00,4.230682373046875000e+00,2.999999999999999889e-01,3.700000000000000000e+05
5.312270356806115812e-01,9.149999737739562988e+00,4.243255615234375000e+00,2.999999999999999889e-01,0.000000000000000000e+00
5.312510499628381178e-01,9.149999737739562988e+00,4.363327026367187500e+00,2.999999999999999889e-01,3.700000000000000000e+05
5.316011176178387920e-01,9.509999990463256836e+00,4.350757598876953125e+00,2.999999999999999889e-01,0.000000000000000000e+00
5.316251319000653286e-01,9.509999990463256836e+00,4.470829010009765625e+00,2.999999999999999889e-01,3.700000000000000000e+05
5.319751996844435116e-01,9.149999737739562988e+00,4.483402252197265625e+00,2.999999999999999889e-01,0.000000000000000000e+00
5.319992139666700481e-01,9.149999737739562988e+00,4.603473663330078125e+00,2.999999999999999889e-01,3.700000000000000000e+05
5.323492816216707224e-01,9.509999990463256836e+00,4.590904235839843750e+00,2.999999999999999889e-01,0.000000000000000000e+00
5.323732959038972590e-01,9.509999990463256836e+00,4.710975646972656250e+00,2.999999999999999889e-01,3.700000000000000000e+05
5.327233636882754420e-01,9.149999737739562988e+00,4.723548889160156250e+00,2.999999999999999889e-01,0.000000000000000000e+00
5.327473779705019785e-01,9.149999737739562988e+00,4.843620300292968750e+00,2.999999999999999889e-01,3.700000000000000000e+05
5.330974457548801615e-01,9.509999990463256836e+00,4.831047058105468750e+00,2.999999999999999889e-01,0.000000000000000000e+00
5.331214608000461874e-01,9.509999990463256836e+00,4.951122283935546875e+00,2.999999999999999889e-01,3.700000000000000000e+05
5.334715284550468617e-01,9.149999737739562988e+00,4.963691711425781250e+00,2.999999999999999889e-01,0.000000000000000000e+00
5.334955435002128876e-01,9.149999737739562988e+00,5.083766937255859375e+00,2.999999999999999889e-01,3.700000000000000000e+05
5.338456112845910706e-01,9.509999990463256836e+00,5.071193695068359375e+00,2.999999999999999889e-01,0.000000000000000000e+00
5.338696263297570965e-01,9.509999990463256836e+00,5.191268920898437500e+00,2.999999999999999889e-01,3.700000000000000000e+05
5.342196939847577708e-01,9.149999737739562988e+00,5.203838348388671875e+00,2.999999999999999889e-01,0.000000000000000000e+00
5.342437090299237967e-01,9.149999737739562988e+00,5.323913574218750000e+00,2.999999999999999889e-01,3.700000000000000000e+05
5.345937768143019797e-01,9.509999990463256836e+00,5.311340332031250000e+00,2.999999999999999889e-01,0.000000000000000000e+00
5.346177918594680056e-01,9.509999990463256836e+00,5.431415557861328125e+00,2.999999999999999889e-01,3.700000000000000000e+05
5.349678595144686799e-01,9.149999737739562988e+00,5.443984985351562500e+00,2.999999999999999889e-01,0.000000000000000000e+00
5.371079616941830670e-01,-1.470000267028808594e+00,4.133819580078125000e+00,2.999999999999999889e-01,3.700000000000000000e+05
5.374580288996659849e-01,-1.829999923706054688e+00,4.146392822265625000e+00,2.999999999999999889e-01,0.000000000000000000e+00
5.374820431818925215e-01,-1.829999923706054688e+00,4.266464233398437500e+00,2.999999999999999889e-01,3.700000000000000000e+05
5.378321102579977087e-01,-1.470000267028808594e+00,4.253894805908203125e+00,2.999999999999999889e-01,0.000000000000000000e+00
5.378561245402242452e-01,-1.470000267028808594e+00,4.373966217041015625e+00,2.999999999999999889e-01,3.700000000000000000e+05
5.382061917457071631e-01,-1.829999923706054688e+00,4.386539459228515625e+00,2.999999999999999889e-01,0.000000000000000000e+00
5.382302060279336997e-01,-1.829999923706054688e+00,4.506610870361328125e+00,2.999999999999999889e-01,3.700000000000000000e+05
5.385802731040388869e-01,-1.470000267028808594e+00,4.494041442871093750e+00,2.999999999999999889e-01,0.000000000000000000e+00
5.386042873862654234e-01,-1.470000267028808594e+00,4.614112854003906250e+00,2.999999999999999889e-01,3.700000000000000000e+05
5.389543545917483414e-01,-1.829999923706054688e+00,4.626686096191406250e+00,2.999999999999999889e-01,0.000000000000000000e+00
5.389783688739748779e-01,-1.829999923706054688e+00,4.746757507324218750e+00,2.999999999999999889e-01,3.700000000000000000e+05
5.393284359500800651e-01,-1.470000267028808594e+00,4.734188079833984375e+00,2.999999999999999889e-01,0.000000000000000000e+00
5.393524502323066017e-01,-1.470000267028808594e+00,4.854259490966796875e+00,2.999999999999999889e-01,3.700000000000000000e+05
5.397025174377895196e-01,-1.829999923706054688e+00,4.866832733154296875e+00,2.999999999999999889e-01,0.000000000000000000e+00
5.397265317200160561e-01,-1.829999923706054688e+00,4.986904144287109375e+00,2.999999999999999889e-01,3.700000000000000000e+05
5.400765989254989741e-01,-1.470000267028808594e+00,4.974330902099609375e+00,2.999999999999999889e-01,0.000000000000000000e+00
5.401006139706650000e-01,-1.470000267028808594e+00,5.094406127929687500e+00,2.999999999999999889e-01,3.700000000000000000e+05
5.404506810467701872e-01,-1.829999923706054688e+00,5.106975555419921875e+00,2.999999999999999889e-01,0.000000000000000000e+00
5.404746960919362131e-01,-1.829999923706054688e+00,5.227050781250000000e+00,2.999999999999999889e-01,3.700000000000000000e+05
5.408247632974191310e-01,-1.470000267028808594e+00,5.214477539062500000e+00,2.999999999999999889e-01,0.000000000000000000e+00
5.408487783425851569e-01,-1.470000267028808594e+00,5.334552764892578125e+00,2.999999999999999889e-01,3.700000000000000000e+05
5.411988454186903441e-01,-1.829999923706054688e+00,5.347122192382812500e+00,2.999999999999999889e-01,0.000000000000000000e+00
5.412228604638563700e-01,-1.829999923706054688e+00,5.467197418212890625e+00,2.999999999999999889e-01,3.700000000000000000e+05
5.415729276693392880e-01,-1.470000267028808594e+00,5.454624176025390625e+00,2.999999999999999889e-01,0.000000000000000000e+00
5.426353957232833425e-01,3.660000085830688477e+00,4.074748992919921875e+00,2.999999999999999889e-01,3.700000000000000000e+05
5.429854630309467467e-01,4.019999980926513672e+00,4.062179565429687500e+00,2.999999999999999889e-01,0.000000000000000000e+00
5.430094773131732833e-01,4.019999980926513672e+00,4.182250976562500000e+00,2.999999999999999889e-01,3.700000000000000000e+05
5.433595447502143072e-01,3.660000085830688477e+00,4.194824218750000000e+00,2.999999999999999889e-01,0.000000000000000000e+00
5.433835590324408438e-01,3.660000085830688477e+00,4.314895629882812500e+00,2.999999999999999889e-01,3.700000000000000000e+05
5.437336263401042480e-01,4.019999980926513672e+00,4.302326202392578125e+00,2.999999999999999889e-01,0.000000000000000000e+00
5.437576406223307846e-01,4.019999980926513672e+00,4.422397613525390625e+00,2.999999999999999889e-01,3.700000000000000000e+05
5.441077080593718085e-01,3.660000085830688477e+00,4.434970855712890625e+00,2.999999999999999889e-01,0.000000000000000000e+00
5.441317223415983451e-01,3.660000085830688477e+00,4.555042266845703125e+00,2.999999999999999889e-01,3.700000000000000000e+05
5.444817896492617493e-01,4.019999980926513672e+00,4.542472839355468750e+00,2.999999999999999889e-01,0.000000000000000000e+00
5.445058039314882858e-01,4.019999980926513672e+00,4.662544250488281250e+00,2.999999999999999889e-01,3.700000000000000000e+05
5.448558713685293098e-01,3.660000085830688477e+00,4.675117492675781250e+00,2.999999999999999889e-01,0.000000000000000000e+00
5.448798856507558463e-01,3.660000085830688477e+00,4.795188903808593750e+00,2.999999999999999889e-01,3.700000000000000000e+05
5.452299530877968703e-01,4.019999980926513672e+00,4.782615661621093750e+00,2.999999999999999889e-01,0.000000000000000000e+00
5.452539681329628962e-01,4.019999980926513672e+00,4.902690887451171875e+00,2.999999999999999889e-01,3.700000000000000000e+05
5.456040354406263004e-01,3.660000085830688477e+00,4.915260314941406250e+00,2.999999999999999889e-01,0.000000000000000000e+00
5.456280504857923264e-01,3.660000085830688477e+00,5.035335540771484375e+00,2.999999999999999889e-01,3.700000000000000000e+05
5.459781179228333503e-01,4.019999980926513672e+00,5.022762298583984375e+00,2.999999999999999889e-01,0.000000000000000000e+00
5.460021329679993762e-01,4.019999980926513672e+00,5.142837524414062500e+00,2.999999999999999889e-01,3.700000000000000000e+05
5.463522002756627804e-01,3.660000085830688477e+00,5.155406951904296875e+00,2.999999999999999889e-01,0.000000000000000000e+00
5.463762153208288064e-01,3.660000085830688477e+00,5.275482177734375000e+00,2.999999999999999889e-01,3.700000000000000000e+05
5.467262827578698303e-01,4.019999980926513672e+00,5.262908935546875000e+00,2.999999999999999889e-01,0.000000000000000000e+00
5.467502978030358562e-01,4.019999980926513672e+00,5.382984161376953125e+00,2.999999999999999889e-01,3.700000000000000000e+05
5.471003651106992605e-01,3.660000085830688477e+00,5.395553588867187500e+00,2.999999999999999889e-01,0.000000000000000000e+00
5.476074097229405302e-01,5.850000023841857910e+00,4.118347167968750000e+00,2.999999999999999889e-01,3.700000000000000000e+05
5.479574771463830984e-01,5.490000009536743164e+00,4.130916595458984375e+00,2.999999999999999889e-01,0.000000000000000000e+00
5.479814921915491244e-01,5.490000009536743164e+00,4.250991821289062500e+00,2.999999999999999889e-01,3.700000000000000000e+05
5.483315597443692013e-01,5.850000023841857910e+00,4.238418579101562500e+00,2.999999999999999889e-01,0.000000000000000000e+00
5.483555747895352273e-01,5.850000023841857910e+00,4.358493804931640625e+00,2.999999999999999889e-01,3.700000000000000000e+05
5.487056422129777955e-01,5.490000009536743164e+00,4.371063232421875000e+00,2.999999999999999889e-01,0.000000000000000000e+00
5.487296572581438214e-01,5.490000009536743164e+00,4.491138458251953125e+00,2.999999999999999889e-01,3.700000000000000000e+05
5.490797248109638984e-01,5.850000023841857910e+00,4.478565216064453125e+00,2.999999999999999889e-01,0.000000000000000000e+00
5.491037398561299243e-01,5.850000023841857910e+00,4.598640441894531250e+00,2.999999999999999889e-01,3.700000000000000000e+05
5.494538072795724926e-01,5.490000009536743164e+00,4.611209869384765625e+00,2.999999999999999889e-01,0.000000000000000000e+00
5.494778223247385185e-01,5.490000009536743164e+00,4.731285095214843750e+00,2.999999999999999889e-01,3.700000000000000000e+05
5.498278898775585954e-01,5.850000023841857910e+00,4.718711853027343750e+00,2.999999999999999889e-01,0.000000000000000000e+00
5.498519049227246214e-01,5.850000023841857910e+00,4.838787078857421875e+00,2.999999999999999889e-01,3.700000000000000000e+05
5.502019723461671896e-01,5.490000009536743164e+00,4.851356506347656250e+00,2.999999999999999889e-01,0.000000000000000000e+00
5.502259873913332155e-01,5.490000009536743164e+00,4.971431732177734375e+00,2.999999999999999889e-01,3.700000000000000000e+05
5.505760549441532925e-01,5.850000023841857910e+00,4.958858489990234375e+00,2.999999999999999889e-01,0.000000000000000000e+00
5.506000699893193184e-01,5.850000023841857910e+00,5.078933715820312500e+00,2.999999999999999889e-01,3.700000000000000000e+05
5.509501374127618867e-01,5.490000009536743164e+00,5.091503143310546875e+00,2.999999999999999889e-01,0.000000000000000000e+00
5.509741524579279126e-01,5.490000009536743164e+00,5.211578369140625000e+00,2.999999999999999889e-01,3.700000000000000000e+05
5.513242200107479896e-01,5.850000023841857910e+00,5.199005126953125000e+00,2.999999999999999889e-01,0.000000000000000000e+00
5.513482342929745261e-01,5.850000023841857910e+00,5.319076538085937500e+00,2.999999999999999889e-01,3.700000000000000000e+05
5.516983018457946031e-01,5.490000009536743164e+00,5.331649780273437500e+00,2.999999999999999889e-01,0.000000000000000000e+00
5.517223161280211396e-01,5.490000009536743164e+00,5.451721191406250000e+00,2.999999999999999889e-01,3.700000000000000000e+05
5.520723835514637079e-01,5.850000023841857910e+00,5.439151763916015625e+00,2.999999999999999889e-01,0.000000000000000000e+00
5.531348515363371243e-01,1.098000001907348633e+01,4.059276580810546875e+00,2.999999999999999889e-01,3.700000000000000000e+05
5.534849189733781483e-01,1.133999991416931152e+01,4.046703338623046875e+00,2.999999999999999889e-01,0.000000000000000000e+00
5.535089340185441742e-01,1.133999991416931152e+01,4.166778564453125000e+00,2.999999999999999889e-01,3.700000000000000000e+05
5.538590013262075784e-01,1.098000001907348633e+01,4.179347991943359375e+00,2.999999999999999889e-01,0.000000000000000000e+00
5.538830163713736043e-01,1.098000001907348633e+01,4.299423217773437500e+00,2.999999999999999889e-01,3.700000000000000000e+05
5.542330838084146283e-01,1.133999991416931152e+01,4.286849975585937500e+00,2.999999999999999889e-01,0.000000000000000000e+00
5.542570988535806542e-01,1.133999991416931152e+01,4.406925201416015625e+00,2.999999999999999889e-01,3.700000000000000000e+05
5.546071661612440584e-01,1.098000001907348633e+01,4.419494628906250000e+00,2.999999999999999889e-01,0.000000000000000000e+00
5.546311812064100844e-01,1.098000001907348633e+01,4.539569854736328125e+00,2.999999999999999889e-01,3.700000000000000000e+05
5.549812486434511083e-01,1.133999991416931152e+01,4.526996612548828125e+00,2.999999999999999889e-01,0.000000000000000000e+00
5.550052636886171342e-01,1.133999991416931152e+01,4.647071838378906250e+00,2.999999999999999889e-01,3.700000000000000000e+05
5.553553309962805384e-01,1.098000001907348633e+01,4.659641265869140625e+00,2.999999999999999889e-01,0.000000000000000000e+00
5.553793460414465644e-01,1.098000001907348633e+01,4.779716491699218750e+00,2.999999999999999889e-01,3.700000000000000000e+05
5.557294134784875883e-01,1.133999991416931152e+01,4.767143249511718750e+00,2.999999999999999889e-01,0.000000000000000000e+00
5.557534285236536142e-01,1.133999991416931152e+01,4.887218475341796875e+00,2.999999999999999889e-01,3.700000000000000000e+05
5.561034958313170184e-01,1.098000001907348633e+01,4.899787902832031250e+00,2.999999999999999889e-01,0.000000000000000000e+00
5.561275108764830444e-01,1.098000001907348633e+01,5.019863128662109375e+00,2.999999999999999889e-01,3.700000000000000000e+05
5.564775783135240683e-01,1.133999991416931152e+01,5.007289886474609375e+00,2.999999999999999889e-01,0.000000000000000000e+00
5.565015933586900942e-01,1.133999991416931152e+01,5.127365112304687500e+00,2.999999999999999889e-01,3.700000000000000000e+05
5.568516606663534985e-01,1.098000001907348633e+01,5.139934539794921875e+00,2.999999999999999889e-01,0.000000000000000000e+00
5.568756749485800350e-01,1.098000001907348633e+01,5.260005950927734375e+00,2.999999999999999889e-01,3.700000000000000000e+05
5.572257422562434392e-01,1.133999991416931152e+01,5.247436523437500000e+00,2.999999999999999889e-01,0.000000000000000000e+00
5.572497565384699758e-01,1.133999991416931152e+01,5.367507934570312500e+00,2.999999999999999889e-01,3.700000000000000000e+05
5.575998239755109998e-01,1.098000001907348633e+01,5.380081176757812500e+00,2.999999999999999889e-01,0.000000000000000000e+00
5.579625626560936746e-01,1.217699146270751953e+01,4.017475128173828125e+00,2.999999999999999889e-01,3.700000000000000000e+05
5.624871930638030149e-01,1.682999992370605469e+01,3.854988098144531250e+00,2.999999999999999889e-01,0.000000000000000000e+00
5.625112081089690408e-01,1.682999992370605469e+01,3.975063323974609375e+00,2.999999999999999889e-01,3.700000000000000000e+05
5.636922612102173158e-01,1.561543655395507812e+01,4.017475128173828125e+00,2.999999999999999889e-01,0.000000000000000000e+00
5.638641240749394656e-01,1.647000026702880859e+01,4.107707977294921875e+00,2.999999999999999889e-01,3.700000000000000000e+05
5.642141912804223836e-01,1.682999992370605469e+01,4.095134735107421875e+00,2.999999999999999889e-01,0.000000000000000000e+00
5.642382063255884095e-01,1.682999992370605469e+01,4.215209960937500000e+00,2.999999999999999889e-01,3.700000000000000000e+05
5.645882734016935967e-01,1.647000026702880859e+01,4.227779388427734375e+00,2.999999999999999889e-01,0.000000000000000000e+00
5.646122884468596226e-01,1.647000026702880859e+01,4.347854614257812500e+00,2.999999999999999889e-01,3.700000000000000000e+05
5.649623556523425405e-01,1.682999992370605469e+01,4.335281372070312500e+00,2.999999999999999889e-01,0.000000000000000000e+00
5.649863706975085664e-01,1.682999992370605469e+01,4.455356597900390625e+00,2.999999999999999889e-01,3.700000000000000000e+05
5.653364377736137536e-01,1.647000026702880859e+01,4.467926025390625000e+00,2.999999999999999889e-01,0.000000000000000000e+00
5.653604528187797795e-01,1.647000026702880859e+01,4.588001251220703125e+00,2.999999999999999889e-01,3.700000000000000000e+05
5.657105200242626974e-01,1.682999992370605469e+01,4.575428009033203125e+00,2.999999999999999889e-01,0.000000000000000000e+00
5.657345350694287234e-01,1.682999992370605469e+01,4.695503234863281250e+00,2.999999999999999889e-01,3.700000000000000000e+05
5.660846021455339105e-01,1.647000026702880859e+01,4.708072662353515625e+00,2.999999999999999889e-01,0.000000000000000000e+00
5.661086171906999365e-01,1.647000026702880859e+01,4.828147888183593750e+00,2.999999999999999889e-01,3.700000000000000000e+05
5.664586843961828544e-01,1.682999992370605469e+01,4.815574645996093750e+00,2.999999999999999889e-01,0.000000000000000000e+00
5.664826994413488803e-01,1.682999992370605469e+01,4.935649871826171875e+00,2.999999999999999889e-01,3.700000000000000000e+05
5.668327665174540675e-01,1.647000026702880859e+01,4.948219299316406250e+00,2.999999999999999889e-01,0.000000000000000000e+00
5.668567815626200934e-01,1.647000026702880859e+01,5.068294525146484375e+00,2.999999999999999889e-01,3.700000000000000000e+05
5.672068487681030113e-01,1.682999992370605469e+01,5.055721282958984375e+00,2.999999999999999889e-01,0.000000000000000000e+00
5.672308630503295479e-01,1.682999992370605469e+01,5.175792694091796875e+00,2.999999999999999889e-01,3.700000000000000000e+05
5.675809302558124658e-01,1.647000026702880859e+01,5.188365936279296875e+00,2.999999999999999889e-01,0.000000000000000000e+00
5.676049445380390024e-01,1.647000026702880859e+01,5.308437347412109375e+00,2.999999999999999889e-01,3.700000000000000000e+05
5.679550116141441896e-01,1.682999992370605469e+01,5.295867919921875000e+00,2.999999999999999889e-01,0.000000000000000000e+00
5.679790258963707261e-01,1.682999992370605469e+01,5.415939331054687500e+00,2.999999999999999889e-01,3.700000000000000000e+05
5.683290931018536440e-01,1.647000026702880859e+01,5.428512573242187500e+00,2.999999999999999889e-01,0.000000000000000000e+00
5.687336539658414125e-01,1.500000000000000000e+01,4.038967132568359375e+00,2.999999999999999889e-01,3.700000000000000000e+05
5.690837216344405425e-01,1.463999986648559570e+01,4.051540374755859375e+00,2.999999999999999889e-01,0.000000000000000000e+00
5.691077359166670790e-01,1.463999986648559570e+01,4.171611785888671875e+00,2.999999999999999889e-01,3.700000000000000000e+05
5.694578034558887003e-01,1.500000000000000000e+01,4.159042358398437500e+00,2.999999999999999889e-01,0.000000000000000000e+00
5.694818177381152369e-01,1.500000000000000000e+01,4.279113769531250000e+00,2.999999999999999889e-01,3.700000000000000000e+05
5.698318854067143668e-01,1.463999986648559570e+01,4.291687011718750000e+00,2.999999999999999889e-01,0.000000000000000000e+00
5.698558996889409034e-01,1.463999986648559570e+01,4.411758422851562500e+00,2.999999999999999889e-01,3.700000000000000000e+05
5.702059672281625247e-01,1.500000000000000000e+01,4.399188995361328125e+00,2.999999999999999889e-01,0.000000000000000000e+00
5.702299815103890612e-01,1.500000000000000000e+01,4.519260406494140625e+00,2.999999999999999889e-01,3.700000000000000000e+05
5.705800491789881912e-01,1.463999986648559570e+01,4.531833648681640625e+00,2.999999999999999889e-01,0.000000000000000000e+00
5.706040634612147278e-01,1.463999986648559570e+01,4.651905059814453125e+00,2.999999999999999889e-01,3.700000000000000000e+05
5.709541311298138577e-01,1.500000000000000000e+01,4.639331817626953125e+00,2.999999999999999889e-01,0.000000000000000000e+00
5.709781461749798837e-01,1.500000000000000000e+01,4.759407043457031250e+00,2.999999999999999889e-01,3.700000000000000000e+05
5.713282137142015049e-01,1.463999986648559570e+01,4.771976470947265625e+00,2.999999999999999889e-01,0.000000000000000000e+00
5.713522287593675308e-01,1.463999986648559570e+01,4.892051696777343750e+00,2.999999999999999889e-01,3.700000000000000000e+05
5.717022964279666608e-01,1.500000000000000000e+01,4.879478454589843750e+00,2.999999999999999889e-01,0.000000000000000000e+00
5.717263114731326867e-01,1.500000000000000000e+01,4.999553680419921875e+00,2.999999999999999889e-01,3.700000000000000000e+05
5.720763790123543080e-01,1.463999986648559570e+01,5.012123107910156250e+00,2.999999999999999889e-01,0.000000000000000000e+00
5.721003940575203339e-01,1.463999986648559570e+01,5.132198333740234375e+00,2.999999999999999889e-01,3.700000000000000000e+05
5.724504617261194639e-01,1.500000000000000000e+01,5.119625091552734375e+00,2.999999999999999889e-01,0.000000000000000000e+00
5.724744767712854898e-01,1.500000000000000000e+01,5.239700317382812500e+00,2.999999999999999889e-01,3.700000000000000000e+05
5.728245443105071111e-01,1.463999986648559570e+01,5.252269744873046875e+00,2.999999999999999889e-01,0.000000000000000000e+00
5.728485593556731370e-01,1.463999986648559570e+01,5.372344970703125000e+00,2.999999999999999889e-01,3.700000000000000000e+05
5.731986270242722670e-01,1.500000000000000000e+01,5.359771728515625000e+00,2.999999999999999889e-01,0.000000000000000000e+00
5.736426400745595622e-01,1.317000007629394531e+01,4.102874755859375000e+00,2.999999999999999889e-01,3.700000000000000000e+05
5.739927076137811834e-01,1.280999994277954102e+01,4.115444183349609375e+00,2.999999999999999889e-01,0.000000000000000000e+00
5.740167226589472094e-01,1.280999994277954102e+01,4.235519409179687500e+00,2.999999999999999889e-01,3.700000000000000000e+05
5.743667903275463393e-01,1.317000007629394531e+01,4.222946166992187500e+00,2.999999999999999889e-01,0.000000000000000000e+00
5.743908046097728759e-01,1.317000007629394531e+01,4.343017578125000000e+00,2.999999999999999889e-01,3.700000000000000000e+05
5.747408722783720059e-01,1.280999994277954102e+01,4.355590820312500000e+00,2.999999999999999889e-01,0.000000000000000000e+00
5.747648865605985424e-01,1.280999994277954102e+01,4.475662231445312500e+00,2.999999999999999889e-01,3.700000000000000000e+05
5.751149540998201637e-01,1.317000007629394531e+01,4.463092803955078125e+00,2.999999999999999889e-01,0.000000000000000000e+00
5.751389683820467003e-01,1.317000007629394531e+01,4.583164215087890625e+00,2.999999999999999889e-01,3.700000000000000000e+05
5.754890360506458302e-01,1.280999994277954102e+01,4.595737457275390625e+00,2.999999999999999889e-01,0.000000000000000000e+00
5.755130503328723668e-01,1.280999994277954102e+01,4.715808868408203125e+00,2.999999999999999889e-01,3.700000000000000000e+05
5.758631178720939880e-01,1.317000007629394531e+01,4.703239440917968750e+00,2.999999999999999889e-01,0.000000000000000000e+00
5.758871321543205246e-01,1.317000007629394531e+01,4.823310852050781250e+00,2.999999999999999889e-01,3.700000000000000000e+05
5.762371998229196546e-01,1.280999994277954102e+01,4.835884094238281250e+00,2.999999999999999889e-01,0.000000000000000000e+00
5.762612141051461911e-01,1.280999994277954102e+01,4.955955505371093750e+00,2.999999999999999889e-01,3.700000000000000000e+05
5.766112816443678124e-01,1.317000007629394531e+01,4.943386077880859375e+00,2.999999999999999889e-01,0.000000000000000000e+00
5.766352959265943490e-01,1.317000007629394531e+01,5.063457489013671875e+00,2.999999999999999889e-01,3.700000000000000000e+05
5.769853635951934789e-01,1.280999994277954102e+01,5.076030731201171875e+00,2.999999999999999889e-01,0.000000000000000000e+00
5.770093778774200155e-01,1.280999994277954102e+01,5.196102142333984375e+00,2.999999999999999889e-01,3.700000000000000000e+05
5.773594454166416368e-01,1.317000007629394531e+01,5.183532714843750000e+00,2.999999999999999889e-01,0.000000000000000000e+00
5.773834596988681733e-01,1.317000007629394531e+01,5.303604125976562500e+00,2.999999999999999889e-01,3.700000000000000000e+05
5.777335273674673033e-01,1.280999994277954102e+01,5.316177368164062500e+00,2.999999999999999889e-01,0.000000000000000000e+00
5.777575416496938399e-01,1.280999994277954102e+01,5.436248779296875000e+00,2.999999999999999889e-01,3.700000000000000000e+05
5.781076091889154611e-01,1.317000007629394531e+01,5.423679351806640625e+00,2.999999999999999889e-01,0.000000000000000000e+00
5.814736777377788046e-01,-3.659999847412109375e+00,5.531101226806640625e+00,2.999999999999999889e-01,3.700000000000000000e+05
5.826884692504257224e-01,-2.410740852355957031e+00,5.487476348876953125e+00,2.999999999999999889e-01,0.000000000000000000e+00
5.833761582686752822e-01,1.027704238891601562e+00,5.487476348876953125e+00,2.999999999999999889e-01,3.700000000000000000e+05
5.879345270877847085e-01,-3.659999847412109375e+00,5.651176452636718750e+00,2.999999999999999889e-01,0.000000000000000000e+00
5.879585413700112451e-01,-3.659999847412109375e+00,5.771247863769531250e+00,2.999999999999999889e-01,3.700000000000000000e+05
5.958604871346452336e-01,4.466149091720581055e+00,5.487476348876953125e+00,2.999999999999999889e-01,0.000000000000000000e+00
5.965481761707761565e-01,7.904594272375106812e+00,5.487476348876953125e+00,2.999999999999999889e-01,3.700000000000000000e+05
6.065727973653572969e-01,-2.404457092285156250e+00,5.847476959228515625e+00,2.999999999999999889e-01,0.000000000000000000e+00
6.066894170524264052e-01,-1.829999923706054688e+00,5.947490692138671875e+00,2.999999999999999889e-01,3.700000000000000000e+05
6.070394842579093231e-01,-1.470000267028808594e+00,5.934917449951171875e+00,2.999999999999999889e-01,0.000000000000000000e+00
6.070634993030753490e-01,-1.470000267028808594e+00,6.054992675781250000e+00,2.999999999999999889e-01,3.700000000000000000e+05
6.074135663791805362e-01,-1.829999923706054688e+00,6.067562103271484375e+00,2.999999999999999889e-01,0.000000000000000000e+00
6.074375814243465621e-01,-1.829999923706054688e+00,6.187637329101562500e+00,2.999999999999999889e-01,3.700000000000000000e+05
6.077876486298294800e-01,-1.470000267028808594e+00,6.175064086914062500e+00,2.999999999999999889e-01,0.000000000000000000e+00
6.078116629120560166e-01,-1.470000267028808594e+00,6.295135498046875000e+00,2.999999999999999889e-01,3.700000000000000000e+05
6.081617301175389345e-01,-1.829999923706054688e+00,6.307708740234375000e+00,2.999999999999999889e-01,0.000000000000000000e+00
6.081857443997654711e-01,-1.829999923706054688e+00,6.427780151367187500e+00,2.999999999999999889e-01,3.700000000000000000e+05
6.085358114758706582e-01,-1.470000267028808594e+00,6.415210723876953125e+00,2.999999999999999889e-01,0.000000000000000000e+00
6.085598257580971948e-01,-1.470000267028808594e+00,6.535282135009765625e+00,2.999999999999999889e-01,3.700000000000000000e+05
6.089098929635801127e-01,-1.829999923706054688e+00,6.547855377197265625e+00,2.999999999999999889e-01,0.000000000000000000e+00
6.089339072458066493e-01,-1.829999923706054688e+00,6.667926788330078125e+00,2.999999999999999889e-01,3.700000000000000000e+05
6.092839743219118365e-01,-1.470000267028808594e+00,6.655357360839843750e+00,2.999999999999999889e-01,0.000000000000000000e+00
6.093079886041383730e-01,-1.470000267028808594e+00,6.775428771972656250e+00,2.999999999999999889e-01,3.700000000000000000e+05
6.096580558096212910e-01,-1.829999923706054688e+00,6.788002014160156250e+00,2.999999999999999889e-01,0.000000000000000000e+00
6.096820700918478275e-01,-1.829999923706054688e+00,6.908073425292968750e+00,2.999999999999999889e-01,3.700000000000000000e+05
6.100321371679530147e-01,-1.470000267028808594e+00,6.895503997802734375e+00,2.999999999999999889e-01,0.000000000000000000e+00
6.100561514501795513e-01,-1.470000267028808594e+00,7.015575408935546875e+00,2.999999999999999889e-01,3.700000000000000000e+05
6.104062186556624692e-01,-1.829999923706054688e+00,7.028148651123046875e+00,2.999999999999999889e-01,0.000000000000000000e+00
6.104302329378890057e-01,-1.829999923706054688e+00,7.148220062255859375e+00,2.999999999999999889e-01,3.700000000000000000e+05
6.107803000139941929e-01,-1.470000267028808594e+00,7.135650634765625000e+00,2.999999999999999889e-01,0.000000000000000000e+00
6.108043142962207295e-01,-1.470000267028808594e+00,7.255722045898437500e+00,2.999999999999999889e-01,3.700000000000000000e+05
6.111543815017036474e-01,-1.829999923706054688e+00,7.268295288085937500e+00,2.999999999999999889e-01,0.000000000000000000e+00
6.115589423656914159e-01,-3.300000190734863281e+00,5.878749847412109375e+00,2.999999999999999889e-01,3.700000000000000000e+05
6.119090094417966030e-01,-3.659999847412109375e+00,5.891319274902343750e+00,2.999999999999999889e-01,0.000000000000000000e+00
6.119330244869626290e-01,-3.659999847412109375e+00,6.011394500732421875e+00,2.999999999999999889e-01,3.700000000000000000e+05
6.122830916924455469e-01,-3.300000190734863281e+00,5.998821258544921875e+00,2.999999999999999889e-01,0.000000000000000000e+00
6.123071067376115728e-01,-3.300000190734863281e+00,6.118896484375000000e+00,2.999999999999999889e-01,3.700000000000000000e+05
6.126571738137167600e-01,-3.659999847412109375e+00,6.131465911865234375e+00,2.999999999999999889e-01,0.000000000000000000e+00
6.126811888588827859e-01,-3.659999847412109375e+00,6.251541137695312500e+00,2.999999999999999889e-01,3.700000000000000000e+05
6.130312560643657038e-01,-3.300000190734863281e+00,6.238967895507812500e+00,2.999999999999999889e-01,0.000000000000000000e+00
6.130552711095317298e-01,-3.300000190734863281e+00,6.359043121337890625e+00,2.999999999999999889e-01,3.700000000000000000e+05
6.134053381856369169e-01,-3.659999847412109375e+00,6.371612548828125000e+00,2.999999999999999889e-01,0.000000000000000000e+00
6.134293532308029429e-01,-3.659999847412109375e+00,6.491687774658203125e+00,2.999999999999999889e-01,3.700000000000000000e+05
6.137794204362858608e-01,-3.300000190734863281e+00,6.479114532470703125e+00,2.999999999999999889e-01,0.000000000000000000e+00
6.138034354814518867e-01,-3.300000190734863281e+00,6.599189758300781250e+00,2.999999999999999889e-01,3.700000000000000000e+05
6.141535025575570739e-01,-3.659999847412109375e+00,6.611759185791015625e+00,2.999999999999999889e-01,0.000000000000000000e+00
6.141775176027230998e-01,-3.659999847412109375e+00,6.731834411621093750e+00,2.999999999999999889e-01,3.700000000000000000e+05
6.145275848082060177e-01,-3.300000190734863281e+00,6.719261169433593750e+00,2.999999999999999889e-01,0.000000000000000000e+00
6.145515998533720436e-01,-3.300000190734863281e+00,6.839336395263671875e+00,2.999999999999999889e-01,3.700000000000000000e+05
6.149016669294772308e-01,-3.659999847412109375e+00,6.851905822753906250e+00,2.999999999999999889e-01,0.000000000000000000e+00
6.149256819746432567e-01,-3.659999847412109375e+00,6.971981048583984375e+00,2.999999999999999889e-01,3.700000000000000000e+05
6.152757491801261747e-01,-3.300000190734863281e+00,6.959407806396484375e+00,2.999999999999999889e-01,0.000000000000000000e+00
6.152997634623527112e-01,-3.300000190734863281e+00,7.079479217529296875e+00,2.999999999999999889e-01,3.700000000000000000e+05
6.156498306678356291e-01,-3.659999847412109375e+00,7.092052459716796875e+00,2.999999999999999889e-01,0.000000000000000000e+00
6.156738449500621657e-01,-3.659999847412109375e+00,7.212123870849609375e+00,2.999999999999999889e-01,3.700000000000000000e+05
6.160239120261673529e-01,-3.300000190734863281e+00,7.199554443359375000e+00,2.999999999999999889e-01,0.000000000000000000e+00
6.160505199025992917e-01,-3.238409042358398438e+00,7.317478179931640625e+00,2.999999999999999889e-01,3.700000000000000000e+05
6.164604788296293991e-01,-3.659999847412109375e+00,7.332199096679687500e+00,2.999999999999999889e-01,0.000000000000000000e+00
6.172477294194456121e-01,0.000000000000000000e+00,5.883583068847656250e+00,2.999999999999999889e-01,3.700000000000000000e+05
6.175977969586672334e-01,3.600001335144042969e-01,5.871013641357421875e+00,2.999999999999999889e-01,0.000000000000000000e+00
6.176218112408937699e-01,3.600001335144042969e-01,5.991085052490234375e+00,2.999999999999999889e-01,3.700000000000000000e+05
6.179718789094928999e-01,0.000000000000000000e+00,6.003658294677734375e+00,2.999999999999999889e-01,0.000000000000000000e+00
6.179958931917194365e-01,0.000000000000000000e+00,6.123729705810546875e+00,2.999999999999999889e-01,3.700000000000000000e+05
6.183459607309410577e-01,3.600001335144042969e-01,6.111160278320312500e+00,2.999999999999999889e-01,0.000000000000000000e+00
6.183699750131675943e-01,3.600001335144042969e-01,6.231231689453125000e+00,2.999999999999999889e-01,3.700000000000000000e+05
6.187200426817667243e-01,0.000000000000000000e+00,6.243804931640625000e+00,2.999999999999999889e-01,0.000000000000000000e+00
6.187440569639932608e-01,0.000000000000000000e+00,6.363876342773437500e+00,2.999999999999999889e-01,3.700000000000000000e+05
6.190941245032148821e-01,3.600001335144042969e-01,6.351306915283203125e+00,2.999999999999999889e-01,0.000000000000000000e+00
6.191181387854414186e-01,3.600001335144042969e-01,6.471378326416015625e+00,2.999999999999999889e-01,3.700000000000000000e+05
6.194682064540405486e-01,0.000000000000000000e+00,6.483951568603515625e+00,2.999999999999999889e-01,0.000000000000000000e+00
6.194922207362670852e-01,0.000000000000000000e+00,6.604022979736328125e+00,2.999999999999999889e-01,3.700000000000000000e+05
6.198422884048662151e-01,3.600001335144042969e-01,6.591449737548828125e+00,2.999999999999999889e-01,0.000000000000000000e+00
6.198663034500322411e-01,3.600001335144042969e-01,6.711524963378906250e+00,2.999999999999999889e-01,3.700000000000000000e+05
6.202163709892538623e-01,0.000000000000000000e+00,6.724094390869140625e+00,2.999999999999999889e-01,0.000000000000000000e+00
6.202403860344198883e-01,0.000000000000000000e+00,6.844169616699218750e+00,2.999999999999999889e-01,3.700000000000000000e+05
6.205904537030190182e-01,3.600001335144042969e-01,6.831596374511718750e+00,2.999999999999999889e-01,0.000000000000000000e+00
6.206144687481850442e-01,3.600001335144042969e-01,6.951671600341796875e+00,2.999999999999999889e-01,3.700000000000000000e+05
6.209645362874066654e-01,0.000000000000000000e+00,6.964241027832031250e+00,2.999999999999999889e-01,0.000000000000000000e+00
6.209885513325726913e-01,0.000000000000000000e+00,7.084316253662109375e+00,2.999999999999999889e-01,3.700000000000000000e+05
6.213386190011718213e-01,3.600001335144042969e-01,7.071743011474609375e+00,2.999999999999999889e-01,0.000000000000000000e+00
6.213626340463378472e-01,3.600001335144042969e-01,7.191818237304687500e+00,2.999999999999999889e-01,3.700000000000000000e+05
6.217127015855594685e-01,0.000000000000000000e+00,7.204387664794921875e+00,2.999999999999999889e-01,0.000000000000000000e+00
6.224463784841168801e-01,-3.659999847412109375e+00,7.452270507812500000e+00,2.999999999999999889e-01,3.700000000000000000e+05
6.263554652935374722e-01,3.600001335144042969e-01,7.311889648437500000e+00,2.999999999999999889e-01,0.000000000000000000e+00
6.266778789512560399e-01,1.033987998962402344e+00,5.847476959228515625e+00,2.999999999999999889e-01,3.700000000000000000e+05
6.367025002905610798e-01,1.134303951263427734e+01,5.487476348876953125e+00,2.999999999999999889e-01,0.000000000000000000e+00
6.374338939797276060e-01,1.500000000000000000e+01,5.479846954345703125e+00,2.999999999999999889e-01,3.700000000000000000e+05
6.476710017568093614e-01,4.472433090209960938e+00,5.847476959228515625e+00,2.999999999999999889e-01,0.000000000000000000e+00
6.478752163018800525e-01,5.490000247955322266e+00,5.932014465332031250e+00,2.999999999999999889e-01,3.700000000000000000e+05
6.482252833779852397e-01,5.849999904632568359e+00,5.919445037841796875e+00,2.999999999999999889e-01,0.000000000000000000e+00
6.482492976602117762e-01,5.849999904632568359e+00,6.039516448974609375e+00,2.999999999999999889e-01,3.700000000000000000e+05
6.485993648656946942e-01,5.490000247955322266e+00,6.052089691162109375e+00,2.999999999999999889e-01,0.000000000000000000e+00
6.486233791479212307e-01,5.490000247955322266e+00,6.172161102294921875e+00,2.999999999999999889e-01,3.700000000000000000e+05
6.489734462240264179e-01,5.849999904632568359e+00,6.159591674804687500e+00,2.999999999999999889e-01,0.000000000000000000e+00
6.489974605062529545e-01,5.849999904632568359e+00,6.279663085937500000e+00,2.999999999999999889e-01,3.700000000000000000e+05
6.493475277117358724e-01,5.490000247955322266e+00,6.292236328125000000e+00,2.999999999999999889e-01,0.000000000000000000e+00
6.493715419939624089e-01,5.490000247955322266e+00,6.412307739257812500e+00,2.999999999999999889e-01,3.700000000000000000e+05
6.497216090700675961e-01,5.849999904632568359e+00,6.399738311767578125e+00,2.999999999999999889e-01,0.000000000000000000e+00
6.497456233522941327e-01,5.849999904632568359e+00,6.519809722900390625e+00,2.999999999999999889e-01,3.700000000000000000e+05
6.500956905577770506e-01,5.490000247955322266e+00,6.532382965087890625e+00,2.999999999999999889e-01,0.000000000000000000e+00
6.501197048400035872e-01,5.490000247955322266e+00,6.652454376220703125e+00,2.999999999999999889e-01,3.700000000000000000e+05
6.504697720454865051e-01,5.849999904632568359e+00,6.639881134033203125e+00,2.999999999999999889e-01,0.000000000000000000e+00
6.504937870906525310e-01,5.849999904632568359e+00,6.759956359863281250e+00,2.999999999999999889e-01,3.700000000000000000e+05
6.508438541667577182e-01,5.490000247955322266e+00,6.772525787353515625e+00,2.999999999999999889e-01,0.000000000000000000e+00
6.508678692119237441e-01,5.490000247955322266e+00,6.892601013183593750e+00,2.999999999999999889e-01,3.700000000000000000e+05
6.512179364174066620e-01,5.849999904632568359e+00,6.880027770996093750e+00,2.999999999999999889e-01,0.000000000000000000e+00
6.512419514625726880e-01,5.849999904632568359e+00,7.000102996826171875e+00,2.999999999999999889e-01,3.700000000000000000e+05
6.515920185386778751e-01,5.490000247955322266e+00,7.012672424316406250e+00,2.999999999999999889e-01,0.000000000000000000e+00
6.516160335838439011e-01,5.490000247955322266e+00,7.132747650146484375e+00,2.999999999999999889e-01,3.700000000000000000e+05
6.519661007893268190e-01,5.849999904632568359e+00,7.120174407958984375e+00,2.999999999999999889e-01,0.000000000000000000e+00
6.519901158344928449e-01,5.849999904632568359e+00,7.240249633789062500e+00,2.999999999999999889e-01,3.700000000000000000e+05
6.523401829105980321e-01,5.490000247955322266e+00,7.252819061279296875e+00,2.999999999999999889e-01,0.000000000000000000e+00
6.527447432504923652e-01,4.019999980926513672e+00,5.863277435302734375e+00,2.999999999999999889e-01,3.700000000000000000e+05
6.530948105581557694e-01,3.660000085830688477e+00,5.875846862792968750e+00,2.999999999999999889e-01,0.000000000000000000e+00
6.531188256033217954e-01,3.660000085830688477e+00,5.995922088623046875e+00,2.999999999999999889e-01,3.700000000000000000e+05
6.534688930403628193e-01,4.019999980926513672e+00,5.983348846435546875e+00,2.999999999999999889e-01,0.000000000000000000e+00
6.534929073225893559e-01,4.019999980926513672e+00,6.103420257568359375e+00,2.999999999999999889e-01,3.700000000000000000e+05
6.538429747596303798e-01,3.660000085830688477e+00,6.115993499755859375e+00,2.999999999999999889e-01,0.000000000000000000e+00
6.538669890418569164e-01,3.660000085830688477e+00,6.236064910888671875e+00,2.999999999999999889e-01,3.700000000000000000e+05
6.542170563495203206e-01,4.019999980926513672e+00,6.223495483398437500e+00,2.999999999999999889e-01,0.000000000000000000e+00
6.542410706317468572e-01,4.019999980926513672e+00,6.343566894531250000e+00,2.999999999999999889e-01,3.700000000000000000e+05
6.545911380687878811e-01,3.660000085830688477e+00,6.356140136718750000e+00,2.999999999999999889e-01,0.000000000000000000e+00
6.546151523510144177e-01,3.660000085830688477e+00,6.476211547851562500e+00,2.999999999999999889e-01,3.700000000000000000e+05
6.549652196586778219e-01,4.019999980926513672e+00,6.463642120361328125e+00,2.999999999999999889e-01,0.000000000000000000e+00
6.549892339409043585e-01,4.019999980926513672e+00,6.583713531494140625e+00,2.999999999999999889e-01,3.700000000000000000e+05
6.553393013779453824e-01,3.660000085830688477e+00,6.596286773681640625e+00,2.999999999999999889e-01,0.000000000000000000e+00
6.553633156601719190e-01,3.660000085830688477e+00,6.716358184814453125e+00,2.999999999999999889e-01,3.700000000000000000e+05
6.557133829678353232e-01,4.019999980926513672e+00,6.703788757324218750e+00,2.999999999999999889e-01,0.000000000000000000e+00
6.557373972500618597e-01,4.019999980926513672e+00,6.823860168457031250e+00,2.999999999999999889e-01,3.700000000000000000e+05
6.560874646871028837e-01,3.660000085830688477e+00,6.836433410644531250e+00,2.999999999999999889e-01,0.000000000000000000e+00
6.561114789693294203e-01,3.660000085830688477e+00,6.956504821777343750e+00,2.999999999999999889e-01,3.700000000000000000e+05
6.564615462769928245e-01,4.019999980926513672e+00,6.943935394287109375e+00,2.999999999999999889e-01,0.000000000000000000e+00
6.564855605592193610e-01,4.019999980926513672e+00,7.064006805419921875e+00,2.999999999999999889e-01,3.700000000000000000e+05
6.568356279962603850e-01,3.660000085830688477e+00,7.076580047607421875e+00,2.999999999999999889e-01,0.000000000000000000e+00
6.568596422784869215e-01,3.660000085830688477e+00,7.196651458740234375e+00,2.999999999999999889e-01,3.700000000000000000e+05
6.572097095861503258e-01,4.019999980926513672e+00,7.184082031250000000e+00,2.999999999999999889e-01,0.000000000000000000e+00
6.572337238683768623e-01,4.019999980926513672e+00,7.304153442382812500e+00,2.999999999999999889e-01,3.700000000000000000e+05
6.575837913054178863e-01,3.660000085830688477e+00,7.316726684570312500e+00,2.999999999999999889e-01,0.000000000000000000e+00
6.579883521347531516e-01,2.190000057220458984e+00,5.927181243896484375e+00,2.999999999999999889e-01,3.700000000000000000e+05
6.583384196739747729e-01,1.829999923706054688e+00,5.939750671386718750e+00,2.999999999999999889e-01,0.000000000000000000e+00
6.583624347191407988e-01,1.829999923706054688e+00,6.059825897216796875e+00,2.999999999999999889e-01,3.700000000000000000e+05
6.587125023877399288e-01,2.190000057220458984e+00,6.047252655029296875e+00,2.999999999999999889e-01,0.000000000000000000e+00
6.587365174329059547e-01,2.190000057220458984e+00,6.167327880859375000e+00,2.999999999999999889e-01,3.700000000000000000e+05
6.590865849721275760e-01,1.829999923706054688e+00,6.179897308349609375e+00,2.999999999999999889e-01,0.000000000000000000e+00
6.591106000172936019e-01,1.829999923706054688e+00,6.299972534179687500e+00,2.999999999999999889e-01,3.700000000000000000e+05
6.594606676858927319e-01,2.190000057220458984e+00,6.287399291992187500e+00,2.999999999999999889e-01,0.000000000000000000e+00
6.594846827310587578e-01,2.190000057220458984e+00,6.407474517822265625e+00,2.999999999999999889e-01,3.700000000000000000e+05
6.598347502702803791e-01,1.829999923706054688e+00,6.420043945312500000e+00,2.999999999999999889e-01,0.000000000000000000e+00
6.598587653154464050e-01,1.829999923706054688e+00,6.540119171142578125e+00,2.999999999999999889e-01,3.700000000000000000e+05
6.602088329840455350e-01,2.190000057220458984e+00,6.527545928955078125e+00,2.999999999999999889e-01,0.000000000000000000e+00
6.602328480292115609e-01,2.190000057220458984e+00,6.647621154785156250e+00,2.999999999999999889e-01,3.700000000000000000e+05
6.605829155684331822e-01,1.829999923706054688e+00,6.660190582275390625e+00,2.999999999999999889e-01,0.000000000000000000e+00
6.606069306135992081e-01,1.829999923706054688e+00,6.780265808105468750e+00,2.999999999999999889e-01,3.700000000000000000e+05
6.609569982821983380e-01,2.190000057220458984e+00,6.767692565917968750e+00,2.999999999999999889e-01,0.000000000000000000e+00
6.609810133273643640e-01,2.190000057220458984e+00,6.887767791748046875e+00,2.999999999999999889e-01,3.700000000000000000e+05
6.613310808665859852e-01,1.829999923706054688e+00,6.900337219238281250e+00,2.999999999999999889e-01,0.000000000000000000e+00
6.613550959117520112e-01,1.829999923706054688e+00,7.020412445068359375e+00,2.999999999999999889e-01,3.700000000000000000e+05
6.617051635803511411e-01,2.190000057220458984e+00,7.007839202880859375e+00,2.999999999999999889e-01,0.000000000000000000e+00
6.617291778625776777e-01,2.190000057220458984e+00,7.127910614013671875e+00,2.999999999999999889e-01,3.700000000000000000e+05
6.620792455311768077e-01,1.829999923706054688e+00,7.140483856201171875e+00,2.999999999999999889e-01,0.000000000000000000e+00
6.621032598134033442e-01,1.829999923706054688e+00,7.260555267333984375e+00,2.999999999999999889e-01,3.700000000000000000e+05
6.624533273526249655e-01,2.190000057220458984e+00,7.247985839843750000e+00,2.999999999999999889e-01,0.000000000000000000e+00
6.627433566788331065e-01,3.638480663299560547e+00,7.317478179931640625e+00,2.999999999999999889e-01,3.700000000000000000e+05
6.698404696262900693e-01,-3.659999847412109375e+00,7.572345733642578125e+00,2.999999999999999889e-01,0.000000000000000000e+00
6.698644839085166058e-01,-3.659999847412109375e+00,7.692417144775390625e+00,2.999999999999999889e-01,3.700000000000000000e+05
6.702145509846217930e-01,-3.300000190734863281e+00,7.679847717285156250e+00,2.999999999999999889e-01,0.000000000000000000e+00
6.702385652668483296e-01,-3.300000190734863281e+00,7.799919128417968750e+00,2.999999999999999889e-01,3.700000000000000000e+05
6.705886324723312475e-01,-3.659999847412109375e+00,7.812492370605468750e+00,2.999999999999999889e-01,0.000000000000000000e+00
6.706126467545577841e-01,-3.659999847412109375e+00,7.932563781738281250e+00,2.999999999999999889e-01,3.700000000000000000e+05
6.709627138306629712e-01,-3.300000190734863281e+00,7.919994354248046875e+00,2.999999999999999889e-01,0.000000000000000000e+00
6.709867281128895078e-01,-3.300000190734863281e+00,8.040065765380859375e+00,2.999999999999999889e-01,3.700000000000000000e+05
6.713367953183724257e-01,-3.659999847412109375e+00,8.052639007568359375e+00,2.999999999999999889e-01,0.000000000000000000e+00
6.713608096005989623e-01,-3.659999847412109375e+00,8.172710418701171875e+00,2.999999999999999889e-01,3.700000000000000000e+05
6.717108766767041494e-01,-3.300000190734863281e+00,8.160140991210937500e+00,2.999999999999999889e-01,0.000000000000000000e+00
6.717348909589306860e-01,-3.300000190734863281e+00,8.280212402343750000e+00,2.999999999999999889e-01,3.700000000000000000e+05
6.720849581644136039e-01,-3.659999847412109375e+00,8.292785644531250000e+00,2.999999999999999889e-01,0.000000000000000000e+00
6.721089724466401405e-01,-3.659999847412109375e+00,8.412857055664062500e+00,2.999999999999999889e-01,3.700000000000000000e+05
6.724590396521230584e-01,-3.300000190734863281e+00,8.400283813476562500e+00,2.999999999999999889e-01,0.000000000000000000e+00
6.724830546972890843e-01,-3.300000190734863281e+00,8.520359039306640625e+00,2.999999999999999889e-01,3.700000000000000000e+05
6.728331217733942715e-01,-3.659999847412109375e+00,8.532928466796875000e+00,2.999999999999999889e-01,0.000000000000000000e+00
6.728571368185602974e-01,-3.659999847412109375e+00,8.653003692626953125e+00,2.999999999999999889e-01,3.700000000000000000e+05
6.732072040240432154e-01,-3.300000190734863281e+00,8.640430450439453125e+00,2.999999999999999889e-01,0.000000000000000000e+00
6.732312190692092413e-01,-3.300000190734863281e+00,8.760505676269531250e+00,2.999999999999999889e-01,3.700000000000000000e+05
6.735812861453144285e-01,-3.659999847412109375e+00,8.773075103759765625e+00,2.999999999999999889e-01,0.000000000000000000e+00
6.736053011904804544e-01,-3.659999847412109375e+00,8.893150329589843750e+00,2.999999999999999889e-01,3.700000000000000000e+05
6.739553683959633723e-01,-3.300000190734863281e+00,8.880577087402343750e+00,2.999999999999999889e-01,0.000000000000000000e+00
6.739793834411293982e-01,-3.300000190734863281e+00,9.000652313232421875e+00,2.999999999999999889e-01,3.700000000000000000e+05
6.743294505172345854e-01,-3.659999847412109375e+00,9.013221740722656250e+00,2.999999999999999889e-01,0.000000000000000000e+00
6.743534655624006113e-01,-3.659999847412109375e+00,9.133296966552734375e+00,2.999999999999999889e-01,3.700000000000000000e+05
6.747035327678835293e-01,-3.300000190734863281e+00,9.120723724365234375e+00,2.999999999999999889e-01,0.000000000000000000e+00
6.769249187826679170e-01,7.319999992847442627e+00,5.868110656738281250e+00,2.999999999999999889e-01,3.700000000000000000e+05
6.772749863354879940e-01,7.680000007152557373e+00,5.855537414550781250e+00,2.999999999999999889e-01,0.000000000000000000e+00
6.772990013806540199e-01,7.680000007152557373e+00,5.975612640380859375e+00,2.999999999999999889e-01,3.700000000000000000e+05
6.776490688040965882e-01,7.319999992847442627e+00,5.988182067871093750e+00,2.999999999999999889e-01,0.000000000000000000e+00
6.776730838492626141e-01,7.319999992847442627e+00,6.108257293701171875e+00,2.999999999999999889e-01,3.700000000000000000e+05
6.780231514020826911e-01,7.680000007152557373e+00,6.095684051513671875e+00,2.999999999999999889e-01,0.000000000000000000e+00
6.780471664472487170e-01,7.680000007152557373e+00,6.215759277343750000e+00,2.999999999999999889e-01,3.700000000000000000e+05
6.783972338706912852e-01,7.319999992847442627e+00,6.228328704833984375e+00,2.999999999999999889e-01,0.000000000000000000e+00
6.784212489158573112e-01,7.319999992847442627e+00,6.348403930664062500e+00,2.999999999999999889e-01,3.700000000000000000e+05
6.787713164686773881e-01,7.680000007152557373e+00,6.335830688476562500e+00,2.999999999999999889e-01,0.000000000000000000e+00
6.787953315138434141e-01,7.680000007152557373e+00,6.455905914306640625e+00,2.999999999999999889e-01,3.700000000000000000e+05
6.791453989372859823e-01,7.319999992847442627e+00,6.468475341796875000e+00,2.999999999999999889e-01,0.000000000000000000e+00
6.791694139824520082e-01,7.319999992847442627e+00,6.588550567626953125e+00,2.999999999999999889e-01,3.700000000000000000e+05
6.795194815352720852e-01,7.680000007152557373e+00,6.575977325439453125e+00,2.999999999999999889e-01,0.000000000000000000e+00
6.795434965804381111e-01,7.680000007152557373e+00,6.696052551269531250e+00,2.999999999999999889e-01,3.700000000000000000e+05
6.798935640038806794e-01,7.319999992847442627e+00,6.708621978759765625e+00,2.999999999999999889e-01,0.000000000000000000e+00
6.799175790490467053e-01,7.319999992847442627e+00,6.828697204589843750e+00,2.999999999999999889e-01,3.700000000000000000e+05
6.802676466018667822e-01,7.680000007152557373e+00,6.816123962402343750e+00,2.999999999999999889e-01,0.000000000000000000e+00
6.802916608840933188e-01,7.680000007152557373e+00,6.936195373535156250e+00,2.999999999999999889e-01,3.700000000000000000e+05
6.806417284369133958e-01,7.319999992847442627e+00,6.948768615722656250e+00,2.999999999999999889e-01,0.000000000000000000e+00
6.806657427191399323e-01,7.319999992847442627e+00,7.068840026855468750e+00,2.999999999999999889e-01,3.700000000000000000e+05
6.810158101425825006e-01,7.680000007152557373e+00,7.056270599365234375e+00,2.999999999999999889e-01,0.000000000000000000e+00
6.810398244248090371e-01,7.680000007152557373e+00,7.176342010498046875e+00,2.999999999999999889e-01,3.700000000000000000e+05
6.813898919776291141e-01,7.319999992847442627e+00,7.188915252685546875e+00,2.999999999999999889e-01,0.000000000000000000e+00
6.814139062598556507e-01,7.319999992847442627e+00,7.308986663818359375e+00,2.999999999999999889e-01,3.700000000000000000e+05
6.817639736832982189e-01,7.680000007152557373e+00,7.296417236328125000e+00,2.999999999999999889e-01,0.000000000000000000e+00
6.820574175483137269e-01,7.910877943038940430e+00,5.847476959228515625e+00,2.999999999999999889e-01,3.700000000000000000e+05
6.920820391191768728e-01,1.821992969512939453e+01,5.487476348876953125e+00,2.999999999999999889e-01,0.000000000000000000e+00
6.921725101191033014e-01,1.865999984741210938e+01,5.592182159423828125e+00,2.999999999999999889e-01,3.700000000000000000e+05
6.992814829144025079e-01,1.134932303428649902e+01,5.847476959228515625e+00,2.999999999999999889e-01,0.000000000000000000e+00
6.995739446738319378e-01,1.280999994277954102e+01,5.916542053222656250e+00,2.999999999999999889e-01,3.700000000000000000e+05
6.999240118793148557e-01,1.316999959945678711e+01,5.903968811035156250e+00,2.999999999999999889e-01,0.000000000000000000e+00
6.999480269244808817e-01,1.316999959945678711e+01,6.024044036865234375e+00,2.999999999999999889e-01,3.700000000000000000e+05
7.002980940005860688e-01,1.280999994277954102e+01,6.036613464355468750e+00,2.999999999999999889e-01,0.000000000000000000e+00
7.003221090457520948e-01,1.280999994277954102e+01,6.156688690185546875e+00,2.999999999999999889e-01,3.700000000000000000e+05
7.006721762512350127e-01,1.316999959945678711e+01,6.144115447998046875e+00,2.999999999999999889e-01,0.000000000000000000e+00
7.006961912964010386e-01,1.316999959945678711e+01,6.264190673828125000e+00,2.999999999999999889e-01,3.700000000000000000e+05
7.010462583725062258e-01,1.280999994277954102e+01,6.276760101318359375e+00,2.999999999999999889e-01,0.000000000000000000e+00
7.010702734176722517e-01,1.280999994277954102e+01,6.396835327148437500e+00,2.999999999999999889e-01,3.700000000000000000e+05
7.014203406231551696e-01,1.316999959945678711e+01,6.384262084960937500e+00,2.999999999999999889e-01,0.000000000000000000e+00
7.014443556683211956e-01,1.316999959945678711e+01,6.504337310791015625e+00,2.999999999999999889e-01,3.700000000000000000e+05
7.017944227444263827e-01,1.280999994277954102e+01,6.516906738281250000e+00,2.999999999999999889e-01,0.000000000000000000e+00
7.018184377895924086e-01,1.280999994277954102e+01,6.636981964111328125e+00,2.999999999999999889e-01,3.700000000000000000e+05
7.021685049950753266e-01,1.316999959945678711e+01,6.624408721923828125e+00,2.999999999999999889e-01,0.000000000000000000e+00
7.021925200402413525e-01,1.316999959945678711e+01,6.744483947753906250e+00,2.999999999999999889e-01,3.700000000000000000e+05
7.025425871163465397e-01,1.280999994277954102e+01,6.757053375244140625e+00,2.999999999999999889e-01,0.000000000000000000e+00
7.025666021615125656e-01,1.280999994277954102e+01,6.877128601074218750e+00,2.999999999999999889e-01,3.700000000000000000e+05
7.029166693669954835e-01,1.316999959945678711e+01,6.864555358886718750e+00,2.999999999999999889e-01,0.000000000000000000e+00
7.029406836492220201e-01,1.316999959945678711e+01,6.984626770019531250e+00,2.999999999999999889e-01,3.700000000000000000e+05
7.032907508547049380e-01,1.280999994277954102e+01,6.997200012207031250e+00,2.999999999999999889e-01,0.000000000000000000e+00
7.033147651369314746e-01,1.280999994277954102e+01,7.117271423339843750e+00,2.999999999999999889e-01,3.700000000000000000e+05
7.036648322130366617e-01,1.316999959945678711e+01,7.104701995849609375e+00,2.999999999999999889e-01,0.000000000000000000e+00
7.036888464952631983e-01,1.316999959945678711e+01,7.224773406982421875e+00,2.999999999999999889e-01,3.700000000000000000e+05
7.040389137007461162e-01,1.280999994277954102e+01,7.237346649169921875e+00,2.999999999999999889e-01,0.000000000000000000e+00
7.044434745300813816e-01,1.133999991416931152e+01,5.847801208496093750e+00,2.999999999999999889e-01,3.700000000000000000e+05
7.047935419671224055e-01,1.098000001907348633e+01,5.860374450683593750e+00,2.999999999999999889e-01,0.000000000000000000e+00
7.048175562493489421e-01,1.098000001907348633e+01,5.980445861816406250e+00,2.999999999999999889e-01,3.700000000000000000e+05
7.051676235570123463e-01,1.133999991416931152e+01,5.967876434326171875e+00,2.999999999999999889e-01,0.000000000000000000e+00
7.051916378392388829e-01,1.133999991416931152e+01,6.087947845458984375e+00,2.999999999999999889e-01,3.700000000000000000e+05
7.055417052762799068e-01,1.098000001907348633e+01,6.100521087646484375e+00,2.999999999999999889e-01,0.000000000000000000e+00
7.055657195585064434e-01,1.098000001907348633e+01,6.220592498779296875e+00,2.999999999999999889e-01,3.700000000000000000e+05
7.059157868661698476e-01,1.133999991416931152e+01,6.208023071289062500e+00,2.999999999999999889e-01,0.000000000000000000e+00
7.059398011483963842e-01,1.133999991416931152e+01,6.328094482421875000e+00,2.999999999999999889e-01,3.700000000000000000e+05
7.062898685854374081e-01,1.098000001907348633e+01,6.340667724609375000e+00,2.999999999999999889e-01,0.000000000000000000e+00
7.063138828676639447e-01,1.098000001907348633e+01,6.460739135742187500e+00,2.999999999999999889e-01,3.700000000000000000e+05
7.066639503047049686e-01,1.133999991416931152e+01,6.448165893554687500e+00,2.999999999999999889e-01,0.000000000000000000e+00
7.066879653498709946e-01,1.133999991416931152e+01,6.568241119384765625e+00,2.999999999999999889e-01,3.700000000000000000e+05
7.070380326575343988e-01,1.098000001907348633e+01,6.580810546875000000e+00,2.999999999999999889e-01,0.000000000000000000e+00
7.070620477027004247e-01,1.098000001907348633e+01,6.700885772705078125e+00,2.999999999999999889e-01,3.700000000000000000e+05
7.074121151397414486e-01,1.133999991416931152e+01,6.688312530517578125e+00,2.999999999999999889e-01,0.000000000000000000e+00
7.074361301849074746e-01,1.133999991416931152e+01,6.808387756347656250e+00,2.999999999999999889e-01,3.700000000000000000e+05
7.077861974925708788e-01,1.098000001907348633e+01,6.820957183837890625e+00,2.999999999999999889e-01,0.000000000000000000e+00
7.078102125377369047e-01,1.098000001907348633e+01,6.941032409667968750e+00,2.999999999999999889e-01,3.700000000000000000e+05
7.081602799747779287e-01,1.133999991416931152e+01,6.928459167480468750e+00,2.999999999999999889e-01,0.000000000000000000e+00
7.081842950199439546e-01,1.133999991416931152e+01,7.048534393310546875e+00,2.999999999999999889e-01,3.700000000000000000e+05
7.085343623276073588e-01,1.098000001907348633e+01,7.061103820800781250e+00,2.999999999999999889e-01,0.000000000000000000e+00
7.085583773727733847e-01,1.098000001907348633e+01,7.181179046630859375e+00,2.999999999999999889e-01,3.700000000000000000e+05
7.089084448098144087e-01,1.133999991416931152e+01,7.168605804443359375e+00,2.999999999999999889e-01,0.000000000000000000e+00
7.089324598549804346e-01,1.133999991416931152e+01,7.288681030273437500e+00,2.999999999999999889e-01,3.700000000000000000e+05
7.092825271626438388e-01,1.098000001907348633e+01,7.301250457763671875e+00,2.999999999999999889e-01,0.000000000000000000e+00
7.096870874678857799e-01,9.509999990463256836e+00,5.911708831787109375e+00,2.999999999999999889e-01,3.700000000000000000e+05
7.100371548913283481e-01,9.149999976158142090e+00,5.924278259277343750e+00,2.999999999999999889e-01,0.000000000000000000e+00
7.100611699364943741e-01,9.149999976158142090e+00,6.044353485107421875e+00,2.999999999999999889e-01,3.700000000000000000e+05
7.104112374893144510e-01,9.509999990463256836e+00,6.031780242919921875e+00,2.999999999999999889e-01,0.000000000000000000e+00
7.104352517715409876e-01,9.509999990463256836e+00,6.151851654052734375e+00,2.999999999999999889e-01,3.700000000000000000e+05
7.107853193243610646e-01,9.149999976158142090e+00,6.164424896240234375e+00,2.999999999999999889e-01,0.000000000000000000e+00
7.108093336065876011e-01,9.149999976158142090e+00,6.284496307373046875e+00,2.999999999999999889e-01,3.700000000000000000e+05
7.111594010300301694e-01,9.509999990463256836e+00,6.271926879882812500e+00,2.999999999999999889e-01,0.000000000000000000e+00
7.111834153122567059e-01,9.509999990463256836e+00,6.391998291015625000e+00,2.999999999999999889e-01,3.700000000000000000e+05
7.115334828650767829e-01,9.149999976158142090e+00,6.404571533203125000e+00,2.999999999999999889e-01,0.000000000000000000e+00
7.115574971473033195e-01,9.149999976158142090e+00,6.524642944335937500e+00,2.999999999999999889e-01,3.700000000000000000e+05
7.119075645707458877e-01,9.509999990463256836e+00,6.512073516845703125e+00,2.999999999999999889e-01,0.000000000000000000e+00
7.119315788529724243e-01,9.509999990463256836e+00,6.632144927978515625e+00,2.999999999999999889e-01,3.700000000000000000e+05
7.122816464057925012e-01,9.149999976158142090e+00,6.644718170166015625e+00,2.999999999999999889e-01,0.000000000000000000e+00
7.123056606880190378e-01,9.149999976158142090e+00,6.764789581298828125e+00,2.999999999999999889e-01,3.700000000000000000e+05
7.126557281114616060e-01,9.509999990463256836e+00,6.752220153808593750e+00,2.999999999999999889e-01,0.000000000000000000e+00
7.126797423936881426e-01,9.509999990463256836e+00,6.872291564941406250e+00,2.999999999999999889e-01,3.700000000000000000e+05
7.130298099465082196e-01,9.149999976158142090e+00,6.884864807128906250e+00,2.999999999999999889e-01,0.000000000000000000e+00
7.130538242287347561e-01,9.149999976158142090e+00,7.004936218261718750e+00,2.999999999999999889e-01,3.700000000000000000e+05
7.134038916521773244e-01,9.509999990463256836e+00,6.992366790771484375e+00,2.999999999999999889e-01,0.000000000000000000e+00
7.134279059344038609e-01,9.509999990463256836e+00,7.112438201904296875e+00,2.999999999999999889e-01,3.700000000000000000e+05
7.137779734872239379e-01,9.149999976158142090e+00,7.125011444091796875e+00,2.999999999999999889e-01,0.000000000000000000e+00
7.138019877694504745e-01,9.149999976158142090e+00,7.245082855224609375e+00,2.999999999999999889e-01,3.700000000000000000e+05
7.141520551928930427e-01,9.509999990463256836e+00,7.232513427734375000e+00,2.999999999999999889e-01,0.000000000000000000e+00
7.152145231547429871e-01,1.463999986648559570e+01,5.852638244628906250e+00,2.999999999999999889e-01,3.700000000000000000e+05
7.191236100935437525e-01,1.865999984741210938e+01,5.712253570556640625e+00,2.999999999999999889e-01,0.000000000000000000e+00
7.191476251387097784e-01,1.865999984741210938e+01,5.832328796386718750e+00,2.999999999999999889e-01,3.700000000000000000e+05
7.195694441451381262e-01,1.822621250152587891e+01,5.847476959228515625e+00,2.999999999999999889e-01,0.000000000000000000e+00
7.195971930538399564e-01,1.830000019073486328e+01,5.964973449707031250e+00,2.999999999999999889e-01,3.700000000000000000e+05
7.199472602593228743e-01,1.865999984741210938e+01,5.952400207519531250e+00,2.999999999999999889e-01,0.000000000000000000e+00
7.199712753044889002e-01,1.865999984741210938e+01,6.072475433349609375e+00,2.999999999999999889e-01,3.700000000000000000e+05
7.203213423805940874e-01,1.830000019073486328e+01,6.085044860839843750e+00,2.999999999999999889e-01,0.000000000000000000e+00
7.203453574257601133e-01,1.830000019073486328e+01,6.205120086669921875e+00,2.999999999999999889e-01,3.700000000000000000e+05
7.206954246312430312e-01,1.865999984741210938e+01,6.192546844482421875e+00,2.999999999999999889e-01,0.000000000000000000e+00
7.207194396764090571e-01,1.865999984741210938e+01,6.312622070312500000e+00,2.999999999999999889e-01,3.700000000000000000e+05
7.210695067525142443e-01,1.830000019073486328e+01,6.325191497802734375e+00,2.999999999999999889e-01,0.000000000000000000e+00
7.210935217976802702e-01,1.830000019073486328e+01,6.445266723632812500e+00,2.999999999999999889e-01,3.700000000000000000e+05
7.214435890031631882e-01,1.865999984741210938e+01,6.432693481445312500e+00,2.999999999999999889e-01,0.000000000000000000e+00
7.214676040483292141e-01,1.865999984741210938e+01,6.552768707275390625e+00,2.999999999999999889e-01,3.700000000000000000e+05
7.218176711244344013e-01,1.830000019073486328e+01,6.565338134765625000e+00,2.999999999999999889e-01,0.000000000000000000e+00
7.218416861696004272e-01,1.830000019073486328e+01,6.685413360595703125e+00,2.999999999999999889e-01,3.700000000000000000e+05
7.221917533750833451e-01,1.865999984741210938e+01,6.672840118408203125e+00,2.999999999999999889e-01,0.000000000000000000e+00
7.222157684202493710e-01,1.865999984741210938e+01,6.792915344238281250e+00,2.999999999999999889e-01,3.700000000000000000e+05
7.225658354963545582e-01,1.830000019073486328e+01,6.805484771728515625e+00,2.999999999999999889e-01,0.000000000000000000e+00
7.225898497785810948e-01,1.830000019073486328e+01,6.925556182861328125e+00,2.999999999999999889e-01,3.700000000000000000e+05
7.229399168546862819e-01,1.865999984741210938e+01,6.912986755371093750e+00,2.999999999999999889e-01,0.000000000000000000e+00
7.229639311369128185e-01,1.865999984741210938e+01,7.033058166503906250e+00,2.999999999999999889e-01,3.700000000000000000e+05
7.233139983423957364e-01,1.830000019073486328e+01,7.045631408691406250e+00,2.999999999999999889e-01,0.000000000000000000e+00
7.233380126246222730e-01,1.830000019073486328e+01,7.165702819824218750e+00,2.999999999999999889e-01,3.700000000000000000e+05
7.236880797007274602e-01,1.865999984741210938e+01,7.153133392333984375e+00,2.999999999999999889e-01,0.000000000000000000e+00
7.237120939829539967e-01,1.865999984741210938e+01,7.273204803466796875e+00,2.999999999999999889e-01,3.700000000000000000e+05
7.240621611884369146e-01,1.830000019073486328e+01,7.285778045654296875e+00,2.999999999999999889e-01,0.000000000000000000e+00
7.244667220524246831e-01,1.682999992370605469e+01,5.896232604980468750e+00,2.999999999999999889e-01,3.700000000000000000e+05
7.248167892579076010e-01,1.647000026702880859e+01,5.908805847167968750e+00,2.999999999999999889e-01,0.000000000000000000e+00
7.248408035401341376e-01,1.647000026702880859e+01,6.028877258300781250e+00,2.999999999999999889e-01,3.700000000000000000e+05
7.251908706162393248e-01,1.682999992370605469e+01,6.016307830810546875e+00,2.999999999999999889e-01,0.000000000000000000e+00
7.252148848984658613e-01,1.682999992370605469e+01,6.136379241943359375e+00,2.999999999999999889e-01,3.700000000000000000e+05
7.255649521039487793e-01,1.647000026702880859e+01,6.148952484130859375e+00,2.999999999999999889e-01,0.000000000000000000e+00
7.255889663861753158e-01,1.647000026702880859e+01,6.269023895263671875e+00,2.999999999999999889e-01,3.700000000000000000e+05
7.259390334622805030e-01,1.682999992370605469e+01,6.256454467773437500e+00,2.999999999999999889e-01,0.000000000000000000e+00
7.259630477445070396e-01,1.682999992370605469e+01,6.376525878906250000e+00,2.999999999999999889e-01,3.700000000000000000e+05
7.263131149499899575e-01,1.647000026702880859e+01,6.389099121093750000e+00,2.999999999999999889e-01,0.000000000000000000e+00
7.263371292322164940e-01,1.647000026702880859e+01,6.509170532226562500e+00,2.999999999999999889e-01,3.700000000000000000e+05
7.266871964376994120e-01,1.682999992370605469e+01,6.496597290039062500e+00,2.999999999999999889e-01,0.000000000000000000e+00
7.267112114828654379e-01,1.682999992370605469e+01,6.616672515869140625e+00,2.999999999999999889e-01,3.700000000000000000e+05
7.270612785589706251e-01,1.647000026702880859e+01,6.629241943359375000e+00,2.999999999999999889e-01,0.000000000000000000e+00
7.270852936041366510e-01,1.647000026702880859e+01,6.749317169189453125e+00,2.999999999999999889e-01,3.700000000000000000e+05
7.274353608096195689e-01,1.682999992370605469e+01,6.736743927001953125e+00,2.999999999999999889e-01,0.000000000000000000e+00
7.274593758547855948e-01,1.682999992370605469e+01,6.856819152832031250e+00,2.999999999999999889e-01,3.700000000000000000e+05
7.278094429308907820e-01,1.647000026702880859e+01,6.869388580322265625e+00,2.999999999999999889e-01,0.000000000000000000e+00
7.278334579760568079e-01,1.647000026702880859e+01,6.989463806152343750e+00,2.999999999999999889e-01,3.700000000000000000e+05
7.281835251815397259e-01,1.682999992370605469e+01,6.976890563964843750e+00,2.999999999999999889e-01,0.000000000000000000e+00
7.282075402267057518e-01,1.682999992370605469e+01,7.096965789794921875e+00,2.999999999999999889e-01,3.700000000000000000e+05
7.285576073028109390e-01,1.647000026702880859e+01,7.109535217285156250e+00,2.999999999999999889e-01,0.000000000000000000e+00
7.285816223479769649e-01,1.647000026702880859e+01,7.229610443115234375e+00,2.999999999999999889e-01,3.700000000000000000e+05
7.289316895534598828e-01,1.682999992370605469e+01,7.217037200927734375e+00,2.999999999999999889e-01,0.000000000000000000e+00
7.293757026037471780e-01,1.500000000000000000e+01,5.960140228271484375e+00,2.999999999999999889e-01,3.700000000000000000e+05
7.297257701429687993e-01,1.463999986648559570e+01,5.972709655761718750e+00,2.999999999999999889e-01,0.000000000000000000e+00
7.297497844251953358e-01,1.463999986648559570e+01,6.092781066894531250e+00,2.999999999999999889e-01,3.700000000000000000e+05
7.300998519644169571e-01,1.500000000000000000e+01,6.080211639404296875e+00,2.999999999999999889e-01,0.000000000000000000e+00
7.301238662466434937e-01,1.500000000000000000e+01,6.200283050537109375e+00,2.999999999999999889e-01,3.700000000000000000e+05
7.304739339152426236e-01,1.463999986648559570e+01,6.212856292724609375e+00,2.999999999999999889e-01,0.000000000000000000e+00
7.304979481974691602e-01,1.463999986648559570e+01,6.332927703857421875e+00,2.999999999999999889e-01,3.700000000000000000e+05
7.308480157366907815e-01,1.500000000000000000e+01,6.320358276367187500e+00,2.999999999999999889e-01,0.000000000000000000e+00
7.308720300189173180e-01,1.500000000000000000e+01,6.440429687500000000e+00,2.999999999999999889e-01,3.700000000000000000e+05
7.312220976875164480e-01,1.463999986648559570e+01,6.453002929687500000e+00,2.999999999999999889e-01,0.000000000000000000e+00
7.312461119697429845e-01,1.463999986648559570e+01,6.573074340820312500e+00,2.999999999999999889e-01,3.700000000000000000e+05
7.315961795089646058e-01,1.500000000000000000e+01,6.560504913330078125e+00,2.999999999999999889e-01,0.000000000000000000e+00
7.316201937911911424e-01,1.500000000000000000e+01,6.680576324462890625e+00,2.999999999999999889e-01,3.700000000000000000e+05
7.319702614597902723e-01,1.463999986648559570e+01,6.693149566650390625e+00,2.999999999999999889e-01,0.000000000000000000e+00
7.319942757420168089e-01,1.463999986648559570e+01,6.813220977783203125e+00,2.999999999999999889e-01,3.700000000000000000e+05
7.323443432812384302e-01,1.500000000000000000e+01,6.800651550292968750e+00,2.999999999999999889e-01,0.000000000000000000e+00
7.323683575634649667e-01,1.500000000000000000e+01,6.920722961425781250e+00,2.999999999999999889e-01,3.700000000000000000e+05
7.327184252320640967e-01,1.463999986648559570e+01,6.933296203613281250e+00,2.999999999999999889e-01,0.000000000000000000e+00
7.327424395142906333e-01,1.463999986648559570e+01,7.053367614746093750e+00,2.999999999999999889e-01,3.700000000000000000e+05
7.330925070535122545e-01,1.500000000000000000e+01,7.040798187255859375e+00,2.999999999999999889e-01,0.000000000000000000e+00
7.331165213357387911e-01,1.500000000000000000e+01,7.160869598388671875e+00,2.999999999999999889e-01,3.700000000000000000e+05
7.334665890043379211e-01,1.463999986648559570e+01,7.173442840576171875e+00,2.999999999999999889e-01,0.000000000000000000e+00
7.334906032865644576e-01,1.463999986648559570e+01,7.293514251708984375e+00,2.999999999999999889e-01,3.700000000000000000e+05
7.338406708257860789e-01,1.500000000000000000e+01,7.280944824218750000e+00,2.999999999999999889e-01,0.000000000000000000e+00
7.374879581929671968e-01,-3.232125282287597656e+00,7.677474975585937500e+00,2.999999999999999889e-01,3.700000000000000000e+05
7.475125791423907762e-01,7.076925963163375854e+00,7.317478179931640625e+00,2.999999999999999889e-01,0.000000000000000000e+00
7.482002681666007904e-01,1.051537108421325684e+01,7.317478179931640625e+00,2.999999999999999889e-01,3.700000000000000000e+05
7.584255165589567360e-01,0.000000000000000000e+00,7.684680938720703125e+00,2.999999999999999889e-01,0.000000000000000000e+00
7.584495316041227619e-01,0.000000000000000000e+00,7.804756164550781250e+00,2.999999999999999889e-01,3.700000000000000000e+05
7.587995992727218919e-01,3.600001335144042969e-01,7.792182922363281250e+00,2.999999999999999889e-01,0.000000000000000000e+00
7.588236135549484285e-01,3.600001335144042969e-01,7.912254333496093750e+00,2.999999999999999889e-01,3.700000000000000000e+05
7.591736812235475584e-01,0.000000000000000000e+00,7.924827575683593750e+00,2.999999999999999889e-01,0.000000000000000000e+00
7.591976955057740950e-01,0.000000000000000000e+00,8.044898986816406250e+00,2.999999999999999889e-01,3.700000000000000000e+05
7.595477630449957163e-01,3.600001335144042969e-01,8.032329559326171875e+00,2.999999999999999889e-01,0.000000000000000000e+00
7.595717773272222528e-01,3.600001335144042969e-01,8.152400970458984375e+00,2.999999999999999889e-01,3.700000000000000000e+05
7.599218449958213828e-01,0.000000000000000000e+00,8.164974212646484375e+00,2.999999999999999889e-01,0.000000000000000000e+00
7.599458592780479194e-01,0.000000000000000000e+00,8.285045623779296875e+00,2.999999999999999889e-01,3.700000000000000000e+05
7.602959268172695406e-01,3.600001335144042969e-01,8.272476196289062500e+00,2.999999999999999889e-01,0.000000000000000000e+00
7.603199410994960772e-01,3.600001335144042969e-01,8.392547607421875000e+00,2.999999999999999889e-01,3.700000000000000000e+05
7.606700087680952072e-01,0.000000000000000000e+00,8.405120849609375000e+00,2.999999999999999889e-01,0.000000000000000000e+00
7.606940230503217437e-01,0.000000000000000000e+00,8.525192260742187500e+00,2.999999999999999889e-01,3.700000000000000000e+05
7.610440905895433650e-01,3.600001335144042969e-01,8.512622833251953125e+00,2.999999999999999889e-01,0.000000000000000000e+00
7.610681048717699015e-01,3.600001335144042969e-01,8.632694244384765625e+00,2.999999999999999889e-01,3.700000000000000000e+05
7.614181725403690315e-01,0.000000000000000000e+00,8.645267486572265625e+00,2.999999999999999889e-01,0.000000000000000000e+00
7.614421868225955681e-01,0.000000000000000000e+00,8.765338897705078125e+00,2.999999999999999889e-01,3.700000000000000000e+05
7.617922543618171893e-01,3.600001335144042969e-01,8.752769470214843750e+00,2.999999999999999889e-01,0.000000000000000000e+00
7.618162686440437259e-01,3.600001335144042969e-01,8.872840881347656250e+00,2.999999999999999889e-01,3.700000000000000000e+05
7.621663363126428559e-01,0.000000000000000000e+00,8.885414123535156250e+00,2.999999999999999889e-01,0.000000000000000000e+00
7.621903505948693924e-01,0.000000000000000000e+00,9.005485534667968750e+00,2.999999999999999889e-01,3.700000000000000000e+05
7.625404181340910137e-01,3.600001335144042969e-01,8.992916107177734375e+00,2.999999999999999889e-01,0.000000000000000000e+00
7.625644324163175503e-01,3.600001335144042969e-01,9.112987518310546875e+00,2.999999999999999889e-01,3.700000000000000000e+05
7.629145000849166802e-01,0.000000000000000000e+00,9.125560760498046875e+00,2.999999999999999889e-01,0.000000000000000000e+00
7.633190609489044487e-01,-1.470000267028808594e+00,7.736015319824218750e+00,2.999999999999999889e-01,3.700000000000000000e+05
7.636691280250096359e-01,-1.829999923706054688e+00,7.748584747314453125e+00,2.999999999999999889e-01,0.000000000000000000e+00
7.636931430701756618e-01,-1.829999923706054688e+00,7.868659973144531250e+00,2.999999999999999889e-01,3.700000000000000000e+05
7.640432102756585797e-01,-1.470000267028808594e+00,7.856086730957031250e+00,2.999999999999999889e-01,0.000000000000000000e+00
7.640672253208246056e-01,-1.470000267028808594e+00,7.976161956787109375e+00,2.999999999999999889e-01,3.700000000000000000e+05
7.644172923969297928e-01,-1.829999923706054688e+00,7.988731384277343750e+00,2.999999999999999889e-01,0.000000000000000000e+00
7.644413074420958187e-01,-1.829999923706054688e+00,8.108806610107421875e+00,2.999999999999999889e-01,3.700000000000000000e+05
7.647913746475787367e-01,-1.470000267028808594e+00,8.096233367919921875e+00,2.999999999999999889e-01,0.000000000000000000e+00
7.648153896927447626e-01,-1.470000267028808594e+00,8.216308593750000000e+00,2.999999999999999889e-01,3.700000000000000000e+05
7.651654567688499498e-01,-1.829999923706054688e+00,8.228878021240234375e+00,2.999999999999999889e-01,0.000000000000000000e+00
7.651894718140159757e-01,-1.829999923706054688e+00,8.348953247070312500e+00,2.999999999999999889e-01,3.700000000000000000e+05
7.655395390194988936e-01,-1.470000267028808594e+00,8.336380004882812500e+00,2.999999999999999889e-01,0.000000000000000000e+00
7.655635540646649195e-01,-1.470000267028808594e+00,8.456455230712890625e+00,2.999999999999999889e-01,3.700000000000000000e+05
7.659136211407701067e-01,-1.829999923706054688e+00,8.469024658203125000e+00,2.999999999999999889e-01,0.000000000000000000e+00
7.659376361859361326e-01,-1.829999923706054688e+00,8.589099884033203125e+00,2.999999999999999889e-01,3.700000000000000000e+05
7.662877033914190505e-01,-1.470000267028808594e+00,8.576526641845703125e+00,2.999999999999999889e-01,0.000000000000000000e+00
7.663117184365850765e-01,-1.470000267028808594e+00,8.696601867675781250e+00,2.999999999999999889e-01,3.700000000000000000e+05
7.666617855126902636e-01,-1.829999923706054688e+00,8.709171295166015625e+00,2.999999999999999889e-01,0.000000000000000000e+00
7.666858005578562896e-01,-1.829999923706054688e+00,8.829246520996093750e+00,2.999999999999999889e-01,3.700000000000000000e+05
7.670358677633392075e-01,-1.470000267028808594e+00,8.816673278808593750e+00,2.999999999999999889e-01,0.000000000000000000e+00
7.670598820455657441e-01,-1.470000267028808594e+00,8.936744689941406250e+00,2.999999999999999889e-01,3.700000000000000000e+05
7.674099492510486620e-01,-1.829999923706054688e+00,8.949317932128906250e+00,2.999999999999999889e-01,0.000000000000000000e+00
7.674339635332751985e-01,-1.829999923706054688e+00,9.069389343261718750e+00,2.999999999999999889e-01,3.700000000000000000e+05
7.677840306093803857e-01,-1.470000267028808594e+00,9.056819915771484375e+00,2.999999999999999889e-01,0.000000000000000000e+00
7.679534768857120275e-01,-6.276330947875976562e-01,9.147476196289062500e+00,2.999999999999999889e-01,3.700000000000000000e+05
7.709021796073506350e-01,-3.659999847412109375e+00,9.253368377685546875e+00,2.999999999999999889e-01,0.000000000000000000e+00
7.720410880978354484e-01,1.829999923706054688e+00,7.740848541259765625e+00,2.999999999999999889e-01,3.700000000000000000e+05
7.723911556370570697e-01,2.190000057220458984e+00,7.728279113769531250e+00,2.999999999999999889e-01,0.000000000000000000e+00
7.724151699192836062e-01,2.190000057220458984e+00,7.848350524902343750e+00,2.999999999999999889e-01,3.700000000000000000e+05
7.727652375878827362e-01,1.829999923706054688e+00,7.860923767089843750e+00,2.999999999999999889e-01,0.000000000000000000e+00
7.727892518701092728e-01,1.829999923706054688e+00,7.980995178222656250e+00,2.999999999999999889e-01,3.700000000000000000e+05
7.731393194093308940e-01,2.190000057220458984e+00,7.968425750732421875e+00,2.999999999999999889e-01,0.000000000000000000e+00
7.731633336915574306e-01,2.190000057220458984e+00,8.088497161865234375e+00,2.999999999999999889e-01,3.700000000000000000e+05
7.735134013601565606e-01,1.829999923706054688e+00,8.101070404052734375e+00,2.999999999999999889e-01,0.000000000000000000e+00
7.735374156423830971e-01,1.829999923706054688e+00,8.221141815185546875e+00,2.999999999999999889e-01,3.700000000000000000e+05
7.738874831816047184e-01,2.190000057220458984e+00,8.208572387695312500e+00,2.999999999999999889e-01,0.000000000000000000e+00
7.739114974638312550e-01,2.190000057220458984e+00,8.328643798828125000e+00,2.999999999999999889e-01,3.700000000000000000e+05
7.742615651324303849e-01,1.829999923706054688e+00,8.341217041015625000e+00,2.999999999999999889e-01,0.000000000000000000e+00
7.742855794146569215e-01,1.829999923706054688e+00,8.461288452148437500e+00,2.999999999999999889e-01,3.700000000000000000e+05
7.746356470832560515e-01,2.190000057220458984e+00,8.448715209960937500e+00,2.999999999999999889e-01,0.000000000000000000e+00
7.746596621284220774e-01,2.190000057220458984e+00,8.568790435791015625e+00,2.999999999999999889e-01,3.700000000000000000e+05
7.750097296676436986e-01,1.829999923706054688e+00,8.581359863281250000e+00,2.999999999999999889e-01,0.000000000000000000e+00
7.750337447128097246e-01,1.829999923706054688e+00,8.701435089111328125e+00,2.999999999999999889e-01,3.700000000000000000e+05
7.753838123814088545e-01,2.190000057220458984e+00,8.688861846923828125e+00,2.999999999999999889e-01,0.000000000000000000e+00
7.754078274265748805e-01,2.190000057220458984e+00,8.808937072753906250e+00,2.999999999999999889e-01,3.700000000000000000e+05
7.757578949657965017e-01,1.829999923706054688e+00,8.821506500244140625e+00,2.999999999999999889e-01,0.000000000000000000e+00
7.757819100109625277e-01,1.829999923706054688e+00,8.941581726074218750e+00,2.999999999999999889e-01,3.700000000000000000e+05
7.761319776795616576e-01,2.190000057220458984e+00,8.929008483886718750e+00,2.999999999999999889e-01,0.000000000000000000e+00
7.761559927247276836e-01,2.190000057220458984e+00,9.049083709716796875e+00,2.999999999999999889e-01,3.700000000000000000e+05
7.765060602639493048e-01,1.829999923706054688e+00,9.061653137207031250e+00,2.999999999999999889e-01,0.000000000000000000e+00
7.776058295266905507e-01,-3.659999847412109375e+00,9.373443603515625000e+00,2.999999999999999889e-01,3.700000000000000000e+05
7.838981095547914446e-01,2.810811996459960938e+00,9.147476196289062500e+00,2.999999999999999889e-01,0.000000000000000000e+00
7.842361261365869973e-01,3.644764423370361328e+00,7.677474975585937500e+00,2.999999999999999889e-01,3.700000000000000000e+05
7.942607473465135293e-01,1.395381593704223633e+01,7.317478179931640625e+00,2.999999999999999889e-01,0.000000000000000000e+00
7.949484364601304698e-01,1.739226150512695312e+01,7.317478179931640625e+00,2.999999999999999889e-01,3.700000000000000000e+05
8.049730581042284783e-01,7.083209544420242310e+00,7.677474975585937500e+00,2.999999999999999889e-01,0.000000000000000000e+00
8.050254298721634116e-01,7.319999963045120239e+00,7.789279937744140625e+00,2.999999999999999889e-01,3.700000000000000000e+05
8.053754971798268159e-01,7.679999858140945435e+00,7.776710510253906250e+00,2.999999999999999889e-01,0.000000000000000000e+00
8.053995114620533524e-01,7.679999858140945435e+00,7.896781921386718750e+00,2.999999999999999889e-01,3.700000000000000000e+05
8.057495788990943764e-01,7.319999963045120239e+00,7.909355163574218750e+00,2.999999999999999889e-01,0.000000000000000000e+00
8.057735931813209129e-01,7.319999963045120239e+00,8.029426574707031250e+00,2.999999999999999889e-01,3.700000000000000000e+05
8.061236604889843171e-01,7.679999858140945435e+00,8.016857147216796875e+00,2.999999999999999889e-01,0.000000000000000000e+00
8.061476747712108537e-01,7.679999858140945435e+00,8.136928558349609375e+00,2.999999999999999889e-01,3.700000000000000000e+05
8.064977422082518776e-01,7.319999963045120239e+00,8.149501800537109375e+00,2.999999999999999889e-01,0.000000000000000000e+00
8.065217564904784142e-01,7.319999963045120239e+00,8.269573211669921875e+00,2.999999999999999889e-01,3.700000000000000000e+05
8.068718239275194382e-01,7.679999858140945435e+00,8.256999969482421875e+00,2.999999999999999889e-01,0.000000000000000000e+00
8.068958389726854641e-01,7.679999858140945435e+00,8.377075195312500000e+00,2.999999999999999889e-01,3.700000000000000000e+05
8.072459062803488683e-01,7.319999963045120239e+00,8.389644622802734375e+00,2.999999999999999889e-01,0.000000000000000000e+00
8.072699213255148942e-01,7.319999963045120239e+00,8.509719848632812500e+00,2.999999999999999889e-01,3.700000000000000000e+05
8.076199887625559182e-01,7.679999858140945435e+00,8.497146606445312500e+00,2.999999999999999889e-01,0.000000000000000000e+00
8.076440038077219441e-01,7.679999858140945435e+00,8.617221832275390625e+00,2.999999999999999889e-01,3.700000000000000000e+05
8.079940711153853483e-01,7.319999963045120239e+00,8.629791259765625000e+00,2.999999999999999889e-01,0.000000000000000000e+00
8.080180861605513742e-01,7.319999963045120239e+00,8.749866485595703125e+00,2.999999999999999889e-01,3.700000000000000000e+05
8.083681535975923982e-01,7.679999858140945435e+00,8.737293243408203125e+00,2.999999999999999889e-01,0.000000000000000000e+00
8.083921686427584241e-01,7.679999858140945435e+00,8.857368469238281250e+00,2.999999999999999889e-01,3.700000000000000000e+05
8.087422359504218283e-01,7.319999963045120239e+00,8.869937896728515625e+00,2.999999999999999889e-01,0.000000000000000000e+00
8.087662509955878543e-01,7.319999963045120239e+00,8.990013122558593750e+00,2.999999999999999889e-01,3.700000000000000000e+05
8.091163184326288782e-01,7.679999858140945435e+00,8.977439880371093750e+00,2.999999999999999889e-01,0.000000000000000000e+00
8.091403334777949041e-01,7.679999858140945435e+00,9.097515106201171875e+00,2.999999999999999889e-01,3.700000000000000000e+05
8.094904007854583083e-01,7.319999963045120239e+00,9.110084533691406250e+00,2.999999999999999889e-01,0.000000000000000000e+00
8.098949610777055330e-01,5.850000023841857910e+00,7.720542907714843750e+00,2.999999999999999889e-01,3.700000000000000000e+05
8.102450285011481013e-01,5.490000009536743164e+00,7.733112335205078125e+00,2.999999999999999889e-01,0.000000000000000000e+00
8.102690435463141272e-01,5.490000009536743164e+00,7.853187561035156250e+00,2.999999999999999889e-01,3.700000000000000000e+05
8.106191110991342041e-01,5.850000023841857910e+00,7.840614318847656250e+00,2.999999999999999889e-01,0.000000000000000000e+00
8.106431253813607407e-01,5.850000023841857910e+00,7.960685729980468750e+00,2.999999999999999889e-01,3.700000000000000000e+05
8.109931929341808177e-01,5.490000009536743164e+00,7.973258972167968750e+00,2.999999999999999889e-01,0.000000000000000000e+00
8.110172072164073542e-01,5.490000009536743164e+00,8.093330383300781250e+00,2.999999999999999889e-01,3.700000000000000000e+05
8.113672746398499225e-01,5.850000023841857910e+00,8.080760955810546875e+00,2.999999999999999889e-01,0.000000000000000000e+00
8.113912889220764590e-01,5.850000023841857910e+00,8.200832366943359375e+00,2.999999999999999889e-01,3.700000000000000000e+05
8.117413564748965360e-01,5.490000009536743164e+00,8.213405609130859375e+00,2.999999999999999889e-01,0.000000000000000000e+00
8.117653707571230726e-01,5.490000009536743164e+00,8.333477020263671875e+00,2.999999999999999889e-01,3.700000000000000000e+05
8.121154381805656408e-01,5.850000023841857910e+00,8.320907592773437500e+00,2.999999999999999889e-01,0.000000000000000000e+00
8.121394524627921774e-01,5.850000023841857910e+00,8.440979003906250000e+00,2.999999999999999889e-01,3.700000000000000000e+05
8.124895200156122543e-01,5.490000009536743164e+00,8.453552246093750000e+00,2.999999999999999889e-01,0.000000000000000000e+00
8.125135342978387909e-01,5.490000009536743164e+00,8.573623657226562500e+00,2.999999999999999889e-01,3.700000000000000000e+05
8.128636017212813591e-01,5.850000023841857910e+00,8.561054229736328125e+00,2.999999999999999889e-01,0.000000000000000000e+00
8.128876160035078957e-01,5.850000023841857910e+00,8.681125640869140625e+00,2.999999999999999889e-01,3.700000000000000000e+05
8.132376835563279727e-01,5.490000009536743164e+00,8.693698883056640625e+00,2.999999999999999889e-01,0.000000000000000000e+00
8.132616978385545092e-01,5.490000009536743164e+00,8.813770294189453125e+00,2.999999999999999889e-01,3.700000000000000000e+05
8.136117652619970775e-01,5.850000023841857910e+00,8.801200866699218750e+00,2.999999999999999889e-01,0.000000000000000000e+00
8.136357795442236140e-01,5.850000023841857910e+00,8.921272277832031250e+00,2.999999999999999889e-01,3.700000000000000000e+05
8.139858470970436910e-01,5.490000009536743164e+00,8.933845520019531250e+00,2.999999999999999889e-01,0.000000000000000000e+00
8.140098613792702276e-01,5.490000009536743164e+00,9.053916931152343750e+00,2.999999999999999889e-01,3.700000000000000000e+05
8.143599288027127958e-01,5.850000023841857910e+00,9.041347503662109375e+00,2.999999999999999889e-01,0.000000000000000000e+00
8.148039423045939644e-01,4.019999980926513672e+00,7.784446716308593750e+00,2.999999999999999889e-01,3.700000000000000000e+05
8.151540096122573686e-01,3.660000085830688477e+00,7.797016143798828125e+00,2.999999999999999889e-01,0.000000000000000000e+00
8.151780246574233946e-01,3.660000085830688477e+00,7.917091369628906250e+00,2.999999999999999889e-01,3.700000000000000000e+05
8.155280920944644185e-01,4.019999980926513672e+00,7.904518127441406250e+00,2.999999999999999889e-01,0.000000000000000000e+00
8.155521071396304444e-01,4.019999980926513672e+00,8.024593353271484375e+00,2.999999999999999889e-01,3.700000000000000000e+05
8.159021744472938487e-01,3.660000085830688477e+00,8.037162780761718750e+00,2.999999999999999889e-01,0.000000000000000000e+00
8.159261894924598746e-01,3.660000085830688477e+00,8.157238006591796875e+00,2.999999999999999889e-01,3.700000000000000000e+05
8.162762569295008985e-01,4.019999980926513672e+00,8.144664764404296875e+00,2.999999999999999889e-01,0.000000000000000000e+00
8.163002719746669245e-01,4.019999980926513672e+00,8.264739990234375000e+00,2.999999999999999889e-01,3.700000000000000000e+05
8.166503392823303287e-01,3.660000085830688477e+00,8.277309417724609375e+00,2.999999999999999889e-01,0.000000000000000000e+00
8.166743543274963546e-01,3.660000085830688477e+00,8.397384643554687500e+00,2.999999999999999889e-01,3.700000000000000000e+05
8.170244217645373785e-01,4.019999980926513672e+00,8.384811401367187500e+00,2.999999999999999889e-01,0.000000000000000000e+00
8.170484368097034045e-01,4.019999980926513672e+00,8.504886627197265625e+00,2.999999999999999889e-01,3.700000000000000000e+05
8.173985041173668087e-01,3.660000085830688477e+00,8.517456054687500000e+00,2.999999999999999889e-01,0.000000000000000000e+00
8.174225191625328346e-01,3.660000085830688477e+00,8.637531280517578125e+00,2.999999999999999889e-01,3.700000000000000000e+05
8.177725865995738586e-01,4.019999980926513672e+00,8.624958038330078125e+00,2.999999999999999889e-01,0.000000000000000000e+00
8.177966008818003951e-01,4.019999980926513672e+00,8.745029449462890625e+00,2.999999999999999889e-01,3.700000000000000000e+05
8.181466683188414191e-01,3.660000085830688477e+00,8.757602691650390625e+00,2.999999999999999889e-01,0.000000000000000000e+00
8.181706826010679556e-01,3.660000085830688477e+00,8.877674102783203125e+00,2.999999999999999889e-01,3.700000000000000000e+05
8.185207499087313598e-01,4.019999980926513672e+00,8.865104675292968750e+00,2.999999999999999889e-01,0.000000000000000000e+00
8.185447641909578964e-01,4.019999980926513672e+00,8.985176086425781250e+00,2.999999999999999889e-01,3.700000000000000000e+05
8.188948316279989204e-01,3.660000085830688477e+00,8.997749328613281250e+00,2.999999999999999889e-01,0.000000000000000000e+00
8.189188459102254569e-01,3.660000085830688477e+00,9.117820739746093750e+00,2.999999999999999889e-01,3.700000000000000000e+05
8.192689132178888611e-01,4.019999980926513672e+00,9.105251312255859375e+00,2.999999999999999889e-01,0.000000000000000000e+00
8.197148446112203501e-01,6.249257087707519531e+00,9.147476196289062500e+00,2.999999999999999889e-01,3.700000000000000000e+05
8.293507018164042455e-01,-3.659999847412109375e+00,9.493515014648437500e+00,2.999999999999999889e-01,0.000000000000000000e+00
8.293747168615702714e-01,-3.659999847412109375e+00,9.613590240478515625e+00,2.999999999999999889e-01,3.700000000000000000e+05
8.297247840670531893e-01,-3.300000190734863281e+00,9.601016998291015625e+00,2.999999999999999889e-01,0.000000000000000000e+00
8.297487983492797259e-01,-3.300000190734863281e+00,9.721088409423828125e+00,2.999999999999999889e-01,3.700000000000000000e+05
8.300988655547626438e-01,-3.659999847412109375e+00,9.733661651611328125e+00,2.999999999999999889e-01,0.000000000000000000e+00
8.301228798369891804e-01,-3.659999847412109375e+00,9.853733062744140625e+00,2.999999999999999889e-01,3.700000000000000000e+05
8.304729469130943675e-01,-3.300000190734863281e+00,9.841163635253906250e+00,2.999999999999999889e-01,0.000000000000000000e+00
8.304969611953209041e-01,-3.300000190734863281e+00,9.961235046386718750e+00,2.999999999999999889e-01,3.700000000000000000e+05
8.308470284008038220e-01,-3.659999847412109375e+00,9.973808288574218750e+00,2.999999999999999889e-01,0.000000000000000000e+00
8.308710426830303586e-01,-3.659999847412109375e+00,1.009387969970703125e+01,2.999999999999999889e-01,3.700000000000000000e+05
8.312211097591355458e-01,-3.300000190734863281e+00,1.008131027221679688e+01,2.999999999999999889e-01,0.000000000000000000e+00
8.312451240413620823e-01,-3.300000190734863281e+00,1.020138168334960938e+01,2.999999999999999889e-01,3.700000000000000000e+05
8.315951912468450002e-01,-3.659999847412109375e+00,1.021395492553710938e+01,2.999999999999999889e-01,0.000000000000000000e+00
8.316192055290715368e-01,-3.659999847412109375e+00,1.033402633666992188e+01,2.999999999999999889e-01,3.700000000000000000e+05
8.319692726051767240e-01,-3.300000190734863281e+00,1.032145690917968750e+01,2.999999999999999889e-01,0.000000000000000000e+00
8.319932868874032605e-01,-3.300000190734863281e+00,1.044152832031250000e+01,2.999999999999999889e-01,3.700000000000000000e+05
8.323433540928861785e-01,-3.659999847412109375e+00,1.045410156250000000e+01,2.999999999999999889e-01,0.000000000000000000e+00
8.323673683751127150e-01,-3.659999847412109375e+00,1.057417297363281250e+01,2.999999999999999889e-01,3.700000000000000000e+05
8.327174354512179022e-01,-3.300000190734863281e+00,1.056160354614257812e+01,2.999999999999999889e-01,0.000000000000000000e+00
8.327414497334444388e-01,-3.300000190734863281e+00,1.068167495727539062e+01,2.999999999999999889e-01,3.700000000000000000e+05
8.330915169389273567e-01,-3.659999847412109375e+00,1.069424819946289062e+01,2.999999999999999889e-01,0.000000000000000000e+00
8.331155312211538932e-01,-3.659999847412109375e+00,1.081431961059570312e+01,2.999999999999999889e-01,3.700000000000000000e+05
8.334655982972590804e-01,-3.300000190734863281e+00,1.080175018310546875e+01,2.999999999999999889e-01,0.000000000000000000e+00
8.334896125794856170e-01,-3.300000190734863281e+00,1.092182159423828125e+01,2.999999999999999889e-01,3.700000000000000000e+05
8.338396797849685349e-01,-3.659999847412109375e+00,1.093439483642578125e+01,2.999999999999999889e-01,0.000000000000000000e+00
8.364808454105475688e-01,9.149999976158142090e+00,7.725376129150390625e+00,2.999999999999999889e-01,3.700000000000000000e+05
8.368309129633676458e-01,9.509999990463256836e+00,7.712802886962890625e+00,2.999999999999999889e-01,0.000000000000000000e+00
8.368549280085336717e-01,9.509999990463256836e+00,7.832878112792968750e+00,2.999999999999999889e-01,3.700000000000000000e+05
8.372049954319762399e-01,9.149999976158142090e+00,7.845447540283203125e+00,2.999999999999999889e-01,0.000000000000000000e+00
8.372290104771422659e-01,9.149999976158142090e+00,7.965522766113281250e+00,2.999999999999999889e-01,3.700000000000000000e+05
8.375790780299623428e-01,9.509999990463256836e+00,7.952949523925781250e+00,2.999999999999999889e-01,0.000000000000000000e+00
8.376030930751283687e-01,9.509999990463256836e+00,8.073024749755859375e+00,2.999999999999999889e-01,3.700000000000000000e+05
8.379531604985709370e-01,9.149999976158142090e+00,8.085594177246093750e+00,2.999999999999999889e-01,0.000000000000000000e+00
8.379771755437369629e-01,9.149999976158142090e+00,8.205669403076171875e+00,2.999999999999999889e-01,3.700000000000000000e+05
8.383272430965570399e-01,9.509999990463256836e+00,8.193096160888671875e+00,2.999999999999999889e-01,0.000000000000000000e+00
8.383512581417230658e-01,9.509999990463256836e+00,8.313171386718750000e+00,2.999999999999999889e-01,3.700000000000000000e+05
8.387013255651656340e-01,9.149999976158142090e+00,8.325740814208984375e+00,2.999999999999999889e-01,0.000000000000000000e+00
8.387253406103316600e-01,9.149999976158142090e+00,8.445816040039062500e+00,2.999999999999999889e-01,3.700000000000000000e+05
8.390754081631517369e-01,9.509999990463256836e+00,8.433242797851562500e+00,2.999999999999999889e-01,0.000000000000000000e+00
8.390994232083177629e-01,9.509999990463256836e+00,8.553318023681640625e+00,2.999999999999999889e-01,3.700000000000000000e+05
8.394494906317603311e-01,9.149999976158142090e+00,8.565887451171875000e+00,2.999999999999999889e-01,0.000000000000000000e+00
8.394735056769263570e-01,9.149999976158142090e+00,8.685962677001953125e+00,2.999999999999999889e-01,3.700000000000000000e+05
8.398235732297464340e-01,9.509999990463256836e+00,8.673389434814453125e+00,2.999999999999999889e-01,0.000000000000000000e+00
8.398475875119729706e-01,9.509999990463256836e+00,8.793460845947265625e+00,2.999999999999999889e-01,3.700000000000000000e+05
8.401976550647930475e-01,9.149999976158142090e+00,8.806034088134765625e+00,2.999999999999999889e-01,0.000000000000000000e+00
8.402216693470195841e-01,9.149999976158142090e+00,8.926105499267578125e+00,2.999999999999999889e-01,3.700000000000000000e+05
8.405717367704621523e-01,9.509999990463256836e+00,8.913536071777343750e+00,2.999999999999999889e-01,0.000000000000000000e+00
8.405957510526886889e-01,9.509999990463256836e+00,9.033607482910156250e+00,2.999999999999999889e-01,3.700000000000000000e+05
8.409458186055087658e-01,9.149999976158142090e+00,9.046180725097656250e+00,2.999999999999999889e-01,0.000000000000000000e+00
8.429022649904627240e-01,-6.213493347167968750e-01,9.507476806640625000e+00,2.999999999999999889e-01,3.700000000000000000e+05
8.529268863297677639e-01,9.687702178955078125e+00,9.147476196289062500e+00,2.999999999999999889e-01,0.000000000000000000e+00
8.544283707328521604e-01,2.190000057220458984e+00,9.529376983642578125e+00,2.999999999999999889e-01,3.700000000000000000e+05
8.547784382720737817e-01,1.829999923706054688e+00,9.541946411132812500e+00,2.999999999999999889e-01,0.000000000000000000e+00
8.548024533172398076e-01,1.829999923706054688e+00,9.662021636962890625e+00,2.999999999999999889e-01,3.700000000000000000e+05
8.551525209858389376e-01,2.190000057220458984e+00,9.649448394775390625e+00,2.999999999999999889e-01,0.000000000000000000e+00
8.551765352680654741e-01,2.190000057220458984e+00,9.769519805908203125e+00,2.999999999999999889e-01,3.700000000000000000e+05
8.555266029366646041e-01,1.829999923706054688e+00,9.782093048095703125e+00,2.999999999999999889e-01,0.000000000000000000e+00
8.555506172188911407e-01,1.829999923706054688e+00,9.902164459228515625e+00,2.999999999999999889e-01,3.700000000000000000e+05
8.559006847581127619e-01,2.190000057220458984e+00,9.889595031738281250e+00,2.999999999999999889e-01,0.000000000000000000e+00
8.559246990403392985e-01,2.190000057220458984e+00,1.000966644287109375e+01,2.999999999999999889e-01,3.700000000000000000e+05
8.562747667089384285e-01,1.829999923706054688e+00,1.002223968505859375e+01,2.999999999999999889e-01,0.000000000000000000e+00
8.562987809911649650e-01,1.829999923706054688e+00,1.014231109619140625e+01,2.999999999999999889e-01,3.700000000000000000e+05
8.566488485303865863e-01,2.190000057220458984e+00,1.012974166870117188e+01,2.999999999999999889e-01,0.000000000000000000e+00
8.566728628126131229e-01,2.190000057220458984e+00,1.024981307983398438e+01,2.999999999999999889e-01,3.700000000000000000e+05
8.570229304812122528e-01,1.829999923706054688e+00,1.026238632202148438e+01,2.999999999999999889e-01,0.000000000000000000e+00
8.570469447634387894e-01,1.829999923706054688e+00,1.038245773315429688e+01,2.999999999999999889e-01,3.700000000000000000e+05
8.573970123026604107e-01,2.190000057220458984e+00,1.036988830566406250e+01,2.999999999999999889e-01,0.000000000000000000e+00
8.574210265848869472e-01,2.190000057220458984e+00,1.048995971679687500e+01,2.999999999999999889e-01,3.700000000000000000e+05
8.577710942534860772e-01,1.829999923706054688e+00,1.050253295898437500e+01,2.999999999999999889e-01,0.000000000000000000e+00
8.577951085357126138e-01,1.829999923706054688e+00,1.062260437011718750e+01,2.999999999999999889e-01,3.700000000000000000e+05
8.581451760749342350e-01,2.190000057220458984e+00,1.061003494262695312e+01,2.999999999999999889e-01,0.000000000000000000e+00
8.581691903571607716e-01,2.190000057220458984e+00,1.073010635375976562e+01,2.999999999999999889e-01,3.700000000000000000e+05
8.585192580257599015e-01,1.829999923706054688e+00,1.074267959594726562e+01,2.999999999999999889e-01,0.000000000000000000e+00
8.585432723079864381e-01,1.829999923706054688e+00,1.086275100708007812e+01,2.999999999999999889e-01,3.700000000000000000e+05
8.588933398472080594e-01,2.190000057220458984e+00,1.085018157958984375e+01,2.999999999999999889e-01,0.000000000000000000e+00
8.606763993609675145e-01,1.052165436744689941e+01,7.677474975585937500e+00,2.999999999999999889e-01,3.700000000000000000e+05
8.685902050756232340e-01,1.865999984741210938e+01,7.393280029296875000e+00,2.999999999999999889e-01,0.000000000000000000e+00
8.686142193578497706e-01,1.865999984741210938e+01,7.513351440429687500e+00,2.999999999999999889e-01,3.700000000000000000e+05
8.731844476638639385e-01,1.396009969711303711e+01,7.677474975585937500e+00,2.999999999999999889e-01,0.000000000000000000e+00
8.733217859103817871e-01,1.464000034332275391e+01,7.773807525634765625e+00,2.999999999999999889e-01,3.700000000000000000e+05
8.736718531158647050e-01,1.500000000000000000e+01,7.761234283447265625e+00,2.999999999999999889e-01,0.000000000000000000e+00
8.736958681610307309e-01,1.500000000000000000e+01,7.881309509277343750e+00,2.999999999999999889e-01,3.700000000000000000e+05
8.740459352371359181e-01,1.464000034332275391e+01,7.893878936767578125e+00,2.999999999999999889e-01,0.000000000000000000e+00
8.740699502823019440e-01,1.464000034332275391e+01,8.013954162597656250e+00,2.999999999999999889e-01,3.700000000000000000e+05
8.744200174877848619e-01,1.500000000000000000e+01,8.001380920410156250e+00,2.999999999999999889e-01,0.000000000000000000e+00
8.744440325329508878e-01,1.500000000000000000e+01,8.121456146240234375e+00,2.999999999999999889e-01,3.700000000000000000e+05
8.747940996090560750e-01,1.464000034332275391e+01,8.134025573730468750e+00,2.999999999999999889e-01,0.000000000000000000e+00
8.748181146542221009e-01,1.464000034332275391e+01,8.254100799560546875e+00,2.999999999999999889e-01,3.700000000000000000e+05
8.751681818597050189e-01,1.500000000000000000e+01,8.241527557373046875e+00,2.999999999999999889e-01,0.000000000000000000e+00
8.751921969048710448e-01,1.500000000000000000e+01,8.361602783203125000e+00,2.999999999999999889e-01,3.700000000000000000e+05
8.755422639809762320e-01,1.464000034332275391e+01,8.374172210693359375e+00,2.999999999999999889e-01,0.000000000000000000e+00
8.755662790261422579e-01,1.464000034332275391e+01,8.494247436523437500e+00,2.999999999999999889e-01,3.700000000000000000e+05
8.759163462316251758e-01,1.500000000000000000e+01,8.481674194335937500e+00,2.999999999999999889e-01,0.000000000000000000e+00
8.759403612767912017e-01,1.500000000000000000e+01,8.601749420166015625e+00,2.999999999999999889e-01,3.700000000000000000e+05
8.762904283528963889e-01,1.464000034332275391e+01,8.614318847656250000e+00,2.999999999999999889e-01,0.000000000000000000e+00
8.763144426351229255e-01,1.464000034332275391e+01,8.734390258789062500e+00,2.999999999999999889e-01,3.700000000000000000e+05
8.766645097112281126e-01,1.500000000000000000e+01,8.721820831298828125e+00,2.999999999999999889e-01,0.000000000000000000e+00
8.766885239934546492e-01,1.500000000000000000e+01,8.841892242431640625e+00,2.999999999999999889e-01,3.700000000000000000e+05
8.770385911989375671e-01,1.464000034332275391e+01,8.854465484619140625e+00,2.999999999999999889e-01,0.000000000000000000e+00
8.770626054811641037e-01,1.464000034332275391e+01,8.974536895751953125e+00,2.999999999999999889e-01,3.700000000000000000e+05
8.774126725572692909e-01,1.500000000000000000e+01,8.961967468261718750e+00,2.999999999999999889e-01,0.000000000000000000e+00
8.774366868394958274e-01,1.500000000000000000e+01,9.082038879394531250e+00,2.999999999999999889e-01,3.700000000000000000e+05
8.777867540449787453e-01,1.464000034332275391e+01,9.094612121582031250e+00,2.999999999999999889e-01,0.000000000000000000e+00
8.781913149089665138e-01,1.317000007629394531e+01,7.705066680908203125e+00,2.999999999999999889e-01,3.700000000000000000e+05
8.785413825775656438e-01,1.280999994277954102e+01,7.717639923095703125e+00,2.999999999999999889e-01,0.000000000000000000e+00
8.785653968597921804e-01,1.280999994277954102e+01,7.837711334228515625e+00,2.999999999999999889e-01,3.700000000000000000e+05
8.789154643990138016e-01,1.317000007629394531e+01,7.825141906738281250e+00,2.999999999999999889e-01,0.000000000000000000e+00
8.789394786812403382e-01,1.317000007629394531e+01,7.945213317871093750e+00,2.999999999999999889e-01,3.700000000000000000e+05
8.792895463498394681e-01,1.280999994277954102e+01,7.957786560058593750e+00,2.999999999999999889e-01,0.000000000000000000e+00
8.793135606320660047e-01,1.280999994277954102e+01,8.077857971191406250e+00,2.999999999999999889e-01,3.700000000000000000e+05
8.796636281712876260e-01,1.317000007629394531e+01,8.065288543701171875e+00,2.999999999999999889e-01,0.000000000000000000e+00
8.796876424535141625e-01,1.317000007629394531e+01,8.185359954833984375e+00,2.999999999999999889e-01,3.700000000000000000e+05
8.800377101221132925e-01,1.280999994277954102e+01,8.197933197021484375e+00,2.999999999999999889e-01,0.000000000000000000e+00
8.800617244043398291e-01,1.280999994277954102e+01,8.318004608154296875e+00,2.999999999999999889e-01,3.700000000000000000e+05
8.804117920729389590e-01,1.317000007629394531e+01,8.305431365966796875e+00,2.999999999999999889e-01,0.000000000000000000e+00
8.804358071181049850e-01,1.317000007629394531e+01,8.425506591796875000e+00,2.999999999999999889e-01,3.700000000000000000e+05
8.807858746573266062e-01,1.280999994277954102e+01,8.438076019287109375e+00,2.999999999999999889e-01,0.000000000000000000e+00
8.808098897024926321e-01,1.280999994277954102e+01,8.558151245117187500e+00,2.999999999999999889e-01,3.700000000000000000e+05
8.811599573710917621e-01,1.317000007629394531e+01,8.545578002929687500e+00,2.999999999999999889e-01,0.000000000000000000e+00
8.811839724162577880e-01,1.317000007629394531e+01,8.665653228759765625e+00,2.999999999999999889e-01,3.700000000000000000e+05
8.815340399554794093e-01,1.280999994277954102e+01,8.678222656250000000e+00,2.999999999999999889e-01,0.000000000000000000e+00
8.815580550006454352e-01,1.280999994277954102e+01,8.798297882080078125e+00,2.999999999999999889e-01,3.700000000000000000e+05
8.819081226692445652e-01,1.317000007629394531e+01,8.785724639892578125e+00,2.999999999999999889e-01,0.000000000000000000e+00
8.819321377144105911e-01,1.317000007629394531e+01,8.905799865722656250e+00,2.999999999999999889e-01,3.700000000000000000e+05
8.822822052536322124e-01,1.280999994277954102e+01,8.918369293212890625e+00,2.999999999999999889e-01,0.000000000000000000e+00
8.823062202987982383e-01,1.280999994277954102e+01,9.038444519042968750e+00,2.999999999999999889e-01,3.700000000000000000e+05
8.826562879673973683e-01,1.317000007629394531e+01,9.025871276855468750e+00,2.999999999999999889e-01,0.000000000000000000e+00
8.831003014889313718e-01,1.133999991416931152e+01,7.768970489501953125e+00,2.999999999999999889e-01,3.700000000000000000e+05
8.834503689259723958e-01,1.098000001907348633e+01,7.781543731689453125e+00,2.999999999999999889e-01,0.000000000000000000e+00
8.834743832081989323e-01,1.098000001907348633e+01,7.901615142822265625e+00,2.999999999999999889e-01,3.700000000000000000e+05
8.838244505158623365e-01,1.133999991416931152e+01,7.889045715332031250e+00,2.999999999999999889e-01,0.000000000000000000e+00
8.838484647980888731e-01,1.133999991416931152e+01,8.009117126464843750e+00,2.999999999999999889e-01,3.700000000000000000e+05
8.841985322351298970e-01,1.098000001907348633e+01,8.021690368652343750e+00,2.999999999999999889e-01,0.000000000000000000e+00
8.842225465173564336e-01,1.098000001907348633e+01,8.141761779785156250e+00,2.999999999999999889e-01,3.700000000000000000e+05
8.845726138250198378e-01,1.133999991416931152e+01,8.129192352294921875e+00,2.999999999999999889e-01,0.000000000000000000e+00
8.845966281072463744e-01,1.133999991416931152e+01,8.249263763427734375e+00,2.999999999999999889e-01,3.700000000000000000e+05
8.849466955442873983e-01,1.098000001907348633e+01,8.261837005615234375e+00,2.999999999999999889e-01,0.000000000000000000e+00
8.849707098265139349e-01,1.098000001907348633e+01,8.381908416748046875e+00,2.999999999999999889e-01,3.700000000000000000e+05
8.853207771341773391e-01,1.133999991416931152e+01,8.369338989257812500e+00,2.999999999999999889e-01,0.000000000000000000e+00
8.853447914164038757e-01,1.133999991416931152e+01,8.489410400390625000e+00,2.999999999999999889e-01,3.700000000000000000e+05
8.856948588534448996e-01,1.098000001907348633e+01,8.501983642578125000e+00,2.999999999999999889e-01,0.000000000000000000e+00
8.857188731356714362e-01,1.098000001907348633e+01,8.622055053710937500e+00,2.999999999999999889e-01,3.700000000000000000e+05
8.860689404433348404e-01,1.133999991416931152e+01,8.609485626220703125e+00,2.999999999999999889e-01,0.000000000000000000e+00
8.860929547255613770e-01,1.133999991416931152e+01,8.729557037353515625e+00,2.999999999999999889e-01,3.700000000000000000e+05
8.864430221626024009e-01,1.098000001907348633e+01,8.742130279541015625e+00,2.999999999999999889e-01,0.000000000000000000e+00
8.864670364448289375e-01,1.098000001907348633e+01,8.862201690673828125e+00,2.999999999999999889e-01,3.700000000000000000e+05
8.868171037524923417e-01,1.133999991416931152e+01,8.849632263183593750e+00,2.999999999999999889e-01,0.000000000000000000e+00
8.868411180347188782e-01,1.133999991416931152e+01,8.969703674316406250e+00,2.999999999999999889e-01,3.700000000000000000e+05
8.871911854717599022e-01,1.098000001907348633e+01,8.982276916503906250e+00,2.999999999999999889e-01,0.000000000000000000e+00
8.872151997539864388e-01,1.098000001907348633e+01,9.102348327636718750e+00,2.999999999999999889e-01,3.700000000000000000e+05
8.875652671910274627e-01,1.133999991416931152e+01,9.089775085449218750e+00,2.999999999999999889e-01,0.000000000000000000e+00
8.879314395996816822e-01,1.317000007629394531e+01,9.145946502685546875e+00,2.999999999999999889e-01,3.700000000000000000e+05
8.979987037744421308e-01,2.817095756530761719e+00,9.507476806640625000e+00,2.999999999999999889e-01,0.000000000000000000e+00
8.981682564578948869e-01,3.660000085830688477e+00,9.598114013671875000e+00,2.999999999999999889e-01,3.700000000000000000e+05
8.985183235340000740e-01,4.019999742507934570e+00,9.585544586181640625e+00,2.999999999999999889e-01,0.000000000000000000e+00
8.985423378162266106e-01,4.019999742507934570e+00,9.705615997314453125e+00,2.999999999999999889e-01,3.700000000000000000e+05
8.988924050217095285e-01,3.660000085830688477e+00,9.718189239501953125e+00,2.999999999999999889e-01,0.000000000000000000e+00
8.989164193039360651e-01,3.660000085830688477e+00,9.838260650634765625e+00,2.999999999999999889e-01,3.700000000000000000e+05
8.992664863800412522e-01,4.019999742507934570e+00,9.825691223144531250e+00,2.999999999999999889e-01,0.000000000000000000e+00
8.992905006622677888e-01,4.019999742507934570e+00,9.945762634277343750e+00,2.999999999999999889e-01,3.700000000000000000e+05
8.996405678677507067e-01,3.660000085830688477e+00,9.958335876464843750e+00,2.999999999999999889e-01,0.000000000000000000e+00
8.996645821499772433e-01,3.660000085830688477e+00,1.007840728759765625e+01,2.999999999999999889e-01,3.700000000000000000e+05
9.000146493554601612e-01,4.019999742507934570e+00,1.006583404541015625e+01,2.999999999999999889e-01,0.000000000000000000e+00
9.000386644006261871e-01,4.019999742507934570e+00,1.018590927124023438e+01,2.999999999999999889e-01,3.700000000000000000e+05
9.003887314767313743e-01,3.660000085830688477e+00,1.019847869873046875e+01,2.999999999999999889e-01,0.000000000000000000e+00
9.004127465218974002e-01,3.660000085830688477e+00,1.031855392456054688e+01,2.999999999999999889e-01,3.700000000000000000e+05
9.007628137273803182e-01,4.019999742507934570e+00,1.030598068237304688e+01,2.999999999999999889e-01,0.000000000000000000e+00
9.007868287725463441e-01,4.019999742507934570e+00,1.042605590820312500e+01,2.999999999999999889e-01,3.700000000000000000e+05
9.011368958486515313e-01,3.660000085830688477e+00,1.043862533569335938e+01,2.999999999999999889e-01,0.000000000000000000e+00
9.011609108938175572e-01,3.660000085830688477e+00,1.055870056152343750e+01,2.999999999999999889e-01,3.700000000000000000e+05
9.015109780993004751e-01,4.019999742507934570e+00,1.054612731933593750e+01,2.999999999999999889e-01,0.000000000000000000e+00
9.015349931444665010e-01,4.019999742507934570e+00,1.066620254516601562e+01,2.999999999999999889e-01,3.700000000000000000e+05
9.018850602205716882e-01,3.660000085830688477e+00,1.067877197265625000e+01,2.999999999999999889e-01,0.000000000000000000e+00
9.019090752657377141e-01,3.660000085830688477e+00,1.079884719848632812e+01,2.999999999999999889e-01,3.700000000000000000e+05
9.022591424712206321e-01,4.019999742507934570e+00,1.078627395629882812e+01,2.999999999999999889e-01,0.000000000000000000e+00
9.022831575163866580e-01,4.019999742507934570e+00,1.090634918212890625e+01,2.999999999999999889e-01,3.700000000000000000e+05
9.026332245924918452e-01,3.660000085830688477e+00,1.091891860961914062e+01,2.999999999999999889e-01,0.000000000000000000e+00
9.052743901020582351e-01,1.647000026702880859e+01,7.709903717041015625e+00,2.999999999999999889e-01,3.700000000000000000e+05
9.056244573075411530e-01,1.682999992370605469e+01,7.697330474853515625e+00,2.999999999999999889e-01,0.000000000000000000e+00
9.056484715897676896e-01,1.682999992370605469e+01,7.817401885986328125e+00,2.999999999999999889e-01,3.700000000000000000e+05
9.059985387952506075e-01,1.647000026702880859e+01,7.829975128173828125e+00,2.999999999999999889e-01,0.000000000000000000e+00
9.060225530774771441e-01,1.647000026702880859e+01,7.950046539306640625e+00,2.999999999999999889e-01,3.700000000000000000e+05
9.063726201535823312e-01,1.682999992370605469e+01,7.937477111816406250e+00,2.999999999999999889e-01,0.000000000000000000e+00
9.063966344358088678e-01,1.682999992370605469e+01,8.057548522949218750e+00,2.999999999999999889e-01,3.700000000000000000e+05
9.067467016412917857e-01,1.647000026702880859e+01,8.070121765136718750e+00,2.999999999999999889e-01,0.000000000000000000e+00
9.067707159235183223e-01,1.647000026702880859e+01,8.190193176269531250e+00,2.999999999999999889e-01,3.700000000000000000e+05
9.071207829996235095e-01,1.682999992370605469e+01,8.177623748779296875e+00,2.999999999999999889e-01,0.000000000000000000e+00
9.071447972818500460e-01,1.682999992370605469e+01,8.297695159912109375e+00,2.999999999999999889e-01,3.700000000000000000e+05
9.074948644873329640e-01,1.647000026702880859e+01,8.310268402099609375e+00,2.999999999999999889e-01,0.000000000000000000e+00
9.075188787695595005e-01,1.647000026702880859e+01,8.430339813232421875e+00,2.999999999999999889e-01,3.700000000000000000e+05
9.078689458456646877e-01,1.682999992370605469e+01,8.417770385742187500e+00,2.999999999999999889e-01,0.000000000000000000e+00
9.078929601278912243e-01,1.682999992370605469e+01,8.537841796875000000e+00,2.999999999999999889e-01,3.700000000000000000e+05
9.082430273333741422e-01,1.647000026702880859e+01,8.550415039062500000e+00,2.999999999999999889e-01,0.000000000000000000e+00
9.082670416156006787e-01,1.647000026702880859e+01,8.670486450195312500e+00,2.999999999999999889e-01,3.700000000000000000e+05
9.086171086917058659e-01,1.682999992370605469e+01,8.657917022705078125e+00,2.999999999999999889e-01,0.000000000000000000e+00
9.086411229739324025e-01,1.682999992370605469e+01,8.777988433837890625e+00,2.999999999999999889e-01,3.700000000000000000e+05
9.089911901794153204e-01,1.647000026702880859e+01,8.790561676025390625e+00,2.999999999999999889e-01,0.000000000000000000e+00
9.090152044616418570e-01,1.647000026702880859e+01,8.910633087158203125e+00,2.999999999999999889e-01,3.700000000000000000e+05
9.093652715377470441e-01,1.682999992370605469e+01,8.898063659667968750e+00,2.999999999999999889e-01,0.000000000000000000e+00
9.093892858199735807e-01,1.682999992370605469e+01,9.018135070800781250e+00,2.999999999999999889e-01,3.700000000000000000e+05
9.097393530254564986e-01,1.647000026702880859e+01,9.030708312988281250e+00,2.999999999999999889e-01,0.000000000000000000e+00
9.117844691032837012e-01,6.255540609359741211e+00,9.507476806640625000e+00,2.999999999999999889e-01,3.700000000000000000e+05
9.220671756027238875e-01,1.682999992370605469e+01,9.138206481933593750e+00,2.999999999999999889e-01,0.000000000000000000e+00
9.235331025478459299e-01,9.509999990463256836e+00,9.513900756835937500e+00,2.999999999999999889e-01,3.700000000000000000e+05
9.238831702164450599e-01,9.149999856948852539e+00,9.526473999023437500e+00,2.999999999999999889e-01,0.000000000000000000e+00
9.239071844986715965e-01,9.149999856948852539e+00,9.646545410156250000e+00,2.999999999999999889e-01,3.700000000000000000e+05
9.242572520378932177e-01,9.509999990463256836e+00,9.633975982666015625e+00,2.999999999999999889e-01,0.000000000000000000e+00
9.242812663201197543e-01,9.509999990463256836e+00,9.754047393798828125e+00,2.999999999999999889e-01,3.700000000000000000e+05
9.246313339887188842e-01,9.149999856948852539e+00,9.766620635986328125e+00,2.999999999999999889e-01,0.000000000000000000e+00
9.246553482709454208e-01,9.149999856948852539e+00,9.886692047119140625e+00,2.999999999999999889e-01,3.700000000000000000e+05
9.250054158101670421e-01,9.509999990463256836e+00,9.874122619628906250e+00,2.999999999999999889e-01,0.000000000000000000e+00
9.250294300923935786e-01,9.509999990463256836e+00,9.994194030761718750e+00,2.999999999999999889e-01,3.700000000000000000e+05
9.253794977609927086e-01,9.149999856948852539e+00,1.000676727294921875e+01,2.999999999999999889e-01,0.000000000000000000e+00
9.254035120432192452e-01,9.149999856948852539e+00,1.012683868408203125e+01,2.999999999999999889e-01,3.700000000000000000e+05
9.257535797118183751e-01,9.509999990463256836e+00,1.011426544189453125e+01,2.999999999999999889e-01,0.000000000000000000e+00
9.257775947569844011e-01,9.509999990463256836e+00,1.023434066772460938e+01,2.999999999999999889e-01,3.700000000000000000e+05
9.261276622962060223e-01,9.149999856948852539e+00,1.024691009521484375e+01,2.999999999999999889e-01,0.000000000000000000e+00
9.261516773413720482e-01,9.149999856948852539e+00,1.036698532104492188e+01,2.999999999999999889e-01,3.700000000000000000e+05
9.265017450099711782e-01,9.509999990463256836e+00,1.035441207885742188e+01,2.999999999999999889e-01,0.000000000000000000e+00
9.265257600551372041e-01,9.509999990463256836e+00,1.047448730468750000e+01,2.999999999999999889e-01,3.700000000000000000e+05
9.268758275943588254e-01,9.149999856948852539e+00,1.048705673217773438e+01,2.999999999999999889e-01,0.000000000000000000e+00
9.268998426395248513e-01,9.149999856948852539e+00,1.060713195800781250e+01,2.999999999999999889e-01,3.700000000000000000e+05
9.272499103081239813e-01,9.509999990463256836e+00,1.059455871582031250e+01,2.999999999999999889e-01,0.000000000000000000e+00
9.272739253532900072e-01,9.509999990463256836e+00,1.071463394165039062e+01,2.999999999999999889e-01,3.700000000000000000e+05
9.276239928925116285e-01,9.149999856948852539e+00,1.072720336914062500e+01,2.999999999999999889e-01,0.000000000000000000e+00
9.276480079376776544e-01,9.149999856948852539e+00,1.084727859497070312e+01,2.999999999999999889e-01,3.700000000000000000e+05
9.279980756062767844e-01,9.509999990463256836e+00,1.083470535278320312e+01,2.999999999999999889e-01,0.000000000000000000e+00
9.280220906514428103e-01,9.509999990463256836e+00,1.095478057861328125e+01,2.999999999999999889e-01,3.700000000000000000e+05
9.283721581906644316e-01,9.149999856948852539e+00,1.096735000610351562e+01,2.999999999999999889e-01,0.000000000000000000e+00
9.301482411091738234e-01,1.739854431152343750e+01,7.677474975585937500e+00,2.999999999999999889e-01,3.700000000000000000e+05
9.313748925718449145e-01,1.865999984741210938e+01,7.633426666259765625e+00,2.999999999999999889e-01,0.000000000000000000e+00
9.313989068540714511e-01,1.865999984741210938e+01,7.753498077392578125e+00,2.999999999999999889e-01,3.700000000000000000e+05
9.317489740595543690e-01,1.830000019073486328e+01,7.766071319580078125e+00,2.999999999999999889e-01,0.000000000000000000e+00
9.317729883417809056e-01,1.830000019073486328e+01,7.886142730712890625e+00,2.999999999999999889e-01,3.700000000000000000e+05
9.321230554178860928e-01,1.865999984741210938e+01,7.873573303222656250e+00,2.999999999999999889e-01,0.000000000000000000e+00
9.321470697001126293e-01,1.865999984741210938e+01,7.993644714355468750e+00,2.999999999999999889e-01,3.700000000000000000e+05
9.324971369055955472e-01,1.830000019073486328e+01,8.006217956542968750e+00,2.999999999999999889e-01,0.000000000000000000e+00
9.325211511878220838e-01,1.830000019073486328e+01,8.126289367675781250e+00,2.999999999999999889e-01,3.700000000000000000e+05
9.328712182639272710e-01,1.865999984741210938e+01,8.113719940185546875e+00,2.999999999999999889e-01,0.000000000000000000e+00
9.328952325461538075e-01,1.865999984741210938e+01,8.233791351318359375e+00,2.999999999999999889e-01,3.700000000000000000e+05
9.332452997516367255e-01,1.830000019073486328e+01,8.246364593505859375e+00,2.999999999999999889e-01,0.000000000000000000e+00
9.332693140338632620e-01,1.830000019073486328e+01,8.366436004638671875e+00,2.999999999999999889e-01,3.700000000000000000e+05
9.336193812393461799e-01,1.865999984741210938e+01,8.353862762451171875e+00,2.999999999999999889e-01,0.000000000000000000e+00
9.336433962845122059e-01,1.865999984741210938e+01,8.473937988281250000e+00,2.999999999999999889e-01,3.700000000000000000e+05
9.339934633606173930e-01,1.830000019073486328e+01,8.486507415771484375e+00,2.999999999999999889e-01,0.000000000000000000e+00
9.340174784057834190e-01,1.830000019073486328e+01,8.606582641601562500e+00,2.999999999999999889e-01,3.700000000000000000e+05
9.343675456112663369e-01,1.865999984741210938e+01,8.594009399414062500e+00,2.999999999999999889e-01,0.000000000000000000e+00
9.343915606564323628e-01,1.865999984741210938e+01,8.714084625244140625e+00,2.999999999999999889e-01,3.700000000000000000e+05
9.347416277325375500e-01,1.830000019073486328e+01,8.726654052734375000e+00,2.999999999999999889e-01,0.000000000000000000e+00
9.347656427777035759e-01,1.830000019073486328e+01,8.846729278564453125e+00,2.999999999999999889e-01,3.700000000000000000e+05
9.351157099831864938e-01,1.865999984741210938e+01,8.834156036376953125e+00,2.999999999999999889e-01,0.000000000000000000e+00
9.351397250283525198e-01,1.865999984741210938e+01,8.954231262207031250e+00,2.999999999999999889e-01,3.700000000000000000e+05
9.354897921044577069e-01,1.830000019073486328e+01,8.966800689697265625e+00,2.999999999999999889e-01,0.000000000000000000e+00
9.355138071496237329e-01,1.830000019073486328e+01,9.086875915527343750e+00,2.999999999999999889e-01,3.700000000000000000e+05
9.358638743551066508e-01,1.865999984741210938e+01,9.074302673339843750e+00,2.999999999999999889e-01,0.000000000000000000e+00
9.358878894002726767e-01,1.865999984741210938e+01,9.194377899169921875e+00,2.999999999999999889e-01,3.700000000000000000e+05
9.446065277005470939e-01,9.693986177444458008e+00,9.507476806640625000e+00,2.999999999999999889e-01,0.000000000000000000e+00
9.448641694642793132e-01,1.098000025749206543e+01,9.582641601562500000e+00,2.999999999999999889e-01,3.700000000000000000e+05
9.452142366697622311e-01,1.133999991416931152e+01,9.570068359375000000e+00,2.999999999999999889e-01,0.000000000000000000e+00
9.452382517149282570e-01,1.133999991416931152e+01,9.690143585205078125e+00,2.999999999999999889e-01,3.700000000000000000e+05
9.455883187910334442e-01,1.098000025749206543e+01,9.702713012695312500e+00,2.999999999999999889e-01,0.000000000000000000e+00
9.456123338361994701e-01,1.098000025749206543e+01,9.822788238525390625e+00,2.999999999999999889e-01,3.700000000000000000e+05
9.459624010416823880e-01,1.133999991416931152e+01,9.810214996337890625e+00,2.999999999999999889e-01,0.000000000000000000e+00
9.459864160868484140e-01,1.133999991416931152e+01,9.930290222167968750e+00,2.999999999999999889e-01,3.700000000000000000e+05
9.463364831629536011e-01,1.098000025749206543e+01,9.942859649658203125e+00,2.999999999999999889e-01,0.000000000000000000e+00
9.463604982081196271e-01,1.098000025749206543e+01,1.006293487548828125e+01,2.999999999999999889e-01,3.700000000000000000e+05
9.467105654136025450e-01,1.133999991416931152e+01,1.005036163330078125e+01,2.999999999999999889e-01,0.000000000000000000e+00
9.467345804587685709e-01,1.133999991416931152e+01,1.017043685913085938e+01,2.999999999999999889e-01,3.700000000000000000e+05
9.470846475348737581e-01,1.098000025749206543e+01,1.018300628662109375e+01,2.999999999999999889e-01,0.000000000000000000e+00
9.471086625800397840e-01,1.098000025749206543e+01,1.030308151245117188e+01,2.999999999999999889e-01,3.700000000000000000e+05
9.474587297855227019e-01,1.133999991416931152e+01,1.029050827026367188e+01,2.999999999999999889e-01,0.000000000000000000e+00
9.474827448306887279e-01,1.133999991416931152e+01,1.041058349609375000e+01,2.999999999999999889e-01,3.700000000000000000e+05
9.478328119067939150e-01,1.098000025749206543e+01,1.042315292358398438e+01,2.999999999999999889e-01,0.000000000000000000e+00
9.478568261890204516e-01,1.098000025749206543e+01,1.054322433471679688e+01,2.999999999999999889e-01,3.700000000000000000e+05
9.482068932651256388e-01,1.133999991416931152e+01,1.053065490722656250e+01,2.999999999999999889e-01,0.000000000000000000e+00
9.482309075473521753e-01,1.133999991416931152e+01,1.065072631835937500e+01,2.999999999999999889e-01,3.700000000000000000e+05
9.485809747528350933e-01,1.098000025749206543e+01,1.066329956054687500e+01,2.999999999999999889e-01,0.000000000000000000e+00
9.486049890350616298e-01,1.098000025749206543e+01,1.078337097167968750e+01,2.999999999999999889e-01,3.700000000000000000e+05
9.489550561111668170e-01,1.133999991416931152e+01,1.077080154418945312e+01,2.999999999999999889e-01,0.000000000000000000e+00
9.489790703933933536e-01,1.133999991416931152e+01,1.089087295532226562e+01,2.999999999999999889e-01,3.700000000000000000e+05
9.493291375988762715e-01,1.098000025749206543e+01,1.090344619750976562e+01,2.999999999999999889e-01,0.000000000000000000e+00
9.519054045141915887e-01,-1.829999923706054688e+00,9.549682617187500000e+00,2.999999999999999889e-01,3.700000000000000000e+05
9.522554715902967759e-01,-1.470000267028808594e+00,9.537113189697265625e+00,2.999999999999999889e-01,0.000000000000000000e+00
9.522794858725233125e-01,-1.470000267028808594e+00,9.657184600830078125e+00,2.999999999999999889e-01,3.700000000000000000e+05
9.526295530780062304e-01,-1.829999923706054688e+00,9.669757843017578125e+00,2.999999999999999889e-01,0.000000000000000000e+00
9.526535673602327670e-01,-1.829999923706054688e+00,9.789829254150390625e+00,2.999999999999999889e-01,3.700000000000000000e+05
9.530036344363379541e-01,-1.470000267028808594e+00,9.777259826660156250e+00,2.999999999999999889e-01,0.000000000000000000e+00
9.530276487185644907e-01,-1.470000267028808594e+00,9.897331237792968750e+00,2.999999999999999889e-01,3.700000000000000000e+05
9.533777159240474086e-01,-1.829999923706054688e+00,9.909904479980468750e+00,2.999999999999999889e-01,0.000000000000000000e+00
9.534017302062739452e-01,-1.829999923706054688e+00,1.002997589111328125e+01,2.999999999999999889e-01,3.700000000000000000e+05
9.537517972823791323e-01,-1.470000267028808594e+00,1.001740646362304688e+01,2.999999999999999889e-01,0.000000000000000000e+00
9.537758115646056689e-01,-1.470000267028808594e+00,1.013747787475585938e+01,2.999999999999999889e-01,3.700000000000000000e+05
9.541258787700885868e-01,-1.829999923706054688e+00,1.015005111694335938e+01,2.999999999999999889e-01,0.000000000000000000e+00
9.541498930523151234e-01,-1.829999923706054688e+00,1.027012252807617188e+01,2.999999999999999889e-01,3.700000000000000000e+05
9.544999602577980413e-01,-1.470000267028808594e+00,1.025754928588867188e+01,2.999999999999999889e-01,0.000000000000000000e+00
9.545239753029640672e-01,-1.470000267028808594e+00,1.037762451171875000e+01,2.999999999999999889e-01,3.700000000000000000e+05
9.548740423790692544e-01,-1.829999923706054688e+00,1.039019393920898438e+01,2.999999999999999889e-01,0.000000000000000000e+00
9.548980574242352803e-01,-1.829999923706054688e+00,1.051026916503906250e+01,2.999999999999999889e-01,3.700000000000000000e+05
9.552481246297181983e-01,-1.470000267028808594e+00,1.049769592285156250e+01,2.999999999999999889e-01,0.000000000000000000e+00
9.552721396748842242e-01,-1.470000267028808594e+00,1.061777114868164062e+01,2.999999999999999889e-01,3.700000000000000000e+05
9.556222067509894114e-01,-1.829999923706054688e+00,1.063034057617187500e+01,2.999999999999999889e-01,0.000000000000000000e+00
9.556462217961554373e-01,-1.829999923706054688e+00,1.075041580200195312e+01,2.999999999999999889e-01,3.700000000000000000e+05
9.559962890016383552e-01,-1.470000267028808594e+00,1.073784255981445312e+01,2.999999999999999889e-01,0.000000000000000000e+00
9.560203040468043811e-01,-1.470000267028808594e+00,1.085791778564453125e+01,2.999999999999999889e-01,3.700000000000000000e+05
9.563703711229095683e-01,-1.829999923706054688e+00,1.087048721313476562e+01,2.999999999999999889e-01,0.000000000000000000e+00
9.567382160905724131e-01,-3.659999847412109375e+00,1.105446624755859375e+01,2.999999999999999889e-01,3.700000000000000000e+05
9.588820862265925449e-01,-1.455301284790039062e+00,1.097747802734375000e+01,2.999999999999999889e-01,0.000000000000000000e+00
9.593386525952609656e-01,3.600001335144042969e-01,9.593280792236328125e+00,2.999999999999999889e-01,3.700000000000000000e+05
9.596887201344825868e-01,0.000000000000000000e+00,9.605850219726562500e+00,2.999999999999999889e-01,0.000000000000000000e+00
9.597127351796486128e-01,0.000000000000000000e+00,9.725925445556640625e+00,2.999999999999999889e-01,3.700000000000000000e+05
9.600628028482477427e-01,3.600001335144042969e-01,9.713352203369140625e+00,2.999999999999999889e-01,0.000000000000000000e+00
9.600868178934137687e-01,3.600001335144042969e-01,9.833427429199218750e+00,2.999999999999999889e-01,3.700000000000000000e+05
9.604368854326353899e-01,0.000000000000000000e+00,9.845996856689453125e+00,2.999999999999999889e-01,0.000000000000000000e+00
9.604609004778014159e-01,0.000000000000000000e+00,9.966072082519531250e+00,2.999999999999999889e-01,3.700000000000000000e+05
9.608109681464005458e-01,3.600001335144042969e-01,9.953498840332031250e+00,2.999999999999999889e-01,0.000000000000000000e+00
9.608349831915665717e-01,3.600001335144042969e-01,1.007357406616210938e+01,2.999999999999999889e-01,3.700000000000000000e+05
9.611850507307881930e-01,0.000000000000000000e+00,1.008614349365234375e+01,2.999999999999999889e-01,0.000000000000000000e+00
9.612090657759542189e-01,0.000000000000000000e+00,1.020621871948242188e+01,2.999999999999999889e-01,3.700000000000000000e+05
9.615591334445533489e-01,3.600001335144042969e-01,1.019364547729492188e+01,2.999999999999999889e-01,0.000000000000000000e+00
9.615831484897193748e-01,3.600001335144042969e-01,1.031372070312500000e+01,2.999999999999999889e-01,3.700000000000000000e+05
9.619332160289409961e-01,0.000000000000000000e+00,1.032629013061523438e+01,2.999999999999999889e-01,0.000000000000000000e+00
9.619572310741070220e-01,0.000000000000000000e+00,1.044636535644531250e+01,2.999999999999999889e-01,3.700000000000000000e+05
9.623072987427061520e-01,3.600001335144042969e-01,1.043379211425781250e+01,2.999999999999999889e-01,0.000000000000000000e+00
9.623313130249326885e-01,3.600001335144042969e-01,1.055386352539062500e+01,2.999999999999999889e-01,3.700000000000000000e+05
9.626813806935318185e-01,0.000000000000000000e+00,1.056643676757812500e+01,2.999999999999999889e-01,0.000000000000000000e+00
9.627053949757583551e-01,0.000000000000000000e+00,1.068650817871093750e+01,2.999999999999999889e-01,3.700000000000000000e+05
9.630554625149799763e-01,3.600001335144042969e-01,1.067393875122070312e+01,2.999999999999999889e-01,0.000000000000000000e+00
9.630794767972065129e-01,3.600001335144042969e-01,1.079401016235351562e+01,2.999999999999999889e-01,3.700000000000000000e+05
9.634295444658056429e-01,0.000000000000000000e+00,1.080658340454101562e+01,2.999999999999999889e-01,0.000000000000000000e+00
9.634535587480321794e-01,0.000000000000000000e+00,1.092665481567382812e+01,2.999999999999999889e-01,3.700000000000000000e+05
9.638036262872538007e-01,3.600001335144042969e-01,1.091408538818359375e+01,2.999999999999999889e-01,0.000000000000000000e+00
9.641697986248403129e-01,2.190000057220458984e+00,1.097025299072265625e+01,2.999999999999999889e-01,3.700000000000000000e+05
9.698583950046739677e-01,-3.659999847412109375e+00,1.117453765869140625e+01,2.999999999999999889e-01,0.000000000000000000e+00
9.698824100498399936e-01,-3.659999847412109375e+00,1.129461288452148438e+01,2.999999999999999889e-01,3.700000000000000000e+05
9.787134344378468631e-01,5.421588659286499023e+00,1.097747802734375000e+01,2.999999999999999889e-01,0.000000000000000000e+00
9.800936391509217360e-01,-1.470000267028808594e+00,1.133821105957031250e+01,2.999999999999999889e-01,3.700000000000000000e+05
9.804437062270269232e-01,-1.829999923706054688e+00,1.135078048706054688e+01,2.999999999999999889e-01,0.000000000000000000e+00
9.804677205092534598e-01,-1.829999923706054688e+00,1.147085189819335938e+01,2.999999999999999889e-01,3.700000000000000000e+05
9.808177875853586469e-01,-1.470000267028808594e+00,1.145828247070312500e+01,2.999999999999999889e-01,0.000000000000000000e+00
9.808418018675851835e-01,-1.470000267028808594e+00,1.157835388183593750e+01,2.999999999999999889e-01,3.700000000000000000e+05
9.811918690730681014e-01,-1.829999923706054688e+00,1.159092712402343750e+01,2.999999999999999889e-01,0.000000000000000000e+00
9.812158833552946380e-01,-1.829999923706054688e+00,1.171099853515625000e+01,2.999999999999999889e-01,3.700000000000000000e+05
9.815659504313998251e-01,-1.470000267028808594e+00,1.169842910766601562e+01,2.999999999999999889e-01,0.000000000000000000e+00
9.815899647136263617e-01,-1.470000267028808594e+00,1.181850051879882812e+01,2.999999999999999889e-01,3.700000000000000000e+05
9.819400319191092796e-01,-1.829999923706054688e+00,1.183107376098632812e+01,2.999999999999999889e-01,0.000000000000000000e+00
9.819640462013358162e-01,-1.829999923706054688e+00,1.195114517211914062e+01,2.999999999999999889e-01,3.700000000000000000e+05
9.823141132774410034e-01,-1.470000267028808594e+00,1.193857574462890625e+01,2.999999999999999889e-01,0.000000000000000000e+00
9.823381275596675399e-01,-1.470000267028808594e+00,1.205864715576171875e+01,2.999999999999999889e-01,3.700000000000000000e+05
9.826881947651504579e-01,-1.829999923706054688e+00,1.207122039794921875e+01,2.999999999999999889e-01,0.000000000000000000e+00
9.827122090473769944e-01,-1.829999923706054688e+00,1.219129180908203125e+01,2.999999999999999889e-01,3.700000000000000000e+05
9.830622761234821816e-01,-1.470000267028808594e+00,1.217872238159179688e+01,2.999999999999999889e-01,0.000000000000000000e+00
9.830862904057087182e-01,-1.470000267028808594e+00,1.229879379272460938e+01,2.999999999999999889e-01,3.700000000000000000e+05
9.834363576111916361e-01,-1.829999923706054688e+00,1.231136703491210938e+01,2.999999999999999889e-01,0.000000000000000000e+00
9.834603718934181726e-01,-1.829999923706054688e+00,1.243143844604492188e+01,2.999999999999999889e-01,3.700000000000000000e+05
9.838104389695233598e-01,-1.470000267028808594e+00,1.241886901855468750e+01,2.999999999999999889e-01,0.000000000000000000e+00
9.838344532517498964e-01,-1.470000267028808594e+00,1.253894042968750000e+01,2.999999999999999889e-01,3.700000000000000000e+05
9.841845204572328143e-01,-1.829999923706054688e+00,1.255151367187500000e+01,2.999999999999999889e-01,0.000000000000000000e+00
9.842085347394593509e-01,-1.829999923706054688e+00,1.267158508300781250e+01,2.999999999999999889e-01,3.700000000000000000e+05
9.845586018155645380e-01,-1.470000267028808594e+00,1.265901565551757812e+01,2.999999999999999889e-01,0.000000000000000000e+00
9.845826160977910746e-01,-1.470000267028808594e+00,1.277908706665039062e+01,2.999999999999999889e-01,3.700000000000000000e+05
9.849326833032739925e-01,-1.829999923706054688e+00,1.279166030883789062e+01,2.999999999999999889e-01,0.000000000000000000e+00
9.865350987325701704e-01,5.490000009536743164e+00,9.534210205078125000e+00,2.999999999999999889e-01,3.700000000000000000e+05
9.868851662853902473e-01,5.850000023841857910e+00,9.521636962890625000e+00,2.999999999999999889e-01,0.000000000000000000e+00
9.869091813305562733e-01,5.850000023841857910e+00,9.641712188720703125e+00,2.999999999999999889e-01,3.700000000000000000e+05
9.872592487539988415e-01,5.490000009536743164e+00,9.654281616210937500e+00,2.999999999999999889e-01,0.000000000000000000e+00
9.872832637991648674e-01,5.490000009536743164e+00,9.774356842041015625e+00,2.999999999999999889e-01,3.700000000000000000e+05
9.876333313519849444e-01,5.850000023841857910e+00,9.761783599853515625e+00,2.999999999999999889e-01,0.000000000000000000e+00
9.876573463971509703e-01,5.850000023841857910e+00,9.881858825683593750e+00,2.999999999999999889e-01,3.700000000000000000e+05
9.880074138205935386e-01,5.490000009536743164e+00,9.894428253173828125e+00,2.999999999999999889e-01,0.000000000000000000e+00
9.880314288657595645e-01,5.490000009536743164e+00,1.001450347900390625e+01,2.999999999999999889e-01,3.700000000000000000e+05
9.883814964185796414e-01,5.850000023841857910e+00,1.000193023681640625e+01,2.999999999999999889e-01,0.000000000000000000e+00
9.884055114637456674e-01,5.850000023841857910e+00,1.012200546264648438e+01,2.999999999999999889e-01,3.700000000000000000e+05
9.887555788871882356e-01,5.490000009536743164e+00,1.013457489013671875e+01,2.999999999999999889e-01,0.000000000000000000e+00
9.887795939323542616e-01,5.490000009536743164e+00,1.025465011596679688e+01,2.999999999999999889e-01,3.700000000000000000e+05
9.891296614851743385e-01,5.850000023841857910e+00,1.024207687377929688e+01,2.999999999999999889e-01,0.000000000000000000e+00
9.891536765303403644e-01,5.850000023841857910e+00,1.036215209960937500e+01,2.999999999999999889e-01,3.700000000000000000e+05
9.895037439537829327e-01,5.490000009536743164e+00,1.037472152709960938e+01,2.999999999999999889e-01,0.000000000000000000e+00
9.895277589989489586e-01,5.490000009536743164e+00,1.049479675292968750e+01,2.999999999999999889e-01,3.700000000000000000e+05
9.898778265517690356e-01,5.850000023841857910e+00,1.048222351074218750e+01,2.999999999999999889e-01,0.000000000000000000e+00
9.899018408339955721e-01,5.850000023841857910e+00,1.060229492187500000e+01,2.999999999999999889e-01,3.700000000000000000e+05
9.902519083868156491e-01,5.490000009536743164e+00,1.061486816406250000e+01,2.999999999999999889e-01,0.000000000000000000e+00
9.902759226690421857e-01,5.490000009536743164e+00,1.073493957519531250e+01,2.999999999999999889e-01,3.700000000000000000e+05
9.906259900924847539e-01,5.850000023841857910e+00,1.072237014770507812e+01,2.999999999999999889e-01,0.000000000000000000e+00
9.906500043747112905e-01,5.850000023841857910e+00,1.084244155883789062e+01,2.999999999999999889e-01,3.700000000000000000e+05
9.910000719275313674e-01,5.490000009536743164e+00,1.085501480102539062e+01,2.999999999999999889e-01,0.000000000000000000e+00
9.910240862097579040e-01,5.490000009536743164e+00,1.097508621215820312e+01,2.999999999999999889e-01,3.700000000000000000e+05
9.913741536332004722e-01,5.850000023841857910e+00,1.096251678466796875e+01,2.999999999999999889e-01,0.000000000000000000e+00
9.918331232561179434e-01,7.680000007152557373e+00,9.577804565429687500e+00,2.999999999999999889e-01,3.700000000000000000e+05
9.921831908089380203e-01,7.319999992847442627e+00,9.590377807617187500e+00,2.999999999999999889e-01,0.000000000000000000e+00
9.922072050911645569e-01,7.319999992847442627e+00,9.710449218750000000e+00,2.999999999999999889e-01,3.700000000000000000e+05
9.925572725146071251e-01,7.680000007152557373e+00,9.697879791259765625e+00,2.999999999999999889e-01,0.000000000000000000e+00
9.925812867968336617e-01,7.680000007152557373e+00,9.817951202392578125e+00,2.999999999999999889e-01,3.700000000000000000e+05
9.929313543496537386e-01,7.319999992847442627e+00,9.830524444580078125e+00,2.999999999999999889e-01,0.000000000000000000e+00
9.929553686318802752e-01,7.319999992847442627e+00,9.950595855712890625e+00,2.999999999999999889e-01,3.700000000000000000e+05
9.933054360553228435e-01,7.680000007152557373e+00,9.938026428222656250e+00,2.999999999999999889e-01,0.000000000000000000e+00
9.933294503375493800e-01,7.680000007152557373e+00,1.005809783935546875e+01,2.999999999999999889e-01,3.700000000000000000e+05
9.936795178903694570e-01,7.319999992847442627e+00,1.007067108154296875e+01,2.999999999999999889e-01,0.000000000000000000e+00
9.937035321725959935e-01,7.319999992847442627e+00,1.019074249267578125e+01,2.999999999999999889e-01,3.700000000000000000e+05
9.940535995960385618e-01,7.680000007152557373e+00,1.017817306518554688e+01,2.999999999999999889e-01,0.000000000000000000e+00
9.940776138782650984e-01,7.680000007152557373e+00,1.029824447631835938e+01,2.999999999999999889e-01,3.700000000000000000e+05
9.944276814310851753e-01,7.319999992847442627e+00,1.031081771850585938e+01,2.999999999999999889e-01,0.000000000000000000e+00
9.944516957133117119e-01,7.319999992847442627e+00,1.043088912963867188e+01,2.999999999999999889e-01,3.700000000000000000e+05
9.948017631367542801e-01,7.680000007152557373e+00,1.041831970214843750e+01,2.999999999999999889e-01,0.000000000000000000e+00
9.948257774189808167e-01,7.680000007152557373e+00,1.053839111328125000e+01,2.999999999999999889e-01,3.700000000000000000e+05
9.951758449718008936e-01,7.319999992847442627e+00,1.055096435546875000e+01,2.999999999999999889e-01,0.000000000000000000e+00
9.951998592540274302e-01,7.319999992847442627e+00,1.067103576660156250e+01,2.999999999999999889e-01,3.700000000000000000e+05
9.955499266774699985e-01,7.680000007152557373e+00,1.065846633911132812e+01,2.999999999999999889e-01,0.000000000000000000e+00
9.955739409596965350e-01,7.680000007152557373e+00,1.077853775024414062e+01,2.999999999999999889e-01,3.700000000000000000e+05
9.959240085125166120e-01,7.319999992847442627e+00,1.079111099243164062e+01,2.999999999999999889e-01,0.000000000000000000e+00
9.959480227947431485e-01,7.319999992847442627e+00,1.091118240356445312e+01,2.999999999999999889e-01,3.700000000000000000e+05
9.962980903475632255e-01,7.680000007152557373e+00,1.089860916137695312e+01,2.999999999999999889e-01,0.000000000000000000e+00
9.965346236139082103e-01,8.860033631324768066e+00,1.097747802734375000e+01,2.999999999999999889e-01,3.700000000000000000e+05
1.006559244476497472e+00,-1.449017524719238281e+00,1.133747482299804688e+01,2.999999999999999889e-01,0.000000000000000000e+00
1.006849380880398437e+00,0.000000000000000000e+00,1.140694808959960938e+01,2.999999999999999889e-01,3.700000000000000000e+05
1.007199447956503624e+00,3.599996566772460938e-01,1.139437866210937500e+01,2.999999999999999889e-01,0.000000000000000000e+00
1.007223462238730161e+00,3.599996566772460938e-01,1.151445007324218750e+01,2.999999999999999889e-01,3.700000000000000000e+05
1.007573529444212967e+00,0.000000000000000000e+00,1.152702331542968750e+01,2.999999999999999889e-01,0.000000000000000000e+00
1.007597543726439504e+00,0.000000000000000000e+00,1.164709472656250000e+01,2.999999999999999889e-01,3.700000000000000000e+05
1.007947610802544691e+00,3.599996566772460938e-01,1.163452529907226562e+01,2.999999999999999889e-01,0.000000000000000000e+00
1.007971625084771228e+00,3.599996566772460938e-01,1.175459671020507812e+01,2.999999999999999889e-01,3.700000000000000000e+05
1.008321692290254035e+00,0.000000000000000000e+00,1.176716995239257812e+01,2.999999999999999889e-01,0.000000000000000000e+00
1.008345706572480571e+00,0.000000000000000000e+00,1.188724136352539062e+01,2.999999999999999889e-01,3.700000000000000000e+05
1.008695773777963378e+00,3.599996566772460938e-01,1.187466812133789062e+01,2.999999999999999889e-01,0.000000000000000000e+00
1.008719788823129404e+00,3.599996566772460938e-01,1.199474334716796875e+01,2.999999999999999889e-01,3.700000000000000000e+05
1.009069855899234591e+00,0.000000000000000000e+00,1.200731277465820312e+01,2.999999999999999889e-01,0.000000000000000000e+00
1.009093870944400617e+00,0.000000000000000000e+00,1.212738800048828125e+01,2.999999999999999889e-01,3.700000000000000000e+05
1.009443938149883424e+00,3.599996566772460938e-01,1.211481475830078125e+01,2.999999999999999889e-01,0.000000000000000000e+00
1.009467953195049450e+00,3.599996566772460938e-01,1.223488998413085938e+01,2.999999999999999889e-01,3.700000000000000000e+05
1.009818020271154637e+00,0.000000000000000000e+00,1.224745941162109375e+01,2.999999999999999889e-01,0.000000000000000000e+00
1.009842035316320663e+00,0.000000000000000000e+00,1.236753463745117188e+01,2.999999999999999889e-01,3.700000000000000000e+05
1.010192102521803470e+00,3.599996566772460938e-01,1.235496139526367188e+01,2.999999999999999889e-01,0.000000000000000000e+00
1.010216117566969496e+00,3.599996566772460938e-01,1.247503662109375000e+01,2.999999999999999889e-01,3.700000000000000000e+05
1.010566184643074683e+00,0.000000000000000000e+00,1.248760604858398438e+01,2.999999999999999889e-01,0.000000000000000000e+00
1.010590199688240709e+00,0.000000000000000000e+00,1.260768127441406250e+01,2.999999999999999889e-01,3.700000000000000000e+05
1.010940266893723516e+00,3.599996566772460938e-01,1.259510803222656250e+01,2.999999999999999889e-01,0.000000000000000000e+00
1.010964281938889542e+00,3.599996566772460938e-01,1.271518325805664062e+01,2.999999999999999889e-01,3.700000000000000000e+05
1.011314349014994729e+00,0.000000000000000000e+00,1.272775268554687500e+01,2.999999999999999889e-01,0.000000000000000000e+00
1.013955514478306785e+00,1.280999994277954102e+01,9.518737792968750000e+00,2.999999999999999889e-01,3.700000000000000000e+05
1.019644110987519392e+00,1.865999984741210938e+01,9.314449310302734375e+00,2.999999999999999889e-01,0.000000000000000000e+00
1.019668126032685418e+00,1.865999984741210938e+01,9.434524536132812500e+00,2.999999999999999889e-01,3.700000000000000000e+05
1.021797702679200226e+00,1.647000026702880859e+01,9.510997772216796875e+00,2.999999999999999889e-01,0.000000000000000000e+00
1.021821717724366252e+00,1.647000026702880859e+01,9.631072998046875000e+00,2.999999999999999889e-01,3.700000000000000000e+05
1.022171784929849059e+00,1.682999992370605469e+01,9.618499755859375000e+00,2.999999999999999889e-01,0.000000000000000000e+00
1.022195799975015085e+00,1.682999992370605469e+01,9.738574981689453125e+00,2.999999999999999889e-01,3.700000000000000000e+05
1.022545867051120272e+00,1.647000026702880859e+01,9.751144409179687500e+00,2.999999999999999889e-01,0.000000000000000000e+00
1.022569882096286298e+00,1.647000026702880859e+01,9.871219635009765625e+00,2.999999999999999889e-01,3.700000000000000000e+05
1.022919949301769105e+00,1.682999992370605469e+01,9.858646392822265625e+00,2.999999999999999889e-01,0.000000000000000000e+00
1.022943964346935131e+00,1.682999992370605469e+01,9.978721618652343750e+00,2.999999999999999889e-01,3.700000000000000000e+05
1.023294031423040318e+00,1.647000026702880859e+01,9.991291046142578125e+00,2.999999999999999889e-01,0.000000000000000000e+00
1.023318046468206344e+00,1.647000026702880859e+01,1.011136627197265625e+01,2.999999999999999889e-01,3.700000000000000000e+05
1.023668113673689151e+00,1.682999992370605469e+01,1.009879302978515625e+01,2.999999999999999889e-01,0.000000000000000000e+00
1.023692128718855177e+00,1.682999992370605469e+01,1.021886825561523438e+01,2.999999999999999889e-01,3.700000000000000000e+05
1.024042195794960364e+00,1.647000026702880859e+01,1.023143768310546875e+01,2.999999999999999889e-01,0.000000000000000000e+00
1.024066210840126390e+00,1.647000026702880859e+01,1.035151290893554688e+01,2.999999999999999889e-01,3.700000000000000000e+05
1.024416278045609197e+00,1.682999992370605469e+01,1.033893966674804688e+01,2.999999999999999889e-01,0.000000000000000000e+00
1.024440292327835733e+00,1.682999992370605469e+01,1.045901107788085938e+01,2.999999999999999889e-01,3.700000000000000000e+05
1.024790359533318540e+00,1.647000026702880859e+01,1.047158432006835938e+01,2.999999999999999889e-01,0.000000000000000000e+00
1.024814373815545077e+00,1.647000026702880859e+01,1.059165573120117188e+01,2.999999999999999889e-01,3.700000000000000000e+05
1.025164440891650264e+00,1.682999992370605469e+01,1.057908630371093750e+01,2.999999999999999889e-01,0.000000000000000000e+00
1.025188455173876800e+00,1.682999992370605469e+01,1.069915771484375000e+01,2.999999999999999889e-01,3.700000000000000000e+05
1.025538522379359607e+00,1.647000026702880859e+01,1.071173095703125000e+01,2.999999999999999889e-01,0.000000000000000000e+00
1.025562536661586144e+00,1.647000026702880859e+01,1.083180236816406250e+01,2.999999999999999889e-01,3.700000000000000000e+05
1.025912603737691331e+00,1.682999992370605469e+01,1.081923294067382812e+01,2.999999999999999889e-01,0.000000000000000000e+00
1.025936618019917868e+00,1.682999992370605469e+01,1.093930435180664062e+01,2.999999999999999889e-01,3.700000000000000000e+05
1.026286685225400674e+00,1.647000026702880859e+01,1.095187759399414062e+01,2.999999999999999889e-01,0.000000000000000000e+00
1.026691246089388443e+00,1.500000000000000000e+01,9.562332153320312500e+00,2.999999999999999889e-01,3.700000000000000000e+05
1.027041313757987462e+00,1.463999986648559570e+01,9.574905395507812500e+00,2.999999999999999889e-01,0.000000000000000000e+00
1.027065328040213998e+00,1.463999986648559570e+01,9.694976806640625000e+00,2.999999999999999889e-01,3.700000000000000000e+05
1.027415395579435620e+00,1.500000000000000000e+01,9.682407379150390625e+00,2.999999999999999889e-01,0.000000000000000000e+00
1.027439409861662156e+00,1.500000000000000000e+01,9.802478790283203125e+00,2.999999999999999889e-01,3.700000000000000000e+05
1.027789477530261175e+00,1.463999986648559570e+01,9.815052032470703125e+00,2.999999999999999889e-01,0.000000000000000000e+00
1.027813491812487712e+00,1.463999986648559570e+01,9.935123443603515625e+00,2.999999999999999889e-01,3.700000000000000000e+05
1.028163559351709333e+00,1.500000000000000000e+01,9.922554016113281250e+00,2.999999999999999889e-01,0.000000000000000000e+00
1.028187573633935870e+00,1.500000000000000000e+01,1.004262542724609375e+01,2.999999999999999889e-01,3.700000000000000000e+05
1.028537641302534889e+00,1.463999986648559570e+01,1.005519866943359375e+01,2.999999999999999889e-01,0.000000000000000000e+00
1.028561655584761425e+00,1.463999986648559570e+01,1.017527008056640625e+01,2.999999999999999889e-01,3.700000000000000000e+05
1.028911723253360444e+00,1.500000000000000000e+01,1.016269683837890625e+01,2.999999999999999889e-01,0.000000000000000000e+00
1.028935738298526470e+00,1.500000000000000000e+01,1.028277206420898438e+01,2.999999999999999889e-01,3.700000000000000000e+05
1.029285805837748091e+00,1.463999986648559570e+01,1.029534149169921875e+01,2.999999999999999889e-01,0.000000000000000000e+00
1.029309820882914117e+00,1.463999986648559570e+01,1.041541671752929688e+01,2.999999999999999889e-01,3.700000000000000000e+05
1.029659888551513136e+00,1.500000000000000000e+01,1.040284347534179688e+01,2.999999999999999889e-01,0.000000000000000000e+00
1.029683903596679162e+00,1.500000000000000000e+01,1.052291870117187500e+01,2.999999999999999889e-01,3.700000000000000000e+05
1.030033971135900783e+00,1.463999986648559570e+01,1.053548812866210938e+01,2.999999999999999889e-01,0.000000000000000000e+00
1.030057986181066809e+00,1.463999986648559570e+01,1.065556335449218750e+01,2.999999999999999889e-01,3.700000000000000000e+05
1.030408053849665828e+00,1.500000000000000000e+01,1.064299011230468750e+01,2.999999999999999889e-01,0.000000000000000000e+00
1.030432068894831854e+00,1.500000000000000000e+01,1.076306533813476562e+01,2.999999999999999889e-01,3.700000000000000000e+05
1.030782136434053475e+00,1.463999986648559570e+01,1.077563476562500000e+01,2.999999999999999889e-01,0.000000000000000000e+00
1.030806151479219501e+00,1.463999986648559570e+01,1.089570999145507812e+01,2.999999999999999889e-01,3.700000000000000000e+05
1.031156219147818520e+00,1.500000000000000000e+01,1.088313674926757812e+01,2.999999999999999889e-01,0.000000000000000000e+00
1.031600232630046854e+00,1.317000007629394531e+01,9.626235961914062500e+00,2.999999999999999889e-01,3.700000000000000000e+05
1.031950300298645873e+00,1.280999994277954102e+01,9.638809204101562500e+00,2.999999999999999889e-01,0.000000000000000000e+00
1.031974314580872409e+00,1.280999994277954102e+01,9.758880615234375000e+00,2.999999999999999889e-01,3.700000000000000000e+05
1.032324382120094031e+00,1.317000007629394531e+01,9.746311187744140625e+00,2.999999999999999889e-01,0.000000000000000000e+00
1.032348396402320567e+00,1.317000007629394531e+01,9.866382598876953125e+00,2.999999999999999889e-01,3.700000000000000000e+05
1.032698464070919586e+00,1.280999994277954102e+01,9.878955841064453125e+00,2.999999999999999889e-01,0.000000000000000000e+00
1.032722478353146123e+00,1.280999994277954102e+01,9.999027252197265625e+00,2.999999999999999889e-01,3.700000000000000000e+05
1.033072545892367744e+00,1.317000007629394531e+01,9.986457824707031250e+00,2.999999999999999889e-01,0.000000000000000000e+00
1.033096560174594281e+00,1.317000007629394531e+01,1.010652923583984375e+01,2.999999999999999889e-01,3.700000000000000000e+05
1.033446627843193300e+00,1.280999994277954102e+01,1.011910247802734375e+01,2.999999999999999889e-01,0.000000000000000000e+00
1.033470642125419836e+00,1.280999994277954102e+01,1.023917388916015625e+01,2.999999999999999889e-01,3.700000000000000000e+05
1.033820709664641457e+00,1.317000007629394531e+01,1.022660446166992188e+01,2.999999999999999889e-01,0.000000000000000000e+00
1.033844723946867994e+00,1.317000007629394531e+01,1.034667587280273438e+01,2.999999999999999889e-01,3.700000000000000000e+05
1.034194791615467013e+00,1.280999994277954102e+01,1.035924911499023438e+01,2.999999999999999889e-01,0.000000000000000000e+00
1.034218805897693549e+00,1.280999994277954102e+01,1.047932052612304688e+01,2.999999999999999889e-01,3.700000000000000000e+05
1.034568873436915171e+00,1.317000007629394531e+01,1.046675109863281250e+01,2.999999999999999889e-01,0.000000000000000000e+00
1.034592887719141707e+00,1.317000007629394531e+01,1.058682250976562500e+01,2.999999999999999889e-01,3.700000000000000000e+05
1.034942955387740726e+00,1.280999994277954102e+01,1.059939575195312500e+01,2.999999999999999889e-01,0.000000000000000000e+00
1.034966969669967263e+00,1.280999994277954102e+01,1.071946716308593750e+01,2.999999999999999889e-01,3.700000000000000000e+05
1.035317037209188884e+00,1.317000007629394531e+01,1.070689773559570312e+01,2.999999999999999889e-01,0.000000000000000000e+00
1.035341051491415421e+00,1.317000007629394531e+01,1.082696914672851562e+01,2.999999999999999889e-01,3.700000000000000000e+05
1.035691119160014440e+00,1.280999994277954102e+01,1.083954238891601562e+01,2.999999999999999889e-01,0.000000000000000000e+00
1.035715133442240976e+00,1.280999994277954102e+01,1.095961380004882812e+01,2.999999999999999889e-01,3.700000000000000000e+05
1.036065201110839995e+00,1.317000007629394531e+01,1.094704055786132812e+01,2.999999999999999889e-01,0.000000000000000000e+00
1.037127668920564405e+00,1.830000019073486328e+01,9.567169189453125000e+00,2.999999999999999889e-01,3.700000000000000000e+05
1.037477736126047212e+00,1.865999984741210938e+01,9.554595947265625000e+00,2.999999999999999889e-01,0.000000000000000000e+00
1.037501750408273749e+00,1.865999984741210938e+01,9.674667358398437500e+00,2.999999999999999889e-01,3.700000000000000000e+05
1.037851817613756555e+00,1.830000019073486328e+01,9.687240600585937500e+00,2.999999999999999889e-01,0.000000000000000000e+00
1.037875831895983092e+00,1.830000019073486328e+01,9.807312011718750000e+00,2.999999999999999889e-01,3.700000000000000000e+05
1.038225898972088279e+00,1.865999984741210938e+01,9.794742584228515625e+00,2.999999999999999889e-01,0.000000000000000000e+00
1.038249913254314816e+00,1.865999984741210938e+01,9.914813995361328125e+00,2.999999999999999889e-01,3.700000000000000000e+05
1.038599980459797623e+00,1.830000019073486328e+01,9.927387237548828125e+00,2.999999999999999889e-01,0.000000000000000000e+00
1.038623994742024159e+00,1.830000019073486328e+01,1.004745864868164062e+01,2.999999999999999889e-01,3.700000000000000000e+05
1.038974061818129346e+00,1.865999984741210938e+01,1.003488922119140625e+01,2.999999999999999889e-01,0.000000000000000000e+00
1.038998076100355883e+00,1.865999984741210938e+01,1.015496063232421875e+01,2.999999999999999889e-01,3.700000000000000000e+05
1.039348143305838690e+00,1.830000019073486328e+01,1.016753387451171875e+01,2.999999999999999889e-01,0.000000000000000000e+00
1.039372157588065226e+00,1.830000019073486328e+01,1.028760528564453125e+01,2.999999999999999889e-01,3.700000000000000000e+05
1.039722224664170414e+00,1.865999984741210938e+01,1.027503585815429688e+01,2.999999999999999889e-01,0.000000000000000000e+00
1.039746238946396950e+00,1.865999984741210938e+01,1.039510726928710938e+01,2.999999999999999889e-01,3.700000000000000000e+05
1.040096306151879757e+00,1.830000019073486328e+01,1.040768051147460938e+01,2.999999999999999889e-01,0.000000000000000000e+00
1.040120320434106294e+00,1.830000019073486328e+01,1.052775192260742188e+01,2.999999999999999889e-01,3.700000000000000000e+05
1.040470387510211481e+00,1.865999984741210938e+01,1.051518249511718750e+01,2.999999999999999889e-01,0.000000000000000000e+00
1.040494401792438017e+00,1.865999984741210938e+01,1.063525390625000000e+01,2.999999999999999889e-01,3.700000000000000000e+05
1.040844468997920824e+00,1.830000019073486328e+01,1.064782714843750000e+01,2.999999999999999889e-01,0.000000000000000000e+00
1.040868483280147361e+00,1.830000019073486328e+01,1.076789855957031250e+01,2.999999999999999889e-01,3.700000000000000000e+05
1.041218550356252548e+00,1.865999984741210938e+01,1.075532913208007812e+01,2.999999999999999889e-01,0.000000000000000000e+00
1.041242564638479084e+00,1.865999984741210938e+01,1.087540054321289062e+01,2.999999999999999889e-01,3.700000000000000000e+05
1.041592631843961891e+00,1.830000019073486328e+01,1.088797378540039062e+01,2.999999999999999889e-01,0.000000000000000000e+00
1.045913855548110893e+00,-3.300000190734863281e+00,1.140211486816406250e+01,2.999999999999999889e-01,3.700000000000000000e+05
1.046263922624216081e+00,-3.659999847412109375e+00,1.141468429565429688e+01,2.999999999999999889e-01,0.000000000000000000e+00
1.046287937669382107e+00,-3.659999847412109375e+00,1.153475952148437500e+01,2.999999999999999889e-01,3.700000000000000000e+05
1.046638004874864913e+00,-3.300000190734863281e+00,1.152218627929687500e+01,2.999999999999999889e-01,0.000000000000000000e+00
1.046662019920030939e+00,-3.300000190734863281e+00,1.164226150512695312e+01,2.999999999999999889e-01,3.700000000000000000e+05
1.047012086996136127e+00,-3.659999847412109375e+00,1.165483093261718750e+01,2.999999999999999889e-01,0.000000000000000000e+00
1.047036102041302152e+00,-3.659999847412109375e+00,1.177490615844726562e+01,2.999999999999999889e-01,3.700000000000000000e+05
1.047386169246784959e+00,-3.300000190734863281e+00,1.176233291625976562e+01,2.999999999999999889e-01,0.000000000000000000e+00
1.047410184291950985e+00,-3.300000190734863281e+00,1.188240814208984375e+01,2.999999999999999889e-01,3.700000000000000000e+05
1.047760251368056172e+00,-3.659999847412109375e+00,1.189497756958007812e+01,2.999999999999999889e-01,0.000000000000000000e+00
1.047784266413222198e+00,-3.659999847412109375e+00,1.201505279541015625e+01,2.999999999999999889e-01,3.700000000000000000e+05
1.048134333618705005e+00,-3.300000190734863281e+00,1.200247955322265625e+01,2.999999999999999889e-01,0.000000000000000000e+00
1.048158348663871031e+00,-3.300000190734863281e+00,1.212255477905273438e+01,2.999999999999999889e-01,3.700000000000000000e+05
1.048508415739976218e+00,-3.659999847412109375e+00,1.213512420654296875e+01,2.999999999999999889e-01,0.000000000000000000e+00
1.048532430785142244e+00,-3.659999847412109375e+00,1.225519943237304688e+01,2.999999999999999889e-01,3.700000000000000000e+05
1.048882497990625051e+00,-3.300000190734863281e+00,1.224262619018554688e+01,2.999999999999999889e-01,0.000000000000000000e+00
1.048906512272851588e+00,-3.300000190734863281e+00,1.236269760131835938e+01,2.999999999999999889e-01,3.700000000000000000e+05
1.049256579478334395e+00,-3.659999847412109375e+00,1.237527084350585938e+01,2.999999999999999889e-01,0.000000000000000000e+00
1.049280593760560931e+00,-3.659999847412109375e+00,1.249534225463867188e+01,2.999999999999999889e-01,3.700000000000000000e+05
1.049630660836666118e+00,-3.300000190734863281e+00,1.248277282714843750e+01,2.999999999999999889e-01,0.000000000000000000e+00
1.049654675118892655e+00,-3.300000190734863281e+00,1.260284423828125000e+01,2.999999999999999889e-01,3.700000000000000000e+05
1.050004742324375462e+00,-3.659999847412109375e+00,1.261541748046875000e+01,2.999999999999999889e-01,0.000000000000000000e+00
1.050028756606601998e+00,-3.659999847412109375e+00,1.273548889160156250e+01,2.999999999999999889e-01,3.700000000000000000e+05
1.050378823682707186e+00,-3.300000190734863281e+00,1.272291946411132812e+01,2.999999999999999889e-01,0.000000000000000000e+00
1.050582931623985639e+00,-2.282969474792480469e+00,1.280747604370117188e+01,2.999999999999999889e-01,3.700000000000000000e+05
1.051921969303765803e+00,-3.659999847412109375e+00,1.285556411743164062e+01,2.999999999999999889e-01,0.000000000000000000e+00
1.051945983585992339e+00,-3.659999847412109375e+00,1.297563552856445312e+01,2.999999999999999889e-01,3.700000000000000000e+05
1.056628597979738959e+00,1.155475139617919922e+00,1.280747604370117188e+01,2.999999999999999889e-01,0.000000000000000000e+00
1.056951060012973231e+00,1.829999923706054688e+00,1.134304428100585938e+01,2.999999999999999889e-01,3.700000000000000000e+05
1.067130709349233486e+00,1.229847812652587891e+01,1.097747802734375000e+01,2.999999999999999889e-01,0.000000000000000000e+00
1.067818398367482935e+00,1.573692321777343750e+01,1.097747802734375000e+01,2.999999999999999889e-01,3.700000000000000000e+05
1.077843018882735038e+00,5.427872419357299805e+00,1.133747482299804688e+01,2.999999999999999889e-01,0.000000000000000000e+00
1.077869673223498914e+00,5.490000009536743164e+00,1.145537948608398438e+01,2.999999999999999889e-01,3.700000000000000000e+05
1.078219740646941371e+00,5.850000023841857910e+00,1.144281005859375000e+01,2.999999999999999889e-01,0.000000000000000000e+00
1.078243754929167908e+00,5.850000023841857910e+00,1.156288146972656250e+01,2.999999999999999889e-01,3.700000000000000000e+05
1.078593822481987985e+00,5.490000009536743164e+00,1.157545471191406250e+01,2.999999999999999889e-01,0.000000000000000000e+00
1.078617836764214521e+00,5.490000009536743164e+00,1.169552612304687500e+01,2.999999999999999889e-01,3.700000000000000000e+05
1.078967904187656979e+00,5.850000023841857910e+00,1.168295669555664062e+01,2.999999999999999889e-01,0.000000000000000000e+00
1.078991918469883515e+00,5.850000023841857910e+00,1.180302810668945312e+01,2.999999999999999889e-01,3.700000000000000000e+05
1.079341986022703592e+00,5.490000009536743164e+00,1.181560134887695312e+01,2.999999999999999889e-01,0.000000000000000000e+00
1.079366000304930129e+00,5.490000009536743164e+00,1.193567276000976562e+01,2.999999999999999889e-01,3.700000000000000000e+05
1.079716067857750206e+00,5.850000023841857910e+00,1.192309951782226562e+01,2.999999999999999889e-01,0.000000000000000000e+00
1.079740082902916232e+00,5.850000023841857910e+00,1.204317474365234375e+01,2.999999999999999889e-01,3.700000000000000000e+05
1.080090150326358689e+00,5.490000009536743164e+00,1.205574417114257812e+01,2.999999999999999889e-01,0.000000000000000000e+00
1.080114165371524715e+00,5.490000009536743164e+00,1.217581939697265625e+01,2.999999999999999889e-01,3.700000000000000000e+05
1.080464232924344792e+00,5.850000023841857910e+00,1.216324615478515625e+01,2.999999999999999889e-01,0.000000000000000000e+00
1.080488247969510818e+00,5.850000023841857910e+00,1.228332138061523438e+01,2.999999999999999889e-01,3.700000000000000000e+05
1.080838315392953275e+00,5.490000009536743164e+00,1.229589080810546875e+01,2.999999999999999889e-01,0.000000000000000000e+00
1.080862330438119301e+00,5.490000009536743164e+00,1.241596603393554688e+01,2.999999999999999889e-01,3.700000000000000000e+05
1.081212397990939378e+00,5.850000023841857910e+00,1.240339279174804688e+01,2.999999999999999889e-01,0.000000000000000000e+00
1.081236413036105404e+00,5.850000023841857910e+00,1.252346801757812500e+01,2.999999999999999889e-01,3.700000000000000000e+05
1.081586480459547861e+00,5.490000009536743164e+00,1.253603744506835938e+01,2.999999999999999889e-01,0.000000000000000000e+00
1.081610495504713887e+00,5.490000009536743164e+00,1.265611267089843750e+01,2.999999999999999889e-01,3.700000000000000000e+05
1.081960563057533964e+00,5.850000023841857910e+00,1.264353942871093750e+01,2.999999999999999889e-01,0.000000000000000000e+00
1.081984578102699990e+00,5.850000023841857910e+00,1.276361465454101562e+01,2.999999999999999889e-01,3.700000000000000000e+05
1.082334645526142447e+00,5.490000009536743164e+00,1.277618408203125000e+01,2.999999999999999889e-01,0.000000000000000000e+00
1.082739206355477712e+00,4.019999980926513672e+00,1.138663864135742188e+01,2.999999999999999889e-01,3.700000000000000000e+05
1.083089273792518625e+00,3.660000085830688477e+00,1.139921188354492188e+01,2.999999999999999889e-01,0.000000000000000000e+00
1.083113288074745162e+00,3.660000085830688477e+00,1.151928329467773438e+01,2.999999999999999889e-01,3.700000000000000000e+05
1.083463355382408677e+00,4.019999980926513672e+00,1.150671386718750000e+01,2.999999999999999889e-01,0.000000000000000000e+00
1.083487369664635214e+00,4.019999980926513672e+00,1.162678527832031250e+01,2.999999999999999889e-01,3.700000000000000000e+05
1.083837437101676127e+00,3.660000085830688477e+00,1.163935852050781250e+01,2.999999999999999889e-01,0.000000000000000000e+00
1.083861451383902663e+00,3.660000085830688477e+00,1.175942993164062500e+01,2.999999999999999889e-01,3.700000000000000000e+05
1.084211518691566178e+00,4.019999980926513672e+00,1.174686050415039062e+01,2.999999999999999889e-01,0.000000000000000000e+00
1.084235532973792715e+00,4.019999980926513672e+00,1.186693191528320312e+01,2.999999999999999889e-01,3.700000000000000000e+05
1.084585600410833628e+00,3.660000085830688477e+00,1.187950515747070312e+01,2.999999999999999889e-01,0.000000000000000000e+00
1.084609614693060164e+00,3.660000085830688477e+00,1.199957656860351562e+01,2.999999999999999889e-01,3.700000000000000000e+05
1.084959682000723680e+00,4.019999980926513672e+00,1.198700714111328125e+01,2.999999999999999889e-01,0.000000000000000000e+00
1.084983696282950216e+00,4.019999980926513672e+00,1.210707855224609375e+01,2.999999999999999889e-01,3.700000000000000000e+05
1.085333763719991129e+00,3.660000085830688477e+00,1.211965179443359375e+01,2.999999999999999889e-01,0.000000000000000000e+00
1.085357778002217666e+00,3.660000085830688477e+00,1.223972320556640625e+01,2.999999999999999889e-01,3.700000000000000000e+05
1.085707845309881181e+00,4.019999980926513672e+00,1.222715377807617188e+01,2.999999999999999889e-01,0.000000000000000000e+00
1.085731859592107718e+00,4.019999980926513672e+00,1.234722518920898438e+01,2.999999999999999889e-01,3.700000000000000000e+05
1.086081927029148630e+00,3.660000085830688477e+00,1.235979843139648438e+01,2.999999999999999889e-01,0.000000000000000000e+00
1.086105941311375167e+00,3.660000085830688477e+00,1.247986984252929688e+01,2.999999999999999889e-01,3.700000000000000000e+05
1.086456008619038682e+00,4.019999980926513672e+00,1.246730041503906250e+01,2.999999999999999889e-01,0.000000000000000000e+00
1.086480022901265219e+00,4.019999980926513672e+00,1.258737182617187500e+01,2.999999999999999889e-01,3.700000000000000000e+05
1.086830090338306132e+00,3.660000085830688477e+00,1.259994506835937500e+01,2.999999999999999889e-01,0.000000000000000000e+00
1.086854104620532668e+00,3.660000085830688477e+00,1.272001647949218750e+01,2.999999999999999889e-01,3.700000000000000000e+05
1.087204172057573581e+00,4.019999980926513672e+00,1.270744323730468750e+01,2.999999999999999889e-01,0.000000000000000000e+00
1.087648185107860987e+00,2.190000057220458984e+00,1.145054626464843750e+01,2.999999999999999889e-01,3.700000000000000000e+05
1.087998252647082609e+00,1.829999923706054688e+00,1.146311569213867188e+01,2.999999999999999889e-01,0.000000000000000000e+00
1.088022267692248635e+00,1.829999923706054688e+00,1.158319091796875000e+01,2.999999999999999889e-01,3.700000000000000000e+05
1.088372335360847654e+00,2.190000057220458984e+00,1.157061767578125000e+01,2.999999999999999889e-01,0.000000000000000000e+00
1.088396350406013680e+00,2.190000057220458984e+00,1.169069290161132812e+01,2.999999999999999889e-01,3.700000000000000000e+05
1.088746417945235301e+00,1.829999923706054688e+00,1.170326232910156250e+01,2.999999999999999889e-01,0.000000000000000000e+00
1.088770432990401327e+00,1.829999923706054688e+00,1.182333755493164062e+01,2.999999999999999889e-01,3.700000000000000000e+05
1.089120500659000346e+00,2.190000057220458984e+00,1.181076431274414062e+01,2.999999999999999889e-01,0.000000000000000000e+00
1.089144515704166372e+00,2.190000057220458984e+00,1.193083953857421875e+01,2.999999999999999889e-01,3.700000000000000000e+05
1.089494583243387993e+00,1.829999923706054688e+00,1.194340896606445312e+01,2.999999999999999889e-01,0.000000000000000000e+00
1.089518598288554019e+00,1.829999923706054688e+00,1.206348419189453125e+01,2.999999999999999889e-01,3.700000000000000000e+05
1.089868665957153038e+00,2.190000057220458984e+00,1.205091094970703125e+01,2.999999999999999889e-01,0.000000000000000000e+00
1.089892681002319064e+00,2.190000057220458984e+00,1.217098617553710938e+01,2.999999999999999889e-01,3.700000000000000000e+05
1.090242748541540685e+00,1.829999923706054688e+00,1.218355560302734375e+01,2.999999999999999889e-01,0.000000000000000000e+00
1.090266763586706711e+00,1.829999923706054688e+00,1.230363082885742188e+01,2.999999999999999889e-01,3.700000000000000000e+05
1.090616831255305730e+00,2.190000057220458984e+00,1.229105758666992188e+01,2.999999999999999889e-01,0.000000000000000000e+00
1.090640845537532266e+00,2.190000057220458984e+00,1.241112899780273438e+01,2.999999999999999889e-01,3.700000000000000000e+05
1.090990913206131285e+00,1.829999923706054688e+00,1.242370223999023438e+01,2.999999999999999889e-01,0.000000000000000000e+00
1.091014927488357822e+00,1.829999923706054688e+00,1.254377365112304688e+01,2.999999999999999889e-01,3.700000000000000000e+05
1.091364995027579443e+00,2.190000057220458984e+00,1.253120422363281250e+01,2.999999999999999889e-01,0.000000000000000000e+00
1.091389009309805980e+00,2.190000057220458984e+00,1.265127563476562500e+01,2.999999999999999889e-01,3.700000000000000000e+05
1.091739076978404999e+00,1.829999923706054688e+00,1.266384887695312500e+01,2.999999999999999889e-01,0.000000000000000000e+00
1.091763091260631535e+00,1.829999923706054688e+00,1.278392028808593750e+01,2.999999999999999889e-01,3.700000000000000000e+05
1.092113158799853156e+00,2.190000057220458984e+00,1.277135086059570312e+01,2.999999999999999889e-01,0.000000000000000000e+00
1.092593997119046367e+00,4.593920230865478516e+00,1.280747604370117188e+01,2.999999999999999889e-01,3.700000000000000000e+05
1.100620188819255274e+00,-3.659999847412109375e+00,1.309571075439453125e+01,2.999999999999999889e-01,0.000000000000000000e+00
1.102842483252398198e+00,7.319999992847442627e+00,1.139147567749023438e+01,2.999999999999999889e-01,3.700000000000000000e+05
1.103192550805218275e+00,7.680000007152557373e+00,1.137890243530273438e+01,2.999999999999999889e-01,0.000000000000000000e+00
1.103216565850384301e+00,7.680000007152557373e+00,1.149897766113281250e+01,2.999999999999999889e-01,3.700000000000000000e+05
1.103566633273826758e+00,7.319999992847442627e+00,1.151154708862304688e+01,2.999999999999999889e-01,0.000000000000000000e+00
1.103590648318992784e+00,7.319999992847442627e+00,1.163162231445312500e+01,2.999999999999999889e-01,3.700000000000000000e+05
1.103940715871812861e+00,7.680000007152557373e+00,1.161904907226562500e+01,2.999999999999999889e-01,0.000000000000000000e+00
1.103964730916978887e+00,7.680000007152557373e+00,1.173912429809570312e+01,2.999999999999999889e-01,3.700000000000000000e+05
1.104314798340421344e+00,7.319999992847442627e+00,1.175169372558593750e+01,2.999999999999999889e-01,0.000000000000000000e+00
1.104338813385587370e+00,7.319999992847442627e+00,1.187176895141601562e+01,2.999999999999999889e-01,3.700000000000000000e+05
1.104688880938407447e+00,7.680000007152557373e+00,1.185919570922851562e+01,2.999999999999999889e-01,0.000000000000000000e+00
1.104712895983573473e+00,7.680000007152557373e+00,1.197927093505859375e+01,2.999999999999999889e-01,3.700000000000000000e+05
1.105062963407015930e+00,7.319999992847442627e+00,1.199184036254882812e+01,2.999999999999999889e-01,0.000000000000000000e+00
1.105086978452181956e+00,7.319999992847442627e+00,1.211191558837890625e+01,2.999999999999999889e-01,3.700000000000000000e+05
1.105437046005002033e+00,7.680000007152557373e+00,1.209934234619140625e+01,2.999999999999999889e-01,0.000000000000000000e+00
1.105461060287228570e+00,7.680000007152557373e+00,1.221941375732421875e+01,2.999999999999999889e-01,3.700000000000000000e+05
1.105811127840048647e+00,7.319999992847442627e+00,1.223198699951171875e+01,2.999999999999999889e-01,0.000000000000000000e+00
1.105835142122275183e+00,7.319999992847442627e+00,1.235205841064453125e+01,2.999999999999999889e-01,3.700000000000000000e+05
1.106185209545717640e+00,7.680000007152557373e+00,1.233948898315429688e+01,2.999999999999999889e-01,0.000000000000000000e+00
1.106209223827944177e+00,7.680000007152557373e+00,1.245956039428710938e+01,2.999999999999999889e-01,3.700000000000000000e+05
1.106559291380764254e+00,7.319999992847442627e+00,1.247213363647460938e+01,2.999999999999999889e-01,0.000000000000000000e+00
1.106583305662990790e+00,7.319999992847442627e+00,1.259220504760742188e+01,2.999999999999999889e-01,3.700000000000000000e+05
1.106933373086433248e+00,7.680000007152557373e+00,1.257963562011718750e+01,2.999999999999999889e-01,0.000000000000000000e+00
1.106957387368659784e+00,7.680000007152557373e+00,1.269970703125000000e+01,2.999999999999999889e-01,3.700000000000000000e+05
1.107307454921479861e+00,7.319999992847442627e+00,1.271228027343750000e+01,2.999999999999999889e-01,0.000000000000000000e+00
1.109228950158205773e+00,-2.276686668395996094e+00,1.316747665405273438e+01,2.999999999999999889e-01,3.700000000000000000e+05
1.119253571844847972e+00,8.032365202903747559e+00,1.280747604370117188e+01,2.999999999999999889e-01,0.000000000000000000e+00
1.120790005731179484e+00,3.600001335144042969e-01,1.319547271728515625e+01,2.999999999999999889e-01,3.700000000000000000e+05
1.121140073399778503e+00,0.000000000000000000e+00,1.320804595947265625e+01,2.999999999999999889e-01,0.000000000000000000e+00
1.121164087682005039e+00,0.000000000000000000e+00,1.332811737060546875e+01,2.999999999999999889e-01,3.700000000000000000e+05
1.121514155221226661e+00,3.600001335144042969e-01,1.331554794311523438e+01,2.999999999999999889e-01,0.000000000000000000e+00
1.121538169503453197e+00,3.600001335144042969e-01,1.343561935424804688e+01,2.999999999999999889e-01,3.700000000000000000e+05
1.121888237172052216e+00,0.000000000000000000e+00,1.344819259643554688e+01,2.999999999999999889e-01,0.000000000000000000e+00
1.121912251454278753e+00,0.000000000000000000e+00,1.356826400756835938e+01,2.999999999999999889e-01,3.700000000000000000e+05
1.122262318993500374e+00,3.600001335144042969e-01,1.355569458007812500e+01,2.999999999999999889e-01,0.000000000000000000e+00
1.122286333275726911e+00,3.600001335144042969e-01,1.367576599121093750e+01,2.999999999999999889e-01,3.700000000000000000e+05
1.122636400944325930e+00,0.000000000000000000e+00,1.368833923339843750e+01,2.999999999999999889e-01,0.000000000000000000e+00
1.122660415226552466e+00,0.000000000000000000e+00,1.380841064453125000e+01,2.999999999999999889e-01,3.700000000000000000e+05
1.123010482765774087e+00,3.600001335144042969e-01,1.379584121704101562e+01,2.999999999999999889e-01,0.000000000000000000e+00
1.123034497048000624e+00,3.600001335144042969e-01,1.391591262817382812e+01,2.999999999999999889e-01,3.700000000000000000e+05
1.123384564716599643e+00,0.000000000000000000e+00,1.392848587036132812e+01,2.999999999999999889e-01,0.000000000000000000e+00
1.123408578998826179e+00,0.000000000000000000e+00,1.404855728149414062e+01,2.999999999999999889e-01,3.700000000000000000e+05
1.123758646538047801e+00,3.600001335144042969e-01,1.403598785400390625e+01,2.999999999999999889e-01,0.000000000000000000e+00
1.123782660820274337e+00,3.600001335144042969e-01,1.415605926513671875e+01,2.999999999999999889e-01,3.700000000000000000e+05
1.124132728488873356e+00,0.000000000000000000e+00,1.416863250732421875e+01,2.999999999999999889e-01,0.000000000000000000e+00
1.124156742771099893e+00,0.000000000000000000e+00,1.428870391845703125e+01,2.999999999999999889e-01,3.700000000000000000e+05
1.124506810310321514e+00,3.600001335144042969e-01,1.427613449096679688e+01,2.999999999999999889e-01,0.000000000000000000e+00
1.124530824592548051e+00,3.600001335144042969e-01,1.439620590209960938e+01,2.999999999999999889e-01,3.700000000000000000e+05
1.124880892261147070e+00,0.000000000000000000e+00,1.440877914428710938e+01,2.999999999999999889e-01,0.000000000000000000e+00
1.124904906543373606e+00,0.000000000000000000e+00,1.452885055541992188e+01,2.999999999999999889e-01,3.700000000000000000e+05
1.125254974211972625e+00,3.600001335144042969e-01,1.451627731323242188e+01,2.999999999999999889e-01,0.000000000000000000e+00
1.127071148439206416e+00,8.866317510604858398e+00,1.133747482299804688e+01,2.999999999999999889e-01,3.700000000000000000e+05
1.136594619788215965e+00,1.865999984741210938e+01,1.099547195434570312e+01,2.999999999999999889e-01,0.000000000000000000e+00
1.136618634833381991e+00,1.865999984741210938e+01,1.111554718017578125e+01,2.999999999999999889e-01,3.700000000000000000e+05
1.142798529107488026e+00,1.230476236343383789e+01,1.133747482299804688e+01,2.999999999999999889e-01,0.000000000000000000e+00
1.142901632429960790e+00,1.280999994277954102e+01,1.143990707397460938e+01,2.999999999999999889e-01,3.700000000000000000e+05
1.143251699635443597e+00,1.316999959945678711e+01,1.142733383178710938e+01,2.999999999999999889e-01,0.000000000000000000e+00
1.143275714680609623e+00,1.316999959945678711e+01,1.154740905761718750e+01,2.999999999999999889e-01,3.700000000000000000e+05
1.143625781756714810e+00,1.280999994277954102e+01,1.155997848510742188e+01,2.999999999999999889e-01,0.000000000000000000e+00
1.143649796801880836e+00,1.280999994277954102e+01,1.168005371093750000e+01,2.999999999999999889e-01,3.700000000000000000e+05
1.143999864007363643e+00,1.316999959945678711e+01,1.166748046875000000e+01,2.999999999999999889e-01,0.000000000000000000e+00
1.144023879052529669e+00,1.316999959945678711e+01,1.178755569458007812e+01,2.999999999999999889e-01,3.700000000000000000e+05
1.144373946128634856e+00,1.280999994277954102e+01,1.180012512207031250e+01,2.999999999999999889e-01,0.000000000000000000e+00
1.144397961173800882e+00,1.280999994277954102e+01,1.192020034790039062e+01,2.999999999999999889e-01,3.700000000000000000e+05
1.144748028379283689e+00,1.316999959945678711e+01,1.190762710571289062e+01,2.999999999999999889e-01,0.000000000000000000e+00
1.144772043424449715e+00,1.316999959945678711e+01,1.202770233154296875e+01,2.999999999999999889e-01,3.700000000000000000e+05
1.145122110500554902e+00,1.280999994277954102e+01,1.204027175903320312e+01,2.999999999999999889e-01,0.000000000000000000e+00
1.145146125545720928e+00,1.280999994277954102e+01,1.216034698486328125e+01,2.999999999999999889e-01,3.700000000000000000e+05
1.145496192751203735e+00,1.316999959945678711e+01,1.214777374267578125e+01,2.999999999999999889e-01,0.000000000000000000e+00
1.145520207033430271e+00,1.316999959945678711e+01,1.226784515380859375e+01,2.999999999999999889e-01,3.700000000000000000e+05
1.145870274238913078e+00,1.280999994277954102e+01,1.228041839599609375e+01,2.999999999999999889e-01,0.000000000000000000e+00
1.145894288521139615e+00,1.280999994277954102e+01,1.240048980712890625e+01,2.999999999999999889e-01,3.700000000000000000e+05
1.146244355597244802e+00,1.316999959945678711e+01,1.238792037963867188e+01,2.999999999999999889e-01,0.000000000000000000e+00
1.146268369879471338e+00,1.316999959945678711e+01,1.250799179077148438e+01,2.999999999999999889e-01,3.700000000000000000e+05
1.146618437084954145e+00,1.280999994277954102e+01,1.252056503295898438e+01,2.999999999999999889e-01,0.000000000000000000e+00
1.146642451367180682e+00,1.280999994277954102e+01,1.264063644409179688e+01,2.999999999999999889e-01,3.700000000000000000e+05
1.146992518443285869e+00,1.316999959945678711e+01,1.262806701660156250e+01,2.999999999999999889e-01,0.000000000000000000e+00
1.147016532725512405e+00,1.316999959945678711e+01,1.274813842773437500e+01,2.999999999999999889e-01,3.700000000000000000e+05
1.147366599930995212e+00,1.280999994277954102e+01,1.276071166992187500e+01,2.999999999999999889e-01,0.000000000000000000e+00
1.147771160760330478e+00,1.133999991416931152e+01,1.137116622924804688e+01,2.999999999999999889e-01,3.700000000000000000e+05
1.148121228197371391e+00,1.098000001907348633e+01,1.138373947143554688e+01,2.999999999999999889e-01,0.000000000000000000e+00
1.148145242479597927e+00,1.098000001907348633e+01,1.150381088256835938e+01,2.999999999999999889e-01,3.700000000000000000e+05
1.148495309787261442e+00,1.133999991416931152e+01,1.149124145507812500e+01,2.999999999999999889e-01,0.000000000000000000e+00
1.148519324069487979e+00,1.133999991416931152e+01,1.161131286621093750e+01,2.999999999999999889e-01,3.700000000000000000e+05
1.148869391506528892e+00,1.098000001907348633e+01,1.162388610839843750e+01,2.999999999999999889e-01,0.000000000000000000e+00
1.148893405788755429e+00,1.098000001907348633e+01,1.174395751953125000e+01,2.999999999999999889e-01,3.700000000000000000e+05
1.149243473096418944e+00,1.133999991416931152e+01,1.173138809204101562e+01,2.999999999999999889e-01,0.000000000000000000e+00
1.149267487378645480e+00,1.133999991416931152e+01,1.185145950317382812e+01,2.999999999999999889e-01,3.700000000000000000e+05
1.149617554686308996e+00,1.098000001907348633e+01,1.186402893066406250e+01,2.999999999999999889e-01,0.000000000000000000e+00
1.149641569731475021e+00,1.098000001907348633e+01,1.198410415649414062e+01,2.999999999999999889e-01,3.700000000000000000e+05
1.149991637168515934e+00,1.133999991416931152e+01,1.197153091430664062e+01,2.999999999999999889e-01,0.000000000000000000e+00
1.150015652213681960e+00,1.133999991416931152e+01,1.209160614013671875e+01,2.999999999999999889e-01,3.700000000000000000e+05
1.150365719521345476e+00,1.098000001907348633e+01,1.210417556762695312e+01,2.999999999999999889e-01,0.000000000000000000e+00
1.150389734566511502e+00,1.098000001907348633e+01,1.222425079345703125e+01,2.999999999999999889e-01,3.700000000000000000e+05
1.150739802003552414e+00,1.133999991416931152e+01,1.221167755126953125e+01,2.999999999999999889e-01,0.000000000000000000e+00
1.150763817048718440e+00,1.133999991416931152e+01,1.233175277709960938e+01,2.999999999999999889e-01,3.700000000000000000e+05
1.151113884356381956e+00,1.098000001907348633e+01,1.234432220458984375e+01,2.999999999999999889e-01,0.000000000000000000e+00
1.151137899401547982e+00,1.098000001907348633e+01,1.246439743041992188e+01,2.999999999999999889e-01,3.700000000000000000e+05
1.151487966838588894e+00,1.133999991416931152e+01,1.245182418823242188e+01,2.999999999999999889e-01,0.000000000000000000e+00
1.151511981883754920e+00,1.133999991416931152e+01,1.257189941406250000e+01,2.999999999999999889e-01,3.700000000000000000e+05
1.151862049191418436e+00,1.098000001907348633e+01,1.258446884155273438e+01,2.999999999999999889e-01,0.000000000000000000e+00
1.151886064236584462e+00,1.098000001907348633e+01,1.270454406738281250e+01,2.999999999999999889e-01,3.700000000000000000e+05
1.152236131673625374e+00,1.133999991416931152e+01,1.269197082519531250e+01,2.999999999999999889e-01,0.000000000000000000e+00
1.152680145155853708e+00,9.509999990463256836e+00,1.143507003784179688e+01,2.999999999999999889e-01,3.700000000000000000e+05
1.153030212708673785e+00,9.149999976158142090e+00,1.144764328002929688e+01,2.999999999999999889e-01,0.000000000000000000e+00
1.153054226990900322e+00,9.149999976158142090e+00,1.156771469116210938e+01,2.999999999999999889e-01,3.700000000000000000e+05
1.153404294414342779e+00,9.509999990463256836e+00,1.155514526367187500e+01,2.999999999999999889e-01,0.000000000000000000e+00
1.153428308696569315e+00,9.509999990463256836e+00,1.167521667480468750e+01,2.999999999999999889e-01,3.700000000000000000e+05
1.153778376249389392e+00,9.149999976158142090e+00,1.168778991699218750e+01,2.999999999999999889e-01,0.000000000000000000e+00
1.153802390531615929e+00,9.149999976158142090e+00,1.180786132812500000e+01,2.999999999999999889e-01,3.700000000000000000e+05
1.154152457955058386e+00,9.509999990463256836e+00,1.179529190063476562e+01,2.999999999999999889e-01,0.000000000000000000e+00
1.154176472237284923e+00,9.509999990463256836e+00,1.191536331176757812e+01,2.999999999999999889e-01,3.700000000000000000e+05
1.154526539790105000e+00,9.149999976158142090e+00,1.192793655395507812e+01,2.999999999999999889e-01,0.000000000000000000e+00
1.154550554072331536e+00,9.149999976158142090e+00,1.204800796508789062e+01,2.999999999999999889e-01,3.700000000000000000e+05
1.154900621495773994e+00,9.509999990463256836e+00,1.203543853759765625e+01,2.999999999999999889e-01,0.000000000000000000e+00
1.154924635778000530e+00,9.509999990463256836e+00,1.215550994873046875e+01,2.999999999999999889e-01,3.700000000000000000e+05
1.155274703330820607e+00,9.149999976158142090e+00,1.216808319091796875e+01,2.999999999999999889e-01,0.000000000000000000e+00
1.155298717613047144e+00,9.149999976158142090e+00,1.228815460205078125e+01,2.999999999999999889e-01,3.700000000000000000e+05
1.155648785036489601e+00,9.509999990463256836e+00,1.227558517456054688e+01,2.999999999999999889e-01,0.000000000000000000e+00
1.155672799318716137e+00,9.509999990463256836e+00,1.239565658569335938e+01,2.999999999999999889e-01,3.700000000000000000e+05
1.156022866871536214e+00,9.149999976158142090e+00,1.240822982788085938e+01,2.999999999999999889e-01,0.000000000000000000e+00
1.156046881153762751e+00,9.149999976158142090e+00,1.252830123901367188e+01,2.999999999999999889e-01,3.700000000000000000e+05
1.156396948577205208e+00,9.509999990463256836e+00,1.251573181152343750e+01,2.999999999999999889e-01,0.000000000000000000e+00
1.156420962859431745e+00,9.509999990463256836e+00,1.263580322265625000e+01,2.999999999999999889e-01,3.700000000000000000e+05
1.156771030412251822e+00,9.149999976158142090e+00,1.264837646484375000e+01,2.999999999999999889e-01,0.000000000000000000e+00
1.156795044694478358e+00,9.149999976158142090e+00,1.276844787597656250e+01,2.999999999999999889e-01,3.700000000000000000e+05
1.157145112247298435e+00,9.509999990463256836e+00,1.275587463378906250e+01,2.999999999999999889e-01,0.000000000000000000e+00
1.157537410056879823e+00,1.147081017494201660e+01,1.280747604370117188e+01,2.999999999999999889e-01,3.700000000000000000e+05
1.167562030701510434e+00,1.161759376525878906e+00,1.316747665405273438e+01,2.999999999999999889e-01,0.000000000000000000e+00
1.167697072042668038e+00,1.830000400543212891e+00,1.326421356201171875e+01,2.999999999999999889e-01,3.700000000000000000e+05
1.168047139118773226e+00,2.190000057220458984e+00,1.325164413452148438e+01,2.999999999999999889e-01,0.000000000000000000e+00
1.168071153400999762e+00,2.190000057220458984e+00,1.337171554565429688e+01,2.999999999999999889e-01,3.700000000000000000e+05
1.168421220606482569e+00,1.830000400543212891e+00,1.338428878784179688e+01,2.999999999999999889e-01,0.000000000000000000e+00
1.168445234888709106e+00,1.830000400543212891e+00,1.350436019897460938e+01,2.999999999999999889e-01,3.700000000000000000e+05
1.168795301964814293e+00,2.190000057220458984e+00,1.349179077148437500e+01,2.999999999999999889e-01,0.000000000000000000e+00
1.168819316247040829e+00,2.190000057220458984e+00,1.361186218261718750e+01,2.999999999999999889e-01,3.700000000000000000e+05
1.169169383452523636e+00,1.830000400543212891e+00,1.362443542480468750e+01,2.999999999999999889e-01,0.000000000000000000e+00
1.169193397734750173e+00,1.830000400543212891e+00,1.374450683593750000e+01,2.999999999999999889e-01,3.700000000000000000e+05
1.169543464940232980e+00,2.190000057220458984e+00,1.373193359375000000e+01,2.999999999999999889e-01,0.000000000000000000e+00
1.169567479985399006e+00,2.190000057220458984e+00,1.385200881958007812e+01,2.999999999999999889e-01,3.700000000000000000e+05
1.169917547061504193e+00,1.830000400543212891e+00,1.386457824707031250e+01,2.999999999999999889e-01,0.000000000000000000e+00
1.169941562106670219e+00,1.830000400543212891e+00,1.398465347290039062e+01,2.999999999999999889e-01,3.700000000000000000e+05
1.170291629312153026e+00,2.190000057220458984e+00,1.397208023071289062e+01,2.999999999999999889e-01,0.000000000000000000e+00
1.170315644357319051e+00,2.190000057220458984e+00,1.409215545654296875e+01,2.999999999999999889e-01,3.700000000000000000e+05
1.170665711433424239e+00,1.830000400543212891e+00,1.410472488403320312e+01,2.999999999999999889e-01,0.000000000000000000e+00
1.170689726478590265e+00,1.830000400543212891e+00,1.422480010986328125e+01,2.999999999999999889e-01,3.700000000000000000e+05
1.171039793684073071e+00,2.190000057220458984e+00,1.421222686767578125e+01,2.999999999999999889e-01,0.000000000000000000e+00
1.171063808729239097e+00,2.190000057220458984e+00,1.433230209350585938e+01,2.999999999999999889e-01,3.700000000000000000e+05
1.171413875805344285e+00,1.830000400543212891e+00,1.434487152099609375e+01,2.999999999999999889e-01,0.000000000000000000e+00
1.171437890850510311e+00,1.830000400543212891e+00,1.446494674682617188e+01,2.999999999999999889e-01,3.700000000000000000e+05
1.171787958055993117e+00,2.190000057220458984e+00,1.445237350463867188e+01,2.999999999999999889e-01,0.000000000000000000e+00
1.171811973101159143e+00,2.190000057220458984e+00,1.457244873046875000e+01,2.999999999999999889e-01,3.700000000000000000e+05
1.172162040177264331e+00,1.830000400543212891e+00,1.458501815795898438e+01,2.999999999999999889e-01,0.000000000000000000e+00
1.174803205733461642e+00,1.463999986648559570e+01,1.137599945068359375e+01,2.999999999999999889e-01,3.700000000000000000e+05
1.175153273272683263e+00,1.500000000000000000e+01,1.136343002319335938e+01,2.999999999999999889e-01,0.000000000000000000e+00
1.175177287554909800e+00,1.500000000000000000e+01,1.148350143432617188e+01,2.999999999999999889e-01,3.700000000000000000e+05
1.175527355223508819e+00,1.463999986648559570e+01,1.149607467651367188e+01,2.999999999999999889e-01,0.000000000000000000e+00
1.175551369505735355e+00,1.463999986648559570e+01,1.161614608764648438e+01,2.999999999999999889e-01,3.700000000000000000e+05
1.175901437044956976e+00,1.500000000000000000e+01,1.160357666015625000e+01,2.999999999999999889e-01,0.000000000000000000e+00
1.175925451327183513e+00,1.500000000000000000e+01,1.172364807128906250e+01,2.999999999999999889e-01,3.700000000000000000e+05
1.176275518995782532e+00,1.463999986648559570e+01,1.173622131347656250e+01,2.999999999999999889e-01,0.000000000000000000e+00
1.176299533278009068e+00,1.463999986648559570e+01,1.185629272460937500e+01,2.999999999999999889e-01,3.700000000000000000e+05
1.176649600817230690e+00,1.500000000000000000e+01,1.184372329711914062e+01,2.999999999999999889e-01,0.000000000000000000e+00
1.176673615099457226e+00,1.500000000000000000e+01,1.196379470825195312e+01,2.999999999999999889e-01,3.700000000000000000e+05
1.177023682768056245e+00,1.463999986648559570e+01,1.197636795043945312e+01,2.999999999999999889e-01,0.000000000000000000e+00
1.177047697050282782e+00,1.463999986648559570e+01,1.209643936157226562e+01,2.999999999999999889e-01,3.700000000000000000e+05
1.177397764589504403e+00,1.500000000000000000e+01,1.208386993408203125e+01,2.999999999999999889e-01,0.000000000000000000e+00
1.177421778871730940e+00,1.500000000000000000e+01,1.220394134521484375e+01,2.999999999999999889e-01,3.700000000000000000e+05
1.177771846540329959e+00,1.463999986648559570e+01,1.221651458740234375e+01,2.999999999999999889e-01,0.000000000000000000e+00
1.177795860822556495e+00,1.463999986648559570e+01,1.233658599853515625e+01,2.999999999999999889e-01,3.700000000000000000e+05
1.178145928361778116e+00,1.500000000000000000e+01,1.232401657104492188e+01,2.999999999999999889e-01,0.000000000000000000e+00
1.178169942644004653e+00,1.500000000000000000e+01,1.244408798217773438e+01,2.999999999999999889e-01,3.700000000000000000e+05
1.178520010312603672e+00,1.463999986648559570e+01,1.245666122436523438e+01,2.999999999999999889e-01,0.000000000000000000e+00
1.178544024594830208e+00,1.463999986648559570e+01,1.257673263549804688e+01,2.999999999999999889e-01,3.700000000000000000e+05
1.178894092263429227e+00,1.500000000000000000e+01,1.256415939331054688e+01,2.999999999999999889e-01,0.000000000000000000e+00
1.178918107308595253e+00,1.500000000000000000e+01,1.268423461914062500e+01,2.999999999999999889e-01,3.700000000000000000e+05
1.179268174847816875e+00,1.463999986648559570e+01,1.269680404663085938e+01,2.999999999999999889e-01,0.000000000000000000e+00
1.181278339310130709e+00,4.600204229354858398e+00,1.316747665405273438e+01,2.999999999999999889e-01,3.700000000000000000e+05
1.191391201281016832e+00,1.500000000000000000e+01,1.280430603027343750e+01,2.999999999999999889e-01,0.000000000000000000e+00
1.192857128246973097e+00,7.679999962449073792e+00,1.318000030517578125e+01,2.999999999999999889e-01,3.700000000000000000e+05
1.193207195915572116e+00,7.319999828934669495e+00,1.319257354736328125e+01,2.999999999999999889e-01,0.000000000000000000e+00
1.193231210197798653e+00,7.319999828934669495e+00,1.331264495849609375e+01,2.999999999999999889e-01,3.700000000000000000e+05
1.193581277737020274e+00,7.679999962449073792e+00,1.330007553100585938e+01,2.999999999999999889e-01,0.000000000000000000e+00
1.193605292019246811e+00,7.679999962449073792e+00,1.342014694213867188e+01,2.999999999999999889e-01,3.700000000000000000e+05
1.193955359687845830e+00,7.319999828934669495e+00,1.343272018432617188e+01,2.999999999999999889e-01,0.000000000000000000e+00
1.193979373970072366e+00,7.319999828934669495e+00,1.355279159545898438e+01,2.999999999999999889e-01,3.700000000000000000e+05
1.194329441638671385e+00,7.679999962449073792e+00,1.354021835327148438e+01,2.999999999999999889e-01,0.000000000000000000e+00
1.194353456683837411e+00,7.679999962449073792e+00,1.366029357910156250e+01,2.999999999999999889e-01,3.700000000000000000e+05
1.194703524223059032e+00,7.319999828934669495e+00,1.367286300659179688e+01,2.999999999999999889e-01,0.000000000000000000e+00
1.194727539268225058e+00,7.319999828934669495e+00,1.379293823242187500e+01,2.999999999999999889e-01,3.700000000000000000e+05
1.195077606936824077e+00,7.679999962449073792e+00,1.378036499023437500e+01,2.999999999999999889e-01,0.000000000000000000e+00
1.195101621981990103e+00,7.679999962449073792e+00,1.390044021606445312e+01,2.999999999999999889e-01,3.700000000000000000e+05
1.195451689521211724e+00,7.319999828934669495e+00,1.391300964355468750e+01,2.999999999999999889e-01,0.000000000000000000e+00
1.195475704566377750e+00,7.319999828934669495e+00,1.403308486938476562e+01,2.999999999999999889e-01,3.700000000000000000e+05
1.195825772234976769e+00,7.679999962449073792e+00,1.402051162719726562e+01,2.999999999999999889e-01,0.000000000000000000e+00
1.195849787280142795e+00,7.679999962449073792e+00,1.414058685302734375e+01,2.999999999999999889e-01,3.700000000000000000e+05
1.196199854819364417e+00,7.319999828934669495e+00,1.415315628051757812e+01,2.999999999999999889e-01,0.000000000000000000e+00
1.196223869864530442e+00,7.319999828934669495e+00,1.427323150634765625e+01,2.999999999999999889e-01,3.700000000000000000e+05
1.196573937533129461e+00,7.679999962449073792e+00,1.426065826416015625e+01,2.999999999999999889e-01,0.000000000000000000e+00
1.196597952578295487e+00,7.679999962449073792e+00,1.438073348999023438e+01,2.999999999999999889e-01,3.700000000000000000e+05
1.196948020117517109e+00,7.319999828934669495e+00,1.439330291748046875e+01,2.999999999999999889e-01,0.000000000000000000e+00
1.196972035162683135e+00,7.319999828934669495e+00,1.451337814331054688e+01,2.999999999999999889e-01,3.700000000000000000e+05
1.197322102831282153e+00,7.679999962449073792e+00,1.450080490112304688e+01,2.999999999999999889e-01,0.000000000000000000e+00
1.197346117876448179e+00,7.679999962449073792e+00,1.462088012695312500e+01,2.999999999999999889e-01,3.700000000000000000e+05
1.197696185415669801e+00,7.319999828934669495e+00,1.463344955444335938e+01,2.999999999999999889e-01,0.000000000000000000e+00
1.199505205970221366e+00,1.574320793151855469e+01,1.133747482299804688e+01,2.999999999999999889e-01,3.700000000000000000e+05
1.202341522604127633e+00,1.865999984741210938e+01,1.123561859130859375e+01,2.999999999999999889e-01,0.000000000000000000e+00
1.202365537649293659e+00,1.865999984741210938e+01,1.135569381713867188e+01,2.999999999999999889e-01,3.700000000000000000e+05
1.202715604725398846e+00,1.830000019073486328e+01,1.136826324462890625e+01,2.999999999999999889e-01,0.000000000000000000e+00
1.202739619770564872e+00,1.830000019073486328e+01,1.148833847045898438e+01,2.999999999999999889e-01,3.700000000000000000e+05
1.203089686976047679e+00,1.865999984741210938e+01,1.147576522827148438e+01,2.999999999999999889e-01,0.000000000000000000e+00
1.203113702021213705e+00,1.865999984741210938e+01,1.159584045410156250e+01,2.999999999999999889e-01,3.700000000000000000e+05
1.203463769097318892e+00,1.830000019073486328e+01,1.160840988159179688e+01,2.999999999999999889e-01,0.000000000000000000e+00
1.203487784142484918e+00,1.830000019073486328e+01,1.172848510742187500e+01,2.999999999999999889e-01,3.700000000000000000e+05
1.203837851347967725e+00,1.865999984741210938e+01,1.171591186523437500e+01,2.999999999999999889e-01,0.000000000000000000e+00
1.203861866393133750e+00,1.865999984741210938e+01,1.183598709106445312e+01,2.999999999999999889e-01,3.700000000000000000e+05
1.204211933469238938e+00,1.830000019073486328e+01,1.184855651855468750e+01,2.999999999999999889e-01,0.000000000000000000e+00
1.204235948514404964e+00,1.830000019073486328e+01,1.196863174438476562e+01,2.999999999999999889e-01,3.700000000000000000e+05
1.204586015719887770e+00,1.865999984741210938e+01,1.195605850219726562e+01,2.999999999999999889e-01,0.000000000000000000e+00
1.204610030765053796e+00,1.865999984741210938e+01,1.207613372802734375e+01,2.999999999999999889e-01,3.700000000000000000e+05
1.204960097841158984e+00,1.830000019073486328e+01,1.208870315551757812e+01,2.999999999999999889e-01,0.000000000000000000e+00
1.204984112886325009e+00,1.830000019073486328e+01,1.220877838134765625e+01,2.999999999999999889e-01,3.700000000000000000e+05
1.205334180091807816e+00,1.865999984741210938e+01,1.219620513916015625e+01,2.999999999999999889e-01,0.000000000000000000e+00
1.205358194374034353e+00,1.865999984741210938e+01,1.231627655029296875e+01,2.999999999999999889e-01,3.700000000000000000e+05
1.205708261579517160e+00,1.830000019073486328e+01,1.232884979248046875e+01,2.999999999999999889e-01,0.000000000000000000e+00
1.205732275861743696e+00,1.830000019073486328e+01,1.244892120361328125e+01,2.999999999999999889e-01,3.700000000000000000e+05
1.206082342937848884e+00,1.865999984741210938e+01,1.243635177612304688e+01,2.999999999999999889e-01,0.000000000000000000e+00
1.206106357220075420e+00,1.865999984741210938e+01,1.255642318725585938e+01,2.999999999999999889e-01,3.700000000000000000e+05
1.206456424425558227e+00,1.830000019073486328e+01,1.256899642944335938e+01,2.999999999999999889e-01,0.000000000000000000e+00
1.206480438707784764e+00,1.830000019073486328e+01,1.268906784057617188e+01,2.999999999999999889e-01,3.700000000000000000e+05
1.206830505783889951e+00,1.865999984741210938e+01,1.267649841308593750e+01,2.999999999999999889e-01,0.000000000000000000e+00
1.207274519266118284e+00,1.682999992370605469e+01,1.141959762573242188e+01,2.999999999999999889e-01,3.700000000000000000e+05
1.207624586471601091e+00,1.647000026702880859e+01,1.143217086791992188e+01,2.999999999999999889e-01,0.000000000000000000e+00
1.207648600753827628e+00,1.647000026702880859e+01,1.155224227905273438e+01,2.999999999999999889e-01,3.700000000000000000e+05
1.207998667829932815e+00,1.682999992370605469e+01,1.153967285156250000e+01,2.999999999999999889e-01,0.000000000000000000e+00
1.208022682112159352e+00,1.682999992370605469e+01,1.165974426269531250e+01,2.999999999999999889e-01,3.700000000000000000e+05
1.208372749317642159e+00,1.647000026702880859e+01,1.167231750488281250e+01,2.999999999999999889e-01,0.000000000000000000e+00
1.208396763599868695e+00,1.647000026702880859e+01,1.179238891601562500e+01,2.999999999999999889e-01,3.700000000000000000e+05
1.208746830805351502e+00,1.682999992370605469e+01,1.177981567382812500e+01,2.999999999999999889e-01,0.000000000000000000e+00
1.208770845850517528e+00,1.682999992370605469e+01,1.189989089965820312e+01,2.999999999999999889e-01,3.700000000000000000e+05
1.209120912926622715e+00,1.647000026702880859e+01,1.191246032714843750e+01,2.999999999999999889e-01,0.000000000000000000e+00
1.209144927971788741e+00,1.647000026702880859e+01,1.203253555297851562e+01,2.999999999999999889e-01,3.700000000000000000e+05
1.209494995177271548e+00,1.682999992370605469e+01,1.201996231079101562e+01,2.999999999999999889e-01,0.000000000000000000e+00
1.209519010222437574e+00,1.682999992370605469e+01,1.214003753662109375e+01,2.999999999999999889e-01,3.700000000000000000e+05
1.209869077298542761e+00,1.647000026702880859e+01,1.215260696411132812e+01,2.999999999999999889e-01,0.000000000000000000e+00
1.209893092343708787e+00,1.647000026702880859e+01,1.227268218994140625e+01,2.999999999999999889e-01,3.700000000000000000e+05
1.210243159549191594e+00,1.682999992370605469e+01,1.226010894775390625e+01,2.999999999999999889e-01,0.000000000000000000e+00
1.210267174594357620e+00,1.682999992370605469e+01,1.238018417358398438e+01,2.999999999999999889e-01,3.700000000000000000e+05
1.210617241670462807e+00,1.647000026702880859e+01,1.239275360107421875e+01,2.999999999999999889e-01,0.000000000000000000e+00
1.210641256715628833e+00,1.647000026702880859e+01,1.251282882690429688e+01,2.999999999999999889e-01,3.700000000000000000e+05
1.210991323921111640e+00,1.682999992370605469e+01,1.250025558471679688e+01,2.999999999999999889e-01,0.000000000000000000e+00
1.211015338966277666e+00,1.682999992370605469e+01,1.262033081054687500e+01,2.999999999999999889e-01,3.700000000000000000e+05
1.211365406042382853e+00,1.647000026702880859e+01,1.263290023803710938e+01,2.999999999999999889e-01,0.000000000000000000e+00
1.211389421087548879e+00,1.647000026702880859e+01,1.275297546386718750e+01,2.999999999999999889e-01,3.700000000000000000e+05
1.211739488293031686e+00,1.682999992370605469e+01,1.274040222167968750e+01,2.999999999999999889e-01,0.000000000000000000e+00
1.212105660630618198e+00,1.865999984741210938e+01,1.279656982421875000e+01,2.999999999999999889e-01,3.700000000000000000e+05
1.222433965202031736e+00,8.038648664951324463e+00,1.316747665405273438e+01,2.999999999999999889e-01,0.000000000000000000e+00
1.222656828943823992e+00,9.150000214576721191e+00,1.324874114990234375e+01,2.999999999999999889e-01,3.700000000000000000e+05
1.223006896033527857e+00,9.509999752044677734e+00,1.323616790771484375e+01,2.999999999999999889e-01,0.000000000000000000e+00
1.223030911078693883e+00,9.509999752044677734e+00,1.335624313354492188e+01,2.999999999999999889e-01,3.700000000000000000e+05
1.223380978039019906e+00,9.150000214576721191e+00,1.336881256103515625e+01,2.999999999999999889e-01,0.000000000000000000e+00
1.223404993084185932e+00,9.150000214576721191e+00,1.348888778686523438e+01,2.999999999999999889e-01,3.700000000000000000e+05
1.223755060173889797e+00,9.509999752044677734e+00,1.347631454467773438e+01,2.999999999999999889e-01,0.000000000000000000e+00
1.223779075219055823e+00,9.509999752044677734e+00,1.359638977050781250e+01,2.999999999999999889e-01,3.700000000000000000e+05
1.224129142179381846e+00,9.150000214576721191e+00,1.360895919799804688e+01,2.999999999999999889e-01,0.000000000000000000e+00
1.224153157224547872e+00,9.150000214576721191e+00,1.372903442382812500e+01,2.999999999999999889e-01,3.700000000000000000e+05
1.224503224314251737e+00,9.509999752044677734e+00,1.371646118164062500e+01,2.999999999999999889e-01,0.000000000000000000e+00
1.224527239359417763e+00,9.509999752044677734e+00,1.383653640747070312e+01,2.999999999999999889e-01,3.700000000000000000e+05
1.224877306319743786e+00,9.150000214576721191e+00,1.384910583496093750e+01,2.999999999999999889e-01,0.000000000000000000e+00
1.224901321364909812e+00,9.150000214576721191e+00,1.396918106079101562e+01,2.999999999999999889e-01,3.700000000000000000e+05
1.225251388454613677e+00,9.509999752044677734e+00,1.395660781860351562e+01,2.999999999999999889e-01,0.000000000000000000e+00
1.225275402736840213e+00,9.509999752044677734e+00,1.407667922973632812e+01,2.999999999999999889e-01,3.700000000000000000e+05
1.225625469826544078e+00,9.150000214576721191e+00,1.408925247192382812e+01,2.999999999999999889e-01,0.000000000000000000e+00
1.225649484108770615e+00,9.150000214576721191e+00,1.420932388305664062e+01,2.999999999999999889e-01,3.700000000000000000e+05
1.225999551069096638e+00,9.509999752044677734e+00,1.419675445556640625e+01,2.999999999999999889e-01,0.000000000000000000e+00
1.226023565351323175e+00,9.509999752044677734e+00,1.431682586669921875e+01,2.999999999999999889e-01,3.700000000000000000e+05
1.226373632441027040e+00,9.150000214576721191e+00,1.432939910888671875e+01,2.999999999999999889e-01,0.000000000000000000e+00
1.226397646723253576e+00,9.150000214576721191e+00,1.444947052001953125e+01,2.999999999999999889e-01,3.700000000000000000e+05
1.226747713683579599e+00,9.509999752044677734e+00,1.443690109252929688e+01,2.999999999999999889e-01,0.000000000000000000e+00
1.226771727965806136e+00,9.509999752044677734e+00,1.455697250366210938e+01,2.999999999999999889e-01,3.700000000000000000e+05
1.227121795055510001e+00,9.150000214576721191e+00,1.456954574584960938e+01,2.999999999999999889e-01,0.000000000000000000e+00
1.229261897329874342e+00,-1.470000267028808594e+00,1.325938034057617188e+01,2.999999999999999889e-01,3.700000000000000000e+05
1.229611964405979530e+00,-1.829999923706054688e+00,1.327194976806640625e+01,2.999999999999999889e-01,0.000000000000000000e+00
1.229635979451145555e+00,-1.829999923706054688e+00,1.339202499389648438e+01,2.999999999999999889e-01,3.700000000000000000e+05
1.229986046656628362e+00,-1.470000267028808594e+00,1.337945175170898438e+01,2.999999999999999889e-01,0.000000000000000000e+00
1.230010061701794388e+00,-1.470000267028808594e+00,1.349952697753906250e+01,2.999999999999999889e-01,3.700000000000000000e+05
1.230360128777899575e+00,-1.829999923706054688e+00,1.351209640502929688e+01,2.999999999999999889e-01,0.000000000000000000e+00
1.230384143823065601e+00,-1.829999923706054688e+00,1.363217163085937500e+01,2.999999999999999889e-01,3.700000000000000000e+05
1.230734211028548408e+00,-1.470000267028808594e+00,1.361959838867187500e+01,2.999999999999999889e-01,0.000000000000000000e+00
1.230758226073714434e+00,-1.470000267028808594e+00,1.373967361450195312e+01,2.999999999999999889e-01,3.700000000000000000e+05
1.231108293149819621e+00,-1.829999923706054688e+00,1.375224304199218750e+01,2.999999999999999889e-01,0.000000000000000000e+00
1.231132308194985647e+00,-1.829999923706054688e+00,1.387231826782226562e+01,2.999999999999999889e-01,3.700000000000000000e+05
1.231482375400468454e+00,-1.470000267028808594e+00,1.385974502563476562e+01,2.999999999999999889e-01,0.000000000000000000e+00
1.231506390445634480e+00,-1.470000267028808594e+00,1.397982025146484375e+01,2.999999999999999889e-01,3.700000000000000000e+05
1.231856457521739667e+00,-1.829999923706054688e+00,1.399238967895507812e+01,2.999999999999999889e-01,0.000000000000000000e+00
1.231880472566905693e+00,-1.829999923706054688e+00,1.411246490478515625e+01,2.999999999999999889e-01,3.700000000000000000e+05
1.232230539772388500e+00,-1.470000267028808594e+00,1.409989166259765625e+01,2.999999999999999889e-01,0.000000000000000000e+00
1.232254554054615037e+00,-1.470000267028808594e+00,1.421996307373046875e+01,2.999999999999999889e-01,3.700000000000000000e+05
1.232604621260097844e+00,-1.829999923706054688e+00,1.423253631591796875e+01,2.999999999999999889e-01,0.000000000000000000e+00
1.232628635542324380e+00,-1.829999923706054688e+00,1.435260772705078125e+01,2.999999999999999889e-01,3.700000000000000000e+05
1.232978702618429567e+00,-1.470000267028808594e+00,1.434003829956054688e+01,2.999999999999999889e-01,0.000000000000000000e+00
1.233002716900656104e+00,-1.470000267028808594e+00,1.446010971069335938e+01,2.999999999999999889e-01,3.700000000000000000e+05
1.233352784106138911e+00,-1.829999923706054688e+00,1.447268295288085938e+01,2.999999999999999889e-01,0.000000000000000000e+00
1.233376798388365447e+00,-1.829999923706054688e+00,1.459275436401367188e+01,2.999999999999999889e-01,3.700000000000000000e+05
1.233726865464470634e+00,-1.470000267028808594e+00,1.458018493652343750e+01,2.999999999999999889e-01,0.000000000000000000e+00
1.234093037897379785e+00,3.600001335144042969e-01,1.463635253906250000e+01,2.999999999999999889e-01,3.700000000000000000e+05
1.236222615136387537e+00,-1.829999923706054688e+00,1.471282958984375000e+01,2.999999999999999889e-01,0.000000000000000000e+00
1.237361523672843244e+00,3.660000085830688477e+00,1.320030975341796875e+01,2.999999999999999889e-01,3.700000000000000000e+05
1.237711591109884157e+00,4.019999980926513672e+00,1.318773651123046875e+01,2.999999999999999889e-01,0.000000000000000000e+00
1.237735606155050183e+00,4.019999980926513672e+00,1.330781173706054688e+01,2.999999999999999889e-01,3.700000000000000000e+05
1.238085673462713698e+00,3.660000085830688477e+00,1.332038116455078125e+01,2.999999999999999889e-01,0.000000000000000000e+00
1.238109688507879724e+00,3.660000085830688477e+00,1.344045639038085938e+01,2.999999999999999889e-01,3.700000000000000000e+05
1.238459755944920637e+00,4.019999980926513672e+00,1.342788314819335938e+01,2.999999999999999889e-01,0.000000000000000000e+00
1.238483770990086663e+00,4.019999980926513672e+00,1.354795837402343750e+01,2.999999999999999889e-01,3.700000000000000000e+05
1.238833838297750178e+00,3.660000085830688477e+00,1.356052780151367188e+01,2.999999999999999889e-01,0.000000000000000000e+00
1.238857853342916204e+00,3.660000085830688477e+00,1.368060302734375000e+01,2.999999999999999889e-01,3.700000000000000000e+05
1.239207920779957117e+00,4.019999980926513672e+00,1.366802978515625000e+01,2.999999999999999889e-01,0.000000000000000000e+00
1.239231935825123143e+00,4.019999980926513672e+00,1.378810501098632812e+01,2.999999999999999889e-01,3.700000000000000000e+05
1.239582003132786658e+00,3.660000085830688477e+00,1.380067443847656250e+01,2.999999999999999889e-01,0.000000000000000000e+00
1.239606018177952684e+00,3.660000085830688477e+00,1.392074966430664062e+01,2.999999999999999889e-01,3.700000000000000000e+05
1.239956085614993597e+00,4.019999980926513672e+00,1.390817642211914062e+01,2.999999999999999889e-01,0.000000000000000000e+00
1.239980099897220134e+00,4.019999980926513672e+00,1.402824783325195312e+01,2.999999999999999889e-01,3.700000000000000000e+05
1.240330167334261047e+00,3.660000085830688477e+00,1.404082107543945312e+01,2.999999999999999889e-01,0.000000000000000000e+00
1.240354181616487583e+00,3.660000085830688477e+00,1.416089248657226562e+01,2.999999999999999889e-01,3.700000000000000000e+05
1.240704248924151099e+00,4.019999980926513672e+00,1.414832305908203125e+01,2.999999999999999889e-01,0.000000000000000000e+00
1.240728263206377635e+00,4.019999980926513672e+00,1.426839447021484375e+01,2.999999999999999889e-01,3.700000000000000000e+05
1.241078330643418548e+00,3.660000085830688477e+00,1.428096771240234375e+01,2.999999999999999889e-01,0.000000000000000000e+00
1.241102344925645085e+00,3.660000085830688477e+00,1.440103912353515625e+01,2.999999999999999889e-01,3.700000000000000000e+05
1.241452412233308600e+00,4.019999980926513672e+00,1.438846969604492188e+01,2.999999999999999889e-01,0.000000000000000000e+00
1.241476426515535136e+00,4.019999980926513672e+00,1.450854110717773438e+01,2.999999999999999889e-01,3.700000000000000000e+05
1.241826493952576049e+00,3.660000085830688477e+00,1.452111434936523438e+01,2.999999999999999889e-01,0.000000000000000000e+00
1.242926263219665151e+00,-1.829999923706054688e+00,1.483290100097656250e+01,2.999999999999999889e-01,3.700000000000000000e+05
1.248614859599498805e+00,4.019999980926513672e+00,1.462861633300781250e+01,2.999999999999999889e-01,0.000000000000000000e+00
1.249073829231922561e+00,5.850000023841857910e+00,1.324390411376953125e+01,2.999999999999999889e-01,3.700000000000000000e+05
1.249423896784742638e+00,5.490000009536743164e+00,1.325647735595703125e+01,2.999999999999999889e-01,0.000000000000000000e+00
1.249447911066969175e+00,5.490000009536743164e+00,1.337654876708984375e+01,2.999999999999999889e-01,3.700000000000000000e+05
1.249797978490411632e+00,5.850000023841857910e+00,1.336397933959960938e+01,2.999999999999999889e-01,0.000000000000000000e+00
1.249821992772638168e+00,5.850000023841857910e+00,1.348405075073242188e+01,2.999999999999999889e-01,3.700000000000000000e+05
1.250172060325458245e+00,5.490000009536743164e+00,1.349662399291992188e+01,2.999999999999999889e-01,0.000000000000000000e+00
1.250196074607684782e+00,5.490000009536743164e+00,1.361669540405273438e+01,2.999999999999999889e-01,3.700000000000000000e+05
1.250546142031127239e+00,5.850000023841857910e+00,1.360412597656250000e+01,2.999999999999999889e-01,0.000000000000000000e+00
1.250570156313353776e+00,5.850000023841857910e+00,1.372419738769531250e+01,2.999999999999999889e-01,3.700000000000000000e+05
1.250920223866173853e+00,5.490000009536743164e+00,1.373677062988281250e+01,2.999999999999999889e-01,0.000000000000000000e+00
1.250944238148400389e+00,5.490000009536743164e+00,1.385684204101562500e+01,2.999999999999999889e-01,3.700000000000000000e+05
1.251294305571842846e+00,5.850000023841857910e+00,1.384427261352539062e+01,2.999999999999999889e-01,0.000000000000000000e+00
1.251318319854069383e+00,5.850000023841857910e+00,1.396434402465820312e+01,2.999999999999999889e-01,3.700000000000000000e+05
1.251668387406889460e+00,5.490000009536743164e+00,1.397691726684570312e+01,2.999999999999999889e-01,0.000000000000000000e+00
1.251692401689115997e+00,5.490000009536743164e+00,1.409698867797851562e+01,2.999999999999999889e-01,3.700000000000000000e+05
1.252042469112558454e+00,5.850000023841857910e+00,1.408441925048828125e+01,2.999999999999999889e-01,0.000000000000000000e+00
1.252066483394784990e+00,5.850000023841857910e+00,1.420449066162109375e+01,2.999999999999999889e-01,3.700000000000000000e+05
1.252416550947605067e+00,5.490000009536743164e+00,1.421706390380859375e+01,2.999999999999999889e-01,0.000000000000000000e+00
1.252440565229831604e+00,5.490000009536743164e+00,1.433713531494140625e+01,2.999999999999999889e-01,3.700000000000000000e+05
1.252790632653274061e+00,5.850000023841857910e+00,1.432456588745117188e+01,2.999999999999999889e-01,0.000000000000000000e+00
1.252814646935500598e+00,5.850000023841857910e+00,1.444463729858398438e+01,2.999999999999999889e-01,3.700000000000000000e+05
1.253164714488320675e+00,5.490000009536743164e+00,1.445721054077148438e+01,2.999999999999999889e-01,0.000000000000000000e+00
1.253188728770547211e+00,5.490000009536743164e+00,1.457728195190429688e+01,2.999999999999999889e-01,3.700000000000000000e+05
1.253538796323367288e+00,5.850000023841857910e+00,1.456470870971679688e+01,2.999999999999999889e-01,0.000000000000000000e+00
1.253810126274300218e+00,7.204696744680404663e+00,1.463747787475585938e+01,2.999999999999999889e-01,3.700000000000000000e+05
1.262595552619278250e+00,-1.829999923706054688e+00,1.495297622680664062e+01,2.999999999999999889e-01,0.000000000000000000e+00
1.262619566901504786e+00,-1.829999923706054688e+00,1.507304763793945312e+01,2.999999999999999889e-01,3.700000000000000000e+05
1.262969633977609973e+00,-1.470000267028808594e+00,1.506047821044921875e+01,2.999999999999999889e-01,0.000000000000000000e+00
1.262993648259836510e+00,-1.470000267028808594e+00,1.518054962158203125e+01,2.999999999999999889e-01,3.700000000000000000e+05
1.263343715465319317e+00,-1.829999923706054688e+00,1.519312286376953125e+01,2.999999999999999889e-01,0.000000000000000000e+00
1.263367729747545853e+00,-1.829999923706054688e+00,1.531319427490234375e+01,2.999999999999999889e-01,3.700000000000000000e+05
1.263717796823651041e+00,-1.470000267028808594e+00,1.530062484741210938e+01,2.999999999999999889e-01,0.000000000000000000e+00
1.263741811105877577e+00,-1.470000267028808594e+00,1.542069625854492188e+01,2.999999999999999889e-01,3.700000000000000000e+05
1.264091878246666800e+00,-1.829999923706054688e+00,1.543326759338378906e+01,2.999999999999999889e-01,0.000000000000000000e+00
1.264115892910363081e+00,-1.829999923706054688e+00,1.555334091186523438e+01,2.999999999999999889e-01,3.700000000000000000e+05
1.264465960051152305e+00,-1.470000267028808594e+00,1.554076957702636719e+01,2.999999999999999889e-01,0.000000000000000000e+00
1.264489974714848586e+00,-1.470000267028808594e+00,1.566084289550781250e+01,2.999999999999999889e-01,3.700000000000000000e+05
1.264840041855637809e+00,-1.829999923706054688e+00,1.567341423034667969e+01,2.999999999999999889e-01,0.000000000000000000e+00
1.264864056519334090e+00,-1.829999923706054688e+00,1.579348754882812500e+01,2.999999999999999889e-01,3.700000000000000000e+05
1.265214123660123313e+00,-1.470000267028808594e+00,1.578091621398925781e+01,2.999999999999999889e-01,0.000000000000000000e+00
1.265238138323819594e+00,-1.470000267028808594e+00,1.590098953247070312e+01,2.999999999999999889e-01,3.700000000000000000e+05
1.265588205464608818e+00,-1.829999923706054688e+00,1.591356086730957031e+01,2.999999999999999889e-01,0.000000000000000000e+00
1.265612220128305099e+00,-1.829999923706054688e+00,1.603363418579101562e+01,2.999999999999999889e-01,3.700000000000000000e+05
1.265962287269094322e+00,-1.470000267028808594e+00,1.602106285095214844e+01,2.999999999999999889e-01,0.000000000000000000e+00
1.265986301551320858e+00,-1.470000267028808594e+00,1.614113426208496094e+01,2.999999999999999889e-01,3.700000000000000000e+05
1.266336368756803665e+00,-1.829999923706054688e+00,1.615370750427246094e+01,2.999999999999999889e-01,0.000000000000000000e+00
1.266360383039030202e+00,-1.829999923706054688e+00,1.627377891540527344e+01,2.999999999999999889e-01,3.700000000000000000e+05
1.266710450179819425e+00,-1.470000267028808594e+00,1.626120758056640625e+01,2.999999999999999889e-01,0.000000000000000000e+00
1.266734464843515706e+00,-1.470000267028808594e+00,1.638128089904785156e+01,2.999999999999999889e-01,3.700000000000000000e+05
1.267084531984304929e+00,-1.829999923706054688e+00,1.639385223388671875e+01,2.999999999999999889e-01,0.000000000000000000e+00
1.267108546648001210e+00,-1.829999923706054688e+00,1.651392555236816406e+01,2.999999999999999889e-01,3.700000000000000000e+05
1.268401985901670193e+00,-4.998617172241210938e-01,1.646747589111328125e+01,2.999999999999999889e-01,0.000000000000000000e+00
1.270789980594945190e+00,1.098000001907348633e+01,1.318483352661132812e+01,2.999999999999999889e-01,3.700000000000000000e+05
1.271140047902608705e+00,1.133999991416931152e+01,1.317226409912109375e+01,2.999999999999999889e-01,0.000000000000000000e+00
1.271164062184835242e+00,1.133999991416931152e+01,1.329233551025390625e+01,2.999999999999999889e-01,3.700000000000000000e+05
1.271514129621876155e+00,1.098000001907348633e+01,1.330490875244140625e+01,2.999999999999999889e-01,0.000000000000000000e+00
1.271538143904102691e+00,1.098000001907348633e+01,1.342498016357421875e+01,2.999999999999999889e-01,3.700000000000000000e+05
1.271888211211766206e+00,1.133999991416931152e+01,1.341241073608398438e+01,2.999999999999999889e-01,0.000000000000000000e+00
1.271912225493992743e+00,1.133999991416931152e+01,1.353248214721679688e+01,2.999999999999999889e-01,3.700000000000000000e+05
1.272262292931033656e+00,1.098000001907348633e+01,1.354505538940429688e+01,2.999999999999999889e-01,0.000000000000000000e+00
1.272286307213260192e+00,1.098000001907348633e+01,1.366512680053710938e+01,2.999999999999999889e-01,3.700000000000000000e+05
1.272636374520923708e+00,1.133999991416931152e+01,1.365255737304687500e+01,2.999999999999999889e-01,0.000000000000000000e+00
1.272660388803150244e+00,1.133999991416931152e+01,1.377262878417968750e+01,2.999999999999999889e-01,3.700000000000000000e+05
1.273010456240191157e+00,1.098000001907348633e+01,1.378520202636718750e+01,2.999999999999999889e-01,0.000000000000000000e+00
1.273034470522417694e+00,1.098000001907348633e+01,1.390527343750000000e+01,2.999999999999999889e-01,3.700000000000000000e+05
1.273384537830081209e+00,1.133999991416931152e+01,1.389270401000976562e+01,2.999999999999999889e-01,0.000000000000000000e+00
1.273408552112307746e+00,1.133999991416931152e+01,1.401277542114257812e+01,2.999999999999999889e-01,3.700000000000000000e+05
1.273758619549348658e+00,1.098000001907348633e+01,1.402534866333007812e+01,2.999999999999999889e-01,0.000000000000000000e+00
1.273782633831575195e+00,1.098000001907348633e+01,1.414542007446289062e+01,2.999999999999999889e-01,3.700000000000000000e+05
1.274132701139238710e+00,1.133999991416931152e+01,1.413285064697265625e+01,2.999999999999999889e-01,0.000000000000000000e+00
1.274156715421465247e+00,1.133999991416931152e+01,1.425292205810546875e+01,2.999999999999999889e-01,3.700000000000000000e+05
1.274506782858506160e+00,1.098000001907348633e+01,1.426549530029296875e+01,2.999999999999999889e-01,0.000000000000000000e+00
1.274530797140732696e+00,1.098000001907348633e+01,1.438556671142578125e+01,2.999999999999999889e-01,3.700000000000000000e+05
1.274880864577773609e+00,1.133999991416931152e+01,1.437299346923828125e+01,2.999999999999999889e-01,0.000000000000000000e+00
1.274904879622939635e+00,1.133999991416931152e+01,1.449306869506835938e+01,2.999999999999999889e-01,3.700000000000000000e+05
1.275254946930603150e+00,1.098000001907348633e+01,1.450563812255859375e+01,2.999999999999999889e-01,0.000000000000000000e+00
1.275278961975769176e+00,1.098000001907348633e+01,1.462571334838867188e+01,2.999999999999999889e-01,3.700000000000000000e+05
1.275629029412810089e+00,1.133999991416931152e+01,1.461314010620117188e+01,2.999999999999999889e-01,0.000000000000000000e+00
1.275919459272668144e+00,1.147709393501281738e+01,1.316747665405273438e+01,2.999999999999999889e-01,3.700000000000000000e+05
1.282904186363950982e+00,1.865999984741210938e+01,1.291664505004882812e+01,2.999999999999999889e-01,0.000000000000000000e+00
1.282928200646177519e+00,1.865999984741210938e+01,1.303671646118164062e+01,2.999999999999999889e-01,3.700000000000000000e+05
1.286837287455598222e+00,1.463999986648559570e+01,1.317709732055664062e+01,2.999999999999999889e-01,0.000000000000000000e+00
1.286861302500764248e+00,1.463999986648559570e+01,1.329717254638671875e+01,2.999999999999999889e-01,3.700000000000000000e+05
1.287211370169363267e+00,1.500000000000000000e+01,1.328459930419921875e+01,2.999999999999999889e-01,0.000000000000000000e+00
1.287235385214529293e+00,1.500000000000000000e+01,1.340467453002929688e+01,2.999999999999999889e-01,3.700000000000000000e+05
1.287585452753750914e+00,1.463999986648559570e+01,1.341724395751953125e+01,2.999999999999999889e-01,0.000000000000000000e+00
1.287609467798916940e+00,1.463999986648559570e+01,1.353731918334960938e+01,2.999999999999999889e-01,3.700000000000000000e+05
1.287959535467515959e+00,1.500000000000000000e+01,1.352474594116210938e+01,2.999999999999999889e-01,0.000000000000000000e+00
1.287983550512681985e+00,1.500000000000000000e+01,1.364482116699218750e+01,2.999999999999999889e-01,3.700000000000000000e+05
1.288333618051903606e+00,1.463999986648559570e+01,1.365739059448242188e+01,2.999999999999999889e-01,0.000000000000000000e+00
1.288357633097069632e+00,1.463999986648559570e+01,1.377746582031250000e+01,2.999999999999999889e-01,3.700000000000000000e+05
1.288707700765668651e+00,1.500000000000000000e+01,1.376489257812500000e+01,2.999999999999999889e-01,0.000000000000000000e+00
1.288731715810834677e+00,1.500000000000000000e+01,1.388496780395507812e+01,2.999999999999999889e-01,3.700000000000000000e+05
1.289081783350056298e+00,1.463999986648559570e+01,1.389753723144531250e+01,2.999999999999999889e-01,0.000000000000000000e+00
1.289105798395222324e+00,1.463999986648559570e+01,1.401761245727539062e+01,2.999999999999999889e-01,3.700000000000000000e+05
1.289455866063821343e+00,1.500000000000000000e+01,1.400503921508789062e+01,2.999999999999999889e-01,0.000000000000000000e+00
1.289479880346047880e+00,1.500000000000000000e+01,1.412511062622070312e+01,2.999999999999999889e-01,3.700000000000000000e+05
1.289829948014646899e+00,1.463999986648559570e+01,1.413768386840820312e+01,2.999999999999999889e-01,0.000000000000000000e+00
1.289853962296873435e+00,1.463999986648559570e+01,1.425775527954101562e+01,2.999999999999999889e-01,3.700000000000000000e+05
1.290204029836095057e+00,1.500000000000000000e+01,1.424518585205078125e+01,2.999999999999999889e-01,0.000000000000000000e+00
1.290228044118321593e+00,1.500000000000000000e+01,1.436525726318359375e+01,2.999999999999999889e-01,3.700000000000000000e+05
1.290578111786920612e+00,1.463999986648559570e+01,1.437783050537109375e+01,2.999999999999999889e-01,0.000000000000000000e+00
1.290602126069147149e+00,1.463999986648559570e+01,1.449790191650390625e+01,2.999999999999999889e-01,3.700000000000000000e+05
1.290952193608368770e+00,1.500000000000000000e+01,1.448533248901367188e+01,2.999999999999999889e-01,0.000000000000000000e+00
1.290976207890595306e+00,1.500000000000000000e+01,1.460540390014648438e+01,2.999999999999999889e-01,3.700000000000000000e+05
1.291326275559194325e+00,1.463999986648559570e+01,1.461797714233398438e+01,2.999999999999999889e-01,0.000000000000000000e+00
1.291730836353877088e+00,1.317000007629394531e+01,1.322843170166015625e+01,2.999999999999999889e-01,3.700000000000000000e+05
1.292080904022476107e+00,1.280999994277954102e+01,1.324100494384765625e+01,2.999999999999999889e-01,0.000000000000000000e+00
1.292104918304702643e+00,1.280999994277954102e+01,1.336107635498046875e+01,2.999999999999999889e-01,3.700000000000000000e+05
1.292454985843924264e+00,1.317000007629394531e+01,1.334850692749023438e+01,2.999999999999999889e-01,0.000000000000000000e+00
1.292479000126150801e+00,1.317000007629394531e+01,1.346857833862304688e+01,2.999999999999999889e-01,3.700000000000000000e+05
1.292829067794749820e+00,1.280999994277954102e+01,1.348115158081054688e+01,2.999999999999999889e-01,0.000000000000000000e+00
1.292853082076976357e+00,1.280999994277954102e+01,1.360122299194335938e+01,2.999999999999999889e-01,3.700000000000000000e+05
1.293203149745575375e+00,1.317000007629394531e+01,1.358864974975585938e+01,2.999999999999999889e-01,0.000000000000000000e+00
1.293227164790741401e+00,1.317000007629394531e+01,1.370872497558593750e+01,2.999999999999999889e-01,3.700000000000000000e+05
1.293577232329963023e+00,1.280999994277954102e+01,1.372129440307617188e+01,2.999999999999999889e-01,0.000000000000000000e+00
1.293601247375129049e+00,1.280999994277954102e+01,1.384136962890625000e+01,2.999999999999999889e-01,3.700000000000000000e+05
1.293951315043728068e+00,1.317000007629394531e+01,1.382879638671875000e+01,2.999999999999999889e-01,0.000000000000000000e+00
1.293975330088894093e+00,1.317000007629394531e+01,1.394887161254882812e+01,2.999999999999999889e-01,3.700000000000000000e+05
1.294325397628115715e+00,1.280999994277954102e+01,1.396144104003906250e+01,2.999999999999999889e-01,0.000000000000000000e+00
1.294349412673281741e+00,1.280999994277954102e+01,1.408151626586914062e+01,2.999999999999999889e-01,3.700000000000000000e+05
1.294699480341880760e+00,1.317000007629394531e+01,1.406894302368164062e+01,2.999999999999999889e-01,0.000000000000000000e+00
1.294723495387046786e+00,1.317000007629394531e+01,1.418901824951171875e+01,2.999999999999999889e-01,3.700000000000000000e+05
1.295073562926268407e+00,1.280999994277954102e+01,1.420158767700195312e+01,2.999999999999999889e-01,0.000000000000000000e+00
1.295097577971434433e+00,1.280999994277954102e+01,1.432166290283203125e+01,2.999999999999999889e-01,3.700000000000000000e+05
1.295447645640033452e+00,1.317000007629394531e+01,1.430908966064453125e+01,2.999999999999999889e-01,0.000000000000000000e+00
1.295471660685199478e+00,1.317000007629394531e+01,1.442916488647460938e+01,2.999999999999999889e-01,3.700000000000000000e+05
1.295821728224421099e+00,1.280999994277954102e+01,1.444173431396484375e+01,2.999999999999999889e-01,0.000000000000000000e+00
1.295845743269587125e+00,1.280999994277954102e+01,1.456180953979492188e+01,2.999999999999999889e-01,3.700000000000000000e+05
1.296195810938186144e+00,1.317000007629394531e+01,1.454923629760742188e+01,2.999999999999999889e-01,0.000000000000000000e+00
1.296906353883190421e+00,1.647000026702880859e+01,1.323326492309570312e+01,2.999999999999999889e-01,3.700000000000000000e+05
1.297256420959295609e+00,1.682999992370605469e+01,1.322069549560546875e+01,2.999999999999999889e-01,0.000000000000000000e+00
1.297280435241522145e+00,1.682999992370605469e+01,1.334076690673828125e+01,2.999999999999999889e-01,3.700000000000000000e+05
1.297630502447004952e+00,1.647000026702880859e+01,1.335334014892578125e+01,2.999999999999999889e-01,0.000000000000000000e+00
1.297654516729231489e+00,1.647000026702880859e+01,1.347341156005859375e+01,2.999999999999999889e-01,3.700000000000000000e+05
1.298004583805336676e+00,1.682999992370605469e+01,1.346084213256835938e+01,2.999999999999999889e-01,0.000000000000000000e+00
1.298028598087563212e+00,1.682999992370605469e+01,1.358091354370117188e+01,2.999999999999999889e-01,3.700000000000000000e+05
1.298378665293046019e+00,1.647000026702880859e+01,1.359348678588867188e+01,2.999999999999999889e-01,0.000000000000000000e+00
1.298402679575272556e+00,1.647000026702880859e+01,1.371355819702148438e+01,2.999999999999999889e-01,3.700000000000000000e+05
1.298752746651377743e+00,1.682999992370605469e+01,1.370098876953125000e+01,2.999999999999999889e-01,0.000000000000000000e+00
1.298776760933604280e+00,1.682999992370605469e+01,1.382106018066406250e+01,2.999999999999999889e-01,3.700000000000000000e+05
1.299126828139087086e+00,1.647000026702880859e+01,1.383363342285156250e+01,2.999999999999999889e-01,0.000000000000000000e+00
1.299150842421313623e+00,1.647000026702880859e+01,1.395370483398437500e+01,2.999999999999999889e-01,3.700000000000000000e+05
1.299500909497418810e+00,1.682999992370605469e+01,1.394113540649414062e+01,2.999999999999999889e-01,0.000000000000000000e+00
1.299524923779645347e+00,1.682999992370605469e+01,1.406120681762695312e+01,2.999999999999999889e-01,3.700000000000000000e+05
1.299874990985128154e+00,1.647000026702880859e+01,1.407378005981445312e+01,2.999999999999999889e-01,0.000000000000000000e+00
1.299899005267354690e+00,1.647000026702880859e+01,1.419385147094726562e+01,2.999999999999999889e-01,3.700000000000000000e+05
1.300249072343459877e+00,1.682999992370605469e+01,1.418128204345703125e+01,2.999999999999999889e-01,0.000000000000000000e+00
1.300273086625686414e+00,1.682999992370605469e+01,1.430135345458984375e+01,2.999999999999999889e-01,3.700000000000000000e+05
1.300623153831169221e+00,1.647000026702880859e+01,1.431392669677734375e+01,2.999999999999999889e-01,0.000000000000000000e+00
1.300647168113395757e+00,1.647000026702880859e+01,1.443399810791015625e+01,2.999999999999999889e-01,3.700000000000000000e+05
1.300997235318878564e+00,1.682999992370605469e+01,1.442142486572265625e+01,2.999999999999999889e-01,0.000000000000000000e+00
1.301021250364044590e+00,1.682999992370605469e+01,1.454150009155273438e+01,2.999999999999999889e-01,3.700000000000000000e+05
1.301371317440149777e+00,1.647000026702880859e+01,1.455406951904296875e+01,2.999999999999999889e-01,0.000000000000000000e+00
1.301839165023183087e+00,1.835398387908935547e+01,1.316747665405273438e+01,2.999999999999999889e-01,3.700000000000000000e+05
1.302136737862481519e+00,1.865999984741210938e+01,1.315679168701171875e+01,2.999999999999999889e-01,0.000000000000000000e+00
1.305887080794879251e+00,0.000000000000000000e+00,1.500914382934570312e+01,2.999999999999999889e-01,3.700000000000000000e+05
1.316236574659693348e+00,1.064314174652099609e+01,1.463747787475585938e+01,2.999999999999999889e-01,0.000000000000000000e+00
1.316924263677942797e+00,1.408158683776855469e+01,1.463747787475585938e+01,2.999999999999999889e-01,3.700000000000000000e+05
1.327058315347456219e+00,3.660000085830688477e+00,1.500140762329101562e+01,2.999999999999999889e-01,0.000000000000000000e+00
1.327082329629682755e+00,3.660000085830688477e+00,1.512147903442382812e+01,2.999999999999999889e-01,3.700000000000000000e+05
1.327432396937346271e+00,4.019999980926513672e+00,1.510890960693359375e+01,2.999999999999999889e-01,0.000000000000000000e+00
1.327456411219572807e+00,4.019999980926513672e+00,1.522898101806640625e+01,2.999999999999999889e-01,3.700000000000000000e+05
1.327806478656613720e+00,3.660000085830688477e+00,1.524155426025390625e+01,2.999999999999999889e-01,0.000000000000000000e+00
1.327830492938840257e+00,3.660000085830688477e+00,1.536162567138671875e+01,2.999999999999999889e-01,3.700000000000000000e+05
1.328180560311187586e+00,4.019999980926513672e+00,1.534905433654785156e+01,2.999999999999999889e-01,0.000000000000000000e+00
1.328204574974883867e+00,4.019999980926513672e+00,1.546912765502929688e+01,2.999999999999999889e-01,3.700000000000000000e+05
1.328554642347231196e+00,3.660000085830688477e+00,1.548169898986816406e+01,2.999999999999999889e-01,0.000000000000000000e+00
1.328578657010927477e+00,3.660000085830688477e+00,1.560177230834960938e+01,2.999999999999999889e-01,3.700000000000000000e+05
1.328928724383274806e+00,4.019999980926513672e+00,1.558920097351074219e+01,2.999999999999999889e-01,0.000000000000000000e+00
1.328952739046971088e+00,4.019999980926513672e+00,1.570927429199218750e+01,2.999999999999999889e-01,3.700000000000000000e+05
1.329302806419318417e+00,3.660000085830688477e+00,1.572184562683105469e+01,2.999999999999999889e-01,0.000000000000000000e+00
1.329326821083014698e+00,3.660000085830688477e+00,1.584191894531250000e+01,2.999999999999999889e-01,3.700000000000000000e+05
1.329676888455362027e+00,4.019999980926513672e+00,1.582934761047363281e+01,2.999999999999999889e-01,0.000000000000000000e+00
1.329700903119058308e+00,4.019999980926513672e+00,1.594942092895507812e+01,2.999999999999999889e-01,3.700000000000000000e+05
1.330050970491405637e+00,3.660000085830688477e+00,1.596199226379394531e+01,2.999999999999999889e-01,0.000000000000000000e+00
1.330074984773632174e+00,3.660000085830688477e+00,1.608206367492675781e+01,2.999999999999999889e-01,3.700000000000000000e+05
1.330425052145979503e+00,4.019999980926513672e+00,1.606949234008789062e+01,2.999999999999999889e-01,0.000000000000000000e+00
1.330449066809675784e+00,4.019999980926513672e+00,1.618956565856933594e+01,2.999999999999999889e-01,3.700000000000000000e+05
1.330799134182023113e+00,3.660000085830688477e+00,1.620213699340820312e+01,2.999999999999999889e-01,0.000000000000000000e+00
1.330823148845719395e+00,3.660000085830688477e+00,1.632221031188964844e+01,2.999999999999999889e-01,3.700000000000000000e+05
1.331173216218066724e+00,4.019999980926513672e+00,1.630963897705078125e+01,2.999999999999999889e-01,0.000000000000000000e+00
1.331197230881763005e+00,4.019999980926513672e+00,1.642971229553222656e+01,2.999999999999999889e-01,3.700000000000000000e+05
1.331547298254110334e+00,3.660000085830688477e+00,1.644228363037109375e+01,2.999999999999999889e-01,0.000000000000000000e+00
1.331951859083445600e+00,2.190000057220458984e+00,1.505273818969726562e+01,2.999999999999999889e-01,3.700000000000000000e+05
1.332301926752044618e+00,1.829999923706054688e+00,1.506531143188476562e+01,2.999999999999999889e-01,0.000000000000000000e+00
1.332325941034271155e+00,1.829999923706054688e+00,1.518538284301757812e+01,2.999999999999999889e-01,3.700000000000000000e+05
1.332676008573492776e+00,2.190000057220458984e+00,1.517281341552734375e+01,2.999999999999999889e-01,0.000000000000000000e+00
1.332700022855719313e+00,2.190000057220458984e+00,1.529288482666015625e+01,2.999999999999999889e-01,3.700000000000000000e+05
1.333050090524318332e+00,1.829999923706054688e+00,1.530545806884765625e+01,2.999999999999999889e-01,0.000000000000000000e+00
1.333074105188014613e+00,1.829999923706054688e+00,1.542553138732910156e+01,2.999999999999999889e-01,3.700000000000000000e+05
1.333424172791920048e+00,2.190000057220458984e+00,1.541296005249023438e+01,2.999999999999999889e-01,0.000000000000000000e+00
1.333448187455616329e+00,2.190000057220458984e+00,1.553303337097167969e+01,2.999999999999999889e-01,3.700000000000000000e+05
1.333798255059521765e+00,1.829999923706054688e+00,1.554560470581054688e+01,2.999999999999999889e-01,0.000000000000000000e+00
1.333822269723218046e+00,1.829999923706054688e+00,1.566567802429199219e+01,2.999999999999999889e-01,3.700000000000000000e+05
1.334172337391817065e+00,2.190000057220458984e+00,1.565310478210449219e+01,2.999999999999999889e-01,0.000000000000000000e+00
1.334196352055513346e+00,2.190000057220458984e+00,1.577317810058593750e+01,2.999999999999999889e-01,3.700000000000000000e+05
1.334546419659418781e+00,1.829999923706054688e+00,1.578574943542480469e+01,2.999999999999999889e-01,0.000000000000000000e+00
1.334570434323115062e+00,1.829999923706054688e+00,1.590582275390625000e+01,2.999999999999999889e-01,3.700000000000000000e+05
1.334920501927020497e+00,2.190000057220458984e+00,1.589325141906738281e+01,2.999999999999999889e-01,0.000000000000000000e+00
1.334944516590716779e+00,2.190000057220458984e+00,1.601332473754882812e+01,2.999999999999999889e-01,3.700000000000000000e+05
1.335294584194622214e+00,1.829999923706054688e+00,1.602589607238769531e+01,2.999999999999999889e-01,0.000000000000000000e+00
1.335318598858318495e+00,1.829999923706054688e+00,1.614596939086914062e+01,2.999999999999999889e-01,3.700000000000000000e+05
1.335668666462223930e+00,2.190000057220458984e+00,1.613339805603027344e+01,2.999999999999999889e-01,0.000000000000000000e+00
1.335692681125920211e+00,2.190000057220458984e+00,1.625347137451171875e+01,2.999999999999999889e-01,3.700000000000000000e+05
1.336042748729825647e+00,1.829999923706054688e+00,1.626604270935058594e+01,2.999999999999999889e-01,0.000000000000000000e+00
1.336066763393521928e+00,1.829999923706054688e+00,1.638611602783203125e+01,2.999999999999999889e-01,3.700000000000000000e+05
1.336416830997427363e+00,2.190000057220458984e+00,1.637354469299316406e+01,2.999999999999999889e-01,0.000000000000000000e+00
1.336860844263685122e+00,3.600001335144042969e-01,1.511664581298828125e+01,2.999999999999999889e-01,3.700000000000000000e+05
1.337210911802906743e+00,0.000000000000000000e+00,1.512921524047851562e+01,2.999999999999999889e-01,0.000000000000000000e+00
1.337234926848072769e+00,0.000000000000000000e+00,1.524929046630859375e+01,2.999999999999999889e-01,3.700000000000000000e+05
1.337584994516671788e+00,3.600001335144042969e-01,1.523671722412109375e+01,2.999999999999999889e-01,0.000000000000000000e+00
1.337609009180368069e+00,3.600001335144042969e-01,1.535679054260253906e+01,2.999999999999999889e-01,3.700000000000000000e+05
1.337959076784273504e+00,0.000000000000000000e+00,1.536936187744140625e+01,2.999999999999999889e-01,0.000000000000000000e+00
1.337983091447969786e+00,0.000000000000000000e+00,1.548943519592285156e+01,2.999999999999999889e-01,3.700000000000000000e+05
1.338333159051875221e+00,3.600001335144042969e-01,1.547686386108398438e+01,2.999999999999999889e-01,0.000000000000000000e+00
1.338357173715571502e+00,3.600001335144042969e-01,1.559693717956542969e+01,2.999999999999999889e-01,3.700000000000000000e+05
1.338707241319476937e+00,0.000000000000000000e+00,1.560950851440429688e+01,2.999999999999999889e-01,0.000000000000000000e+00
1.338731255983173218e+00,0.000000000000000000e+00,1.572958183288574219e+01,2.999999999999999889e-01,3.700000000000000000e+05
1.339081323587078654e+00,3.600001335144042969e-01,1.571701049804687500e+01,2.999999999999999889e-01,0.000000000000000000e+00
1.339105338250774935e+00,3.600001335144042969e-01,1.583708381652832031e+01,2.999999999999999889e-01,3.700000000000000000e+05
1.339455405854680370e+00,0.000000000000000000e+00,1.584965515136718750e+01,2.999999999999999889e-01,0.000000000000000000e+00
1.339479420518376651e+00,0.000000000000000000e+00,1.596972846984863281e+01,2.999999999999999889e-01,3.700000000000000000e+05
1.339829488122282086e+00,3.600001335144042969e-01,1.595715713500976562e+01,2.999999999999999889e-01,0.000000000000000000e+00
1.339853502785978367e+00,3.600001335144042969e-01,1.607723045349121094e+01,2.999999999999999889e-01,3.700000000000000000e+05
1.340203570389883803e+00,0.000000000000000000e+00,1.608980178833007812e+01,2.999999999999999889e-01,0.000000000000000000e+00
1.340227585053580084e+00,0.000000000000000000e+00,1.620987510681152344e+01,2.999999999999999889e-01,3.700000000000000000e+05
1.340577652657485519e+00,3.600001335144042969e-01,1.619730377197265625e+01,2.999999999999999889e-01,0.000000000000000000e+00
1.340601667321181800e+00,3.600001335144042969e-01,1.631737709045410156e+01,2.999999999999999889e-01,3.700000000000000000e+05
1.340951734925087235e+00,0.000000000000000000e+00,1.632994842529296875e+01,2.999999999999999889e-01,0.000000000000000000e+00
1.340975749588783517e+00,0.000000000000000000e+00,1.645002174377441406e+01,2.999999999999999889e-01,3.700000000000000000e+05
1.341325817192688952e+00,3.600001335144042969e-01,1.643745040893554688e+01,2.999999999999999889e-01,0.000000000000000000e+00
1.341841568801811491e+00,2.938583374023437500e+00,1.646747589111328125e+01,2.999999999999999889e-01,3.700000000000000000e+05
1.346478585297253172e+00,-1.829999923706054688e+00,1.663399887084960938e+01,2.999999999999999889e-01,0.000000000000000000e+00
1.347976150127652817e+00,5.490000009536743164e+00,1.505757522583007812e+01,2.999999999999999889e-01,3.700000000000000000e+05
1.348326217680472894e+00,5.850000023841857910e+00,1.504500198364257812e+01,2.999999999999999889e-01,0.000000000000000000e+00
1.348350232725638920e+00,5.850000023841857910e+00,1.516507720947265625e+01,2.999999999999999889e-01,3.700000000000000000e+05
1.348700300149081377e+00,5.490000009536743164e+00,1.517764663696289062e+01,2.999999999999999889e-01,0.000000000000000000e+00
1.348724315194247403e+00,5.490000009536743164e+00,1.529772186279296875e+01,2.999999999999999889e-01,3.700000000000000000e+05
1.349074382747067480e+00,5.850000023841857910e+00,1.528514862060546875e+01,2.999999999999999889e-01,0.000000000000000000e+00
1.349098397410763761e+00,5.850000023841857910e+00,1.540522193908691406e+01,2.999999999999999889e-01,3.700000000000000000e+05
1.349448464898890254e+00,5.490000009536743164e+00,1.541779327392578125e+01,2.999999999999999889e-01,0.000000000000000000e+00
1.349472479562586535e+00,5.490000009536743164e+00,1.553786659240722656e+01,2.999999999999999889e-01,3.700000000000000000e+05
1.349822547050713029e+00,5.850000023841857910e+00,1.552529525756835938e+01,2.999999999999999889e-01,0.000000000000000000e+00
1.349846561714409310e+00,5.850000023841857910e+00,1.564536857604980469e+01,2.999999999999999889e-01,3.700000000000000000e+05
1.350196629202535803e+00,5.490000009536743164e+00,1.565793991088867188e+01,2.999999999999999889e-01,0.000000000000000000e+00
1.350220643866232084e+00,5.490000009536743164e+00,1.577801322937011719e+01,2.999999999999999889e-01,3.700000000000000000e+05
1.350570711354358577e+00,5.850000023841857910e+00,1.576544189453125000e+01,2.999999999999999889e-01,0.000000000000000000e+00
1.350594726018054859e+00,5.850000023841857910e+00,1.588551521301269531e+01,2.999999999999999889e-01,3.700000000000000000e+05
1.350944793506181352e+00,5.490000009536743164e+00,1.589808654785156250e+01,2.999999999999999889e-01,0.000000000000000000e+00
1.350968808169877633e+00,5.490000009536743164e+00,1.601815986633300781e+01,2.999999999999999889e-01,3.700000000000000000e+05
1.351318875658004126e+00,5.850000023841857910e+00,1.600558853149414062e+01,2.999999999999999889e-01,0.000000000000000000e+00
1.351342890321700407e+00,5.850000023841857910e+00,1.612566184997558594e+01,2.999999999999999889e-01,3.700000000000000000e+05
1.351692957809826900e+00,5.490000009536743164e+00,1.613823318481445312e+01,2.999999999999999889e-01,0.000000000000000000e+00
1.351716972473523182e+00,5.490000009536743164e+00,1.625830650329589844e+01,2.999999999999999889e-01,3.700000000000000000e+05
1.352067039961649675e+00,5.850000023841857910e+00,1.624573516845703125e+01,2.999999999999999889e-01,0.000000000000000000e+00
1.352091054625345956e+00,5.850000023841857910e+00,1.636580848693847656e+01,2.999999999999999889e-01,3.700000000000000000e+05
1.352441122113472449e+00,5.490000009536743164e+00,1.637837982177734375e+01,2.999999999999999889e-01,0.000000000000000000e+00
1.353907049039041466e+00,-1.829999923706054688e+00,1.675407218933105469e+01,2.999999999999999889e-01,3.700000000000000000e+05
1.361887642544697741e+00,6.377028226852416992e+00,1.646747589111328125e+01,2.999999999999999889e-01,0.000000000000000000e+00
1.362225659114728815e+00,7.210980534553527832e+00,1.499747467041015625e+01,2.999999999999999889e-01,3.700000000000000000e+05
1.371579286514079898e+00,1.682999992370605469e+01,1.466157150268554688e+01,2.999999999999999889e-01,0.000000000000000000e+00
1.371603301559245924e+00,1.682999992370605469e+01,1.478164672851562500e+01,2.999999999999999889e-01,3.700000000000000000e+05
1.377613351536356223e+00,1.064942574501037598e+01,1.499747467041015625e+01,2.999999999999999889e-01,0.000000000000000000e+00
1.377682938470548457e+00,1.098000001907348633e+01,1.510600662231445312e+01,2.999999999999999889e-01,3.700000000000000000e+05
1.378033005907589370e+00,1.133999991416931152e+01,1.509343338012695312e+01,2.999999999999999889e-01,0.000000000000000000e+00
1.378057020952755396e+00,1.133999991416931152e+01,1.521350860595703125e+01,2.999999999999999889e-01,3.700000000000000000e+05
1.378407088260418911e+00,1.098000001907348633e+01,1.522607803344726562e+01,2.999999999999999889e-01,0.000000000000000000e+00
1.378431102924115192e+00,1.098000001907348633e+01,1.534615135192871094e+01,2.999999999999999889e-01,3.700000000000000000e+05
1.378781170296462522e+00,1.133999991416931152e+01,1.533358001708984375e+01,2.999999999999999889e-01,0.000000000000000000e+00
1.378805184960158803e+00,1.133999991416931152e+01,1.545365333557128906e+01,2.999999999999999889e-01,3.700000000000000000e+05
1.379155252332506132e+00,1.098000001907348633e+01,1.546622467041015625e+01,2.999999999999999889e-01,0.000000000000000000e+00
1.379179266996202413e+00,1.098000001907348633e+01,1.558629798889160156e+01,2.999999999999999889e-01,3.700000000000000000e+05
1.379529334368549742e+00,1.133999991416931152e+01,1.557372665405273438e+01,2.999999999999999889e-01,0.000000000000000000e+00
1.379553349032246023e+00,1.133999991416931152e+01,1.569379997253417969e+01,2.999999999999999889e-01,3.700000000000000000e+05
1.379903416404593353e+00,1.098000001907348633e+01,1.570637130737304688e+01,2.999999999999999889e-01,0.000000000000000000e+00
1.379927431068289634e+00,1.098000001907348633e+01,1.582644462585449219e+01,2.999999999999999889e-01,3.700000000000000000e+05
1.380277498440636963e+00,1.133999991416931152e+01,1.581387329101562500e+01,2.999999999999999889e-01,0.000000000000000000e+00
1.380301513104333244e+00,1.133999991416931152e+01,1.593394660949707031e+01,2.999999999999999889e-01,3.700000000000000000e+05
1.380651580476680573e+00,1.098000001907348633e+01,1.594651794433593750e+01,2.999999999999999889e-01,0.000000000000000000e+00
1.380675595140376855e+00,1.098000001907348633e+01,1.606659126281738281e+01,2.999999999999999889e-01,3.700000000000000000e+05
1.381025662512724184e+00,1.133999991416931152e+01,1.605401992797851562e+01,2.999999999999999889e-01,0.000000000000000000e+00
1.381049677176420465e+00,1.133999991416931152e+01,1.617409324645996094e+01,2.999999999999999889e-01,3.700000000000000000e+05
1.381399744548767794e+00,1.098000001907348633e+01,1.618666458129882812e+01,2.999999999999999889e-01,0.000000000000000000e+00
1.381423759212464075e+00,1.098000001907348633e+01,1.630673789978027344e+01,2.999999999999999889e-01,3.700000000000000000e+05
1.381773826584811404e+00,1.133999991416931152e+01,1.629416656494140625e+01,2.999999999999999889e-01,0.000000000000000000e+00
1.381797840867037941e+00,1.133999991416931152e+01,1.641423797607421875e+01,2.999999999999999889e-01,3.700000000000000000e+05
1.382147908304078854e+00,1.098000001907348633e+01,1.642681121826171875e+01,2.999999999999999889e-01,0.000000000000000000e+00
1.382552469133414119e+00,9.509999990463256836e+00,1.503726577758789062e+01,2.999999999999999889e-01,3.700000000000000000e+05
1.382902536686234196e+00,9.149999976158142090e+00,1.504983901977539062e+01,2.999999999999999889e-01,0.000000000000000000e+00
1.382926550968460733e+00,9.149999976158142090e+00,1.516991043090820312e+01,2.999999999999999889e-01,3.700000000000000000e+05
1.383276618391903190e+00,9.509999990463256836e+00,1.515734100341796875e+01,2.999999999999999889e-01,0.000000000000000000e+00
1.383300632674129726e+00,9.509999990463256836e+00,1.527741241455078125e+01,2.999999999999999889e-01,3.700000000000000000e+05
1.383650700226949803e+00,9.149999976158142090e+00,1.528998565673828125e+01,2.999999999999999889e-01,0.000000000000000000e+00
1.383674714509176340e+00,9.149999976158142090e+00,1.541005706787109375e+01,2.999999999999999889e-01,3.700000000000000000e+05
1.384024781997302833e+00,9.509999990463256836e+00,1.539748573303222656e+01,2.999999999999999889e-01,0.000000000000000000e+00
1.384048796660999114e+00,9.509999990463256836e+00,1.551755905151367188e+01,2.999999999999999889e-01,3.700000000000000000e+05
1.384398864149125608e+00,9.149999976158142090e+00,1.553013038635253906e+01,2.999999999999999889e-01,0.000000000000000000e+00
1.384422878812821889e+00,9.149999976158142090e+00,1.565020370483398438e+01,2.999999999999999889e-01,3.700000000000000000e+05
1.384772946300948382e+00,9.509999990463256836e+00,1.563763236999511719e+01,2.999999999999999889e-01,0.000000000000000000e+00
1.384796960964644663e+00,9.509999990463256836e+00,1.575770568847656250e+01,2.999999999999999889e-01,3.700000000000000000e+05
1.385147028452771156e+00,9.149999976158142090e+00,1.577027702331542969e+01,2.999999999999999889e-01,0.000000000000000000e+00
1.385171043116467438e+00,9.149999976158142090e+00,1.589035034179687500e+01,2.999999999999999889e-01,3.700000000000000000e+05
1.385521110604593931e+00,9.509999990463256836e+00,1.587777900695800781e+01,2.999999999999999889e-01,0.000000000000000000e+00
1.385545124886820467e+00,9.509999990463256836e+00,1.599785041809082031e+01,2.999999999999999889e-01,3.700000000000000000e+05
1.385895192439640544e+00,9.149999976158142090e+00,1.601042366027832031e+01,2.999999999999999889e-01,0.000000000000000000e+00
1.385919206721867081e+00,9.149999976158142090e+00,1.613049507141113281e+01,2.999999999999999889e-01,3.700000000000000000e+05
1.386269274209993574e+00,9.509999990463256836e+00,1.611792373657226562e+01,2.999999999999999889e-01,0.000000000000000000e+00
1.386293288873689855e+00,9.509999990463256836e+00,1.623799705505371094e+01,2.999999999999999889e-01,3.700000000000000000e+05
1.386643356361816348e+00,9.149999976158142090e+00,1.625056838989257812e+01,2.999999999999999889e-01,0.000000000000000000e+00
1.386667371025512630e+00,9.149999976158142090e+00,1.637064170837402344e+01,2.999999999999999889e-01,3.700000000000000000e+05
1.387017438513639123e+00,9.509999990463256836e+00,1.635807037353515625e+01,2.999999999999999889e-01,0.000000000000000000e+00
1.387461452005693818e+00,7.680000007152557373e+00,1.510116958618164062e+01,2.999999999999999889e-01,3.700000000000000000e+05
1.387811519558513895e+00,7.319999992847442627e+00,1.511374282836914062e+01,2.999999999999999889e-01,0.000000000000000000e+00
1.387835533840740432e+00,7.319999992847442627e+00,1.523381423950195312e+01,2.999999999999999889e-01,3.700000000000000000e+05
1.388185601264182889e+00,7.680000007152557373e+00,1.522124481201171875e+01,2.999999999999999889e-01,0.000000000000000000e+00
1.388209615927879170e+00,7.680000007152557373e+00,1.534131813049316406e+01,2.999999999999999889e-01,3.700000000000000000e+05
1.388559683416005663e+00,7.319999992847442627e+00,1.535388946533203125e+01,2.999999999999999889e-01,0.000000000000000000e+00
1.388583698079701945e+00,7.319999992847442627e+00,1.547396278381347656e+01,2.999999999999999889e-01,3.700000000000000000e+05
1.388933765567828438e+00,7.680000007152557373e+00,1.546139144897460938e+01,2.999999999999999889e-01,0.000000000000000000e+00
1.388957779850054974e+00,7.680000007152557373e+00,1.558146286010742188e+01,2.999999999999999889e-01,3.700000000000000000e+05
1.389307847402875051e+00,7.319999992847442627e+00,1.559403610229492188e+01,2.999999999999999889e-01,0.000000000000000000e+00
1.389331861685101588e+00,7.319999992847442627e+00,1.571410751342773438e+01,2.999999999999999889e-01,3.700000000000000000e+05
1.389681929173228081e+00,7.680000007152557373e+00,1.570153617858886719e+01,2.999999999999999889e-01,0.000000000000000000e+00
1.389705943836924362e+00,7.680000007152557373e+00,1.582160949707031250e+01,2.999999999999999889e-01,3.700000000000000000e+05
1.390056011325050855e+00,7.319999992847442627e+00,1.583418083190917969e+01,2.999999999999999889e-01,0.000000000000000000e+00
1.390080025988747137e+00,7.319999992847442627e+00,1.595425415039062500e+01,2.999999999999999889e-01,3.700000000000000000e+05
1.390430093476873630e+00,7.680000007152557373e+00,1.594168281555175781e+01,2.999999999999999889e-01,0.000000000000000000e+00
1.390454108140569911e+00,7.680000007152557373e+00,1.606175613403320312e+01,2.999999999999999889e-01,3.700000000000000000e+05
1.390804175628696404e+00,7.319999992847442627e+00,1.607432746887207031e+01,2.999999999999999889e-01,0.000000000000000000e+00
1.390828190292392685e+00,7.319999992847442627e+00,1.619440078735351562e+01,2.999999999999999889e-01,3.700000000000000000e+05
1.391178257780519179e+00,7.680000007152557373e+00,1.618182945251464844e+01,2.999999999999999889e-01,0.000000000000000000e+00
1.391202272444215460e+00,7.680000007152557373e+00,1.630190277099609375e+01,2.999999999999999889e-01,3.700000000000000000e+05
1.391552339932341953e+00,7.319999992847442627e+00,1.631447410583496094e+01,2.999999999999999889e-01,0.000000000000000000e+00
1.391576354596038234e+00,7.319999992847442627e+00,1.643454742431640625e+01,2.999999999999999889e-01,3.700000000000000000e+05
1.391926422084164727e+00,7.680000007152557373e+00,1.642197608947753906e+01,2.999999999999999889e-01,0.000000000000000000e+00
1.392353613680229918e+00,9.815473318099975586e+00,1.646747589111328125e+01,2.999999999999999889e-01,3.700000000000000000e+05
1.402378235251093175e+00,-4.935784339904785156e-01,1.682747650146484375e+01,2.999999999999999889e-01,0.000000000000000000e+00
1.402479070768373193e+00,0.000000000000000000e+00,1.693031311035156250e+01,2.999999999999999889e-01,3.700000000000000000e+05
1.402829137909162416e+00,3.599996566772460938e-01,1.691774177551269531e+01,2.999999999999999889e-01,0.000000000000000000e+00
1.402853152572858697e+00,3.599996566772460938e-01,1.703781509399414062e+01,2.999999999999999889e-01,3.700000000000000000e+05
1.403203219713647920e+00,0.000000000000000000e+00,1.705038642883300781e+01,2.999999999999999889e-01,0.000000000000000000e+00
1.403227234377344201e+00,0.000000000000000000e+00,1.717045974731445312e+01,2.999999999999999889e-01,3.700000000000000000e+05
1.403577301518133424e+00,3.599996566772460938e-01,1.715788841247558594e+01,2.999999999999999889e-01,0.000000000000000000e+00
1.403601316181829706e+00,3.599996566772460938e-01,1.727796173095703125e+01,2.999999999999999889e-01,3.700000000000000000e+05
1.403951383322618929e+00,0.000000000000000000e+00,1.729053306579589844e+01,2.999999999999999889e-01,0.000000000000000000e+00
1.403975397986315210e+00,0.000000000000000000e+00,1.741060638427734375e+01,2.999999999999999889e-01,3.700000000000000000e+05
1.404325465127104433e+00,3.599996566772460938e-01,1.739803504943847656e+01,2.999999999999999889e-01,0.000000000000000000e+00
1.404349479790800714e+00,3.599996566772460938e-01,1.751810836791992188e+01,2.999999999999999889e-01,3.700000000000000000e+05
1.404699546931589937e+00,0.000000000000000000e+00,1.753067970275878906e+01,2.999999999999999889e-01,0.000000000000000000e+00
1.404723561595286219e+00,0.000000000000000000e+00,1.765075302124023438e+01,2.999999999999999889e-01,3.700000000000000000e+05
1.405073628736075442e+00,3.599996566772460938e-01,1.763818168640136719e+01,2.999999999999999889e-01,0.000000000000000000e+00
1.405097643399771723e+00,3.599996566772460938e-01,1.775825500488281250e+01,2.999999999999999889e-01,3.700000000000000000e+05
1.405447710540560946e+00,0.000000000000000000e+00,1.777082633972167969e+01,2.999999999999999889e-01,0.000000000000000000e+00
1.405471724822787483e+00,0.000000000000000000e+00,1.789089775085449219e+01,2.999999999999999889e-01,3.700000000000000000e+05
1.405821791963576706e+00,3.599996566772460938e-01,1.787832641601562500e+01,2.999999999999999889e-01,0.000000000000000000e+00
1.405845806627272987e+00,3.599996566772460938e-01,1.799839973449707031e+01,2.999999999999999889e-01,3.700000000000000000e+05
1.406195873768062210e+00,0.000000000000000000e+00,1.801097106933593750e+01,2.999999999999999889e-01,0.000000000000000000e+00
1.406219888431758491e+00,0.000000000000000000e+00,1.813104438781738281e+01,2.999999999999999889e-01,3.700000000000000000e+05
1.406569955572547714e+00,3.599996566772460938e-01,1.811847305297851562e+01,2.999999999999999889e-01,0.000000000000000000e+00
1.406593970236243996e+00,3.599996566772460938e-01,1.823854637145996094e+01,2.999999999999999889e-01,3.700000000000000000e+05
1.406944037377033219e+00,0.000000000000000000e+00,1.825111770629882812e+01,2.999999999999999889e-01,0.000000000000000000e+00
1.409585203025739419e+00,1.280999994277954102e+01,1.504209899902343750e+01,2.999999999999999889e-01,3.700000000000000000e+05
1.409935270564961041e+00,1.317000007629394531e+01,1.502952957153320312e+01,2.999999999999999889e-01,0.000000000000000000e+00
1.409959284847187577e+00,1.317000007629394531e+01,1.514960098266601562e+01,2.999999999999999889e-01,3.700000000000000000e+05
1.410309352515786596e+00,1.280999994277954102e+01,1.516217422485351562e+01,2.999999999999999889e-01,0.000000000000000000e+00
1.410333366798013133e+00,1.280999994277954102e+01,1.528224563598632812e+01,2.999999999999999889e-01,3.700000000000000000e+05
1.410683434337234754e+00,1.317000007629394531e+01,1.526967620849609375e+01,2.999999999999999889e-01,0.000000000000000000e+00
1.410707449000931035e+00,1.317000007629394531e+01,1.538974952697753906e+01,2.999999999999999889e-01,3.700000000000000000e+05
1.411057516604836470e+00,1.280999994277954102e+01,1.540232086181640625e+01,2.999999999999999889e-01,0.000000000000000000e+00
1.411081531268532752e+00,1.280999994277954102e+01,1.552239418029785156e+01,2.999999999999999889e-01,3.700000000000000000e+05
1.411431598937131771e+00,1.317000007629394531e+01,1.550982093811035156e+01,2.999999999999999889e-01,0.000000000000000000e+00
1.411455613600828052e+00,1.317000007629394531e+01,1.562989425659179688e+01,2.999999999999999889e-01,3.700000000000000000e+05
1.411805681204733487e+00,1.280999994277954102e+01,1.564246559143066406e+01,2.999999999999999889e-01,0.000000000000000000e+00
1.411829695868429768e+00,1.280999994277954102e+01,1.576253890991210938e+01,2.999999999999999889e-01,3.700000000000000000e+05
1.412179763472335203e+00,1.317000007629394531e+01,1.574996757507324219e+01,2.999999999999999889e-01,0.000000000000000000e+00
1.412203778136031485e+00,1.317000007629394531e+01,1.587004089355468750e+01,2.999999999999999889e-01,3.700000000000000000e+05
1.412553845739936920e+00,1.280999994277954102e+01,1.588261222839355469e+01,2.999999999999999889e-01,0.000000000000000000e+00
1.412577860403633201e+00,1.280999994277954102e+01,1.600268554687500000e+01,2.999999999999999889e-01,3.700000000000000000e+05
1.412927928007538636e+00,1.317000007629394531e+01,1.599011421203613281e+01,2.999999999999999889e-01,0.000000000000000000e+00
1.412951942671234917e+00,1.317000007629394531e+01,1.611018753051757812e+01,2.999999999999999889e-01,3.700000000000000000e+05
1.413302010275140352e+00,1.280999994277954102e+01,1.612275886535644531e+01,2.999999999999999889e-01,0.000000000000000000e+00
1.413326024938836634e+00,1.280999994277954102e+01,1.624283218383789062e+01,2.999999999999999889e-01,3.700000000000000000e+05
1.413676092542742069e+00,1.317000007629394531e+01,1.623026084899902344e+01,2.999999999999999889e-01,0.000000000000000000e+00
1.413700107206438350e+00,1.317000007629394531e+01,1.635033416748046875e+01,2.999999999999999889e-01,3.700000000000000000e+05
1.414050174810343785e+00,1.280999994277954102e+01,1.636290550231933594e+01,2.999999999999999889e-01,0.000000000000000000e+00
1.416025388023689269e+00,2.944866657257080078e+00,1.682747650146484375e+01,2.999999999999999889e-01,3.700000000000000000e+05
1.426050009362994198e+00,1.325391817092895508e+01,1.646747589111328125e+01,2.999999999999999889e-01,0.000000000000000000e+00
1.427532727971482007e+00,5.849999904632568359e+00,1.684609985351562500e+01,2.999999999999999889e-01,3.700000000000000000e+05
1.427882795575387442e+00,5.489999771118164062e+00,1.685867118835449219e+01,2.999999999999999889e-01,0.000000000000000000e+00
1.427906810239083724e+00,5.489999771118164062e+00,1.697874450683593750e+01,2.999999999999999889e-01,3.700000000000000000e+05
1.428256877842989159e+00,5.849999904632568359e+00,1.696617317199707031e+01,2.999999999999999889e-01,0.000000000000000000e+00
1.428280892506685440e+00,5.849999904632568359e+00,1.708624649047851562e+01,2.999999999999999889e-01,3.700000000000000000e+05
1.428630960110590875e+00,5.489999771118164062e+00,1.709881782531738281e+01,2.999999999999999889e-01,0.000000000000000000e+00
1.428654974774287156e+00,5.489999771118164062e+00,1.721889114379882812e+01,2.999999999999999889e-01,3.700000000000000000e+05
1.429005042378192591e+00,5.849999904632568359e+00,1.720631980895996094e+01,2.999999999999999889e-01,0.000000000000000000e+00
1.429029057041888873e+00,5.849999904632568359e+00,1.732639312744140625e+01,2.999999999999999889e-01,3.700000000000000000e+05
1.429379124645794308e+00,5.489999771118164062e+00,1.733896446228027344e+01,2.999999999999999889e-01,0.000000000000000000e+00
1.429403139309490589e+00,5.489999771118164062e+00,1.745903778076171875e+01,2.999999999999999889e-01,3.700000000000000000e+05
1.429753206913396024e+00,5.849999904632568359e+00,1.744646644592285156e+01,2.999999999999999889e-01,0.000000000000000000e+00
1.429777221577092305e+00,5.849999904632568359e+00,1.756653976440429688e+01,2.999999999999999889e-01,3.700000000000000000e+05
1.430127289180997741e+00,5.489999771118164062e+00,1.757911109924316406e+01,2.999999999999999889e-01,0.000000000000000000e+00
1.430151303844694022e+00,5.489999771118164062e+00,1.769918441772460938e+01,2.999999999999999889e-01,3.700000000000000000e+05
1.430501371448599457e+00,5.849999904632568359e+00,1.768661308288574219e+01,2.999999999999999889e-01,0.000000000000000000e+00
1.430525385730825993e+00,5.849999904632568359e+00,1.780668449401855469e+01,2.999999999999999889e-01,3.700000000000000000e+05
1.430875453399425012e+00,5.489999771118164062e+00,1.781925773620605469e+01,2.999999999999999889e-01,0.000000000000000000e+00
1.430899467681651549e+00,5.489999771118164062e+00,1.793932914733886719e+01,2.999999999999999889e-01,3.700000000000000000e+05
1.431249535285556984e+00,5.849999904632568359e+00,1.792675781250000000e+01,2.999999999999999889e-01,0.000000000000000000e+00
1.431273549949253265e+00,5.849999904632568359e+00,1.804683113098144531e+01,2.999999999999999889e-01,3.700000000000000000e+05
1.431623617553158700e+00,5.489999771118164062e+00,1.805940246582031250e+01,2.999999999999999889e-01,0.000000000000000000e+00
1.431647632216854982e+00,5.489999771118164062e+00,1.817947578430175781e+01,2.999999999999999889e-01,3.700000000000000000e+05
1.431997699820760417e+00,5.849999904632568359e+00,1.816690444946289062e+01,2.999999999999999889e-01,0.000000000000000000e+00
1.433763007710986193e+00,1.408787059783935547e+01,1.499747467041015625e+01,2.999999999999999889e-01,3.700000000000000000e+05
1.436429480742571041e+00,1.682999992370605469e+01,1.490171813964843750e+01,2.999999999999999889e-01,0.000000000000000000e+00
1.436453495787737067e+00,1.682999992370605469e+01,1.502179336547851562e+01,2.999999999999999889e-01,3.700000000000000000e+05
1.436803562863842254e+00,1.647000026702880859e+01,1.503436279296875000e+01,2.999999999999999889e-01,0.000000000000000000e+00
1.436827577909008280e+00,1.647000026702880859e+01,1.515443801879882812e+01,2.999999999999999889e-01,3.700000000000000000e+05
1.437177645114491087e+00,1.682999992370605469e+01,1.514186477661132812e+01,2.999999999999999889e-01,0.000000000000000000e+00
1.437201660159657113e+00,1.682999992370605469e+01,1.526194000244140625e+01,2.999999999999999889e-01,3.700000000000000000e+05
1.437551727235762300e+00,1.647000026702880859e+01,1.527450942993164062e+01,2.999999999999999889e-01,0.000000000000000000e+00
1.437575741899458581e+00,1.647000026702880859e+01,1.539458274841308594e+01,2.999999999999999889e-01,3.700000000000000000e+05
1.437925809040247804e+00,1.682999992370605469e+01,1.538201141357421875e+01,2.999999999999999889e-01,0.000000000000000000e+00
1.437949823703944086e+00,1.682999992370605469e+01,1.550208473205566406e+01,2.999999999999999889e-01,3.700000000000000000e+05
1.438299890844733309e+00,1.647000026702880859e+01,1.551465606689453125e+01,2.999999999999999889e-01,0.000000000000000000e+00
1.438323905508429590e+00,1.647000026702880859e+01,1.563472938537597656e+01,2.999999999999999889e-01,3.700000000000000000e+05
1.438673972649218813e+00,1.682999992370605469e+01,1.562215805053710938e+01,2.999999999999999889e-01,0.000000000000000000e+00
1.438697987312915094e+00,1.682999992370605469e+01,1.574223136901855469e+01,2.999999999999999889e-01,3.700000000000000000e+05
1.439048054453704317e+00,1.647000026702880859e+01,1.575480270385742188e+01,2.999999999999999889e-01,0.000000000000000000e+00
1.439072069117400599e+00,1.647000026702880859e+01,1.587487602233886719e+01,2.999999999999999889e-01,3.700000000000000000e+05
1.439422136258189822e+00,1.682999992370605469e+01,1.586230468750000000e+01,2.999999999999999889e-01,0.000000000000000000e+00
1.439446150921886103e+00,1.682999992370605469e+01,1.598237800598144531e+01,2.999999999999999889e-01,3.700000000000000000e+05
1.439796218062675326e+00,1.647000026702880859e+01,1.599494934082031250e+01,2.999999999999999889e-01,0.000000000000000000e+00
1.439820232726371607e+00,1.647000026702880859e+01,1.611502265930175781e+01,2.999999999999999889e-01,3.700000000000000000e+05
1.440170299867160830e+00,1.682999992370605469e+01,1.610245132446289062e+01,2.999999999999999889e-01,0.000000000000000000e+00
1.440194314530857111e+00,1.682999992370605469e+01,1.622252464294433594e+01,2.999999999999999889e-01,3.700000000000000000e+05
1.440544381671646335e+00,1.647000026702880859e+01,1.623509597778320312e+01,2.999999999999999889e-01,0.000000000000000000e+00
1.440568396335342616e+00,1.647000026702880859e+01,1.635516929626464844e+01,2.999999999999999889e-01,3.700000000000000000e+05
1.440918463540825423e+00,1.682999992370605469e+01,1.634259605407714844e+01,2.999999999999999889e-01,0.000000000000000000e+00
1.441362476807083182e+00,1.500000000000000000e+01,1.508569717407226562e+01,2.999999999999999889e-01,3.700000000000000000e+05
1.441712544475682201e+00,1.463999986648559570e+01,1.509827041625976562e+01,2.999999999999999889e-01,0.000000000000000000e+00
1.441736558757908737e+00,1.463999986648559570e+01,1.521834182739257812e+01,2.999999999999999889e-01,3.700000000000000000e+05
1.442086626297130358e+00,1.500000000000000000e+01,1.520577239990234375e+01,2.999999999999999889e-01,0.000000000000000000e+00
1.442110640579356895e+00,1.500000000000000000e+01,1.532584381103515625e+01,2.999999999999999889e-01,3.700000000000000000e+05
1.442460708183262330e+00,1.463999986648559570e+01,1.533841514587402344e+01,2.999999999999999889e-01,0.000000000000000000e+00
1.442484722846958611e+00,1.463999986648559570e+01,1.545848846435546875e+01,2.999999999999999889e-01,3.700000000000000000e+05
1.442834790450864046e+00,1.500000000000000000e+01,1.544591712951660156e+01,2.999999999999999889e-01,0.000000000000000000e+00
1.442858805114560328e+00,1.500000000000000000e+01,1.556599044799804688e+01,2.999999999999999889e-01,3.700000000000000000e+05
1.443208872718465763e+00,1.463999986648559570e+01,1.557856178283691406e+01,2.999999999999999889e-01,0.000000000000000000e+00
1.443232887382162044e+00,1.463999986648559570e+01,1.569863510131835938e+01,2.999999999999999889e-01,3.700000000000000000e+05
1.443582954986067479e+00,1.500000000000000000e+01,1.568606376647949219e+01,2.999999999999999889e-01,0.000000000000000000e+00
1.443606969649763760e+00,1.500000000000000000e+01,1.580613708496093750e+01,2.999999999999999889e-01,3.700000000000000000e+05
1.443957037253669196e+00,1.463999986648559570e+01,1.581870841979980469e+01,2.999999999999999889e-01,0.000000000000000000e+00
1.443981051917365477e+00,1.463999986648559570e+01,1.593878173828125000e+01,2.999999999999999889e-01,3.700000000000000000e+05
1.444331119585964496e+00,1.500000000000000000e+01,1.592620849609375000e+01,2.999999999999999889e-01,0.000000000000000000e+00
1.444355134249660777e+00,1.500000000000000000e+01,1.604628181457519531e+01,2.999999999999999889e-01,3.700000000000000000e+05
1.444705201853566212e+00,1.463999986648559570e+01,1.605885314941406250e+01,2.999999999999999889e-01,0.000000000000000000e+00
1.444729216517262493e+00,1.463999986648559570e+01,1.617892646789550781e+01,2.999999999999999889e-01,3.700000000000000000e+05
1.445079284121167928e+00,1.500000000000000000e+01,1.616635513305664062e+01,2.999999999999999889e-01,0.000000000000000000e+00
1.445103298784864210e+00,1.500000000000000000e+01,1.628642845153808594e+01,2.999999999999999889e-01,3.700000000000000000e+05
1.445453366388769645e+00,1.463999986648559570e+01,1.629899978637695312e+01,2.999999999999999889e-01,0.000000000000000000e+00
1.445477381052465926e+00,1.463999986648559570e+01,1.641907310485839844e+01,2.999999999999999889e-01,3.700000000000000000e+05
1.445827448656371361e+00,1.500000000000000000e+01,1.640650177001953125e+01,2.999999999999999889e-01,0.000000000000000000e+00
1.446193620993957873e+00,1.682999992370605469e+01,1.646266937255859375e+01,2.999999999999999889e-01,3.700000000000000000e+05
1.456352081094707041e+00,6.383312225341796875e+00,1.682747650146484375e+01,2.999999999999999889e-01,0.000000000000000000e+00
1.456540231758979953e+00,7.320000171661376953e+00,1.691484069824218750e+01,2.999999999999999889e-01,3.700000000000000000e+05
1.456890298964462760e+00,7.679999828338623047e+00,1.690226745605468750e+01,2.999999999999999889e-01,0.000000000000000000e+00
1.456914313628159041e+00,7.679999828338623047e+00,1.702234077453613281e+01,2.999999999999999889e-01,3.700000000000000000e+05
1.457264380768948264e+00,7.320000171661376953e+00,1.703491210937500000e+01,2.999999999999999889e-01,0.000000000000000000e+00
1.457288395432644545e+00,7.320000171661376953e+00,1.715498542785644531e+01,2.999999999999999889e-01,3.700000000000000000e+05
1.457638462573433769e+00,7.679999828338623047e+00,1.714241409301757812e+01,2.999999999999999889e-01,0.000000000000000000e+00
1.457662477237130050e+00,7.679999828338623047e+00,1.726248741149902344e+01,2.999999999999999889e-01,3.700000000000000000e+05
1.458012544377919273e+00,7.320000171661376953e+00,1.727505874633789062e+01,2.999999999999999889e-01,0.000000000000000000e+00
1.458036559041615554e+00,7.320000171661376953e+00,1.739513206481933594e+01,2.999999999999999889e-01,3.700000000000000000e+05
1.458386626182404777e+00,7.679999828338623047e+00,1.738256072998046875e+01,2.999999999999999889e-01,0.000000000000000000e+00
1.458410640846101058e+00,7.679999828338623047e+00,1.750263404846191406e+01,2.999999999999999889e-01,3.700000000000000000e+05
1.458760707986890282e+00,7.320000171661376953e+00,1.751520538330078125e+01,2.999999999999999889e-01,0.000000000000000000e+00
1.458784722650586563e+00,7.320000171661376953e+00,1.763527870178222656e+01,2.999999999999999889e-01,3.700000000000000000e+05
1.459134789791375786e+00,7.679999828338623047e+00,1.762270736694335938e+01,2.999999999999999889e-01,0.000000000000000000e+00
1.459158804455072067e+00,7.679999828338623047e+00,1.774278068542480469e+01,2.999999999999999889e-01,3.700000000000000000e+05
1.459508871595861290e+00,7.320000171661376953e+00,1.775535202026367188e+01,2.999999999999999889e-01,0.000000000000000000e+00
1.459532886259557571e+00,7.320000171661376953e+00,1.787542533874511719e+01,2.999999999999999889e-01,3.700000000000000000e+05
1.459882953400346794e+00,7.679999828338623047e+00,1.786285400390625000e+01,2.999999999999999889e-01,0.000000000000000000e+00
1.459906968064043076e+00,7.679999828338623047e+00,1.798292732238769531e+01,2.999999999999999889e-01,3.700000000000000000e+05
1.460257035204832299e+00,7.320000171661376953e+00,1.799549865722656250e+01,2.999999999999999889e-01,0.000000000000000000e+00
1.460281049868528580e+00,7.320000171661376953e+00,1.811557197570800781e+01,2.999999999999999889e-01,3.700000000000000000e+05
1.460631117074011387e+00,7.679999828338623047e+00,1.810299873352050781e+01,2.999999999999999889e-01,0.000000000000000000e+00
1.460655131737707668e+00,7.679999828338623047e+00,1.822307205200195312e+01,2.999999999999999889e-01,3.700000000000000000e+05
1.461005198878496891e+00,7.320000171661376953e+00,1.823564338684082031e+01,2.999999999999999889e-01,0.000000000000000000e+00
1.462136833178123707e+00,1.829999923706054688e+00,1.686640930175781250e+01,2.999999999999999889e-01,3.700000000000000000e+05
1.462486900782029142e+00,2.190000057220458984e+00,1.685383796691894531e+01,2.999999999999999889e-01,0.000000000000000000e+00
1.462510915064255679e+00,2.190000057220458984e+00,1.697390937805175781e+01,2.999999999999999889e-01,3.700000000000000000e+05
1.462860982668161114e+00,1.829999923706054688e+00,1.698648071289062500e+01,2.999999999999999889e-01,0.000000000000000000e+00
1.462884997331857395e+00,1.829999923706054688e+00,1.710655403137207031e+01,2.999999999999999889e-01,3.700000000000000000e+05
1.463235064935762830e+00,2.190000057220458984e+00,1.709398269653320312e+01,2.999999999999999889e-01,0.000000000000000000e+00
1.463259079599459112e+00,2.190000057220458984e+00,1.721405601501464844e+01,2.999999999999999889e-01,3.700000000000000000e+05
1.463609147203364547e+00,1.829999923706054688e+00,1.722662734985351562e+01,2.999999999999999889e-01,0.000000000000000000e+00
1.463633161867060828e+00,1.829999923706054688e+00,1.734670066833496094e+01,2.999999999999999889e-01,3.700000000000000000e+05
1.463983229470966263e+00,2.190000057220458984e+00,1.733412933349609375e+01,2.999999999999999889e-01,0.000000000000000000e+00
1.464007244134662544e+00,2.190000057220458984e+00,1.745420265197753906e+01,2.999999999999999889e-01,3.700000000000000000e+05
1.464357311738567979e+00,1.829999923706054688e+00,1.746677398681640625e+01,2.999999999999999889e-01,0.000000000000000000e+00
1.464381326402264261e+00,1.829999923706054688e+00,1.758684730529785156e+01,2.999999999999999889e-01,3.700000000000000000e+05
1.464731394006169696e+00,2.190000057220458984e+00,1.757427597045898438e+01,2.999999999999999889e-01,0.000000000000000000e+00
1.464755408669865977e+00,2.190000057220458984e+00,1.769434928894042969e+01,2.999999999999999889e-01,3.700000000000000000e+05
1.465105476273771412e+00,1.829999923706054688e+00,1.770692062377929688e+01,2.999999999999999889e-01,0.000000000000000000e+00
1.465129490937467693e+00,1.829999923706054688e+00,1.782699394226074219e+01,2.999999999999999889e-01,3.700000000000000000e+05
1.465479558541373128e+00,2.190000057220458984e+00,1.781442260742187500e+01,2.999999999999999889e-01,0.000000000000000000e+00
1.465503573205069410e+00,2.190000057220458984e+00,1.793449592590332031e+01,2.999999999999999889e-01,3.700000000000000000e+05
1.465853640808974845e+00,1.829999923706054688e+00,1.794706726074218750e+01,2.999999999999999889e-01,0.000000000000000000e+00
1.465877655472671126e+00,1.829999923706054688e+00,1.806714057922363281e+01,2.999999999999999889e-01,3.700000000000000000e+05
1.466227723076576561e+00,2.190000057220458984e+00,1.805456924438476562e+01,2.999999999999999889e-01,0.000000000000000000e+00
1.466251737740272842e+00,2.190000057220458984e+00,1.817464256286621094e+01,2.999999999999999889e-01,3.700000000000000000e+05
1.466601805344178278e+00,1.829999923706054688e+00,1.818721389770507812e+01,2.999999999999999889e-01,0.000000000000000000e+00
1.466969650273682646e+00,0.000000000000000000e+00,1.837119102478027344e+01,2.999999999999999889e-01,3.700000000000000000e+05
1.469099227512690398e+00,2.190000057220458984e+00,1.829471397399902344e+01,2.999999999999999889e-01,0.000000000000000000e+00
1.469558196665744054e+00,4.019999980926513672e+00,1.691000556945800781e+01,2.999999999999999889e-01,3.700000000000000000e+05
1.469908264038091383e+00,3.660000085830688477e+00,1.692257690429687500e+01,2.999999999999999889e-01,0.000000000000000000e+00
1.469932278701787665e+00,3.660000085830688477e+00,1.704265022277832031e+01,2.999999999999999889e-01,3.700000000000000000e+05
1.470282346074134994e+00,4.019999980926513672e+00,1.703007888793945312e+01,2.999999999999999889e-01,0.000000000000000000e+00
1.470306360737831275e+00,4.019999980926513672e+00,1.715015220642089844e+01,2.999999999999999889e-01,3.700000000000000000e+05
1.470656428110178604e+00,3.660000085830688477e+00,1.716272354125976562e+01,2.999999999999999889e-01,0.000000000000000000e+00
1.470680442773874885e+00,3.660000085830688477e+00,1.728279685974121094e+01,2.999999999999999889e-01,3.700000000000000000e+05
1.471030510146222214e+00,4.019999980926513672e+00,1.727022552490234375e+01,2.999999999999999889e-01,0.000000000000000000e+00
1.471054524428448751e+00,4.019999980926513672e+00,1.739029693603515625e+01,2.999999999999999889e-01,3.700000000000000000e+05
1.471404591865489664e+00,3.660000085830688477e+00,1.740287017822265625e+01,2.999999999999999889e-01,0.000000000000000000e+00
1.471428606147716200e+00,3.660000085830688477e+00,1.752294158935546875e+01,2.999999999999999889e-01,3.700000000000000000e+05
1.471778673520063530e+00,4.019999980926513672e+00,1.751037025451660156e+01,2.999999999999999889e-01,0.000000000000000000e+00
1.471802688183759811e+00,4.019999980926513672e+00,1.763044357299804688e+01,2.999999999999999889e-01,3.700000000000000000e+05
1.472152755556107140e+00,3.660000085830688477e+00,1.764301490783691406e+01,2.999999999999999889e-01,0.000000000000000000e+00
1.472176770219803421e+00,3.660000085830688477e+00,1.776308822631835938e+01,2.999999999999999889e-01,3.700000000000000000e+05
1.472526837592150750e+00,4.019999980926513672e+00,1.775051689147949219e+01,2.999999999999999889e-01,0.000000000000000000e+00
1.472550852255847031e+00,4.019999980926513672e+00,1.787059020996093750e+01,2.999999999999999889e-01,3.700000000000000000e+05
1.472900919628194361e+00,3.660000085830688477e+00,1.788316154479980469e+01,2.999999999999999889e-01,0.000000000000000000e+00
1.472924934291890642e+00,3.660000085830688477e+00,1.800323486328125000e+01,2.999999999999999889e-01,3.700000000000000000e+05
1.473275001664237971e+00,4.019999980926513672e+00,1.799066352844238281e+01,2.999999999999999889e-01,0.000000000000000000e+00
1.473299016327934252e+00,4.019999980926513672e+00,1.811073684692382812e+01,2.999999999999999889e-01,3.700000000000000000e+05
1.473649083700281581e+00,3.660000085830688477e+00,1.812330818176269531e+01,2.999999999999999889e-01,0.000000000000000000e+00
1.473673098363977862e+00,3.660000085830688477e+00,1.824338150024414062e+01,2.999999999999999889e-01,3.700000000000000000e+05
1.474023165736325192e+00,4.019999980926513672e+00,1.823081016540527344e+01,2.999999999999999889e-01,0.000000000000000000e+00
1.474389338097742419e+00,5.850000023841857910e+00,1.828697776794433594e+01,2.999999999999999889e-01,3.700000000000000000e+05
1.480077934658044381e+00,0.000000000000000000e+00,1.849126434326171875e+01,2.999999999999999889e-01,0.000000000000000000e+00
1.480101949321740662e+00,0.000000000000000000e+00,1.861133766174316406e+01,2.999999999999999889e-01,3.700000000000000000e+05
1.488841777681579659e+00,8.987804889678955078e+00,1.829747581481933594e+01,2.999999999999999889e-01,0.000000000000000000e+00
1.489132898799070182e+00,9.149999976158142090e+00,1.685093498229980469e+01,2.999999999999999889e-01,3.700000000000000000e+05
1.489482966287196675e+00,9.509999990463256836e+00,1.683836364746093750e+01,2.999999999999999889e-01,0.000000000000000000e+00
1.489506980950892956e+00,9.509999990463256836e+00,1.695843696594238281e+01,2.999999999999999889e-01,3.700000000000000000e+05
1.489857048439019449e+00,9.149999976158142090e+00,1.697100830078125000e+01,2.999999999999999889e-01,0.000000000000000000e+00
1.489881063102715730e+00,9.149999976158142090e+00,1.709108161926269531e+01,2.999999999999999889e-01,3.700000000000000000e+05
1.490231130590842223e+00,9.509999990463256836e+00,1.707851028442382812e+01,2.999999999999999889e-01,0.000000000000000000e+00
1.490255145254538505e+00,9.509999990463256836e+00,1.719858360290527344e+01,2.999999999999999889e-01,3.700000000000000000e+05
1.490605212742664998e+00,9.149999976158142090e+00,1.721115493774414062e+01,2.999999999999999889e-01,0.000000000000000000e+00
1.490629227406361279e+00,9.149999976158142090e+00,1.733122825622558594e+01,2.999999999999999889e-01,3.700000000000000000e+05
1.490979294959181356e+00,9.509999990463256836e+00,1.731865501403808594e+01,2.999999999999999889e-01,0.000000000000000000e+00
1.491003309622877637e+00,9.509999990463256836e+00,1.743872833251953125e+01,2.999999999999999889e-01,3.700000000000000000e+05
1.491353377111004130e+00,9.149999976158142090e+00,1.745129966735839844e+01,2.999999999999999889e-01,0.000000000000000000e+00
1.491377391774700412e+00,9.149999976158142090e+00,1.757137298583984375e+01,2.999999999999999889e-01,3.700000000000000000e+05
1.491727459262826905e+00,9.509999990463256836e+00,1.755880165100097656e+01,2.999999999999999889e-01,0.000000000000000000e+00
1.491751473926523186e+00,9.509999990463256836e+00,1.767887496948242188e+01,2.999999999999999889e-01,3.700000000000000000e+05
1.492101541414649679e+00,9.149999976158142090e+00,1.769144630432128906e+01,2.999999999999999889e-01,0.000000000000000000e+00
1.492125556078345960e+00,9.149999976158142090e+00,1.781151962280273438e+01,2.999999999999999889e-01,3.700000000000000000e+05
1.492475623566472454e+00,9.509999990463256836e+00,1.779894828796386719e+01,2.999999999999999889e-01,0.000000000000000000e+00
1.492499638230168735e+00,9.509999990463256836e+00,1.791902160644531250e+01,2.999999999999999889e-01,3.700000000000000000e+05
1.492849705718295228e+00,9.149999976158142090e+00,1.793159294128417969e+01,2.999999999999999889e-01,0.000000000000000000e+00
1.492873720381991509e+00,9.149999976158142090e+00,1.805166625976562500e+01,2.999999999999999889e-01,3.700000000000000000e+05
1.493223787870118002e+00,9.509999990463256836e+00,1.803909492492675781e+01,2.999999999999999889e-01,0.000000000000000000e+00
1.493247802533814284e+00,9.509999990463256836e+00,1.815916824340820312e+01,2.999999999999999889e-01,3.700000000000000000e+05
1.493597870021940777e+00,9.149999976158142090e+00,1.817173957824707031e+01,2.999999999999999889e-01,0.000000000000000000e+00
1.493621884685637058e+00,9.149999976158142090e+00,1.829181289672851562e+01,2.999999999999999889e-01,3.700000000000000000e+05
1.493971952173763551e+00,9.509999990463256836e+00,1.827924156188964844e+01,2.999999999999999889e-01,0.000000000000000000e+00
1.494268924514051688e+00,9.821757078170776367e+00,1.682747650146484375e+01,2.999999999999999889e-01,3.700000000000000000e+05
1.501083807604586262e+00,1.682999992370605469e+01,1.658274269104003906e+01,2.999999999999999889e-01,0.000000000000000000e+00
1.501107822268282543e+00,1.682999992370605469e+01,1.670281600952148438e+01,2.999999999999999889e-01,3.700000000000000000e+05
1.504579128348602746e+00,1.326020193099975586e+01,1.682747650146484375e+01,2.999999999999999889e-01,0.000000000000000000e+00
1.504855462240641595e+00,1.463999986648559570e+01,1.689936637878417969e+01,2.999999999999999889e-01,3.700000000000000000e+05
1.505205529844547030e+00,1.500000000000000000e+01,1.688679504394531250e+01,2.999999999999999889e-01,0.000000000000000000e+00
1.505229544508243311e+00,1.500000000000000000e+01,1.700686836242675781e+01,2.999999999999999889e-01,3.700000000000000000e+05
1.505579612112148746e+00,1.463999986648559570e+01,1.701943969726562500e+01,2.999999999999999889e-01,0.000000000000000000e+00
1.505603626775845028e+00,1.463999986648559570e+01,1.713951301574707031e+01,2.999999999999999889e-01,3.700000000000000000e+05
1.505953694379750463e+00,1.500000000000000000e+01,1.712694168090820312e+01,2.999999999999999889e-01,0.000000000000000000e+00
1.505977708661976999e+00,1.500000000000000000e+01,1.724701309204101562e+01,2.999999999999999889e-01,3.700000000000000000e+05
1.506327776330576018e+00,1.463999986648559570e+01,1.725958633422851562e+01,2.999999999999999889e-01,0.000000000000000000e+00
1.506351790612802555e+00,1.463999986648559570e+01,1.737965774536132812e+01,2.999999999999999889e-01,3.700000000000000000e+05
1.506701858216707990e+00,1.500000000000000000e+01,1.736708641052246094e+01,2.999999999999999889e-01,0.000000000000000000e+00
1.506725872880404271e+00,1.500000000000000000e+01,1.748715972900390625e+01,2.999999999999999889e-01,3.700000000000000000e+05
1.507075940484309706e+00,1.463999986648559570e+01,1.749973106384277344e+01,2.999999999999999889e-01,0.000000000000000000e+00
1.507099955148005987e+00,1.463999986648559570e+01,1.761980438232421875e+01,2.999999999999999889e-01,3.700000000000000000e+05
1.507450022751911423e+00,1.500000000000000000e+01,1.760723304748535156e+01,2.999999999999999889e-01,0.000000000000000000e+00
1.507474037415607704e+00,1.500000000000000000e+01,1.772730636596679688e+01,2.999999999999999889e-01,3.700000000000000000e+05
1.507824105019513139e+00,1.463999986648559570e+01,1.773987770080566406e+01,2.999999999999999889e-01,0.000000000000000000e+00
1.507848119683209420e+00,1.463999986648559570e+01,1.785995101928710938e+01,2.999999999999999889e-01,3.700000000000000000e+05
1.508198187287114855e+00,1.500000000000000000e+01,1.784737968444824219e+01,2.999999999999999889e-01,0.000000000000000000e+00
1.508222201950811137e+00,1.500000000000000000e+01,1.796745300292968750e+01,2.999999999999999889e-01,3.700000000000000000e+05
1.508572269554716572e+00,1.463999986648559570e+01,1.798002433776855469e+01,2.999999999999999889e-01,0.000000000000000000e+00
1.508596284218412853e+00,1.463999986648559570e+01,1.810009765625000000e+01,2.999999999999999889e-01,3.700000000000000000e+05
1.508946351822318288e+00,1.500000000000000000e+01,1.808752632141113281e+01,2.999999999999999889e-01,0.000000000000000000e+00
1.508970366486014569e+00,1.500000000000000000e+01,1.820759963989257812e+01,2.999999999999999889e-01,3.700000000000000000e+05
1.509320434089920004e+00,1.463999986648559570e+01,1.822017097473144531e+01,2.999999999999999889e-01,0.000000000000000000e+00
1.509724994884602767e+00,1.317000007629394531e+01,1.683062553405761719e+01,2.999999999999999889e-01,3.700000000000000000e+05
1.510075062553201786e+00,1.280999994277954102e+01,1.684319877624511719e+01,2.999999999999999889e-01,0.000000000000000000e+00
1.510099076835428322e+00,1.280999994277954102e+01,1.696327018737792969e+01,2.999999999999999889e-01,3.700000000000000000e+05
1.510449144439333757e+00,1.317000007629394531e+01,1.695069885253906250e+01,2.999999999999999889e-01,0.000000000000000000e+00
1.510473159103030039e+00,1.317000007629394531e+01,1.707077217102050781e+01,2.999999999999999889e-01,3.700000000000000000e+05
1.510823226706935474e+00,1.280999994277954102e+01,1.708334350585937500e+01,2.999999999999999889e-01,0.000000000000000000e+00
1.510847241370631755e+00,1.280999994277954102e+01,1.720341682434082031e+01,2.999999999999999889e-01,3.700000000000000000e+05
1.511197308974537190e+00,1.317000007629394531e+01,1.719084548950195312e+01,2.999999999999999889e-01,0.000000000000000000e+00
1.511221323638233471e+00,1.317000007629394531e+01,1.731091880798339844e+01,2.999999999999999889e-01,3.700000000000000000e+05
1.511571391242138906e+00,1.280999994277954102e+01,1.732349014282226562e+01,2.999999999999999889e-01,0.000000000000000000e+00
1.511595405905835188e+00,1.280999994277954102e+01,1.744356346130371094e+01,2.999999999999999889e-01,3.700000000000000000e+05
1.511945473509740623e+00,1.317000007629394531e+01,1.743099212646484375e+01,2.999999999999999889e-01,0.000000000000000000e+00
1.511969488173436904e+00,1.317000007629394531e+01,1.755106544494628906e+01,2.999999999999999889e-01,3.700000000000000000e+05
1.512319555777342339e+00,1.280999994277954102e+01,1.756363677978515625e+01,2.999999999999999889e-01,0.000000000000000000e+00
1.512343570441038620e+00,1.280999994277954102e+01,1.768371009826660156e+01,2.999999999999999889e-01,3.700000000000000000e+05
1.512693638044944056e+00,1.317000007629394531e+01,1.767113876342773438e+01,2.999999999999999889e-01,0.000000000000000000e+00
1.512717652708640337e+00,1.317000007629394531e+01,1.779121208190917969e+01,2.999999999999999889e-01,3.700000000000000000e+05
1.513067720312545772e+00,1.280999994277954102e+01,1.780378341674804688e+01,2.999999999999999889e-01,0.000000000000000000e+00
1.513091734976242053e+00,1.280999994277954102e+01,1.792385673522949219e+01,2.999999999999999889e-01,3.700000000000000000e+05
1.513441802580147488e+00,1.317000007629394531e+01,1.791128540039062500e+01,2.999999999999999889e-01,0.000000000000000000e+00
1.513465817243843770e+00,1.317000007629394531e+01,1.803135871887207031e+01,2.999999999999999889e-01,3.700000000000000000e+05
1.513815884847749205e+00,1.280999994277954102e+01,1.804393005371093750e+01,2.999999999999999889e-01,0.000000000000000000e+00
1.513839899511445486e+00,1.280999994277954102e+01,1.816400337219238281e+01,2.999999999999999889e-01,3.700000000000000000e+05
1.514189967180044505e+00,1.317000007629394531e+01,1.815143013000488281e+01,2.999999999999999889e-01,0.000000000000000000e+00
1.514213981843740786e+00,1.317000007629394531e+01,1.827150344848632812e+01,2.999999999999999889e-01,3.700000000000000000e+05
1.514564049447646221e+00,1.280999994277954102e+01,1.828407478332519531e+01,2.999999999999999889e-01,0.000000000000000000e+00
1.514968610014934658e+00,1.133999991416931152e+01,1.689453125000000000e+01,2.999999999999999889e-01,3.700000000000000000e+05
1.515318677387281987e+00,1.098000001907348633e+01,1.690710258483886719e+01,2.999999999999999889e-01,0.000000000000000000e+00
1.515342692050978268e+00,1.098000001907348633e+01,1.702717590332031250e+01,2.999999999999999889e-01,3.700000000000000000e+05
1.515692759423325597e+00,1.133999991416931152e+01,1.701460456848144531e+01,2.999999999999999889e-01,0.000000000000000000e+00
1.515716774087021879e+00,1.133999991416931152e+01,1.713467788696289062e+01,2.999999999999999889e-01,3.700000000000000000e+05
1.516066841459369208e+00,1.098000001907348633e+01,1.714724922180175781e+01,2.999999999999999889e-01,0.000000000000000000e+00
1.516090856123065489e+00,1.098000001907348633e+01,1.726732254028320312e+01,2.999999999999999889e-01,3.700000000000000000e+05
1.516440923495412818e+00,1.133999991416931152e+01,1.725475120544433594e+01,2.999999999999999889e-01,0.000000000000000000e+00
1.516464938159109099e+00,1.133999991416931152e+01,1.737482452392578125e+01,2.999999999999999889e-01,3.700000000000000000e+05
1.516815005531456428e+00,1.098000001907348633e+01,1.738739585876464844e+01,2.999999999999999889e-01,0.000000000000000000e+00
1.516839020195152710e+00,1.098000001907348633e+01,1.750746917724609375e+01,2.999999999999999889e-01,3.700000000000000000e+05
1.517189087567500039e+00,1.133999991416931152e+01,1.749489784240722656e+01,2.999999999999999889e-01,0.000000000000000000e+00
1.517213102231196320e+00,1.133999991416931152e+01,1.761497116088867188e+01,2.999999999999999889e-01,3.700000000000000000e+05
1.517563169603543649e+00,1.098000001907348633e+01,1.762754249572753906e+01,2.999999999999999889e-01,0.000000000000000000e+00
1.517587184267239930e+00,1.098000001907348633e+01,1.774761581420898438e+01,2.999999999999999889e-01,3.700000000000000000e+05
1.517937251704280843e+00,1.133999991416931152e+01,1.773504257202148438e+01,2.999999999999999889e-01,0.000000000000000000e+00
1.517961266367977125e+00,1.133999991416931152e+01,1.785511589050292969e+01,2.999999999999999889e-01,3.700000000000000000e+05
1.518311333740324454e+00,1.098000001907348633e+01,1.786768722534179688e+01,2.999999999999999889e-01,0.000000000000000000e+00
1.518335348404020735e+00,1.098000001907348633e+01,1.798776054382324219e+01,2.999999999999999889e-01,3.700000000000000000e+05
1.518685415776368064e+00,1.133999991416931152e+01,1.797518920898437500e+01,2.999999999999999889e-01,0.000000000000000000e+00
1.518709430440064345e+00,1.133999991416931152e+01,1.809526252746582031e+01,2.999999999999999889e-01,3.700000000000000000e+05
1.519059497812411674e+00,1.098000001907348633e+01,1.810783386230468750e+01,2.999999999999999889e-01,0.000000000000000000e+00
1.519083512476107956e+00,1.098000001907348633e+01,1.822790718078613281e+01,2.999999999999999889e-01,3.700000000000000000e+05
1.519433579848455285e+00,1.133999991416931152e+01,1.821533584594726562e+01,2.999999999999999889e-01,0.000000000000000000e+00
1.519651450006676896e+00,1.242624950408935547e+01,1.829747581481933594e+01,2.999999999999999889e-01,3.700000000000000000e+05
1.529676070419749401e+00,2.117198944091796875e+00,1.865747642517089844e+01,2.999999999999999889e-01,0.000000000000000000e+00
1.529984914560659437e+00,3.660000085830688477e+00,1.872367477416992188e+01,2.999999999999999889e-01,3.700000000000000000e+05
1.530334981766142244e+00,4.019999742507934570e+00,1.871110153198242188e+01,2.999999999999999889e-01,0.000000000000000000e+00
1.530358996429838525e+00,4.019999742507934570e+00,1.883117485046386719e+01,2.999999999999999889e-01,3.700000000000000000e+05
1.530709063570627748e+00,3.660000085830688477e+00,1.884374618530273438e+01,2.999999999999999889e-01,0.000000000000000000e+00
1.530733078234324029e+00,3.660000085830688477e+00,1.896381950378417969e+01,2.999999999999999889e-01,3.700000000000000000e+05
1.531083145375113252e+00,4.019999742507934570e+00,1.895124816894531250e+01,2.999999999999999889e-01,0.000000000000000000e+00
1.531107160038809534e+00,4.019999742507934570e+00,1.907132148742675781e+01,2.999999999999999889e-01,3.700000000000000000e+05
1.531457227179598757e+00,3.660000085830688477e+00,1.908389282226562500e+01,2.999999999999999889e-01,0.000000000000000000e+00
1.531481241843295038e+00,3.660000085830688477e+00,1.920396614074707031e+01,2.999999999999999889e-01,3.700000000000000000e+05
1.531831308984084261e+00,4.019999742507934570e+00,1.919139480590820312e+01,2.999999999999999889e-01,0.000000000000000000e+00
1.531855323647780542e+00,4.019999742507934570e+00,1.931146812438964844e+01,2.999999999999999889e-01,3.700000000000000000e+05
1.532205390788569765e+00,3.660000085830688477e+00,1.932403945922851562e+01,2.999999999999999889e-01,0.000000000000000000e+00
1.532229405452266047e+00,3.660000085830688477e+00,1.944411277770996094e+01,2.999999999999999889e-01,3.700000000000000000e+05
1.532579472593055270e+00,4.019999742507934570e+00,1.943154144287109375e+01,2.999999999999999889e-01,0.000000000000000000e+00
1.532603487256751551e+00,4.019999742507934570e+00,1.955161476135253906e+01,2.999999999999999889e-01,3.700000000000000000e+05
1.532953554397540774e+00,3.660000085830688477e+00,1.956418609619140625e+01,2.999999999999999889e-01,0.000000000000000000e+00
1.532977569061237055e+00,3.660000085830688477e+00,1.968425941467285156e+01,2.999999999999999889e-01,3.700000000000000000e+05
1.533327636202026278e+00,4.019999742507934570e+00,1.967168807983398438e+01,2.999999999999999889e-01,0.000000000000000000e+00
1.533351650865722560e+00,4.019999742507934570e+00,1.979176139831542969e+01,2.999999999999999889e-01,3.700000000000000000e+05
1.533701718006511783e+00,3.660000085830688477e+00,1.980433273315429688e+01,2.999999999999999889e-01,0.000000000000000000e+00
1.533725732670208064e+00,3.660000085830688477e+00,1.992440605163574219e+01,2.999999999999999889e-01,3.700000000000000000e+05
1.534075799875690871e+00,4.019999742507934570e+00,1.991183280944824219e+01,2.999999999999999889e-01,0.000000000000000000e+00
1.534099814539387152e+00,4.019999742507934570e+00,2.003190612792968750e+01,2.999999999999999889e-01,3.700000000000000000e+05
1.534449881680176375e+00,3.660000085830688477e+00,2.004447746276855469e+01,2.999999999999999889e-01,0.000000000000000000e+00
1.534473896343872656e+00,3.660000085830688477e+00,2.016455078125000000e+01,2.999999999999999889e-01,3.700000000000000000e+05
1.535506295207688554e+00,4.721691370010375977e+00,2.012747573852539062e+01,2.999999999999999889e-01,0.000000000000000000e+00
1.537990947884280368e+00,1.669864749908447266e+01,1.682747650146484375e+01,2.999999999999999889e-01,3.700000000000000000e+05
1.538118676259711659e+00,1.682999992370605469e+01,1.682288932800292969e+01,2.999999999999999889e-01,0.000000000000000000e+00
1.540416237794876020e+00,5.490000009536743164e+00,1.865976905822753906e+01,2.999999999999999889e-01,3.700000000000000000e+05
1.549663853676472192e+00,1.500000000000000000e+01,1.832767295837402344e+01,2.999999999999999889e-01,0.000000000000000000e+00
1.549687868340168473e+00,1.500000000000000000e+01,1.844774627685546875e+01,2.999999999999999889e-01,3.700000000000000000e+05
1.555528074548088391e+00,8.994088649749755859e+00,1.865747642517089844e+01,2.999999999999999889e-01,0.000000000000000000e+00
1.555566777478287532e+00,9.150000095367431641e+00,1.877210426330566406e+01,2.999999999999999889e-01,3.700000000000000000e+05
1.555916844850634861e+00,9.509999990463256836e+00,1.875953292846679688e+01,2.999999999999999889e-01,0.000000000000000000e+00
1.555940859514331143e+00,9.509999990463256836e+00,1.887960624694824219e+01,2.999999999999999889e-01,3.700000000000000000e+05
1.556290926886678472e+00,9.150000095367431641e+00,1.889217758178710938e+01,2.999999999999999889e-01,0.000000000000000000e+00
1.556314941550374753e+00,9.150000095367431641e+00,1.901225090026855469e+01,2.999999999999999889e-01,3.700000000000000000e+05
1.556665008922722082e+00,9.509999990463256836e+00,1.899967956542968750e+01,2.999999999999999889e-01,0.000000000000000000e+00
1.556689023586418363e+00,9.509999990463256836e+00,1.911975288391113281e+01,2.999999999999999889e-01,3.700000000000000000e+05
1.557039090958765692e+00,9.150000095367431641e+00,1.913232421875000000e+01,2.999999999999999889e-01,0.000000000000000000e+00
1.557063105622461974e+00,9.150000095367431641e+00,1.925239753723144531e+01,2.999999999999999889e-01,3.700000000000000000e+05
1.557413172994809303e+00,9.509999990463256836e+00,1.923982620239257812e+01,2.999999999999999889e-01,0.000000000000000000e+00
1.557437187658505584e+00,9.509999990463256836e+00,1.935989952087402344e+01,2.999999999999999889e-01,3.700000000000000000e+05
1.557787255030852913e+00,9.150000095367431641e+00,1.937247085571289062e+01,2.999999999999999889e-01,0.000000000000000000e+00
1.557811269694549194e+00,9.150000095367431641e+00,1.949254417419433594e+01,2.999999999999999889e-01,3.700000000000000000e+05
1.558161337066896523e+00,9.509999990463256836e+00,1.947997283935546875e+01,2.999999999999999889e-01,0.000000000000000000e+00
1.558185351730592805e+00,9.509999990463256836e+00,1.960004615783691406e+01,2.999999999999999889e-01,3.700000000000000000e+05
1.558535419102940134e+00,9.150000095367431641e+00,1.961261749267578125e+01,2.999999999999999889e-01,0.000000000000000000e+00
1.558559433766636415e+00,9.150000095367431641e+00,1.973269081115722656e+01,2.999999999999999889e-01,3.700000000000000000e+05
1.558909501138983744e+00,9.509999990463256836e+00,1.972011947631835938e+01,2.999999999999999889e-01,0.000000000000000000e+00
1.558933515802680025e+00,9.509999990463256836e+00,1.984019279479980469e+01,2.999999999999999889e-01,3.700000000000000000e+05
1.559283583175027355e+00,9.150000095367431641e+00,1.985276412963867188e+01,2.999999999999999889e-01,0.000000000000000000e+00
1.559307597838723636e+00,9.150000095367431641e+00,1.997283744812011719e+01,2.999999999999999889e-01,3.700000000000000000e+05
1.559657665275764549e+00,9.509999990463256836e+00,1.996026420593261719e+01,2.999999999999999889e-01,0.000000000000000000e+00
1.559681679939460830e+00,9.509999990463256836e+00,2.008033752441406250e+01,2.999999999999999889e-01,3.700000000000000000e+05
1.560031747311808159e+00,9.150000095367431641e+00,2.009290885925292969e+01,2.999999999999999889e-01,0.000000000000000000e+00
1.560436307887759666e+00,7.680000007152557373e+00,1.870336532592773438e+01,2.999999999999999889e-01,3.700000000000000000e+05
1.560786375375886159e+00,7.319999992847442627e+00,1.871593666076660156e+01,2.999999999999999889e-01,0.000000000000000000e+00
1.560810390039582440e+00,7.319999992847442627e+00,1.883600997924804688e+01,2.999999999999999889e-01,3.700000000000000000e+05
1.561160457527708934e+00,7.680000007152557373e+00,1.882343864440917969e+01,2.999999999999999889e-01,0.000000000000000000e+00
1.561184472191405215e+00,7.680000007152557373e+00,1.894351196289062500e+01,2.999999999999999889e-01,3.700000000000000000e+05
1.561534539679531708e+00,7.319999992847442627e+00,1.895608329772949219e+01,2.999999999999999889e-01,0.000000000000000000e+00
1.561558554343227989e+00,7.319999992847442627e+00,1.907615661621093750e+01,2.999999999999999889e-01,3.700000000000000000e+05
1.561908621831354482e+00,7.680000007152557373e+00,1.906358528137207031e+01,2.999999999999999889e-01,0.000000000000000000e+00
1.561932636495050764e+00,7.680000007152557373e+00,1.918365859985351562e+01,2.999999999999999889e-01,3.700000000000000000e+05
1.562282703983177257e+00,7.319999992847442627e+00,1.919622993469238281e+01,2.999999999999999889e-01,0.000000000000000000e+00
1.562306718646873538e+00,7.319999992847442627e+00,1.931630325317382812e+01,2.999999999999999889e-01,3.700000000000000000e+05
1.562656786135000031e+00,7.680000007152557373e+00,1.930373191833496094e+01,2.999999999999999889e-01,0.000000000000000000e+00
1.562680800798696312e+00,7.680000007152557373e+00,1.942380523681640625e+01,2.999999999999999889e-01,3.700000000000000000e+05
1.563030868286822805e+00,7.319999992847442627e+00,1.943637657165527344e+01,2.999999999999999889e-01,0.000000000000000000e+00
1.563054882950519087e+00,7.319999992847442627e+00,1.955644989013671875e+01,2.999999999999999889e-01,3.700000000000000000e+05
1.563404950503339164e+00,7.680000007152557373e+00,1.954387664794921875e+01,2.999999999999999889e-01,0.000000000000000000e+00
1.563428965167035445e+00,7.680000007152557373e+00,1.966394996643066406e+01,2.999999999999999889e-01,3.700000000000000000e+05
1.563779032655161938e+00,7.319999992847442627e+00,1.967652130126953125e+01,2.999999999999999889e-01,0.000000000000000000e+00
1.563803047318858219e+00,7.319999992847442627e+00,1.979659461975097656e+01,2.999999999999999889e-01,3.700000000000000000e+05
1.564153114806984712e+00,7.680000007152557373e+00,1.978402328491210938e+01,2.999999999999999889e-01,0.000000000000000000e+00
1.564177129470680994e+00,7.680000007152557373e+00,1.990409660339355469e+01,2.999999999999999889e-01,3.700000000000000000e+05
1.564527196958807487e+00,7.319999992847442627e+00,1.991666793823242188e+01,2.999999999999999889e-01,0.000000000000000000e+00
1.564551211622503768e+00,7.319999992847442627e+00,2.003674125671386719e+01,2.999999999999999889e-01,3.700000000000000000e+05
1.564901279110630261e+00,7.680000007152557373e+00,2.002416992187500000e+01,2.999999999999999889e-01,0.000000000000000000e+00
1.565345292386714382e+00,5.850000023841857910e+00,1.876727104187011719e+01,2.999999999999999889e-01,3.700000000000000000e+05
1.565695359874840875e+00,5.490000009536743164e+00,1.877984237670898438e+01,2.999999999999999889e-01,0.000000000000000000e+00
1.565719374538537156e+00,5.490000009536743164e+00,1.889991569519042969e+01,2.999999999999999889e-01,3.700000000000000000e+05
1.566069442026663650e+00,5.850000023841857910e+00,1.888734436035156250e+01,2.999999999999999889e-01,0.000000000000000000e+00
1.566093456690359931e+00,5.850000023841857910e+00,1.900741767883300781e+01,2.999999999999999889e-01,3.700000000000000000e+05
1.566443524178486424e+00,5.490000009536743164e+00,1.901998901367187500e+01,2.999999999999999889e-01,0.000000000000000000e+00
1.566467538842182705e+00,5.490000009536743164e+00,1.914006233215332031e+01,2.999999999999999889e-01,3.700000000000000000e+05
1.566817606395002782e+00,5.850000023841857910e+00,1.912748908996582031e+01,2.999999999999999889e-01,0.000000000000000000e+00
1.566841621058699063e+00,5.850000023841857910e+00,1.924756240844726562e+01,2.999999999999999889e-01,3.700000000000000000e+05
1.567191688546825556e+00,5.490000009536743164e+00,1.926013374328613281e+01,2.999999999999999889e-01,0.000000000000000000e+00
1.567215703210521838e+00,5.490000009536743164e+00,1.938020706176757812e+01,2.999999999999999889e-01,3.700000000000000000e+05
1.567565770698648331e+00,5.850000023841857910e+00,1.936763572692871094e+01,2.999999999999999889e-01,0.000000000000000000e+00
1.567589785362344612e+00,5.850000023841857910e+00,1.948770904541015625e+01,2.999999999999999889e-01,3.700000000000000000e+05
1.567939852850471105e+00,5.490000009536743164e+00,1.950028038024902344e+01,2.999999999999999889e-01,0.000000000000000000e+00
1.567963867514167386e+00,5.490000009536743164e+00,1.962035369873046875e+01,2.999999999999999889e-01,3.700000000000000000e+05
1.568313935002293880e+00,5.850000023841857910e+00,1.960778236389160156e+01,2.999999999999999889e-01,0.000000000000000000e+00
1.568337949665990161e+00,5.850000023841857910e+00,1.972785568237304688e+01,2.999999999999999889e-01,3.700000000000000000e+05
1.568688017154116654e+00,5.490000009536743164e+00,1.974042701721191406e+01,2.999999999999999889e-01,0.000000000000000000e+00
1.568712031817812935e+00,5.490000009536743164e+00,1.986050033569335938e+01,2.999999999999999889e-01,3.700000000000000000e+05
1.569062099305939428e+00,5.850000023841857910e+00,1.984792900085449219e+01,2.999999999999999889e-01,0.000000000000000000e+00
1.569086113969635710e+00,5.850000023841857910e+00,1.996800231933593750e+01,2.999999999999999889e-01,3.700000000000000000e+05
1.569436181457762203e+00,5.490000009536743164e+00,1.998057365417480469e+01,2.999999999999999889e-01,0.000000000000000000e+00
1.569460196121458484e+00,5.490000009536743164e+00,2.010064697265625000e+01,2.999999999999999889e-01,3.700000000000000000e+05
1.569810263609584977e+00,5.850000023841857910e+00,2.008807563781738281e+01,2.999999999999999889e-01,0.000000000000000000e+00
1.570272358066449936e+00,8.160136342048645020e+00,2.012747573852539062e+01,2.999999999999999889e-01,3.700000000000000000e+05
1.574648334287817697e+00,3.659999847412109375e+00,2.028462409973144531e+01,2.999999999999999889e-01,0.000000000000000000e+00
1.576145899164832276e+00,1.098000001907348633e+01,1.870820045471191406e+01,2.999999999999999889e-01,3.700000000000000000e+05
1.576495966537179605e+00,1.133999991416931152e+01,1.869562911987304688e+01,2.999999999999999889e-01,0.000000000000000000e+00
1.576519981200875886e+00,1.133999991416931152e+01,1.881570243835449219e+01,2.999999999999999889e-01,3.700000000000000000e+05
1.576870048573223215e+00,1.098000001907348633e+01,1.882827377319335938e+01,2.999999999999999889e-01,0.000000000000000000e+00
1.576894063236919497e+00,1.098000001907348633e+01,1.894834709167480469e+01,2.999999999999999889e-01,3.700000000000000000e+05
1.577244130609266826e+00,1.133999991416931152e+01,1.893577575683593750e+01,2.999999999999999889e-01,0.000000000000000000e+00
1.577268144891493362e+00,1.133999991416931152e+01,1.905584716796875000e+01,2.999999999999999889e-01,3.700000000000000000e+05
1.577618212328534275e+00,1.098000001907348633e+01,1.906842041015625000e+01,2.999999999999999889e-01,0.000000000000000000e+00
1.577642226610760812e+00,1.098000001907348633e+01,1.918849182128906250e+01,2.999999999999999889e-01,3.700000000000000000e+05
1.577992293983108141e+00,1.133999991416931152e+01,1.917592048645019531e+01,2.999999999999999889e-01,0.000000000000000000e+00
1.578016308646804422e+00,1.133999991416931152e+01,1.929599380493164062e+01,2.999999999999999889e-01,3.700000000000000000e+05
1.578366376019151751e+00,1.098000001907348633e+01,1.930856513977050781e+01,2.999999999999999889e-01,0.000000000000000000e+00
1.578390390682848032e+00,1.098000001907348633e+01,1.942863845825195312e+01,2.999999999999999889e-01,3.700000000000000000e+05
1.578740458055195361e+00,1.133999991416931152e+01,1.941606712341308594e+01,2.999999999999999889e-01,0.000000000000000000e+00
1.578764472718891643e+00,1.133999991416931152e+01,1.953614044189453125e+01,2.999999999999999889e-01,3.700000000000000000e+05
1.579114540091238972e+00,1.098000001907348633e+01,1.954871177673339844e+01,2.999999999999999889e-01,0.000000000000000000e+00
1.579138554754935253e+00,1.098000001907348633e+01,1.966878509521484375e+01,2.999999999999999889e-01,3.700000000000000000e+05
1.579488622127282582e+00,1.133999991416931152e+01,1.965621376037597656e+01,2.999999999999999889e-01,0.000000000000000000e+00
1.579512636790978863e+00,1.133999991416931152e+01,1.977628707885742188e+01,2.999999999999999889e-01,3.700000000000000000e+05
1.579862704163326192e+00,1.098000001907348633e+01,1.978885841369628906e+01,2.999999999999999889e-01,0.000000000000000000e+00
1.579886718827022474e+00,1.098000001907348633e+01,1.990893173217773438e+01,2.999999999999999889e-01,3.700000000000000000e+05
1.580236786199369803e+00,1.133999991416931152e+01,1.989636039733886719e+01,2.999999999999999889e-01,0.000000000000000000e+00
1.580260800863066084e+00,1.133999991416931152e+01,2.001643371582031250e+01,2.999999999999999889e-01,3.700000000000000000e+05
1.580610868235413413e+00,1.098000001907348633e+01,2.002900505065917969e+01,2.999999999999999889e-01,0.000000000000000000e+00
1.582076795208603670e+00,3.659999847412109375e+00,2.040469741821289062e+01,2.999999999999999889e-01,3.700000000000000000e+05
1.589544901455097525e+00,1.133999991416931152e+01,2.013650703430175781e+01,2.999999999999999889e-01,0.000000000000000000e+00
1.589568916118793807e+00,1.133999991416931152e+01,2.025658035278320312e+01,2.999999999999999889e-01,3.700000000000000000e+05
1.595998513115458817e+00,4.727974891662597656e+00,2.048747634887695312e+01,2.999999999999999889e-01,0.000000000000000000e+00
1.596686202181392122e+00,8.166420221328735352e+00,2.048747634887695312e+01,2.999999999999999889e-01,3.700000000000000000e+05
1.599772221769415914e+00,1.133999991416931152e+01,2.037665176391601562e+01,2.999999999999999889e-01,0.000000000000000000e+00
1.600179613178658311e+00,1.243253374099731445e+01,1.865747642517089844e+01,2.999999999999999889e-01,3.700000000000000000e+05
1.602676242209495117e+00,1.500000000000000000e+01,1.856781768798828125e+01,2.999999999999999889e-01,0.000000000000000000e+00
