2.000000000000000111e-01,1.631154632568359575e-01,1.325006103515625200e-01,8.939999999999999503e+00,0.000000000000000000e+00
2.001079458501280328e-01,1.324987030029297075e-01,2.392739868164062700e-01,8.939999999999999503e+00,0.000000000000000000e+00
2.002802738454283193e-01,1.324987030029297075e-01,5.839299774169921520e-01,8.939999999999999503e+00,3.750000000000000000e+05
2.007366605512782287e-01,2.619447326660156450e-01,1.325006103515625200e-01,8.939999999999999503e+00,0.000000000000000000e+00
2.007860751859828208e-01,3.607740020751953325e-01,1.325006103515625200e-01,8.939999999999999503e+00,3.750000000000000000e+05
2.015909027475547843e-01,1.324987030029297075e-01,9.285859680175780895e-01,8.939999999999999503e+00,0.000000000000000000e+00
2.017632307428550709e-01,1.324987030029297075e-01,1.273241958618164027e+00,8.939999999999999503e+00,3.750000000000000000e+05
2.029164986492273948e-01,4.596013641357422075e-01,1.325006103515625200e-01,8.939999999999999503e+00,0.000000000000000000e+00
2.029659132839319868e-01,5.584306335449218395e-01,1.325006103515625200e-01,8.939999999999999503e+00,3.750000000000000000e+05
2.044676202642371210e-01,1.324987030029297075e-01,1.617896041870117152e+00,8.939999999999999503e+00,0.000000000000000000e+00
2.046399487363745606e-01,1.324987030029297075e-01,1.962552986145019496e+00,8.939999999999999503e+00,3.750000000000000000e+05
2.064900969523750796e-01,6.572579956054687145e-01,1.325006103515625200e-01,8.939999999999999503e+00,0.000000000000000000e+00
2.065395115870796716e-01,7.560872650146484020e-01,1.325006103515625200e-01,8.939999999999999503e+00,3.750000000000000000e+05
2.087380997679072203e-01,1.324987030029297075e-01,2.307208023071289027e+00,8.939999999999999503e+00,0.000000000000000000e+00
2.089104277632075068e-01,1.324987030029297075e-01,2.651864013671874964e+00,8.939999999999999503e+00,3.750000000000000000e+05
2.114574562888362763e-01,8.549146270751952770e-01,1.325006103515625200e-01,8.939999999999999503e+00,0.000000000000000000e+00
2.115068709235408684e-01,9.537438964843749645e-01,1.325006103515625200e-01,8.939999999999999503e+00,3.750000000000000000e+05
2.144023403048911092e-01,1.324987030029297075e-01,2.996520004272460902e+00,8.939999999999999503e+00,0.000000000000000000e+00
2.145746683001913957e-01,1.324987030029297075e-01,3.341175994873046839e+00,8.939999999999999503e+00,3.750000000000000000e+05
2.178185785372632466e-01,1.052573165893554652e+00,1.325006103515625200e-01,8.939999999999999503e+00,0.000000000000000000e+00
2.178679922182935325e-01,1.151400527954101527e+00,1.325006103515625200e-01,8.939999999999999503e+00,3.750000000000000000e+05
2.214603419092719683e-01,1.324987030029297075e-01,3.685831031799316371e+00,8.939999999999999503e+00,0.000000000000000000e+00
2.216326699045722548e-01,1.324987030029297075e-01,4.030487022399902308e+00,8.939999999999999503e+00,3.750000000000000000e+05
2.255734604512722452e-01,1.250229797363281214e+00,1.325006103515625200e-01,8.939999999999999503e+00,0.000000000000000000e+00
2.256228741323025311e-01,1.349057159423828089e+00,1.325006103515625200e-01,8.939999999999999503e+00,3.750000000000000000e+05
2.299121050238037978e-01,1.324987030029297075e-01,4.375143013000488246e+00,8.939999999999999503e+00,0.000000000000000000e+00
2.300844330191040843e-01,1.324987030029297075e-01,4.719799003601074183e+00,8.939999999999999503e+00,3.750000000000000000e+05
2.347221047663268223e-01,1.447886428833007777e+00,1.325006103515625200e-01,8.939999999999999503e+00,0.000000000000000000e+00
2.347715184473571082e-01,1.546713790893554652e+00,1.325006103515625200e-01,8.939999999999999503e+00,3.750000000000000000e+05
2.397576305393812612e-01,1.324987030029297075e-01,5.064454994201660121e+00,8.939999999999999503e+00,0.000000000000000000e+00
2.399299580578443947e-01,1.324987030029297075e-01,5.409110031127929652e+00,8.939999999999999503e+00,3.750000000000000000e+05
2.452645101146953555e-01,1.645543060302734339e+00,1.325006103515625200e-01,8.939999999999999503e+00,0.000000000000000000e+00
2.453139247493999475e-01,1.744372329711914027e+00,1.325006103515625200e-01,8.939999999999999503e+00,3.750000000000000000e+05
2.509969176619724074e-01,1.324987030029297075e-01,5.753766021728515589e+00,8.939999999999999503e+00,0.000000000000000000e+00
2.511692456572727217e-01,1.324987030029297075e-01,6.098422012329101527e+00,8.939999999999999503e+00,3.750000000000000000e+05
2.572006789146464856e-01,1.843199691772460902e+00,1.325006103515625200e-01,8.939999999999999503e+00,0.000000000000000000e+00
2.572500935493510776e-01,1.942028961181640589e+00,1.325006103515625200e-01,8.939999999999999503e+00,3.750000000000000000e+05
2.636299676624463406e-01,1.324987030029297075e-01,6.443078002929687464e+00,8.939999999999999503e+00,0.000000000000000000e+00
2.638022951809094740e-01,1.324987030029297075e-01,6.787733039855956996e+00,8.939999999999999503e+00,3.750000000000000000e+05
2.705306087479115162e-01,2.040856323242187464e+00,1.325006103515625200e-01,8.939999999999999503e+00,0.000000000000000000e+00
2.705800233826161083e-01,2.139685592651367152e+00,1.325006103515625200e-01,8.939999999999999503e+00,3.750000000000000000e+05
2.776567778053395941e-01,1.324987030029297075e-01,7.132389030456542933e+00,8.939999999999999503e+00,0.000000000000000000e+00
2.778291058006399084e-01,1.324987030029297075e-01,7.477045021057128871e+00,8.939999999999999503e+00,3.750000000000000000e+05
2.852543005681648092e-01,2.238512954711914027e+00,1.325006103515625200e-01,8.939999999999999503e+00,0.000000000000000000e+00
2.853037152028694012e-01,2.337342224121093714e+00,1.325006103515625200e-01,8.939999999999999503e+00,3.750000000000000000e+05
2.930773508261156901e-01,1.324987030029297075e-01,7.821701011657714808e+00,8.939999999999999503e+00,0.000000000000000000e+00
2.932496788214160044e-01,1.324987030029297075e-01,8.166357002258301634e+00,8.939999999999999503e+00,3.750000000000000000e+05
3.013717553003837923e-01,2.436171493530273402e+00,1.325006103515625200e-01,8.939999999999999503e+00,0.000000000000000000e+00
3.014211689814140782e-01,2.534998855590820277e+00,1.325006103515625200e-01,8.939999999999999503e+00,3.750000000000000000e+05
3.098916849142885899e-01,1.324987030029297075e-01,8.511012039184571165e+00,8.939999999999999503e+00,0.000000000000000000e+00
3.100640129095889042e-01,1.324987030029297075e-01,8.855668029785157103e+00,8.939999999999999503e+00,3.750000000000000000e+05
3.188829696981848594e-01,2.633828124999999964e+00,1.325006103515625200e-01,8.939999999999999503e+00,0.000000000000000000e+00
3.189323833792151452e-01,2.732655487060546839e+00,1.325006103515625200e-01,8.939999999999999503e+00,3.750000000000000000e+05
3.280997805126125710e-01,1.324987030029297075e-01,9.200324020385743040e+00,8.939999999999999503e+00,0.000000000000000000e+00
3.282721085079128853e-01,1.324987030029297075e-01,9.544980010986328978e+00,8.939999999999999503e+00,3.750000000000000000e+05
3.377879464970316992e-01,2.831484756469726527e+00,1.325006103515625200e-01,8.939999999999999503e+00,0.000000000000000000e+00
3.378373601780619850e-01,2.930312118530273402e+00,1.325006103515625200e-01,8.939999999999999503e+00,3.750000000000000000e+05
3.477016371756402879e-01,1.324987030029297075e-01,9.889634571075440306e+00,8.939999999999999503e+00,0.000000000000000000e+00
3.478739651709406022e-01,1.324987030029297075e-01,1.023429056167602624e+01,8.939999999999999503e+00,3.750000000000000000e+05
3.580866830242403487e-01,3.029141387939453089e+00,1.325006103515625200e-01,8.939999999999999503e+00,0.000000000000000000e+00
3.581360967052706346e-01,3.127968749999999964e+00,1.325006103515625200e-01,8.939999999999999503e+00,3.750000000000000000e+05
3.686972549033718516e-01,1.324987030029297075e-01,1.057894655227661218e+01,8.939999999999999503e+00,0.000000000000000000e+00
3.687476508969952937e-01,2.145375823974609575e-01,1.063750120162963952e+01,8.939999999999999503e+00,3.750000000000000000e+05
3.793680067629768837e-01,3.226798019409179652e+00,1.325006103515625200e-01,8.939999999999999503e+00,0.000000000000000000e+00
3.794174213976814758e-01,3.325627288818359339e+00,1.325006103515625200e-01,8.939999999999999503e+00,3.750000000000000000e+05
3.900377772636630658e-01,3.133668518066406450e-01,1.063750120162963952e+01,8.939999999999999503e+00,0.000000000000000000e+00
3.900871909446933516e-01,4.121942138671875200e-01,1.063750120162963952e+01,8.939999999999999503e+00,3.750000000000000000e+05
4.007075468106749416e-01,3.424454650878906214e+00,1.325006103515625200e-01,8.939999999999999503e+00,0.000000000000000000e+00
4.007569614453795337e-01,3.523283920288085902e+00,1.325006103515625200e-01,8.939999999999999503e+00,3.750000000000000000e+05
4.113773173113611237e-01,5.110234832763671520e-01,1.063750120162963952e+01,8.939999999999999503e+00,0.000000000000000000e+00
4.114267309923914095e-01,6.098508453369140270e-01,1.063750120162963952e+01,8.939999999999999503e+00,3.750000000000000000e+05
4.220470868583729995e-01,3.622111282348632777e+00,1.325006103515625200e-01,8.939999999999999503e+00,0.000000000000000000e+00
4.220965014930775916e-01,3.720940551757812464e+00,1.325006103515625200e-01,8.939999999999999503e+00,3.750000000000000000e+05
4.327168573590591816e-01,7.086801147460937145e-01,1.063750120162963952e+01,8.939999999999999503e+00,0.000000000000000000e+00
4.327662719937637736e-01,8.075093841552734020e-01,1.063750120162963952e+01,8.939999999999999503e+00,3.750000000000000000e+05
4.433866273488256682e-01,3.819767913818359339e+00,1.325006103515625200e-01,8.939999999999999503e+00,0.000000000000000000e+00
4.434360419835302602e-01,3.918597183227539027e+00,1.325006103515625200e-01,8.939999999999999503e+00,3.750000000000000000e+05
4.540563978495118502e-01,9.063367462158202770e-01,1.063750120162963952e+01,8.939999999999999503e+00,0.000000000000000000e+00
4.541058124842164423e-01,1.005166015624999964e+00,1.063750120162963952e+01,8.939999999999999503e+00,3.750000000000000000e+05
4.647261683501980323e-01,4.017426452636718714e+00,1.325006103515625200e-01,8.939999999999999503e+00,0.000000000000000000e+00
4.647755820312283181e-01,4.116253814697265589e+00,1.325006103515625200e-01,8.939999999999999503e+00,3.750000000000000000e+05
4.753959378972099081e-01,1.103993377685546839e+00,1.063750120162963952e+01,8.939999999999999503e+00,0.000000000000000000e+00
4.754453525319145002e-01,1.202822647094726527e+00,1.063750120162963952e+01,8.939999999999999503e+00,3.750000000000000000e+05
4.860657083978960902e-01,4.215083084106445277e+00,1.325006103515625200e-01,8.939999999999999503e+00,0.000000000000000000e+00
4.861151220789263760e-01,4.313910446166992152e+00,1.325006103515625200e-01,8.939999999999999503e+00,3.750000000000000000e+05
4.967354779449079660e-01,1.301650009155273402e+00,1.063750120162963952e+01,8.939999999999999503e+00,0.000000000000000000e+00
4.967848925796125581e-01,1.400479278564453089e+00,1.063750120162963952e+01,8.939999999999999503e+00,3.750000000000000000e+05
5.074052484455942036e-01,4.412739715576171839e+00,1.325006103515625200e-01,8.939999999999999503e+00,0.000000000000000000e+00
5.074546621266244895e-01,4.511567077636718714e+00,1.325006103515625200e-01,8.939999999999999503e+00,3.750000000000000000e+05
5.180750174816863840e-01,1.499308547973632777e+00,1.063750120162963952e+01,8.939999999999999503e+00,0.000000000000000000e+00
5.181244311627166699e-01,1.598135910034179652e+00,1.063750120162963952e+01,8.939999999999999503e+00,3.750000000000000000e+05
5.287447870286983154e-01,4.610396347045898402e+00,1.325006103515625200e-01,8.939999999999999503e+00,0.000000000000000000e+00
5.287942016634028519e-01,4.709225616455078089e+00,1.325006103515625200e-01,8.939999999999999503e+00,3.750000000000000000e+05
5.394145575293844974e-01,1.696965179443359339e+00,1.063750120162963952e+01,8.939999999999999503e+00,0.000000000000000000e+00
5.394639712104147833e-01,1.795792541503906214e+00,1.063750120162963952e+01,8.939999999999999503e+00,3.750000000000000000e+05
5.500843270763964288e-01,4.808052978515624964e+00,1.325006103515625200e-01,8.939999999999999503e+00,0.000000000000000000e+00
5.501337417111009653e-01,4.906882247924804652e+00,1.325006103515625200e-01,8.939999999999999503e+00,3.750000000000000000e+05
5.607540975770826108e-01,1.894621810913085902e+00,1.063750120162963952e+01,8.939999999999999503e+00,0.000000000000000000e+00
5.608035112581128967e-01,1.993449172973632777e+00,1.063750120162963952e+01,8.939999999999999503e+00,3.750000000000000000e+05
5.714238671240945422e-01,5.005709609985351527e+00,1.325006103515625200e-01,8.939999999999999503e+00,0.000000000000000000e+00
5.714732817587990787e-01,5.104538879394531214e+00,1.325006103515625200e-01,8.939999999999999503e+00,3.750000000000000000e+05
5.820936376247807242e-01,2.092278442382812464e+00,1.063750120162963952e+01,8.939999999999999503e+00,0.000000000000000000e+00
5.821430522594852608e-01,2.191107711791992152e+00,1.063750120162963952e+01,8.939999999999999503e+00,3.750000000000000000e+05
5.927634076145471553e-01,5.203366241455078089e+00,1.325006103515625200e-01,8.939999999999999503e+00,0.000000000000000000e+00
5.928128222492516919e-01,5.302195510864257777e+00,1.325006103515625200e-01,8.939999999999999503e+00,3.750000000000000000e+05
6.034331781152333374e-01,2.289935073852539027e+00,1.063750120162963952e+01,8.939999999999999503e+00,0.000000000000000000e+00
6.034825927499378739e-01,2.388764343261718714e+00,1.063750120162963952e+01,8.939999999999999503e+00,3.750000000000000000e+05
6.141029486159195194e-01,5.401024780273437464e+00,1.325006103515625200e-01,8.939999999999999503e+00,0.000000000000000000e+00
6.141523622969498053e-01,5.499852142333984339e+00,1.325006103515625200e-01,8.939999999999999503e+00,3.750000000000000000e+05
6.247727181629314508e-01,2.487591705322265589e+00,1.063750120162963952e+01,8.939999999999999503e+00,0.000000000000000000e+00
6.248221327976359873e-01,2.586420974731445277e+00,1.063750120162963952e+01,8.939999999999999503e+00,3.750000000000000000e+05
6.354424886636176328e-01,5.598681411743164027e+00,1.325006103515625200e-01,8.939999999999999503e+00,0.000000000000000000e+00
6.354919023446479187e-01,5.697508773803710902e+00,1.325006103515625200e-01,8.939999999999999503e+00,3.750000000000000000e+05
6.461122582106295642e-01,2.685248336791992152e+00,1.063750120162963952e+01,8.939999999999999503e+00,0.000000000000000000e+00
6.461616728453341008e-01,2.784077606201171839e+00,1.063750120162963952e+01,8.939999999999999503e+00,3.750000000000000000e+05
6.567820287113157462e-01,5.796338043212890589e+00,1.325006103515625200e-01,8.939999999999999503e+00,0.000000000000000000e+00
6.568314423923460321e-01,5.895165405273437464e+00,1.325006103515625200e-01,8.939999999999999503e+00,3.750000000000000000e+05
6.674517982583276776e-01,2.882904968261718714e+00,1.063750120162963952e+01,8.939999999999999503e+00,0.000000000000000000e+00
6.675012128930322142e-01,2.981734237670898402e+00,1.063750120162963952e+01,8.939999999999999503e+00,3.750000000000000000e+05
6.781215687590138597e-01,5.993994674682617152e+00,1.325006103515625200e-01,8.939999999999999503e+00,0.000000000000000000e+00
6.781709824400441455e-01,6.092822036743164027e+00,1.325006103515625200e-01,8.939999999999999503e+00,3.750000000000000000e+05
6.887913377951060401e-01,3.080563507080078089e+00,1.063750120162963952e+01,8.939999999999999503e+00,0.000000000000000000e+00
6.888407514761363259e-01,3.179390869140624964e+00,1.063750120162963952e+01,8.939999999999999503e+00,3.750000000000000000e+05
6.994611073421179714e-01,6.191651306152343714e+00,1.325006103515625200e-01,8.939999999999999503e+00,0.000000000000000000e+00
6.995105219768225080e-01,6.290480575561523402e+00,1.325006103515625200e-01,8.939999999999999503e+00,3.750000000000000000e+05
7.101308778428041535e-01,3.278220138549804652e+00,1.063750120162963952e+01,8.939999999999999503e+00,0.000000000000000000e+00
7.101802915238344394e-01,3.377047500610351527e+00,1.063750120162963952e+01,8.939999999999999503e+00,3.750000000000000000e+05
7.208006473898160849e-01,6.389307937622070277e+00,1.325006103515625200e-01,8.939999999999999503e+00,0.000000000000000000e+00
7.208500620245206214e-01,6.488137207031249964e+00,1.325006103515625200e-01,8.939999999999999503e+00,3.750000000000000000e+05
7.314704178905022669e-01,3.475876770019531214e+00,1.063750120162963952e+01,8.939999999999999503e+00,0.000000000000000000e+00
7.315198315715325528e-01,3.574704132080078089e+00,1.063750120162963952e+01,8.939999999999999503e+00,3.750000000000000000e+05
7.421401876929740737e-01,6.586965522766113246e+00,1.325006103515625200e-01,8.939999999999999503e+00,0.000000000000000000e+00
7.421896018508414850e-01,6.685793838500976527e+00,1.325006103515625200e-01,8.939999999999999503e+00,3.750000000000000000e+05
7.528099577168231304e-01,3.673533401489257777e+00,1.063750120162963952e+01,8.939999999999999503e+00,0.000000000000000000e+00
7.528593723515276670e-01,3.772362670898437464e+00,1.063750120162963952e+01,8.939999999999999503e+00,3.750000000000000000e+05
7.634797279620494370e-01,6.784622154235839808e+00,1.325006103515625200e-01,8.939999999999999503e+00,0.000000000000000000e+00
7.635291421199168482e-01,6.883450469970703089e+00,1.325006103515625200e-01,8.939999999999999503e+00,3.750000000000000000e+05
7.741494979858984937e-01,3.871190032958984339e+00,1.063750120162963952e+01,8.939999999999999503e+00,0.000000000000000000e+00
7.741989126206030303e-01,3.970019302368164027e+00,1.063750120162963952e+01,8.939999999999999503e+00,3.750000000000000000e+05
7.848192682311248003e-01,6.982278785705566371e+00,1.325006103515625200e-01,8.939999999999999503e+00,0.000000000000000000e+00
7.848686823889922115e-01,7.081107101440429652e+00,1.325006103515625200e-01,8.939999999999999503e+00,3.750000000000000000e+05
7.954890382549738570e-01,4.068846664428710902e+00,1.063750120162963952e+01,8.939999999999999503e+00,0.000000000000000000e+00
7.955384528896783936e-01,4.167675933837890589e+00,1.063750120162963952e+01,8.939999999999999503e+00,3.750000000000000000e+05
8.061588085002001636e-01,7.179935417175292933e+00,1.325006103515625200e-01,8.939999999999999503e+00,0.000000000000000000e+00
8.062082231349047001e-01,7.278764686584472621e+00,1.325006103515625200e-01,8.939999999999999503e+00,3.750000000000000000e+05
8.168285792563462211e-01,4.266503295898437464e+00,1.063750120162963952e+01,8.939999999999999503e+00,0.000000000000000000e+00
8.168779938910507576e-01,4.365332565307617152e+00,1.063750120162963952e+01,8.939999999999999503e+00,3.750000000000000000e+05
8.274983497570324031e-01,7.377593002319335902e+00,1.325006103515625200e-01,8.939999999999999503e+00,0.000000000000000000e+00
8.275477639148998144e-01,7.476421318054199183e+00,1.325006103515625200e-01,8.939999999999999503e+00,3.750000000000000000e+05
8.381681195254215844e-01,4.464161834716796839e+00,1.063750120162963952e+01,8.939999999999999503e+00,0.000000000000000000e+00
8.382175332064518702e-01,4.562989196777343714e+00,1.063750120162963952e+01,8.939999999999999503e+00,3.750000000000000000e+05
8.488378890724335157e-01,7.575249633789062464e+00,1.325006103515625200e-01,8.939999999999999503e+00,0.000000000000000000e+00
8.488873032303009269e-01,7.674077949523925746e+00,1.325006103515625200e-01,8.939999999999999503e+00,3.750000000000000000e+05
8.595076588408226970e-01,4.661818466186523402e+00,1.063750120162963952e+01,8.939999999999999503e+00,0.000000000000000000e+00
8.595570725218529828e-01,4.760645828247070277e+00,1.063750120162963952e+01,8.939999999999999503e+00,3.750000000000000000e+05
8.701774283878346283e-01,7.772906265258789027e+00,1.325006103515625200e-01,8.939999999999999503e+00,0.000000000000000000e+00
8.702268425457020395e-01,7.871734580993652308e+00,1.325006103515625200e-01,8.939999999999999503e+00,3.750000000000000000e+05
8.808471981562238096e-01,4.859475097656249964e+00,1.063750120162963952e+01,8.939999999999999503e+00,0.000000000000000000e+00
8.808966118372540954e-01,4.958302459716796839e+00,1.063750120162963952e+01,8.939999999999999503e+00,3.750000000000000000e+05
8.915169679586956164e-01,7.970563850402831996e+00,1.325006103515625200e-01,8.939999999999999503e+00,0.000000000000000000e+00
8.915663821165630276e-01,8.069392166137696165e+00,1.325006103515625200e-01,8.939999999999999503e+00,3.750000000000000000e+05
9.021867379825446731e-01,5.057131729125976527e+00,1.063750120162963952e+01,8.939999999999999503e+00,0.000000000000000000e+00
9.022361526172492097e-01,5.155960998535156214e+00,1.063750120162963952e+01,8.939999999999999503e+00,3.750000000000000000e+05
9.128565082277709797e-01,8.168220481872559446e+00,1.325006103515625200e-01,8.939999999999999503e+00,0.000000000000000000e+00
9.129059223856383909e-01,8.267048797607422728e+00,1.325006103515625200e-01,8.939999999999999503e+00,3.750000000000000000e+05
9.235262782516200364e-01,5.254788360595703089e+00,1.063750120162963952e+01,8.939999999999999503e+00,0.000000000000000000e+00
9.235756928863245729e-01,5.353617630004882777e+00,1.063750120162963952e+01,8.939999999999999503e+00,3.750000000000000000e+05
9.341960484968463430e-01,8.365877113342286009e+00,1.325006103515625200e-01,8.939999999999999503e+00,0.000000000000000000e+00
9.342454631315508795e-01,8.464706382751465696e+00,1.325006103515625200e-01,8.939999999999999503e+00,3.750000000000000000e+05
9.448658192529924005e-01,5.452444992065429652e+00,1.063750120162963952e+01,8.939999999999999503e+00,0.000000000000000000e+00
9.449152338876969370e-01,5.551274261474609339e+00,1.063750120162963952e+01,8.939999999999999503e+00,3.750000000000000000e+05
9.555355897536785825e-01,8.563534698486328978e+00,1.325006103515625200e-01,8.939999999999999503e+00,0.000000000000000000e+00
9.555850039115459937e-01,8.662363014221192259e+00,1.325006103515625200e-01,8.939999999999999503e+00,3.750000000000000000e+05
9.662053600329875147e-01,5.650101623535156214e+00,1.063750120162963952e+01,8.939999999999999503e+00,0.000000000000000000e+00
9.662547746676920513e-01,5.748930892944335902e+00,1.063750120162963952e+01,8.939999999999999503e+00,3.750000000000000000e+05
9.768751305336736968e-01,8.761191329956055540e+00,1.325006103515625200e-01,8.939999999999999503e+00,0.000000000000000000e+00
9.769245446915411080e-01,8.860019645690918821e+00,1.325006103515625200e-01,8.939999999999999503e+00,3.750000000000000000e+05
9.875449008129826289e-01,5.847758255004882777e+00,1.063750120162963952e+01,8.939999999999999503e+00,0.000000000000000000e+00
9.875943154476871655e-01,5.946587524414062464e+00,1.063750120162963952e+01,8.939999999999999503e+00,3.750000000000000000e+05
9.982146713136688110e-01,8.958847961425782103e+00,1.325006103515625200e-01,8.939999999999999503e+00,0.000000000000000000e+00
9.982640854715362222e-01,9.057676277160645384e+00,1.325006103515625200e-01,8.939999999999999503e+00,3.750000000000000000e+05
1.008884441082057881e+00,6.045416793823242152e+00,1.063750120162963952e+01,8.939999999999999503e+00,0.000000000000000000e+00
1.008933854763088167e+00,6.144244155883789027e+00,1.063750120162963952e+01,8.939999999999999503e+00,3.750000000000000000e+05
1.019554210629069813e+00,9.156504592895508665e+00,1.325006103515625200e-01,8.939999999999999503e+00,0.000000000000000000e+00
1.019603625263774349e+00,9.255333862304688353e+00,1.325006103515625200e-01,8.939999999999999503e+00,3.750000000000000000e+05
1.030223981129755995e+00,6.243073425292968714e+00,1.063750120162963952e+01,8.939999999999999503e+00,0.000000000000000000e+00
1.030273394810786280e+00,6.341900787353515589e+00,1.063750120162963952e+01,8.939999999999999503e+00,3.750000000000000000e+05
1.040893750932227801e+00,9.354162178039551634e+00,1.325006103515625200e-01,8.939999999999999503e+00,0.000000000000000000e+00
1.040943165090095324e+00,9.452990493774414915e+00,1.325006103515625200e-01,8.939999999999999503e+00,3.750000000000000000e+05
1.051563520956076969e+00,6.440730056762695277e+00,1.063750120162963952e+01,8.939999999999999503e+00,0.000000000000000000e+00
1.051612935113944491e+00,6.539558372497558558e+00,1.063750120162963952e+01,8.939999999999999503e+00,3.750000000000000000e+05
1.062233290979926137e+00,9.551818809509278196e+00,1.325006103515625200e-01,8.939999999999999503e+00,0.000000000000000000e+00
1.062282705137793659e+00,9.650647125244141478e+00,1.325006103515625200e-01,8.939999999999999503e+00,3.750000000000000000e+05
1.072903061003775305e+00,6.638386688232421839e+00,1.063750120162963952e+01,8.939999999999999503e+00,0.000000000000000000e+00
1.072952475161642827e+00,6.737215003967285121e+00,1.063750120162963952e+01,8.939999999999999503e+00,3.750000000000000000e+05
1.083572831027624472e+00,9.749475440979004759e+00,1.325006103515625200e-01,8.939999999999999503e+00,0.000000000000000000e+00
1.083622245185491995e+00,9.848303756713868040e+00,1.325006103515625200e-01,8.939999999999999503e+00,3.750000000000000000e+05
1.094242601051473640e+00,6.836043319702148402e+00,1.063750120162963952e+01,8.939999999999999503e+00,0.000000000000000000e+00
1.094292015209341162e+00,6.934871635437011683e+00,1.063750120162963952e+01,8.939999999999999503e+00,3.750000000000000000e+05
1.104912371330782683e+00,9.947133026123047728e+00,1.325006103515625200e-01,8.939999999999999503e+00,0.000000000000000000e+00
1.104961785488650206e+00,1.004596134185791101e+01,1.325006103515625200e-01,8.939999999999999503e+00,3.750000000000000000e+05
1.115582141354631851e+00,7.033700904846191371e+00,1.063750120162963952e+01,8.939999999999999503e+00,0.000000000000000000e+00
1.115631555512499373e+00,7.132529220581054652e+00,1.063750120162963952e+01,8.939999999999999503e+00,3.750000000000000000e+05
1.126251911378481019e+00,1.014478965759277429e+01,1.325006103515625200e-01,8.939999999999999503e+00,0.000000000000000000e+00
1.126301325536348541e+00,1.024361797332763757e+01,1.325006103515625200e-01,8.939999999999999503e+00,3.750000000000000000e+05
1.136921681402330186e+00,7.231357536315917933e+00,1.063750120162963952e+01,8.939999999999999503e+00,0.000000000000000000e+00
1.136971095560197709e+00,7.330185852050781214e+00,1.063750120162963952e+01,8.939999999999999503e+00,3.750000000000000000e+05
1.147591451426179354e+00,1.034244628906250085e+01,1.325006103515625200e-01,8.939999999999999503e+00,0.000000000000000000e+00
1.147640865584046876e+00,1.044127460479736413e+01,1.325006103515625200e-01,8.939999999999999503e+00,3.750000000000000000e+05
1.158261221450028522e+00,7.429014167785644496e+00,1.063750120162963952e+01,8.939999999999999503e+00,0.000000000000000000e+00
1.158310635607896044e+00,7.527842483520507777e+00,1.063750120162963952e+01,8.939999999999999503e+00,3.750000000000000000e+05
1.168930991473877690e+00,1.054010292053222742e+01,1.325006103515625200e-01,8.939999999999999503e+00,0.000000000000000000e+00
1.168980406108582226e+00,1.063893218994140710e+01,1.325006103515625200e-01,8.939999999999999503e+00,3.750000000000000000e+05
1.179600762230023747e+00,7.626670799255371058e+00,1.063750120162963952e+01,8.939999999999999503e+00,0.000000000000000000e+00
1.179650176864728284e+00,7.725500068664550746e+00,1.063750120162963952e+01,8.939999999999999503e+00,3.750000000000000000e+05
1.190270532730709929e+00,1.073776050567627038e+01,1.325006103515625200e-01,8.939999999999999503e+00,0.000000000000000000e+00
1.190319946888577451e+00,1.083658882141113367e+01,1.325006103515625200e-01,8.939999999999999503e+00,3.750000000000000000e+05
1.200940302754559097e+00,7.824328384399414027e+00,1.063750120162963952e+01,8.939999999999999503e+00,0.000000000000000000e+00
1.200989716912426619e+00,7.923156700134277308e+00,1.063750120162963952e+01,8.939999999999999503e+00,3.750000000000000000e+05
1.211610072778408265e+00,1.093541713714599695e+01,1.325006103515625200e-01,8.939999999999999503e+00,0.000000000000000000e+00
1.211659486936275787e+00,1.103424545288086023e+01,1.325006103515625200e-01,8.939999999999999503e+00,3.750000000000000000e+05
1.222279842802257432e+00,8.021985015869141478e+00,1.063750120162963952e+01,8.939999999999999503e+00,0.000000000000000000e+00
1.222329256960124955e+00,8.120813331604004759e+00,1.063750120162963952e+01,8.939999999999999503e+00,3.750000000000000000e+05
1.232949612826106600e+00,1.113307376861572351e+01,1.325006103515625200e-01,8.939999999999999503e+00,0.000000000000000000e+00
1.232999026983974122e+00,1.123190208435058679e+01,1.325006103515625200e-01,8.939999999999999503e+00,3.750000000000000000e+05
1.243619382594495892e+00,8.219642601013184446e+00,1.063750120162963952e+01,8.939999999999999503e+00,0.000000000000000000e+00
1.243668796752363415e+00,8.318470916748047728e+00,1.063750120162963952e+01,8.939999999999999503e+00,3.750000000000000000e+05
1.254289152362885185e+00,1.133073040008545007e+01,1.325006103515625200e-01,8.939999999999999503e+00,0.000000000000000000e+00
1.254338566997589721e+00,1.142955966949462976e+01,1.325006103515625200e-01,8.939999999999999503e+00,3.750000000000000000e+05
1.264958922863571367e+00,8.417299232482911009e+00,1.063750120162963952e+01,8.939999999999999503e+00,0.000000000000000000e+00
1.265008337021438889e+00,8.516127548217774290e+00,1.063750120162963952e+01,8.939999999999999503e+00,3.750000000000000000e+05
1.275628692887420534e+00,1.152838798522949304e+01,1.325006103515625200e-01,8.939999999999999503e+00,0.000000000000000000e+00
1.275678107045288057e+00,1.162721630096435632e+01,1.325006103515625200e-01,8.939999999999999503e+00,3.750000000000000000e+05
1.286298462911269702e+00,8.614955863952637571e+00,1.063750120162963952e+01,8.939999999999999503e+00,0.000000000000000000e+00
1.286347877069137224e+00,8.713784179687500853e+00,1.063750120162963952e+01,8.939999999999999503e+00,3.750000000000000000e+05
1.296968232935118870e+00,1.172604461669921960e+01,1.325006103515625200e-01,8.939999999999999503e+00,0.000000000000000000e+00
1.297017647092986392e+00,1.182487293243408288e+01,1.325006103515625200e-01,8.939999999999999503e+00,3.750000000000000000e+05
1.307638002958968038e+00,8.812612495422364134e+00,1.063750120162963952e+01,8.939999999999999503e+00,0.000000000000000000e+00
1.307687417116835560e+00,8.911440811157227415e+00,1.063750120162963952e+01,8.939999999999999503e+00,3.750000000000000000e+05
1.318307772982817205e+00,1.192370124816894617e+01,1.325006103515625200e-01,8.939999999999999503e+00,0.000000000000000000e+00
1.318357187140684728e+00,1.202252956390380945e+01,1.325006103515625200e-01,8.939999999999999503e+00,3.750000000000000000e+05
1.328977542751206498e+00,9.010270080566407103e+00,1.063750120162963952e+01,8.939999999999999503e+00,0.000000000000000000e+00
1.329026956909074020e+00,9.109098396301270384e+00,1.063750120162963952e+01,8.939999999999999503e+00,3.750000000000000000e+05
1.339647312775055665e+00,1.212135883331298913e+01,1.325006103515625200e-01,8.939999999999999503e+00,0.000000000000000000e+00
1.339696726932923188e+00,1.222018714904785242e+01,1.325006103515625200e-01,8.939999999999999503e+00,3.750000000000000000e+05
1.350317082798904833e+00,9.207926712036133665e+00,1.063750120162963952e+01,8.939999999999999503e+00,0.000000000000000000e+00
1.350366496956772355e+00,9.306755027770996946e+00,1.063750120162963952e+01,8.939999999999999503e+00,3.750000000000000000e+05
1.360986852822754001e+00,1.231901546478271570e+01,1.325006103515625200e-01,8.939999999999999503e+00,0.000000000000000000e+00
1.361036266980621523e+00,1.241784378051757898e+01,1.325006103515625200e-01,8.939999999999999503e+00,3.750000000000000000e+05
1.371656622846603168e+00,9.405583343505860228e+00,1.063750120162963952e+01,8.939999999999999503e+00,0.000000000000000000e+00
1.371706037004470691e+00,9.504411659240723509e+00,1.063750120162963952e+01,8.939999999999999503e+00,3.750000000000000000e+05
1.382326392870452336e+00,1.251667209625244226e+01,1.325006103515625200e-01,8.939999999999999503e+00,0.000000000000000000e+00
1.382375807028319858e+00,1.261550041198730554e+01,1.325006103515625200e-01,8.939999999999999503e+00,3.750000000000000000e+05
1.392996162894301504e+00,9.603239974975586790e+00,1.063750120162963952e+01,8.939999999999999503e+00,0.000000000000000000e+00
1.393045577529006041e+00,9.702069244384766478e+00,1.063750120162963952e+01,8.939999999999999503e+00,3.750000000000000000e+05
1.403665933139527811e+00,1.271432872772216882e+01,1.325006103515625200e-01,8.939999999999999503e+00,0.000000000000000000e+00
1.403715347774232347e+00,1.281315799713134851e+01,1.325006103515625200e-01,8.939999999999999503e+00,3.750000000000000000e+05
1.414335703640213993e+00,9.800897560119629759e+00,1.063750120162963952e+01,8.939999999999999503e+00,0.000000000000000000e+00
1.414385117798081515e+00,9.899725875854493040e+00,1.063750120162963952e+01,8.939999999999999503e+00,3.750000000000000000e+05
1.425005473664063160e+00,1.291198631286621179e+01,1.325006103515625200e-01,8.939999999999999503e+00,0.000000000000000000e+00
1.425054887821930683e+00,1.301081462860107507e+01,1.325006103515625200e-01,8.939999999999999503e+00,3.750000000000000000e+05
1.435675243687912328e+00,9.998554191589356321e+00,1.063750120162963952e+01,8.939999999999999503e+00,0.000000000000000000e+00
1.435724657845779850e+00,1.009738250732421960e+01,1.063750120162963952e+01,8.939999999999999503e+00,3.750000000000000000e+05
1.446345013711761496e+00,1.310964294433593835e+01,1.325006103515625200e-01,8.939999999999999503e+00,0.000000000000000000e+00
1.446394427869629018e+00,1.320847126007080163e+01,1.325006103515625200e-01,8.939999999999999503e+00,3.750000000000000000e+05
1.457014783735610663e+00,1.019621082305908288e+01,1.063750120162963952e+01,8.939999999999999503e+00,0.000000000000000000e+00
1.457064197893478186e+00,1.029503913879394617e+01,1.063750120162963952e+01,8.939999999999999503e+00,3.750000000000000000e+05
1.467684553759459831e+00,1.330729957580566492e+01,1.325006103515625200e-01,8.939999999999999503e+00,0.000000000000000000e+00
1.467733967917327353e+00,1.340612789154052820e+01,1.325006103515625200e-01,8.939999999999999503e+00,3.750000000000000000e+05
1.478354323527849123e+00,1.039386840820312585e+01,1.063750120162963952e+01,8.939999999999999503e+00,0.000000000000000000e+00
1.478403737685716646e+00,1.049269672393798913e+01,1.063750120162963952e+01,8.939999999999999503e+00,3.750000000000000000e+05
1.489024093296238416e+00,1.350495620727539148e+01,1.325006103515625200e-01,8.939999999999999503e+00,0.000000000000000000e+00
1.489073507930942952e+00,1.360378547668457117e+01,1.325006103515625200e-01,8.939999999999999503e+00,3.750000000000000000e+05
1.499693863796924598e+00,1.059152503967285242e+01,1.063750120162963952e+01,8.939999999999999503e+00,0.000000000000000000e+00
1.499743277954792120e+00,1.069035335540771570e+01,1.063750120162963952e+01,8.939999999999999503e+00,3.750000000000000000e+05
1.510363633820773765e+00,1.370261379241943445e+01,1.325006103515625200e-01,8.939999999999999503e+00,0.000000000000000000e+00
1.510413047978641288e+00,1.380144210815429773e+01,1.325006103515625200e-01,8.939999999999999503e+00,3.750000000000000000e+05
1.521033403844622933e+00,1.078918167114257898e+01,1.063750120162963952e+01,8.939999999999999503e+00,0.000000000000000000e+00
1.521082818002490455e+00,1.088800998687744226e+01,1.063750120162963952e+01,8.939999999999999503e+00,3.750000000000000000e+05
1.531703173868472101e+00,1.390027042388916101e+01,1.325006103515625200e-01,8.939999999999999503e+00,0.000000000000000000e+00
1.531752588026339623e+00,1.399909873962402429e+01,1.325006103515625200e-01,8.939999999999999503e+00,3.750000000000000000e+05
1.542372943892321269e+00,1.098683830261230554e+01,1.063750120162963952e+01,8.939999999999999503e+00,0.000000000000000000e+00
1.542422358050188791e+00,1.108566661834716882e+01,1.063750120162963952e+01,8.939999999999999503e+00,3.750000000000000000e+05
1.553042713916170436e+00,1.409792705535888757e+01,1.325006103515625200e-01,8.939999999999999503e+00,0.000000000000000000e+00
1.553092128074037959e+00,1.419675537109375085e+01,1.325006103515625200e-01,8.939999999999999503e+00,3.750000000000000000e+05
1.563712483684559729e+00,1.118449588775634851e+01,1.063750120162963952e+01,8.939999999999999503e+00,0.000000000000000000e+00
1.563761897842427251e+00,1.128332420349121179e+01,1.063750120162963952e+01,8.939999999999999503e+00,3.750000000000000000e+05
1.574382253708408896e+00,1.429558464050293054e+01,1.325006103515625200e-01,8.939999999999999503e+00,0.000000000000000000e+00
1.574431667866276419e+00,1.439441295623779382e+01,1.325006103515625200e-01,8.939999999999999503e+00,3.750000000000000000e+05
1.585052023732258064e+00,1.138215251922607507e+01,1.063750120162963952e+01,8.939999999999999503e+00,0.000000000000000000e+00
1.585101437890125586e+00,1.148098083496093835e+01,1.063750120162963952e+01,8.939999999999999503e+00,3.750000000000000000e+05
1.595721793756107232e+00,1.449324127197265710e+01,1.325006103515625200e-01,8.939999999999999503e+00,0.000000000000000000e+00
1.595771207913974754e+00,1.459206958770752038e+01,1.325006103515625200e-01,8.939999999999999503e+00,3.750000000000000000e+05
1.606391563779956400e+00,1.157980915069580163e+01,1.063750120162963952e+01,8.939999999999999503e+00,0.000000000000000000e+00
1.606440977937823922e+00,1.167863746643066492e+01,1.063750120162963952e+01,8.939999999999999503e+00,3.750000000000000000e+05
1.617061333803805567e+00,1.469089790344238367e+01,1.325006103515625200e-01,8.939999999999999503e+00,0.000000000000000000e+00
1.617110747961673090e+00,1.478972621917724695e+01,1.325006103515625200e-01,8.939999999999999503e+00,3.750000000000000000e+05
1.627731103827654735e+00,1.177746578216552820e+01,1.063750120162963952e+01,8.939999999999999503e+00,0.000000000000000000e+00
1.627780518462359272e+00,1.187629505157470788e+01,1.063750120162963952e+01,8.939999999999999503e+00,3.750000000000000000e+05
1.638400874072881042e+00,1.488855453491211023e+01,1.325006103515625200e-01,8.939999999999999503e+00,0.000000000000000000e+00
1.638450288707585578e+00,1.498738380432128992e+01,1.325006103515625200e-01,8.939999999999999503e+00,3.750000000000000000e+05
1.649070644573567224e+00,1.197512336730957117e+01,1.063750120162963952e+01,8.939999999999999503e+00,0.000000000000000000e+00
1.649120058731434746e+00,1.207395168304443445e+01,1.063750120162963952e+01,8.939999999999999503e+00,3.750000000000000000e+05
1.659740414597416391e+00,1.508621212005615320e+01,1.325006103515625200e-01,8.939999999999999503e+00,0.000000000000000000e+00
1.659789828755283914e+00,1.518504043579101648e+01,1.325006103515625200e-01,8.939999999999999503e+00,3.750000000000000000e+05
1.670410184621265559e+00,1.217277999877929773e+01,1.063750120162963952e+01,8.939999999999999503e+00,0.000000000000000000e+00
1.670459598779133081e+00,1.227160831451416101e+01,1.063750120162963952e+01,8.939999999999999503e+00,3.750000000000000000e+05
1.681079954645114727e+00,1.528386875152587976e+01,1.325006103515625200e-01,8.939999999999999503e+00,0.000000000000000000e+00
1.681129368802982249e+00,1.538269706726074304e+01,1.325006103515625200e-01,8.939999999999999503e+00,3.750000000000000000e+05
1.691749724668963895e+00,1.237043663024902429e+01,1.063750120162963952e+01,8.939999999999999503e+00,0.000000000000000000e+00
1.691799138826831417e+00,1.246926494598388757e+01,1.063750120162963952e+01,8.939999999999999503e+00,3.750000000000000000e+05
1.702419494692813062e+00,1.548152538299560632e+01,1.325006103515625200e-01,8.939999999999999503e+00,0.000000000000000000e+00
1.702468908850680585e+00,1.558035369873046960e+01,1.325006103515625200e-01,8.939999999999999503e+00,3.750000000000000000e+05
1.713089264461202355e+00,1.256809421539306726e+01,1.063750120162963952e+01,8.939999999999999503e+00,0.000000000000000000e+00
1.713138678619069877e+00,1.266692253112793054e+01,1.063750120162963952e+01,8.939999999999999503e+00,3.750000000000000000e+05
1.723759034485051522e+00,1.567918296813964929e+01,1.325006103515625200e-01,8.939999999999999503e+00,0.000000000000000000e+00
1.723808448642919045e+00,1.577801128387451257e+01,1.325006103515625200e-01,8.939999999999999503e+00,3.750000000000000000e+05
1.734428804508900690e+00,1.276575084686279382e+01,1.063750120162963952e+01,8.939999999999999503e+00,0.000000000000000000e+00
1.734478218666768212e+00,1.286457916259765710e+01,1.063750120162963952e+01,8.939999999999999503e+00,3.750000000000000000e+05
1.745098574532749858e+00,1.587683959960937585e+01,1.325006103515625200e-01,8.939999999999999503e+00,0.000000000000000000e+00
1.745147988690617380e+00,1.597566791534423913e+01,1.325006103515625200e-01,8.939999999999999503e+00,3.750000000000000000e+05
1.755768344556599025e+00,1.296340747833252038e+01,1.063750120162963952e+01,8.939999999999999503e+00,0.000000000000000000e+00
1.755817758714466548e+00,1.306223579406738367e+01,1.063750120162963952e+01,8.939999999999999503e+00,3.750000000000000000e+05
1.766438114580448193e+00,1.607449623107910242e+01,1.325006103515625200e-01,8.939999999999999503e+00,0.000000000000000000e+00
1.766487528738315715e+00,1.617332454681396570e+01,1.325006103515625200e-01,8.939999999999999503e+00,3.750000000000000000e+05
1.777107884604297361e+00,1.316106410980224695e+01,1.063750120162963952e+01,8.939999999999999503e+00,0.000000000000000000e+00
1.777157299239001897e+00,1.325989337921142663e+01,1.063750120162963952e+01,8.939999999999999503e+00,3.750000000000000000e+05
1.787777655104983543e+00,1.627215381622314538e+01,1.325006103515625200e-01,8.939999999999999503e+00,0.000000000000000000e+00
1.787827068786013829e+00,1.637098117828369226e+01,1.325006103515625200e-01,8.939999999999999503e+00,3.750000000000000000e+05
1.798447424396535599e+00,1.335872169494628992e+01,1.063750120162963952e+01,8.939999999999999503e+00,0.000000000000000000e+00
1.798496838554403121e+00,1.345755001068115320e+01,1.063750120162963952e+01,8.939999999999999503e+00,3.750000000000000000e+05
1.809117194420384767e+00,1.646981044769287195e+01,1.325006103515625200e-01,8.939999999999999503e+00,0.000000000000000000e+00
1.809166608101415052e+00,1.656863780975341882e+01,1.325006103515625200e-01,8.939999999999999503e+00,3.750000000000000000e+05
1.819786963711936822e+00,1.355637832641601648e+01,1.063750120162963952e+01,8.939999999999999503e+00,0.000000000000000000e+00
1.819836377869804345e+00,1.365520664215087976e+01,1.063750120162963952e+01,8.939999999999999503e+00,3.750000000000000000e+05
1.830456733735785990e+00,1.666746707916259851e+01,1.325006103515625200e-01,8.939999999999999503e+00,0.000000000000000000e+00
1.830506148370490527e+00,1.676629634857177820e+01,1.325006103515625200e-01,8.939999999999999503e+00,3.750000000000000000e+05
1.841126504491932048e+00,1.375403495788574304e+01,1.063750120162963952e+01,8.939999999999999503e+00,0.000000000000000000e+00
1.841175918649799570e+00,1.385286327362060632e+01,1.063750120162963952e+01,8.939999999999999503e+00,3.750000000000000000e+05
1.851796274515781215e+00,1.686512371063232507e+01,1.325006103515625200e-01,8.939999999999999503e+00,0.000000000000000000e+00
1.851845689150485752e+00,1.696395298004150476e+01,1.325006103515625200e-01,8.939999999999999503e+00,3.750000000000000000e+05
1.862466045271927273e+00,1.395169158935546960e+01,1.063750120162963952e+01,8.939999999999999503e+00,0.000000000000000000e+00
1.862515459906631810e+00,1.405052085876464929e+01,1.063750120162963952e+01,8.939999999999999503e+00,3.750000000000000000e+05
1.873135815517153580e+00,1.706278034210205163e+01,1.325006103515625200e-01,8.939999999999999503e+00,0.000000000000000000e+00
1.873185230151858116e+00,1.716160961151123132e+01,1.325006103515625200e-01,8.939999999999999503e+00,3.750000000000000000e+05
1.883805586017839762e+00,1.414934917449951257e+01,1.063750120162963952e+01,8.939999999999999503e+00,0.000000000000000000e+00
1.883855000175707284e+00,1.424817749023437585e+01,1.063750120162963952e+01,8.939999999999999503e+00,3.750000000000000000e+05
1.894475355786229054e+00,1.726043697357177820e+01,1.325006103515625200e-01,8.939999999999999503e+00,0.000000000000000000e+00
1.894524770420933590e+00,1.735926624298095788e+01,1.325006103515625200e-01,8.939999999999999503e+00,3.750000000000000000e+05
1.905145126286915236e+00,1.434700580596923913e+01,1.063750120162963952e+01,8.939999999999999503e+00,0.000000000000000000e+00
1.905194540444782758e+00,1.444583412170410242e+01,1.063750120162963952e+01,8.939999999999999503e+00,3.750000000000000000e+05
1.915814896055304528e+00,1.745809360504150476e+01,1.325006103515625200e-01,8.939999999999999503e+00,0.000000000000000000e+00
1.915864310690009065e+00,1.755692287445068445e+01,1.325006103515625200e-01,8.939999999999999503e+00,3.750000000000000000e+05
1.926484666555990710e+00,1.454466243743896570e+01,1.063750120162963952e+01,8.939999999999999503e+00,0.000000000000000000e+00
1.926534080713858232e+00,1.464349075317382898e+01,1.063750120162963952e+01,8.939999999999999503e+00,3.750000000000000000e+05
1.937154436835299753e+00,1.765575214385986413e+01,1.325006103515625200e-01,8.939999999999999503e+00,0.000000000000000000e+00
1.937203850516330039e+00,1.775457950592041101e+01,1.325006103515625200e-01,8.939999999999999503e+00,3.750000000000000000e+05
1.947824206126851809e+00,1.474232002258300867e+01,1.063750120162963952e+01,8.939999999999999503e+00,0.000000000000000000e+00
1.947873620284719332e+00,1.484114833831787195e+01,1.063750120162963952e+01,8.939999999999999503e+00,3.750000000000000000e+05
1.958493976150700977e+00,1.785340877532959070e+01,1.325006103515625200e-01,8.939999999999999503e+00,0.000000000000000000e+00
1.958543389831731263e+00,1.795223613739013757e+01,1.325006103515625200e-01,8.939999999999999503e+00,3.750000000000000000e+05
1.969163745442253033e+00,1.493997665405273523e+01,1.063750120162963952e+01,8.939999999999999503e+00,0.000000000000000000e+00
1.969213159600120555e+00,1.503880496978759851e+01,1.063750120162963952e+01,8.939999999999999503e+00,3.750000000000000000e+05
1.979833515466102201e+00,1.805106540679931726e+01,1.325006103515625200e-01,8.939999999999999503e+00,0.000000000000000000e+00
1.979882929147132486e+00,1.814989276885986413e+01,1.325006103515625200e-01,8.939999999999999503e+00,3.750000000000000000e+05
1.990503284757654257e+00,1.513763328552246179e+01,1.063750120162963952e+01,8.939999999999999503e+00,0.000000000000000000e+00
1.990552698915521779e+00,1.523646160125732507e+01,1.063750120162963952e+01,8.939999999999999503e+00,3.750000000000000000e+05
2.001173054781503424e+00,1.824872203826904382e+01,1.325006103515625200e-01,8.939999999999999503e+00,0.000000000000000000e+00
2.001222469416207961e+00,1.834755130767822351e+01,1.325006103515625200e-01,8.939999999999999503e+00,3.750000000000000000e+05
2.011842825537649482e+00,1.533528991699218835e+01,1.063750120162963952e+01,8.939999999999999503e+00,0.000000000000000000e+00
2.011892240172354018e+00,1.543411918640136804e+01,1.063750120162963952e+01,8.939999999999999503e+00,3.750000000000000000e+05
2.022512595782875788e+00,1.844637866973877038e+01,1.325006103515625200e-01,8.939999999999999503e+00,0.000000000000000000e+00
2.022562010298371238e+00,1.854520770072937097e+01,1.325006103515625200e-01,8.939999999999999503e+00,3.750000000000000000e+05
2.033182366100487748e+00,1.553294750213623132e+01,1.063750120162963952e+01,8.939999999999999503e+00,0.000000000000000000e+00
2.033231780258355048e+00,1.563177581787109460e+01,1.063750120162963952e+01,8.939999999999999503e+00,3.750000000000000000e+05
2.043852135805011905e+00,1.864403506278991784e+01,1.325006103515625200e-01,8.939999999999999503e+00,0.000000000000000000e+00
2.043901550439716441e+00,1.874286433219909753e+01,1.325006103515625200e-01,8.939999999999999503e+00,3.750000000000000000e+05
2.054521906241832951e+00,1.573060413360595788e+01,1.063750120162963952e+01,8.939999999999999503e+00,0.000000000000000000e+00
2.054571320399700252e+00,1.582943244934082117e+01,1.063750120162963952e+01,8.939999999999999503e+00,3.750000000000000000e+05
2.065191675946357108e+00,1.884169169425964441e+01,1.325006103515625200e-01,8.939999999999999503e+00,0.000000000000000000e+00
2.065241090581061645e+00,1.894052096366882409e+01,1.325006103515625200e-01,8.939999999999999503e+00,3.750000000000000000e+05
2.075861446383178155e+00,1.592826076507568445e+01,1.063750120162963952e+01,8.939999999999999503e+00,0.000000000000000000e+00
2.075910860541045455e+00,1.602708908081054773e+01,1.063750120162963952e+01,8.939999999999999503e+00,3.750000000000000000e+05
2.086531216598622063e+00,1.903935023307800378e+01,1.325006103515625200e-01,8.939999999999999503e+00,0.000000000000000000e+00
2.086580630279652127e+00,1.913817759513855066e+01,1.325006103515625200e-01,8.939999999999999503e+00,3.750000000000000000e+05
2.097200986081768637e+00,1.612591739654541101e+01,1.063750120162963952e+01,8.939999999999999503e+00,0.000000000000000000e+00
2.097250400716473173e+00,1.622474666595459070e+01,1.063750120162963952e+01,8.939999999999999503e+00,3.750000000000000000e+05
2.107870756518589683e+00,1.923700686454773034e+01,1.325006103515625200e-01,8.939999999999999503e+00,0.000000000000000000e+00
2.107920170199619747e+00,1.933583422660827722e+01,1.325006103515625200e-01,8.939999999999999503e+00,3.750000000000000000e+05
2.118540526001736257e+00,1.632357402801513757e+01,1.063750120162963952e+01,8.939999999999999503e+00,0.000000000000000000e+00
2.118589940636440794e+00,1.642240329742431726e+01,1.063750120162963952e+01,8.939999999999999503e+00,3.750000000000000000e+05
2.129210296438557304e+00,1.943466349601745691e+01,1.325006103515625200e-01,8.939999999999999503e+00,0.000000000000000000e+00
2.129259710119587368e+00,1.953349085807800378e+01,1.325006103515625200e-01,8.939999999999999503e+00,3.750000000000000000e+05
2.139880065410784127e+00,1.652123256683349695e+01,1.063750120162963952e+01,8.939999999999999503e+00,0.000000000000000000e+00
2.139929479091814191e+00,1.662005992889404382e+01,1.063750120162963952e+01,8.939999999999999503e+00,3.750000000000000000e+05
2.150549834893930701e+00,1.963232012748718347e+01,1.325006103515625200e-01,8.939999999999999503e+00,0.000000000000000000e+00
2.150599249528635237e+00,1.973114939689636316e+01,1.325006103515625200e-01,8.939999999999999503e+00,3.750000000000000000e+05
2.161219605330751747e+00,1.671888919830322351e+01,1.063750120162963952e+01,8.939999999999999503e+00,0.000000000000000000e+00
2.161269019011781811e+00,1.681771656036377038e+01,1.063750120162963952e+01,8.939999999999999503e+00,3.750000000000000000e+05
2.171889374813898321e+00,1.982997675895691003e+01,1.325006103515625200e-01,8.939999999999999503e+00,0.000000000000000000e+00
2.171938789448602858e+00,1.992880602836608972e+01,1.325006103515625200e-01,8.939999999999999503e+00,3.750000000000000000e+05
2.182559145250719368e+00,1.691654582977295007e+01,1.063750120162963952e+01,8.939999999999999503e+00,0.000000000000000000e+00
2.182608558931749432e+00,1.701537319183349695e+01,1.063750120162963952e+01,8.939999999999999503e+00,3.750000000000000000e+05
2.193228914733865942e+00,2.002763339042663659e+01,1.325006103515625200e-01,8.939999999999999503e+00,0.000000000000000000e+00
2.193278329368570478e+00,2.012646265983581628e+01,1.325006103515625200e-01,8.939999999999999503e+00,3.750000000000000000e+05
2.203898685170686988e+00,1.711420246124267663e+01,1.063750120162963952e+01,8.939999999999999503e+00,0.000000000000000000e+00
2.203948098851717052e+00,1.721302982330322351e+01,1.063750120162963952e+01,8.939999999999999503e+00,3.750000000000000000e+05
2.214568454653833562e+00,2.022529002189636316e+01,1.325006103515625200e-01,8.939999999999999503e+00,0.000000000000000000e+00
2.214617869288538099e+00,2.032411929130554284e+01,1.325006103515625200e-01,8.939999999999999503e+00,3.750000000000000000e+05
2.225238225090654609e+00,1.731185909271240320e+01,1.063750120162963952e+01,8.939999999999999503e+00,0.000000000000000000e+00
2.225287639725359146e+00,1.741068836212158288e+01,1.063750120162963952e+01,8.939999999999999503e+00,3.750000000000000000e+05
2.235907995527475656e+00,2.042294856071472253e+01,1.325006103515625200e-01,8.939999999999999503e+00,0.000000000000000000e+00
2.235957409208505720e+00,2.052177592277526941e+01,1.325006103515625200e-01,8.939999999999999503e+00,3.750000000000000000e+05
2.246577765010622230e+00,1.750951572418212976e+01,1.063750120162963952e+01,8.939999999999999503e+00,0.000000000000000000e+00
2.246627179645326766e+00,1.760834499359130945e+01,1.063750120162963952e+01,8.939999999999999503e+00,3.750000000000000000e+05
2.257247535447443276e+00,2.062060519218444909e+01,1.325006103515625200e-01,8.939999999999999503e+00,0.000000000000000000e+00
2.257296949128473340e+00,2.071943255424499597e+01,1.325006103515625200e-01,8.939999999999999503e+00,3.750000000000000000e+05
2.267917304930589850e+00,1.770717235565185632e+01,1.063750120162963952e+01,8.939999999999999503e+00,0.000000000000000000e+00
2.267966719565294387e+00,1.780600162506103601e+01,1.063750120162963952e+01,8.939999999999999503e+00,3.750000000000000000e+05
2.278587075367410897e+00,2.081826182365417566e+01,1.325006103515625200e-01,8.939999999999999503e+00,0.000000000000000000e+00
2.278636489048440961e+00,2.091708918571472253e+01,1.325006103515625200e-01,8.939999999999999503e+00,3.750000000000000000e+05
2.289256844850557471e+00,1.790482898712158288e+01,1.063750120162963952e+01,8.939999999999999503e+00,0.000000000000000000e+00
2.289306259485262007e+00,1.800365825653076257e+01,1.063750120162963952e+01,8.939999999999999503e+00,3.750000000000000000e+05
2.299926615287378517e+00,2.101591845512390222e+01,1.325006103515625200e-01,8.939999999999999503e+00,0.000000000000000000e+00
2.299976029922083054e+00,2.111474772453308191e+01,1.325006103515625200e-01,8.939999999999999503e+00,3.750000000000000000e+05
2.310596385724199564e+00,1.810248752593994226e+01,1.063750120162963952e+01,8.939999999999999503e+00,0.000000000000000000e+00
2.310645799405229628e+00,1.820131488800048913e+01,1.063750120162963952e+01,8.939999999999999503e+00,3.750000000000000000e+05
2.321266155207346138e+00,2.121357508659362878e+01,1.325006103515625200e-01,8.939999999999999503e+00,0.000000000000000000e+00
2.321315569842050675e+00,2.131240435600280847e+01,1.325006103515625200e-01,8.939999999999999503e+00,3.750000000000000000e+05
2.331935925644167185e+00,1.830014415740966882e+01,1.063750120162963952e+01,8.939999999999999503e+00,0.000000000000000000e+00
2.331985339325197248e+00,1.839897151947021570e+01,1.063750120162963952e+01,8.939999999999999503e+00,3.750000000000000000e+05
2.342605695127313759e+00,2.141123171806335534e+01,1.325006103515625200e-01,8.939999999999999503e+00,0.000000000000000000e+00
2.342655109762018295e+00,2.151006098747253503e+01,1.325006103515625200e-01,8.939999999999999503e+00,3.750000000000000000e+05
2.353275465627999719e+00,1.849780055046081628e+01,1.063750120162963952e+01,8.939999999999999503e+00,0.000000000000000000e+00
2.353324879309029782e+00,1.859662791252136316e+01,1.063750120162963952e+01,8.939999999999999503e+00,3.750000000000000000e+05
2.363945235175011206e+00,2.160888834953308191e+01,1.325006103515625200e-01,8.939999999999999503e+00,0.000000000000000000e+00
2.363994649809715742e+00,2.170771761894226159e+01,1.325006103515625200e-01,8.939999999999999503e+00,3.750000000000000000e+05
2.374615005675697166e+00,1.869545718193054284e+01,1.063750120162963952e+01,8.939999999999999503e+00,0.000000000000000000e+00
2.374664420310401702e+00,1.879428645133972253e+01,1.063750120162963952e+01,8.939999999999999503e+00,3.750000000000000000e+05
2.385284776176383126e+00,2.180654688835144128e+01,1.325006103515625200e-01,8.939999999999999503e+00,0.000000000000000000e+00
2.385334189857413190e+00,2.190537425041198816e+01,1.325006103515625200e-01,8.939999999999999503e+00,3.750000000000000000e+05
2.395954545723394613e+00,1.889311381340026941e+01,1.063750120162963952e+01,8.939999999999999503e+00,0.000000000000000000e+00
2.396003960358099150e+00,1.899194308280944909e+01,1.063750120162963952e+01,8.939999999999999503e+00,3.750000000000000000e+05
2.406624316232063965e+00,2.200420354962349023e+01,1.325006103515625200e-01,8.939999999999999503e+00,0.000000000000000000e+00
2.406673729913094029e+00,2.210303091168403711e+01,1.325006103515625200e-01,8.939999999999999503e+00,3.750000000000000000e+05
2.417294085787058844e+00,1.909077044486999597e+01,1.063750120162963952e+01,8.939999999999999503e+00,0.000000000000000000e+00
2.417343500421763380e+00,1.918959971427917566e+01,1.063750120162963952e+01,8.939999999999999503e+00,3.750000000000000000e+05
2.427963856295728196e+00,2.220186018109321680e+01,1.325006103515625200e-01,8.939999999999999503e+00,0.000000000000000000e+00
2.428013269976758259e+00,2.230068754315376367e+01,1.325006103515625200e-01,8.939999999999999503e+00,3.750000000000000000e+05
2.438633625850723075e+00,1.928842707633972253e+01,1.063750120162963952e+01,8.939999999999999503e+00,0.000000000000000000e+00
2.438683040485427611e+00,1.938725634574890222e+01,1.063750120162963952e+01,8.939999999999999503e+00,3.750000000000000000e+05
2.449303396357396689e+00,2.239951680511236276e+01,1.325006103515625200e-01,8.939999999999999503e+00,0.000000000000000000e+00
2.449352810039358452e+00,2.249834416903555478e+01,1.325006103515625200e-01,8.939999999999999503e+00,3.750000000000000000e+05
2.459973165400906492e+00,1.948608561515808191e+01,1.063750120162963952e+01,8.939999999999999503e+00,0.000000000000000000e+00
2.460022579081936556e+00,1.958491297721862878e+01,1.063750120162963952e+01,8.939999999999999503e+00,3.750000000000000000e+05
2.470642934953905634e+00,2.259717343658208932e+01,1.325006103515625200e-01,8.939999999999999503e+00,0.000000000000000000e+00
2.470692349592335635e+00,2.269600271344184961e+01,1.325006103515625200e-01,8.939999999999999503e+00,3.750000000000000000e+05
2.481312705466300450e+00,1.968374224662780847e+01,1.063750120162963952e+01,8.939999999999999503e+00,0.000000000000000000e+00
2.481362119147330514e+00,1.978256960868835534e+01,1.063750120162963952e+01,8.939999999999999503e+00,3.750000000000000000e+05
2.491982475021295329e+00,2.279483007550239648e+01,1.325006103515625200e-01,8.939999999999999503e+00,0.000000000000000000e+00
2.492031889655999866e+00,2.289365934491157617e+01,1.325006103515625200e-01,8.939999999999999503e+00,3.750000000000000000e+05
2.502652245529964681e+00,1.988139887809753503e+01,1.063750120162963952e+01,8.939999999999999503e+00,0.000000000000000000e+00
2.502701659210994745e+00,1.998022624015808191e+01,1.063750120162963952e+01,8.939999999999999503e+00,3.750000000000000000e+05
2.513322015076976168e+00,2.299248667716980066e+01,1.325006103515625200e-01,8.939999999999999503e+00,0.000000000000000000e+00
2.513371429711680705e+00,2.309131594657898034e+01,1.325006103515625200e-01,8.939999999999999503e+00,3.750000000000000000e+05
2.523991785577662128e+00,2.007905550956726159e+01,1.063750120162963952e+01,8.939999999999999503e+00,0.000000000000000000e+00
2.524041200212366665e+00,2.017788477897644128e+01,1.063750120162963952e+01,8.939999999999999503e+00,3.750000000000000000e+05
2.534661555567428781e+00,2.319014330863952722e+01,1.325006103515625200e-01,8.939999999999999503e+00,0.000000000000000000e+00
2.534710970202133318e+00,2.328897257804870691e+01,1.325006103515625200e-01,8.939999999999999503e+00,3.750000000000000000e+05
2.545331326068114741e+00,2.027671214103698816e+01,1.063750120162963952e+01,8.939999999999999503e+00,0.000000000000000000e+00
2.545380740702819278e+00,2.037554141044616784e+01,1.063750120162963952e+01,8.939999999999999503e+00,3.750000000000000000e+05
2.556001096568800701e+00,2.338780184745788659e+01,1.325006103515625200e-01,8.939999999999999503e+00,0.000000000000000000e+00
2.556050510249830765e+00,2.348662920951843347e+01,1.325006103515625200e-01,8.939999999999999503e+00,3.750000000000000000e+05
2.566670866115812188e+00,2.047436877250671472e+01,1.063750120162963952e+01,8.939999999999999503e+00,0.000000000000000000e+00
2.566720280750516725e+00,2.057319804191589441e+01,1.063750120162963952e+01,8.939999999999999503e+00,3.750000000000000000e+05
2.577340636616498148e+00,2.358545847892761316e+01,1.325006103515625200e-01,8.939999999999999503e+00,0.000000000000000000e+00
2.577390050297528212e+00,2.368428584098816003e+01,1.325006103515625200e-01,8.939999999999999503e+00,3.750000000000000000e+05
2.588010406163509636e+00,2.067202540397644128e+01,1.063750120162963952e+01,8.939999999999999503e+00,0.000000000000000000e+00
2.588059820798214172e+00,2.077085467338562097e+01,1.063750120162963952e+01,8.939999999999999503e+00,3.750000000000000000e+05
2.598680176664195596e+00,2.378311511039733972e+01,1.325006103515625200e-01,8.939999999999999503e+00,0.000000000000000000e+00
2.598729590345225660e+00,2.388194247245788659e+01,1.325006103515625200e-01,8.939999999999999503e+00,3.750000000000000000e+05
2.609349945700287776e+00,2.086968394279480066e+01,1.063750120162963952e+01,8.939999999999999503e+00,0.000000000000000000e+00
2.609399359381317840e+00,2.096851130485534753e+01,1.063750120162963952e+01,8.939999999999999503e+00,3.750000000000000000e+05
2.620019715247299263e+00,2.398077174186706628e+01,1.325006103515625200e-01,8.939999999999999503e+00,0.000000000000000000e+00
2.620069129882003800e+00,2.407960101127624597e+01,1.325006103515625200e-01,8.939999999999999503e+00,3.750000000000000000e+05
2.630689485747985223e+00,2.106734057426452722e+01,1.063750120162963952e+01,8.939999999999999503e+00,0.000000000000000000e+00
2.630738899429015287e+00,2.116616793632507409e+01,1.063750120162963952e+01,8.939999999999999503e+00,3.750000000000000000e+05
2.641359255294996711e+00,2.417842837333679284e+01,1.325006103515625200e-01,8.939999999999999503e+00,0.000000000000000000e+00
2.641408669929701247e+00,2.427725764274597253e+01,1.325006103515625200e-01,8.939999999999999503e+00,3.750000000000000000e+05
2.652029025795682671e+00,2.126499720573425378e+01,1.063750120162963952e+01,8.939999999999999503e+00,0.000000000000000000e+00
2.652078439476712735e+00,2.136382456779480066e+01,1.063750120162963952e+01,8.939999999999999503e+00,3.750000000000000000e+05
2.662698795342694158e+00,2.437608500480651941e+01,1.325006103515625200e-01,8.939999999999999503e+00,0.000000000000000000e+00
2.662748209977398695e+00,2.447491427421569909e+01,1.325006103515625200e-01,8.939999999999999503e+00,3.750000000000000000e+05
2.673368565843380118e+00,2.146265383720398034e+01,1.063750120162963952e+01,8.939999999999999503e+00,0.000000000000000000e+00
2.673417980478084655e+00,2.156148310661316003e+01,1.063750120162963952e+01,8.939999999999999503e+00,3.750000000000000000e+05
2.684038335833146771e+00,2.457374163627624597e+01,1.325006103515625200e-01,8.939999999999999503e+00,0.000000000000000000e+00
2.684087750467851308e+00,2.467257090568542566e+01,1.325006103515625200e-01,8.939999999999999503e+00,3.750000000000000000e+05
2.694708106333832731e+00,2.166031046867370691e+01,1.063750120162963952e+01,8.939999999999999503e+00,0.000000000000000000e+00
2.694757520968537268e+00,2.175913973808288659e+01,1.063750120162963952e+01,8.939999999999999503e+00,3.750000000000000000e+05
2.705377876834518691e+00,2.477140017509460534e+01,1.325006103515625200e-01,8.939999999999999503e+00,0.000000000000000000e+00
2.705427290515548755e+00,2.487022753715515222e+01,1.325006103515625200e-01,8.939999999999999503e+00,3.750000000000000000e+05
2.716047646381530178e+00,2.185796710014343347e+01,1.063750120162963952e+01,8.939999999999999503e+00,0.000000000000000000e+00
2.716097061016234715e+00,2.195679636955261316e+01,1.063750120162963952e+01,8.939999999999999503e+00,3.750000000000000000e+05
2.726717416882216138e+00,2.496905680656433191e+01,1.325006103515625200e-01,8.939999999999999503e+00,0.000000000000000000e+00
2.726766830563246202e+00,2.506788416862487878e+01,1.325006103515625200e-01,8.939999999999999503e+00,3.750000000000000000e+05
2.737387186421244678e+00,2.205562376141548242e+01,1.063750120162963952e+01,8.939999999999999503e+00,0.000000000000000000e+00
2.737436601055949215e+00,2.215445303082466211e+01,1.063750120162963952e+01,8.939999999999999503e+00,3.750000000000000000e+05
2.748056956913947690e+00,2.516671343803405847e+01,1.325006103515625200e-01,8.939999999999999503e+00,0.000000000000000000e+00
2.748106370594977754e+00,2.526554080009460534e+01,1.325006103515625200e-01,8.939999999999999503e+00,3.750000000000000000e+05
2.758726726452976230e+00,2.225328039288520898e+01,1.063750120162963952e+01,8.939999999999999503e+00,0.000000000000000000e+00
2.758776141087680767e+00,2.235210966229438867e+01,1.063750120162963952e+01,8.939999999999999503e+00,3.750000000000000000e+05
2.769396496945679242e+00,2.536437006950378503e+01,1.325006103515625200e-01,8.939999999999999503e+00,0.000000000000000000e+00
2.769445911580383779e+00,2.546319933891296472e+01,1.325006103515625200e-01,8.939999999999999503e+00,3.750000000000000000e+05
2.780066267440377992e+00,2.245093892425298776e+01,1.063750120162963952e+01,8.939999999999999503e+00,0.000000000000000000e+00
2.780115681121408056e+00,2.254976628631353464e+01,1.063750120162963952e+01,8.939999999999999503e+00,3.750000000000000000e+05
2.790736036981402268e+00,2.556202670097351159e+01,1.325006103515625200e-01,8.939999999999999503e+00,0.000000000000000000e+00
2.790785451616106805e+00,2.566085597038269128e+01,1.325006103515625200e-01,8.939999999999999503e+00,3.750000000000000000e+05
2.801405807474105281e+00,2.264859556317329492e+01,1.063750120162963952e+01,8.939999999999999503e+00,0.000000000000000000e+00
2.801455221155135344e+00,2.274742292523384180e+01,1.063750120162963952e+01,8.939999999999999503e+00,3.750000000000000000e+05
2.812075577013133820e+00,2.575968333244323816e+01,1.325006103515625200e-01,8.939999999999999503e+00,0.000000000000000000e+00
2.812124991647838357e+00,2.585851260185241784e+01,1.325006103515625200e-01,8.939999999999999503e+00,3.750000000000000000e+05
2.822745347505836833e+00,2.284625219464302148e+01,1.063750120162963952e+01,8.939999999999999503e+00,0.000000000000000000e+00
2.822794761186866896e+00,2.294507955670356836e+01,1.063750120162963952e+01,8.939999999999999503e+00,3.750000000000000000e+05
2.833415117044865372e+00,2.595733996391296472e+01,1.325006103515625200e-01,8.939999999999999503e+00,0.000000000000000000e+00
2.833464531679569909e+00,2.605616923332214441e+01,1.325006103515625200e-01,8.939999999999999503e+00,3.750000000000000000e+05
2.844084887545551332e+00,2.304390879631042566e+01,1.063750120162963952e+01,8.939999999999999503e+00,0.000000000000000000e+00
2.844134302180255869e+00,2.314273806571960534e+01,1.063750120162963952e+01,8.939999999999999503e+00,3.750000000000000000e+05
2.854754658046237292e+00,2.615499850273132409e+01,1.325006103515625200e-01,8.939999999999999503e+00,0.000000000000000000e+00
2.854804071727267356e+00,2.625382586479187097e+01,1.325006103515625200e-01,8.939999999999999503e+00,3.750000000000000000e+05
2.865424427593248780e+00,2.324156542778015222e+01,1.063750120162963952e+01,8.939999999999999503e+00,0.000000000000000000e+00
2.865473842227953316e+00,2.334039469718933191e+01,1.063750120162963952e+01,8.939999999999999503e+00,3.750000000000000000e+05
2.876094198093934740e+00,2.635265513420105066e+01,1.325006103515625200e-01,8.939999999999999503e+00,0.000000000000000000e+00
2.876143611774964803e+00,2.645148249626159753e+01,1.325006103515625200e-01,8.939999999999999503e+00,3.750000000000000000e+05
2.886763967640946227e+00,2.343922205924987878e+01,1.063750120162963952e+01,8.939999999999999503e+00,0.000000000000000000e+00
2.886813382275650763e+00,2.353805132865905847e+01,1.063750120162963952e+01,8.939999999999999503e+00,3.750000000000000000e+05
2.897433738205497544e+00,2.655031200408935632e+01,1.325006103515625200e-01,8.939999999999999503e+00,0.000000000000000000e+00
2.897483151886527608e+00,2.664913936614990320e+01,1.325006103515625200e-01,8.939999999999999503e+00,3.750000000000000000e+05
2.908103507816374389e+00,2.363687869071960534e+01,1.063750120162963952e+01,8.939999999999999503e+00,0.000000000000000000e+00
2.908152922451078926e+00,2.373570796012878503e+01,1.063750120162963952e+01,8.939999999999999503e+00,3.750000000000000000e+05
2.918773278380925706e+00,2.674796863555908288e+01,1.325006103515625200e-01,8.939999999999999503e+00,0.000000000000000000e+00
2.918822692061955770e+00,2.684679599761962976e+01,1.325006103515625200e-01,8.939999999999999503e+00,3.750000000000000000e+05
2.929443047480882800e+00,2.383453722953796472e+01,1.063750120162963952e+01,8.939999999999999503e+00,0.000000000000000000e+00
2.929492461161912864e+00,2.393336459159851159e+01,1.063750120162963952e+01,8.939999999999999503e+00,3.750000000000000000e+05
2.940112817091759645e+00,2.694562526702880945e+01,1.325006103515625200e-01,8.939999999999999503e+00,0.000000000000000000e+00
2.940162231726464181e+00,2.704445453643798913e+01,1.325006103515625200e-01,8.939999999999999503e+00,3.750000000000000000e+05
2.950782587656310962e+00,2.403219386100769128e+01,1.063750120162963952e+01,8.939999999999999503e+00,0.000000000000000000e+00
2.950832001337341026e+00,2.413102122306823816e+01,1.063750120162963952e+01,8.939999999999999503e+00,3.750000000000000000e+05
2.961452357267187807e+00,2.714328189849853601e+01,1.325006103515625200e-01,8.939999999999999503e+00,0.000000000000000000e+00
2.961501771901892344e+00,2.724211116790771570e+01,1.325006103515625200e-01,8.939999999999999503e+00,3.750000000000000000e+05
2.972122127831739125e+00,2.422985049247741784e+01,1.063750120162963952e+01,8.939999999999999503e+00,0.000000000000000000e+00
2.972171541512769188e+00,2.432867785453796472e+01,1.063750120162963952e+01,8.939999999999999503e+00,3.750000000000000000e+05
2.982791897442615969e+00,2.734093852996826257e+01,1.325006103515625200e-01,8.939999999999999503e+00,0.000000000000000000e+00
2.982841312077320506e+00,2.743976779937744226e+01,1.325006103515625200e-01,8.939999999999999503e+00,3.750000000000000000e+05
2.993461668007167287e+00,2.442750712394714441e+01,1.063750120162963952e+01,8.939999999999999503e+00,0.000000000000000000e+00
2.993511082641871823e+00,2.452633639335632409e+01,1.063750120162963952e+01,8.939999999999999503e+00,3.750000000000000000e+05
3.004131438060798853e+00,2.753859516143798913e+01,1.325006103515625200e-01,8.939999999999999503e+00,0.000000000000000000e+00
3.004180852695503390e+00,2.763742443084716882e+01,1.325006103515625200e-01,8.939999999999999503e+00,3.750000000000000000e+05
3.014801208625350171e+00,2.462516375541687097e+01,1.063750120162963952e+01,8.939999999999999503e+00,0.000000000000000000e+00
3.014850623260054707e+00,2.472399302482605066e+01,1.063750120162963952e+01,8.939999999999999503e+00,3.750000000000000000e+05
3.025470979189901488e+00,2.773625370025634851e+01,1.325006103515625200e-01,8.939999999999999503e+00,0.000000000000000000e+00
3.025520392870931552e+00,2.783508106231689538e+01,1.325006103515625200e-01,8.939999999999999503e+00,3.750000000000000000e+05
3.036140748800778333e+00,2.482282038688659753e+01,1.063750120162963952e+01,8.939999999999999503e+00,0.000000000000000000e+00
3.036190163435482869e+00,2.492164965629577722e+01,1.063750120162963952e+01,8.939999999999999503e+00,3.750000000000000000e+05
3.046810519365329650e+00,2.793391033172607507e+01,1.325006103515625200e-01,8.939999999999999503e+00,0.000000000000000000e+00
3.046859933046359714e+00,2.803273769378662195e+01,1.325006103515625200e-01,8.939999999999999503e+00,3.750000000000000000e+05
3.057480288976206495e+00,2.502047701835632409e+01,1.063750120162963952e+01,8.939999999999999503e+00,0.000000000000000000e+00
3.057529703610911032e+00,2.511930628776550378e+01,1.063750120162963952e+01,8.939999999999999503e+00,3.750000000000000000e+05
3.068150059540757812e+00,2.813156696319580163e+01,1.325006103515625200e-01,8.939999999999999503e+00,0.000000000000000000e+00
3.068199473221787876e+00,2.823039432525634851e+01,1.325006103515625200e-01,8.939999999999999503e+00,3.750000000000000000e+05
3.078819828640714906e+00,2.521813555717468347e+01,1.063750120162963952e+01,8.939999999999999503e+00,0.000000000000000000e+00
3.078869242321744970e+00,2.531696291923523034e+01,1.063750120162963952e+01,8.939999999999999503e+00,3.750000000000000000e+05
3.089489598251591751e+00,2.832922359466552820e+01,1.325006103515625200e-01,8.939999999999999503e+00,0.000000000000000000e+00
3.089539012886296288e+00,2.842805286407470788e+01,1.325006103515625200e-01,8.939999999999999503e+00,3.750000000000000000e+05
3.100159368816143068e+00,2.541579218864441003e+01,1.063750120162963952e+01,8.939999999999999503e+00,0.000000000000000000e+00
3.100208782497173132e+00,2.551461955070495691e+01,1.063750120162963952e+01,8.939999999999999503e+00,3.750000000000000000e+05
3.110829138427019913e+00,2.852688022613525476e+01,1.325006103515625200e-01,8.939999999999999503e+00,0.000000000000000000e+00
3.110878553061724450e+00,2.862570949554443445e+01,1.325006103515625200e-01,8.939999999999999503e+00,3.750000000000000000e+05
3.121498908991571231e+00,2.561344882011413659e+01,1.063750120162963952e+01,8.939999999999999503e+00,0.000000000000000000e+00
3.121548322672601294e+00,2.571227618217468347e+01,1.063750120162963952e+01,8.939999999999999503e+00,3.750000000000000000e+05
3.132168678602448075e+00,2.872453685760498132e+01,1.325006103515625200e-01,8.939999999999999503e+00,0.000000000000000000e+00
3.132218093237152612e+00,2.882336612701416101e+01,1.325006103515625200e-01,8.939999999999999503e+00,3.750000000000000000e+05
3.142838449166999393e+00,2.581110545158386316e+01,1.063750120162963952e+01,8.939999999999999503e+00,0.000000000000000000e+00
3.142887863801703929e+00,2.590993472099304284e+01,1.063750120162963952e+01,8.939999999999999503e+00,3.750000000000000000e+05
3.153508219220630959e+00,2.892219348907470788e+01,1.325006103515625200e-01,8.939999999999999503e+00,0.000000000000000000e+00
3.153557633855335496e+00,2.902102275848388757e+01,1.325006103515625200e-01,8.939999999999999503e+00,3.750000000000000000e+05
3.164177989785182277e+00,2.600876208305358972e+01,1.063750120162963952e+01,8.939999999999999503e+00,0.000000000000000000e+00
3.164227404419886813e+00,2.610759135246276941e+01,1.063750120162963952e+01,8.939999999999999503e+00,3.750000000000000000e+05
3.174847760349733594e+00,2.911985202789306726e+01,1.325006103515625200e-01,8.939999999999999503e+00,0.000000000000000000e+00
3.174897174030763658e+00,2.921867938995361413e+01,1.325006103515625200e-01,8.939999999999999503e+00,3.750000000000000000e+05
3.185517529960610439e+00,2.620641871452331628e+01,1.063750120162963952e+01,8.939999999999999503e+00,0.000000000000000000e+00
3.185566944595314975e+00,2.630524798393249597e+01,1.063750120162963952e+01,8.939999999999999503e+00,3.750000000000000000e+05
3.196187300525161756e+00,2.931750865936279382e+01,1.325006103515625200e-01,8.939999999999999503e+00,0.000000000000000000e+00
3.196236714206191820e+00,2.941633602142334070e+01,1.325006103515625200e-01,8.939999999999999503e+00,3.750000000000000000e+05
3.206857070136038601e+00,2.640407534599304284e+01,1.063750120162963952e+01,8.939999999999999503e+00,0.000000000000000000e+00
3.206906484889952669e+00,2.650290485382080163e+01,1.063750120162963952e+01,8.939999999999999503e+00,3.750000000000000000e+05
3.217526840755934092e+00,2.951516529083252038e+01,1.325006103515625200e-01,8.939999999999999503e+00,0.000000000000000000e+00
3.217576254436964156e+00,2.961399265289306726e+01,1.325006103515625200e-01,8.939999999999999503e+00,3.750000000000000000e+05
3.228196610302945579e+00,2.660173221588134851e+01,1.063750120162963952e+01,8.939999999999999503e+00,0.000000000000000000e+00
3.228246024937650116e+00,2.670056148529052820e+01,1.063750120162963952e+01,8.939999999999999503e+00,3.750000000000000000e+05
3.238866380803631539e+00,2.971282192230224695e+01,1.325006103515625200e-01,8.939999999999999503e+00,0.000000000000000000e+00
3.238915795438336076e+00,2.981165119171142663e+01,1.325006103515625200e-01,8.939999999999999503e+00,3.750000000000000000e+05
3.249536151304317499e+00,2.679939075469970788e+01,1.063750120162963952e+01,8.939999999999999503e+00,0.000000000000000000e+00
3.249585564985347563e+00,2.689821811676025476e+01,1.063750120162963952e+01,8.939999999999999503e+00,3.750000000000000000e+05
3.260205920851328987e+00,2.991047855377197351e+01,1.325006103515625200e-01,8.939999999999999503e+00,0.000000000000000000e+00
3.260255335486033523e+00,3.000930782318115320e+01,1.325006103515625200e-01,8.939999999999999503e+00,3.750000000000000000e+05
3.270875691352014947e+00,2.699704738616943445e+01,1.063750120162963952e+01,8.939999999999999503e+00,0.000000000000000000e+00
3.270925105033045011e+00,2.709587474822998132e+01,1.063750120162963952e+01,8.939999999999999503e+00,3.750000000000000000e+05
3.281545460899026434e+00,3.010813518524170007e+01,1.325006103515625200e-01,8.939999999999999503e+00,0.000000000000000000e+00
3.281594875533730971e+00,3.020696445465087976e+01,1.325006103515625200e-01,8.939999999999999503e+00,3.750000000000000000e+05
3.292215231399712394e+00,2.719470401763916101e+01,1.063750120162963952e+01,8.939999999999999503e+00,0.000000000000000000e+00
3.292264645080742458e+00,2.729353137969970788e+01,1.063750120162963952e+01,8.939999999999999503e+00,3.750000000000000000e+05
3.302885000946723881e+00,3.030579181671142663e+01,1.325006103515625200e-01,8.939999999999999503e+00,0.000000000000000000e+00
3.302934415581428418e+00,3.040462108612060632e+01,1.325006103515625200e-01,8.939999999999999503e+00,3.750000000000000000e+05
3.313554771447409841e+00,2.739236064910888757e+01,1.063750120162963952e+01,8.939999999999999503e+00,0.000000000000000000e+00
3.313604186082114378e+00,2.749118991851806726e+01,1.063750120162963952e+01,8.939999999999999503e+00,3.750000000000000000e+05
3.324224541948095801e+00,3.050345035552978601e+01,1.325006103515625200e-01,8.939999999999999503e+00,0.000000000000000000e+00
3.324273955629125865e+00,3.060227771759033288e+01,1.325006103515625200e-01,8.939999999999999503e+00,3.750000000000000000e+05
3.334894311495107289e+00,2.759001728057861413e+01,1.063750120162963952e+01,8.939999999999999503e+00,0.000000000000000000e+00
3.334943726129811825e+00,2.768884654998779382e+01,1.063750120162963952e+01,8.939999999999999503e+00,3.750000000000000000e+05
3.345564081995793249e+00,3.070110698699951257e+01,1.325006103515625200e-01,8.939999999999999503e+00,0.000000000000000000e+00
3.345613495676823312e+00,3.079993434906005945e+01,1.325006103515625200e-01,8.939999999999999503e+00,3.750000000000000000e+05
3.356233851542804736e+00,2.778767391204834070e+01,1.063750120162963952e+01,8.939999999999999503e+00,0.000000000000000000e+00
3.356283266177509272e+00,2.788650318145752038e+01,1.063750120162963952e+01,8.939999999999999503e+00,3.750000000000000000e+05
3.366903622043490696e+00,3.089876361846923913e+01,1.325006103515625200e-01,8.939999999999999503e+00,0.000000000000000000e+00
3.366953035724520760e+00,3.099759098052978601e+01,1.325006103515625200e-01,8.939999999999999503e+00,3.750000000000000000e+05
3.377573391590502183e+00,2.798533054351806726e+01,1.063750120162963952e+01,8.939999999999999503e+00,0.000000000000000000e+00
3.377622806225206720e+00,2.808415981292724695e+01,1.063750120162963952e+01,8.939999999999999503e+00,3.750000000000000000e+05
3.388243162091188143e+00,3.109642024993896570e+01,1.325006103515625200e-01,8.939999999999999503e+00,0.000000000000000000e+00
3.388292576725892680e+00,3.119524951934814538e+01,1.325006103515625200e-01,8.939999999999999503e+00,3.750000000000000000e+05
3.398912932591874103e+00,2.818298908233642663e+01,1.063750120162963952e+01,8.939999999999999503e+00,0.000000000000000000e+00
3.398962346272904167e+00,2.828181644439697351e+01,1.063750120162963952e+01,8.939999999999999503e+00,3.750000000000000000e+05
3.409582702138885590e+00,3.129407688140869226e+01,1.325006103515625200e-01,8.939999999999999503e+00,0.000000000000000000e+00
3.409632116773590127e+00,3.139290615081787195e+01,1.325006103515625200e-01,8.939999999999999503e+00,3.750000000000000000e+05
3.420252472639571550e+00,2.838064571380615320e+01,1.063750120162963952e+01,8.939999999999999503e+00,0.000000000000000000e+00
3.420301886320601614e+00,2.847947307586670007e+01,1.063750120162963952e+01,8.939999999999999503e+00,3.750000000000000000e+05
3.430922242186583038e+00,3.149173351287841882e+01,1.325006103515625200e-01,8.939999999999999503e+00,0.000000000000000000e+00
3.430971656821287574e+00,3.159056278228759851e+01,1.325006103515625200e-01,8.939999999999999503e+00,3.750000000000000000e+05
3.441592012687268998e+00,2.857830234527587976e+01,1.063750120162963952e+01,8.939999999999999503e+00,0.000000000000000000e+00
3.441641426368299062e+00,2.867712970733642663e+01,1.063750120162963952e+01,8.939999999999999503e+00,3.750000000000000000e+05
3.452261782234280485e+00,3.168939014434814538e+01,1.325006103515625200e-01,8.939999999999999503e+00,0.000000000000000000e+00
3.452311196868985022e+00,3.178821941375732507e+01,1.325006103515625200e-01,8.939999999999999503e+00,3.750000000000000000e+05
3.462931552734966445e+00,2.877595897674560632e+01,1.063750120162963952e+01,8.939999999999999503e+00,0.000000000000000000e+00
3.462980967369670982e+00,2.887478824615478601e+01,1.063750120162963952e+01,8.939999999999999503e+00,3.750000000000000000e+05
3.473601322724733098e+00,3.188704677581787195e+01,1.325006103515625200e-01,8.939999999999999503e+00,0.000000000000000000e+00
3.473650737359437635e+00,3.198587604522705163e+01,1.325006103515625200e-01,8.939999999999999503e+00,3.750000000000000000e+05
3.484271093225419058e+00,2.897361560821533288e+01,1.063750120162963952e+01,8.939999999999999503e+00,0.000000000000000000e+00
3.484320507860123595e+00,2.907244487762451257e+01,1.063750120162963952e+01,8.939999999999999503e+00,3.750000000000000000e+05
3.494940863726105018e+00,3.208470531463623132e+01,1.325006103515625200e-01,8.939999999999999503e+00,0.000000000000000000e+00
3.494990277407135082e+00,3.218353267669677820e+01,1.325006103515625200e-01,8.939999999999999503e+00,3.750000000000000000e+05
3.505610633273116505e+00,2.917127223968505945e+01,1.063750120162963952e+01,8.939999999999999503e+00,0.000000000000000000e+00
3.505660047907821042e+00,2.927010150909423913e+01,1.063750120162963952e+01,8.939999999999999503e+00,3.750000000000000000e+05
3.516280403262883159e+00,3.228236003875732507e+01,1.325006103515625200e-01,8.939999999999999503e+00,0.000000000000000000e+00
3.516329818851262168e+00,3.238119121551513757e+01,1.325006103515625200e-01,8.939999999999999503e+00,3.750000000000000000e+05
3.526950175228163786e+00,2.936892887115478601e+01,1.063750120162963952e+01,8.939999999999999503e+00,0.000000000000000000e+00
3.526999589862868323e+00,2.946775814056396570e+01,1.063750120162963952e+01,8.939999999999999503e+00,3.750000000000000000e+05
3.537619945728849746e+00,3.248001857757568445e+01,1.325006103515625200e-01,8.939999999999999503e+00,0.000000000000000000e+00
3.537669359409879810e+00,3.257884593963623132e+01,1.325006103515625200e-01,8.939999999999999503e+00,3.750000000000000000e+05
3.548289714764941927e+00,2.956658740997314538e+01,1.063750120162963952e+01,8.939999999999999503e+00,0.000000000000000000e+00
3.548339128445971991e+00,2.966541477203369226e+01,1.063750120162963952e+01,8.939999999999999503e+00,3.750000000000000000e+05
3.558959484822873609e+00,3.267767711639404382e+01,1.325006103515625200e-01,8.939999999999999503e+00,0.000000000000000000e+00
3.559008898503903673e+00,3.277650447845459070e+01,1.325006103515625200e-01,8.939999999999999503e+00,3.750000000000000000e+05
3.569629254369885096e+00,2.976424404144287195e+01,1.063750120162963952e+01,8.939999999999999503e+00,0.000000000000000000e+00
3.569678668050915160e+00,2.986307140350341882e+01,1.063750120162963952e+01,8.939999999999999503e+00,3.750000000000000000e+05
3.580299023916896584e+00,3.287533184051513757e+01,1.325006103515625200e-01,8.939999999999999503e+00,0.000000000000000000e+00
3.580348437597926647e+00,3.297415920257568445e+01,1.325006103515625200e-01,8.939999999999999503e+00,3.750000000000000000e+05
3.590968792952988764e+00,2.996190067291259851e+01,1.063750120162963952e+01,8.939999999999999503e+00,0.000000000000000000e+00
3.591018206634018828e+00,3.006072803497314538e+01,1.063750120162963952e+01,8.939999999999999503e+00,3.750000000000000000e+05
3.601638563010920446e+00,3.307299037933349695e+01,1.325006103515625200e-01,8.939999999999999503e+00,0.000000000000000000e+00
3.601687976691950510e+00,3.317181774139404382e+01,1.325006103515625200e-01,8.939999999999999503e+00,3.750000000000000000e+05
3.612308332557931934e+00,3.015955730438232507e+01,1.063750120162963952e+01,8.939999999999999503e+00,0.000000000000000000e+00
3.612357747192636470e+00,3.025838657379150476e+01,1.063750120162963952e+01,8.939999999999999503e+00,3.750000000000000000e+05
3.622978102547698587e+00,3.327064510345459070e+01,1.325006103515625200e-01,8.939999999999999503e+00,0.000000000000000000e+00
3.623027518136077596e+00,3.336947628021240320e+01,1.325006103515625200e-01,8.939999999999999503e+00,3.750000000000000000e+05
3.633647874512979215e+00,3.035721393585205163e+01,1.063750120162963952e+01,8.939999999999999503e+00,0.000000000000000000e+00
3.633697289147683751e+00,3.045604320526123132e+01,1.063750120162963952e+01,8.939999999999999503e+00,3.750000000000000000e+05
3.644317645013665175e+00,3.346830364227295007e+01,1.325006103515625200e-01,8.939999999999999503e+00,0.000000000000000000e+00
3.644367058694695238e+00,3.356713100433349695e+01,1.325006103515625200e-01,8.939999999999999503e+00,3.750000000000000000e+05
3.654987414560676662e+00,3.055487056732177820e+01,1.063750120162963952e+01,8.939999999999999503e+00,0.000000000000000000e+00
3.655036829195381198e+00,3.065369983673095788e+01,1.063750120162963952e+01,8.939999999999999503e+00,3.750000000000000000e+05
3.665657184550443315e+00,3.366595836639404382e+01,1.325006103515625200e-01,8.939999999999999503e+00,0.000000000000000000e+00
3.665706600138822324e+00,3.376478954315185632e+01,1.325006103515625200e-01,8.939999999999999503e+00,3.750000000000000000e+05
3.676326956515723943e+00,3.075252719879150476e+01,1.063750120162963952e+01,8.939999999999999503e+00,0.000000000000000000e+00
3.676376371150428479e+00,3.085135646820068445e+01,1.063750120162963952e+01,8.939999999999999503e+00,3.750000000000000000e+05
3.686996727016409903e+00,3.386361690521240320e+01,1.325006103515625200e-01,8.939999999999999503e+00,0.000000000000000000e+00
3.687046140697439967e+00,3.396244426727295007e+01,1.325006103515625200e-01,8.939999999999999503e+00,3.750000000000000000e+05
3.697666496052502083e+00,3.095018573760986413e+01,1.063750120162963952e+01,8.939999999999999503e+00,0.000000000000000000e+00
3.697715909733532147e+00,3.104901309967041101e+01,1.063750120162963952e+01,8.939999999999999503e+00,3.750000000000000000e+05
3.708336265088594264e+00,3.406127162933349695e+01,1.325006103515625200e-01,8.939999999999999503e+00,0.000000000000000000e+00
3.708385680676973273e+00,3.416010280609130945e+01,1.325006103515625200e-01,8.939999999999999503e+00,3.750000000000000000e+05
3.719006036542954696e+00,3.114784236907959070e+01,1.063750120162963952e+01,8.939999999999999503e+00,0.000000000000000000e+00
3.719055450223984760e+00,3.124666973114013757e+01,1.063750120162963952e+01,8.939999999999999503e+00,3.750000000000000000e+05
3.729675806089966184e+00,3.425893016815185632e+01,1.325006103515625200e-01,8.939999999999999503e+00,0.000000000000000000e+00
3.729725219770996247e+00,3.435775753021240320e+01,1.325006103515625200e-01,8.939999999999999503e+00,3.750000000000000000e+05
3.740345575126058364e+00,3.134549900054931726e+01,1.063750120162963952e+01,8.939999999999999503e+00,0.000000000000000000e+00
3.740394988807088428e+00,3.144432636260986413e+01,1.063750120162963952e+01,8.939999999999999503e+00,3.750000000000000000e+05
3.751015345183990046e+00,3.445658870697021570e+01,1.325006103515625200e-01,8.939999999999999503e+00,0.000000000000000000e+00
3.751064758865020110e+00,3.455541606903076257e+01,1.325006103515625200e-01,8.939999999999999503e+00,3.750000000000000000e+05
3.761685114731001534e+00,3.154315563201904382e+01,1.063750120162963952e+01,8.939999999999999503e+00,0.000000000000000000e+00
3.761734528412031597e+00,3.164198299407959070e+01,1.063750120162963952e+01,8.939999999999999503e+00,3.750000000000000000e+05
3.772354884278013021e+00,3.465424343109130945e+01,1.325006103515625200e-01,8.939999999999999503e+00,0.000000000000000000e+00
3.772404297959043085e+00,3.475307079315185632e+01,1.325006103515625200e-01,8.939999999999999503e+00,3.750000000000000000e+05
3.783024653314105201e+00,3.174081226348877038e+01,1.063750120162963952e+01,8.939999999999999503e+00,0.000000000000000000e+00
3.783074067948809738e+00,3.183964153289795007e+01,1.063750120162963952e+01,8.939999999999999503e+00,3.750000000000000000e+05
3.793694423814791161e+00,3.485190196990966882e+01,1.325006103515625200e-01,8.939999999999999503e+00,0.000000000000000000e+00
3.793743837495821225e+00,3.495072933197021570e+01,1.325006103515625200e-01,8.939999999999999503e+00,3.750000000000000000e+05
3.804364193361802648e+00,3.193846889495849695e+01,1.063750120162963952e+01,8.939999999999999503e+00,0.000000000000000000e+00
3.804413607996507185e+00,3.203729816436767663e+01,1.063750120162963952e+01,8.939999999999999503e+00,3.750000000000000000e+05
3.815033963351569302e+00,3.504955669403076257e+01,1.325006103515625200e-01,8.939999999999999503e+00,0.000000000000000000e+00
3.815083378939948311e+00,3.514838787078857507e+01,1.325006103515625200e-01,8.939999999999999503e+00,3.750000000000000000e+05
3.825703735316849929e+00,3.213612552642822351e+01,1.063750120162963952e+01,8.939999999999999503e+00,0.000000000000000000e+00
3.825753149951554466e+00,3.223495479583740320e+01,1.063750120162963952e+01,8.939999999999999503e+00,3.750000000000000000e+05
3.836373505817535889e+00,3.524721523284912195e+01,1.325006103515625200e-01,8.939999999999999503e+00,0.000000000000000000e+00
3.836422919498565953e+00,3.534604259490966882e+01,1.325006103515625200e-01,8.939999999999999503e+00,3.750000000000000000e+05
3.847043275364547377e+00,3.233378215789795007e+01,1.063750120162963952e+01,8.939999999999999503e+00,0.000000000000000000e+00
3.847092690952926386e+00,3.243261333465576257e+01,1.063750120162963952e+01,8.939999999999999503e+00,3.750000000000000000e+05
3.857713045797068752e+00,3.544486995697021570e+01,1.325006103515625200e-01,8.939999999999999503e+00,0.000000000000000000e+00
3.857762461385447761e+00,3.554370113372802820e+01,1.325006103515625200e-01,8.939999999999999503e+00,3.750000000000000000e+05
3.868382817251429184e+00,3.253144069671630945e+01,1.063750120162963952e+01,8.939999999999999503e+00,0.000000000000000000e+00
3.868432230932459248e+00,3.263026805877685632e+01,1.063750120162963952e+01,8.939999999999999503e+00,3.750000000000000000e+05
3.879052586798440672e+00,3.564252849578857507e+01,1.325006103515625200e-01,8.939999999999999503e+00,0.000000000000000000e+00
3.879102000479470735e+00,3.574135585784912195e+01,1.325006103515625200e-01,8.939999999999999503e+00,3.750000000000000000e+05
3.889722356345452159e+00,3.272909542083740320e+01,1.063750120162963952e+01,8.939999999999999503e+00,0.000000000000000000e+00
3.889771771933831168e+00,3.282792659759521570e+01,1.063750120162963952e+01,8.939999999999999503e+00,3.750000000000000000e+05
3.900392127799812592e+00,3.584018703460693445e+01,1.325006103515625200e-01,8.939999999999999503e+00,0.000000000000000000e+00
3.900441541480842655e+00,3.593901439666748132e+01,1.325006103515625200e-01,8.939999999999999503e+00,3.750000000000000000e+05
3.911061897346824079e+00,3.292675395965576257e+01,1.063750120162963952e+01,8.939999999999999503e+00,0.000000000000000000e+00
3.911111311027854143e+00,3.302558132171630945e+01,1.063750120162963952e+01,8.939999999999999503e+00,3.750000000000000000e+05
3.921731666893835566e+00,3.603784175872802820e+01,1.325006103515625200e-01,8.939999999999999503e+00,0.000000000000000000e+00
3.921781080574865630e+00,3.613666912078857507e+01,1.325006103515625200e-01,8.939999999999999503e+00,3.750000000000000000e+05
3.932401435419007996e+00,3.312441249847412195e+01,1.063750120162963952e+01,8.939999999999999503e+00,0.000000000000000000e+00
3.932450849100038059e+00,3.322323986053466882e+01,1.063750120162963952e+01,8.939999999999999503e+00,3.750000000000000000e+05
3.943071204966019483e+00,3.623550029754638757e+01,1.325006103515625200e-01,8.939999999999999503e+00,0.000000000000000000e+00
3.943120618647049547e+00,3.633432765960693445e+01,1.325006103515625200e-01,8.939999999999999503e+00,3.750000000000000000e+05
3.953740974513030970e+00,3.332206722259521570e+01,1.063750120162963952e+01,8.939999999999999503e+00,0.000000000000000000e+00
3.953790388194061034e+00,3.342089458465576257e+01,1.063750120162963952e+01,8.939999999999999503e+00,3.750000000000000000e+05
3.964410744060042457e+00,3.643315502166748132e+01,1.325006103515625200e-01,8.939999999999999503e+00,0.000000000000000000e+00
3.964460159648421467e+00,3.653198619842529382e+01,1.325006103515625200e-01,8.939999999999999503e+00,3.750000000000000000e+05
3.975080515514402890e+00,3.351972576141357507e+01,1.063750120162963952e+01,8.939999999999999503e+00,0.000000000000000000e+00
3.975129929195432954e+00,3.361855312347412195e+01,1.063750120162963952e+01,8.939999999999999503e+00,3.750000000000000000e+05
3.985750285061414377e+00,3.663081356048584070e+01,1.325006103515625200e-01,8.939999999999999503e+00,0.000000000000000000e+00
3.985799698742444441e+00,3.672964092254638757e+01,1.325006103515625200e-01,8.939999999999999503e+00,3.750000000000000000e+05
3.996420054608425865e+00,3.371738048553466882e+01,1.063750120162963952e+01,8.939999999999999503e+00,0.000000000000000000e+00
3.996469470196804874e+00,3.381621166229248132e+01,1.063750120162963952e+01,8.939999999999999503e+00,3.750000000000000000e+05
4.007089825040947240e+00,3.682846828460693445e+01,1.325006103515625200e-01,8.939999999999999503e+00,0.000000000000000000e+00
4.007139240629325805e+00,3.692729946136474695e+01,1.325006103515625200e-01,8.939999999999999503e+00,3.750000000000000000e+05
4.017759596495307228e+00,3.391503902435302820e+01,1.063750120162963952e+01,8.939999999999999503e+00,0.000000000000000000e+00
4.017809010176337736e+00,3.401386638641357507e+01,1.063750120162963952e+01,8.939999999999999503e+00,3.750000000000000000e+05
4.028429366042319160e+00,3.702612682342529382e+01,1.325006103515625200e-01,8.939999999999999503e+00,0.000000000000000000e+00
4.028478779723349668e+00,3.712495418548584070e+01,1.325006103515625200e-01,8.939999999999999503e+00,3.750000000000000000e+05
4.039099135589331091e+00,3.411269374847412195e+01,1.063750120162963952e+01,8.939999999999999503e+00,0.000000000000000000e+00
4.039148551177709656e+00,3.421152492523193445e+01,1.063750120162963952e+01,8.939999999999999503e+00,3.750000000000000000e+05
4.049768907043691080e+00,3.722378536224365320e+01,1.325006103515625200e-01,8.939999999999999503e+00,0.000000000000000000e+00
4.049818320724721588e+00,3.732261272430420007e+01,1.325006103515625200e-01,8.939999999999999503e+00,3.750000000000000000e+05
4.060438676590703011e+00,3.431035228729248132e+01,1.063750120162963952e+01,8.939999999999999503e+00,0.000000000000000000e+00
4.060488090271733519e+00,3.440917964935302820e+01,1.063750120162963952e+01,8.939999999999999503e+00,3.750000000000000000e+05
4.071108446137714942e+00,3.742144008636474695e+01,1.325006103515625200e-01,8.939999999999999503e+00,0.000000000000000000e+00
4.071157859818745450e+00,3.752026744842529382e+01,1.325006103515625200e-01,8.939999999999999503e+00,3.750000000000000000e+05
4.081778215684726874e+00,3.450800701141357507e+01,1.063750120162963952e+01,8.939999999999999503e+00,0.000000000000000000e+00
4.081827631273105439e+00,3.460683818817138757e+01,1.063750120162963952e+01,8.939999999999999503e+00,3.750000000000000000e+05
4.092447987139086862e+00,3.761909862518310632e+01,1.325006103515625200e-01,8.939999999999999503e+00,0.000000000000000000e+00
4.092497400820117370e+00,3.771792598724365320e+01,1.325006103515625200e-01,8.939999999999999503e+00,3.750000000000000000e+05
4.103117756686098794e+00,3.470566555023193445e+01,1.063750120162963952e+01,8.939999999999999503e+00,0.000000000000000000e+00
4.103167170367129302e+00,3.480449291229248132e+01,1.063750120162963952e+01,8.939999999999999503e+00,3.750000000000000000e+05
4.113787526233110725e+00,3.781675334930420007e+01,1.325006103515625200e-01,8.939999999999999503e+00,0.000000000000000000e+00
4.113836941821489290e+00,3.791558452606201257e+01,1.325006103515625200e-01,8.939999999999999503e+00,3.750000000000000000e+05
4.124457297687470714e+00,3.490332408905029382e+01,1.063750120162963952e+01,8.939999999999999503e+00,0.000000000000000000e+00
4.124506711368501222e+00,3.500215145111084070e+01,1.063750120162963952e+01,8.939999999999999503e+00,3.750000000000000000e+05
4.135127067234482645e+00,3.801441188812255945e+01,1.325006103515625200e-01,8.939999999999999503e+00,0.000000000000000000e+00
4.135176480915513153e+00,3.811323925018310632e+01,1.325006103515625200e-01,8.939999999999999503e+00,3.750000000000000000e+05
4.145796836781494576e+00,3.510097881317138757e+01,1.063750120162963952e+01,8.939999999999999503e+00,0.000000000000000000e+00
4.145846250462525084e+00,3.519980617523193445e+01,1.063750120162963952e+01,8.939999999999999503e+00,3.750000000000000000e+05
4.156466606328506508e+00,3.821206661224365320e+01,1.325006103515625200e-01,8.939999999999999503e+00,0.000000000000000000e+00
4.156516021916885073e+00,3.831089778900146570e+01,1.325006103515625200e-01,8.939999999999999503e+00,3.750000000000000000e+05
4.167136377782866496e+00,3.529863735198974695e+01,1.063750120162963952e+01,8.939999999999999503e+00,0.000000000000000000e+00
4.167185791463897004e+00,3.539746471405029382e+01,1.063750120162963952e+01,8.939999999999999503e+00,3.750000000000000000e+05
4.177806147329878428e+00,3.840972515106201257e+01,1.325006103515625200e-01,8.939999999999999503e+00,0.000000000000000000e+00
4.177855560534071699e+00,3.850855155944824304e+01,1.325006103515625200e-01,8.939999999999999503e+00,3.750000000000000000e+05
4.188475916144593469e+00,3.549629207611084070e+01,1.063750120162963952e+01,8.939999999999999503e+00,0.000000000000000000e+00
4.188525331732972035e+00,3.559512325286865320e+01,1.063750120162963952e+01,8.939999999999999503e+00,3.750000000000000000e+05
4.199145687343493805e+00,3.860738273620605554e+01,1.325006103515625200e-01,8.939999999999999503e+00,0.000000000000000000e+00
4.199195101024524313e+00,3.870621009826660242e+01,1.325006103515625200e-01,8.939999999999999503e+00,3.750000000000000000e+05
4.209815456635046083e+00,3.569395061492920007e+01,1.063750120162963952e+01,8.939999999999999503e+00,0.000000000000000000e+00
4.209864870316076590e+00,3.579277797698974695e+01,1.063750120162963952e+01,8.939999999999999503e+00,3.750000000000000000e+05
4.220485225926598361e+00,3.880503746032714929e+01,1.325006103515625200e-01,8.939999999999999503e+00,0.000000000000000000e+00
4.220534639607628868e+00,3.890386482238769617e+01,1.325006103515625200e-01,8.939999999999999503e+00,3.750000000000000000e+05
4.231154995218150638e+00,3.589160533905029382e+01,1.063750120162963952e+01,8.939999999999999503e+00,0.000000000000000000e+00
4.231204410806529204e+00,3.599043651580810632e+01,1.063750120162963952e+01,8.939999999999999503e+00,3.750000000000000000e+05
4.241824766417050974e+00,3.900269599914550867e+01,1.325006103515625200e-01,8.939999999999999503e+00,0.000000000000000000e+00
4.241874180098081482e+00,3.910152336120605554e+01,1.325006103515625200e-01,8.939999999999999503e+00,3.750000000000000000e+05
4.252494535708603252e+00,3.608926387786865320e+01,1.063750120162963952e+01,8.939999999999999503e+00,0.000000000000000000e+00
4.252543949389633759e+00,3.618809123992920007e+01,1.063750120162963952e+01,8.939999999999999503e+00,3.750000000000000000e+05
4.263164305000155530e+00,3.920035072326660242e+01,1.325006103515625200e-01,8.939999999999999503e+00,0.000000000000000000e+00
4.263213720588534095e+00,3.929918190002441492e+01,1.325006103515625200e-01,8.939999999999999503e+00,3.750000000000000000e+05
4.273834076199055865e+00,3.628692241668701257e+01,1.063750120162963952e+01,8.939999999999999503e+00,0.000000000000000000e+00
4.273883489880086373e+00,3.638574977874755945e+01,1.063750120162963952e+01,8.939999999999999503e+00,3.750000000000000000e+05
4.284503845490608143e+00,3.939800926208496179e+01,1.325006103515625200e-01,8.939999999999999503e+00,0.000000000000000000e+00
4.284553259171638651e+00,3.949683662414550867e+01,1.325006103515625200e-01,8.939999999999999503e+00,3.750000000000000000e+05
4.295173614782160421e+00,3.648457714080810632e+01,1.063750120162963952e+01,8.939999999999999503e+00,0.000000000000000000e+00
4.295223028463190929e+00,3.658340450286865320e+01,1.063750120162963952e+01,8.939999999999999503e+00,3.750000000000000000e+05
4.305843384073712699e+00,3.959566398620605554e+01,1.325006103515625200e-01,8.939999999999999503e+00,0.000000000000000000e+00
4.305892799662091264e+00,3.969449516296386804e+01,1.325006103515625200e-01,8.939999999999999503e+00,3.750000000000000000e+05
4.316513155272613034e+00,3.668223567962646570e+01,1.063750120162963952e+01,8.939999999999999503e+00,0.000000000000000000e+00
4.316562568953643542e+00,3.678106304168701257e+01,1.063750120162963952e+01,8.939999999999999503e+00,3.750000000000000000e+05
4.327182924564165312e+00,3.979332252502441492e+01,1.325006103515625200e-01,8.939999999999999503e+00,0.000000000000000000e+00
4.327232338245195820e+00,3.989214988708496179e+01,1.325006103515625200e-01,8.939999999999999503e+00,3.750000000000000000e+05
4.337852693855717590e+00,3.687989040374755945e+01,1.063750120162963952e+01,8.939999999999999503e+00,0.000000000000000000e+00
4.337902109444096155e+00,3.697872158050537195e+01,1.063750120162963952e+01,8.939999999999999503e+00,3.750000000000000000e+05
4.348522465054617925e+00,3.999098106384277429e+01,1.325006103515625200e-01,8.939999999999999503e+00,0.000000000000000000e+00
4.348571878735648433e+00,4.008980842590332117e+01,1.325006103515625200e-01,8.939999999999999503e+00,3.750000000000000000e+05
4.359192234346170203e+00,3.707754894256591882e+01,1.063750120162963952e+01,8.939999999999999503e+00,0.000000000000000000e+00
4.359241648027200711e+00,3.717637630462646570e+01,1.063750120162963952e+01,8.939999999999999503e+00,3.750000000000000000e+05
4.369862003637722481e+00,4.018863578796386804e+01,1.325006103515625200e-01,8.939999999999999503e+00,0.000000000000000000e+00
4.369911417318752989e+00,4.028746315002441492e+01,1.325006103515625200e-01,8.939999999999999503e+00,3.750000000000000000e+05
4.380531772929274759e+00,3.727520366668701257e+01,1.063750120162963952e+01,8.939999999999999503e+00,0.000000000000000000e+00
4.380581188517653324e+00,3.737403484344482507e+01,1.063750120162963952e+01,8.939999999999999503e+00,3.750000000000000000e+05
4.391201544128175094e+00,4.038629432678222742e+01,1.325006103515625200e-01,8.939999999999999503e+00,0.000000000000000000e+00
4.391250957809205602e+00,4.048512168884277429e+01,1.325006103515625200e-01,8.939999999999999503e+00,3.750000000000000000e+05
4.401871313419727372e+00,3.747286220550537195e+01,1.063750120162963952e+01,8.939999999999999503e+00,0.000000000000000000e+00
4.401920727100757880e+00,3.757168956756591882e+01,1.063750120162963952e+01,8.939999999999999503e+00,3.750000000000000000e+05
4.412541082711279650e+00,4.058394905090332117e+01,1.325006103515625200e-01,8.939999999999999503e+00,0.000000000000000000e+00
4.412590498299658215e+00,4.068278022766113367e+01,1.325006103515625200e-01,8.939999999999999503e+00,3.750000000000000000e+05
4.423210853910179985e+00,3.767052074432373132e+01,1.063750120162963952e+01,8.939999999999999503e+00,0.000000000000000000e+00
4.423260267591210493e+00,3.776934810638427820e+01,1.063750120162963952e+01,8.939999999999999503e+00,3.750000000000000000e+05
4.433880623201732263e+00,4.078160758972168054e+01,1.325006103515625200e-01,8.939999999999999503e+00,0.000000000000000000e+00
4.433930036882762771e+00,4.088043495178222742e+01,1.325006103515625200e-01,8.939999999999999503e+00,3.750000000000000000e+05
4.444550392493284541e+00,3.786817546844482507e+01,1.063750120162963952e+01,8.939999999999999503e+00,0.000000000000000000e+00
4.444599806174315049e+00,3.796700283050537195e+01,1.063750120162963952e+01,8.939999999999999503e+00,3.750000000000000000e+05
4.455220161784836819e+00,4.097926231384277429e+01,1.325006103515625200e-01,8.939999999999999503e+00,0.000000000000000000e+00
4.455269577373215384e+00,4.107809349060058679e+01,1.325006103515625200e-01,8.939999999999999503e+00,3.750000000000000000e+05
4.465889932983737154e+00,3.806583400726318445e+01,1.063750120162963952e+01,8.939999999999999503e+00,0.000000000000000000e+00
4.465939346664767662e+00,3.816466136932373132e+01,1.063750120162963952e+01,8.939999999999999503e+00,3.750000000000000000e+05
4.476559702275289432e+00,4.117692085266113367e+01,1.325006103515625200e-01,8.939999999999999503e+00,0.000000000000000000e+00
4.476609115956319940e+00,4.127574821472168054e+01,1.325006103515625200e-01,8.939999999999999503e+00,3.750000000000000000e+05
4.487229471566841710e+00,3.826348873138427820e+01,1.063750120162963952e+01,8.939999999999999503e+00,0.000000000000000000e+00
4.487278887155220275e+00,3.836231990814209070e+01,1.063750120162963952e+01,8.939999999999999503e+00,3.750000000000000000e+05
4.497899242765742045e+00,4.137457939147949304e+01,1.325006103515625200e-01,8.939999999999999503e+00,0.000000000000000000e+00
4.497948656446772553e+00,4.147340675354003992e+01,1.325006103515625200e-01,8.939999999999999503e+00,3.750000000000000000e+05
4.508569012057294323e+00,3.846114727020263757e+01,1.063750120162963952e+01,8.939999999999999503e+00,0.000000000000000000e+00
4.508618425261487594e+00,3.855997367858886804e+01,1.063750120162963952e+01,8.939999999999999503e+00,3.750000000000000000e+05
4.519238781127469018e+00,4.157223411560058679e+01,1.325006103515625200e-01,8.939999999999999503e+00,0.000000000000000000e+00
4.519288194808499526e+00,4.167106147766113367e+01,1.325006103515625200e-01,8.939999999999999503e+00,3.750000000000000000e+05
4.529908550674480949e+00,3.865880104064941492e+01,1.063750120162963952e+01,8.939999999999999503e+00,0.000000000000000000e+00
4.529957966262859514e+00,3.875763221740722742e+01,1.063750120162963952e+01,8.939999999999999503e+00,3.750000000000000000e+05
4.540578322128840938e+00,4.176989265441894617e+01,1.325006103515625200e-01,8.939999999999999503e+00,0.000000000000000000e+00
4.540627735809871446e+00,4.186872001647949304e+01,1.325006103515625200e-01,8.939999999999999503e+00,3.750000000000000000e+05
4.551248091675852869e+00,3.885645957946777429e+01,1.063750120162963952e+01,8.939999999999999503e+00,0.000000000000000000e+00
4.551297505356883377e+00,3.895528694152832117e+01,1.063750120162963952e+01,8.939999999999999503e+00,3.750000000000000000e+05
4.561917861222864801e+00,4.196754737854003992e+01,1.325006103515625200e-01,8.939999999999999503e+00,0.000000000000000000e+00
4.561967276811243366e+00,4.206637855529785242e+01,1.325006103515625200e-01,8.939999999999999503e+00,3.750000000000000000e+05
4.572587632677224789e+00,3.905411811828613367e+01,1.063750120162963952e+01,8.939999999999999503e+00,0.000000000000000000e+00
4.572637046358255297e+00,3.915294548034668054e+01,1.063750120162963952e+01,8.939999999999999503e+00,3.750000000000000000e+05
4.583257402224236721e+00,4.216520591735839929e+01,1.325006103515625200e-01,8.939999999999999503e+00,0.000000000000000000e+00
4.583306815905267229e+00,4.226403327941894617e+01,1.325006103515625200e-01,8.939999999999999503e+00,3.750000000000000000e+05
4.593927171771248652e+00,3.925177284240722742e+01,1.063750120162963952e+01,8.939999999999999503e+00,0.000000000000000000e+00
4.593976585452279160e+00,3.935060020446777429e+01,1.063750120162963952e+01,8.939999999999999503e+00,3.750000000000000000e+05
4.604596941318260583e+00,4.236286064147949304e+01,1.325006103515625200e-01,8.939999999999999503e+00,0.000000000000000000e+00
4.604646356906639149e+00,4.246169181823730554e+01,1.325006103515625200e-01,8.939999999999999503e+00,3.750000000000000000e+05
4.615266712772620572e+00,3.944943138122558679e+01,1.063750120162963952e+01,8.939999999999999503e+00,0.000000000000000000e+00
4.615316126453651080e+00,3.954825874328613367e+01,1.063750120162963952e+01,8.939999999999999503e+00,3.750000000000000000e+05
4.625936482319632503e+00,4.256051918029785242e+01,1.325006103515625200e-01,8.939999999999999503e+00,0.000000000000000000e+00
4.625985896000663011e+00,4.265934654235839929e+01,1.325006103515625200e-01,8.939999999999999503e+00,3.750000000000000000e+05
4.636606251866644435e+00,3.964708610534668054e+01,1.063750120162963952e+01,8.939999999999999503e+00,0.000000000000000000e+00
4.636655667455023000e+00,3.974591728210449304e+01,1.063750120162963952e+01,8.939999999999999503e+00,3.750000000000000000e+05
4.647276023321004423e+00,4.275817771911621179e+01,1.325006103515625200e-01,8.939999999999999503e+00,0.000000000000000000e+00
4.647325437002034931e+00,4.285700508117675867e+01,1.325006103515625200e-01,8.939999999999999503e+00,3.750000000000000000e+05
4.657945792868016355e+00,3.984474464416503992e+01,1.063750120162963952e+01,8.939999999999999503e+00,0.000000000000000000e+00
4.657995206549046863e+00,3.994357200622558679e+01,1.063750120162963952e+01,8.939999999999999503e+00,3.750000000000000000e+05
4.668615562415028286e+00,4.295583244323730554e+01,1.325006103515625200e-01,8.939999999999999503e+00,0.000000000000000000e+00
4.668664976096058794e+00,4.305465980529785242e+01,1.325006103515625200e-01,8.939999999999999503e+00,3.750000000000000000e+05
4.679285331962040217e+00,4.004239936828613367e+01,1.063750120162963952e+01,8.939999999999999503e+00,0.000000000000000000e+00
4.679334747550418783e+00,4.014123054504394617e+01,1.063750120162963952e+01,8.939999999999999503e+00,3.750000000000000000e+05
4.689955103416400206e+00,4.315349098205566492e+01,1.325006103515625200e-01,8.939999999999999503e+00,0.000000000000000000e+00
4.690004517097430714e+00,4.325231834411621179e+01,1.325006103515625200e-01,8.939999999999999503e+00,3.750000000000000000e+05
4.700624872963412137e+00,4.024005790710449304e+01,1.063750120162963952e+01,8.939999999999999503e+00,0.000000000000000000e+00
4.700674286644442645e+00,4.033888526916503992e+01,1.063750120162963952e+01,8.939999999999999503e+00,3.750000000000000000e+05
4.711294642510424069e+00,4.335114570617675867e+01,1.325006103515625200e-01,8.939999999999999503e+00,0.000000000000000000e+00
4.711344058098802634e+00,4.344997688293457117e+01,1.325006103515625200e-01,8.939999999999999503e+00,3.750000000000000000e+05
4.721964413964784057e+00,4.043771644592285242e+01,1.063750120162963952e+01,8.939999999999999503e+00,0.000000000000000000e+00
4.722013827645814565e+00,4.053654380798339929e+01,1.063750120162963952e+01,8.939999999999999503e+00,3.750000000000000000e+05
4.732634183511795989e+00,4.354880424499511804e+01,1.325006103515625200e-01,8.939999999999999503e+00,0.000000000000000000e+00
4.732683597192826497e+00,4.364763160705566492e+01,1.325006103515625200e-01,8.939999999999999503e+00,3.750000000000000000e+05
4.743303953058807920e+00,4.063537117004394617e+01,1.063750120162963952e+01,8.939999999999999503e+00,0.000000000000000000e+00
4.743353366739838428e+00,4.073419853210449304e+01,1.063750120162963952e+01,8.939999999999999503e+00,3.750000000000000000e+05
4.753973722605819852e+00,4.374645896911621179e+01,1.325006103515625200e-01,8.939999999999999503e+00,0.000000000000000000e+00
4.754023138194198417e+00,4.384529014587402429e+01,1.325006103515625200e-01,8.939999999999999503e+00,3.750000000000000000e+05
4.764643494060179840e+00,4.083302970886230554e+01,1.063750120162963952e+01,8.939999999999999503e+00,0.000000000000000000e+00
4.764692907741210348e+00,4.093185707092285242e+01,1.063750120162963952e+01,8.939999999999999503e+00,3.750000000000000000e+05
4.775313263607191772e+00,4.394411750793457117e+01,1.325006103515625200e-01,8.939999999999999503e+00,0.000000000000000000e+00
4.775362677288222280e+00,4.404294486999511804e+01,1.325006103515625200e-01,8.939999999999999503e+00,3.750000000000000000e+05
4.785983033154203703e+00,4.103068443298339929e+01,1.063750120162963952e+01,8.939999999999999503e+00,0.000000000000000000e+00
4.786032448742582268e+00,4.112951560974121179e+01,1.063750120162963952e+01,8.939999999999999503e+00,3.750000000000000000e+05
4.796652803586725078e+00,4.414177223205566492e+01,1.325006103515625200e-01,8.939999999999999503e+00,0.000000000000000000e+00
4.796702219175103643e+00,4.424060340881347742e+01,1.325006103515625200e-01,8.939999999999999503e+00,3.750000000000000000e+05
4.807322575041085067e+00,4.122834297180175867e+01,1.063750120162963952e+01,8.939999999999999503e+00,0.000000000000000000e+00
4.807371988722115574e+00,4.132717033386230554e+01,1.063750120162963952e+01,8.939999999999999503e+00,3.750000000000000000e+05
4.817992344588096998e+00,4.433943077087402429e+01,1.325006103515625200e-01,8.939999999999999503e+00,0.000000000000000000e+00
4.818041758269127506e+00,4.443825813293457117e+01,1.325006103515625200e-01,8.939999999999999503e+00,3.750000000000000000e+05
4.828662114135108929e+00,4.142599769592285242e+01,1.063750120162963952e+01,8.939999999999999503e+00,0.000000000000000000e+00
4.828711529723487494e+00,4.152482887268066492e+01,1.063750120162963952e+01,8.939999999999999503e+00,3.750000000000000000e+05
4.839331885589468918e+00,4.453708930969238367e+01,1.325006103515625200e-01,8.939999999999999503e+00,0.000000000000000000e+00
4.839381299270499426e+00,4.463591667175293054e+01,1.325006103515625200e-01,8.939999999999999503e+00,3.750000000000000000e+05
4.850001655136480849e+00,4.162365623474121179e+01,1.063750120162963952e+01,8.939999999999999503e+00,0.000000000000000000e+00
4.850051068817511357e+00,4.172248359680175867e+01,1.063750120162963952e+01,8.939999999999999503e+00,3.750000000000000000e+05
4.860671424683492781e+00,4.473474403381347742e+01,1.325006103515625200e-01,8.939999999999999503e+00,0.000000000000000000e+00
4.860720838364523289e+00,4.483357139587402429e+01,1.325006103515625200e-01,8.939999999999999503e+00,3.750000000000000000e+05
4.871341193208666098e+00,4.182131477355957117e+01,1.063750120162963952e+01,8.939999999999999503e+00,0.000000000000000000e+00
4.871390606889696606e+00,4.192014213562011804e+01,1.063750120162963952e+01,8.939999999999999503e+00,3.750000000000000000e+05
4.881676363567482468e+00,4.483750053405761804e+01,4.634656524658203325e-01,8.939999999999999503e+00,0.000000000000000000e+00
4.881848691562782783e+00,4.483750053405761804e+01,8.081216430664062145e-01,8.939999999999999503e+00,3.750000000000000000e+05
4.891786007895767341e+00,4.201896949768066492e+01,1.063750120162963952e+01,8.939999999999999503e+00,0.000000000000000000e+00
4.891835421576797849e+00,4.211779685974121179e+01,1.063750120162963952e+01,8.939999999999999503e+00,3.750000000000000000e+05
4.901424297564981103e+00,4.483750053405761804e+01,1.152777633666992152e+00,8.939999999999999503e+00,0.000000000000000000e+00
4.901596625560281417e+00,4.483750053405761804e+01,1.497433624267578089e+00,8.939999999999999503e+00,3.750000000000000000e+05
4.910837060181822977e+00,4.221662803649902429e+01,1.063750120162963952e+01,8.939999999999999503e+00,0.000000000000000000e+00
4.910886473862853485e+00,4.231545539855957117e+01,1.063750120162963952e+01,8.939999999999999503e+00,3.750000000000000000e+05
4.919778468139593741e+00,4.483750053405761804e+01,1.842089614868164027e+00,8.939999999999999503e+00,0.000000000000000000e+00
4.919950796134894055e+00,4.483750053405761804e+01,2.186745605468749964e+00,8.939999999999999503e+00,3.750000000000000000e+05
4.928494350066833007e+00,4.241428276062011804e+01,1.063750120162963952e+01,8.939999999999999503e+00,0.000000000000000000e+00
4.928543765655211573e+00,4.251311393737793054e+01,1.063750120162963952e+01,8.939999999999999503e+00,3.750000000000000000e+05
4.936738878220508830e+00,4.483750053405761804e+01,2.531401596069335902e+00,8.939999999999999503e+00,0.000000000000000000e+00
4.936911205738971908e+00,4.483750053405761804e+01,2.876056632995605433e+00,8.939999999999999503e+00,3.750000000000000000e+05
4.944757878850362331e+00,4.261194129943847742e+01,1.063750120162963952e+01,8.939999999999999503e+00,0.000000000000000000e+00
4.944807292531392839e+00,4.271076866149902429e+01,1.063750120162963952e+01,8.939999999999999503e+00,3.750000000000000000e+05
4.952305525297981958e+00,4.483750053405761804e+01,3.220712623596191371e+00,8.939999999999999503e+00,0.000000000000000000e+00
4.952477853293282273e+00,4.483750053405761804e+01,3.565368614196777308e+00,8.939999999999999503e+00,3.750000000000000000e+05
4.959627645715070088e+00,4.280959602355957117e+01,1.063750120162963952e+01,8.939999999999999503e+00,0.000000000000000000e+00
4.959677061303448653e+00,4.290842720031738367e+01,1.063750120162963952e+01,8.939999999999999503e+00,3.750000000000000000e+05
4.966478412358594774e+00,4.483750053405761804e+01,3.910024604797363246e+00,8.939999999999999503e+00,0.000000000000000000e+00
4.966650739877057852e+00,4.483750053405761804e+01,4.254679641723632777e+00,8.939999999999999503e+00,3.750000000000000000e+05
4.973103651478297138e+00,4.300725456237793054e+01,1.063750120162963952e+01,8.939999999999999503e+00,0.000000000000000000e+00
4.973153065159327646e+00,4.310608192443847742e+01,1.063750120162963952e+01,8.939999999999999503e+00,3.750000000000000000e+05
4.979257536415765628e+00,4.483750053405761804e+01,4.599335632324218714e+00,8.939999999999999503e+00,0.000000000000000000e+00
4.979429864411065942e+00,4.483750053405761804e+01,4.943991622924804652e+00,8.939999999999999503e+00,3.750000000000000000e+05
4.985185894300862230e+00,4.320491310119628992e+01,1.063750120162963952e+01,8.939999999999999503e+00,0.000000000000000000e+00
4.985235307981892738e+00,4.330374046325683679e+01,1.063750120162963952e+01,8.939999999999999503e+00,3.750000000000000000e+05
4.990642897526887722e+00,4.483750053405761804e+01,5.288647613525390589e+00,8.939999999999999503e+00,0.000000000000000000e+00
4.990815225045350800e+00,4.483750053405761804e+01,5.633302650451660121e+00,8.939999999999999503e+00,3.750000000000000000e+05
4.995874375136439838e+00,4.340256782531738367e+01,1.063750120162963952e+01,8.939999999999999503e+00,0.000000000000000000e+00
4.995923788817470346e+00,4.350139518737793054e+01,1.063750120162963952e+01,8.939999999999999503e+00,3.750000000000000000e+05
5.000634498563758079e+00,4.483750053405761804e+01,5.977958641052246058e+00,8.939999999999999503e+00,0.000000000000000000e+00
5.000806826559058393e+00,4.483750053405761804e+01,6.322614631652831996e+00,8.939999999999999503e+00,3.750000000000000000e+05
5.005169094938704433e+00,4.360022636413574304e+01,1.063750120162963952e+01,8.939999999999999503e+00,0.000000000000000000e+00
5.005218508619734941e+00,4.369905372619628992e+01,1.063750120162963952e+01,8.939999999999999503e+00,3.750000000000000000e+05
5.009232336654579676e+00,4.483750053405761804e+01,6.667270622253417933e+00,8.939999999999999503e+00,0.000000000000000000e+00
5.009404664173042754e+00,4.483750053405761804e+01,7.011925659179687464e+00,8.939999999999999503e+00,3.750000000000000000e+05
5.013070052753980654e+00,4.379788108825683679e+01,1.063750120162963952e+01,8.939999999999999503e+00,0.000000000000000000e+00
5.013119466435011162e+00,4.389670845031738367e+01,1.063750120162963952e+01,8.939999999999999503e+00,3.750000000000000000e+05
5.016436414671148647e+00,4.483750053405761804e+01,7.356581649780273402e+00,8.939999999999999503e+00,0.000000000000000000e+00
5.016608742666448961e+00,4.483750053405761804e+01,7.701237640380859339e+00,8.939999999999999503e+00,3.750000000000000000e+05
5.019577249535943864e+00,4.399553962707519617e+01,1.063750120162963952e+01,8.939999999999999503e+00,0.000000000000000000e+00
5.019626663216974372e+00,4.409436698913574304e+01,1.063750120162963952e+01,8.939999999999999503e+00,3.750000000000000000e+05
5.022246729741667970e+00,4.483750053405761804e+01,8.045893630981446165e+00,8.939999999999999503e+00,0.000000000000000000e+00
5.022419057736968284e+00,4.483750053405761804e+01,8.390549621582032103e+00,8.939999999999999503e+00,3.750000000000000000e+05
5.024690683916861467e+00,4.419319435119628992e+01,1.063750120162963952e+01,8.939999999999999503e+00,0.000000000000000000e+00
5.024740099505240032e+00,4.429202552795410242e+01,1.063750120162963952e+01,8.939999999999999503e+00,3.750000000000000000e+05
5.026663285209385101e+00,4.483750053405761804e+01,8.735204658508301634e+00,8.939999999999999503e+00,0.000000000000000000e+00
5.026835613204685416e+00,4.483750053405761804e+01,9.079860649108887571e+00,8.939999999999999503e+00,3.750000000000000000e+05
5.028410358564029181e+00,4.439085289001464929e+01,1.063750120162963952e+01,8.939999999999999503e+00,0.000000000000000000e+00
5.028459772245059689e+00,4.448968025207519617e+01,1.063750120162963952e+01,8.939999999999999503e+00,3.750000000000000000e+05
5.029686077259603927e+00,4.483750053405761804e+01,9.424516639709473509e+00,8.939999999999999503e+00,0.000000000000000000e+00
5.029858405254904241e+00,4.483750053405761804e+01,9.769172630310059446e+00,8.939999999999999503e+00,3.750000000000000000e+05
5.030736269924651616e+00,4.458850761413574304e+01,1.063750120162963952e+01,8.939999999999999503e+00,0.000000000000000000e+00
5.030785685513030181e+00,4.468733879089355554e+01,1.063750120162963952e+01,8.939999999999999503e+00,3.750000000000000000e+05
5.031315110152471348e+00,4.483750053405761804e+01,1.011382719039917077e+01,8.939999999999999503e+00,0.000000000000000000e+00
5.031487438147771662e+00,4.483750053405761804e+01,1.045848318099975671e+01,8.939999999999999503e+00,3.750000000000000000e+05
5.031668422442418631e+00,4.478616615295410242e+01,1.063750120162963952e+01,8.939999999999999503e+00,0.000000000000000000e+00
5.076248310578950651e+00,1.324987030029297075e-01,1.325006103515625200e-01,8.939999999999999503e+00,3.750000000000000000e+05
5.086457251872709584e+00,1.324987030029297075e-01,1.063750120162963952e+01,8.939999999999999503e+00,3.750000000000000000e+05
5.129902345974803879e+00,4.483750053405761804e+01,1.063750120162963952e+01,8.939999999999999503e+00,3.750000000000000000e+05
5.140111287268562812e+00,4.483750053405761804e+01,1.325006103515625200e-01,8.939999999999999503e+00,3.750000000000000000e+05
5.162463788184090241e+00,1.324987030029297075e-01,1.325006103515625200e-01,8.939999999999999503e+00,0.000000000000000000e+00
5.172718994816113636e+00,8.500000000000000611e-02,1.068500133514404382e+01,8.939999999999999503e+00,3.750000000000000000e+05
5.183020259476117886e+00,8.500000000000000611e-02,8.500000000000000611e-02,8.939999999999999503e+00,3.750000000000000000e+05
5.226557673700666484e+00,4.488499923706054773e+01,8.500000000000000611e-02,8.939999999999999503e+00,3.750000000000000000e+05
5.236858938360670734e+00,4.488499923706054773e+01,1.068500133514404382e+01,8.939999999999999503e+00,3.750000000000000000e+05
5.259258937979200965e+00,8.500000000000000611e-02,1.068500133514404382e+01,8.939999999999999503e+00,0.000000000000000000e+00
