2.000000000000000111e-01,1.324987030029297075e-01,1.049552198410034265e+01,6.000000000000000000e+00,0.000000000000000000e+00
2.001548561254148650e-01,2.048406219482422075e-01,1.063750120162963952e+01,6.000000000000000000e+00,0.000000000000000000e+00
2.002081674733763028e-01,3.114633178710937700e-01,1.063750120162963952e+01,6.000000000000000000e+00,3.750000000000000000e+05
2.005912582498288466e-01,1.324987030029297075e-01,1.028626676559448327e+01,6.000000000000000000e+00,0.000000000000000000e+00
2.006958860975003589e-01,1.324987030029297075e-01,1.007701107025146570e+01,6.000000000000000000e+00,3.750000000000000000e+05
2.013072110963628758e-01,4.180841064453125200e-01,1.063750120162963952e+01,6.000000000000000000e+00,0.000000000000000000e+00
2.013605214906499796e-01,5.247048950195312145e-01,1.063750120162963952e+01,6.000000000000000000e+00,3.750000000000000000e+05
2.022000802990326085e-01,1.324987030029297075e-01,9.867755851745606321e+00,6.000000000000000000e+00,0.000000000000000000e+00
2.023047079082855304e-01,1.324987030029297075e-01,9.658500633239746946e+00,6.000000000000000000e+00,3.750000000000000000e+05
2.033725005261884378e-01,6.313256835937499645e-01,1.063750120162963952e+01,6.000000000000000000e+00,0.000000000000000000e+00
2.034258109204755416e-01,7.379464721679687145e-01,1.063750120162963952e+01,6.000000000000000000e+00,3.750000000000000000e+05
2.047218381736808923e-01,1.324987030029297075e-01,9.449244461059571165e+00,6.000000000000000000e+00,0.000000000000000000e+00
2.048264657829338142e-01,1.324987030029297075e-01,9.239989242553711790e+00,6.000000000000000000e+00,3.750000000000000000e+05
2.063507268456596655e-01,8.445672607421874645e-01,1.063750120162963952e+01,6.000000000000000000e+00,0.000000000000000000e+00
2.064040372399467693e-01,9.511880493164062145e-01,1.063750120162963952e+01,6.000000000000000000e+00,3.750000000000000000e+05
2.081565321121930934e-01,1.324987030029297075e-01,9.030734024047852415e+00,6.000000000000000000e+00,0.000000000000000000e+00
2.082611601982831684e-01,1.324987030029297075e-01,8.821477851867676634e+00,6.000000000000000000e+00,3.750000000000000000e+05
2.102418897058322966e-01,1.057808837890624964e+00,1.063750120162963952e+01,6.000000000000000000e+00,0.000000000000000000e+00
2.102952001001194005e-01,1.164429626464843714e+00,1.063750120162963952e+01,6.000000000000000000e+00,3.750000000000000000e+05
2.125041634171890570e-01,1.324987030029297075e-01,8.612222633361817259e+00,6.000000000000000000e+00,0.000000000000000000e+00
2.126087910264419789e-01,1.324987030029297075e-01,8.402967414855957884e+00,6.000000000000000000e+00,3.750000000000000000e+05
2.150459889945468828e-01,1.271052322387695277e+00,1.063750120162963952e+01,6.000000000000000000e+00,0.000000000000000000e+00
2.150992993888339866e-01,1.377673110961914027e+00,1.063750120162963952e+01,6.000000000000000000e+00,3.750000000000000000e+05
2.177647311664593355e-01,1.324987030029297075e-01,8.193712196350098509e+00,6.000000000000000000e+00,0.000000000000000000e+00
2.178693592525494105e-01,1.324987030029297075e-01,7.984456024169921839e+00,6.000000000000000000e+00,3.750000000000000000e+05
2.207630256654773970e-01,1.484293899536132777e+00,1.063750120162963952e+01,6.000000000000000000e+00,0.000000000000000000e+00
2.208163360597645009e-01,1.590914688110351527e+00,1.063750120162963952e+01,6.000000000000000000e+00,3.750000000000000000e+05
2.239382362822129879e-01,1.324987030029297075e-01,7.775200805664062464e+00,6.000000000000000000e+00,0.000000000000000000e+00
2.240428638914659099e-01,1.324987030029297075e-01,7.565945587158203089e+00,6.000000000000000000e+00,3.750000000000000000e+05
2.273929979234348975e-01,1.697535476684570277e+00,1.063750120162963952e+01,6.000000000000000000e+00,0.000000000000000000e+00
2.274463083177220013e-01,1.804156265258789027e+00,1.063750120162963952e+01,6.000000000000000000e+00,3.750000000000000000e+05
2.310246761592114895e-01,1.324987030029297075e-01,7.356690368652343714e+00,6.000000000000000000e+00,0.000000000000000000e+00
2.311293042453015645e-01,1.324987030029297075e-01,7.147434196472167933e+00,6.000000000000000000e+00,3.750000000000000000e+05
2.349359067220938291e-01,1.910777053833007777e+00,1.063750120162963952e+01,6.000000000000000000e+00,0.000000000000000000e+00
2.349892171163809329e-01,2.017397842407226527e+00,1.063750120162963952e+01,6.000000000000000000e+00,3.750000000000000000e+05
2.390240534026937258e-01,1.324987030029297075e-01,6.938178977966308558e+00,6.000000000000000000e+00,0.000000000000000000e+00
2.391286810119466477e-01,1.324987030029297075e-01,6.728923759460449183e+00,6.000000000000000000e+00,3.750000000000000000e+05
2.433917511077799412e-01,2.124018630981445277e+00,1.063750120162963952e+01,6.000000000000000000e+00,0.000000000000000000e+00
2.434450615020670450e-01,2.230639419555664027e+00,1.063750120162963952e+01,6.000000000000000000e+00,3.750000000000000000e+05
2.479363662332032259e-01,1.324987030029297075e-01,6.519667587280273402e+00,6.000000000000000000e+00,0.000000000000000000e+00
2.480409938424561478e-01,1.324987030029297075e-01,6.310412368774414027e+00,6.000000000000000000e+00,3.750000000000000000e+05
2.527605332246272707e-01,2.337262115478515589e+00,1.063750120162963952e+01,6.000000000000000000e+00,0.000000000000000000e+00
2.528138436189144023e-01,2.443882904052734339e+00,1.063750120162963952e+01,6.000000000000000000e+00,3.750000000000000000e+05
2.577616168106059980e-01,1.324987030029297075e-01,6.101157150268554652e+00,6.000000000000000000e+00,0.000000000000000000e+00
2.578662444198589476e-01,1.324987030029297075e-01,5.891901931762695277e+00,6.000000000000000000e+00,3.750000000000000000e+05
2.630422514210710716e-01,2.550503692626953089e+00,1.063750120162963952e+01,6.000000000000000000e+00,0.000000000000000000e+00
2.630955618153582032e-01,2.657124481201171839e+00,1.063750120162963952e+01,6.000000000000000000e+00,3.750000000000000000e+05
2.684998034518731314e-01,1.324987030029297075e-01,5.682645759582519496e+00,6.000000000000000000e+00,0.000000000000000000e+00
2.686044310611260810e-01,1.324987030029297075e-01,5.473390541076660121e+00,6.000000000000000000e+00,3.750000000000000000e+05
2.742369065071614820e-01,2.763745269775390589e+00,1.063750120162963952e+01,6.000000000000000000e+00,0.000000000000000000e+00
2.742902169014486136e-01,2.870366058349609339e+00,1.063750120162963952e+01,6.000000000000000000e+00,3.750000000000000000e+05
2.801509261570045428e-01,1.324987030029297075e-01,5.264135322570800746e+00,6.000000000000000000e+00,0.000000000000000000e+00
2.802555537662574925e-01,1.324987030029297075e-01,5.054880104064941371e+00,6.000000000000000000e+00,3.750000000000000000e+05
2.863444968313339500e-01,2.976986846923828089e+00,1.063750120162963952e+01,6.000000000000000000e+00,0.000000000000000000e+00
2.863978072256210816e-01,3.083607635498046839e+00,1.063750120162963952e+01,6.000000000000000000e+00,3.750000000000000000e+05
2.927149849260003989e-01,1.324987030029297075e-01,4.845623931884765589e+00,6.000000000000000000e+00,0.000000000000000000e+00
2.928196125352533485e-01,1.324987030029297075e-01,4.636368713378906214e+00,6.000000000000000000e+00,3.750000000000000000e+05
2.993650240451531386e-01,3.190228424072265589e+00,1.063750120162963952e+01,6.000000000000000000e+00,0.000000000000000000e+00
2.994183353931145763e-01,3.296851119995117152e+00,1.063750120162963952e+01,6.000000000000000000e+00,3.750000000000000000e+05
3.061919815540493639e-01,1.324987030029297075e-01,4.427113494873046839e+00,6.000000000000000000e+00,0.000000000000000000e+00
3.062966091633023136e-01,1.324987030029297075e-01,4.217858276367187464e+00,6.000000000000000000e+00,3.750000000000000000e+05
3.132984891337575739e-01,3.403471908569335902e+00,1.063750120162963952e+01,6.000000000000000000e+00,0.000000000000000000e+00
3.133517995280447055e-01,3.510092697143554652e+00,1.063750120162963952e+01,6.000000000000000000e+00,3.750000000000000000e+05
3.205819141338027700e-01,1.324987030029297075e-01,4.008602104187011683e+00,6.000000000000000000e+00,0.000000000000000000e+00
3.206865417430557197e-01,1.324987030029297075e-01,3.799346885681152308e+00,6.000000000000000000e+00,3.750000000000000000e+05
3.281448901583342570e-01,3.616713485717773402e+00,1.063750120162963952e+01,6.000000000000000000e+00,0.000000000000000000e+00
3.281982005526213886e-01,3.723334274291992152e+00,1.063750120162963952e+01,6.000000000000000000e+00,3.750000000000000000e+05
3.358847827774204542e-01,1.324987030029297075e-01,3.590091667175292933e+00,6.000000000000000000e+00,0.000000000000000000e+00
3.359894108635105292e-01,1.324987030029297075e-01,3.380835494995117152e+00,6.000000000000000000e+00,3.750000000000000000e+05
3.439042277236124545e-01,3.829955062866210902e+00,1.063750120162963952e+01,6.000000000000000000e+00,0.000000000000000000e+00
3.439575381178995861e-01,3.936575851440429652e+00,1.063750120162963952e+01,6.000000000000000000e+00,3.750000000000000000e+05
3.521005887875219842e-01,1.324987030029297075e-01,3.171580276489257777e+00,6.000000000000000000e+00,0.000000000000000000e+00
3.522052163967749339e-01,1.324987030029297075e-01,2.962325057983398402e+00,6.000000000000000000e+00,3.750000000000000000e+05
3.605765008759178603e-01,4.043196640014648402e+00,1.063750120162963952e+01,6.000000000000000000e+00,0.000000000000000000e+00
3.606298112702049918e-01,4.149817428588867152e+00,1.063750120162963952e+01,6.000000000000000000e+00,3.750000000000000000e+05
3.692293295588684465e-01,1.324987030029297075e-01,2.753069839477539027e+00,6.000000000000000000e+00,0.000000000000000000e+00
3.693339576449585215e-01,1.324987030029297075e-01,2.543813667297363246e+00,6.000000000000000000e+00,3.750000000000000000e+05
3.781617105689248359e-01,4.256438217163085902e+00,1.063750120162963952e+01,6.000000000000000000e+00,0.000000000000000000e+00
3.782150219168862737e-01,4.363060913085937464e+00,1.063750120162963952e+01,6.000000000000000000e+00,3.750000000000000000e+05
3.872710094918874746e-01,1.324987030029297075e-01,2.334558448791503871e+00,6.000000000000000000e+00,0.000000000000000000e+00
3.873756371011404243e-01,1.324987030029297075e-01,2.125303230285644496e+00,6.000000000000000000e+00,3.750000000000000000e+05
3.966598584856621534e-01,4.469681701660156214e+00,1.063750120162963952e+01,6.000000000000000000e+00,0.000000000000000000e+00
3.967131688799492850e-01,4.576302490234374964e+00,1.063750120162963952e+01,6.000000000000000000e+00,3.750000000000000000e+05
4.062256240739914870e-01,1.324987030029297075e-01,1.916048011779785121e+00,6.000000000000000000e+00,0.000000000000000000e+00
4.063302521600815620e-01,1.324987030029297075e-01,1.706791839599609339e+00,6.000000000000000000e+00,3.750000000000000000e+05
4.160709419894266237e-01,4.682923278808593714e+00,1.063750120162963952e+01,6.000000000000000000e+00,0.000000000000000000e+00
4.161242523837137552e-01,4.789544067382812464e+00,1.063750120162963952e+01,6.000000000000000000e+00,3.750000000000000000e+05
4.260931760225793452e-01,1.324987030029297075e-01,1.497536621093749964e+00,6.000000000000000000e+00,0.000000000000000000e+00
4.261978036318322949e-01,1.324987030029297075e-01,1.288281402587890589e+00,6.000000000000000000e+00,3.750000000000000000e+05
4.363949610802183576e-01,4.896164855957031214e+00,1.063750120162963952e+01,6.000000000000000000e+00,0.000000000000000000e+00
4.364482714745054892e-01,5.002785644531249964e+00,1.063750120162963952e+01,6.000000000000000000e+00,3.750000000000000000e+05
4.468736627324120803e-01,1.324987030029297075e-01,1.079026184082031214e+00,6.000000000000000000e+00,0.000000000000000000e+00
4.469782912953393361e-01,1.324987030029297075e-01,8.697690582275390270e-01,6.000000000000000000e+00,3.750000000000000000e+05
4.576319180143311183e-01,5.109406433105468714e+00,1.063750120162963952e+01,6.000000000000000000e+00,0.000000000000000000e+00
4.576852284086182499e-01,5.216027221679687464e+00,1.063750120162963952e+01,6.000000000000000000e+00,3.750000000000000000e+05
4.685670889371305603e-01,1.324987030029297075e-01,6.605138397216796520e-01,6.000000000000000000e+00,0.000000000000000000e+00
4.686717165463835100e-01,1.324987030029297075e-01,4.512586212158203325e-01,6.000000000000000000e+00,3.750000000000000000e+05
4.797818117259306514e-01,5.322649917602539027e+00,1.063750120162963952e+01,6.000000000000000000e+00,0.000000000000000000e+00
4.798351221202177830e-01,5.429270706176757777e+00,1.063750120162963952e+01,6.000000000000000000e+00,3.750000000000000000e+05
4.911734511092854527e-01,1.324987030029297075e-01,2.420034027099609575e-01,6.000000000000000000e+00,0.000000000000000000e+00
4.912338130346681209e-01,1.833257293701172075e-01,1.325006103515625200e-01,6.000000000000000000e+00,3.750000000000000000e+05
5.026915759794159388e-01,5.535891494750976527e+00,1.063750120162963952e+01,6.000000000000000000e+00,0.000000000000000000e+00
5.027448863737030704e-01,5.642512283325195277e+00,1.063750120162963952e+01,6.000000000000000000e+00,3.750000000000000000e+05
5.142026493184508329e-01,2.899465179443359575e-01,1.325006103515625200e-01,6.000000000000000000e+00,0.000000000000000000e+00
5.142559606664122152e-01,3.965692138671875200e-01,1.325006103515625200e-01,6.000000000000000000e+00,3.750000000000000000e+05
5.257137227696457860e-01,5.749133071899414027e+00,1.063750120162963952e+01,6.000000000000000000e+00,0.000000000000000000e+00
5.257670331639329175e-01,5.855753860473632777e+00,1.063750120162963952e+01,6.000000000000000000e+00,3.750000000000000000e+05
5.372247952671664883e-01,5.031900024414062145e-01,1.325006103515625200e-01,6.000000000000000000e+00,0.000000000000000000e+00
5.372781056614536199e-01,6.098107910156249645e-01,1.325006103515625200e-01,6.000000000000000000e+00,3.750000000000000000e+05
5.487358677646871907e-01,5.962374649047851527e+00,1.063750120162963952e+01,6.000000000000000000e+00,0.000000000000000000e+00
5.487891781589743223e-01,6.068995437622070277e+00,1.063750120162963952e+01,6.000000000000000000e+00,3.750000000000000000e+05
5.602469402622078931e-01,7.164315795898437145e-01,1.325006103515625200e-01,6.000000000000000000e+00,0.000000000000000000e+00
5.603002506564950247e-01,8.230523681640624645e-01,1.325006103515625200e-01,6.000000000000000000e+00,3.750000000000000000e+05
5.717580127597285955e-01,6.175616226196289027e+00,1.063750120162963952e+01,6.000000000000000000e+00,0.000000000000000000e+00
5.718113231540157271e-01,6.282237014770507777e+00,1.063750120162963952e+01,6.000000000000000000e+00,3.750000000000000000e+05
5.832690852572492979e-01,9.296731567382812145e-01,1.325006103515625200e-01,6.000000000000000000e+00,0.000000000000000000e+00
5.833223956515364295e-01,1.036293945312499964e+00,1.325006103515625200e-01,6.000000000000000000e+00,3.750000000000000000e+05
5.947801585962841919e-01,6.388859710693359339e+00,1.063750120162963952e+01,6.000000000000000000e+00,0.000000000000000000e+00
5.948334685137341982e-01,6.495479545593261683e+00,1.063750120162963952e+01,6.000000000000000000e+00,3.750000000000000000e+05
6.062912310377248648e-01,1.142914733886718714e+00,1.325006103515625200e-01,6.000000000000000000e+00,0.000000000000000000e+00
6.063445414320119964e-01,1.249535522460937464e+00,1.325006103515625200e-01,6.000000000000000000e+00,3.750000000000000000e+05
6.178023043767597589e-01,6.602101287841796839e+00,1.063750120162963952e+01,6.000000000000000000e+00,0.000000000000000000e+00
6.178556147710468904e-01,6.708722076416015589e+00,1.063750120162963952e+01,6.000000000000000000e+00,3.750000000000000000e+05
6.293133777157946529e-01,1.356156311035156214e+00,1.325006103515625200e-01,6.000000000000000000e+00,0.000000000000000000e+00
6.293666890637560352e-01,1.462779006958007777e+00,1.325006103515625200e-01,6.000000000000000000e+00,3.750000000000000000e+05
6.408244511669896060e-01,6.815342864990234339e+00,1.063750120162963952e+01,6.000000000000000000e+00,0.000000000000000000e+00
6.408777615612767375e-01,6.921963653564453089e+00,1.063750120162963952e+01,6.000000000000000000e+00,3.750000000000000000e+05
6.523355236645103084e-01,1.569399795532226527e+00,1.325006103515625200e-01,6.000000000000000000e+00,0.000000000000000000e+00
6.523888340587974399e-01,1.676020584106445277e+00,1.325006103515625200e-01,6.000000000000000000e+00,3.750000000000000000e+05
6.638465961620310107e-01,7.028584442138671839e+00,1.063750120162963952e+01,6.000000000000000000e+00,0.000000000000000000e+00
6.638999070331552677e-01,7.135206184387206996e+00,1.063750120162963952e+01,6.000000000000000000e+00,3.750000000000000000e+05
6.753576695571459343e-01,1.782641372680664027e+00,1.325006103515625200e-01,6.000000000000000000e+00,0.000000000000000000e+00
6.754109799514330659e-01,1.889262161254882777e+00,1.325006103515625200e-01,6.000000000000000000e+00,3.750000000000000000e+05
6.868687424754237325e-01,7.241826972961425746e+00,1.063750120162963952e+01,6.000000000000000000e+00,0.000000000000000000e+00
6.869220528697108641e-01,7.348447761535644496e+00,1.063750120162963952e+01,6.000000000000000000e+00,3.750000000000000000e+05
6.983798153937015307e-01,1.995882949829101527e+00,1.325006103515625200e-01,6.000000000000000000e+00,0.000000000000000000e+00
6.984331257879886623e-01,2.102503738403320277e+00,1.325006103515625200e-01,6.000000000000000000e+00,3.750000000000000000e+05
7.098908883119793289e-01,7.455068550109863246e+00,1.063750120162963952e+01,6.000000000000000000e+00,0.000000000000000000e+00
7.099441991831035859e-01,7.561690292358398402e+00,1.063750120162963952e+01,6.000000000000000000e+00,3.750000000000000000e+05
7.214019621278513483e-01,2.209124526977539027e+00,1.325006103515625200e-01,6.000000000000000000e+00,0.000000000000000000e+00
7.214552725221384799e-01,2.315745315551757777e+00,1.325006103515625200e-01,6.000000000000000000e+00,3.750000000000000000e+05
7.329130354668862424e-01,7.668311080932617152e+00,1.063750120162963952e+01,6.000000000000000000e+00,0.000000000000000000e+00
7.329663458611733740e-01,7.774931869506835902e+00,1.063750120162963952e+01,6.000000000000000000e+00,3.750000000000000000e+05
7.444241079644069448e-01,2.422368011474609339e+00,1.325006103515625200e-01,6.000000000000000000e+00,0.000000000000000000e+00
7.444774183586940763e-01,2.528988800048828089e+00,1.325006103515625200e-01,6.000000000000000000e+00,3.750000000000000000e+05
7.559351804619276471e-01,7.881552658081054652e+00,1.063750120162963952e+01,6.000000000000000000e+00,0.000000000000000000e+00
7.559884908562147787e-01,7.988173446655273402e+00,1.063750120162963952e+01,6.000000000000000000e+00,3.750000000000000000e+05
7.674462529594483495e-01,2.635609588623046839e+00,1.325006103515625200e-01,6.000000000000000000e+00,0.000000000000000000e+00
7.674995633537354811e-01,2.742230377197265589e+00,1.325006103515625200e-01,6.000000000000000000e+00,3.750000000000000000e+05
7.789573258777261477e-01,8.094795188903809446e+00,1.063750120162963952e+01,6.000000000000000000e+00,0.000000000000000000e+00
7.790106362720132793e-01,8.201415977478028196e+00,1.063750120162963952e+01,6.000000000000000000e+00,3.750000000000000000e+05
7.904683987960039460e-01,2.848851165771484339e+00,1.325006103515625200e-01,6.000000000000000000e+00,0.000000000000000000e+00
7.905217091902910775e-01,2.955471954345703089e+00,1.325006103515625200e-01,6.000000000000000000e+00,3.750000000000000000e+05
8.019794717142817442e-01,8.308036766052246946e+00,1.063750120162963952e+01,6.000000000000000000e+00,0.000000000000000000e+00
8.020327821085688758e-01,8.414657554626465696e+00,1.063750120162963952e+01,6.000000000000000000e+00,3.750000000000000000e+05
8.134905446325595424e-01,3.062092742919921839e+00,1.325006103515625200e-01,6.000000000000000000e+00,0.000000000000000000e+00
8.135438550268466740e-01,3.168713531494140589e+00,1.325006103515625200e-01,6.000000000000000000e+00,3.750000000000000000e+05
8.250016179715944364e-01,8.521279296875000853e+00,1.063750120162963952e+01,6.000000000000000000e+00,0.000000000000000000e+00
8.250549283658815680e-01,8.627900085449219603e+00,1.063750120162963952e+01,6.000000000000000000e+00,3.750000000000000000e+05
8.365126913106293305e-01,3.275334320068359339e+00,1.325006103515625200e-01,6.000000000000000000e+00,0.000000000000000000e+00
8.365660017049164621e-01,3.381955108642578089e+00,1.325006103515625200e-01,6.000000000000000000e+00,3.750000000000000000e+05
8.480237646496642245e-01,8.734520874023438353e+00,1.063750120162963952e+01,6.000000000000000000e+00,0.000000000000000000e+00
8.480770750439513561e-01,8.841141662597657103e+00,1.063750120162963952e+01,6.000000000000000000e+00,3.750000000000000000e+05
8.595348371471849269e-01,3.488577804565429652e+00,1.325006103515625200e-01,6.000000000000000000e+00,0.000000000000000000e+00
8.595881475414720585e-01,3.595198593139648402e+00,1.325006103515625200e-01,6.000000000000000000e+00,3.750000000000000000e+05
8.710459100654627251e-01,8.947763404846192259e+00,1.063750120162963952e+01,6.000000000000000000e+00,0.000000000000000000e+00
8.710992204597498567e-01,9.054384193420411009e+00,1.063750120162963952e+01,6.000000000000000000e+00,3.750000000000000000e+05
8.825569829837405234e-01,3.701819381713867152e+00,1.325006103515625200e-01,6.000000000000000000e+00,0.000000000000000000e+00
8.826102933780276549e-01,3.808440170288085902e+00,1.325006103515625200e-01,6.000000000000000000e+00,3.750000000000000000e+05
8.940680559020183216e-01,9.161004981994629759e+00,1.063750120162963952e+01,6.000000000000000000e+00,0.000000000000000000e+00
8.941213662963054531e-01,9.267625770568848509e+00,1.063750120162963952e+01,6.000000000000000000e+00,3.750000000000000000e+05
9.055791288202961198e-01,3.915060958862304652e+00,1.325006103515625200e-01,6.000000000000000000e+00,0.000000000000000000e+00
9.056324392145832514e-01,4.021681747436523402e+00,1.325006103515625200e-01,6.000000000000000000e+00,3.750000000000000000e+05
9.170902017385739180e-01,9.374246559143067259e+00,1.063750120162963952e+01,6.000000000000000000e+00,0.000000000000000000e+00
9.171435126096981749e-01,9.480868301391602415e+00,1.063750120162963952e+01,6.000000000000000000e+00,3.750000000000000000e+05
9.286012755544459374e-01,4.128302536010742152e+00,1.325006103515625200e-01,6.000000000000000000e+00,0.000000000000000000e+00
9.286545859487330690e-01,4.234923324584960902e+00,1.325006103515625200e-01,6.000000000000000000e+00,3.750000000000000000e+05
9.401123488934808314e-01,9.587489089965821165e+00,1.063750120162963952e+01,6.000000000000000000e+00,0.000000000000000000e+00
9.401656592877679630e-01,9.694109878540039915e+00,1.063750120162963952e+01,6.000000000000000000e+00,3.750000000000000000e+05
9.516234222325157255e-01,4.341544113159179652e+00,1.325006103515625200e-01,6.000000000000000000e+00,0.000000000000000000e+00
9.516767326268028571e-01,4.448164901733398402e+00,1.325006103515625200e-01,6.000000000000000000e+00,3.750000000000000000e+05
9.631344955715506195e-01,9.800730667114258665e+00,1.063750120162963952e+01,6.000000000000000000e+00,0.000000000000000000e+00
9.631878059658377511e-01,9.907351455688477415e+00,1.063750120162963952e+01,6.000000000000000000e+00,3.750000000000000000e+05
9.746455680690713219e-01,4.554787597656249964e+00,1.325006103515625200e-01,6.000000000000000000e+00,0.000000000000000000e+00
9.746988784633584535e-01,4.661408386230468714e+00,1.325006103515625200e-01,6.000000000000000000e+00,3.750000000000000000e+05
9.861566409873491201e-01,1.001397319793701257e+01,1.063750120162963952e+01,6.000000000000000000e+00,0.000000000000000000e+00
9.862099513816362517e-01,1.012059398651123132e+01,1.063750120162963952e+01,6.000000000000000000e+00,3.750000000000000000e+05
9.976677139056269183e-01,4.768029174804687464e+00,1.325006103515625200e-01,6.000000000000000000e+00,0.000000000000000000e+00
9.977210242999140499e-01,4.874649963378906214e+00,1.325006103515625200e-01,6.000000000000000000e+00,3.750000000000000000e+05
1.009178786823904828e+00,1.022721477508545007e+01,1.063750120162963952e+01,6.000000000000000000e+00,0.000000000000000000e+00
1.009232097218191848e+00,1.033383556365966882e+01,1.063750120162963952e+01,6.000000000000000000e+00,3.750000000000000000e+05
1.020689859742182515e+00,4.981270751953124964e+00,1.325006103515625200e-01,6.000000000000000000e+00,0.000000000000000000e+00
1.020743170136469535e+00,5.087891540527343714e+00,1.325006103515625200e-01,6.000000000000000000e+00,3.750000000000000000e+05
1.032200933081217409e+00,1.044045730590820398e+01,1.063750120162963952e+01,6.000000000000000000e+00,0.000000000000000000e+00
1.032254243475504429e+00,1.054707809448242273e+01,1.063750120162963952e+01,6.000000000000000000e+00,3.750000000000000000e+05
1.043712006420252303e+00,5.194512329101562464e+00,1.325006103515625200e-01,6.000000000000000000e+00,0.000000000000000000e+00
1.043765316814539323e+00,5.301133117675781214e+00,1.325006103515625200e-01,6.000000000000000000e+00,3.750000000000000000e+05
1.055223079759287197e+00,1.065369888305664148e+01,1.063750120162963952e+01,6.000000000000000000e+00,0.000000000000000000e+00
1.055276390153574217e+00,1.076031967163086023e+01,1.063750120162963952e+01,6.000000000000000000e+00,3.750000000000000000e+05
1.066734153098322091e+00,5.407753906249999964e+00,1.325006103515625200e-01,6.000000000000000000e+00,0.000000000000000000e+00
1.066787464446283584e+00,5.514376602172851527e+00,1.325006103515625200e-01,6.000000000000000000e+00,3.750000000000000000e+05
1.078245226549517266e+00,1.086694046020507898e+01,1.063750120162963952e+01,6.000000000000000000e+00,0.000000000000000000e+00
1.078298537420641523e+00,1.097356220245361413e+01,1.063750120162963952e+01,6.000000000000000000e+00,3.750000000000000000e+05
1.089756299944632190e+00,5.620997390747070277e+00,1.325006103515625200e-01,6.000000000000000000e+00,0.000000000000000000e+00
1.089809610338919210e+00,5.727618179321289027e+00,1.325006103515625200e-01,6.000000000000000000e+00,3.750000000000000000e+05
1.101267372862909877e+00,1.108018299102783288e+01,1.063750120162963952e+01,6.000000000000000000e+00,0.000000000000000000e+00
1.101320683257196897e+00,1.118680377960205163e+01,1.063750120162963952e+01,6.000000000000000000e+00,3.750000000000000000e+05
1.112778445781187564e+00,5.834238967895507777e+00,1.325006103515625200e-01,6.000000000000000000e+00,0.000000000000000000e+00
1.112831756175474585e+00,5.940859756469726527e+00,1.325006103515625200e-01,6.000000000000000000e+00,3.750000000000000000e+05
1.124289518699465251e+00,1.129342456817627038e+01,1.063750120162963952e+01,6.000000000000000000e+00,0.000000000000000000e+00
1.124342829093752272e+00,1.140004535675048913e+01,1.063750120162963952e+01,6.000000000000000000e+00,3.750000000000000000e+05
1.135800591617742938e+00,6.047480545043945277e+00,1.325006103515625200e-01,6.000000000000000000e+00,0.000000000000000000e+00
1.135853902012029959e+00,6.154101333618164027e+00,1.325006103515625200e-01,6.000000000000000000e+00,3.750000000000000000e+05
1.147311664956777832e+00,1.150666709899902429e+01,1.063750120162963952e+01,6.000000000000000000e+00,0.000000000000000000e+00
1.147364975351064853e+00,1.161328788757324304e+01,1.063750120162963952e+01,6.000000000000000000e+00,3.750000000000000000e+05
1.158822738295812727e+00,6.260722122192382777e+00,1.325006103515625200e-01,6.000000000000000000e+00,0.000000000000000000e+00
1.158876048690099747e+00,6.367342910766601527e+00,1.325006103515625200e-01,6.000000000000000000e+00,3.750000000000000000e+05
1.170333811634847621e+00,1.171990867614746179e+01,1.063750120162963952e+01,6.000000000000000000e+00,0.000000000000000000e+00
1.170387122029134641e+00,1.182652946472168054e+01,1.063750120162963952e+01,6.000000000000000000e+00,3.750000000000000000e+05
1.181844884132368323e+00,6.473965606689453089e+00,1.325006103515625200e-01,6.000000000000000000e+00,0.000000000000000000e+00
1.181898194049818329e+00,6.580585441589355433e+00,1.325006103515625200e-01,6.000000000000000000e+00,3.750000000000000000e+05
1.193355956994566203e+00,1.193315120697021570e+01,1.063750120162963952e+01,6.000000000000000000e+00,0.000000000000000000e+00
1.193409267388853223e+00,1.203977199554443445e+01,1.063750120162963952e+01,6.000000000000000000e+00,3.750000000000000000e+05
1.204867030333601097e+00,6.687206230163574183e+00,1.325006103515625200e-01,6.000000000000000000e+00,0.000000000000000000e+00
1.204920341204725354e+00,6.793827972412109339e+00,1.325006103515625200e-01,6.000000000000000000e+00,3.750000000000000000e+05
1.216378103728716020e+00,1.214639278411865320e+01,1.063750120162963952e+01,6.000000000000000000e+00,0.000000000000000000e+00
1.216431414123003041e+00,1.225301357269287195e+01,1.063750120162963952e+01,6.000000000000000000e+00,3.750000000000000000e+05
1.227889176646993707e+00,6.900448760986328089e+00,1.325006103515625200e-01,6.000000000000000000e+00,0.000000000000000000e+00
1.227942487041280728e+00,7.007069549560546839e+00,1.325006103515625200e-01,6.000000000000000000e+00,3.750000000000000000e+05
1.239400249565271395e+00,1.235963436126709070e+01,1.063750120162963952e+01,6.000000000000000000e+00,0.000000000000000000e+00
1.239453560436395652e+00,1.246625610351562585e+01,1.063750120162963952e+01,6.000000000000000000e+00,3.750000000000000000e+05
1.250911323381143525e+00,7.113690338134765589e+00,1.325006103515625200e-01,6.000000000000000000e+00,0.000000000000000000e+00
1.250964634252267782e+00,7.220312080383300746e+00,1.325006103515625200e-01,6.000000000000000000e+00,3.750000000000000000e+05
1.262422396776258449e+00,1.257287689208984460e+01,1.063750120162963952e+01,6.000000000000000000e+00,0.000000000000000000e+00
1.262475707170545469e+00,1.267949768066406335e+01,1.063750120162963952e+01,6.000000000000000000e+00,3.750000000000000000e+05
1.273933469694536136e+00,7.326932868957519496e+00,1.325006103515625200e-01,6.000000000000000000e+00,0.000000000000000000e+00
1.273986780088823156e+00,7.433553657531738246e+00,1.325006103515625200e-01,6.000000000000000000e+00,3.750000000000000000e+05
1.285444542612813823e+00,1.278611846923828210e+01,1.063750120162963952e+01,6.000000000000000000e+00,0.000000000000000000e+00
1.285497853007100844e+00,1.289273925781250085e+01,1.063750120162963952e+01,6.000000000000000000e+00,3.750000000000000000e+05
1.296955615531091510e+00,7.540174446105956996e+00,1.325006103515625200e-01,6.000000000000000000e+00,0.000000000000000000e+00
1.297008925925378531e+00,7.646795234680175746e+00,1.325006103515625200e-01,6.000000000000000000e+00,3.750000000000000000e+05
1.308466688870126404e+00,1.299936100006103601e+01,1.063750120162963952e+01,6.000000000000000000e+00,0.000000000000000000e+00
1.308519999264413425e+00,1.310598178863525476e+01,1.063750120162963952e+01,6.000000000000000000e+00,3.750000000000000000e+05
1.319977761788404091e+00,7.753416976928710902e+00,1.325006103515625200e-01,6.000000000000000000e+00,0.000000000000000000e+00
1.320031072182691112e+00,7.860037765502929652e+00,1.325006103515625200e-01,6.000000000000000000e+00,3.750000000000000000e+05
1.331488834706681779e+00,1.321260257720947351e+01,1.063750120162963952e+01,6.000000000000000000e+00,0.000000000000000000e+00
1.331542145100968799e+00,1.331922336578369226e+01,1.063750120162963952e+01,6.000000000000000000e+00,3.750000000000000000e+05
1.342999907624959466e+00,7.966658554077148402e+00,1.325006103515625200e-01,6.000000000000000000e+00,0.000000000000000000e+00
1.343053218019246486e+00,8.073279342651368040e+00,1.325006103515625200e-01,6.000000000000000000e+00,3.750000000000000000e+05
1.354510980963994360e+00,1.342584510803222742e+01,1.063750120162963952e+01,6.000000000000000000e+00,0.000000000000000000e+00
1.354564291358281380e+00,1.353246589660644617e+01,1.063750120162963952e+01,6.000000000000000000e+00,3.750000000000000000e+05
1.366022053882272047e+00,8.179901084899903196e+00,1.325006103515625200e-01,6.000000000000000000e+00,0.000000000000000000e+00
1.366075364276559068e+00,8.286521873474121946e+00,1.325006103515625200e-01,6.000000000000000000e+00,3.750000000000000000e+05
1.377533126800549734e+00,1.363908668518066492e+01,1.063750120162963952e+01,6.000000000000000000e+00,0.000000000000000000e+00
1.377586437194836755e+00,1.374570747375488367e+01,1.063750120162963952e+01,6.000000000000000000e+00,3.750000000000000000e+05
1.389044199718827421e+00,8.393142662048340696e+00,1.325006103515625200e-01,6.000000000000000000e+00,0.000000000000000000e+00
1.389097510113114442e+00,8.499763450622559446e+00,1.325006103515625200e-01,6.000000000000000000e+00,3.750000000000000000e+05
1.400555272637105109e+00,1.385232826232910242e+01,1.063750120162963952e+01,6.000000000000000000e+00,0.000000000000000000e+00
1.400608583508229366e+00,1.395895000457763757e+01,1.063750120162963952e+01,6.000000000000000000e+00,3.750000000000000000e+05
1.412066346032220032e+00,8.606385192871094603e+00,1.325006103515625200e-01,6.000000000000000000e+00,0.000000000000000000e+00
1.412119656426507053e+00,8.713005981445313353e+00,1.325006103515625200e-01,6.000000000000000000e+00,3.750000000000000000e+05
1.423577418950497719e+00,1.406557079315185632e+01,1.063750120162963952e+01,6.000000000000000000e+00,0.000000000000000000e+00
1.423630729344784740e+00,1.417219158172607507e+01,1.063750120162963952e+01,6.000000000000000000e+00,3.750000000000000000e+05
1.435088491868775407e+00,8.819626770019532103e+00,1.325006103515625200e-01,6.000000000000000000e+00,0.000000000000000000e+00
1.435141802263062427e+00,8.926247558593750853e+00,1.325006103515625200e-01,6.000000000000000000e+00,3.750000000000000000e+05
1.446599564787053094e+00,1.427881237030029382e+01,1.063750120162963952e+01,6.000000000000000000e+00,0.000000000000000000e+00
1.446652875181340114e+00,1.438543315887451257e+01,1.063750120162963952e+01,6.000000000000000000e+00,3.750000000000000000e+05
1.458110637705330781e+00,9.032868347167969603e+00,1.325006103515625200e-01,6.000000000000000000e+00,0.000000000000000000e+00
1.458163948576455038e+00,9.139490089416504759e+00,1.325006103515625200e-01,6.000000000000000000e+00,3.750000000000000000e+05
1.469621711100445705e+00,1.449205490112304773e+01,1.063750120162963952e+01,6.000000000000000000e+00,0.000000000000000000e+00
1.469675021494732725e+00,1.459867568969726648e+01,1.063750120162963952e+01,6.000000000000000000e+00,3.750000000000000000e+05
1.481132784018723392e+00,9.246110877990723509e+00,1.325006103515625200e-01,6.000000000000000000e+00,0.000000000000000000e+00
1.481186094413010412e+00,9.352731666564942259e+00,1.325006103515625200e-01,6.000000000000000000e+00,3.750000000000000000e+05
1.492643856937001079e+00,1.470529647827148523e+01,1.063750120162963952e+01,6.000000000000000000e+00,0.000000000000000000e+00
1.492697167331288099e+00,1.481191726684570398e+01,1.063750120162963952e+01,6.000000000000000000e+00,3.750000000000000000e+05
1.504154929855278766e+00,9.459352455139161009e+00,1.325006103515625200e-01,6.000000000000000000e+00,0.000000000000000000e+00
1.504208240249565787e+00,9.565973243713379759e+00,1.325006103515625200e-01,6.000000000000000000e+00,3.750000000000000000e+05
1.515666003194313660e+00,1.491853900909423913e+01,1.063750120162963952e+01,6.000000000000000000e+00,0.000000000000000000e+00
1.515719313588600681e+00,1.502515979766845788e+01,1.063750120162963952e+01,6.000000000000000000e+00,3.750000000000000000e+05
1.527177076112591347e+00,9.672594985961914915e+00,1.325006103515625200e-01,6.000000000000000000e+00,0.000000000000000000e+00
1.527230386506878368e+00,9.779215774536133665e+00,1.325006103515625200e-01,6.000000000000000000e+00,3.750000000000000000e+05
1.538688149030869035e+00,1.513178058624267663e+01,1.063750120162963952e+01,6.000000000000000000e+00,0.000000000000000000e+00
1.538741459425156055e+00,1.523840137481689538e+01,1.063750120162963952e+01,6.000000000000000000e+00,3.750000000000000000e+05
1.550199221949146722e+00,9.885836563110352415e+00,1.325006103515625200e-01,6.000000000000000000e+00,0.000000000000000000e+00
1.550252532343433742e+00,9.992457351684571165e+00,1.325006103515625200e-01,6.000000000000000000e+00,3.750000000000000000e+05
1.561710294867424409e+00,1.534502216339111413e+01,1.063750120162963952e+01,6.000000000000000000e+00,0.000000000000000000e+00
1.561763605738548666e+00,1.545164390563964929e+01,1.063750120162963952e+01,6.000000000000000000e+00,3.750000000000000000e+05
1.573221368262539333e+00,1.009907909393310632e+01,1.325006103515625200e-01,6.000000000000000000e+00,0.000000000000000000e+00
1.573274678656826353e+00,1.020569988250732507e+01,1.325006103515625200e-01,6.000000000000000000e+00,3.750000000000000000e+05
1.584732441180817020e+00,1.555826469421386804e+01,1.063750120162963952e+01,6.000000000000000000e+00,0.000000000000000000e+00
1.584785751575104040e+00,1.566488548278808679e+01,1.063750120162963952e+01,6.000000000000000000e+00,3.750000000000000000e+05
1.596243514099094707e+00,1.031232067108154382e+01,1.325006103515625200e-01,6.000000000000000000e+00,0.000000000000000000e+00
1.596296824493381727e+00,1.041894145965576257e+01,1.325006103515625200e-01,6.000000000000000000e+00,3.750000000000000000e+05
1.607754587017372394e+00,1.577150627136230554e+01,1.063750120162963952e+01,6.000000000000000000e+00,0.000000000000000000e+00
1.607807897411659415e+00,1.587812705993652429e+01,1.063750120162963952e+01,6.000000000000000000e+00,3.750000000000000000e+05
1.619265659935650081e+00,1.052556224822998132e+01,1.325006103515625200e-01,6.000000000000000000e+00,0.000000000000000000e+00
1.619318970806774338e+00,1.063218399047851648e+01,1.325006103515625200e-01,6.000000000000000000e+00,3.750000000000000000e+05
1.630776733330765005e+00,1.598474880218505945e+01,1.063750120162963952e+01,6.000000000000000000e+00,0.000000000000000000e+00
1.630830043725052025e+00,1.609136959075927820e+01,1.063750120162963952e+01,6.000000000000000000e+00,3.750000000000000000e+05
1.642287806249042692e+00,1.073880477905273523e+01,1.325006103515625200e-01,6.000000000000000000e+00,0.000000000000000000e+00
1.642341116643329713e+00,1.084542556762695398e+01,1.325006103515625200e-01,6.000000000000000000e+00,3.750000000000000000e+05
1.653798879167320379e+00,1.619799037933349695e+01,1.063750120162963952e+01,6.000000000000000000e+00,0.000000000000000000e+00
1.653852189561607400e+00,1.630461116790771570e+01,1.063750120162963952e+01,6.000000000000000000e+00,3.750000000000000000e+05
1.665309952085598066e+00,1.095204635620117273e+01,1.325006103515625200e-01,6.000000000000000000e+00,0.000000000000000000e+00
1.665363262479885087e+00,1.105866714477539148e+01,1.325006103515625200e-01,6.000000000000000000e+00,3.750000000000000000e+05
1.676821025003875754e+00,1.641123195648193445e+01,1.063750120162963952e+01,6.000000000000000000e+00,0.000000000000000000e+00
1.676874335398162774e+00,1.651785274505615320e+01,1.063750120162963952e+01,6.000000000000000000e+00,3.750000000000000000e+05
1.688332097501396456e+00,1.116528888702392663e+01,1.325006103515625200e-01,6.000000000000000000e+00,0.000000000000000000e+00
1.688385407895683477e+00,1.127190967559814538e+01,1.325006103515625200e-01,6.000000000000000000e+00,3.750000000000000000e+05
1.699843169998917158e+00,1.662447353363037195e+01,1.063750120162963952e+01,6.000000000000000000e+00,0.000000000000000000e+00
1.699896481346878652e+00,1.673109622955322351e+01,1.063750120162963952e+01,6.000000000000000000e+00,3.750000000000000000e+05
1.711354244291626525e+00,1.137853046417236413e+01,1.325006103515625200e-01,6.000000000000000000e+00,0.000000000000000000e+00
1.711407554685913546e+00,1.148515125274658288e+01,1.325006103515625200e-01,6.000000000000000000e+00,3.750000000000000000e+05
1.722865317630661419e+00,1.683771701812744226e+01,1.063750120162963952e+01,6.000000000000000000e+00,0.000000000000000000e+00
1.722918628024948440e+00,1.694433780670166101e+01,1.063750120162963952e+01,6.000000000000000000e+00,3.750000000000000000e+05
1.734376390548939106e+00,1.159177299499511804e+01,1.325006103515625200e-01,6.000000000000000000e+00,0.000000000000000000e+00
1.734429700943226127e+00,1.169839378356933679e+01,1.325006103515625200e-01,6.000000000000000000e+00,3.750000000000000000e+05
1.745887463467216794e+00,1.705095859527587976e+01,1.063750120162963952e+01,6.000000000000000000e+00,0.000000000000000000e+00
1.745940773861503814e+00,1.715757938385009851e+01,1.063750120162963952e+01,6.000000000000000000e+00,3.750000000000000000e+05
1.757398536385494481e+00,1.180501457214355554e+01,1.325006103515625200e-01,6.000000000000000000e+00,0.000000000000000000e+00
1.757451846779781501e+00,1.191163536071777429e+01,1.325006103515625200e-01,6.000000000000000000e+00,3.750000000000000000e+05
1.768909609303772168e+00,1.726420017242431726e+01,1.063750120162963952e+01,6.000000000000000000e+00,0.000000000000000000e+00
1.768962919698059189e+00,1.737082096099853601e+01,1.063750120162963952e+01,6.000000000000000000e+00,3.750000000000000000e+05
1.780420682222049855e+00,1.201825614929199304e+01,1.325006103515625200e-01,6.000000000000000000e+00,0.000000000000000000e+00
1.780473993093174112e+00,1.212487789154052820e+01,1.325006103515625200e-01,6.000000000000000000e+00,3.750000000000000000e+05
1.791931755196407794e+00,1.747744174957275476e+01,1.063750120162963952e+01,6.000000000000000000e+00,0.000000000000000000e+00
1.791985065590694814e+00,1.758406253814697351e+01,1.063750120162963952e+01,6.000000000000000000e+00,3.750000000000000000e+05
1.803442827693928496e+00,1.223149868011474695e+01,1.325006103515625200e-01,6.000000000000000000e+00,0.000000000000000000e+00
1.803496138088215517e+00,1.233811946868896570e+01,1.325006103515625200e-01,6.000000000000000000e+00,3.750000000000000000e+05
1.814953901032963390e+00,1.769068523406982507e+01,1.063750120162963952e+01,6.000000000000000000e+00,0.000000000000000000e+00
1.815007211427250411e+00,1.779730602264404382e+01,1.063750120162963952e+01,6.000000000000000000e+00,3.750000000000000000e+05
1.826464974371998284e+00,1.244474025726318445e+01,1.325006103515625200e-01,6.000000000000000000e+00,0.000000000000000000e+00
1.826518284766285305e+00,1.255136104583740320e+01,1.325006103515625200e-01,6.000000000000000000e+00,3.750000000000000000e+05
1.837976047711033178e+00,1.790392681121826257e+01,1.063750120162963952e+01,6.000000000000000000e+00,0.000000000000000000e+00
1.838029358105320199e+00,1.801054759979248132e+01,1.063750120162963952e+01,6.000000000000000000e+00,3.750000000000000000e+05
1.849487120629310866e+00,1.265798278808593835e+01,1.325006103515625200e-01,6.000000000000000000e+00,0.000000000000000000e+00
1.849540431023597886e+00,1.276460357666015710e+01,1.325006103515625200e-01,6.000000000000000000e+00,3.750000000000000000e+05
1.860998193547588553e+00,1.811716838836670007e+01,1.063750120162963952e+01,6.000000000000000000e+00,0.000000000000000000e+00
1.861051503941875573e+00,1.822378917694091882e+01,1.063750120162963952e+01,6.000000000000000000e+00,3.750000000000000000e+05
1.872509266465866240e+00,1.287122436523437585e+01,1.325006103515625200e-01,6.000000000000000000e+00,0.000000000000000000e+00
1.872562576860153261e+00,1.297784515380859460e+01,1.325006103515625200e-01,6.000000000000000000e+00,3.750000000000000000e+05
1.884020339384143927e+00,1.833040996551513757e+01,1.063750120162963952e+01,6.000000000000000000e+00,0.000000000000000000e+00
1.884073649778430948e+00,1.843703075408935632e+01,1.063750120162963952e+01,6.000000000000000000e+00,3.750000000000000000e+05
1.895531411881664630e+00,1.308446689605712976e+01,1.325006103515625200e-01,6.000000000000000000e+00,0.000000000000000000e+00
1.895584722275951650e+00,1.319108768463134851e+01,1.325006103515625200e-01,6.000000000000000000e+00,3.750000000000000000e+05
1.907042484379185332e+00,1.854365154266357507e+01,1.063750120162963952e+01,6.000000000000000000e+00,0.000000000000000000e+00
1.907095795727146825e+00,1.865027423858642663e+01,1.063750120162963952e+01,6.000000000000000000e+00,3.750000000000000000e+05
1.918553558671894699e+00,1.329770847320556726e+01,1.325006103515625200e-01,6.000000000000000000e+00,0.000000000000000000e+00
1.918606869066181719e+00,1.340432926177978601e+01,1.325006103515625200e-01,6.000000000000000000e+00,3.750000000000000000e+05
1.930064632010929593e+00,1.875689502716064538e+01,1.063750120162963952e+01,6.000000000000000000e+00,0.000000000000000000e+00
1.930117942405216613e+00,1.886351581573486413e+01,1.063750120162963952e+01,6.000000000000000000e+00,3.750000000000000000e+05
1.941575705349964487e+00,1.351095005035400476e+01,1.325006103515625200e-01,6.000000000000000000e+00,0.000000000000000000e+00
1.941629016221088744e+00,1.361757179260253992e+01,1.325006103515625200e-01,6.000000000000000000e+00,3.750000000000000000e+05
1.953086778745079410e+00,1.897013660430908288e+01,1.063750120162963952e+01,6.000000000000000000e+00,0.000000000000000000e+00
1.953140089139366431e+00,1.907675739288330163e+01,1.063750120162963952e+01,6.000000000000000000e+00,3.750000000000000000e+05
1.964597851663357098e+00,1.372419258117675867e+01,1.325006103515625200e-01,6.000000000000000000e+00,0.000000000000000000e+00
1.964651162057644118e+00,1.383081336975097742e+01,1.325006103515625200e-01,6.000000000000000000e+00,3.750000000000000000e+05
1.976108924581634785e+00,1.918337818145752038e+01,1.063750120162963952e+01,6.000000000000000000e+00,0.000000000000000000e+00
1.976162234975921805e+00,1.928999897003173913e+01,1.063750120162963952e+01,6.000000000000000000e+00,3.750000000000000000e+05
1.987619997499912472e+00,1.393743415832519617e+01,1.325006103515625200e-01,6.000000000000000000e+00,0.000000000000000000e+00
1.987673307894199493e+00,1.404405494689941492e+01,1.325006103515625200e-01,6.000000000000000000e+00,3.750000000000000000e+05
1.999131070418190159e+00,1.939661975860595788e+01,1.063750120162963952e+01,6.000000000000000000e+00,0.000000000000000000e+00
1.999184380812477180e+00,1.950324054718017663e+01,1.063750120162963952e+01,6.000000000000000000e+00,3.750000000000000000e+05
2.010642142915710640e+00,1.415067668914795007e+01,1.325006103515625200e-01,6.000000000000000000e+00,0.000000000000000000e+00
2.010695453309997660e+00,1.425729747772216882e+01,1.325006103515625200e-01,6.000000000000000000e+00,3.750000000000000000e+05
2.022153215413231120e+00,1.960986133575439538e+01,1.063750120162963952e+01,6.000000000000000000e+00,0.000000000000000000e+00
2.022206526761192613e+00,1.971648403167724695e+01,1.063750120162963952e+01,6.000000000000000000e+00,3.750000000000000000e+05
2.033664289705940487e+00,1.436391826629638757e+01,1.325006103515625200e-01,6.000000000000000000e+00,0.000000000000000000e+00
2.033717600100227507e+00,1.447053905487060632e+01,1.325006103515625200e-01,6.000000000000000000e+00,3.750000000000000000e+05
2.045175363044975381e+00,1.982310482025146570e+01,1.063750120162963952e+01,6.000000000000000000e+00,0.000000000000000000e+00
2.045228673439262401e+00,1.992972560882568445e+01,1.063750120162963952e+01,6.000000000000000000e+00,3.750000000000000000e+05
2.056686435963253068e+00,1.457716079711914148e+01,1.325006103515625200e-01,6.000000000000000000e+00,0.000000000000000000e+00
2.056739746357540088e+00,1.468378158569336023e+01,1.325006103515625200e-01,6.000000000000000000e+00,3.750000000000000000e+05
2.068197508881530755e+00,2.003634639739990320e+01,1.063750120162963952e+01,6.000000000000000000e+00,0.000000000000000000e+00
2.068250819275817776e+00,2.014296718597412195e+01,1.063750120162963952e+01,6.000000000000000000e+00,3.750000000000000000e+05
2.079708581799808442e+00,1.479040237426757898e+01,1.325006103515625200e-01,6.000000000000000000e+00,0.000000000000000000e+00
2.079761892194095463e+00,1.489702316284179773e+01,1.325006103515625200e-01,6.000000000000000000e+00,3.750000000000000000e+05
2.091219654718086129e+00,2.024958797454834070e+01,1.063750120162963952e+01,6.000000000000000000e+00,0.000000000000000000e+00
2.091272965112373150e+00,2.035620876312255945e+01,1.063750120162963952e+01,6.000000000000000000e+00,3.750000000000000000e+05
2.102730727636363817e+00,1.500364395141601648e+01,1.325006103515625200e-01,6.000000000000000000e+00,0.000000000000000000e+00
2.102784038507488074e+00,1.511026569366455163e+01,1.325006103515625200e-01,6.000000000000000000e+00,3.750000000000000000e+05
2.114241800610721533e+00,2.046282955169677820e+01,1.063750120162963952e+01,6.000000000000000000e+00,0.000000000000000000e+00
2.114295111005008554e+00,2.056945034027099695e+01,1.063750120162963952e+01,6.000000000000000000e+00,3.750000000000000000e+05
2.125752873108242014e+00,1.521688648223877038e+01,1.325006103515625200e-01,6.000000000000000000e+00,0.000000000000000000e+00
2.125806183502529034e+00,1.532350727081298913e+01,1.325006103515625200e-01,6.000000000000000000e+00,3.750000000000000000e+05
2.137263946447276908e+00,2.067607303619384851e+01,1.063750120162963952e+01,6.000000000000000000e+00,0.000000000000000000e+00
2.137317256841563928e+00,2.078269382476806726e+01,1.063750120162963952e+01,6.000000000000000000e+00,3.750000000000000000e+05
2.148775019786311802e+00,1.543012805938720788e+01,1.325006103515625200e-01,6.000000000000000000e+00,0.000000000000000000e+00
2.148828330180598822e+00,1.553674884796142663e+01,1.325006103515625200e-01,6.000000000000000000e+00,3.750000000000000000e+05
2.160286093125346696e+00,2.088931461334228601e+01,1.063750120162963952e+01,6.000000000000000000e+00,0.000000000000000000e+00
2.160339403519633716e+00,2.099593540191650476e+01,1.063750120162963952e+01,6.000000000000000000e+00,3.750000000000000000e+05
2.171797166043624383e+00,1.564337059020996179e+01,1.325006103515625200e-01,6.000000000000000000e+00,0.000000000000000000e+00
2.171850476437911404e+00,1.574999137878418054e+01,1.325006103515625200e-01,6.000000000000000000e+00,3.750000000000000000e+05
2.183308238961902070e+00,2.110255619049072351e+01,1.063750120162963952e+01,6.000000000000000000e+00,0.000000000000000000e+00
2.183361549356189091e+00,2.120917697906494226e+01,1.063750120162963952e+01,6.000000000000000000e+00,3.750000000000000000e+05
2.194819311880179757e+00,1.585661216735839929e+01,1.325006103515625200e-01,6.000000000000000000e+00,0.000000000000000000e+00
2.194872622274466778e+00,1.596323295593261804e+01,1.325006103515625200e-01,6.000000000000000000e+00,3.750000000000000000e+05
2.206330384798457445e+00,2.131579776763916101e+01,1.063750120162963952e+01,6.000000000000000000e+00,0.000000000000000000e+00
2.206383695192744465e+00,2.142241855621337976e+01,1.063750120162963952e+01,6.000000000000000000e+00,3.750000000000000000e+05
2.217841457295977925e+00,1.606985469818115320e+01,1.325006103515625200e-01,6.000000000000000000e+00,0.000000000000000000e+00
2.217894767690264946e+00,1.617647548675537195e+01,1.325006103515625200e-01,6.000000000000000000e+00,3.750000000000000000e+05
2.229352529767201219e+00,2.152903928518295373e+01,1.063750120162963952e+01,6.000000000000000000e+00,0.000000000000000000e+00
2.229405841115162712e+00,2.163566198110580530e+01,1.063750120162963952e+01,6.000000000000000000e+00,3.750000000000000000e+05
2.240863604033613399e+00,1.628309627532959070e+01,1.325006103515625200e-01,6.000000000000000000e+00,0.000000000000000000e+00
2.240916914427900419e+00,1.638971706390380945e+01,1.325006103515625200e-01,6.000000000000000000e+00,3.750000000000000000e+05
2.252374677346351106e+00,2.174228276968002405e+01,1.063750120162963952e+01,6.000000000000000000e+00,0.000000000000000000e+00
2.252427987740638127e+00,2.184890355825424280e+01,1.063750120162963952e+01,6.000000000000000000e+00,3.750000000000000000e+05
2.263885750659088814e+00,1.649633785247802820e+01,1.325006103515625200e-01,6.000000000000000000e+00,0.000000000000000000e+00
2.263939061053375834e+00,1.660295864105224695e+01,1.325006103515625200e-01,6.000000000000000000e+00,3.750000000000000000e+05
2.275396823971826521e+00,2.195552434682846155e+01,1.063750120162963952e+01,6.000000000000000000e+00,0.000000000000000000e+00
2.275450134381014955e+00,2.206214516520500268e+01,1.063750120162963952e+01,6.000000000000000000e+00,3.750000000000000000e+05
2.286907897312614235e+00,1.670957942962646570e+01,1.325006103515625200e-01,6.000000000000000000e+00,0.000000000000000000e+00
2.286961208660575728e+00,1.681620212554931726e+01,1.325006103515625200e-01,6.000000000000000000e+00,3.750000000000000000e+05
2.298418970750660595e+00,2.216876595377922143e+01,1.063750120162963952e+01,6.000000000000000000e+00,0.000000000000000000e+00
2.298472281137497131e+00,2.227538672745227899e+01,1.063750120162963952e+01,6.000000000000000000e+00,3.750000000000000000e+05
2.309930043221007701e+00,1.692282291412353601e+01,1.325006103515625200e-01,6.000000000000000000e+00,0.000000000000000000e+00
2.309983353615294721e+00,1.702944370269775476e+01,1.325006103515625200e-01,6.000000000000000000e+00,3.750000000000000000e+05
2.321441115702092439e+00,2.238200752347707834e+01,1.063750120162963952e+01,6.000000000000000000e+00,0.000000000000000000e+00
2.321494426095914054e+00,2.248862831111997451e+01,1.063750120162963952e+01,6.000000000000000000e+00,3.750000000000000000e+05
2.332952188182300990e+00,1.713606449127197351e+01,1.325006103515625200e-01,6.000000000000000000e+00,0.000000000000000000e+00
2.333005498576588010e+00,1.724268527984619226e+01,1.325006103515625200e-01,6.000000000000000000e+00,3.750000000000000000e+05
2.344463260663385729e+00,2.259524910062551584e+01,1.063750120162963952e+01,6.000000000000000000e+00,0.000000000000000000e+00
2.344516572007621757e+00,2.270187178909778680e+01,1.063750120162963952e+01,6.000000000000000000e+00,3.750000000000000000e+05
2.355974334932646741e+00,1.734930606842041101e+01,1.325006103515625200e-01,6.000000000000000000e+00,0.000000000000000000e+00
2.356027645326933762e+00,1.745592685699462976e+01,1.325006103515625200e-01,6.000000000000000000e+00,3.750000000000000000e+05
2.367485408258533042e+00,2.280849259257316675e+01,1.063750120162963952e+01,6.000000000000000000e+00,0.000000000000000000e+00
2.367538718652820062e+00,2.291511338114738550e+01,1.063750120162963952e+01,6.000000000000000000e+00,3.750000000000000000e+05
2.378996481584419342e+00,1.756254764556884851e+01,1.325006103515625200e-01,6.000000000000000000e+00,0.000000000000000000e+00
2.379049791978706363e+00,1.766916843414306726e+01,1.325006103515625200e-01,6.000000000000000000e+00,3.750000000000000000e+05
2.390507554897157050e+00,2.302173413991928186e+01,1.063750120162963952e+01,6.000000000000000000e+00,0.000000000000000000e+00
2.390560865291444070e+00,2.312835492849350061e+01,1.063750120162963952e+01,6.000000000000000000e+00,3.750000000000000000e+05
2.402018628209894757e+00,1.777578922271728601e+01,1.325006103515625200e-01,6.000000000000000000e+00,0.000000000000000000e+00
2.402071939557856251e+00,1.788241191864013757e+01,1.325006103515625200e-01,6.000000000000000000e+00,3.750000000000000000e+05
2.413529701634792524e+00,2.323497571706771936e+01,1.063750120162963952e+01,6.000000000000000000e+00,0.000000000000000000e+00
2.413583012029079544e+00,2.334159650564193811e+01,1.063750120162963952e+01,6.000000000000000000e+00,3.750000000000000000e+05
2.425040774106015817e+00,1.798903270721435632e+01,1.325006103515625200e-01,6.000000000000000000e+00,0.000000000000000000e+00
2.425094084500302838e+00,1.809565349578857507e+01,1.325006103515625200e-01,6.000000000000000000e+00,3.750000000000000000e+05
2.436551846577239111e+00,2.344821729421615686e+01,1.063750120162963952e+01,6.000000000000000000e+00,0.000000000000000000e+00
2.436605157001328514e+00,2.355483814239502038e+01,1.063750120162963952e+01,6.000000000000000000e+00,3.750000000000000000e+05
2.448062919104561974e+00,1.820227428436279382e+01,1.325006103515625200e-01,6.000000000000000000e+00,0.000000000000000000e+00
2.448116229498848995e+00,1.830889507293701257e+01,1.325006103515625200e-01,6.000000000000000000e+00,3.750000000000000000e+05
2.459573992443596868e+00,2.366146083831787195e+01,1.063750120162963952e+01,6.000000000000000000e+00,0.000000000000000000e+00
2.459627302837883889e+00,2.376808162689209070e+01,1.063750120162963952e+01,6.000000000000000000e+00,3.750000000000000000e+05
2.471085065782631762e+00,1.841551586151123132e+01,1.325006103515625200e-01,6.000000000000000000e+00,0.000000000000000000e+00
2.471138376176918783e+00,1.852213665008545007e+01,1.325006103515625200e-01,6.000000000000000000e+00,3.750000000000000000e+05
2.482596139121666656e+00,2.387470241546630945e+01,1.063750120162963952e+01,6.000000000000000000e+00,0.000000000000000000e+00
2.482649449515953677e+00,2.398132320404052820e+01,1.063750120162963952e+01,6.000000000000000000e+00,3.750000000000000000e+05
2.494107212460701550e+00,1.862875743865966882e+01,1.325006103515625200e-01,6.000000000000000000e+00,0.000000000000000000e+00
2.494160522854988571e+00,1.873537822723388757e+01,1.325006103515625200e-01,6.000000000000000000e+00,3.750000000000000000e+05
2.505618285799736444e+00,2.408794399261474695e+01,1.063750120162963952e+01,6.000000000000000000e+00,0.000000000000000000e+00
2.505671596194023465e+00,2.419456478118896570e+01,1.063750120162963952e+01,6.000000000000000000e+00,3.750000000000000000e+05
2.517129358297256925e+00,1.884200092315673913e+01,1.325006103515625200e-01,6.000000000000000000e+00,0.000000000000000000e+00
2.517182668691543945e+00,1.894862171173095788e+01,1.325006103515625200e-01,6.000000000000000000e+00,3.750000000000000000e+05
2.528640430794777405e+00,2.430118556976318445e+01,1.063750120162963952e+01,6.000000000000000000e+00,0.000000000000000000e+00
2.528693741189064426e+00,2.440780635833740320e+01,1.063750120162963952e+01,6.000000000000000000e+00,3.750000000000000000e+05
2.540151503292297885e+00,1.905524250030517663e+01,1.325006103515625200e-01,6.000000000000000000e+00,0.000000000000000000e+00
2.540204813686584906e+00,1.916186328887939538e+01,1.325006103515625200e-01,6.000000000000000000e+00,3.750000000000000000e+05
2.551662575789818366e+00,2.451442714691162195e+01,1.063750120162963952e+01,6.000000000000000000e+00,0.000000000000000000e+00
2.551715886184105386e+00,2.462104793548584070e+01,1.063750120162963952e+01,6.000000000000000000e+00,3.750000000000000000e+05
2.563173648287338846e+00,1.926848407745361413e+01,1.325006103515625200e-01,6.000000000000000000e+00,0.000000000000000000e+00
2.563226958681625867e+00,1.937510486602783288e+01,1.325006103515625200e-01,6.000000000000000000e+00,3.750000000000000000e+05
2.574684721626373740e+00,2.472767063140869226e+01,1.063750120162963952e+01,6.000000000000000000e+00,0.000000000000000000e+00
2.574738032020660761e+00,2.483429141998291101e+01,1.063750120162963952e+01,6.000000000000000000e+00,3.750000000000000000e+05
2.586195794965408634e+00,1.948172565460205163e+01,1.325006103515625200e-01,6.000000000000000000e+00,0.000000000000000000e+00
2.586249105359695655e+00,1.958834644317627038e+01,1.325006103515625200e-01,6.000000000000000000e+00,3.750000000000000000e+05
2.597706868304443528e+00,2.494091220855712976e+01,1.063750120162963952e+01,6.000000000000000000e+00,0.000000000000000000e+00
2.597760178698730549e+00,2.504753299713134851e+01,1.063750120162963952e+01,6.000000000000000000e+00,3.750000000000000000e+05
2.609217941643478422e+00,1.969496723175048913e+01,1.325006103515625200e-01,6.000000000000000000e+00,0.000000000000000000e+00
2.609271252991439916e+00,1.980158992767334070e+01,1.325006103515625200e-01,6.000000000000000000e+00,3.750000000000000000e+05
2.620729015094673375e+00,2.515415378570556726e+01,1.063750120162963952e+01,6.000000000000000000e+00,0.000000000000000000e+00
2.620782325488960396e+00,2.526077457427978601e+01,1.063750120162963952e+01,6.000000000000000000e+00,3.750000000000000000e+05
2.632240087592193856e+00,1.990821071624755945e+01,1.325006103515625200e-01,6.000000000000000000e+00,0.000000000000000000e+00
2.632293397986480876e+00,2.001483150482177820e+01,1.325006103515625200e-01,6.000000000000000000e+00,3.750000000000000000e+05
2.643751160089714336e+00,2.536739536285400476e+01,1.063750120162963952e+01,6.000000000000000000e+00,0.000000000000000000e+00
2.643804470484001357e+00,2.547401615142822351e+01,1.063750120162963952e+01,6.000000000000000000e+00,3.750000000000000000e+05
2.655262232587234816e+00,2.012145229339599695e+01,1.325006103515625200e-01,6.000000000000000000e+00,0.000000000000000000e+00
2.655315542981521837e+00,2.022807308197021570e+01,1.325006103515625200e-01,6.000000000000000000e+00,3.750000000000000000e+05
2.666773305084755297e+00,2.558063694000244226e+01,1.063750120162963952e+01,6.000000000000000000e+00,0.000000000000000000e+00
2.666826616432716790e+00,2.568725963592529382e+01,1.063750120162963952e+01,6.000000000000000000e+00,3.750000000000000000e+05
2.678284379377464663e+00,2.033469387054443445e+01,1.325006103515625200e-01,6.000000000000000000e+00,0.000000000000000000e+00
2.678337689771751684e+00,2.044131465911865320e+01,1.325006103515625200e-01,6.000000000000000000e+00,3.750000000000000000e+05
2.689795452716499558e+00,2.579388042449951257e+01,1.063750120162963952e+01,6.000000000000000000e+00,0.000000000000000000e+00
2.689848763110786578e+00,2.590050121307373132e+01,1.063750120162963952e+01,6.000000000000000000e+00,3.750000000000000000e+05
2.701306526055534452e+00,2.054793544769287195e+01,1.325006103515625200e-01,6.000000000000000000e+00,0.000000000000000000e+00
2.701359836449821472e+00,2.065455623626709070e+01,1.325006103515625200e-01,6.000000000000000000e+00,3.750000000000000000e+05
2.712817599394569346e+00,2.600712200164795007e+01,1.063750120162963952e+01,6.000000000000000000e+00,0.000000000000000000e+00
2.712870909788856366e+00,2.611374279022216882e+01,1.063750120162963952e+01,6.000000000000000000e+00,3.750000000000000000e+05
2.724328672733604240e+00,2.076117702484130945e+01,1.325006103515625200e-01,6.000000000000000000e+00,0.000000000000000000e+00
2.724381984081565733e+00,2.086779972076416101e+01,1.325006103515625200e-01,6.000000000000000000e+00,3.750000000000000000e+05
2.735839746184799193e+00,2.622036357879638757e+01,1.063750120162963952e+01,6.000000000000000000e+00,0.000000000000000000e+00
2.735893056579086213e+00,2.632698436737060632e+01,1.063750120162963952e+01,6.000000000000000000e+00,3.750000000000000000e+05
2.747350818682319673e+00,2.097442050933837976e+01,1.325006103515625200e-01,6.000000000000000000e+00,0.000000000000000000e+00
2.747404129076606694e+00,2.108104129791259851e+01,1.325006103515625200e-01,6.000000000000000000e+00,3.750000000000000000e+05
2.758861891179840153e+00,2.643360515594482507e+01,1.063750120162963952e+01,6.000000000000000000e+00,0.000000000000000000e+00
2.758915201574127174e+00,2.654022594451904382e+01,1.063750120162963952e+01,6.000000000000000000e+00,3.750000000000000000e+05
2.770372963677360634e+00,2.118766208648681726e+01,1.325006103515625200e-01,6.000000000000000000e+00,0.000000000000000000e+00
2.770426274071647654e+00,2.129428287506103601e+01,1.325006103515625200e-01,6.000000000000000000e+00,3.750000000000000000e+05
2.781884037016395528e+00,2.664684864044189538e+01,1.063750120162963952e+01,6.000000000000000000e+00,0.000000000000000000e+00
2.781937347410682548e+00,2.675346942901611413e+01,1.063750120162963952e+01,6.000000000000000000e+00,3.750000000000000000e+05
2.793395110355430422e+00,2.140090366363525476e+01,1.325006103515625200e-01,6.000000000000000000e+00,0.000000000000000000e+00
2.793448420719915060e+00,2.150752439260482873e+01,1.325006103515625200e-01,6.000000000000000000e+00,3.750000000000000000e+05
2.804906183690960120e+00,2.686009021759033288e+01,1.063750120162963952e+01,6.000000000000000000e+00,0.000000000000000000e+00
2.804959494085247140e+00,2.696671100616455163e+01,1.063750120162963952e+01,6.000000000000000000e+00,3.750000000000000000e+05
2.816417257056292200e+00,2.161414518117904748e+01,1.325006103515625200e-01,6.000000000000000000e+00,0.000000000000000000e+00
2.816470567450579221e+00,2.172076596975326623e+01,1.325006103515625200e-01,6.000000000000000000e+00,3.750000000000000000e+05
2.827928330421624281e+00,2.707333179473877038e+01,1.063750120162963952e+01,6.000000000000000000e+00,0.000000000000000000e+00
2.827981640815911302e+00,2.717995258331298913e+01,1.063750120162963952e+01,6.000000000000000000e+00,3.750000000000000000e+05
2.839439402945442392e+00,2.182738866567611780e+01,1.325006103515625200e-01,6.000000000000000000e+00,0.000000000000000000e+00
2.839492713339729413e+00,2.193400945425033655e+01,1.325006103515625200e-01,6.000000000000000000e+00,3.750000000000000000e+05
2.850950475469260503e+00,2.728657337188720788e+01,1.063750120162963952e+01,6.000000000000000000e+00,0.000000000000000000e+00
2.851003785863547524e+00,2.739319416046142663e+01,1.063750120162963952e+01,6.000000000000000000e+00,3.750000000000000000e+05
2.862461547979929577e+00,2.204063027262687768e+01,1.325006103515625200e-01,6.000000000000000000e+00,0.000000000000000000e+00
2.862514858374216598e+00,2.214725106120109643e+01,1.325006103515625200e-01,6.000000000000000000e+00,3.750000000000000000e+05
2.873972620490598651e+00,2.749981494903564538e+01,1.063750120162963952e+01,6.000000000000000000e+00,0.000000000000000000e+00
2.874025930884885671e+00,2.760643573760986413e+01,1.063750120162963952e+01,6.000000000000000000e+00,3.750000000000000000e+05
2.885483693007842465e+00,2.225387183487415399e+01,1.325006103515625200e-01,6.000000000000000000e+00,0.000000000000000000e+00
2.885537003405854950e+00,2.236049263089895334e+01,1.325006103515625200e-01,6.000000000000000000e+00,3.750000000000000000e+05
2.896994766367038565e+00,2.771305843353271570e+01,1.063750120162963952e+01,6.000000000000000000e+00,0.000000000000000000e+00
2.897048076761325586e+00,2.781967922210693445e+01,1.063750120162963952e+01,6.000000000000000000e+00,3.750000000000000000e+05
2.908505839722509201e+00,2.246711341947317209e+01,1.325006103515625200e-01,6.000000000000000000e+00,0.000000000000000000e+00
2.908559150116796221e+00,2.257373420804739084e+01,1.325006103515625200e-01,6.000000000000000000e+00,3.750000000000000000e+05
2.920016913077979837e+00,2.792630001068115320e+01,1.063750120162963952e+01,6.000000000000000000e+00,0.000000000000000000e+00
2.920070223472266857e+00,2.803292079925537195e+01,1.063750120162963952e+01,6.000000000000000000e+00,3.750000000000000000e+05
2.931527986436737621e+00,2.268035498917102899e+01,1.325006103515625200e-01,6.000000000000000000e+00,0.000000000000000000e+00
2.931581297792149599e+00,2.278697769999504175e+01,1.325006103515625200e-01,6.000000000000000000e+00,3.750000000000000000e+05
2.943039059908531652e+00,2.813954158782959070e+01,1.063750120162963952e+01,6.000000000000000000e+00,0.000000000000000000e+00
2.943092370302818672e+00,2.824616237640380945e+01,1.063750120162963952e+01,6.000000000000000000e+00,3.750000000000000000e+05
2.954550132419200725e+00,2.289359848856926050e+01,1.325006103515625200e-01,6.000000000000000000e+00,0.000000000000000000e+00
2.954603442798586777e+00,2.300021924734115686e+01,1.325006103515625200e-01,6.000000000000000000e+00,3.750000000000000000e+05
2.966061204928117867e+00,2.835278316497802820e+01,1.063750120162963952e+01,6.000000000000000000e+00,0.000000000000000000e+00
2.966114515322404888e+00,2.845940395355224695e+01,1.063750120162963952e+01,6.000000000000000000e+00,3.750000000000000000e+05
2.977572277451935978e+00,2.310684003591537561e+01,1.325006103515625200e-01,6.000000000000000000e+00,0.000000000000000000e+00
2.977625587846222999e+00,2.321346082448959436e+01,1.325006103515625200e-01,6.000000000000000000e+00,3.750000000000000000e+05
2.989083349975754089e+00,2.856602474212646570e+01,1.063750120162963952e+01,6.000000000000000000e+00,0.000000000000000000e+00
2.989136661323715582e+00,2.867264743804931726e+01,1.063750120162963952e+01,6.000000000000000000e+00,3.750000000000000000e+05
3.000594424294760643e+00,2.332008161306381311e+01,1.325006103515625200e-01,6.000000000000000000e+00,0.000000000000000000e+00
3.000647734689047663e+00,2.342670240163803186e+01,1.325006103515625200e-01,6.000000000000000000e+00,3.750000000000000000e+05
3.012105497660092723e+00,2.877926822662353601e+01,1.063750120162963952e+01,6.000000000000000000e+00,0.000000000000000000e+00
3.012158808054379744e+00,2.888588901519775476e+01,1.063750120162963952e+01,6.000000000000000000e+00,3.750000000000000000e+05
3.023616570999127617e+00,2.353332324981689538e+01,1.325006103515625200e-01,6.000000000000000000e+00,0.000000000000000000e+00
3.023669881393414638e+00,2.363994403839111413e+01,1.325006103515625200e-01,6.000000000000000000e+00,3.750000000000000000e+05
3.035127644338162511e+00,2.899250980377197351e+01,1.063750120162963952e+01,6.000000000000000000e+00,0.000000000000000000e+00
3.035180954732449532e+00,2.909913059234619226e+01,1.063750120162963952e+01,6.000000000000000000e+00,3.750000000000000000e+05
3.046638717677197405e+00,2.374656482696533288e+01,1.325006103515625200e-01,6.000000000000000000e+00,0.000000000000000000e+00
3.046692029025158899e+00,2.385318752288818445e+01,1.325006103515625200e-01,6.000000000000000000e+00,3.750000000000000000e+05
3.058149791128392359e+00,2.920575138092041101e+01,1.063750120162963952e+01,6.000000000000000000e+00,0.000000000000000000e+00
3.058203101522679379e+00,2.931237216949462976e+01,1.063750120162963952e+01,6.000000000000000000e+00,3.750000000000000000e+05
3.069660863625912839e+00,2.395980831146240320e+01,1.325006103515625200e-01,6.000000000000000000e+00,0.000000000000000000e+00
3.069714174020199859e+00,2.406642910003662195e+01,1.325006103515625200e-01,6.000000000000000000e+00,3.750000000000000000e+05
3.081171936123433319e+00,2.941899295806884851e+01,1.063750120162963952e+01,6.000000000000000000e+00,0.000000000000000000e+00
3.081225246517720340e+00,2.952561374664306726e+01,1.063750120162963952e+01,6.000000000000000000e+00,3.750000000000000000e+05
3.092683008620953800e+00,2.417304988861084070e+01,1.325006103515625200e-01,6.000000000000000000e+00,0.000000000000000000e+00
3.092736319015240820e+00,2.427967067718505945e+01,1.325006103515625200e-01,6.000000000000000000e+00,3.750000000000000000e+05
3.104194081959988694e+00,2.963223644256591882e+01,1.063750120162963952e+01,6.000000000000000000e+00,0.000000000000000000e+00
3.104247392354275714e+00,2.973885723114013757e+01,1.063750120162963952e+01,6.000000000000000000e+00,3.750000000000000000e+05
3.115705155299023588e+00,2.438629146575927820e+01,1.325006103515625200e-01,6.000000000000000000e+00,0.000000000000000000e+00
3.115758465693310608e+00,2.449291225433349695e+01,1.325006103515625200e-01,6.000000000000000000e+00,3.750000000000000000e+05
3.127216228638058482e+00,2.984547801971435632e+01,1.063750120162963952e+01,6.000000000000000000e+00,0.000000000000000000e+00
3.127269539032345502e+00,2.995209880828857507e+01,1.063750120162963952e+01,6.000000000000000000e+00,3.750000000000000000e+05
3.138727301977093376e+00,2.459953304290771570e+01,1.325006103515625200e-01,6.000000000000000000e+00,0.000000000000000000e+00
3.138780612371380396e+00,2.470615383148193445e+01,1.325006103515625200e-01,6.000000000000000000e+00,3.750000000000000000e+05
3.150238375316128270e+00,3.005871959686279382e+01,1.063750120162963952e+01,6.000000000000000000e+00,0.000000000000000000e+00
3.150291685710415290e+00,3.016534038543701257e+01,1.063750120162963952e+01,6.000000000000000000e+00,3.750000000000000000e+05
3.161749447813648750e+00,2.481277652740478601e+01,1.325006103515625200e-01,6.000000000000000000e+00,0.000000000000000000e+00
3.161802758207935771e+00,2.491939731597900476e+01,1.325006103515625200e-01,6.000000000000000000e+00,3.750000000000000000e+05
3.173260520311169230e+00,3.027196117401123132e+01,1.063750120162963952e+01,6.000000000000000000e+00,0.000000000000000000e+00
3.173313830705456251e+00,3.037858196258545007e+01,1.063750120162963952e+01,6.000000000000000000e+00,3.750000000000000000e+05
3.184771592808689711e+00,2.502601810455322351e+01,1.325006103515625200e-01,6.000000000000000000e+00,0.000000000000000000e+00
3.184824903202976731e+00,2.513263889312744226e+01,1.325006103515625200e-01,6.000000000000000000e+00,3.750000000000000000e+05
3.196282665306210191e+00,3.048520275115966882e+01,1.063750120162963952e+01,6.000000000000000000e+00,0.000000000000000000e+00
3.196335975700497212e+00,3.059182353973388757e+01,1.063750120162963952e+01,6.000000000000000000e+00,3.750000000000000000e+05
3.207793737803730671e+00,2.523925968170166101e+01,1.325006103515625200e-01,6.000000000000000000e+00,0.000000000000000000e+00
3.207847048198017692e+00,2.534588047027587976e+01,1.325006103515625200e-01,6.000000000000000000e+00,3.750000000000000000e+05
3.219304811142765566e+00,3.069844623565673913e+01,1.063750120162963952e+01,6.000000000000000000e+00,0.000000000000000000e+00
3.219358121537052586e+00,3.080506702423095788e+01,1.063750120162963952e+01,6.000000000000000000e+00,3.750000000000000000e+05
3.230815884481800460e+00,2.545250125885009851e+01,1.325006103515625200e-01,6.000000000000000000e+00,0.000000000000000000e+00
3.230869194876087480e+00,2.555912204742431726e+01,1.325006103515625200e-01,6.000000000000000000e+00,3.750000000000000000e+05
3.242326957820835354e+00,3.091168781280517663e+01,1.063750120162963952e+01,6.000000000000000000e+00,0.000000000000000000e+00
3.242380268215122374e+00,3.101830860137939538e+01,1.063750120162963952e+01,6.000000000000000000e+00,3.750000000000000000e+05
3.253838031159870248e+00,2.566574283599853601e+01,1.325006103515625200e-01,6.000000000000000000e+00,0.000000000000000000e+00
3.253891342507831741e+00,2.577236553192138757e+01,1.325006103515625200e-01,6.000000000000000000e+00,3.750000000000000000e+05
3.265349104611065201e+00,3.112492938995361413e+01,1.063750120162963952e+01,6.000000000000000000e+00,0.000000000000000000e+00
3.265402415005352221e+00,3.123155017852783288e+01,1.063750120162963952e+01,6.000000000000000000e+00,3.750000000000000000e+05
3.276860177108585681e+00,2.587898632049560632e+01,1.325006103515625200e-01,6.000000000000000000e+00,0.000000000000000000e+00
3.276913487502872702e+00,2.598560710906982507e+01,1.325006103515625200e-01,6.000000000000000000e+00,3.750000000000000000e+05
3.288371249606106161e+00,3.133817096710205163e+01,1.063750120162963952e+01,6.000000000000000000e+00,0.000000000000000000e+00
3.288424560000393182e+00,3.144479175567627038e+01,1.063750120162963952e+01,6.000000000000000000e+00,3.750000000000000000e+05
3.299882322103626642e+00,2.609222789764404382e+01,1.325006103515625200e-01,6.000000000000000000e+00,0.000000000000000000e+00
3.299935632497913662e+00,2.619884868621826257e+01,1.325006103515625200e-01,6.000000000000000000e+00,3.750000000000000000e+05
3.311393394601147122e+00,3.155141254425048913e+01,1.063750120162963952e+01,6.000000000000000000e+00,0.000000000000000000e+00
3.311446705949108615e+00,3.165803524017334070e+01,1.063750120162963952e+01,6.000000000000000000e+00,3.750000000000000000e+05
3.322904468893856489e+00,2.630546947479248132e+01,1.325006103515625200e-01,6.000000000000000000e+00,0.000000000000000000e+00
3.322957779288143509e+00,2.641209026336670007e+01,1.325006103515625200e-01,6.000000000000000000e+00,3.750000000000000000e+05
3.334415542232891383e+00,3.176465602874755945e+01,1.063750120162963952e+01,6.000000000000000000e+00,0.000000000000000000e+00
3.334468852627178403e+00,3.187127681732177820e+01,1.063750120162963952e+01,6.000000000000000000e+00,3.750000000000000000e+05
3.345926615571926277e+00,2.651871105194091882e+01,1.325006103515625200e-01,6.000000000000000000e+00,0.000000000000000000e+00
3.345979925966213298e+00,2.662533184051513757e+01,1.325006103515625200e-01,6.000000000000000000e+00,3.750000000000000000e+05
3.357437688910961171e+00,3.197789760589599695e+01,1.063750120162963952e+01,6.000000000000000000e+00,0.000000000000000000e+00
3.357490999305248192e+00,3.208451839447021570e+01,1.063750120162963952e+01,6.000000000000000000e+00,3.750000000000000000e+05
3.368948762249996065e+00,2.673195262908935632e+01,1.325006103515625200e-01,6.000000000000000000e+00,0.000000000000000000e+00
3.369002073597957558e+00,2.683857532501220788e+01,1.325006103515625200e-01,6.000000000000000000e+00,3.750000000000000000e+05
3.380459835701191018e+00,3.219113918304443445e+01,1.063750120162963952e+01,6.000000000000000000e+00,0.000000000000000000e+00
3.380513146095478039e+00,3.229775997161865320e+01,1.063750120162963952e+01,6.000000000000000000e+00,3.750000000000000000e+05
3.391970908198711498e+00,2.694519611358642663e+01,1.325006103515625200e-01,6.000000000000000000e+00,0.000000000000000000e+00
3.392024218592998519e+00,2.705181690216064538e+01,1.325006103515625200e-01,6.000000000000000000e+00,3.750000000000000000e+05
3.403481980696231979e+00,3.240438076019287195e+01,1.063750120162963952e+01,6.000000000000000000e+00,0.000000000000000000e+00
3.403535291090518999e+00,3.251100154876709070e+01,1.063750120162963952e+01,6.000000000000000000e+00,3.750000000000000000e+05
3.414993053193752459e+00,2.715843769073486413e+01,1.325006103515625200e-01,6.000000000000000000e+00,0.000000000000000000e+00
3.415046363588039480e+00,2.726505847930908288e+01,1.325006103515625200e-01,6.000000000000000000e+00,3.750000000000000000e+05
3.426504125691272939e+00,3.261762233734130945e+01,1.063750120162963952e+01,6.000000000000000000e+00,0.000000000000000000e+00
3.426557436085559960e+00,3.272424312591552820e+01,1.063750120162963952e+01,6.000000000000000000e+00,3.750000000000000000e+05
3.438015198188793420e+00,2.737167926788330163e+01,1.325006103515625200e-01,6.000000000000000000e+00,0.000000000000000000e+00
3.438068508583080440e+00,2.747830005645752038e+01,1.325006103515625200e-01,6.000000000000000000e+00,3.750000000000000000e+05
3.449526270686313900e+00,3.283086391448974695e+01,1.063750120162963952e+01,6.000000000000000000e+00,0.000000000000000000e+00
3.449579581080600921e+00,3.293748470306396570e+01,1.063750120162963952e+01,6.000000000000000000e+00,3.750000000000000000e+05
3.461037343183834381e+00,2.758492084503173913e+01,1.325006103515625200e-01,6.000000000000000000e+00,0.000000000000000000e+00
3.461090653578121401e+00,2.769154163360595788e+01,1.325006103515625200e-01,6.000000000000000000e+00,3.750000000000000000e+05
3.472548415681354861e+00,3.304410549163818445e+01,1.063750120162963952e+01,6.000000000000000000e+00,0.000000000000000000e+00
3.472601727982990383e+00,3.315073009490966882e+01,1.063750120162963952e+01,6.000000000000000000e+00,3.750000000000000000e+05
3.484059490927738256e+00,2.779816432952880945e+01,1.325006103515625200e-01,6.000000000000000000e+00,0.000000000000000000e+00
3.484112801322025277e+00,2.790478511810302820e+01,1.325006103515625200e-01,6.000000000000000000e+00,3.750000000000000000e+05
3.495570564266773150e+00,3.325735088348388757e+01,1.063750120162963952e+01,6.000000000000000000e+00,0.000000000000000000e+00
3.495623874661060171e+00,3.336397167205810632e+01,1.063750120162963952e+01,6.000000000000000000e+00,3.750000000000000000e+05
3.507081637605808044e+00,2.801140590667724695e+01,1.325006103515625200e-01,6.000000000000000000e+00,0.000000000000000000e+00
3.507134948000095065e+00,2.811802669525146570e+01,1.325006103515625200e-01,6.000000000000000000e+00,3.750000000000000000e+05
3.518592710944842938e+00,3.347059246063232507e+01,1.063750120162963952e+01,6.000000000000000000e+00,0.000000000000000000e+00
3.518646021339129959e+00,3.357721324920654382e+01,1.063750120162963952e+01,6.000000000000000000e+00,3.750000000000000000e+05
3.530103784283877832e+00,2.822464748382568445e+01,1.325006103515625200e-01,6.000000000000000000e+00,0.000000000000000000e+00
3.530157094678164853e+00,2.833126827239990320e+01,1.325006103515625200e-01,6.000000000000000000e+00,3.750000000000000000e+05
3.541614857622912726e+00,3.368383403778076257e+01,1.063750120162963952e+01,6.000000000000000000e+00,0.000000000000000000e+00
3.541668168017199747e+00,3.379045482635498132e+01,1.063750120162963952e+01,6.000000000000000000e+00,3.750000000000000000e+05
3.553125930961947621e+00,2.843788906097412195e+01,1.325006103515625200e-01,6.000000000000000000e+00,0.000000000000000000e+00
3.553179241356234641e+00,2.854450984954834070e+01,1.325006103515625200e-01,6.000000000000000000e+00,3.750000000000000000e+05
3.564637004300982515e+00,3.389707561492920007e+01,1.063750120162963952e+01,6.000000000000000000e+00,0.000000000000000000e+00
3.564690314695269535e+00,3.400369640350341882e+01,1.063750120162963952e+01,6.000000000000000000e+00,3.750000000000000000e+05
3.576148077640017409e+00,2.865113063812255945e+01,1.325006103515625200e-01,6.000000000000000000e+00,0.000000000000000000e+00
3.576201388034304429e+00,2.875775142669677820e+01,1.325006103515625200e-01,6.000000000000000000e+00,3.750000000000000000e+05
3.587659150979052303e+00,3.411031719207763757e+01,1.063750120162963952e+01,6.000000000000000000e+00,0.000000000000000000e+00
3.587712461373339323e+00,3.421693798065185632e+01,1.063750120162963952e+01,6.000000000000000000e+00,3.750000000000000000e+05
3.599170223476572783e+00,2.886437412261962976e+01,1.325006103515625200e-01,6.000000000000000000e+00,0.000000000000000000e+00
3.599223533870859804e+00,2.897099491119384851e+01,1.325006103515625200e-01,6.000000000000000000e+00,3.750000000000000000e+05
3.610681295974093263e+00,3.432355876922607507e+01,1.063750120162963952e+01,6.000000000000000000e+00,0.000000000000000000e+00
3.610734606368380284e+00,3.443017955780029382e+01,1.063750120162963952e+01,6.000000000000000000e+00,3.750000000000000000e+05
3.622192368471613744e+00,2.907761569976806726e+01,1.325006103515625200e-01,6.000000000000000000e+00,0.000000000000000000e+00
3.622245678865900764e+00,2.918423648834228601e+01,1.325006103515625200e-01,6.000000000000000000e+00,3.750000000000000000e+05
3.633703440969134224e+00,3.453680034637451257e+01,1.063750120162963952e+01,6.000000000000000000e+00,0.000000000000000000e+00
3.633756751363421245e+00,3.464342113494873132e+01,1.063750120162963952e+01,6.000000000000000000e+00,3.750000000000000000e+05
3.645214513466654704e+00,2.929085727691650476e+01,1.325006103515625200e-01,6.000000000000000000e+00,0.000000000000000000e+00
3.645267823860941725e+00,2.939747806549072351e+01,1.325006103515625200e-01,6.000000000000000000e+00,3.750000000000000000e+05
3.656725585964175185e+00,3.475004192352295007e+01,1.063750120162963952e+01,6.000000000000000000e+00,0.000000000000000000e+00
3.656778896358462205e+00,3.485666271209716882e+01,1.063750120162963952e+01,6.000000000000000000e+00,3.750000000000000000e+05
3.668236658461695665e+00,2.950409885406494226e+01,1.325006103515625200e-01,6.000000000000000000e+00,0.000000000000000000e+00
3.668289968855982686e+00,2.961071964263916101e+01,1.325006103515625200e-01,6.000000000000000000e+00,3.750000000000000000e+05
3.679747730959216145e+00,3.496328350067138757e+01,1.063750120162963952e+01,6.000000000000000000e+00,0.000000000000000000e+00
3.679801041353503166e+00,3.506990428924560632e+01,1.063750120162963952e+01,6.000000000000000000e+00,3.750000000000000000e+05
3.691258803456736626e+00,2.971734043121337976e+01,1.325006103515625200e-01,6.000000000000000000e+00,0.000000000000000000e+00
3.691312114804698119e+00,2.982396312713623132e+01,1.325006103515625200e-01,6.000000000000000000e+00,3.750000000000000000e+05
3.702769877749445993e+00,3.517652889251709070e+01,1.063750120162963952e+01,6.000000000000000000e+00,0.000000000000000000e+00
3.702823188143733013e+00,3.528314968109130945e+01,1.063750120162963952e+01,6.000000000000000000e+00,3.750000000000000000e+05
3.714280951088480887e+00,2.993058391571045007e+01,1.325006103515625200e-01,6.000000000000000000e+00,0.000000000000000000e+00
3.714334261482767907e+00,3.003720470428466882e+01,1.325006103515625200e-01,6.000000000000000000e+00,3.750000000000000000e+05
3.725792024427515781e+00,3.538977046966552820e+01,1.063750120162963952e+01,6.000000000000000000e+00,0.000000000000000000e+00
3.725845334821802801e+00,3.549639125823974695e+01,1.063750120162963952e+01,6.000000000000000000e+00,3.750000000000000000e+05
3.737303097766550675e+00,3.014382549285888757e+01,1.325006103515625200e-01,6.000000000000000000e+00,0.000000000000000000e+00
3.737356408160837695e+00,3.025044628143310632e+01,1.325006103515625200e-01,6.000000000000000000e+00,3.750000000000000000e+05
3.748814171105585569e+00,3.560301204681396570e+01,1.063750120162963952e+01,6.000000000000000000e+00,0.000000000000000000e+00
3.748867481499872589e+00,3.570963283538818445e+01,1.063750120162963952e+01,6.000000000000000000e+00,3.750000000000000000e+05
3.760325244444620463e+00,3.035706707000732507e+01,1.325006103515625200e-01,6.000000000000000000e+00,0.000000000000000000e+00
3.760378554838907483e+00,3.046368785858154382e+01,1.325006103515625200e-01,6.000000000000000000e+00,3.750000000000000000e+05
3.771836317783655357e+00,3.581625362396240320e+01,1.063750120162963952e+01,6.000000000000000000e+00,0.000000000000000000e+00
3.771889628177942377e+00,3.592287441253662195e+01,1.063750120162963952e+01,6.000000000000000000e+00,3.750000000000000000e+05
3.783347391122690251e+00,3.057030864715576257e+01,1.325006103515625200e-01,6.000000000000000000e+00,0.000000000000000000e+00
3.783400701516977271e+00,3.067692943572998132e+01,1.325006103515625200e-01,6.000000000000000000e+00,3.750000000000000000e+05
3.794858464461725145e+00,3.602949520111084070e+01,1.063750120162963952e+01,6.000000000000000000e+00,0.000000000000000000e+00
3.794911774856012165e+00,3.613611598968505945e+01,1.063750120162963952e+01,6.000000000000000000e+00,3.750000000000000000e+05
3.806369536959245625e+00,3.078355213165283288e+01,1.325006103515625200e-01,6.000000000000000000e+00,0.000000000000000000e+00
3.806422847353532646e+00,3.089017292022705163e+01,1.325006103515625200e-01,6.000000000000000000e+00,3.750000000000000000e+05
3.817880609456766106e+00,3.624273677825927820e+01,1.063750120162963952e+01,6.000000000000000000e+00,0.000000000000000000e+00
3.817933919851053126e+00,3.634935756683349695e+01,1.063750120162963952e+01,6.000000000000000000e+00,3.750000000000000000e+05
3.829391681954286586e+00,3.099679370880127038e+01,1.325006103515625200e-01,6.000000000000000000e+00,0.000000000000000000e+00
3.829444992348573606e+00,3.110341449737548913e+01,1.325006103515625200e-01,6.000000000000000000e+00,3.750000000000000000e+05
3.840902754451807066e+00,3.645597835540771570e+01,1.063750120162963952e+01,6.000000000000000000e+00,0.000000000000000000e+00
3.840956064846094087e+00,3.656259914398193445e+01,1.063750120162963952e+01,6.000000000000000000e+00,3.750000000000000000e+05
3.852413826949327547e+00,3.121003528594970788e+01,1.325006103515625200e-01,6.000000000000000000e+00,0.000000000000000000e+00
3.852467137343614567e+00,3.131665607452392663e+01,1.325006103515625200e-01,6.000000000000000000e+00,3.750000000000000000e+05
3.863924899446848027e+00,3.666921993255615320e+01,1.063750120162963952e+01,6.000000000000000000e+00,0.000000000000000000e+00
3.863978209841135047e+00,3.677584072113037195e+01,1.063750120162963952e+01,6.000000000000000000e+00,3.750000000000000000e+05
3.875435971944368507e+00,3.142327686309814538e+01,1.325006103515625200e-01,6.000000000000000000e+00,0.000000000000000000e+00
3.875489282338655528e+00,3.152989765167236413e+01,1.325006103515625200e-01,6.000000000000000000e+00,3.750000000000000000e+05
3.886947044441888988e+00,3.688246150970459070e+01,1.063750120162963952e+01,6.000000000000000000e+00,0.000000000000000000e+00
3.887000354836176008e+00,3.698908229827880945e+01,1.063750120162963952e+01,6.000000000000000000e+00,3.750000000000000000e+05
3.898458116939409468e+00,3.163651844024658288e+01,1.325006103515625200e-01,6.000000000000000000e+00,0.000000000000000000e+00
3.898511427333696489e+00,3.174313922882080163e+01,1.325006103515625200e-01,6.000000000000000000e+00,3.750000000000000000e+05
3.909969191119958776e+00,3.709570690155029382e+01,1.063750120162963952e+01,6.000000000000000000e+00,0.000000000000000000e+00
3.910022501514245796e+00,3.720232769012451257e+01,1.063750120162963952e+01,6.000000000000000000e+00,3.750000000000000000e+05
3.921480264458993670e+00,3.184976192474365320e+01,1.325006103515625200e-01,6.000000000000000000e+00,0.000000000000000000e+00
3.921533574853280690e+00,3.195638271331787195e+01,1.325006103515625200e-01,6.000000000000000000e+00,3.750000000000000000e+05
3.932991337798028564e+00,3.730894847869873132e+01,1.063750120162963952e+01,6.000000000000000000e+00,0.000000000000000000e+00
3.933044648192315584e+00,3.741556926727295007e+01,1.063750120162963952e+01,6.000000000000000000e+00,3.750000000000000000e+05
3.944502411137063458e+00,3.206300350189209070e+01,1.325006103515625200e-01,6.000000000000000000e+00,0.000000000000000000e+00
3.944555721531350478e+00,3.216962429046630945e+01,1.325006103515625200e-01,6.000000000000000000e+00,3.750000000000000000e+05
3.956013484476098352e+00,3.752219005584716882e+01,1.063750120162963952e+01,6.000000000000000000e+00,0.000000000000000000e+00
3.956066794870385372e+00,3.762881084442138757e+01,1.063750120162963952e+01,6.000000000000000000e+00,3.750000000000000000e+05
3.967524557815133246e+00,3.227624507904052820e+01,1.325006103515625200e-01,6.000000000000000000e+00,0.000000000000000000e+00
3.967577868209420267e+00,3.238286586761474695e+01,1.325006103515625200e-01,6.000000000000000000e+00,3.750000000000000000e+05
3.979035631154168140e+00,3.773543163299560632e+01,1.063750120162963952e+01,6.000000000000000000e+00,0.000000000000000000e+00
3.979088941548455161e+00,3.784205242156982507e+01,1.063750120162963952e+01,6.000000000000000000e+00,3.750000000000000000e+05
3.990546704493203034e+00,3.248948665618896570e+01,1.325006103515625200e-01,6.000000000000000000e+00,0.000000000000000000e+00
3.990600014887490055e+00,3.259610744476318445e+01,1.325006103515625200e-01,6.000000000000000000e+00,3.750000000000000000e+05
4.002057777832237484e+00,3.794867321014404382e+01,1.063750120162963952e+01,6.000000000000000000e+00,0.000000000000000000e+00
4.002111088226524949e+00,3.805529399871826257e+01,1.063750120162963952e+01,6.000000000000000000e+00,3.750000000000000000e+05
4.013568851171272378e+00,3.270272823333740320e+01,1.325006103515625200e-01,6.000000000000000000e+00,0.000000000000000000e+00
4.013622161565559843e+00,3.280934902191162195e+01,1.325006103515625200e-01,6.000000000000000000e+00,3.750000000000000000e+05
4.025079924510307272e+00,3.816191478729248132e+01,1.063750120162963952e+01,6.000000000000000000e+00,0.000000000000000000e+00
4.025133234904594737e+00,3.826853557586670007e+01,1.063750120162963952e+01,6.000000000000000000e+00,3.750000000000000000e+05
4.036590997849342166e+00,3.291596981048584070e+01,1.325006103515625200e-01,6.000000000000000000e+00,0.000000000000000000e+00
4.036644308243629631e+00,3.302259059906005945e+01,1.325006103515625200e-01,6.000000000000000000e+00,3.750000000000000000e+05
4.048102071188377060e+00,3.837515636444091882e+01,1.063750120162963952e+01,6.000000000000000000e+00,0.000000000000000000e+00
4.048155381582664525e+00,3.848177715301513757e+01,1.063750120162963952e+01,6.000000000000000000e+00,3.750000000000000000e+05
4.059613144527411954e+00,3.312921138763427820e+01,1.325006103515625200e-01,6.000000000000000000e+00,0.000000000000000000e+00
4.059666454921699419e+00,3.323583217620849695e+01,1.325006103515625200e-01,6.000000000000000000e+00,3.750000000000000000e+05
4.071124217445690086e+00,3.858839698791503992e+01,1.063750120162963952e+01,6.000000000000000000e+00,0.000000000000000000e+00
4.071177527839977550e+00,3.869501777648925867e+01,1.063750120162963952e+01,6.000000000000000000e+00,3.750000000000000000e+05
4.082635288680940278e+00,3.334245677947998132e+01,1.325006103515625200e-01,6.000000000000000000e+00,0.000000000000000000e+00
4.082688599075227742e+00,3.344907756805420007e+01,1.325006103515625200e-01,6.000000000000000000e+00,3.750000000000000000e+05
4.094146359916190470e+00,3.880163856506347742e+01,1.063750120162963952e+01,6.000000000000000000e+00,0.000000000000000000e+00
4.094199670310477934e+00,3.890825935363769617e+01,1.063750120162963952e+01,6.000000000000000000e+00,3.750000000000000000e+05
4.105657431151440662e+00,3.355569835662841882e+01,1.325006103515625200e-01,6.000000000000000000e+00,0.000000000000000000e+00
4.105710741545728126e+00,3.366231914520263757e+01,1.325006103515625200e-01,6.000000000000000000e+00,3.750000000000000000e+05
4.117168502386690854e+00,3.901488014221191492e+01,1.063750120162963952e+01,6.000000000000000000e+00,0.000000000000000000e+00
4.117221814688326376e+00,3.912150474548339929e+01,1.063750120162963952e+01,6.000000000000000000e+00,3.750000000000000000e+05
4.128679577212317042e+00,3.376893993377685632e+01,1.325006103515625200e-01,6.000000000000000000e+00,0.000000000000000000e+00
4.128732887606604507e+00,3.387556072235107507e+01,1.325006103515625200e-01,6.000000000000000000e+00,3.750000000000000000e+05
4.140190650130595174e+00,3.922812553405761804e+01,1.063750120162963952e+01,6.000000000000000000e+00,0.000000000000000000e+00
4.140243960524882638e+00,3.933474632263183679e+01,1.063750120162963952e+01,6.000000000000000000e+00,3.750000000000000000e+05
4.151701723048873305e+00,3.398218151092529382e+01,1.325006103515625200e-01,6.000000000000000000e+00,0.000000000000000000e+00
4.151755033443160769e+00,3.408880229949951257e+01,1.325006103515625200e-01,6.000000000000000000e+00,3.750000000000000000e+05
4.163212795967151436e+00,3.944136711120605554e+01,1.063750120162963952e+01,6.000000000000000000e+00,0.000000000000000000e+00
4.163266106361438901e+00,3.954798789978027429e+01,1.063750120162963952e+01,6.000000000000000000e+00,3.750000000000000000e+05
4.174723868885429567e+00,3.419542308807373132e+01,1.325006103515625200e-01,6.000000000000000000e+00,0.000000000000000000e+00
4.174777179279717032e+00,3.430204387664795007e+01,1.325006103515625200e-01,6.000000000000000000e+00,3.750000000000000000e+05
4.186234941803707699e+00,3.965460868835449304e+01,1.063750120162963952e+01,6.000000000000000000e+00,0.000000000000000000e+00
4.186288252197995163e+00,3.976122947692871179e+01,1.063750120162963952e+01,6.000000000000000000e+00,3.750000000000000000e+05
4.197746014721985830e+00,3.440866466522216882e+01,1.325006103515625200e-01,6.000000000000000000e+00,0.000000000000000000e+00
4.197799325116273295e+00,3.451528545379638757e+01,1.325006103515625200e-01,6.000000000000000000e+00,3.750000000000000000e+05
4.209257087640263961e+00,3.986785026550293054e+01,1.063750120162963952e+01,6.000000000000000000e+00,0.000000000000000000e+00
4.209310398034551426e+00,3.997447105407714929e+01,1.063750120162963952e+01,6.000000000000000000e+00,3.750000000000000000e+05
4.220768160558542093e+00,3.462190624237060632e+01,1.325006103515625200e-01,6.000000000000000000e+00,0.000000000000000000e+00
4.220821470952829557e+00,3.472852703094482507e+01,1.325006103515625200e-01,6.000000000000000000e+00,3.750000000000000000e+05
4.232279233476820224e+00,4.008109184265136804e+01,1.063750120162963952e+01,6.000000000000000000e+00,0.000000000000000000e+00
4.232332543871107688e+00,4.018771263122558679e+01,1.063750120162963952e+01,6.000000000000000000e+00,3.750000000000000000e+05
4.243790306395098355e+00,3.483514781951904382e+01,1.325006103515625200e-01,6.000000000000000000e+00,0.000000000000000000e+00
4.243843616789385820e+00,3.494176860809326257e+01,1.325006103515625200e-01,6.000000000000000000e+00,3.750000000000000000e+05
4.255301379313376486e+00,4.029433341979980554e+01,1.063750120162963952e+01,6.000000000000000000e+00,0.000000000000000000e+00
4.255354689707663951e+00,4.040095420837402429e+01,1.063750120162963952e+01,6.000000000000000000e+00,3.750000000000000000e+05
4.266812452231654618e+00,3.504838939666748132e+01,1.325006103515625200e-01,6.000000000000000000e+00,0.000000000000000000e+00
4.266865762625942082e+00,3.515501018524170007e+01,1.325006103515625200e-01,6.000000000000000000e+00,3.750000000000000000e+05
4.278323525149932749e+00,4.050757499694824304e+01,1.063750120162963952e+01,6.000000000000000000e+00,0.000000000000000000e+00
4.278376835544220214e+00,4.061419578552246179e+01,1.063750120162963952e+01,6.000000000000000000e+00,3.750000000000000000e+05
4.289834596385182941e+00,3.526163478851318445e+01,1.325006103515625200e-01,6.000000000000000000e+00,0.000000000000000000e+00
4.289887906779470406e+00,3.536825557708740320e+01,1.325006103515625200e-01,6.000000000000000000e+00,3.750000000000000000e+05
4.301345667620433133e+00,4.072081657409668054e+01,1.063750120162963952e+01,6.000000000000000000e+00,0.000000000000000000e+00
4.301398978014720598e+00,4.082743736267089929e+01,1.063750120162963952e+01,6.000000000000000000e+00,3.750000000000000000e+05
4.312856738855683325e+00,3.547487636566162195e+01,1.325006103515625200e-01,6.000000000000000000e+00,0.000000000000000000e+00
4.312910049249970790e+00,3.558149715423584070e+01,1.325006103515625200e-01,6.000000000000000000e+00,3.750000000000000000e+05
4.324367810090933517e+00,4.093405815124511804e+01,1.063750120162963952e+01,6.000000000000000000e+00,0.000000000000000000e+00
4.324421120485220982e+00,4.104067893981933679e+01,1.063750120162963952e+01,6.000000000000000000e+00,3.750000000000000000e+05
4.335878881326183709e+00,3.568811794281005945e+01,1.325006103515625200e-01,6.000000000000000000e+00,0.000000000000000000e+00
4.335932191720471174e+00,3.579473873138427820e+01,1.325006103515625200e-01,6.000000000000000000e+00,3.750000000000000000e+05
4.347389954244461840e+00,4.114730354309082117e+01,1.063750120162963952e+01,6.000000000000000000e+00,0.000000000000000000e+00
4.347443264638749305e+00,4.125392433166503992e+01,1.063750120162963952e+01,6.000000000000000000e+00,3.750000000000000000e+05
4.358901027162739972e+00,3.590135951995849695e+01,1.325006103515625200e-01,6.000000000000000000e+00,0.000000000000000000e+00
4.358954337557027436e+00,3.600798030853271570e+01,1.325006103515625200e-01,6.000000000000000000e+00,3.750000000000000000e+05
4.370412100081018103e+00,4.136054512023925867e+01,1.063750120162963952e+01,6.000000000000000000e+00,0.000000000000000000e+00
4.370465410475305568e+00,4.146716590881347742e+01,1.063750120162963952e+01,6.000000000000000000e+00,3.750000000000000000e+05
4.381923172999296234e+00,3.611460109710693445e+01,1.325006103515625200e-01,6.000000000000000000e+00,0.000000000000000000e+00
4.381976483393583699e+00,3.622122188568115320e+01,1.325006103515625200e-01,6.000000000000000000e+00,3.750000000000000000e+05
4.393434245917574366e+00,4.157378669738769617e+01,1.063750120162963952e+01,6.000000000000000000e+00,0.000000000000000000e+00
4.393487556311861830e+00,4.168040748596191492e+01,1.063750120162963952e+01,6.000000000000000000e+00,3.750000000000000000e+05
4.404945318835852497e+00,3.632784267425537195e+01,1.325006103515625200e-01,6.000000000000000000e+00,0.000000000000000000e+00
4.404998629230139962e+00,3.643446346282959070e+01,1.325006103515625200e-01,6.000000000000000000e+00,3.750000000000000000e+05
4.416456391754130628e+00,4.178702827453613367e+01,1.063750120162963952e+01,6.000000000000000000e+00,0.000000000000000000e+00
4.416509702148418093e+00,4.189364906311035242e+01,1.063750120162963952e+01,6.000000000000000000e+00,3.750000000000000000e+05
4.427967464672408759e+00,3.654108425140380945e+01,1.325006103515625200e-01,6.000000000000000000e+00,0.000000000000000000e+00
4.428020775066696224e+00,3.664770503997802820e+01,1.325006103515625200e-01,6.000000000000000000e+00,3.750000000000000000e+05
4.439478537590686891e+00,4.200026985168457117e+01,1.063750120162963952e+01,6.000000000000000000e+00,0.000000000000000000e+00
4.439531847984974355e+00,4.210689064025878992e+01,1.063750120162963952e+01,6.000000000000000000e+00,3.750000000000000000e+05
4.450989610508965022e+00,3.675432582855224695e+01,1.325006103515625200e-01,6.000000000000000000e+00,0.000000000000000000e+00
4.451042920903252487e+00,3.686094661712646570e+01,1.325006103515625200e-01,6.000000000000000000e+00,3.750000000000000000e+05
4.462500683427243153e+00,4.221351142883300867e+01,1.063750120162963952e+01,6.000000000000000000e+00,0.000000000000000000e+00
4.462553993821530618e+00,4.232013221740722742e+01,1.063750120162963952e+01,6.000000000000000000e+00,3.750000000000000000e+05
4.474011756345521285e+00,3.696756740570068445e+01,1.325006103515625200e-01,6.000000000000000000e+00,0.000000000000000000e+00
4.474065066739808749e+00,3.707418819427490320e+01,1.325006103515625200e-01,6.000000000000000000e+00,3.750000000000000000e+05
4.485522829263799416e+00,4.242675300598144617e+01,1.063750120162963952e+01,6.000000000000000000e+00,0.000000000000000000e+00
4.485576139658086881e+00,4.253337379455566492e+01,1.063750120162963952e+01,6.000000000000000000e+00,3.750000000000000000e+05
4.497033902182077547e+00,3.718080898284912195e+01,1.325006103515625200e-01,6.000000000000000000e+00,0.000000000000000000e+00
4.497087214483713069e+00,3.728743358612060632e+01,1.325006103515625200e-01,6.000000000000000000e+00,3.750000000000000000e+05
4.508544975324675796e+00,4.263999458312988367e+01,1.063750120162963952e+01,6.000000000000000000e+00,0.000000000000000000e+00
4.508598285718963261e+00,4.274661537170410242e+01,1.063750120162963952e+01,6.000000000000000000e+00,3.750000000000000000e+05
4.520056046559925989e+00,3.739405437469482507e+01,1.325006103515625200e-01,6.000000000000000000e+00,0.000000000000000000e+00
4.520109356954213453e+00,3.750067516326904382e+01,1.325006103515625200e-01,6.000000000000000000e+00,3.750000000000000000e+05
4.531567117795176181e+00,4.285323616027832117e+01,1.063750120162963952e+01,6.000000000000000000e+00,0.000000000000000000e+00
4.531620428189463645e+00,4.295985694885253992e+01,1.063750120162963952e+01,6.000000000000000000e+00,3.750000000000000000e+05
4.543078189030426373e+00,3.760729595184326257e+01,1.325006103515625200e-01,6.000000000000000000e+00,0.000000000000000000e+00
4.543131499424713837e+00,3.771391674041748132e+01,1.325006103515625200e-01,6.000000000000000000e+00,3.750000000000000000e+05
4.554589261948704504e+00,4.306648155212402429e+01,1.063750120162963952e+01,6.000000000000000000e+00,0.000000000000000000e+00
4.554642572342991969e+00,4.317310234069824304e+01,1.063750120162963952e+01,6.000000000000000000e+00,3.750000000000000000e+05
4.566100334866982635e+00,3.782053752899170007e+01,1.325006103515625200e-01,6.000000000000000000e+00,0.000000000000000000e+00
4.566153645261270100e+00,3.792715831756591882e+01,1.325006103515625200e-01,6.000000000000000000e+00,3.750000000000000000e+05
4.577611407785260766e+00,4.327972312927246179e+01,1.063750120162963952e+01,6.000000000000000000e+00,0.000000000000000000e+00
4.577664718179548231e+00,4.338634391784668054e+01,1.063750120162963952e+01,6.000000000000000000e+00,3.750000000000000000e+05
4.589122480703538898e+00,3.803377910614013757e+01,1.325006103515625200e-01,6.000000000000000000e+00,0.000000000000000000e+00
4.589175791097826362e+00,3.814039989471435632e+01,1.325006103515625200e-01,6.000000000000000000e+00,3.750000000000000000e+05
4.600633553621817029e+00,4.349296470642089929e+01,1.063750120162963952e+01,6.000000000000000000e+00,0.000000000000000000e+00
4.600686864016104494e+00,4.359958549499511804e+01,1.063750120162963952e+01,6.000000000000000000e+00,3.750000000000000000e+05
4.612144626540095160e+00,3.824702068328857507e+01,1.325006103515625200e-01,6.000000000000000000e+00,0.000000000000000000e+00
4.612197936934382625e+00,3.835364147186279382e+01,1.325006103515625200e-01,6.000000000000000000e+00,3.750000000000000000e+05
4.623655699458373292e+00,4.370620628356933679e+01,1.063750120162963952e+01,6.000000000000000000e+00,0.000000000000000000e+00
4.623709009852660756e+00,4.381282707214355554e+01,1.063750120162963952e+01,6.000000000000000000e+00,3.750000000000000000e+05
4.635166772376651423e+00,3.846026226043701257e+01,1.325006103515625200e-01,6.000000000000000000e+00,0.000000000000000000e+00
4.635220082294101651e+00,3.856688209533691492e+01,1.325006103515625200e-01,6.000000000000000000e+00,3.750000000000000000e+05
4.646677845238849081e+00,4.391944786071777429e+01,1.063750120162963952e+01,6.000000000000000000e+00,0.000000000000000000e+00
4.646731155633136545e+00,4.402606864929199304e+01,1.063750120162963952e+01,6.000000000000000000e+00,3.750000000000000000e+05
4.658188918577883975e+00,3.867350288391113367e+01,1.325006103515625200e-01,6.000000000000000000e+00,0.000000000000000000e+00
4.658242228972171439e+00,3.878012367248535242e+01,1.325006103515625200e-01,6.000000000000000000e+00,3.750000000000000000e+05
4.669699991916918869e+00,4.413268943786621179e+01,1.063750120162963952e+01,6.000000000000000000e+00,0.000000000000000000e+00
4.669753302311206333e+00,4.423931022644043054e+01,1.063750120162963952e+01,6.000000000000000000e+00,3.750000000000000000e+05
4.681211065255953763e+00,3.888674446105957117e+01,1.325006103515625200e-01,6.000000000000000000e+00,0.000000000000000000e+00
4.681264375650241227e+00,3.899336524963378992e+01,1.325006103515625200e-01,6.000000000000000000e+00,3.750000000000000000e+05
4.692722138594988657e+00,4.434593101501464929e+01,1.063750120162963952e+01,6.000000000000000000e+00,0.000000000000000000e+00
4.692775448989276121e+00,4.445255180358886804e+01,1.063750120162963952e+01,6.000000000000000000e+00,3.750000000000000000e+05
4.704233211934023551e+00,3.909998603820800867e+01,1.325006103515625200e-01,6.000000000000000000e+00,0.000000000000000000e+00
4.704286522328311015e+00,3.920660682678222742e+01,1.325006103515625200e-01,6.000000000000000000e+00,3.750000000000000000e+05
4.715744285273058445e+00,4.455917259216308679e+01,1.063750120162963952e+01,6.000000000000000000e+00,0.000000000000000000e+00
4.715797595667345909e+00,4.466579338073730554e+01,1.063750120162963952e+01,6.000000000000000000e+00,3.750000000000000000e+05
4.727255356929065400e+00,3.931323143005371179e+01,1.325006103515625200e-01,6.000000000000000000e+00,0.000000000000000000e+00
4.727308667323352864e+00,3.941985221862793054e+01,1.325006103515625200e-01,6.000000000000000000e+00,3.750000000000000000e+05
4.738766428585072354e+00,4.477241416931152429e+01,1.063750120162963952e+01,6.000000000000000000e+00,0.000000000000000000e+00
4.738818587350239753e+00,4.483750053405761804e+01,1.055597873687744226e+01,6.000000000000000000e+00,3.750000000000000000e+05
4.750187433858030772e+00,3.952647300720214929e+01,1.325006103515625200e-01,6.000000000000000000e+00,0.000000000000000000e+00
4.750240744252318237e+00,3.963309379577636804e+01,1.325006103515625200e-01,6.000000000000000000e+00,3.750000000000000000e+05
4.761381356537697229e+00,4.483750053405761804e+01,1.034672304153442468e+01,6.000000000000000000e+00,0.000000000000000000e+00
4.761485984146950123e+00,4.483750053405761804e+01,1.013746782302856531e+01,6.000000000000000000e+00,3.750000000000000000e+05
4.772398362622809032e+00,3.973971458435058679e+01,1.325006103515625200e-01,6.000000000000000000e+00,0.000000000000000000e+00
4.772451673017096496e+00,3.984633537292480554e+01,1.325006103515625200e-01,6.000000000000000000e+00,3.750000000000000000e+05
4.783135817270543377e+00,4.483750053405761804e+01,9.928212127685547728e+00,6.000000000000000000e+00,0.000000000000000000e+00
4.783240444879796271e+00,4.483750053405761804e+01,9.718956909179688353e+00,6.000000000000000000e+00,3.750000000000000000e+05
4.793696355323723068e+00,3.995295616149902429e+01,1.325006103515625200e-01,6.000000000000000000e+00,0.000000000000000000e+00
4.793749665718010533e+00,4.005957695007324304e+01,1.325006103515625200e-01,6.000000000000000000e+00,3.750000000000000000e+05
4.803977341526634248e+00,4.483750053405761804e+01,9.509700736999512571e+00,6.000000000000000000e+00,0.000000000000000000e+00
4.804081969135887142e+00,4.483750053405761804e+01,9.300445518493653196e+00,6.000000000000000000e+00,3.750000000000000000e+05
4.814081411134990773e+00,4.016619773864746179e+01,1.325006103515625200e-01,6.000000000000000000e+00,0.000000000000000000e+00
4.814134721529278238e+00,4.027281852722168054e+01,1.325006103515625200e-01,6.000000000000000000e+00,3.750000000000000000e+05
4.823905929718860897e+00,4.483750053405761804e+01,9.091190299987793821e+00,6.000000000000000000e+00,0.000000000000000000e+00
4.824010557328113791e+00,4.483750053405761804e+01,8.881935081481934446e+00,6.000000000000000000e+00,3.750000000000000000e+05
4.833553531708176365e+00,4.037943931579589929e+01,1.325006103515625200e-01,6.000000000000000000e+00,0.000000000000000000e+00
4.833606842102463830e+00,4.048606010437011804e+01,1.325006103515625200e-01,6.000000000000000000e+00,3.750000000000000000e+05
4.842921581847223322e+00,4.483750053405761804e+01,8.672678909301758665e+00,6.000000000000000000e+00,0.000000000000000000e+00
4.843026209456476217e+00,4.483750053405761804e+01,8.463423690795899290e+00,6.000000000000000000e+00,3.750000000000000000e+05
4.852112715391714737e+00,4.059268089294433679e+01,1.325006103515625200e-01,6.000000000000000000e+00,0.000000000000000000e+00
4.852166025786002201e+00,4.069930168151855554e+01,1.325006103515625200e-01,6.000000000000000000e+00,3.750000000000000000e+05
4.861024297911720637e+00,4.483750053405761804e+01,8.254168472290039915e+00,6.000000000000000000e+00,0.000000000000000000e+00
4.861128925520973532e+00,4.483750053405761804e+01,8.044913253784180540e+00,6.000000000000000000e+00,3.750000000000000000e+05
4.869758963837171883e+00,4.080592247009277429e+01,1.325006103515625200e-01,6.000000000000000000e+00,0.000000000000000000e+00
4.869812274231459348e+00,4.091254325866699304e+01,1.325006103515625200e-01,6.000000000000000000e+00,3.750000000000000000e+05
4.878214077912354618e+00,4.483750053405761804e+01,7.835657081604003871e+00,6.000000000000000000e+00,0.000000000000000000e+00
4.878318705521607512e+00,4.483750053405761804e+01,7.626401863098144496e+00,6.000000000000000000e+00,3.750000000000000000e+05
4.886492275392981810e+00,4.101916404724121179e+01,1.325006103515625200e-01,6.000000000000000000e+00,0.000000000000000000e+00
4.886545585787269275e+00,4.112578483581543054e+01,1.325006103515625200e-01,6.000000000000000000e+00,3.750000000000000000e+05
4.894490921849123488e+00,4.483750053405761804e+01,7.417146644592285121e+00,6.000000000000000000e+00,0.000000000000000000e+00
4.894595549935213619e+00,4.483750053405761804e+01,7.207890472412109339e+00,6.000000000000000000e+00,3.750000000000000000e+05
4.902312649678735923e+00,4.123240943908691492e+01,1.325006103515625200e-01,6.000000000000000000e+00,0.000000000000000000e+00
4.902365960073023388e+00,4.133903022766113367e+01,1.325006103515625200e-01,6.000000000000000000e+00,3.750000000000000000e+05
4.909854826007025608e+00,4.483750053405761804e+01,6.998635253906249964e+00,6.000000000000000000e+00,0.000000000000000000e+00
4.909959453616278502e+00,4.483750053405761804e+01,6.789380035400390589e+00,6.000000000000000000e+00,3.750000000000000000e+05
4.917220085740759750e+00,4.144565101623535242e+01,1.325006103515625200e-01,6.000000000000000000e+00,0.000000000000000000e+00
4.917273396135047214e+00,4.155227180480957117e+01,1.325006103515625200e-01,6.000000000000000000e+00,3.750000000000000000e+05
4.924305794450008378e+00,4.483750053405761804e+01,6.580124816894531214e+00,6.000000000000000000e+00,0.000000000000000000e+00
4.924410422536098508e+00,4.483750053405761804e+01,6.370868644714355433e+00,6.000000000000000000e+00,3.750000000000000000e+05
4.931214586215756590e+00,4.165889259338378992e+01,1.325006103515625200e-01,6.000000000000000000e+00,0.000000000000000000e+00
4.931267896610044055e+00,4.176551338195800867e+01,1.325006103515625200e-01,6.000000000000000000e+00,3.750000000000000000e+05
4.937843826480181164e+00,4.483750053405761804e+01,6.161613426208496058e+00,6.000000000000000000e+00,0.000000000000000000e+00
4.937948454089434058e+00,4.483750053405761804e+01,5.952358207702636683e+00,6.000000000000000000e+00,3.750000000000000000e+05
4.944296150150051083e+00,4.187213417053222742e+01,1.325006103515625200e-01,6.000000000000000000e+00,0.000000000000000000e+00
4.944349460544338548e+00,4.197875495910644617e+01,1.325006103515625200e-01,6.000000000000000000e+00,3.750000000000000000e+05
4.950468922795434601e+00,4.483750053405761804e+01,5.743102989196777308e+00,6.000000000000000000e+00,0.000000000000000000e+00
4.950573550881524731e+00,4.483750053405761804e+01,5.533846817016601527e+00,6.000000000000000000e+00,3.750000000000000000e+05
4.956464778497318591e+00,4.208537574768066492e+01,1.325006103515625200e-01,6.000000000000000000e+00,0.000000000000000000e+00
4.956518088891606055e+00,4.219199653625488367e+01,1.325006103515625200e-01,6.000000000000000000e+00,3.750000000000000000e+05
4.962181082697878942e+00,4.483750053405761804e+01,5.324591598510742152e+00,6.000000000000000000e+00,0.000000000000000000e+00
4.962285710307131836e+00,4.483750053405761804e+01,5.115336380004882777e+00,6.000000000000000000e+00,3.750000000000000000e+05
4.967720470303884639e+00,4.229861732482910242e+01,1.325006103515625200e-01,6.000000000000000000e+00,0.000000000000000000e+00
4.967773780698172104e+00,4.240523811340332117e+01,1.325006103515625200e-01,6.000000000000000000e+00,3.750000000000000000e+05
4.972980306885403934e+00,4.483750053405761804e+01,4.906081161499023402e+00,6.000000000000000000e+00,0.000000000000000000e+00
4.973084934971494064e+00,4.483750053405761804e+01,4.696824989318847621e+00,6.000000000000000000e+00,3.750000000000000000e+05
4.978063226523423701e+00,4.251185890197753992e+01,1.325006103515625200e-01,6.000000000000000000e+00,0.000000000000000000e+00
4.978116536917711166e+00,4.261847969055175867e+01,1.325006103515625200e-01,6.000000000000000000e+00,3.750000000000000000e+05
4.982866594660119830e+00,4.483750053405761804e+01,4.487569770812988246e+00,6.000000000000000000e+00,0.000000000000000000e+00
4.982971222269372724e+00,4.483750053405761804e+01,4.278314552307128871e+00,6.000000000000000000e+00,3.750000000000000000e+05
4.987493046202261304e+00,4.272510047912597742e+01,1.325006103515625200e-01,6.000000000000000000e+00,0.000000000000000000e+00
4.987546356596548769e+00,4.283172126770019617e+01,1.325006103515625200e-01,6.000000000000000000e+00,3.750000000000000000e+05
4.991839945894134267e+00,4.483750053405761804e+01,4.069058380126953089e+00,6.000000000000000000e+00,0.000000000000000000e+00
4.991944573503387161e+00,4.483750053405761804e+01,3.859803161621093714e+00,6.000000000000000000e+00,3.750000000000000000e+05
4.996009928991452576e+00,4.293834205627441492e+01,1.325006103515625200e-01,6.000000000000000000e+00,0.000000000000000000e+00
4.996063239385740040e+00,4.304496284484863367e+01,1.325006103515625200e-01,6.000000000000000000e+00,3.750000000000000000e+05
4.999900361064285370e+00,4.483750053405761804e+01,3.650547943115234339e+00,6.000000000000000000e+00,0.000000000000000000e+00
5.000004988673538264e+00,4.483750053405761804e+01,3.441292724609374964e+00,6.000000000000000000e+00,3.750000000000000000e+05
5.003613876542562622e+00,4.315158363342285242e+01,1.325006103515625200e-01,6.000000000000000000e+00,0.000000000000000000e+00
5.003667188844198144e+00,4.325820823669433679e+01,1.325006103515625200e-01,6.000000000000000000e+00,3.750000000000000000e+05
5.007047840394890592e+00,4.483750053405761804e+01,3.232036552429199183e+00,6.000000000000000000e+00,0.000000000000000000e+00
5.007152468004143486e+00,4.483750053405761804e+01,3.022781333923339808e+00,6.000000000000000000e+00,3.750000000000000000e+05
5.010304885745314962e+00,4.336482902526855554e+01,1.325006103515625200e-01,6.000000000000000000e+00,0.000000000000000000e+00
5.010358196139602427e+00,4.347144981384277429e+01,1.325006103515625200e-01,6.000000000000000000e+00,3.750000000000000000e+05
5.013282380071253819e+00,4.483750053405761804e+01,2.813526115417480433e+00,6.000000000000000000e+00,0.000000000000000000e+00
5.013387007680506713e+00,4.483750053405761804e+01,2.604270896911621058e+00,6.000000000000000000e+00,3.750000000000000000e+05
5.016082957802637132e+00,4.357807060241699304e+01,1.325006103515625200e-01,6.000000000000000000e+00,0.000000000000000000e+00
5.016136268196924597e+00,4.368469139099121179e+01,1.325006103515625200e-01,6.000000000000000000e+00,3.750000000000000000e+05
5.018603984509534932e+00,4.483750053405761804e+01,2.395015678405761683e+00,6.000000000000000000e+00,0.000000000000000000e+00
5.018708612595625063e+00,4.483750053405761804e+01,2.185759506225585902e+00,6.000000000000000000e+00,3.750000000000000000e+05
5.020948094272932316e+00,4.379131217956543054e+01,1.325006103515625200e-01,6.000000000000000000e+00,0.000000000000000000e+00
5.021001404667219781e+00,4.389793296813964929e+01,1.325006103515625200e-01,6.000000000000000000e+00,3.750000000000000000e+05
5.023012652535006950e+00,4.483750053405761804e+01,1.976504287719726527e+00,6.000000000000000000e+00,0.000000000000000000e+00
5.023117280144259844e+00,4.483750053405761804e+01,1.767249069213867152e+00,6.000000000000000000e+00,3.750000000000000000e+05
5.024900294202526041e+00,4.400455375671386804e+01,1.325006103515625200e-01,6.000000000000000000e+00,0.000000000000000000e+00
5.024953604596813506e+00,4.411117454528808679e+01,1.325006103515625200e-01,6.000000000000000000e+00,3.750000000000000000e+05
5.026508383193995400e+00,4.483750053405761804e+01,1.557991943359374964e+00,6.000000000000000000e+00,0.000000000000000000e+00
5.026613010803248294e+00,4.483750053405761804e+01,1.348736724853515589e+00,6.000000000000000000e+00,3.750000000000000000e+05
5.027939555590910103e+00,4.421779533386230554e+01,1.325006103515625200e-01,6.000000000000000000e+00,0.000000000000000000e+00
5.027992865985197568e+00,4.432441612243652429e+01,1.325006103515625200e-01,6.000000000000000000e+00,3.750000000000000000e+05
5.029091176963339294e+00,4.483750053405761804e+01,1.139481506347656214e+00,6.000000000000000000e+00,0.000000000000000000e+00
5.029195804572592188e+00,4.483750053405761804e+01,9.302262878417968395e-01,6.000000000000000000e+00,3.750000000000000000e+05
5.030065881741213829e+00,4.443103691101074304e+01,1.325006103515625200e-01,6.000000000000000000e+00,0.000000000000000000e+00
5.030119192135501294e+00,4.453765769958496179e+01,1.325006103515625200e-01,6.000000000000000000e+00,3.750000000000000000e+05
5.030761035494602851e+00,4.483750053405761804e+01,7.209710693359374645e-01,6.000000000000000000e+00,0.000000000000000000e+00
5.030865663103855745e+00,4.483750053405761804e+01,5.117158508300780895e-01,6.000000000000000000e+00,3.750000000000000000e+05
5.031279272653438994e+00,4.464427848815918054e+01,1.325006103515625200e-01,6.000000000000000000e+00,0.000000000000000000e+00
5.031332583047726459e+00,4.475089927673339929e+01,1.325006103515625200e-01,6.000000000000000000e+00,3.750000000000000000e+05
5.031517958787794953e+00,4.483750053405761804e+01,3.024606323242187700e-01,6.000000000000000000e+00,0.000000000000000000e+00
5.076108916857180908e+00,1.324987030029297075e-01,1.063750120162963952e+01,6.000000000000000000e+00,3.750000000000000000e+05
5.086317858150939841e+00,1.324987030029297075e-01,1.325006103515625200e-01,6.000000000000000000e+00,3.750000000000000000e+05
5.129762952253034136e+00,4.483750053405761804e+01,1.325006103515625200e-01,6.000000000000000000e+00,3.750000000000000000e+05
5.139971893546793069e+00,4.483750053405761804e+01,1.063750120162963952e+01,6.000000000000000000e+00,3.750000000000000000e+05
5.162324394462320498e+00,1.324987030029297075e-01,1.063750120162963952e+01,6.000000000000000000e+00,0.000000000000000000e+00
5.205815673123429299e+00,4.488499923706054773e+01,1.068500133514404382e+01,6.000000000000000000e+00,3.750000000000000000e+05
5.216116937783433549e+00,4.488499923706054773e+01,8.500000000000000611e-02,6.000000000000000000e+00,3.750000000000000000e+05
5.259654352007982148e+00,8.500000000000000611e-02,8.500000000000000611e-02,6.000000000000000000e+00,3.750000000000000000e+05
5.269955616667986398e+00,8.500000000000000611e-02,1.068500133514404382e+01,6.000000000000000000e+00,3.750000000000000000e+05
5.292355616286516629e+00,4.488499923706054773e+01,1.068500133514404382e+01,6.000000000000000000e+00,0.000000000000000000e+00
