2.000000000000000111e-01,1.925477600097656450e-01,1.325006103515625200e-01,2.160000000000000142e+00,0.000000000000000000e+00
2.006695509429488045e-01,1.324987030029297075e-01,8.188466644287109020e-01,2.160000000000000142e+00,0.000000000000000000e+00
2.012145524497542248e-01,1.324987030029297075e-01,1.908849678039550746e+00,2.160000000000000142e+00,3.750000000000000000e+05
2.029474333671353325e-01,2.879094696044922075e-01,1.325006103515625200e-01,2.160000000000000142e+00,0.000000000000000000e+00
2.029951151756070049e-01,3.832730865478515825e-01,1.325006103515625200e-01,2.160000000000000142e+00,3.750000000000000000e+05
2.057913262289736422e-01,1.324987030029297075e-01,2.998852691650390589e+00,2.160000000000000142e+00,0.000000000000000000e+00
2.063363277357790626e-01,1.324987030029297075e-01,4.088855705261230433e+00,2.160000000000000142e+00,3.750000000000000000e+05
2.101958689251312573e-01,4.786367034912109575e-01,1.325006103515625200e-01,2.160000000000000142e+00,0.000000000000000000e+00
2.102435497799286235e-01,5.739984130859374645e-01,1.325006103515625200e-01,2.160000000000000142e+00,3.750000000000000000e+05
2.151664209437144371e-01,1.324987030029297075e-01,5.178858718872070277e+00,2.160000000000000142e+00,0.000000000000000000e+00
2.157114219736827043e-01,1.324987030029297075e-01,6.268860778808593714e+00,2.160000000000000142e+00,3.750000000000000000e+05
2.216976223501835597e-01,6.693620300292968395e-01,1.325006103515625200e-01,2.160000000000000142e+00,0.000000000000000000e+00
2.217453032049809258e-01,7.647237396240234020e-01,1.325006103515625200e-01,2.160000000000000142e+00,3.750000000000000000e+05
2.287948335559155943e-01,1.324987030029297075e-01,7.358863792419433558e+00,2.160000000000000142e+00,0.000000000000000000e+00
2.293398350627210147e-01,1.324987030029297075e-01,8.448866806030274290e+00,2.160000000000000142e+00,3.750000000000000000e+05
2.374526955496411018e-01,8.600873565673827770e-01,1.325006103515625200e-01,2.160000000000000142e+00,0.000000000000000000e+00
2.375003773581127742e-01,9.554509735107421520e-01,1.325006103515625200e-01,2.160000000000000142e+00,3.750000000000000000e+05
2.466765679810183354e-01,1.324987030029297075e-01,9.538869819641114134e+00,2.160000000000000142e+00,0.000000000000000000e+00
2.472215687725680122e-01,1.324987030029297075e-01,1.062887140274047937e+01,2.160000000000000142e+00,3.750000000000000000e+05
2.574610879850017242e-01,1.050812683105468714e+00,1.325006103515625200e-01,2.160000000000000142e+00,0.000000000000000000e+00
2.575087697934734243e-01,1.146176300048828089e+00,1.325006103515625200e-01,2.160000000000000142e+00,3.750000000000000000e+05
2.677567076546031322e-01,2.271070098876953325e-01,1.063750120162963952e+01,2.160000000000000142e+00,0.000000000000000000e+00
2.678043894630748323e-01,3.224706268310547075e-01,1.063750120162963952e+01,2.160000000000000142e+00,3.750000000000000000e+05
2.780523271626531567e-01,1.241538009643554652e+00,1.325006103515625200e-01,2.160000000000000142e+00,0.000000000000000000e+00
2.781000089711248568e-01,1.336901626586914027e+00,1.325006103515625200e-01,2.160000000000000142e+00,3.750000000000000000e+05
2.883479466707031813e-01,4.178342437744140825e-01,1.063750120162963952e+01,2.160000000000000142e+00,0.000000000000000000e+00
2.883956275255005197e-01,5.131959533691405895e-01,1.063750120162963952e+01,2.160000000000000142e+00,3.750000000000000000e+05
2.986435653866302276e-01,1.432265243530273402e+00,1.325006103515625200e-01,2.160000000000000142e+00,0.000000000000000000e+00
2.986912462414275660e-01,1.527626953124999964e+00,1.325006103515625200e-01,2.160000000000000142e+00,3.750000000000000000e+05
3.089391839410058904e-01,6.085595703124999645e-01,1.063750120162963952e+01,2.160000000000000142e+00,0.000000000000000000e+00
3.089868647958032288e-01,7.039212799072265270e-01,1.063750120162963952e+01,2.160000000000000142e+00,3.750000000000000000e+05
3.192348026569329367e-01,1.622990570068359339e+00,1.325006103515625200e-01,2.160000000000000142e+00,0.000000000000000000e+00
3.192824844654046368e-01,1.718354187011718714e+00,1.325006103515625200e-01,2.160000000000000142e+00,3.750000000000000000e+05
3.295304223265343446e-01,7.992848968505859020e-01,1.063750120162963952e+01,2.160000000000000142e+00,0.000000000000000000e+00
3.295781041350060447e-01,8.946485137939452770e-01,1.063750120162963952e+01,2.160000000000000142e+00,3.750000000000000000e+05
3.398260418345843692e-01,1.813715896606445277e+00,1.325006103515625200e-01,2.160000000000000142e+00,0.000000000000000000e+00
3.398737236430560693e-01,1.909079513549804652e+00,1.325006103515625200e-01,2.160000000000000142e+00,3.750000000000000000e+05
3.501216615041857771e-01,9.900102233886718395e-01,1.063750120162963952e+01,2.160000000000000142e+00,0.000000000000000000e+00
3.501693433126574773e-01,1.085373840332031214e+00,1.063750120162963952e+01,2.160000000000000142e+00,3.750000000000000000e+05
3.604172810122358017e-01,2.004441223144531214e+00,1.325006103515625200e-01,2.160000000000000142e+00,0.000000000000000000e+00
3.604649628207075018e-01,2.099804840087890589e+00,1.325006103515625200e-01,2.160000000000000142e+00,3.750000000000000000e+05
3.707129006818372097e-01,1.180735549926757777e+00,1.063750120162963952e+01,2.160000000000000142e+00,0.000000000000000000e+00
3.707605824903089098e-01,1.276099166870117152e+00,1.063750120162963952e+01,2.160000000000000142e+00,3.750000000000000000e+05
3.810085203514386176e-01,2.195168457031249964e+00,1.325006103515625200e-01,2.160000000000000142e+00,0.000000000000000000e+00
3.810562012062359560e-01,2.290530166625976527e+00,1.325006103515625200e-01,2.160000000000000142e+00,3.750000000000000000e+05
3.913041389058142805e-01,1.371462783813476527e+00,1.063750120162963952e+01,2.160000000000000142e+00,0.000000000000000000e+00
3.913518197606116189e-01,1.466824493408203089e+00,1.063750120162963952e+01,2.160000000000000142e+00,3.750000000000000000e+05
4.015997576217413267e-01,2.385893783569335902e+00,1.325006103515625200e-01,2.160000000000000142e+00,0.000000000000000000e+00
4.016474384765386652e-01,2.481255493164062464e+00,1.325006103515625200e-01,2.160000000000000142e+00,3.750000000000000000e+05
4.118953761761169896e-01,1.562188110351562464e+00,1.063750120162963952e+01,2.160000000000000142e+00,0.000000000000000000e+00
4.119430579845886897e-01,1.657551727294921839e+00,1.063750120162963952e+01,2.160000000000000142e+00,3.750000000000000000e+05
4.221909956841670142e-01,2.576619110107421839e+00,1.325006103515625200e-01,2.160000000000000142e+00,0.000000000000000000e+00
4.222386774926387143e-01,2.671982727050781214e+00,1.325006103515625200e-01,2.160000000000000142e+00,3.750000000000000000e+05
4.324866153537684221e-01,1.752913436889648402e+00,1.063750120162963952e+01,2.160000000000000142e+00,0.000000000000000000e+00
4.325342971622401222e-01,1.848277053833007777e+00,1.063750120162963952e+01,2.160000000000000142e+00,3.750000000000000000e+05
4.427822348618184467e-01,2.767344436645507777e+00,1.325006103515625200e-01,2.160000000000000142e+00,0.000000000000000000e+00
4.428299166702901468e-01,2.862708053588867152e+00,1.325006103515625200e-01,2.160000000000000142e+00,3.750000000000000000e+05
4.530778545314198547e-01,1.943638763427734339e+00,1.063750120162963952e+01,2.160000000000000142e+00,0.000000000000000000e+00
4.531255363398915548e-01,2.039002380371093714e+00,1.063750120162963952e+01,2.160000000000000142e+00,3.750000000000000000e+05
4.633734742010212626e-01,2.958071670532226527e+00,1.325006103515625200e-01,2.160000000000000142e+00,0.000000000000000000e+00
4.634211550558186010e-01,3.053433380126953089e+00,1.325006103515625200e-01,2.160000000000000142e+00,3.750000000000000000e+05
4.736690927553969255e-01,2.134365997314453089e+00,1.063750120162963952e+01,2.160000000000000142e+00,0.000000000000000000e+00
4.737167736101942639e-01,2.229727706909179652e+00,1.063750120162963952e+01,2.160000000000000142e+00,3.750000000000000000e+05
4.839647114713239717e-01,3.148796997070312464e+00,1.325006103515625200e-01,2.160000000000000142e+00,0.000000000000000000e+00
4.840123923261213101e-01,3.244158706665039027e+00,1.325006103515625200e-01,2.160000000000000142e+00,3.750000000000000000e+05
4.942603300256996346e-01,2.325091323852539027e+00,1.063750120162963952e+01,2.160000000000000142e+00,0.000000000000000000e+00
4.943080108804969730e-01,2.420453033447265589e+00,1.063750120162963952e+01,2.160000000000000142e+00,3.750000000000000000e+05
5.045559487416266808e-01,3.339522323608398402e+00,1.325006103515625200e-01,2.160000000000000142e+00,0.000000000000000000e+00
5.046036305500983810e-01,3.434885940551757777e+00,1.325006103515625200e-01,2.160000000000000142e+00,3.750000000000000000e+05
5.148515684112280333e-01,2.515816650390624964e+00,1.063750120162963952e+01,2.160000000000000142e+00,0.000000000000000000e+00
5.148992502196997334e-01,2.611180267333984339e+00,1.063750120162963952e+01,2.160000000000000142e+00,3.750000000000000000e+05
5.251471879192780579e-01,3.530247650146484339e+00,1.325006103515625200e-01,2.160000000000000142e+00,0.000000000000000000e+00
5.251948697277497580e-01,3.625611267089843714e+00,1.325006103515625200e-01,2.160000000000000142e+00,3.750000000000000000e+05
5.354428075888794103e-01,2.706541976928710902e+00,1.063750120162963952e+01,2.160000000000000142e+00,0.000000000000000000e+00
5.354904893973511104e-01,2.801905593872070277e+00,1.063750120162963952e+01,2.160000000000000142e+00,3.750000000000000000e+05
5.457384270969294349e-01,3.720972976684570277e+00,1.325006103515625200e-01,2.160000000000000142e+00,0.000000000000000000e+00
5.457861089054011350e-01,3.816336593627929652e+00,1.325006103515625200e-01,2.160000000000000142e+00,3.750000000000000000e+05
5.560340466049794594e-01,2.897269210815429652e+00,1.063750120162963952e+01,2.160000000000000142e+00,0.000000000000000000e+00
5.560817274597767979e-01,2.992630920410156214e+00,1.063750120162963952e+01,2.160000000000000142e+00,3.750000000000000000e+05
5.663296653209064502e-01,3.911700210571289027e+00,1.325006103515625200e-01,2.160000000000000142e+00,0.000000000000000000e+00
5.663773461757037886e-01,4.007061920166015589e+00,1.325006103515625200e-01,2.160000000000000142e+00,3.750000000000000000e+05
5.766252838752821130e-01,3.087994537353515589e+00,1.063750120162963952e+01,2.160000000000000142e+00,0.000000000000000000e+00
5.766729647300794515e-01,3.183356246948242152e+00,1.063750120162963952e+01,2.160000000000000142e+00,3.750000000000000000e+05
5.869209025912091038e-01,4.102425537109374964e+00,1.325006103515625200e-01,2.160000000000000142e+00,0.000000000000000000e+00
5.869685834460064422e-01,4.197787246704101527e+00,1.325006103515625200e-01,2.160000000000000142e+00,3.750000000000000000e+05
5.972165211455847666e-01,3.278719863891601527e+00,1.063750120162963952e+01,2.160000000000000142e+00,0.000000000000000000e+00
5.972642029540564668e-01,3.374083480834960902e+00,1.063750120162963952e+01,2.160000000000000142e+00,3.750000000000000000e+05
6.075121406536347912e-01,4.293150863647460902e+00,1.325006103515625200e-01,2.160000000000000142e+00,0.000000000000000000e+00
6.075598224621064913e-01,4.388514480590820277e+00,1.325006103515625200e-01,2.160000000000000142e+00,3.750000000000000000e+05
6.178077603232361437e-01,3.469445190429687464e+00,1.063750120162963952e+01,2.160000000000000142e+00,0.000000000000000000e+00
6.178554421317078438e-01,3.564808807373046839e+00,1.063750120162963952e+01,2.160000000000000142e+00,3.750000000000000000e+05
6.281033798312861682e-01,4.483876190185546839e+00,1.325006103515625200e-01,2.160000000000000142e+00,0.000000000000000000e+00
6.281510616397578683e-01,4.579239807128906214e+00,1.325006103515625200e-01,2.160000000000000142e+00,3.750000000000000000e+05
6.383989995008875207e-01,3.660170516967773402e+00,1.063750120162963952e+01,2.160000000000000142e+00,0.000000000000000000e+00
6.384466813093592208e-01,3.755534133911132777e+00,1.063750120162963952e+01,2.160000000000000142e+00,3.750000000000000000e+05
6.486946191704888731e-01,4.674603424072265589e+00,1.325006103515625200e-01,2.160000000000000142e+00,0.000000000000000000e+00
6.487423000252862115e-01,4.769965133666992152e+00,1.325006103515625200e-01,2.160000000000000142e+00,3.750000000000000000e+05
6.589902377248645360e-01,3.850897750854492152e+00,1.063750120162963952e+01,2.160000000000000142e+00,0.000000000000000000e+00
6.590379185796618744e-01,3.946259460449218714e+00,1.063750120162963952e+01,2.160000000000000142e+00,3.750000000000000000e+05
6.692858564407915267e-01,4.865328750610351527e+00,1.325006103515625200e-01,2.160000000000000142e+00,0.000000000000000000e+00
6.693335372955888651e-01,4.960690460205078089e+00,1.325006103515625200e-01,2.160000000000000142e+00,3.750000000000000000e+05
6.795814749951671896e-01,4.041623077392578089e+00,1.063750120162963952e+01,2.160000000000000142e+00,0.000000000000000000e+00
6.796291568036388897e-01,4.136986694335937464e+00,1.063750120162963952e+01,2.160000000000000142e+00,3.750000000000000000e+05
6.898770945032172142e-01,5.056054077148437464e+00,1.325006103515625200e-01,2.160000000000000142e+00,0.000000000000000000e+00
6.899247763116889143e-01,5.151417694091796839e+00,1.325006103515625200e-01,2.160000000000000142e+00,3.750000000000000000e+05
7.001727141728185666e-01,4.232348403930664027e+00,1.063750120162963952e+01,2.160000000000000142e+00,0.000000000000000000e+00
7.002203959812902667e-01,4.327712020874023402e+00,1.063750120162963952e+01,2.160000000000000142e+00,3.750000000000000000e+05
7.104683336808685912e-01,5.246779403686523402e+00,1.325006103515625200e-01,2.160000000000000142e+00,0.000000000000000000e+00
7.105160154893402913e-01,5.342143020629882777e+00,1.325006103515625200e-01,2.160000000000000142e+00,3.750000000000000000e+05
7.207639533504699436e-01,4.423073730468749964e+00,1.063750120162963952e+01,2.160000000000000142e+00,0.000000000000000000e+00
7.208116351589416437e-01,4.518437347412109339e+00,1.063750120162963952e+01,2.160000000000000142e+00,3.750000000000000000e+05
7.310595730200712961e-01,5.437506637573242152e+00,1.325006103515625200e-01,2.160000000000000142e+00,0.000000000000000000e+00
7.311072538748686345e-01,5.532868347167968714e+00,1.325006103515625200e-01,2.160000000000000142e+00,3.750000000000000000e+05
7.413551915744469589e-01,4.613800964355468714e+00,1.063750120162963952e+01,2.160000000000000142e+00,0.000000000000000000e+00
7.414028724292442973e-01,4.709162673950195277e+00,1.063750120162963952e+01,2.160000000000000142e+00,3.750000000000000000e+05
7.516508102903739497e-01,5.628231964111328089e+00,1.325006103515625200e-01,2.160000000000000142e+00,0.000000000000000000e+00
7.516984911451712881e-01,5.723593673706054652e+00,1.325006103515625200e-01,2.160000000000000142e+00,3.750000000000000000e+05
7.619464288447496125e-01,4.804526290893554652e+00,1.063750120162963952e+01,2.160000000000000142e+00,0.000000000000000000e+00
7.619941096995469509e-01,4.899888000488281214e+00,1.063750120162963952e+01,2.160000000000000142e+00,3.750000000000000000e+05
7.722420475606766033e-01,5.818957290649414027e+00,1.325006103515625200e-01,2.160000000000000142e+00,0.000000000000000000e+00
7.722897293691483034e-01,5.914320907592773402e+00,1.325006103515625200e-01,2.160000000000000142e+00,3.750000000000000000e+05
7.825376672302779557e-01,4.995251617431640589e+00,1.063750120162963952e+01,2.160000000000000142e+00,0.000000000000000000e+00
7.825853490387496558e-01,5.090615234374999964e+00,1.063750120162963952e+01,2.160000000000000142e+00,3.750000000000000000e+05
7.928332867383279803e-01,6.009682617187499964e+00,1.325006103515625200e-01,2.160000000000000142e+00,0.000000000000000000e+00
7.928809685467996804e-01,6.105046234130859339e+00,1.325006103515625200e-01,2.160000000000000142e+00,3.750000000000000000e+05
8.031289064079293327e-01,5.185976943969726527e+00,1.063750120162963952e+01,2.160000000000000142e+00,0.000000000000000000e+00
8.031765882164010328e-01,5.281340560913085902e+00,1.063750120162963952e+01,2.160000000000000142e+00,3.750000000000000000e+05
8.134245259159793573e-01,6.200407943725585902e+00,1.325006103515625200e-01,2.160000000000000142e+00,0.000000000000000000e+00
8.134722077244510574e-01,6.295771560668945277e+00,1.325006103515625200e-01,2.160000000000000142e+00,3.750000000000000000e+05
8.237201454240293819e-01,5.376704177856445277e+00,1.063750120162963952e+01,2.160000000000000142e+00,0.000000000000000000e+00
8.237678262788267203e-01,5.472065887451171839e+00,1.063750120162963952e+01,2.160000000000000142e+00,3.750000000000000000e+05
8.340157641399563726e-01,6.391135177612304652e+00,1.325006103515625200e-01,2.160000000000000142e+00,0.000000000000000000e+00
8.340634454715909474e-01,6.486497840881347621e+00,1.325006103515625200e-01,2.160000000000000142e+00,3.750000000000000000e+05
8.443113832519448803e-01,5.567429504394531214e+00,1.063750120162963952e+01,2.160000000000000142e+00,0.000000000000000000e+00
8.443590641067422187e-01,5.662791213989257777e+00,1.063750120162963952e+01,2.160000000000000142e+00,3.750000000000000000e+05
8.546070019678718710e-01,6.581860504150390589e+00,1.325006103515625200e-01,2.160000000000000142e+00,0.000000000000000000e+00
8.546546832995064458e-01,6.677223167419433558e+00,1.325006103515625200e-01,2.160000000000000142e+00,3.750000000000000000e+05
8.649026210798603787e-01,5.758154830932617152e+00,1.063750120162963952e+01,2.160000000000000142e+00,0.000000000000000000e+00
8.649503028883320788e-01,5.853518447875976527e+00,1.063750120162963952e+01,2.160000000000000142e+00,3.750000000000000000e+05
8.751982405879104032e-01,6.772585830688476527e+00,1.325006103515625200e-01,2.160000000000000142e+00,0.000000000000000000e+00
8.752459219195449780e-01,6.867948493957519496e+00,1.325006103515625200e-01,2.160000000000000142e+00,3.750000000000000000e+05
8.854938596998989109e-01,5.948880157470703089e+00,1.063750120162963952e+01,2.160000000000000142e+00,0.000000000000000000e+00
8.855415415083706110e-01,6.044243774414062464e+00,1.063750120162963952e+01,2.160000000000000142e+00,3.750000000000000000e+05
8.957894792887245439e-01,6.963312110900878871e+00,1.325006103515625200e-01,2.160000000000000142e+00,0.000000000000000000e+00
8.958371606203591186e-01,7.058674774169921839e+00,1.325006103515625200e-01,2.160000000000000142e+00,3.750000000000000000e+05
9.060850984814887710e-01,6.139605484008789027e+00,1.063750120162963952e+01,2.160000000000000142e+00,0.000000000000000000e+00
9.061327802899604711e-01,6.234969100952148402e+00,1.063750120162963952e+01,2.160000000000000142e+00,3.750000000000000000e+05
9.163807180703144040e-01,7.154037437438964808e+00,1.325006103515625200e-01,2.160000000000000142e+00,0.000000000000000000e+00
9.164283994019489787e-01,7.249400100708007777e+00,1.325006103515625200e-01,2.160000000000000142e+00,3.750000000000000000e+05
9.266763371015273032e-01,6.330332717895507777e+00,1.063750120162963952e+01,2.160000000000000142e+00,0.000000000000000000e+00
9.267240179563246416e-01,6.425694427490234339e+00,1.063750120162963952e+01,2.160000000000000142e+00,3.750000000000000000e+05
9.369719558174542939e-01,7.344763717651367152e+00,1.325006103515625200e-01,2.160000000000000142e+00,0.000000000000000000e+00
9.370196371490888687e-01,7.440126380920410121e+00,1.325006103515625200e-01,2.160000000000000142e+00,3.750000000000000000e+05
9.472675749294428016e-01,6.521058044433593714e+00,1.063750120162963952e+01,2.160000000000000142e+00,0.000000000000000000e+00
9.473152562610773764e-01,6.616420707702636683e+00,1.063750120162963952e+01,2.160000000000000142e+00,3.750000000000000000e+05
9.575631940414313092e-01,7.535489044189453089e+00,1.325006103515625200e-01,2.160000000000000142e+00,0.000000000000000000e+00
9.576108753730658840e-01,7.630851707458496058e+00,1.325006103515625200e-01,2.160000000000000142e+00,3.750000000000000000e+05
9.678588131534198169e-01,6.711783370971679652e+00,1.063750120162963952e+01,2.160000000000000142e+00,0.000000000000000000e+00
9.679064949618915170e-01,6.807146987915039027e+00,1.063750120162963952e+01,2.160000000000000142e+00,3.750000000000000000e+05
9.781544327422454499e-01,7.726215324401855433e+00,1.325006103515625200e-01,2.160000000000000142e+00,0.000000000000000000e+00
9.782021140738800247e-01,7.821577987670898402e+00,1.325006103515625200e-01,2.160000000000000142e+00,3.750000000000000000e+05
9.884500518542339575e-01,6.902509651184081996e+00,1.063750120162963952e+01,2.160000000000000142e+00,0.000000000000000000e+00
9.884977331858685323e-01,6.997872314453124964e+00,1.063750120162963952e+01,2.160000000000000142e+00,3.750000000000000000e+05
9.987456709662224652e-01,7.916940650939941371e+00,1.325006103515625200e-01,2.160000000000000142e+00,0.000000000000000000e+00
9.987933522978570400e-01,8.012303314208985228e+00,1.325006103515625200e-01,2.160000000000000142e+00,3.750000000000000000e+05
1.009041290078211084e+00,7.093234977722167933e+00,1.063750120162963952e+01,2.160000000000000142e+00,0.000000000000000000e+00
1.009088971409845659e+00,7.188597640991210902e+00,1.063750120162963952e+01,2.160000000000000142e+00,3.750000000000000000e+05
1.019336909270975422e+00,8.107666931152344603e+00,1.325006103515625200e-01,2.160000000000000142e+00,0.000000000000000000e+00
1.019384590125772760e+00,8.203028640747071165e+00,1.325006103515625200e-01,2.160000000000000142e+00,3.750000000000000000e+05
1.029632527825351085e+00,7.283961257934570277e+00,1.063750120162963952e+01,2.160000000000000142e+00,0.000000000000000000e+00
1.029680209156985660e+00,7.379323921203613246e+00,1.063750120162963952e+01,2.160000000000000142e+00,3.750000000000000000e+05
1.039928146937339593e+00,8.298392257690430540e+00,1.325006103515625200e-01,2.160000000000000142e+00,0.000000000000000000e+00
1.039975828268974167e+00,8.393754920959473509e+00,1.325006103515625200e-01,2.160000000000000142e+00,3.750000000000000000e+05
1.050223766049328100e+00,7.474686584472656214e+00,1.063750120162963952e+01,2.160000000000000142e+00,0.000000000000000000e+00
1.050271447380962675e+00,7.570049247741699183e+00,1.063750120162963952e+01,2.160000000000000142e+00,3.750000000000000000e+05
1.060519385161316608e+00,8.489117584228516478e+00,1.325006103515625200e-01,2.160000000000000142e+00,0.000000000000000000e+00
1.060567066492951183e+00,8.584480247497559446e+00,1.325006103515625200e-01,2.160000000000000142e+00,3.750000000000000000e+05
1.070815004192529507e+00,7.665412864685058558e+00,1.063750120162963952e+01,2.160000000000000142e+00,0.000000000000000000e+00
1.070862685524164082e+00,7.760775527954101527e+00,1.063750120162963952e+01,2.160000000000000142e+00,3.750000000000000000e+05
1.081110623304518015e+00,8.679843864440918821e+00,1.325006103515625200e-01,2.160000000000000142e+00,0.000000000000000000e+00
1.081158304636152589e+00,8.775206527709961790e+00,1.325006103515625200e-01,2.160000000000000142e+00,3.750000000000000000e+05
1.091406242416506522e+00,7.856138191223144496e+00,1.063750120162963952e+01,2.160000000000000142e+00,0.000000000000000000e+00
1.091453923748141097e+00,7.951500854492187464e+00,1.063750120162963952e+01,2.160000000000000142e+00,3.750000000000000000e+05
1.101701861528495030e+00,8.870569190979004759e+00,1.325006103515625200e-01,2.160000000000000142e+00,0.000000000000000000e+00
1.101749542860129605e+00,8.965931854248047728e+00,1.325006103515625200e-01,2.160000000000000142e+00,3.750000000000000000e+05
1.111997480559707929e+00,8.046864471435547728e+00,1.063750120162963952e+01,2.160000000000000142e+00,0.000000000000000000e+00
1.112045161891342504e+00,8.142227134704590696e+00,1.063750120162963952e+01,2.160000000000000142e+00,3.750000000000000000e+05
1.122293099671696437e+00,9.061295471191407103e+00,1.325006103515625200e-01,2.160000000000000142e+00,0.000000000000000000e+00
1.122340781003331012e+00,9.156658134460450071e+00,1.325006103515625200e-01,2.160000000000000142e+00,3.750000000000000000e+05
1.132588718783684945e+00,8.237589797973633665e+00,1.063750120162963952e+01,2.160000000000000142e+00,0.000000000000000000e+00
1.132636400115319519e+00,8.332952461242676634e+00,1.063750120162963952e+01,2.160000000000000142e+00,3.750000000000000000e+05
1.142884337895673452e+00,9.252020797729493040e+00,1.325006103515625200e-01,2.160000000000000142e+00,0.000000000000000000e+00
1.142932019227308027e+00,9.347383460998536009e+00,1.325006103515625200e-01,2.160000000000000142e+00,3.750000000000000000e+05
1.153179957007661960e+00,8.428315124511719603e+00,1.063750120162963952e+01,2.160000000000000142e+00,0.000000000000000000e+00
1.153227638339296535e+00,8.523677787780762571e+00,1.063750120162963952e+01,2.160000000000000142e+00,3.750000000000000000e+05
1.163475576200426298e+00,9.442747077941895384e+00,1.325006103515625200e-01,2.160000000000000142e+00,0.000000000000000000e+00
1.163523257532060873e+00,9.538109741210938353e+00,1.325006103515625200e-01,2.160000000000000142e+00,3.750000000000000000e+05
1.173771195312414806e+00,8.619041404724121946e+00,1.063750120162963952e+01,2.160000000000000142e+00,0.000000000000000000e+00
1.173818876644049380e+00,8.714404067993164915e+00,1.063750120162963952e+01,2.160000000000000142e+00,3.750000000000000000e+05
1.184066814424403313e+00,9.633472404479981321e+00,1.325006103515625200e-01,2.160000000000000142e+00,0.000000000000000000e+00
1.184114495756037888e+00,9.728835067749024290e+00,1.325006103515625200e-01,2.160000000000000142e+00,3.750000000000000000e+05
1.194362433536391821e+00,8.809766731262207884e+00,1.063750120162963952e+01,2.160000000000000142e+00,0.000000000000000000e+00
1.194410114868026396e+00,8.905129394531250853e+00,1.063750120162963952e+01,2.160000000000000142e+00,3.750000000000000000e+05
1.204658052648380329e+00,9.824197731018067259e+00,1.325006103515625200e-01,2.160000000000000142e+00,0.000000000000000000e+00
1.204705734456851918e+00,9.919561347961426634e+00,1.325006103515625200e-01,2.160000000000000142e+00,3.750000000000000000e+05
1.214953672237205851e+00,9.000493011474610228e+00,1.063750120162963952e+01,2.160000000000000142e+00,0.000000000000000000e+00
1.215001353568840425e+00,9.095855674743653196e+00,1.063750120162963952e+01,2.160000000000000142e+00,3.750000000000000000e+05
1.225249291349194358e+00,1.001492401123046960e+01,1.325006103515625200e-01,2.160000000000000142e+00,0.000000000000000000e+00
1.225296972680828933e+00,1.011028667449951257e+01,1.325006103515625200e-01,2.160000000000000142e+00,3.750000000000000000e+05
1.235544910461182866e+00,9.191218338012696165e+00,1.063750120162963952e+01,2.160000000000000142e+00,0.000000000000000000e+00
1.235592591792817441e+00,9.286581001281739134e+00,1.063750120162963952e+01,2.160000000000000142e+00,3.750000000000000000e+05
1.245840529573171374e+00,1.020564933776855554e+01,1.325006103515625200e-01,2.160000000000000142e+00,0.000000000000000000e+00
1.245888211381642963e+00,1.030101295471191492e+01,1.325006103515625200e-01,2.160000000000000142e+00,3.750000000000000000e+05
1.256136149161996896e+00,9.381944618225098509e+00,1.063750120162963952e+01,2.160000000000000142e+00,0.000000000000000000e+00
1.256183830493631470e+00,9.477307281494141478e+00,1.063750120162963952e+01,2.160000000000000142e+00,3.750000000000000000e+05
1.266431768273985403e+00,1.039637561798095788e+01,1.325006103515625200e-01,2.160000000000000142e+00,0.000000000000000000e+00
1.266479449605619978e+00,1.049173828125000085e+01,1.325006103515625200e-01,2.160000000000000142e+00,3.750000000000000000e+05
1.276727387385973911e+00,9.572669944763184446e+00,1.063750120162963952e+01,2.160000000000000142e+00,0.000000000000000000e+00
1.276775068717608486e+00,9.668032608032227415e+00,1.063750120162963952e+01,2.160000000000000142e+00,3.750000000000000000e+05
1.287023006497962418e+00,1.058710094451904382e+01,1.325006103515625200e-01,2.160000000000000142e+00,0.000000000000000000e+00
1.287070688306434008e+00,1.068246456146240320e+01,1.325006103515625200e-01,2.160000000000000142e+00,3.750000000000000000e+05
1.297318626167563771e+00,9.763395271301270384e+00,1.063750120162963952e+01,2.160000000000000142e+00,0.000000000000000000e+00
1.297366307976035360e+00,9.858758888244629759e+00,1.063750120162963952e+01,2.160000000000000142e+00,3.750000000000000000e+05
1.307614245756389293e+00,1.077782722473144617e+01,1.325006103515625200e-01,2.160000000000000142e+00,0.000000000000000000e+00
1.307661927088023868e+00,1.087318988800048913e+01,1.325006103515625200e-01,2.160000000000000142e+00,3.750000000000000000e+05
1.317909864868377801e+00,9.954121551513672728e+00,1.063750120162963952e+01,2.160000000000000142e+00,0.000000000000000000e+00
1.317957546200012375e+00,1.004948421478271570e+01,1.063750120162963952e+01,2.160000000000000142e+00,3.750000000000000000e+05
1.328205483980366308e+00,1.096855255126953210e+01,1.325006103515625200e-01,2.160000000000000142e+00,0.000000000000000000e+00
1.328253165312000883e+00,1.106391521453857507e+01,1.325006103515625200e-01,2.160000000000000142e+00,3.750000000000000000e+05
1.338501103092354816e+00,1.014484687805175867e+01,1.063750120162963952e+01,2.160000000000000142e+00,0.000000000000000000e+00
1.338548784900826405e+00,1.024021049499511804e+01,1.063750120162963952e+01,2.160000000000000142e+00,3.750000000000000000e+05
1.348796722681180338e+00,1.115927883148193445e+01,1.325006103515625200e-01,2.160000000000000142e+00,0.000000000000000000e+00
1.348844404012814913e+00,1.125464149475097742e+01,1.325006103515625200e-01,2.160000000000000142e+00,3.750000000000000000e+05
1.359092341793168845e+00,1.033557315826416101e+01,1.063750120162963952e+01,2.160000000000000142e+00,0.000000000000000000e+00
1.359140023124803420e+00,1.043093582153320398e+01,1.063750120162963952e+01,2.160000000000000142e+00,3.750000000000000000e+05
1.369387960905157353e+00,1.135000415802002038e+01,1.325006103515625200e-01,2.160000000000000142e+00,0.000000000000000000e+00
1.369435642236791928e+00,1.144536682128906335e+01,1.325006103515625200e-01,2.160000000000000142e+00,3.750000000000000000e+05
1.379683580017145861e+00,1.052629848480224695e+01,1.063750120162963952e+01,2.160000000000000142e+00,0.000000000000000000e+00
1.379731261825617450e+00,1.062166210174560632e+01,1.063750120162963952e+01,2.160000000000000142e+00,3.750000000000000000e+05
1.389979199605971383e+00,1.154073043823242273e+01,1.325006103515625200e-01,2.160000000000000142e+00,0.000000000000000000e+00
1.390026880937605958e+00,1.163609310150146570e+01,1.325006103515625200e-01,2.160000000000000142e+00,3.750000000000000000e+05
1.400274818717959890e+00,1.071702476501464929e+01,1.063750120162963952e+01,2.160000000000000142e+00,0.000000000000000000e+00
1.400322500049594465e+00,1.081238742828369226e+01,1.063750120162963952e+01,2.160000000000000142e+00,3.750000000000000000e+05
1.410570437829948398e+00,1.173145576477050867e+01,1.325006103515625200e-01,2.160000000000000142e+00,0.000000000000000000e+00
1.410618119161582973e+00,1.182681842803955163e+01,1.325006103515625200e-01,2.160000000000000142e+00,3.750000000000000000e+05
1.420866056941936906e+00,1.090775009155273523e+01,1.063750120162963952e+01,2.160000000000000142e+00,0.000000000000000000e+00
1.420913738273571481e+00,1.100311275482177820e+01,1.063750120162963952e+01,2.160000000000000142e+00,3.750000000000000000e+05
1.431161676134701244e+00,1.192218204498291101e+01,1.325006103515625200e-01,2.160000000000000142e+00,0.000000000000000000e+00
1.431209357466335819e+00,1.201754470825195398e+01,1.325006103515625200e-01,2.160000000000000142e+00,3.750000000000000000e+05
1.441457295246689752e+00,1.109847637176513757e+01,1.063750120162963952e+01,2.160000000000000142e+00,0.000000000000000000e+00
1.441504976578324326e+00,1.119383903503418054e+01,1.063750120162963952e+01,2.160000000000000142e+00,3.750000000000000000e+05
1.451752914358678259e+00,1.211290737152099695e+01,1.325006103515625200e-01,2.160000000000000142e+00,0.000000000000000000e+00
1.451800595690312834e+00,1.220827003479003992e+01,1.325006103515625200e-01,2.160000000000000142e+00,3.750000000000000000e+05
1.462048533470666767e+00,1.128920169830322351e+01,1.063750120162963952e+01,2.160000000000000142e+00,0.000000000000000000e+00
1.462096214802301342e+00,1.138456436157226648e+01,1.063750120162963952e+01,2.160000000000000142e+00,3.750000000000000000e+05
1.472344152582655274e+00,1.230363269805908288e+01,1.325006103515625200e-01,2.160000000000000142e+00,0.000000000000000000e+00
1.472391834391126864e+00,1.239899631500244226e+01,1.325006103515625200e-01,2.160000000000000142e+00,3.750000000000000000e+05
1.482639772171480796e+00,1.147992797851562585e+01,1.063750120162963952e+01,2.160000000000000142e+00,0.000000000000000000e+00
1.482687453503115371e+00,1.157529064178466882e+01,1.063750120162963952e+01,2.160000000000000142e+00,3.750000000000000000e+05
1.492935391283469304e+00,1.249435897827148523e+01,1.325006103515625200e-01,2.160000000000000142e+00,0.000000000000000000e+00
1.492983072615103879e+00,1.258972164154052820e+01,1.325006103515625200e-01,2.160000000000000142e+00,3.750000000000000000e+05
1.503231010395457812e+00,1.167065330505371179e+01,1.063750120162963952e+01,2.160000000000000142e+00,0.000000000000000000e+00
1.503278691727092387e+00,1.176601596832275476e+01,1.063750120162963952e+01,2.160000000000000142e+00,3.750000000000000000e+05
1.513526629507446319e+00,1.268508430480957117e+01,1.325006103515625200e-01,2.160000000000000142e+00,0.000000000000000000e+00
1.513574311315917909e+00,1.278044792175293054e+01,1.325006103515625200e-01,2.160000000000000142e+00,3.750000000000000000e+05
1.523822249096271841e+00,1.186137958526611413e+01,1.063750120162963952e+01,2.160000000000000142e+00,0.000000000000000000e+00
1.523869930427906416e+00,1.195674224853515710e+01,1.063750120162963952e+01,2.160000000000000142e+00,3.750000000000000000e+05
1.534117868208260349e+00,1.287581058502197351e+01,1.325006103515625200e-01,2.160000000000000142e+00,0.000000000000000000e+00
1.534165549539894924e+00,1.297117324829101648e+01,1.325006103515625200e-01,2.160000000000000142e+00,3.750000000000000000e+05
1.544413487320248857e+00,1.205210491180420007e+01,1.063750120162963952e+01,2.160000000000000142e+00,0.000000000000000000e+00
1.544461168651883431e+00,1.214746757507324304e+01,1.063750120162963952e+01,2.160000000000000142e+00,3.750000000000000000e+05
1.554709106432237364e+00,1.306653591156005945e+01,1.325006103515625200e-01,2.160000000000000142e+00,0.000000000000000000e+00
1.554756788240708953e+00,1.316189952850341882e+01,1.325006103515625200e-01,2.160000000000000142e+00,3.750000000000000000e+05
1.565004726101838717e+00,1.224283023834228601e+01,1.063750120162963952e+01,2.160000000000000142e+00,0.000000000000000000e+00
1.565052407910310306e+00,1.233819385528564538e+01,1.063750120162963952e+01,2.160000000000000142e+00,3.750000000000000000e+05
1.575300345690664239e+00,1.325726219177246179e+01,1.325006103515625200e-01,2.160000000000000142e+00,0.000000000000000000e+00
1.575348027022298814e+00,1.335262485504150476e+01,1.325006103515625200e-01,2.160000000000000142e+00,3.750000000000000000e+05
1.585595964802652746e+00,1.243355651855468835e+01,1.063750120162963952e+01,2.160000000000000142e+00,0.000000000000000000e+00
1.585643646134287321e+00,1.252891918182373132e+01,1.063750120162963952e+01,2.160000000000000142e+00,3.750000000000000000e+05
1.595891583914641254e+00,1.344798751831054773e+01,1.325006103515625200e-01,2.160000000000000142e+00,0.000000000000000000e+00
1.595939265246275829e+00,1.354335018157959070e+01,1.325006103515625200e-01,2.160000000000000142e+00,3.750000000000000000e+05
1.606187203026629762e+00,1.262428184509277429e+01,1.063750120162963952e+01,2.160000000000000142e+00,0.000000000000000000e+00
1.606234884835101351e+00,1.271964546203613367e+01,1.063750120162963952e+01,2.160000000000000142e+00,3.750000000000000000e+05
1.616482822615455284e+00,1.363871379852295007e+01,1.325006103515625200e-01,2.160000000000000142e+00,0.000000000000000000e+00
1.616530503947089858e+00,1.373407646179199304e+01,1.325006103515625200e-01,2.160000000000000142e+00,3.750000000000000000e+05
1.626778441727443791e+00,1.281500812530517663e+01,1.063750120162963952e+01,2.160000000000000142e+00,0.000000000000000000e+00
1.626826123059078366e+00,1.291037078857421960e+01,1.063750120162963952e+01,2.160000000000000142e+00,3.750000000000000000e+05
1.637074060839432299e+00,1.382943912506103601e+01,1.325006103515625200e-01,2.160000000000000142e+00,0.000000000000000000e+00
1.637121742171066874e+00,1.392480178833007898e+01,1.325006103515625200e-01,2.160000000000000142e+00,3.750000000000000000e+05
1.647369679951420807e+00,1.300573345184326257e+01,1.063750120162963952e+01,2.160000000000000142e+00,0.000000000000000000e+00
1.647417361759892396e+00,1.310109706878662195e+01,1.063750120162963952e+01,2.160000000000000142e+00,3.750000000000000000e+05
1.657665299540246329e+00,1.402016540527343835e+01,1.325006103515625200e-01,2.160000000000000142e+00,0.000000000000000000e+00
1.657712980871880903e+00,1.411552806854248132e+01,1.325006103515625200e-01,2.160000000000000142e+00,3.750000000000000000e+05
1.667960918652234836e+00,1.319645973205566492e+01,1.063750120162963952e+01,2.160000000000000142e+00,0.000000000000000000e+00
1.668008599983869411e+00,1.329182239532470788e+01,1.063750120162963952e+01,2.160000000000000142e+00,3.750000000000000000e+05
1.678256537764223344e+00,1.421089073181152429e+01,1.325006103515625200e-01,2.160000000000000142e+00,0.000000000000000000e+00
1.678304219095857919e+00,1.430625339508056726e+01,1.325006103515625200e-01,2.160000000000000142e+00,3.750000000000000000e+05
1.688552156876211852e+00,1.338718505859375085e+01,1.063750120162963952e+01,2.160000000000000142e+00,0.000000000000000000e+00
1.688599838207846426e+00,1.348254772186279382e+01,1.063750120162963952e+01,2.160000000000000142e+00,3.750000000000000000e+05
1.698847776068976190e+00,1.440161701202392663e+01,1.325006103515625200e-01,2.160000000000000142e+00,0.000000000000000000e+00
1.698895457639029383e+00,1.449698015213012781e+01,1.325006103515625200e-01,2.160000000000000142e+00,3.750000000000000000e+05
1.709143395459771231e+00,1.357791133880615320e+01,1.063750120162963952e+01,2.160000000000000142e+00,0.000000000000000000e+00
1.709191076791405806e+00,1.367327400207519617e+01,1.063750120162963952e+01,2.160000000000000142e+00,3.750000000000000000e+05
1.719439014612147654e+00,1.459234281539917077e+01,1.325006103515625200e-01,2.160000000000000142e+00,0.000000000000000000e+00
1.719486695943782228e+00,1.468770547866821374e+01,1.325006103515625200e-01,2.160000000000000142e+00,3.750000000000000000e+05
1.729734633764524077e+00,1.376863666534423913e+01,1.063750120162963952e+01,2.160000000000000142e+00,0.000000000000000000e+00
1.729782315096158651e+00,1.386399932861328210e+01,1.063750120162963952e+01,2.160000000000000142e+00,3.750000000000000000e+05
1.740030252997676330e+00,1.478306909561157312e+01,1.325006103515625200e-01,2.160000000000000142e+00,0.000000000000000000e+00
1.740077934329310905e+00,1.487843175888061609e+01,1.325006103515625200e-01,2.160000000000000142e+00,3.750000000000000000e+05
1.750325872150052753e+00,1.395936294555664148e+01,1.063750120162963952e+01,2.160000000000000142e+00,0.000000000000000000e+00
1.750373553481687328e+00,1.405472560882568445e+01,1.063750120162963952e+01,2.160000000000000142e+00,3.750000000000000000e+05
1.760621491302429176e+00,1.497379442214965906e+01,1.325006103515625200e-01,2.160000000000000142e+00,0.000000000000000000e+00
1.760669172634063750e+00,1.506915708541870202e+01,1.325006103515625200e-01,2.160000000000000142e+00,3.750000000000000000e+05
1.770917110454805599e+00,1.415008827209472742e+01,1.063750120162963952e+01,2.160000000000000142e+00,0.000000000000000000e+00
1.770964791786440173e+00,1.424545093536377038e+01,1.063750120162963952e+01,2.160000000000000142e+00,3.750000000000000000e+05
1.781212729607182021e+00,1.516451974868774499e+01,1.325006103515625200e-01,2.160000000000000142e+00,0.000000000000000000e+00
1.781260411415653611e+00,1.525988336563110437e+01,1.325006103515625200e-01,2.160000000000000142e+00,3.750000000000000000e+05
1.791508349236395459e+00,1.434081455230712976e+01,1.063750120162963952e+01,2.160000000000000142e+00,0.000000000000000000e+00
1.791556030568030033e+00,1.443617721557617273e+01,1.063750120162963952e+01,2.160000000000000142e+00,3.750000000000000000e+05
1.801803968388771882e+00,1.535524602890014734e+01,1.325006103515625200e-01,2.160000000000000142e+00,0.000000000000000000e+00
1.801851649720406456e+00,1.545060869216919031e+01,1.325006103515625200e-01,2.160000000000000142e+00,3.750000000000000000e+05
1.812099587500760389e+00,1.453154035568237390e+01,1.063750120162963952e+01,2.160000000000000142e+00,0.000000000000000000e+00
1.812147268832394964e+00,1.462690301895141687e+01,1.063750120162963952e+01,2.160000000000000142e+00,3.750000000000000000e+05
1.822395206612748897e+00,1.554597135543823327e+01,1.325006103515625200e-01,2.160000000000000142e+00,0.000000000000000000e+00
1.822442888421220486e+00,1.564133497238159265e+01,1.325006103515625200e-01,2.160000000000000142e+00,3.750000000000000000e+05
1.832690826201574419e+00,1.472226663589477624e+01,1.063750120162963952e+01,2.160000000000000142e+00,0.000000000000000000e+00
1.832738507533208994e+00,1.481762929916381921e+01,1.063750120162963952e+01,2.160000000000000142e+00,3.750000000000000000e+05
1.842986445313562927e+00,1.573669763565063562e+01,1.325006103515625200e-01,2.160000000000000142e+00,0.000000000000000000e+00
1.843034126645197501e+00,1.583206029891967859e+01,1.325006103515625200e-01,2.160000000000000142e+00,3.750000000000000000e+05
1.853282064425551434e+00,1.491299196243286218e+01,1.063750120162963952e+01,2.160000000000000142e+00,0.000000000000000000e+00
1.853329745757186009e+00,1.500835462570190515e+01,1.063750120162963952e+01,2.160000000000000142e+00,3.750000000000000000e+05
1.863577683537539942e+00,1.592742296218872156e+01,1.325006103515625200e-01,2.160000000000000142e+00,0.000000000000000000e+00
1.863625365346011531e+00,1.602278657913208093e+01,1.325006103515625200e-01,2.160000000000000142e+00,3.750000000000000000e+05
1.873873303207141294e+00,1.510371728897094812e+01,1.063750120162963952e+01,2.160000000000000142e+00,0.000000000000000000e+00
1.873920985015612883e+00,1.519908090591430749e+01,1.063750120162963952e+01,2.160000000000000142e+00,3.750000000000000000e+05
1.884168922795966816e+00,1.611814924240112390e+01,1.325006103515625200e-01,2.160000000000000142e+00,0.000000000000000000e+00
1.884216603650764155e+00,1.621351095199585046e+01,1.325006103515625200e-01,2.160000000000000142e+00,3.750000000000000000e+05
1.894464541350342479e+00,1.529444356918335046e+01,1.063750120162963952e+01,2.160000000000000142e+00,0.000000000000000000e+00
1.894512222681977054e+00,1.538980623245239343e+01,1.063750120162963952e+01,2.160000000000000142e+00,3.750000000000000000e+05
1.904760160462330987e+00,1.630887456893920984e+01,1.325006103515625200e-01,2.160000000000000142e+00,0.000000000000000000e+00
1.904807842270802576e+00,1.640423818588256921e+01,1.325006103515625200e-01,2.160000000000000142e+00,3.750000000000000000e+05
1.915055780131932339e+00,1.548516889572143640e+01,1.063750120162963952e+01,2.160000000000000142e+00,0.000000000000000000e+00
1.915103461940403928e+00,1.558053251266479577e+01,1.063750120162963952e+01,2.160000000000000142e+00,3.750000000000000000e+05
1.925351399639982253e+00,1.649959989547729577e+01,1.325006103515625200e-01,2.160000000000000142e+00,0.000000000000000000e+00
1.925399081448453842e+00,1.659496351242065515e+01,1.325006103515625200e-01,2.160000000000000142e+00,3.750000000000000000e+05
1.935647019228807775e+00,1.567589517593383874e+01,1.063750120162963952e+01,2.160000000000000142e+00,0.000000000000000000e+00
1.935694700560442350e+00,1.577125783920288171e+01,1.063750120162963952e+01,2.160000000000000142e+00,3.750000000000000000e+05
1.945942638421572113e+00,1.669032712936401452e+01,1.325006103515625200e-01,2.160000000000000142e+00,0.000000000000000000e+00
1.945990319276369451e+00,1.678568883895874109e+01,1.325006103515625200e-01,2.160000000000000142e+00,3.750000000000000000e+05
1.956238257056723384e+00,1.586662050247192468e+01,1.063750120162963952e+01,2.160000000000000142e+00,0.000000000000000000e+00
1.956285938865194973e+00,1.596198411941528406e+01,1.063750120162963952e+01,2.160000000000000142e+00,3.750000000000000000e+05
1.966533876645548906e+00,1.688105245590210046e+01,1.325006103515625200e-01,2.160000000000000142e+00,0.000000000000000000e+00
1.966581557500346245e+00,1.697641416549682702e+01,1.325006103515625200e-01,2.160000000000000142e+00,3.750000000000000000e+05
1.976829495199924569e+00,1.605734678268432702e+01,1.063750120162963952e+01,2.160000000000000142e+00,0.000000000000000000e+00
1.976877176531559144e+00,1.615270944595336999e+01,1.063750120162963952e+01,2.160000000000000142e+00,3.750000000000000000e+05
1.987125114311913077e+00,1.707177778244018640e+01,1.325006103515625200e-01,2.160000000000000142e+00,0.000000000000000000e+00
1.987172796120384666e+00,1.716714139938354577e+01,1.325006103515625200e-01,2.160000000000000142e+00,3.750000000000000000e+05
1.997420733981514429e+00,1.624807210922241296e+01,1.063750120162963952e+01,2.160000000000000142e+00,0.000000000000000000e+00
1.997468415789986018e+00,1.634343572616577234e+01,1.063750120162963952e+01,2.160000000000000142e+00,3.750000000000000000e+05
2.007716353489564121e+00,1.726250310897827234e+01,1.325006103515625200e-01,2.160000000000000142e+00,0.000000000000000000e+00
2.007764035298035932e+00,1.735786672592163171e+01,1.325006103515625200e-01,2.160000000000000142e+00,3.750000000000000000e+05
2.018011973159165695e+00,1.643879743576049890e+01,1.063750120162963952e+01,2.160000000000000142e+00,0.000000000000000000e+00
2.018059654967637506e+00,1.653416105270385827e+01,1.063750120162963952e+01,2.160000000000000142e+00,3.750000000000000000e+05
2.028307592828767270e+00,1.745323034286499109e+01,1.325006103515625200e-01,2.160000000000000142e+00,0.000000000000000000e+00
2.028355273683564608e+00,1.754859205245971765e+01,1.325006103515625200e-01,2.160000000000000142e+00,3.750000000000000000e+05
2.038603211383143154e+00,1.662952466964721765e+01,1.063750120162963952e+01,2.160000000000000142e+00,0.000000000000000000e+00
2.038650892237940493e+00,1.672488637924194421e+01,1.063750120162963952e+01,2.160000000000000142e+00,3.750000000000000000e+05
2.048898830099070256e+00,1.764395566940307702e+01,1.325006103515625200e-01,2.160000000000000142e+00,0.000000000000000000e+00
2.048946510953867595e+00,1.773931737899780359e+01,1.325006103515625200e-01,2.160000000000000142e+00,3.750000000000000000e+05
2.059194448653445697e+00,1.682024999618530359e+01,1.063750120162963952e+01,2.160000000000000142e+00,0.000000000000000000e+00
2.059242129508243035e+00,1.691561170578003015e+01,1.063750120162963952e+01,2.160000000000000142e+00,3.750000000000000000e+05
2.069490067369372799e+00,1.783468099594116296e+01,1.325006103515625200e-01,2.160000000000000142e+00,0.000000000000000000e+00
2.069537749177844610e+00,1.793004461288452234e+01,1.325006103515625200e-01,2.160000000000000142e+00,3.750000000000000000e+05
2.079785687038974373e+00,1.701097532272338952e+01,1.063750120162963952e+01,2.160000000000000142e+00,0.000000000000000000e+00
2.079833368847446184e+00,1.710633893966674890e+01,1.063750120162963952e+01,2.160000000000000142e+00,3.750000000000000000e+05
2.090081306547024731e+00,1.802540632247924890e+01,1.325006103515625200e-01,2.160000000000000142e+00,0.000000000000000000e+00
2.090128988355496542e+00,1.812076993942260827e+01,1.325006103515625200e-01,2.160000000000000142e+00,3.750000000000000000e+05
2.100376926216626305e+00,1.720170064926147546e+01,1.063750120162963952e+01,2.160000000000000142e+00,0.000000000000000000e+00
2.100424608025098117e+00,1.729706426620483484e+01,1.063750120162963952e+01,2.160000000000000142e+00,3.750000000000000000e+05
2.110672545724676219e+00,1.821613164901733484e+01,1.325006103515625200e-01,2.160000000000000142e+00,0.000000000000000000e+00
2.110720227533148030e+00,1.831149526596069421e+01,1.325006103515625200e-01,2.160000000000000142e+00,3.750000000000000000e+05
2.120968165232726577e+00,1.739242788314819421e+01,1.063750120162963952e+01,2.160000000000000142e+00,0.000000000000000000e+00
2.121015846087523915e+00,1.748778959274292077e+01,1.063750120162963952e+01,2.160000000000000142e+00,3.750000000000000000e+05
2.131263783948653678e+00,1.840685888290405359e+01,1.325006103515625200e-01,2.160000000000000142e+00,0.000000000000000000e+00
2.131311464684241930e+00,1.850222035408020105e+01,1.325006103515625200e-01,2.160000000000000142e+00,3.750000000000000000e+05
2.141559402363626408e+00,1.758315320968628015e+01,1.063750120162963952e+01,2.160000000000000142e+00,0.000000000000000000e+00
2.141607083218423746e+00,1.767851491928100671e+01,1.063750120162963952e+01,2.160000000000000142e+00,3.750000000000000000e+05
2.151855021059359441e+00,1.859758397102356042e+01,1.325006103515625200e-01,2.160000000000000142e+00,0.000000000000000000e+00
2.151902702867831252e+00,1.869294758796691980e+01,1.325006103515625200e-01,2.160000000000000142e+00,3.750000000000000000e+05
2.162150640708766947e+00,1.777387853622436609e+01,1.063750120162963952e+01,2.160000000000000142e+00,0.000000000000000000e+00
2.162198322517238758e+00,1.786924215316772546e+01,1.063750120162963952e+01,2.160000000000000142e+00,3.750000000000000000e+05
2.172446260196623236e+00,1.878830929756164636e+01,1.325006103515625200e-01,2.160000000000000142e+00,0.000000000000000000e+00
2.172493942005095047e+00,1.888367291450500574e+01,1.325006103515625200e-01,2.160000000000000142e+00,3.750000000000000000e+05
2.182741879846030741e+00,1.796460386276245202e+01,1.063750120162963952e+01,2.160000000000000142e+00,0.000000000000000000e+00
2.182789561654502553e+00,1.805996747970581140e+01,1.063750120162963952e+01,2.160000000000000142e+00,3.750000000000000000e+05
2.193037499333887030e+00,1.897903462409973230e+01,1.325006103515625200e-01,2.160000000000000142e+00,0.000000000000000000e+00
2.193085181142358842e+00,1.907439824104309167e+01,1.325006103515625200e-01,2.160000000000000142e+00,3.750000000000000000e+05
2.203333118983294536e+00,1.815532918930053796e+01,1.063750120162963952e+01,2.160000000000000142e+00,0.000000000000000000e+00
2.203380800791766347e+00,1.825069280624389734e+01,1.063750120162963952e+01,2.160000000000000142e+00,3.750000000000000000e+05
2.213628738632702042e+00,1.916976185798645105e+01,1.325006103515625200e-01,2.160000000000000142e+00,0.000000000000000000e+00
2.213676419487499381e+00,1.926512356758117761e+01,1.325006103515625200e-01,2.160000000000000142e+00,3.750000000000000000e+05
2.223924357166883858e+00,1.834605642318725671e+01,1.063750120162963952e+01,2.160000000000000142e+00,0.000000000000000000e+00
2.223972038021681197e+00,1.844141813278198327e+01,1.063750120162963952e+01,2.160000000000000142e+00,3.750000000000000000e+05
2.234219975862616892e+00,1.936048718452453699e+01,1.325006103515625200e-01,2.160000000000000142e+00,0.000000000000000000e+00
2.234267656717414230e+00,1.945584889411926355e+01,1.325006103515625200e-01,2.160000000000000142e+00,3.750000000000000000e+05
2.244515594416992776e+00,1.853678151130676355e+01,1.063750120162963952e+01,2.160000000000000142e+00,0.000000000000000000e+00
2.244563276225464588e+00,1.863214512825012292e+01,1.063750120162963952e+01,2.160000000000000142e+00,3.750000000000000000e+05
2.254811213925043134e+00,1.955121251106262292e+01,1.325006103515625200e-01,2.160000000000000142e+00,0.000000000000000000e+00
2.254858895733514945e+00,1.964657612800598230e+01,1.325006103515625200e-01,2.160000000000000142e+00,3.750000000000000000e+05
2.265106833594644709e+00,1.872750683784484949e+01,1.063750120162963952e+01,2.160000000000000142e+00,0.000000000000000000e+00
2.265154515403116520e+00,1.882287045478820886e+01,1.063750120162963952e+01,2.160000000000000142e+00,3.750000000000000000e+05
2.275402453102694622e+00,1.974193783760070886e+01,1.325006103515625200e-01,2.160000000000000142e+00,0.000000000000000000e+00
2.275450134911166433e+00,1.983730145454406824e+01,1.325006103515625200e-01,2.160000000000000142e+00,3.750000000000000000e+05
2.285698072772296197e+00,1.891823216438293542e+01,1.063750120162963952e+01,2.160000000000000142e+00,0.000000000000000000e+00
2.285745754580768008e+00,1.901359578132629480e+01,1.063750120162963952e+01,2.160000000000000142e+00,3.750000000000000000e+05
2.295993692441897771e+00,1.993266507148742761e+01,1.325006103515625200e-01,2.160000000000000142e+00,0.000000000000000000e+00
2.296041373296695109e+00,2.002802678108215417e+01,1.325006103515625200e-01,2.160000000000000142e+00,3.750000000000000000e+05
2.306289310996273656e+00,1.910895939826965417e+01,1.063750120162963952e+01,2.160000000000000142e+00,0.000000000000000000e+00
2.306336991851070994e+00,1.920432110786438074e+01,1.063750120162963952e+01,2.160000000000000142e+00,3.750000000000000000e+05
2.316584929712200758e+00,2.012339039802551355e+01,1.325006103515625200e-01,2.160000000000000142e+00,0.000000000000000000e+00
2.316632610566998096e+00,2.021875210762024011e+01,1.325006103515625200e-01,2.160000000000000142e+00,3.750000000000000000e+05
2.326880548266576199e+00,1.929968472480774011e+01,1.063750120162963952e+01,2.160000000000000142e+00,0.000000000000000000e+00
2.326928229121373537e+00,1.939504643440246667e+01,1.063750120162963952e+01,2.160000000000000142e+00,3.750000000000000000e+05
2.337176166982503300e+00,2.031411572456359949e+01,1.325006103515625200e-01,2.160000000000000142e+00,0.000000000000000000e+00
2.337223848790975111e+00,2.040947934150695886e+01,1.325006103515625200e-01,2.160000000000000142e+00,3.750000000000000000e+05
2.347471786652104875e+00,1.949041005134582605e+01,1.063750120162963952e+01,2.160000000000000142e+00,0.000000000000000000e+00
2.347519468460576686e+00,1.958577366828918542e+01,1.063750120162963952e+01,2.160000000000000142e+00,3.750000000000000000e+05
2.357767406170252045e+00,2.050484117031097497e+01,1.325006103515625200e-01,2.160000000000000142e+00,0.000000000000000000e+00
2.357815087978723856e+00,2.060020478725433435e+01,1.325006103515625200e-01,2.160000000000000142e+00,3.750000000000000000e+05
2.368063025849950431e+00,1.968113537788391199e+01,1.063750120162963952e+01,2.160000000000000142e+00,0.000000000000000000e+00
2.368110707658422243e+00,1.977649899482727136e+01,1.063750120162963952e+01,2.160000000000000142e+00,3.750000000000000000e+05
2.378358645368097601e+00,2.069556649684906091e+01,1.325006103515625200e-01,2.160000000000000142e+00,0.000000000000000000e+00
2.378406327176569413e+00,2.079093011379242029e+01,1.325006103515625200e-01,2.160000000000000142e+00,3.750000000000000000e+05
2.388654264886244771e+00,1.987186261177063074e+01,1.063750120162963952e+01,2.160000000000000142e+00,0.000000000000000000e+00
2.388701945741042110e+00,1.996722432136535730e+01,1.063750120162963952e+01,2.160000000000000142e+00,3.750000000000000000e+05
2.398949883612268685e+00,2.088629373073577966e+01,1.325006103515625200e-01,2.160000000000000142e+00,0.000000000000000000e+00
2.398997564467066024e+00,2.098165544033050622e+01,1.325006103515625200e-01,2.160000000000000142e+00,3.750000000000000000e+05
2.409245502176741383e+00,2.006258793830871667e+01,1.063750120162963952e+01,2.160000000000000142e+00,0.000000000000000000e+00
2.409293183031538721e+00,2.015794964790344324e+01,1.063750120162963952e+01,2.160000000000000142e+00,3.750000000000000000e+05
2.419541120902765297e+00,2.107701905727386560e+01,1.325006103515625200e-01,2.160000000000000142e+00,0.000000000000000000e+00
2.419588802711237108e+00,2.117238267421722497e+01,1.325006103515625200e-01,2.160000000000000142e+00,3.750000000000000000e+05
2.429836740582463683e+00,2.025331326484680261e+01,1.063750120162963952e+01,2.160000000000000142e+00,0.000000000000000000e+00
2.429884422390935494e+00,2.034867688179016199e+01,1.063750120162963952e+01,2.160000000000000142e+00,3.750000000000000000e+05
2.440132360100610853e+00,2.126774438381195154e+01,1.325006103515625200e-01,2.160000000000000142e+00,0.000000000000000000e+00
2.440180041909082664e+00,2.136310800075531091e+01,1.325006103515625200e-01,2.160000000000000142e+00,3.750000000000000000e+05
2.450427979780309240e+00,2.044403859138488855e+01,1.063750120162963952e+01,2.160000000000000142e+00,0.000000000000000000e+00
2.450475661648385373e+00,2.053940232753753747e+01,1.063750120162963952e+01,2.160000000000000142e+00,3.750000000000000000e+05
2.460723599347963919e+00,2.145846971035003747e+01,1.325006103515625200e-01,2.160000000000000142e+00,0.000000000000000000e+00
2.460771281126633347e+00,2.155383326768875207e+01,1.325006103515625200e-01,2.160000000000000142e+00,3.750000000000000000e+05
2.471019218982714705e+00,2.063476403713226404e+01,1.063750120162963952e+01,2.160000000000000142e+00,0.000000000000000000e+00
2.471066900791186516e+00,2.073012765407562341e+01,1.063750120162963952e+01,2.160000000000000142e+00,3.750000000000000000e+05
2.481314838647267873e+00,2.164919688463211145e+01,1.325006103515625200e-01,2.160000000000000142e+00,0.000000000000000000e+00
2.481362519502065211e+00,2.174455859422683801e+01,1.325006103515625200e-01,2.160000000000000142e+00,3.750000000000000000e+05
2.491610457196594908e+00,2.082549127101898279e+01,1.063750120162963952e+01,2.160000000000000142e+00,0.000000000000000000e+00
2.491658138051392246e+00,2.092085298061370935e+01,1.063750120162963952e+01,2.160000000000000142e+00,3.750000000000000000e+05
2.501906075907473603e+00,2.183992221117019739e+01,1.325006103515625200e-01,2.160000000000000142e+00,0.000000000000000000e+00
2.501953756762270942e+00,2.193528392076492395e+01,1.325006103515625200e-01,2.160000000000000142e+00,3.750000000000000000e+05
2.512201694456800638e+00,2.101621659755706872e+01,1.063750120162963952e+01,2.160000000000000142e+00,0.000000000000000000e+00
2.512249376265272449e+00,2.111158021450042810e+01,1.063750120162963952e+01,2.160000000000000142e+00,3.750000000000000000e+05
2.522497313959802145e+00,2.203064753770828332e+01,1.325006103515625200e-01,2.160000000000000142e+00,0.000000000000000000e+00
2.522544995768273957e+00,2.212601115465164270e+01,1.325006103515625200e-01,2.160000000000000142e+00,3.750000000000000000e+05
2.532792933624355314e+00,2.120694192409515466e+01,1.063750120162963952e+01,2.160000000000000142e+00,0.000000000000000000e+00
2.532840615432827125e+00,2.130230554103851404e+01,1.063750120162963952e+01,2.160000000000000142e+00,3.750000000000000000e+05
2.543088553127356821e+00,2.222137286424636926e+01,1.325006103515625200e-01,2.160000000000000142e+00,0.000000000000000000e+00
2.543136234935828632e+00,2.231673648118972864e+01,1.325006103515625200e-01,2.160000000000000142e+00,3.750000000000000000e+05
2.553384172791909990e+00,2.139766725063324060e+01,1.063750120162963952e+01,2.160000000000000142e+00,0.000000000000000000e+00
2.553431854570579418e+00,2.149303080797195520e+01,1.063750120162963952e+01,2.160000000000000142e+00,3.750000000000000000e+05
2.563679792431709181e+00,2.241210009813308801e+01,1.325006103515625200e-01,2.160000000000000142e+00,0.000000000000000000e+00
2.563727473286506520e+00,2.250746180772781457e+01,1.325006103515625200e-01,2.160000000000000142e+00,3.750000000000000000e+05
2.573975410986085066e+00,2.158839442491531457e+01,1.063750120162963952e+01,2.160000000000000142e+00,0.000000000000000000e+00
2.574023091840882405e+00,2.168375613451004114e+01,1.063750120162963952e+01,2.160000000000000142e+00,3.750000000000000000e+05
2.584271029702012168e+00,2.260282542467117395e+01,1.325006103515625200e-01,2.160000000000000142e+00,0.000000000000000000e+00
2.584318710556809506e+00,2.269818713426590051e+01,1.325006103515625200e-01,2.160000000000000142e+00,3.750000000000000000e+05
2.594566648256387609e+00,2.177911975145340051e+01,1.063750120162963952e+01,2.160000000000000142e+00,0.000000000000000000e+00
2.594614329111184947e+00,2.187448146104812707e+01,1.063750120162963952e+01,2.160000000000000142e+00,3.750000000000000000e+05
2.604862266972314711e+00,2.279355075120925989e+01,1.325006103515625200e-01,2.160000000000000142e+00,0.000000000000000000e+00
2.604909948780786522e+00,2.288891436815261926e+01,1.325006103515625200e-01,2.160000000000000142e+00,3.750000000000000000e+05
2.615157886641916285e+00,2.196984507799148645e+01,1.063750120162963952e+01,2.160000000000000142e+00,0.000000000000000000e+00
2.615205568450388096e+00,2.206520869493484582e+01,1.063750120162963952e+01,2.160000000000000142e+00,3.750000000000000000e+05
2.625453506149966643e+00,2.298427607774734582e+01,1.325006103515625200e-01,2.160000000000000142e+00,0.000000000000000000e+00
2.625501187958438454e+00,2.307963969469070520e+01,1.325006103515625200e-01,2.160000000000000142e+00,3.750000000000000000e+05
2.635749125819568217e+00,2.216057040452957239e+01,1.063750120162963952e+01,2.160000000000000142e+00,0.000000000000000000e+00
2.635796807628040028e+00,2.225593402147293176e+01,1.063750120162963952e+01,2.160000000000000142e+00,3.750000000000000000e+05
2.646044745327618131e+00,2.317500140428543176e+01,1.325006103515625200e-01,2.160000000000000142e+00,0.000000000000000000e+00
2.646092427136089942e+00,2.327036502122879114e+01,1.325006103515625200e-01,2.160000000000000142e+00,3.750000000000000000e+05
2.656340364835668488e+00,2.235129763841629114e+01,1.063750120162963952e+01,2.160000000000000142e+00,0.000000000000000000e+00
2.656388045690465827e+00,2.244665934801101770e+01,1.063750120162963952e+01,2.160000000000000142e+00,3.750000000000000000e+05
2.666635983551595590e+00,2.336572863817215051e+01,1.325006103515625200e-01,2.160000000000000142e+00,0.000000000000000000e+00
2.666683664406392928e+00,2.346109034776687707e+01,1.325006103515625200e-01,2.160000000000000142e+00,3.750000000000000000e+05
2.676931602105971031e+00,2.254202296495437707e+01,1.063750120162963952e+01,2.160000000000000142e+00,0.000000000000000000e+00
2.676979282960768369e+00,2.263738467454910364e+01,1.063750120162963952e+01,2.160000000000000142e+00,3.750000000000000000e+05
2.687227220826946539e+00,2.355645402431488122e+01,1.325006103515625200e-01,2.160000000000000142e+00,0.000000000000000000e+00
2.687274902635418350e+00,2.365181764125824060e+01,1.325006103515625200e-01,2.160000000000000142e+00,3.750000000000000000e+05
2.697522840501596519e+00,2.273274829149246301e+01,1.063750120162963952e+01,2.160000000000000142e+00,0.000000000000000000e+00
2.697570522310068331e+00,2.282811190843582239e+01,1.063750120162963952e+01,2.160000000000000142e+00,3.750000000000000000e+05
2.707818460014695283e+00,2.374717935085296716e+01,1.325006103515625200e-01,2.160000000000000142e+00,0.000000000000000000e+00
2.707866141823167094e+00,2.384254296779632654e+01,1.325006103515625200e-01,2.160000000000000142e+00,3.750000000000000000e+05
2.718114079689345264e+00,2.292347361803054895e+01,1.063750120162963952e+01,2.160000000000000142e+00,0.000000000000000000e+00
2.718161761497817075e+00,2.301883723497390832e+01,1.063750120162963952e+01,2.160000000000000142e+00,3.750000000000000000e+05
2.728409699202444028e+00,2.393790467739105310e+01,1.325006103515625200e-01,2.160000000000000142e+00,0.000000000000000000e+00
2.728457381010915839e+00,2.403326829433441247e+01,1.325006103515625200e-01,2.160000000000000142e+00,3.750000000000000000e+05
2.738705318877094008e+00,2.311419894456863489e+01,1.063750120162963952e+01,2.160000000000000142e+00,0.000000000000000000e+00
2.738753000685565819e+00,2.320956256151199426e+01,1.063750120162963952e+01,2.160000000000000142e+00,3.750000000000000000e+05
2.749000938551743989e+00,2.412863191127777185e+01,1.325006103515625200e-01,2.160000000000000142e+00,0.000000000000000000e+00
2.749048619406541327e+00,2.422399362087249841e+01,1.325006103515625200e-01,2.160000000000000142e+00,3.750000000000000000e+05
2.759296557111168280e+00,2.330492617845535364e+01,1.063750120162963952e+01,2.160000000000000142e+00,0.000000000000000000e+00
2.759344237965965618e+00,2.340028788805008020e+01,1.063750120162963952e+01,2.160000000000000142e+00,3.750000000000000000e+05
2.769592175832143788e+00,2.431935723781585779e+01,1.325006103515625200e-01,2.160000000000000142e+00,0.000000000000000000e+00
2.769639856686941126e+00,2.441471894741058435e+01,1.325006103515625200e-01,2.160000000000000142e+00,3.750000000000000000e+05
2.779887794386519673e+00,2.349565156459808435e+01,1.063750120162963952e+01,2.160000000000000142e+00,0.000000000000000000e+00
2.779935476194991484e+00,2.359101518154144372e+01,1.063750120162963952e+01,2.160000000000000142e+00,3.750000000000000000e+05
2.790183413884472774e+00,2.451008244514465417e+01,1.325006103515625200e-01,2.160000000000000142e+00,0.000000000000000000e+00
2.790231095692944585e+00,2.460544606208801355e+01,1.325006103515625200e-01,2.160000000000000142e+00,3.750000000000000000e+05
2.800479033543977092e+00,2.368637689113617029e+01,1.063750120162963952e+01,2.160000000000000142e+00,0.000000000000000000e+00
2.800526715352448903e+00,2.378174050807952966e+01,1.063750120162963952e+01,2.160000000000000142e+00,3.750000000000000000e+05
2.810774653041930193e+00,2.470080777168274011e+01,1.325006103515625200e-01,2.160000000000000142e+00,0.000000000000000000e+00
2.810822334850402004e+00,2.479617138862609949e+01,1.325006103515625200e-01,2.160000000000000142e+00,3.750000000000000000e+05
2.821070272701434511e+00,2.387710221767425622e+01,1.063750120162963952e+01,2.160000000000000142e+00,0.000000000000000000e+00
2.821117954509906323e+00,2.397246583461761560e+01,1.063750120162963952e+01,2.160000000000000142e+00,3.750000000000000000e+05
2.831365892360938830e+00,2.489153500556945886e+01,1.325006103515625200e-01,2.160000000000000142e+00,0.000000000000000000e+00
2.831413573215736168e+00,2.498689671516418542e+01,1.325006103515625200e-01,2.160000000000000142e+00,3.750000000000000000e+05
2.841661510905217458e+00,2.406782945156097497e+01,1.063750120162963952e+01,2.160000000000000142e+00,0.000000000000000000e+00
2.841709191760014797e+00,2.416319116115570154e+01,1.063750120162963952e+01,2.160000000000000142e+00,3.750000000000000000e+05
2.851957129611047304e+00,2.508226033210754480e+01,1.325006103515625200e-01,2.160000000000000142e+00,0.000000000000000000e+00
2.852004810465844642e+00,2.517762204170227136e+01,1.325006103515625200e-01,2.160000000000000142e+00,3.750000000000000000e+05
2.862252748155325932e+00,2.425855477809906091e+01,1.063750120162963952e+01,2.160000000000000142e+00,0.000000000000000000e+00
2.862300429010123271e+00,2.435391648769378747e+01,1.063750120162963952e+01,2.160000000000000142e+00,3.750000000000000000e+05
2.872548366861155777e+00,2.527298565864563074e+01,1.325006103515625200e-01,2.160000000000000142e+00,0.000000000000000000e+00
2.872596048669627589e+00,2.536834927558899011e+01,1.325006103515625200e-01,2.160000000000000142e+00,3.750000000000000000e+05
2.882843986520660096e+00,2.444928010463714685e+01,1.063750120162963952e+01,2.160000000000000142e+00,0.000000000000000000e+00
2.882891668269527141e+00,2.454464360237121667e+01,1.063750120162963952e+01,2.160000000000000142e+00,3.750000000000000000e+05
2.893139605969105688e+00,2.546371098518371667e+01,1.325006103515625200e-01,2.160000000000000142e+00,0.000000000000000000e+00
2.893187287777577499e+00,2.555907460212707605e+01,1.325006103515625200e-01,2.160000000000000142e+00,3.750000000000000000e+05
2.903435225638707262e+00,2.464000531196594324e+01,1.063750120162963952e+01,2.160000000000000142e+00,0.000000000000000000e+00
2.903482907447179073e+00,2.473536892890930261e+01,1.063750120162963952e+01,2.160000000000000142e+00,3.750000000000000000e+05
2.913730845146757176e+00,2.565443631172180261e+01,1.325006103515625200e-01,2.160000000000000142e+00,0.000000000000000000e+00
2.913778526955228987e+00,2.574979992866516199e+01,1.325006103515625200e-01,2.160000000000000142e+00,3.750000000000000000e+05
2.924026464654807533e+00,2.483073254585266199e+01,1.063750120162963952e+01,2.160000000000000142e+00,0.000000000000000000e+00
2.924074145509604872e+00,2.492609425544738855e+01,1.063750120162963952e+01,2.160000000000000142e+00,3.750000000000000000e+05
2.934322083370734635e+00,2.584516354560852136e+01,1.325006103515625200e-01,2.160000000000000142e+00,0.000000000000000000e+00
2.934369764225531974e+00,2.594052525520324792e+01,1.325006103515625200e-01,2.160000000000000142e+00,3.750000000000000000e+05
2.944617701925110076e+00,2.502145787239074792e+01,1.063750120162963952e+01,2.160000000000000142e+00,0.000000000000000000e+00
2.944665382779907414e+00,2.511681958198547449e+01,1.063750120162963952e+01,2.160000000000000142e+00,3.750000000000000000e+05
2.954913320641037178e+00,2.603588887214660730e+01,1.325006103515625200e-01,2.160000000000000142e+00,0.000000000000000000e+00
2.954961002449508989e+00,2.613125248908996667e+01,1.325006103515625200e-01,2.160000000000000142e+00,3.750000000000000000e+05
2.965208940310638752e+00,2.521218319892883386e+01,1.063750120162963952e+01,2.160000000000000142e+00,0.000000000000000000e+00
2.965256622119110563e+00,2.530754681587219324e+01,1.063750120162963952e+01,2.160000000000000142e+00,3.750000000000000000e+05
2.975504559818689110e+00,2.622661419868469324e+01,1.325006103515625200e-01,2.160000000000000142e+00,0.000000000000000000e+00
2.975552241627160921e+00,2.632197781562805261e+01,1.325006103515625200e-01,2.160000000000000142e+00,3.750000000000000000e+05
2.985800179488290684e+00,2.540290852546691980e+01,1.063750120162963952e+01,2.160000000000000142e+00,0.000000000000000000e+00
2.985847861296762495e+00,2.549827214241027917e+01,1.063750120162963952e+01,2.160000000000000142e+00,3.750000000000000000e+05
2.996095798996340598e+00,2.641733952522277917e+01,1.325006103515625200e-01,2.160000000000000142e+00,0.000000000000000000e+00
2.996143480924021496e+00,2.651270338058471765e+01,1.325006103515625200e-01,2.160000000000000142e+00,3.750000000000000000e+05
3.006391418805345328e+00,2.559363385200500574e+01,1.063750120162963952e+01,2.160000000000000142e+00,0.000000000000000000e+00
3.006439100613817139e+00,2.568899746894836511e+01,1.063750120162963952e+01,2.160000000000000142e+00,3.750000000000000000e+05
3.016687038495140971e+00,2.660806699752807702e+01,1.325006103515625200e-01,2.160000000000000142e+00,0.000000000000000000e+00
3.016734719349938310e+00,2.670342870712280359e+01,1.325006103515625200e-01,2.160000000000000142e+00,3.750000000000000000e+05
3.026982657069710481e+00,2.578436108589172449e+01,1.063750120162963952e+01,2.160000000000000142e+00,0.000000000000000000e+00
3.027030337924507819e+00,2.587972279548645105e+01,1.063750120162963952e+01,2.160000000000000142e+00,3.750000000000000000e+05
3.037278275805831651e+00,2.679879232406616296e+01,1.325006103515625200e-01,2.160000000000000142e+00,0.000000000000000000e+00
3.037325956660628989e+00,2.689415403366088952e+01,1.325006103515625200e-01,2.160000000000000142e+00,3.750000000000000000e+05
3.047573894380401160e+00,2.597508641242981042e+01,1.063750120162963952e+01,2.160000000000000142e+00,0.000000000000000000e+00
3.047621576188872972e+00,2.607045002937316980e+01,1.063750120162963952e+01,2.160000000000000142e+00,3.750000000000000000e+05
3.057869513908645143e+00,2.698951765060424890e+01,1.325006103515625200e-01,2.160000000000000142e+00,0.000000000000000000e+00
3.057917195717116954e+00,2.708488126754760827e+01,1.325006103515625200e-01,2.160000000000000142e+00,3.750000000000000000e+05
3.068165133598440786e+00,2.616581173896789636e+01,1.063750120162963952e+01,2.160000000000000142e+00,0.000000000000000000e+00
3.068212815406912597e+00,2.626117535591125574e+01,1.063750120162963952e+01,2.160000000000000142e+00,3.750000000000000000e+05
3.078460753126684768e+00,2.718024297714233484e+01,1.325006103515625200e-01,2.160000000000000142e+00,0.000000000000000000e+00
3.078508434935156579e+00,2.727560659408569421e+01,1.325006103515625200e-01,2.160000000000000142e+00,3.750000000000000000e+05
3.088756372816480411e+00,2.635653706550598230e+01,1.063750120162963952e+01,2.160000000000000142e+00,0.000000000000000000e+00
3.088804054624952222e+00,2.645190068244934167e+01,1.063750120162963952e+01,2.160000000000000142e+00,3.750000000000000000e+05
3.099051992506276054e+00,2.737097021102905359e+01,1.325006103515625200e-01,2.160000000000000142e+00,0.000000000000000000e+00
3.099099673361073393e+00,2.746633192062378015e+01,1.325006103515625200e-01,2.160000000000000142e+00,3.750000000000000000e+05
3.109347611060651495e+00,2.654726453781128015e+01,1.063750120162963952e+01,2.160000000000000142e+00,0.000000000000000000e+00
3.109395291915448833e+00,2.664262624740600671e+01,1.063750120162963952e+01,2.160000000000000142e+00,3.750000000000000000e+05
3.119643229776578597e+00,2.756169553756713952e+01,1.325006103515625200e-01,2.160000000000000142e+00,0.000000000000000000e+00
3.119690910631375935e+00,2.765705724716186609e+01,1.325006103515625200e-01,2.160000000000000142e+00,3.750000000000000000e+05
3.129938848330954038e+00,2.673798986434936609e+01,1.063750120162963952e+01,2.160000000000000142e+00,0.000000000000000000e+00
3.129986529185751376e+00,2.683335157394409265e+01,1.063750120162963952e+01,2.160000000000000142e+00,3.750000000000000000e+05
3.140234467046881139e+00,2.775242086410522546e+01,1.325006103515625200e-01,2.160000000000000142e+00,0.000000000000000000e+00
3.140282148855352951e+00,2.784778448104858484e+01,1.325006103515625200e-01,2.160000000000000142e+00,3.750000000000000000e+05
3.150530086716482714e+00,2.692871519088745202e+01,1.063750120162963952e+01,2.160000000000000142e+00,0.000000000000000000e+00
3.150577768524954525e+00,2.702407880783081140e+01,1.063750120162963952e+01,2.160000000000000142e+00,3.750000000000000000e+05
3.160825706224533072e+00,2.794314619064331140e+01,1.325006103515625200e-01,2.160000000000000142e+00,0.000000000000000000e+00
3.160873388033004883e+00,2.803850980758667077e+01,1.325006103515625200e-01,2.160000000000000142e+00,3.750000000000000000e+05
3.171121325894134646e+00,2.711944051742553796e+01,1.063750120162963952e+01,2.160000000000000142e+00,0.000000000000000000e+00
3.171169007702606457e+00,2.721480413436889734e+01,1.063750120162963952e+01,2.160000000000000142e+00,3.750000000000000000e+05
3.181416945402184560e+00,2.813387151718139734e+01,1.325006103515625200e-01,2.160000000000000142e+00,0.000000000000000000e+00
3.181464627210656371e+00,2.822923513412475671e+01,1.325006103515625200e-01,2.160000000000000142e+00,3.750000000000000000e+05
3.191712564910234917e+00,2.731016775131225671e+01,1.063750120162963952e+01,2.160000000000000142e+00,0.000000000000000000e+00
3.191760245765032256e+00,2.740552946090698327e+01,1.063750120162963952e+01,2.160000000000000142e+00,3.750000000000000000e+05
3.202008183626162019e+00,2.832459875106811609e+01,1.325006103515625200e-01,2.160000000000000142e+00,0.000000000000000000e+00
3.202055864480959357e+00,2.841996046066284265e+01,1.325006103515625200e-01,2.160000000000000142e+00,3.750000000000000000e+05
3.212303802180537460e+00,2.750089307785034265e+01,1.063750120162963952e+01,2.160000000000000142e+00,0.000000000000000000e+00
3.212351483035334798e+00,2.759625478744506921e+01,1.063750120162963952e+01,2.160000000000000142e+00,3.750000000000000000e+05
3.222599420896464562e+00,2.851532407760620202e+01,1.325006103515625200e-01,2.160000000000000142e+00,0.000000000000000000e+00
3.222647102704936373e+00,2.861068769454956140e+01,1.325006103515625200e-01,2.160000000000000142e+00,3.750000000000000000e+05
3.232895040566066136e+00,2.769161840438842859e+01,1.063750120162963952e+01,2.160000000000000142e+00,0.000000000000000000e+00
3.232942722374537947e+00,2.778698202133178796e+01,1.063750120162963952e+01,2.160000000000000142e+00,3.750000000000000000e+05
3.243190660074116494e+00,2.870604940414428796e+01,1.325006103515625200e-01,2.160000000000000142e+00,0.000000000000000000e+00
3.243238341882588305e+00,2.880141302108764734e+01,1.325006103515625200e-01,2.160000000000000142e+00,3.750000000000000000e+05
3.253486279743718068e+00,2.788234373092651452e+01,1.063750120162963952e+01,2.160000000000000142e+00,0.000000000000000000e+00
3.253533961552189879e+00,2.797770734786987390e+01,1.063750120162963952e+01,2.160000000000000142e+00,3.750000000000000000e+05
3.263781899251767982e+00,2.889677473068237390e+01,1.325006103515625200e-01,2.160000000000000142e+00,0.000000000000000000e+00
3.263829581060239793e+00,2.899213834762573327e+01,1.325006103515625200e-01,2.160000000000000142e+00,3.750000000000000000e+05
3.274077518759818339e+00,2.807307096481323327e+01,1.063750120162963952e+01,2.160000000000000142e+00,0.000000000000000000e+00
3.274125199614615678e+00,2.816843267440795984e+01,1.063750120162963952e+01,2.160000000000000142e+00,3.750000000000000000e+05
3.284373137475745441e+00,2.908750196456909265e+01,1.325006103515625200e-01,2.160000000000000142e+00,0.000000000000000000e+00
3.284420818330542780e+00,2.918286367416381921e+01,1.325006103515625200e-01,2.160000000000000142e+00,3.750000000000000000e+05
3.294668756030120882e+00,2.826379629135131921e+01,1.063750120162963952e+01,2.160000000000000142e+00,0.000000000000000000e+00
3.294716436884918220e+00,2.835915800094604577e+01,1.063750120162963952e+01,2.160000000000000142e+00,3.750000000000000000e+05
3.304964374746047984e+00,2.927822729110717859e+01,1.325006103515625200e-01,2.160000000000000142e+00,0.000000000000000000e+00
3.305012056554519795e+00,2.937359090805053796e+01,1.325006103515625200e-01,2.160000000000000142e+00,3.750000000000000000e+05
3.315259994415649558e+00,2.845452161788940515e+01,1.063750120162963952e+01,2.160000000000000142e+00,0.000000000000000000e+00
3.315307676224121369e+00,2.854988523483276452e+01,1.063750120162963952e+01,2.160000000000000142e+00,3.750000000000000000e+05
3.325555613923699916e+00,2.946895261764526452e+01,1.325006103515625200e-01,2.160000000000000142e+00,0.000000000000000000e+00
3.325603295732171727e+00,2.956431623458862390e+01,1.325006103515625200e-01,2.160000000000000142e+00,3.750000000000000000e+05
3.335851233593301490e+00,2.864524694442749109e+01,1.063750120162963952e+01,2.160000000000000142e+00,0.000000000000000000e+00
3.335898915401773301e+00,2.874061056137085046e+01,1.063750120162963952e+01,2.160000000000000142e+00,3.750000000000000000e+05
3.346146853101351404e+00,2.965967794418335046e+01,1.325006103515625200e-01,2.160000000000000142e+00,0.000000000000000000e+00
3.346194534909823215e+00,2.975504156112670984e+01,1.325006103515625200e-01,2.160000000000000142e+00,3.750000000000000000e+05
3.356442472770952978e+00,2.883597227096557702e+01,1.063750120162963952e+01,2.160000000000000142e+00,0.000000000000000000e+00
3.356490154579424789e+00,2.893133588790893640e+01,1.063750120162963952e+01,2.160000000000000142e+00,3.750000000000000000e+05
3.366738092440554553e+00,2.985040517807006921e+01,1.325006103515625200e-01,2.160000000000000142e+00,0.000000000000000000e+00
3.366785773295351891e+00,2.994576688766479577e+01,1.325006103515625200e-01,2.160000000000000142e+00,3.750000000000000000e+05
3.377033710994930438e+00,2.902669950485229577e+01,1.063750120162963952e+01,2.160000000000000142e+00,0.000000000000000000e+00
3.377081391849727776e+00,2.912206121444702234e+01,1.063750120162963952e+01,2.160000000000000142e+00,3.750000000000000000e+05
3.387329329710857539e+00,3.004113050460815515e+01,1.325006103515625200e-01,2.160000000000000142e+00,0.000000000000000000e+00
3.387377010565654878e+00,3.013649221420288171e+01,1.325006103515625200e-01,2.160000000000000142e+00,3.750000000000000000e+05
3.397624948265232980e+00,2.921742483139038171e+01,1.063750120162963952e+01,2.160000000000000142e+00,0.000000000000000000e+00
3.397672630073704791e+00,2.931278844833374109e+01,1.063750120162963952e+01,2.160000000000000142e+00,3.750000000000000000e+05
3.407920567773283338e+00,3.023185583114624109e+01,1.325006103515625200e-01,2.160000000000000142e+00,0.000000000000000000e+00
3.407968249581755149e+00,3.032721944808960046e+01,1.325006103515625200e-01,2.160000000000000142e+00,3.750000000000000000e+05
3.418216187442884912e+00,2.940815015792846765e+01,1.063750120162963952e+01,2.160000000000000142e+00,0.000000000000000000e+00
3.418263869251356724e+00,2.950351377487182702e+01,1.063750120162963952e+01,2.160000000000000142e+00,3.750000000000000000e+05
3.428511806950934826e+00,3.042258115768432702e+01,1.325006103515625200e-01,2.160000000000000142e+00,0.000000000000000000e+00
3.428559488520988019e+00,3.051794429779052820e+01,1.325006103515625200e-01,2.160000000000000142e+00,3.750000000000000000e+05
3.438807426341729645e+00,2.959887548446655359e+01,1.063750120162963952e+01,2.160000000000000142e+00,0.000000000000000000e+00
3.438855108150201456e+00,2.969423910140991296e+01,1.063750120162963952e+01,2.160000000000000142e+00,3.750000000000000000e+05
3.449103045970943082e+00,3.061330791473388757e+01,1.325006103515625200e-01,2.160000000000000142e+00,0.000000000000000000e+00
3.449150726825740421e+00,3.070866962432861413e+01,1.325006103515625200e-01,2.160000000000000142e+00,3.750000000000000000e+05
3.459398664484930830e+00,2.978960271835327234e+01,1.063750120162963952e+01,2.160000000000000142e+00,0.000000000000000000e+00
3.459446345339728168e+00,2.988496442794799890e+01,1.063750120162963952e+01,2.160000000000000142e+00,3.750000000000000000e+05
3.469694283160469794e+00,3.080403324127197351e+01,1.325006103515625200e-01,2.160000000000000142e+00,0.000000000000000000e+00
3.469741964015267133e+00,3.089939495086670007e+01,1.325006103515625200e-01,2.160000000000000142e+00,3.750000000000000000e+05
3.479989901674457542e+00,2.998032804489135827e+01,1.063750120162963952e+01,2.160000000000000142e+00,0.000000000000000000e+00
3.480037582529254880e+00,3.007568975448608484e+01,1.063750120162963952e+01,2.160000000000000142e+00,3.750000000000000000e+05
3.490285520349996506e+00,3.099475856781005945e+01,1.325006103515625200e-01,2.160000000000000142e+00,0.000000000000000000e+00
3.490333202158468318e+00,3.109012218475341882e+01,1.325006103515625200e-01,2.160000000000000142e+00,3.750000000000000000e+05
3.500581139979209944e+00,3.017105337142944421e+01,1.063750120162963952e+01,2.160000000000000142e+00,0.000000000000000000e+00
3.500628821787681755e+00,3.026641698837280359e+01,1.063750120162963952e+01,2.160000000000000142e+00,3.750000000000000000e+05
3.510876759446872164e+00,3.118548389434814538e+01,1.325006103515625200e-01,2.160000000000000142e+00,0.000000000000000000e+00
3.510924441255343975e+00,3.128084751129150476e+01,1.325006103515625200e-01,2.160000000000000142e+00,3.750000000000000000e+05
3.521172379076085601e+00,3.036177869796753015e+01,1.063750120162963952e+01,2.160000000000000142e+00,0.000000000000000000e+00
3.521220060884557412e+00,3.045714231491088952e+01,1.063750120162963952e+01,2.160000000000000142e+00,3.750000000000000000e+05
3.531467998543747822e+00,3.137620922088623132e+01,1.325006103515625200e-01,2.160000000000000142e+00,0.000000000000000000e+00
3.531515680352219633e+00,3.147157283782959070e+01,1.325006103515625200e-01,2.160000000000000142e+00,3.750000000000000000e+05
3.541763618051797735e+00,3.055250545501709070e+01,1.063750120162963952e+01,2.160000000000000142e+00,0.000000000000000000e+00
3.541811298906595074e+00,3.064786716461181726e+01,1.063750120162963952e+01,2.160000000000000142e+00,3.750000000000000000e+05
3.552059236767724837e+00,3.156693645477295007e+01,1.325006103515625200e-01,2.160000000000000142e+00,0.000000000000000000e+00
3.552106917622522175e+00,3.166229816436767663e+01,1.325006103515625200e-01,2.160000000000000142e+00,3.750000000000000000e+05
3.562354855322100278e+00,3.074323078155517663e+01,1.063750120162963952e+01,2.160000000000000142e+00,0.000000000000000000e+00
3.562402536176897616e+00,3.083859249114990320e+01,1.063750120162963952e+01,2.160000000000000142e+00,3.750000000000000000e+05
3.572650474038027379e+00,3.175766178131103601e+01,1.325006103515625200e-01,2.160000000000000142e+00,0.000000000000000000e+00
3.572698155846499191e+00,3.185302539825439538e+01,1.325006103515625200e-01,2.160000000000000142e+00,3.750000000000000000e+05
3.582946093707628954e+00,3.093395610809326257e+01,1.063750120162963952e+01,2.160000000000000142e+00,0.000000000000000000e+00
3.582993775516100765e+00,3.102931972503662195e+01,1.063750120162963952e+01,2.160000000000000142e+00,3.750000000000000000e+05
3.593241713215679312e+00,3.194838710784912195e+01,1.325006103515625200e-01,2.160000000000000142e+00,0.000000000000000000e+00
3.593289395024151123e+00,3.204375072479248132e+01,1.325006103515625200e-01,2.160000000000000142e+00,3.750000000000000000e+05
3.603537332885280886e+00,3.112468143463134851e+01,1.063750120162963952e+01,2.160000000000000142e+00,0.000000000000000000e+00
3.603585014693752697e+00,3.122004505157470788e+01,1.063750120162963952e+01,2.160000000000000142e+00,3.750000000000000000e+05
3.613832952393330800e+00,3.213911243438720788e+01,1.325006103515625200e-01,2.160000000000000142e+00,0.000000000000000000e+00
3.613880633248128138e+00,3.223447414398193445e+01,1.325006103515625200e-01,2.160000000000000142e+00,3.750000000000000000e+05
3.624128570947706685e+00,3.131540676116943445e+01,1.063750120162963952e+01,2.160000000000000142e+00,0.000000000000000000e+00
3.624176252756178496e+00,3.141077037811279382e+01,1.063750120162963952e+01,2.160000000000000142e+00,3.750000000000000000e+05
3.634424190455757042e+00,3.232983776092529382e+01,1.325006103515625200e-01,2.160000000000000142e+00,0.000000000000000000e+00
3.634471872264228853e+00,3.242520137786865320e+01,1.325006103515625200e-01,2.160000000000000142e+00,3.750000000000000000e+05
3.644719809963807400e+00,3.150613399505615320e+01,1.063750120162963952e+01,2.160000000000000142e+00,0.000000000000000000e+00
3.644767490818604738e+00,3.160149570465087976e+01,1.063750120162963952e+01,2.160000000000000142e+00,3.750000000000000000e+05
3.655015428679734502e+00,3.252056499481201257e+01,1.325006103515625200e-01,2.160000000000000142e+00,0.000000000000000000e+00
3.655063110488206313e+00,3.261592861175537195e+01,1.325006103515625200e-01,2.160000000000000142e+00,3.750000000000000000e+05
3.665311048349336076e+00,3.169685932159423913e+01,1.063750120162963952e+01,2.160000000000000142e+00,0.000000000000000000e+00
3.665358730157807887e+00,3.179222293853759851e+01,1.063750120162963952e+01,2.160000000000000142e+00,3.750000000000000000e+05
3.675606668018937651e+00,3.271129222869873132e+01,1.325006103515625200e-01,2.160000000000000142e+00,0.000000000000000000e+00
3.675654347920060516e+00,3.280665203094482507e+01,1.325006103515625200e-01,2.160000000000000142e+00,3.750000000000000000e+05
3.685902285619638619e+00,3.188758464813232507e+01,1.063750120162963952e+01,2.160000000000000142e+00,0.000000000000000000e+00
3.685949967428110430e+00,3.198294826507568445e+01,1.063750120162963952e+01,2.160000000000000142e+00,3.750000000000000000e+05
3.696197905127688976e+00,3.290201564788818445e+01,1.325006103515625200e-01,2.160000000000000142e+00,0.000000000000000000e+00
3.696245586936160787e+00,3.299737926483154382e+01,1.325006103515625200e-01,2.160000000000000142e+00,3.750000000000000000e+05
3.706493524797290551e+00,3.207830997467041101e+01,1.063750120162963952e+01,2.160000000000000142e+00,0.000000000000000000e+00
3.706541206605762362e+00,3.217367359161377038e+01,1.063750120162963952e+01,2.160000000000000142e+00,3.750000000000000000e+05
3.716789144466892125e+00,3.309274288177490320e+01,1.325006103515625200e-01,2.160000000000000142e+00,0.000000000000000000e+00
3.716836826275363936e+00,3.318810649871826257e+01,1.325006103515625200e-01,2.160000000000000142e+00,3.750000000000000000e+05
3.727084764298045361e+00,3.226903530120849695e+01,1.063750120162963952e+01,2.160000000000000142e+00,0.000000000000000000e+00
3.727132446106517172e+00,3.236439891815185632e+01,1.063750120162963952e+01,2.160000000000000142e+00,3.750000000000000000e+05
3.737380383806095274e+00,3.328346630096435632e+01,1.325006103515625200e-01,2.160000000000000142e+00,0.000000000000000000e+00
3.737428065614567085e+00,3.337882991790771570e+01,1.325006103515625200e-01,2.160000000000000142e+00,3.750000000000000000e+05
3.747676003314145632e+00,3.245976253509521570e+01,1.063750120162963952e+01,2.160000000000000142e+00,0.000000000000000000e+00
3.747723685122617443e+00,3.255512615203857507e+01,1.063750120162963952e+01,2.160000000000000142e+00,3.750000000000000000e+05
3.757971622822195989e+00,3.347419353485107507e+01,1.325006103515625200e-01,2.160000000000000142e+00,0.000000000000000000e+00
3.758019304630667801e+00,3.356955715179443445e+01,1.325006103515625200e-01,2.160000000000000142e+00,3.750000000000000000e+05
3.768267242330246347e+00,3.265048976898193445e+01,1.063750120162963952e+01,2.160000000000000142e+00,0.000000000000000000e+00
3.768314922231369213e+00,3.274584957122802820e+01,1.063750120162963952e+01,2.160000000000000142e+00,3.750000000000000000e+05
3.778562860254050637e+00,3.366492076873779382e+01,1.325006103515625200e-01,2.160000000000000142e+00,0.000000000000000000e+00
3.778610540155173503e+00,3.376028057098388757e+01,1.325006103515625200e-01,2.160000000000000142e+00,3.750000000000000000e+05
3.788858477854751605e+00,3.284121318817138757e+01,1.063750120162963952e+01,2.160000000000000142e+00,0.000000000000000000e+00
3.788906159663223416e+00,3.293657680511474695e+01,1.063750120162963952e+01,2.160000000000000142e+00,3.750000000000000000e+05
3.799154097362801963e+00,3.385564418792724695e+01,1.325006103515625200e-01,2.160000000000000142e+00,0.000000000000000000e+00
3.799201779171273774e+00,3.395100780487060632e+01,1.325006103515625200e-01,2.160000000000000142e+00,3.750000000000000000e+05
3.809449716870852320e+00,3.303194042205810632e+01,1.063750120162963952e+01,2.160000000000000142e+00,0.000000000000000000e+00
3.809497398679324132e+00,3.312730403900146570e+01,1.063750120162963952e+01,2.160000000000000142e+00,3.750000000000000000e+05
3.819745336378902678e+00,3.404637142181396570e+01,1.325006103515625200e-01,2.160000000000000142e+00,0.000000000000000000e+00
3.819793018187374489e+00,3.414173503875732507e+01,1.325006103515625200e-01,2.160000000000000142e+00,3.750000000000000000e+05
3.830040956210055914e+00,3.322266384124755945e+01,1.063750120162963952e+01,2.160000000000000142e+00,0.000000000000000000e+00
3.830088638018527725e+00,3.331802745819091882e+01,1.063750120162963952e+01,2.160000000000000142e+00,3.750000000000000000e+05
3.840336575718105827e+00,3.423709484100341882e+01,1.325006103515625200e-01,2.160000000000000142e+00,0.000000000000000000e+00
3.840384257526577638e+00,3.433245845794677820e+01,1.325006103515625200e-01,2.160000000000000142e+00,3.750000000000000000e+05
3.850632195226156185e+00,3.341339107513427820e+01,1.063750120162963952e+01,2.160000000000000142e+00,0.000000000000000000e+00
3.850679877034627996e+00,3.350875469207763757e+01,1.063750120162963952e+01,2.160000000000000142e+00,3.750000000000000000e+05
3.860927814734206542e+00,3.442782207489013757e+01,1.325006103515625200e-01,2.160000000000000142e+00,0.000000000000000000e+00
3.860975496542678354e+00,3.452318569183349695e+01,1.325006103515625200e-01,2.160000000000000142e+00,3.750000000000000000e+05
3.871223434242256900e+00,3.360411830902099695e+01,1.063750120162963952e+01,2.160000000000000142e+00,0.000000000000000000e+00
3.871271114143379766e+00,3.369947811126709070e+01,1.063750120162963952e+01,2.160000000000000142e+00,3.750000000000000000e+05
3.881519052166061190e+00,3.461854930877685632e+01,1.325006103515625200e-01,2.160000000000000142e+00,0.000000000000000000e+00
3.881566733974533001e+00,3.471391292572021570e+01,1.325006103515625200e-01,2.160000000000000142e+00,3.750000000000000000e+05
3.891814671997214425e+00,3.379484172821045007e+01,1.063750120162963952e+01,2.160000000000000142e+00,0.000000000000000000e+00
3.891862353805686237e+00,3.389020534515380945e+01,1.063750120162963952e+01,2.160000000000000142e+00,3.750000000000000000e+05
3.902110291505264783e+00,3.480927272796630945e+01,1.325006103515625200e-01,2.160000000000000142e+00,0.000000000000000000e+00
3.902157973313736594e+00,3.490463634490966882e+01,1.325006103515625200e-01,2.160000000000000142e+00,3.750000000000000000e+05
3.912405911013315141e+00,3.398556896209716882e+01,1.063750120162963952e+01,2.160000000000000142e+00,0.000000000000000000e+00
3.912453592821786952e+00,3.408093257904052820e+01,1.063750120162963952e+01,2.160000000000000142e+00,3.750000000000000000e+05
3.922701530521365498e+00,3.499999996185302820e+01,1.325006103515625200e-01,2.160000000000000142e+00,0.000000000000000000e+00
3.922749212329837309e+00,3.509536357879638757e+01,1.325006103515625200e-01,2.160000000000000142e+00,3.750000000000000000e+05
3.932997150352518734e+00,3.417629238128662195e+01,1.063750120162963952e+01,2.160000000000000142e+00,0.000000000000000000e+00
3.933044832160990545e+00,3.427165599822998132e+01,1.063750120162963952e+01,2.160000000000000142e+00,3.750000000000000000e+05
3.943292770183671969e+00,3.519072719573974695e+01,1.325006103515625200e-01,2.160000000000000142e+00,0.000000000000000000e+00
3.943340450084794835e+00,3.528608699798584070e+01,1.325006103515625200e-01,2.160000000000000142e+00,3.750000000000000000e+05
3.953588387784373381e+00,3.436701961517334070e+01,1.063750120162963952e+01,2.160000000000000142e+00,0.000000000000000000e+00
3.953636069592845192e+00,3.446238323211670007e+01,1.063750120162963952e+01,2.160000000000000142e+00,3.750000000000000000e+05
3.963884007292423739e+00,3.538145061492920007e+01,1.325006103515625200e-01,2.160000000000000142e+00,0.000000000000000000e+00
3.963931689100895550e+00,3.547681423187255945e+01,1.325006103515625200e-01,2.160000000000000142e+00,3.750000000000000000e+05
3.974179626800474097e+00,3.455774684906005945e+01,1.063750120162963952e+01,2.160000000000000142e+00,0.000000000000000000e+00
3.974227308608945908e+00,3.465311046600341882e+01,1.063750120162963952e+01,2.160000000000000142e+00,3.750000000000000000e+05
3.984475246308524454e+00,3.557217784881591882e+01,1.325006103515625200e-01,2.160000000000000142e+00,0.000000000000000000e+00
3.984522928116996265e+00,3.566754146575927820e+01,1.325006103515625200e-01,2.160000000000000142e+00,3.750000000000000000e+05
3.994770866139677690e+00,3.474847026824951257e+01,1.063750120162963952e+01,2.160000000000000142e+00,0.000000000000000000e+00
3.994818547948149501e+00,3.484383388519287195e+01,1.063750120162963952e+01,2.160000000000000142e+00,3.750000000000000000e+05
4.005066485647727603e+00,3.576290126800537195e+01,1.325006103515625200e-01,2.160000000000000142e+00,0.000000000000000000e+00
4.005114167456198970e+00,3.585826488494873132e+01,1.325006103515625200e-01,2.160000000000000142e+00,3.750000000000000000e+05
4.015362105155777073e+00,3.493919750213623132e+01,1.063750120162963952e+01,2.160000000000000142e+00,0.000000000000000000e+00
4.015409786964248440e+00,3.503456111907959070e+01,1.063750120162963952e+01,2.160000000000000142e+00,3.750000000000000000e+05
4.025657724663826542e+00,3.595362850189209070e+01,1.325006103515625200e-01,2.160000000000000142e+00,0.000000000000000000e+00
4.025705406472297909e+00,3.604899211883545007e+01,1.325006103515625200e-01,2.160000000000000142e+00,3.750000000000000000e+05
4.035953344171876012e+00,3.512992473602295007e+01,1.063750120162963952e+01,2.160000000000000142e+00,0.000000000000000000e+00
4.036001024072999321e+00,3.522528453826904382e+01,1.063750120162963952e+01,2.160000000000000142e+00,3.750000000000000000e+05
4.046248962095680746e+00,3.614435573577880945e+01,1.325006103515625200e-01,2.160000000000000142e+00,0.000000000000000000e+00
4.046296641996804055e+00,3.623971553802490320e+01,1.325006103515625200e-01,2.160000000000000142e+00,3.750000000000000000e+05
4.056544579696382158e+00,3.532064815521240320e+01,1.063750120162963952e+01,2.160000000000000142e+00,0.000000000000000000e+00
4.056592261504853525e+00,3.541601177215576257e+01,1.063750120162963952e+01,2.160000000000000142e+00,3.750000000000000000e+05
4.066840199204431627e+00,3.633507915496826257e+01,1.325006103515625200e-01,2.160000000000000142e+00,0.000000000000000000e+00
4.066887881012902994e+00,3.643044277191162195e+01,1.325006103515625200e-01,2.160000000000000142e+00,3.750000000000000000e+05
4.077135818712481097e+00,3.551137538909912195e+01,1.063750120162963952e+01,2.160000000000000142e+00,0.000000000000000000e+00
4.077183500520952464e+00,3.560673900604248132e+01,1.063750120162963952e+01,2.160000000000000142e+00,3.750000000000000000e+05
4.087431438220530566e+00,3.652580638885498132e+01,1.325006103515625200e-01,2.160000000000000142e+00,0.000000000000000000e+00
4.087479120029001933e+00,3.662117000579834070e+01,1.325006103515625200e-01,2.160000000000000142e+00,3.750000000000000000e+05
4.097727058051683358e+00,3.570209880828857507e+01,1.063750120162963952e+01,2.160000000000000142e+00,0.000000000000000000e+00
4.097774739860154725e+00,3.579746242523193445e+01,1.063750120162963952e+01,2.160000000000000142e+00,3.750000000000000000e+05
4.108022677559732827e+00,3.671652980804443445e+01,1.325006103515625200e-01,2.160000000000000142e+00,0.000000000000000000e+00
4.108070359368204194e+00,3.681189342498779382e+01,1.325006103515625200e-01,2.160000000000000142e+00,3.750000000000000000e+05
4.118318297067782296e+00,3.589282604217529382e+01,1.063750120162963952e+01,2.160000000000000142e+00,0.000000000000000000e+00
4.118365978876253664e+00,3.598818965911865320e+01,1.063750120162963952e+01,2.160000000000000142e+00,3.750000000000000000e+05
4.128613916575831766e+00,3.690725704193115320e+01,1.325006103515625200e-01,2.160000000000000142e+00,0.000000000000000000e+00
4.128661598384303133e+00,3.700262065887451257e+01,1.325006103515625200e-01,2.160000000000000142e+00,3.750000000000000000e+05
4.138909536083881235e+00,3.608355327606201257e+01,1.063750120162963952e+01,2.160000000000000142e+00,0.000000000000000000e+00
4.138957215985004545e+00,3.617891307830810632e+01,1.063750120162963952e+01,2.160000000000000142e+00,3.750000000000000000e+05
4.149205154007685969e+00,3.709798427581787195e+01,1.325006103515625200e-01,2.160000000000000142e+00,0.000000000000000000e+00
4.149252835816157337e+00,3.719334789276123132e+01,1.325006103515625200e-01,2.160000000000000142e+00,3.750000000000000000e+05
4.159500773838838761e+00,3.627427669525146570e+01,1.063750120162963952e+01,2.160000000000000142e+00,0.000000000000000000e+00
4.159548455647310128e+00,3.636964031219482507e+01,1.063750120162963952e+01,2.160000000000000142e+00,3.750000000000000000e+05
4.169796393346888230e+00,3.728870769500732507e+01,1.325006103515625200e-01,2.160000000000000142e+00,0.000000000000000000e+00
4.169844075155359597e+00,3.738407131195068445e+01,1.325006103515625200e-01,2.160000000000000142e+00,3.750000000000000000e+05
4.180092012854937700e+00,3.646500392913818445e+01,1.063750120162963952e+01,2.160000000000000142e+00,0.000000000000000000e+00
4.180139694663409067e+00,3.656036754608154382e+01,1.063750120162963952e+01,2.160000000000000142e+00,3.750000000000000000e+05
4.190387632362987169e+00,3.747943492889404382e+01,1.325006103515625200e-01,2.160000000000000142e+00,0.000000000000000000e+00
4.190435314171458536e+00,3.757479854583740320e+01,1.325006103515625200e-01,2.160000000000000142e+00,3.750000000000000000e+05
4.200683252194139961e+00,3.665572734832763757e+01,1.063750120162963952e+01,2.160000000000000142e+00,0.000000000000000000e+00
4.200730934002611328e+00,3.675109096527099695e+01,1.063750120162963952e+01,2.160000000000000142e+00,3.750000000000000000e+05
4.210978872025292752e+00,3.767016216278076257e+01,1.325006103515625200e-01,2.160000000000000142e+00,0.000000000000000000e+00
4.211026551926416062e+00,3.776552196502685632e+01,1.325006103515625200e-01,2.160000000000000142e+00,3.750000000000000000e+05
4.221274489625994164e+00,3.684645458221435632e+01,1.063750120162963952e+01,2.160000000000000142e+00,0.000000000000000000e+00
4.221322171434465531e+00,3.694181819915771570e+01,1.063750120162963952e+01,2.160000000000000142e+00,3.750000000000000000e+05
4.231570109134043634e+00,3.786088558197021570e+01,1.325006103515625200e-01,2.160000000000000142e+00,0.000000000000000000e+00
4.231617790942515001e+00,3.795624919891357507e+01,1.325006103515625200e-01,2.160000000000000142e+00,3.750000000000000000e+05
4.241865728642093103e+00,3.703718181610107507e+01,1.063750120162963952e+01,2.160000000000000142e+00,0.000000000000000000e+00
4.241913410450564470e+00,3.713254543304443445e+01,1.063750120162963952e+01,2.160000000000000142e+00,3.750000000000000000e+05
4.252161348150142572e+00,3.805161281585693445e+01,1.325006103515625200e-01,2.160000000000000142e+00,0.000000000000000000e+00
4.252209029958613939e+00,3.814697643280029382e+01,1.325006103515625200e-01,2.160000000000000142e+00,3.750000000000000000e+05
4.262456967981295364e+00,3.722790523529052820e+01,1.063750120162963952e+01,2.160000000000000142e+00,0.000000000000000000e+00
4.262504649789766731e+00,3.732326885223388757e+01,1.063750120162963952e+01,2.160000000000000142e+00,3.750000000000000000e+05
4.272752587489344833e+00,3.824233623504638757e+01,1.325006103515625200e-01,2.160000000000000142e+00,0.000000000000000000e+00
4.272800269297816200e+00,3.833769985198974695e+01,1.325006103515625200e-01,2.160000000000000142e+00,3.750000000000000000e+05
4.283048206997394303e+00,3.741863246917724695e+01,1.063750120162963952e+01,2.160000000000000142e+00,0.000000000000000000e+00
4.283095888805865670e+00,3.751399608612060632e+01,1.063750120162963952e+01,2.160000000000000142e+00,3.750000000000000000e+05
4.293343826505443772e+00,3.843306346893310632e+01,1.325006103515625200e-01,2.160000000000000142e+00,0.000000000000000000e+00
4.293391508790752376e+00,3.852842803955078210e+01,1.325006103515625200e-01,2.160000000000000142e+00,3.750000000000000000e+05
4.303639446571106753e+00,3.760935970306396570e+01,1.063750120162963952e+01,2.160000000000000142e+00,0.000000000000000000e+00
4.303687126472230062e+00,3.770471950531005945e+01,1.063750120162963952e+01,2.160000000000000142e+00,3.750000000000000000e+05
4.313935064575687761e+00,3.862379165649414148e+01,1.325006103515625200e-01,2.160000000000000142e+00,0.000000000000000000e+00
4.313982744476811071e+00,3.871915145874023523e+01,1.325006103515625200e-01,2.160000000000000142e+00,3.750000000000000000e+05
4.324230682257165448e+00,3.780008312225341882e+01,1.063750120162963952e+01,2.160000000000000142e+00,0.000000000000000000e+00
4.324278364065636815e+00,3.789544673919677820e+01,1.063750120162963952e+01,2.160000000000000142e+00,3.750000000000000000e+05
4.334526301845991192e+00,3.881451507568359460e+01,1.325006103515625200e-01,2.160000000000000142e+00,0.000000000000000000e+00
4.334573983654462559e+00,3.890987869262695398e+01,1.325006103515625200e-01,2.160000000000000142e+00,3.750000000000000000e+05
4.344821921434816936e+00,3.799081035614013757e+01,1.063750120162963952e+01,2.160000000000000142e+00,0.000000000000000000e+00
4.344869603243288303e+00,3.808617397308349695e+01,1.063750120162963952e+01,2.160000000000000142e+00,3.750000000000000000e+05
4.355117541023642680e+00,3.900524230957031335e+01,1.325006103515625200e-01,2.160000000000000142e+00,0.000000000000000000e+00
4.355165222832114047e+00,3.910060592651367273e+01,1.325006103515625200e-01,2.160000000000000142e+00,3.750000000000000000e+05
4.365413160935571746e+00,3.818153377532959070e+01,1.063750120162963952e+01,2.160000000000000142e+00,0.000000000000000000e+00
4.365460842744043113e+00,3.827689739227295007e+01,1.063750120162963952e+01,2.160000000000000142e+00,3.750000000000000000e+05
4.375708780524397490e+00,3.919596572875976648e+01,1.325006103515625200e-01,2.160000000000000142e+00,0.000000000000000000e+00
4.375756462332868857e+00,3.929132934570312585e+01,1.325006103515625200e-01,2.160000000000000142e+00,3.750000000000000000e+05
4.386004400113223234e+00,3.837226100921630945e+01,1.063750120162963952e+01,2.160000000000000142e+00,0.000000000000000000e+00
4.386052081921694601e+00,3.846762462615966882e+01,1.063750120162963952e+01,2.160000000000000142e+00,3.750000000000000000e+05
4.396300019702048978e+00,3.938669296264648523e+01,1.325006103515625200e-01,2.160000000000000142e+00,0.000000000000000000e+00
4.396347701510520345e+00,3.948205657958984460e+01,1.325006103515625200e-01,2.160000000000000142e+00,3.750000000000000000e+05
4.406595639210098447e+00,3.856298919677734460e+01,1.063750120162963952e+01,2.160000000000000142e+00,0.000000000000000000e+00
4.406643319111221757e+00,3.865834899902343835e+01,1.063750120162963952e+01,2.160000000000000142e+00,3.750000000000000000e+05
4.416891257133903181e+00,3.957742019653320398e+01,1.325006103515625200e-01,2.160000000000000142e+00,0.000000000000000000e+00
4.416938938942374548e+00,3.967278381347656335e+01,1.325006103515625200e-01,2.160000000000000142e+00,3.750000000000000000e+05
4.427186876965055973e+00,3.875371261596679773e+01,1.063750120162963952e+01,2.160000000000000142e+00,0.000000000000000000e+00
4.427234558773527340e+00,3.884907623291015710e+01,1.063750120162963952e+01,2.160000000000000142e+00,3.750000000000000000e+05
4.437482496473105442e+00,3.976814361572265710e+01,1.325006103515625200e-01,2.160000000000000142e+00,0.000000000000000000e+00
4.437530178281576809e+00,3.986350723266601648e+01,1.325006103515625200e-01,2.160000000000000142e+00,3.750000000000000000e+05
4.447778115981154912e+00,3.894443984985351648e+01,1.063750120162963952e+01,2.160000000000000142e+00,0.000000000000000000e+00
4.447825797789626279e+00,3.903980346679687585e+01,1.063750120162963952e+01,2.160000000000000142e+00,3.750000000000000000e+05
4.458073735489204381e+00,3.995887084960937585e+01,1.325006103515625200e-01,2.160000000000000142e+00,0.000000000000000000e+00
4.458121417297675748e+00,4.005423446655273523e+01,1.325006103515625200e-01,2.160000000000000142e+00,3.750000000000000000e+05
4.468369355320357172e+00,3.913516326904296960e+01,1.063750120162963952e+01,2.160000000000000142e+00,0.000000000000000000e+00
4.468417037128828539e+00,3.923052688598632898e+01,1.063750120162963952e+01,2.160000000000000142e+00,3.750000000000000000e+05
4.478664975151509964e+00,4.014959808349609460e+01,1.325006103515625200e-01,2.160000000000000142e+00,0.000000000000000000e+00
4.478712655052633274e+00,4.024495788574218835e+01,1.325006103515625200e-01,2.160000000000000142e+00,3.750000000000000000e+05
4.488960592752211376e+00,3.932589050292968835e+01,1.063750120162963952e+01,2.160000000000000142e+00,0.000000000000000000e+00
4.489008274560682743e+00,3.942125411987304773e+01,1.063750120162963952e+01,2.160000000000000142e+00,3.750000000000000000e+05
4.499256212260260845e+00,4.034032150268554773e+01,1.325006103515625200e-01,2.160000000000000142e+00,0.000000000000000000e+00
4.499303894068732212e+00,4.043568511962890710e+01,1.325006103515625200e-01,2.160000000000000142e+00,3.750000000000000000e+05
4.509551831768310315e+00,3.951661773681640710e+01,1.063750120162963952e+01,2.160000000000000142e+00,0.000000000000000000e+00
4.509599513576781682e+00,3.961198135375976648e+01,1.063750120162963952e+01,2.160000000000000142e+00,3.750000000000000000e+05
4.519847451276359784e+00,4.053104873657226648e+01,1.325006103515625200e-01,2.160000000000000142e+00,0.000000000000000000e+00
4.519895133084831151e+00,4.062641235351562585e+01,1.325006103515625200e-01,2.160000000000000142e+00,3.750000000000000000e+05
4.530143071107512576e+00,3.970734115600586023e+01,1.063750120162963952e+01,2.160000000000000142e+00,0.000000000000000000e+00
4.530190752915983943e+00,3.980270477294921960e+01,1.063750120162963952e+01,2.160000000000000142e+00,3.750000000000000000e+05
4.540438690615562045e+00,4.072177215576171960e+01,1.325006103515625200e-01,2.160000000000000142e+00,0.000000000000000000e+00
4.540486372424033412e+00,4.081713577270507898e+01,1.325006103515625200e-01,2.160000000000000142e+00,3.750000000000000000e+05
4.550734310123611515e+00,3.989806838989257898e+01,1.063750120162963952e+01,2.160000000000000142e+00,0.000000000000000000e+00
4.550781991932082882e+00,3.999343200683593835e+01,1.063750120162963952e+01,2.160000000000000142e+00,3.750000000000000000e+05
4.561029929631660984e+00,4.091249938964843835e+01,1.325006103515625200e-01,2.160000000000000142e+00,0.000000000000000000e+00
4.561077611440132351e+00,4.100786300659179773e+01,1.325006103515625200e-01,2.160000000000000142e+00,3.750000000000000000e+05
4.571325549139710454e+00,4.008879562377929773e+01,1.063750120162963952e+01,2.160000000000000142e+00,0.000000000000000000e+00
4.571373229040833763e+00,4.018415542602539148e+01,1.063750120162963952e+01,2.160000000000000142e+00,3.750000000000000000e+05
4.581621167063515188e+00,4.110322662353515710e+01,1.325006103515625200e-01,2.160000000000000142e+00,0.000000000000000000e+00
4.581668846964638497e+00,4.119858642578125085e+01,1.325006103515625200e-01,2.160000000000000142e+00,3.750000000000000000e+05
4.591916784664216600e+00,4.027951904296875085e+01,1.063750120162963952e+01,2.160000000000000142e+00,0.000000000000000000e+00
4.591964466472687967e+00,4.037488265991211023e+01,1.063750120162963952e+01,2.160000000000000142e+00,3.750000000000000000e+05
4.602212404172266069e+00,4.129395004272461023e+01,1.325006103515625200e-01,2.160000000000000142e+00,0.000000000000000000e+00
4.602260085980737436e+00,4.138931365966796960e+01,1.325006103515625200e-01,2.160000000000000142e+00,3.750000000000000000e+05
4.612508023680315539e+00,4.047024627685546960e+01,1.063750120162963952e+01,2.160000000000000142e+00,0.000000000000000000e+00
4.612555705488786906e+00,4.056560989379882898e+01,1.063750120162963952e+01,2.160000000000000142e+00,3.750000000000000000e+05
4.622803643188365008e+00,4.148467727661132898e+01,1.325006103515625200e-01,2.160000000000000142e+00,0.000000000000000000e+00
4.622851324996836375e+00,4.158004089355468835e+01,1.325006103515625200e-01,2.160000000000000142e+00,3.750000000000000000e+05
4.633099263019517799e+00,4.066096969604492273e+01,1.063750120162963952e+01,2.160000000000000142e+00,0.000000000000000000e+00
4.633146944827989167e+00,4.075633331298828210e+01,1.063750120162963952e+01,2.160000000000000142e+00,3.750000000000000000e+05
4.643394882527567269e+00,4.167540069580078210e+01,1.325006103515625200e-01,2.160000000000000142e+00,0.000000000000000000e+00
4.643442564336038636e+00,4.177076431274414148e+01,1.325006103515625200e-01,2.160000000000000142e+00,3.750000000000000000e+05
4.653690502035616738e+00,4.085169692993164148e+01,1.063750120162963952e+01,2.160000000000000142e+00,0.000000000000000000e+00
4.653738183844088105e+00,4.094706054687500085e+01,1.063750120162963952e+01,2.160000000000000142e+00,3.750000000000000000e+05
4.663986121543666208e+00,4.186612792968750085e+01,1.325006103515625200e-01,2.160000000000000142e+00,0.000000000000000000e+00
4.664033803352137575e+00,4.196149154663086023e+01,1.325006103515625200e-01,2.160000000000000142e+00,3.750000000000000000e+05
4.674281741051715677e+00,4.104242416381836023e+01,1.063750120162963952e+01,2.160000000000000142e+00,0.000000000000000000e+00
4.674329420952838987e+00,4.113778396606445398e+01,1.063750120162963952e+01,2.160000000000000142e+00,3.750000000000000000e+05
4.684577358975520411e+00,4.205685516357421960e+01,1.325006103515625200e-01,2.160000000000000142e+00,0.000000000000000000e+00
4.684625040783991778e+00,4.215221878051757898e+01,1.325006103515625200e-01,2.160000000000000142e+00,3.750000000000000000e+05
4.694872978806673203e+00,4.123314758300781335e+01,1.063750120162963952e+01,2.160000000000000142e+00,0.000000000000000000e+00
4.694920660615144570e+00,4.132851119995117273e+01,1.063750120162963952e+01,2.160000000000000142e+00,3.750000000000000000e+05
4.705168598314722672e+00,4.224757858276367273e+01,1.325006103515625200e-01,2.160000000000000142e+00,0.000000000000000000e+00
4.705216280123194039e+00,4.234294219970703210e+01,1.325006103515625200e-01,2.160000000000000142e+00,3.750000000000000000e+05
4.715464217822772142e+00,4.142387481689453210e+01,1.063750120162963952e+01,2.160000000000000142e+00,0.000000000000000000e+00
4.715511899631243509e+00,4.151923843383789148e+01,1.063750120162963952e+01,2.160000000000000142e+00,3.750000000000000000e+05
4.725759837330821611e+00,4.243830581665039148e+01,1.325006103515625200e-01,2.160000000000000142e+00,0.000000000000000000e+00
4.725807519139292978e+00,4.253366943359375085e+01,1.325006103515625200e-01,2.160000000000000142e+00,3.750000000000000000e+05
4.736055457161974402e+00,4.161459823608398523e+01,1.063750120162963952e+01,2.160000000000000142e+00,0.000000000000000000e+00
4.736103138970445769e+00,4.170996185302734460e+01,1.063750120162963952e+01,2.160000000000000142e+00,3.750000000000000000e+05
4.746351076993127194e+00,4.262903305053711023e+01,1.325006103515625200e-01,2.160000000000000142e+00,0.000000000000000000e+00
4.746398756894250504e+00,4.272439285278320398e+01,1.325006103515625200e-01,2.160000000000000142e+00,3.750000000000000000e+05
4.756646694593828606e+00,4.180532546997070398e+01,1.063750120162963952e+01,2.160000000000000142e+00,0.000000000000000000e+00
4.756694376402299973e+00,4.190068908691406335e+01,1.063750120162963952e+01,2.160000000000000142e+00,3.750000000000000000e+05
4.766942314101878075e+00,4.281975646972656335e+01,1.325006103515625200e-01,2.160000000000000142e+00,0.000000000000000000e+00
4.766989995910349442e+00,4.291512008666992273e+01,1.325006103515625200e-01,2.160000000000000142e+00,3.750000000000000000e+05
4.777237933609927545e+00,4.199605270385742273e+01,1.063750120162963952e+01,2.160000000000000142e+00,0.000000000000000000e+00
4.777285615418398912e+00,4.209141632080078210e+01,1.063750120162963952e+01,2.160000000000000142e+00,3.750000000000000000e+05
4.787533553117977014e+00,4.301048370361328210e+01,1.325006103515625200e-01,2.160000000000000142e+00,0.000000000000000000e+00
4.787581234926448381e+00,4.310584732055664148e+01,1.325006103515625200e-01,2.160000000000000142e+00,3.750000000000000000e+05
4.797829172949129806e+00,4.218677612304687585e+01,1.063750120162963952e+01,2.160000000000000142e+00,0.000000000000000000e+00
4.797876854757601173e+00,4.228213973999023523e+01,1.063750120162963952e+01,2.160000000000000142e+00,3.750000000000000000e+05
4.808124792457179275e+00,4.320120712280273523e+01,1.325006103515625200e-01,2.160000000000000142e+00,0.000000000000000000e+00
4.808172474265650642e+00,4.329657073974609460e+01,1.325006103515625200e-01,2.160000000000000142e+00,3.750000000000000000e+05
4.818420411965228745e+00,4.237750335693359460e+01,1.063750120162963952e+01,2.160000000000000142e+00,0.000000000000000000e+00
4.818468093773700112e+00,4.247286697387695398e+01,1.063750120162963952e+01,2.160000000000000142e+00,3.750000000000000000e+05
4.828716031473278214e+00,4.339193435668945398e+01,1.325006103515625200e-01,2.160000000000000142e+00,0.000000000000000000e+00
4.828763713281749581e+00,4.348729797363281335e+01,1.325006103515625200e-01,2.160000000000000142e+00,3.750000000000000000e+05
4.839011650981327683e+00,4.256823059082031335e+01,1.063750120162963952e+01,2.160000000000000142e+00,0.000000000000000000e+00
4.839059330882450993e+00,4.266359039306640710e+01,1.063750120162963952e+01,2.160000000000000142e+00,3.750000000000000000e+05
4.849307268905132418e+00,4.358266159057617273e+01,1.325006103515625200e-01,2.160000000000000142e+00,0.000000000000000000e+00
4.849354948806255727e+00,4.367802139282226648e+01,1.325006103515625200e-01,2.160000000000000142e+00,3.750000000000000000e+05
4.859602886505833830e+00,4.275895401000976648e+01,1.063750120162963952e+01,2.160000000000000142e+00,0.000000000000000000e+00
4.859650568314305197e+00,4.285431762695312585e+01,1.063750120162963952e+01,2.160000000000000142e+00,3.750000000000000000e+05
4.869898506013883299e+00,4.377338500976562585e+01,1.325006103515625200e-01,2.160000000000000142e+00,0.000000000000000000e+00
4.869946187822354666e+00,4.386874862670898523e+01,1.325006103515625200e-01,2.160000000000000142e+00,3.750000000000000000e+05
4.880194125521932769e+00,4.294968124389648523e+01,1.063750120162963952e+01,2.160000000000000142e+00,0.000000000000000000e+00
4.880241807330404136e+00,4.304504486083984460e+01,1.063750120162963952e+01,2.160000000000000142e+00,3.750000000000000000e+05
4.890489745029982238e+00,4.396411224365234460e+01,1.325006103515625200e-01,2.160000000000000142e+00,0.000000000000000000e+00
4.890537426838453605e+00,4.405947586059570398e+01,1.325006103515625200e-01,2.160000000000000142e+00,3.750000000000000000e+05
4.900785364861135029e+00,4.314040466308593835e+01,1.063750120162963952e+01,2.160000000000000142e+00,0.000000000000000000e+00
4.900833046669606397e+00,4.323576828002929773e+01,1.063750120162963952e+01,2.160000000000000142e+00,3.750000000000000000e+05
4.911080984369184499e+00,4.415483566284179773e+01,1.325006103515625200e-01,2.160000000000000142e+00,0.000000000000000000e+00
4.911128666177655866e+00,4.425019927978515710e+01,1.325006103515625200e-01,2.160000000000000142e+00,3.750000000000000000e+05
4.921376603877233968e+00,4.333113189697265710e+01,1.063750120162963952e+01,2.160000000000000142e+00,0.000000000000000000e+00
4.921424285685705335e+00,4.342649551391601648e+01,1.063750120162963952e+01,2.160000000000000142e+00,3.750000000000000000e+05
4.931672223385283438e+00,4.434556289672851648e+01,1.325006103515625200e-01,2.160000000000000142e+00,0.000000000000000000e+00
4.931719905193754805e+00,4.444092651367187585e+01,1.325006103515625200e-01,2.160000000000000142e+00,3.750000000000000000e+05
4.941967842893332907e+00,4.352185913085937585e+01,1.063750120162963952e+01,2.160000000000000142e+00,0.000000000000000000e+00
4.942015522794456217e+00,4.361721893310546960e+01,1.063750120162963952e+01,2.160000000000000142e+00,3.750000000000000000e+05
4.952263460817137641e+00,4.453629013061523523e+01,1.325006103515625200e-01,2.160000000000000142e+00,0.000000000000000000e+00
4.952311142625609008e+00,4.463165374755859460e+01,1.325006103515625200e-01,2.160000000000000142e+00,3.750000000000000000e+05
4.962559080648290433e+00,4.371258255004882898e+01,1.063750120162963952e+01,2.160000000000000142e+00,0.000000000000000000e+00
4.962606762456761800e+00,4.380794616699218835e+01,1.063750120162963952e+01,2.160000000000000142e+00,3.750000000000000000e+05
4.972854700156339902e+00,4.472701354980468835e+01,1.325006103515625200e-01,2.160000000000000142e+00,0.000000000000000000e+00
4.972902381964811269e+00,4.482237716674804773e+01,1.325006103515625200e-01,2.160000000000000142e+00,3.750000000000000000e+05
4.983150319664389372e+00,4.390330978393554773e+01,1.063750120162963952e+01,2.160000000000000142e+00,0.000000000000000000e+00
4.983198001472860739e+00,4.399867340087890710e+01,1.063750120162963952e+01,2.160000000000000142e+00,3.750000000000000000e+05
4.992551229815995306e+00,4.483749862670898523e+01,1.049653015136718714e+00,2.160000000000000142e+00,0.000000000000000000e+00
4.993096230845963213e+00,4.483749862670898523e+01,2.139655075073242152e+00,2.160000000000000142e+00,3.750000000000000000e+05
5.001386130299485977e+00,4.409403320312500085e+01,1.063750120162963952e+01,2.160000000000000142e+00,0.000000000000000000e+00
5.001433812107957344e+00,4.418939682006836023e+01,1.063750120162963952e+01,2.160000000000000142e+00,3.750000000000000000e+05
5.008660381425494634e+00,4.483749862670898523e+01,3.229658088684081996e+00,2.160000000000000142e+00,0.000000000000000000e+00
5.009205382932299777e+00,4.483749862670898523e+01,4.319661102294921839e+00,2.160000000000000142e+00,3.750000000000000000e+05
5.015368622113851593e+00,4.428476043701171960e+01,1.063750120162963952e+01,2.160000000000000142e+00,0.000000000000000000e+00
5.015416303922322960e+00,4.438012405395507898e+01,1.063750120162963952e+01,2.160000000000000142e+00,3.750000000000000000e+05
5.020516212967889302e+00,4.483749862670898523e+01,5.409664115905761683e+00,2.160000000000000142e+00,0.000000000000000000e+00
5.021061213997857209e+00,4.483749862670898523e+01,6.499666175842285121e+00,2.160000000000000142e+00,3.750000000000000000e+05
5.025097793830709314e+00,4.447548767089843835e+01,1.063750120162963952e+01,2.160000000000000142e+00,0.000000000000000000e+00
5.025145475639180681e+00,4.457085128784179773e+01,1.063750120162963952e+01,2.160000000000000142e+00,3.750000000000000000e+05
5.028118725336048200e+00,4.483749862670898523e+01,7.589669189453124964e+00,2.160000000000000142e+00,0.000000000000000000e+00
5.028663726842853343e+00,4.483749862670898523e+01,8.679672203063965696e+00,2.160000000000000142e+00,3.750000000000000000e+05
5.030573646726836934e+00,4.466621109008789148e+01,1.063750120162963952e+01,2.160000000000000142e+00,0.000000000000000000e+00
5.030621328535308301e+00,4.476157470703125085e+01,1.063750120162963952e+01,2.160000000000000142e+00,3.750000000000000000e+05
5.031467918283307306e+00,4.483749862670898523e+01,9.769675216674805540e+00,2.160000000000000142e+00,0.000000000000000000e+00
5.074921195611686642e+00,1.324987030029297075e-01,1.063750120162963952e+01,2.160000000000000142e+00,3.750000000000000000e+05
5.085130136905445575e+00,1.324987030029297075e-01,1.325006103515625200e-01,2.160000000000000142e+00,3.750000000000000000e+05
5.128575231007539870e+00,4.483750053405761804e+01,1.325006103515625200e-01,2.160000000000000142e+00,3.750000000000000000e+05
5.138784172301298803e+00,4.483750053405761804e+01,1.063750120162963952e+01,2.160000000000000142e+00,3.750000000000000000e+05
5.161136673216826232e+00,1.324987030029297075e-01,1.063750120162963952e+01,2.160000000000000142e+00,0.000000000000000000e+00
5.204627951877935033e+00,4.488499923706054773e+01,1.068500133514404382e+01,2.160000000000000142e+00,3.750000000000000000e+05
5.214929216537939283e+00,4.488499923706054773e+01,8.500000000000000611e-02,2.160000000000000142e+00,3.750000000000000000e+05
5.258466630762487881e+00,8.500000000000000611e-02,8.500000000000000611e-02,2.160000000000000142e+00,3.750000000000000000e+05
5.268767895422492131e+00,8.500000000000000611e-02,1.068500133514404382e+01,2.160000000000000142e+00,3.750000000000000000e+05
5.291167895041022362e+00,4.488499923706054773e+01,1.068500133514404382e+01,2.160000000000000142e+00,0.000000000000000000e+00
