2.000000000000000111e-01,1.424987030029296886e-01,1.053297063827514712e+01,2.939999999999999947e+00,0.000000000000000000e+00
2.001087333769330789e-01,1.934916687011718761e-01,1.064750120162963931e+01,2.939999999999999947e+00,0.000000000000000000e+00
2.001295314878950016e-01,2.974822235107421609e-01,1.064750120162963931e+01,2.939999999999999947e+00,3.200000000000000000e+05
2.004600083055435022e-01,1.424987030029296886e-01,1.029940435409545962e+01,2.939999999999999947e+00,0.000000000000000000e+00
2.005067215623794474e-01,1.424987030029296886e-01,1.006583806991577212e+01,2.939999999999999947e+00,3.200000000000000000e+05
2.010589418207439083e-01,4.014727783203124734e-01,1.064750120162963931e+01,2.939999999999999947e+00,0.000000000000000000e+00
2.010797399317058309e-01,5.054633331298827859e-01,1.064750120162963931e+01,2.939999999999999947e+00,3.200000000000000000e+05
2.018537040085940093e-01,1.424987030029296886e-01,9.832271308898926421e+00,2.939999999999999947e+00,0.000000000000000000e+00
2.019004172654299545e-01,1.424987030029296886e-01,9.598705024719238921e+00,2.939999999999999947e+00,3.200000000000000000e+05
2.028961247830342318e-01,6.094538879394530984e-01,1.064750120162963931e+01,2.939999999999999947e+00,0.000000000000000000e+00
2.029169228939961545e-01,7.134444427490234109e-01,1.064750120162963931e+01,2.939999999999999947e+00,3.200000000000000000e+05
2.041343738523165585e-01,1.424987030029296886e-01,9.365138740539551421e+00,2.939999999999999947e+00,0.000000000000000000e+00
2.041810871091525037e-01,1.424987030029296886e-01,9.131572456359863921e+00,2.939999999999999947e+00,3.200000000000000000e+05
2.056202815081890067e-01,8.174349975585937234e-01,1.064750120162963931e+01,2.939999999999999947e+00,0.000000000000000000e+00
2.056410796191509294e-01,9.214255523681640359e-01,1.064750120162963931e+01,2.939999999999999947e+00,3.200000000000000000e+05
2.073020174589035314e-01,1.424987030029296886e-01,8.898006172180176421e+00,2.939999999999999947e+00,0.000000000000000000e+00
2.073487307157394766e-01,1.424987030029296886e-01,8.664439888000488921e+00,2.939999999999999947e+00,3.200000000000000000e+05
2.092314119962082053e-01,1.025416107177734348e+00,1.064750120162963931e+01,2.939999999999999947e+00,0.000000000000000000e+00
2.092522101071701279e-01,1.129406661987304661e+00,1.064750120162963931e+01,2.939999999999999947e+00,3.200000000000000000e+05
2.113566348283549834e-01,1.424987030029296886e-01,8.430873603820801421e+00,2.939999999999999947e+00,0.000000000000000000e+00
2.114033480851909286e-01,1.424987030029296886e-01,8.197307319641113921e+00,2.939999999999999947e+00,3.200000000000000000e+05
2.137295162470918830e-01,1.233397216796874973e+00,1.064750120162963931e+01,2.939999999999999947e+00,0.000000000000000000e+00
2.137503139765840610e-01,1.337385864257812473e+00,1.064750120162963931e+01,2.939999999999999947e+00,3.200000000000000000e+05
2.162982256619727373e-01,1.424987030029296886e-01,7.963740081787109126e+00,2.939999999999999947e+00,0.000000000000000000e+00
2.163449389188086824e-01,1.424987030029296886e-01,7.730173797607421626e+00,2.939999999999999947e+00,3.200000000000000000e+05
2.191145940449134577e-01,1.441376419067382786e+00,1.064750120162963931e+01,2.939999999999999947e+00,0.000000000000000000e+00
2.191353921558753803e-01,1.545366973876953098e+00,1.064750120162963931e+01,2.939999999999999947e+00,3.200000000000000000e+05
2.221267907226962268e-01,1.424987030029296886e-01,7.496607513427734126e+00,2.939999999999999947e+00,0.000000000000000000e+00
2.221735039795321720e-01,1.424987030029296886e-01,7.263041229248046626e+00,2.939999999999999947e+00,3.200000000000000000e+05
2.253866459870691175e-01,1.649357528686523411e+00,1.064750120162963931e+01,2.939999999999999947e+00,0.000000000000000000e+00
2.254074440980310401e-01,1.753348083496093723e+00,1.064750120162963931e+01,2.939999999999999947e+00,3.200000000000000000e+05
2.288423295462840845e-01,1.424987030029296886e-01,7.029474945068359126e+00,2.939999999999999947e+00,0.000000000000000000e+00
2.288890428031200297e-01,1.424987030029296886e-01,6.795908660888671626e+00,2.939999999999999947e+00,3.200000000000000000e+05
2.325456716920891731e-01,1.857338638305664036e+00,1.064750120162963931e+01,2.939999999999999947e+00,0.000000000000000000e+00
2.325664698030510957e-01,1.961329193115234348e+00,1.064750120162963931e+01,2.939999999999999947e+00,3.200000000000000000e+05
2.364448421327363381e-01,1.424987030029296886e-01,6.562342376708984126e+00,2.939999999999999947e+00,0.000000000000000000e+00
2.364915553895722833e-01,1.424987030029296886e-01,6.328776092529296626e+00,2.939999999999999947e+00,3.200000000000000000e+05
2.405916711599736246e-01,2.065319747924804883e+00,1.064750120162963931e+01,2.939999999999999947e+00,0.000000000000000000e+00
2.406124692709355473e-01,2.169310302734375195e+00,1.064750120162963931e+01,2.939999999999999947e+00,3.200000000000000000e+05
2.449343284820529876e-01,1.424987030029296886e-01,6.095209808349609126e+00,2.939999999999999947e+00,0.000000000000000000e+00
2.449810417388889328e-01,1.424987030029296886e-01,5.861643524169921626e+00,2.939999999999999947e+00,3.200000000000000000e+05
2.495246443907224720e-01,2.273300857543945508e+00,1.064750120162963931e+01,2.939999999999999947e+00,0.000000000000000000e+00
2.495454425016843947e-01,2.377291412353515820e+00,1.064750120162963931e+01,2.939999999999999947e+00,3.200000000000000000e+05
2.543107893498496308e-01,1.424987030029296886e-01,5.628076286315917720e+00,2.939999999999999947e+00,0.000000000000000000e+00
2.543575026066855482e-01,1.424987030029296886e-01,5.394510002136230220e+00,2.939999999999999947e+00,3.200000000000000000e+05
2.593445928955668833e-01,2.481281967163086133e+00,1.064750120162963931e+01,2.939999999999999947e+00,0.000000000000000000e+00
2.593653910065287782e-01,2.585272521972656445e+00,1.064750120162963931e+01,2.939999999999999947e+00,3.200000000000000000e+05
2.645742247361262400e-01,1.424987030029296886e-01,5.160943717956542720e+00,2.939999999999999947e+00,0.000000000000000000e+00
2.646209379929621575e-01,1.424987030029296886e-01,4.927377433776855220e+00,2.939999999999999947e+00,3.200000000000000000e+05
2.700515151632756905e-01,2.689263076782226758e+00,1.064750120162963931e+01,2.939999999999999947e+00,0.000000000000000000e+00
2.700723132742375854e-01,2.793253631591797070e+00,1.064750120162963931e+01,2.939999999999999947e+00,3.200000000000000000e+05
2.757246338852672451e-01,1.424987030029296886e-01,4.693811149597167720e+00,2.939999999999999947e+00,0.000000000000000000e+00
2.757713471421031626e-01,1.424987030029296886e-01,4.460244865417480220e+00,2.939999999999999947e+00,3.200000000000000000e+05
2.816454111938488936e-01,2.897244186401367383e+00,1.064750120162963931e+01,2.939999999999999947e+00,0.000000000000000000e+00
2.816662093048107884e-01,3.001234741210937695e+00,1.064750120162963931e+01,2.939999999999999947e+00,3.200000000000000000e+05
2.877620167972726462e-01,1.424987030029296886e-01,4.226678581237792720e+00,2.939999999999999947e+00,0.000000000000000000e+00
2.878087300541085636e-01,1.424987030029296886e-01,3.993112297058105664e+00,2.939999999999999947e+00,3.200000000000000000e+05
2.941262803144428783e-01,3.105223388671875195e+00,1.064750120162963931e+01,2.939999999999999947e+00,0.000000000000000000e+00
2.941470784254047732e-01,3.209213943481445508e+00,1.064750120162963931e+01,2.939999999999999947e+00,3.200000000000000000e+05
3.006863721264551592e-01,1.424987030029296886e-01,3.759546012878418164e+00,2.939999999999999947e+00,0.000000000000000000e+00
3.007330853832910766e-01,1.424987030029296886e-01,3.525979728698730664e+00,2.939999999999999947e+00,3.200000000000000000e+05
3.074941225250575338e-01,3.313204498291015820e+00,1.064750120162963931e+01,2.939999999999999947e+00,0.000000000000000000e+00
3.075149206360194287e-01,3.417195053100586133e+00,1.064750120162963931e+01,2.939999999999999947e+00,3.200000000000000000e+05
3.144977012185020127e-01,1.424987030029296886e-01,3.292413444519043164e+00,2.939999999999999947e+00,0.000000000000000000e+00
3.145444146660728024e-01,1.424987030029296886e-01,3.058846206665039258e+00,2.939999999999999947e+00,3.200000000000000000e+05
3.217489394448870832e-01,3.521185607910156445e+00,1.064750120162963931e+01,2.939999999999999947e+00,0.000000000000000000e+00
3.217697375558489781e-01,3.625176162719726758e+00,1.064750120162963931e+01,2.939999999999999947e+00,3.200000000000000000e+05
3.291960057753793301e-01,1.424987030029296886e-01,2.825279922485351758e+00,2.939999999999999947e+00,0.000000000000000000e+00
3.292427190322152475e-01,1.424987030029296886e-01,2.591713638305664258e+00,2.939999999999999947e+00,3.200000000000000000e+05
3.368907306924617262e-01,3.729166717529297070e+00,1.064750120162963931e+01,2.939999999999999947e+00,0.000000000000000000e+00
3.369115288034236211e-01,3.833157272338867383e+00,1.064750120162963931e+01,2.939999999999999947e+00,3.200000000000000000e+05
3.447812839043861710e-01,1.424987030029296886e-01,2.358147354125976758e+00,2.939999999999999947e+00,0.000000000000000000e+00
3.448279971612220884e-01,1.424987030029296886e-01,2.124581069946289258e+00,2.939999999999999947e+00,3.200000000000000000e+05
3.529194957029007651e-01,3.937147827148437695e+00,1.064750120162963931e+01,2.939999999999999947e+00,0.000000000000000000e+00
3.529402938138626600e-01,4.041138381958007564e+00,1.064750120162963931e+01,2.939999999999999947e+00,3.200000000000000000e+05
3.612535357962574079e-01,1.424987030029296886e-01,1.891014785766601536e+00,2.939999999999999947e+00,0.000000000000000000e+00
3.613002490530933253e-01,1.424987030029296886e-01,1.657448501586914036e+00,2.939999999999999947e+00,3.200000000000000000e+05
3.698352344762041444e-01,4.145128936767577876e+00,1.064750120162963931e+01,2.939999999999999947e+00,0.000000000000000000e+00
3.698560325871660392e-01,4.249119491577148189e+00,1.064750120162963931e+01,2.939999999999999947e+00,3.200000000000000000e+05
3.786127614509929851e-01,1.424987030029296886e-01,1.423882217407226536e+00,2.939999999999999947e+00,0.000000000000000000e+00
3.786594747078289025e-01,1.424987030029296886e-01,1.190315933227539036e+00,2.939999999999999947e+00,3.200000000000000000e+05
3.876379470123719195e-01,4.353110046386718501e+00,1.064750120162963931e+01,2.939999999999999947e+00,0.000000000000000000e+00
3.876587451233338144e-01,4.457100601196288814e+00,1.064750120162963931e+01,2.939999999999999947e+00,3.200000000000000000e+05
3.968589608685929582e-01,1.424987030029296886e-01,9.567496490478515359e-01,2.939999999999999947e+00,0.000000000000000000e+00
3.969056741254288756e-01,1.424987030029296886e-01,7.231833648681640359e-01,2.939999999999999947e+00,3.200000000000000000e+05
4.063276333114040906e-01,4.561091156005859126e+00,1.064750120162963931e+01,2.939999999999999947e+00,0.000000000000000000e+00
4.063484314223659855e-01,4.665081710815429439e+00,1.064750120162963931e+01,2.939999999999999947e+00,3.200000000000000000e+05
4.159921340490573272e-01,1.424987030029296886e-01,4.896170806884765359e-01,2.939999999999999947e+00,0.000000000000000000e+00
4.160388473058932446e-01,1.424987030029296886e-01,2.560507965087890359e-01,2.939999999999999947e+00,3.200000000000000000e+05
4.259042933733006575e-01,4.769072265624999751e+00,1.064750120162963931e+01,2.939999999999999947e+00,0.000000000000000000e+00
4.259250911027928632e-01,4.873060913085937251e+00,1.064750120162963931e+01,2.939999999999999947e+00,3.200000000000000000e+05
4.358983383473945539e-01,1.959349822998046886e-01,1.425006103515625011e-01,2.939999999999999947e+00,0.000000000000000000e+00
4.359191364583564487e-01,2.999255371093749734e-01,1.425006103515625011e-01,2.939999999999999947e+00,3.200000000000000000e+05
4.458923837029581394e-01,4.977051467895507564e+00,1.064750120162963931e+01,2.939999999999999947e+00,0.000000000000000000e+00
4.459131818139200343e-01,5.081042022705077876e+00,1.064750120162963931e+01,2.939999999999999947e+00,3.200000000000000000e+05
4.558864290585217249e-01,4.039160919189452859e-01,1.425006103515625011e-01,2.939999999999999947e+00,0.000000000000000000e+00
4.559072271694836198e-01,5.079066467285155984e-01,1.425006103515625011e-01,2.939999999999999947e+00,3.200000000000000000e+05
4.658804744140853105e-01,5.185032577514648189e+00,1.064750120162963931e+01,2.939999999999999947e+00,0.000000000000000000e+00
4.659012725250472053e-01,5.289023132324218501e+00,1.064750120162963931e+01,2.939999999999999947e+00,3.200000000000000000e+05
4.758745197696488960e-01,6.118972015380859109e-01,1.425006103515625011e-01,2.939999999999999947e+00,0.000000000000000000e+00
4.758953178806107909e-01,7.158877563476562234e-01,1.425006103515625011e-01,2.939999999999999947e+00,3.200000000000000000e+05
4.858685651252124815e-01,5.393013687133788814e+00,1.064750120162963931e+01,2.939999999999999947e+00,0.000000000000000000e+00
4.858893632361743764e-01,5.497004241943359126e+00,1.064750120162963931e+01,2.939999999999999947e+00,3.200000000000000000e+05
4.958626111536195147e-01,8.198764038085937234e-01,1.425006103515625011e-01,2.939999999999999947e+00,0.000000000000000000e+00
4.958834092645814096e-01,9.238669586181640359e-01,1.425006103515625011e-01,2.939999999999999947e+00,3.200000000000000000e+05
5.058566571820265478e-01,5.600994796752929439e+00,1.064750120162963931e+01,2.939999999999999947e+00,0.000000000000000000e+00
5.058774552929884427e-01,5.704985351562499751e+00,1.064750120162963931e+01,2.939999999999999947e+00,3.200000000000000000e+05
5.158507032104335810e-01,1.027857513427734348e+00,1.425006103515625011e-01,2.939999999999999947e+00,0.000000000000000000e+00
5.158715013213954759e-01,1.131848068237304661e+00,1.425006103515625011e-01,2.939999999999999947e+00,3.200000000000000000e+05
5.258447492388406141e-01,5.808975906372070064e+00,1.064750120162963931e+01,2.939999999999999947e+00,0.000000000000000000e+00
5.258655473498025090e-01,5.912966461181640376e+00,1.064750120162963931e+01,2.939999999999999947e+00,3.200000000000000000e+05
5.358387952672476473e-01,1.235838623046874973e+00,1.425006103515625011e-01,2.939999999999999947e+00,0.000000000000000000e+00
5.358595933782095422e-01,1.339829177856445286e+00,1.425006103515625011e-01,2.939999999999999947e+00,3.200000000000000000e+05
5.458328412956546805e-01,6.016957015991210689e+00,1.064750120162963931e+01,2.939999999999999947e+00,0.000000000000000000e+00
5.458536394066165753e-01,6.120947570800781001e+00,1.064750120162963931e+01,2.939999999999999947e+00,3.200000000000000000e+05
5.558268873240617136e-01,1.443819732666015598e+00,1.425006103515625011e-01,2.939999999999999947e+00,0.000000000000000000e+00
5.558476854350236085e-01,1.547810287475585911e+00,1.425006103515625011e-01,2.939999999999999947e+00,3.200000000000000000e+05
5.658209333524687468e-01,6.224938125610351314e+00,1.064750120162963931e+01,2.939999999999999947e+00,0.000000000000000000e+00
5.658417314634306416e-01,6.328928680419921626e+00,1.064750120162963931e+01,2.939999999999999947e+00,3.200000000000000000e+05
5.758149793808757799e-01,1.651800842285156223e+00,1.425006103515625011e-01,2.939999999999999947e+00,0.000000000000000000e+00
5.758357774918376748e-01,1.755791397094726536e+00,1.425006103515625011e-01,2.939999999999999947e+00,3.200000000000000000e+05
5.858090254092828131e-01,6.432919235229491939e+00,1.064750120162963931e+01,2.939999999999999947e+00,0.000000000000000000e+00
5.858298233295098356e-01,6.536908836364745845e+00,1.064750120162963931e+01,2.939999999999999947e+00,3.200000000000000000e+05
5.958030709105331946e-01,1.859781951904296848e+00,1.425006103515625011e-01,2.939999999999999947e+00,0.000000000000000000e+00
5.958238690214950894e-01,1.963772506713867161e+00,1.425006103515625011e-01,2.939999999999999947e+00,3.200000000000000000e+05
6.057971166025184484e-01,6.640899391174316158e+00,1.064750120162963931e+01,2.939999999999999947e+00,0.000000000000000000e+00
6.058179147134803433e-01,6.744889945983886470e+00,1.064750120162963931e+01,2.939999999999999947e+00,3.200000000000000000e+05
6.157911622945037022e-01,2.067763061523437695e+00,1.425006103515625011e-01,2.939999999999999947e+00,0.000000000000000000e+00
6.158119604054655971e-01,2.171753616333008008e+00,1.425006103515625011e-01,2.939999999999999947e+00,3.200000000000000000e+05
6.257852079864889561e-01,6.848880500793456783e+00,1.064750120162963931e+01,2.939999999999999947e+00,0.000000000000000000e+00
6.258060060974508509e-01,6.952871055603027095e+00,1.064750120162963931e+01,2.939999999999999947e+00,3.200000000000000000e+05
6.357792536784742099e-01,2.275744171142578320e+00,1.425006103515625011e-01,2.939999999999999947e+00,0.000000000000000000e+00
6.358000517894361048e-01,2.379734725952148633e+00,1.425006103515625011e-01,2.939999999999999947e+00,3.200000000000000000e+05
6.457732993704594637e-01,7.056861610412597408e+00,1.064750120162963931e+01,2.939999999999999947e+00,0.000000000000000000e+00
6.457940972906864863e-01,7.160851211547851314e+00,1.064750120162963931e+01,2.939999999999999947e+00,3.200000000000000000e+05
6.557673445352881769e-01,2.483725280761718945e+00,1.425006103515625011e-01,2.939999999999999947e+00,0.000000000000000000e+00
6.557881422647803271e-01,2.587713928222656445e+00,1.425006103515625011e-01,2.939999999999999947e+00,3.200000000000000000e+05
6.657613901822254654e-01,7.264841766357421626e+00,1.064750120162963931e+01,2.939999999999999947e+00,0.000000000000000000e+00
6.657821882931873603e-01,7.368832321166991939e+00,1.064750120162963931e+01,2.939999999999999947e+00,3.200000000000000000e+05
6.757554362106324986e-01,2.691704483032226758e+00,1.425006103515625011e-01,2.939999999999999947e+00,0.000000000000000000e+00
6.757762343215943934e-01,2.795695037841797070e+00,1.425006103515625011e-01,2.939999999999999947e+00,3.200000000000000000e+05
6.857494822390395317e-01,7.472822875976562251e+00,1.064750120162963931e+01,2.939999999999999947e+00,0.000000000000000000e+00
6.857702803500014266e-01,7.576813430786132564e+00,1.064750120162963931e+01,2.939999999999999947e+00,3.200000000000000000e+05
6.957435282674465649e-01,2.899685592651367383e+00,1.425006103515625011e-01,2.939999999999999947e+00,0.000000000000000000e+00
6.957643263784084597e-01,3.003676147460937695e+00,1.425006103515625011e-01,2.939999999999999947e+00,3.200000000000000000e+05
7.057375742958535980e-01,7.680803985595702876e+00,1.064750120162963931e+01,2.939999999999999947e+00,0.000000000000000000e+00
7.057583724068154929e-01,7.784794540405273189e+00,1.064750120162963931e+01,2.939999999999999947e+00,3.200000000000000000e+05
7.157316203242606312e-01,3.107666702270508008e+00,1.425006103515625011e-01,2.939999999999999947e+00,0.000000000000000000e+00
7.157524184352225260e-01,3.211657257080078320e+00,1.425006103515625011e-01,2.939999999999999947e+00,3.200000000000000000e+05
7.257256663526676643e-01,7.888785095214843501e+00,1.064750120162963931e+01,2.939999999999999947e+00,0.000000000000000000e+00
7.257464644636295592e-01,7.992775650024413814e+00,1.064750120162963931e+01,2.939999999999999947e+00,3.200000000000000000e+05
7.357197123810746975e-01,3.315647811889648633e+00,1.425006103515625011e-01,2.939999999999999947e+00,0.000000000000000000e+00
7.357405104920365924e-01,3.419638366699218945e+00,1.425006103515625011e-01,2.939999999999999947e+00,3.200000000000000000e+05
7.457137580730599513e-01,8.096765251159668608e+00,1.064750120162963931e+01,2.939999999999999947e+00,0.000000000000000000e+00
7.457345563747567185e-01,8.200756759643555327e+00,1.064750120162963931e+01,2.939999999999999947e+00,3.200000000000000000e+05
7.557078042922018568e-01,3.523628921508789258e+00,1.425006103515625011e-01,2.939999999999999947e+00,0.000000000000000000e+00
7.557286024031637517e-01,3.627619476318359570e+00,1.425006103515625011e-01,2.939999999999999947e+00,3.200000000000000000e+05
7.657018499841871106e-01,8.304746360778809233e+00,1.064750120162963931e+01,2.939999999999999947e+00,0.000000000000000000e+00
7.657226480951490055e-01,8.408736915588379546e+00,1.064750120162963931e+01,2.939999999999999947e+00,3.200000000000000000e+05
7.756958956761723645e-01,3.731610031127929883e+00,1.425006103515625011e-01,2.939999999999999947e+00,0.000000000000000000e+00
7.757166937871342594e-01,3.835600585937500195e+00,1.425006103515625011e-01,2.939999999999999947e+00,3.200000000000000000e+05
7.856899413681576183e-01,8.512727470397949858e+00,1.064750120162963931e+01,2.939999999999999947e+00,0.000000000000000000e+00
7.857107394791195132e-01,8.616718025207520171e+00,1.064750120162963931e+01,2.939999999999999947e+00,3.200000000000000000e+05
7.956839870601428721e-01,3.939591140747070508e+00,1.425006103515625011e-01,2.939999999999999947e+00,0.000000000000000000e+00
7.957047851711047670e-01,4.043581695556640376e+00,1.425006103515625011e-01,2.939999999999999947e+00,3.200000000000000000e+05
8.056780327521281260e-01,8.720708580017090483e+00,1.064750120162963931e+01,2.939999999999999947e+00,0.000000000000000000e+00
8.056988308630900208e-01,8.824699134826660796e+00,1.064750120162963931e+01,2.939999999999999947e+00,3.200000000000000000e+05
8.156720784441133798e-01,4.147572250366210689e+00,1.425006103515625011e-01,2.939999999999999947e+00,0.000000000000000000e+00
8.156928765550752747e-01,4.251562805175781001e+00,1.425006103515625011e-01,2.939999999999999947e+00,3.200000000000000000e+05
8.256661241360986336e-01,8.928689689636231108e+00,1.064750120162963931e+01,2.939999999999999947e+00,0.000000000000000000e+00
8.256869222470605285e-01,9.032680244445801421e+00,1.064750120162963931e+01,2.939999999999999947e+00,3.200000000000000000e+05
8.356601705009274461e-01,4.355551452636718501e+00,1.425006103515625011e-01,2.939999999999999947e+00,0.000000000000000000e+00
8.356809686118893410e-01,4.459542007446288814e+00,1.425006103515625011e-01,2.939999999999999947e+00,3.200000000000000000e+05
8.456542168657562586e-01,9.136670799255371733e+00,1.064750120162963931e+01,2.939999999999999947e+00,0.000000000000000000e+00
8.456750147859832811e-01,9.240660400390625639e+00,1.064750120162963931e+01,2.939999999999999947e+00,3.200000000000000000e+05
8.556482627034284194e-01,4.563532562255859126e+00,1.425006103515625011e-01,2.939999999999999947e+00,0.000000000000000000e+00
8.556690608143903143e-01,4.667523117065429439e+00,1.425006103515625011e-01,2.939999999999999947e+00,3.200000000000000000e+05
8.656423087318354526e-01,9.344650955200195952e+00,1.064750120162963931e+01,2.939999999999999947e+00,0.000000000000000000e+00
8.656631068427973474e-01,9.448641510009766264e+00,1.064750120162963931e+01,2.939999999999999947e+00,3.200000000000000000e+05
8.756363547602424857e-01,4.771513671874999751e+00,1.425006103515625011e-01,2.939999999999999947e+00,0.000000000000000000e+00
8.756571528712043806e-01,4.875504226684570064e+00,1.425006103515625011e-01,2.939999999999999947e+00,3.200000000000000000e+05
8.856304007886495189e-01,9.552632064819336577e+00,1.064750120162963931e+01,2.939999999999999947e+00,0.000000000000000000e+00
8.856511988996114138e-01,9.656622619628906889e+00,1.064750120162963931e+01,2.939999999999999947e+00,3.200000000000000000e+05
8.956244468170565520e-01,4.979494781494140376e+00,1.425006103515625011e-01,2.939999999999999947e+00,0.000000000000000000e+00
8.956452449280184469e-01,5.083485336303710689e+00,1.425006103515625011e-01,2.939999999999999947e+00,3.200000000000000000e+05
9.056184928454635852e-01,9.760613174438477202e+00,1.064750120162963931e+01,2.939999999999999947e+00,0.000000000000000000e+00
9.056392909564254801e-01,9.864603729248047514e+00,1.064750120162963931e+01,2.939999999999999947e+00,3.200000000000000000e+05
9.156125388738706183e-01,5.187475891113281001e+00,1.425006103515625011e-01,2.939999999999999947e+00,0.000000000000000000e+00
9.156333369848325132e-01,5.291466445922851314e+00,1.425006103515625011e-01,2.939999999999999947e+00,3.200000000000000000e+05
9.256065849022776515e-01,9.968594284057617827e+00,1.064750120162963931e+01,2.939999999999999947e+00,0.000000000000000000e+00
9.256273828225046740e-01,1.007258388519287173e+01,1.064750120162963931e+01,2.939999999999999947e+00,3.200000000000000000e+05
9.356006304035280330e-01,5.395457000732421626e+00,1.425006103515625011e-01,2.939999999999999947e+00,0.000000000000000000e+00
9.356214285144899279e-01,5.499447555541991939e+00,1.425006103515625011e-01,2.939999999999999947e+00,3.200000000000000000e+05
9.455946760955132868e-01,1.017657444000244205e+01,1.064750120162963931e+01,2.939999999999999947e+00,0.000000000000000000e+00
9.456154742064751817e-01,1.028056499481201236e+01,1.064750120162963931e+01,2.939999999999999947e+00,3.200000000000000000e+05
9.555887217874985406e-01,5.603438110351562251e+00,1.425006103515625011e-01,2.939999999999999947e+00,0.000000000000000000e+00
9.556095198984604355e-01,5.707428665161132564e+00,1.425006103515625011e-01,2.939999999999999947e+00,3.200000000000000000e+05
9.655827674794837945e-01,1.038455554962158267e+01,1.064750120162963931e+01,2.939999999999999947e+00,0.000000000000000000e+00
9.656035655904456894e-01,1.048854610443115298e+01,1.064750120162963931e+01,2.939999999999999947e+00,3.200000000000000000e+05
9.755768131714690483e-01,5.811419219970702876e+00,1.425006103515625011e-01,2.939999999999999947e+00,0.000000000000000000e+00
9.755976112824309432e-01,5.915409774780273189e+00,1.425006103515625011e-01,2.939999999999999947e+00,3.200000000000000000e+05
9.855708588634543021e-01,1.059253665924072330e+01,1.064750120162963931e+01,2.939999999999999947e+00,0.000000000000000000e+00
9.855916569744161970e-01,1.069652721405029361e+01,1.064750120162963931e+01,2.939999999999999947e+00,3.200000000000000000e+05
9.955649045554395560e-01,6.019400329589843501e+00,1.425006103515625011e-01,2.939999999999999947e+00,0.000000000000000000e+00
9.955857022849317062e-01,6.123388977050781001e+00,1.425006103515625011e-01,2.939999999999999947e+00,3.200000000000000000e+05
1.005558950538798735e+00,1.080051776885986392e+01,1.064750120162963931e+01,2.939999999999999947e+00,0.000000000000000000e+00
1.005579748649760630e+00,1.090450832366943423e+01,1.064750120162963931e+01,2.939999999999999947e+00,3.200000000000000000e+05
1.015552996903627658e+00,6.227379531860351314e+00,1.425006103515625011e-01,2.939999999999999947e+00,0.000000000000000000e+00
1.015573795014589553e+00,6.331370086669921626e+00,1.425006103515625011e-01,2.939999999999999947e+00,3.200000000000000000e+05
1.025547042932034580e+00,1.100849792480468814e+01,1.064750120162963931e+01,2.939999999999999947e+00,0.000000000000000000e+00
1.025567841042996475e+00,1.111248847961425845e+01,1.064750120162963931e+01,2.939999999999999947e+00,3.200000000000000000e+05
1.035541088960441503e+00,6.435360641479491939e+00,1.425006103515625011e-01,2.939999999999999947e+00,0.000000000000000000e+00
1.035561887262138381e+00,6.539352149963378658e+00,1.425006103515625011e-01,2.939999999999999947e+00,3.200000000000000000e+05
1.045535134843161851e+00,1.121647903442382876e+01,1.064750120162963931e+01,2.939999999999999947e+00,0.000000000000000000e+00
1.045555932954123746e+00,1.132046958923339908e+01,1.064750120162963931e+01,2.939999999999999947e+00,3.200000000000000000e+05
1.055529180871568773e+00,6.643341751098632564e+00,1.425006103515625011e-01,2.939999999999999947e+00,0.000000000000000000e+00
1.055549978982530668e+00,6.747332305908202876e+00,1.425006103515625011e-01,2.939999999999999947e+00,3.200000000000000000e+05
1.065523226899975695e+00,1.142446014404296939e+01,1.064750120162963931e+01,2.939999999999999947e+00,0.000000000000000000e+00
1.065544025010937590e+00,1.152845069885253970e+01,1.064750120162963931e+01,2.939999999999999947e+00,3.200000000000000000e+05
1.075517272928382617e+00,6.851322860717773189e+00,1.425006103515625011e-01,2.939999999999999947e+00,0.000000000000000000e+00
1.075538071039344512e+00,6.955313415527343501e+00,1.425006103515625011e-01,2.939999999999999947e+00,3.200000000000000000e+05
1.085511318956789539e+00,1.163244125366211001e+01,1.064750120162963931e+01,2.939999999999999947e+00,0.000000000000000000e+00
1.085532117067751434e+00,1.173643180847168033e+01,1.064750120162963931e+01,2.939999999999999947e+00,3.200000000000000000e+05
1.095505364985196461e+00,7.059303970336913814e+00,1.425006103515625011e-01,2.939999999999999947e+00,0.000000000000000000e+00
1.095526163096158356e+00,7.163294525146484126e+00,1.425006103515625011e-01,2.939999999999999947e+00,3.200000000000000000e+05
1.105499411013603384e+00,1.184042236328125064e+01,1.064750120162963931e+01,2.939999999999999947e+00,0.000000000000000000e+00
1.105520208933830517e+00,1.194441196441650455e+01,1.064750120162963931e+01,2.939999999999999947e+00,3.200000000000000000e+05
1.115493456514853987e+00,7.267285079956054439e+00,1.425006103515625011e-01,2.939999999999999947e+00,0.000000000000000000e+00
1.115514254625815882e+00,7.371275634765624751e+00,1.425006103515625011e-01,2.939999999999999947e+00,3.200000000000000000e+05
1.125487502206839352e+00,1.204840251922607486e+01,1.064750120162963931e+01,2.939999999999999947e+00,0.000000000000000000e+00
1.125508300317801247e+00,1.215239307403564517e+01,1.064750120162963931e+01,2.939999999999999947e+00,3.200000000000000000e+05
1.135481548235246274e+00,7.475265235900878658e+00,1.425006103515625011e-01,2.939999999999999947e+00,0.000000000000000000e+00
1.135502346346208169e+00,7.579255790710448970e+00,1.425006103515625011e-01,2.939999999999999947e+00,3.200000000000000000e+05
1.145475594263653196e+00,1.225638362884521548e+01,1.064750120162963931e+01,2.939999999999999947e+00,0.000000000000000000e+00
1.145496392374615091e+00,1.236037418365478580e+01,1.064750120162963931e+01,2.939999999999999947e+00,3.200000000000000000e+05
1.155469640292060118e+00,7.683246345520019283e+00,1.425006103515625011e-01,2.939999999999999947e+00,0.000000000000000000e+00
1.155490438403022013e+00,7.787236900329589595e+00,1.425006103515625011e-01,2.939999999999999947e+00,3.200000000000000000e+05
1.165463686320467041e+00,1.246436473846435611e+01,1.064750120162963931e+01,2.939999999999999947e+00,0.000000000000000000e+00
1.165484484431428935e+00,1.256835529327392642e+01,1.064750120162963931e+01,2.939999999999999947e+00,3.200000000000000000e+05
1.175457732348873963e+00,7.891227455139159908e+00,1.425006103515625011e-01,2.939999999999999947e+00,0.000000000000000000e+00
1.175478530459835858e+00,7.995218009948730220e+00,1.425006103515625011e-01,2.939999999999999947e+00,3.200000000000000000e+05
1.185451778377280885e+00,1.267234584808349673e+01,1.064750120162963931e+01,2.939999999999999947e+00,0.000000000000000000e+00
1.185472576488242780e+00,1.277633640289306705e+01,1.064750120162963931e+01,2.939999999999999947e+00,3.200000000000000000e+05
1.195445824405687807e+00,8.099208564758301421e+00,1.425006103515625011e-01,2.939999999999999947e+00,0.000000000000000000e+00
1.195466622516649702e+00,8.203199119567871733e+00,1.425006103515625011e-01,2.939999999999999947e+00,3.200000000000000000e+05
1.205439870097673172e+00,1.288032600402832095e+01,1.064750120162963931e+01,2.939999999999999947e+00,0.000000000000000000e+00
1.205460668208635067e+00,1.298431655883789126e+01,1.064750120162963931e+01,2.939999999999999947e+00,3.200000000000000000e+05
1.215433915789658537e+00,8.307189674377442046e+00,1.425006103515625011e-01,2.939999999999999947e+00,0.000000000000000000e+00
1.215454713900620431e+00,8.411180229187012358e+00,1.425006103515625011e-01,2.939999999999999947e+00,3.200000000000000000e+05
1.225427961481643901e+00,1.308830711364746158e+01,1.064750120162963931e+01,2.939999999999999947e+00,0.000000000000000000e+00
1.225448759592605796e+00,1.319229766845703189e+01,1.064750120162963931e+01,2.939999999999999947e+00,3.200000000000000000e+05
1.235422007173629266e+00,8.515170783996582671e+00,1.425006103515625011e-01,2.939999999999999947e+00,0.000000000000000000e+00
1.235442805093856400e+00,8.619160385131836577e+00,1.425006103515625011e-01,2.939999999999999947e+00,3.200000000000000000e+05
1.245416053011301427e+00,1.329628822326660220e+01,1.064750120162963931e+01,2.939999999999999947e+00,0.000000000000000000e+00
1.245436851122263322e+00,1.340027877807617251e+01,1.064750120162963931e+01,2.939999999999999947e+00,3.200000000000000000e+05
1.255410099039708349e+00,8.723150939941406889e+00,1.425006103515625011e-01,2.939999999999999947e+00,0.000000000000000000e+00
1.255430897150670244e+00,8.827141494750977202e+00,1.425006103515625011e-01,2.939999999999999947e+00,3.200000000000000000e+05
1.265404145068115271e+00,1.350426933288574283e+01,1.064750120162963931e+01,2.939999999999999947e+00,0.000000000000000000e+00
1.265424943179077166e+00,1.360825988769531314e+01,1.064750120162963931e+01,2.939999999999999947e+00,3.200000000000000000e+05
1.275398191096522194e+00,8.931132049560547514e+00,1.425006103515625011e-01,2.939999999999999947e+00,0.000000000000000000e+00
1.275418989207484088e+00,9.035122604370117827e+00,1.425006103515625011e-01,2.939999999999999947e+00,3.200000000000000000e+05
1.285392237124929116e+00,1.371225044250488345e+01,1.064750120162963931e+01,2.939999999999999947e+00,0.000000000000000000e+00
1.285413035045156249e+00,1.381624004364013736e+01,1.064750120162963931e+01,2.939999999999999947e+00,3.200000000000000000e+05
1.295386282626179719e+00,9.139113159179688139e+00,1.425006103515625011e-01,2.939999999999999947e+00,0.000000000000000000e+00
1.295407080737141614e+00,9.243103713989258452e+00,1.425006103515625011e-01,2.939999999999999947e+00,3.200000000000000000e+05
1.305380328318165084e+00,1.392023059844970767e+01,1.064750120162963931e+01,2.939999999999999947e+00,0.000000000000000000e+00
1.305401126429126979e+00,1.402422115325927798e+01,1.064750120162963931e+01,2.939999999999999947e+00,3.200000000000000000e+05
1.315374374010150449e+00,9.347094268798828764e+00,1.425006103515625011e-01,2.939999999999999947e+00,0.000000000000000000e+00
1.315395172121112344e+00,9.451084823608399077e+00,1.425006103515625011e-01,2.939999999999999947e+00,3.200000000000000000e+05
1.325368419702135814e+00,1.412821170806884830e+01,1.064750120162963931e+01,2.939999999999999947e+00,0.000000000000000000e+00
1.325389217813097709e+00,1.423220226287841861e+01,1.064750120162963931e+01,2.939999999999999947e+00,3.200000000000000000e+05
1.335362465730542736e+00,9.555074424743652983e+00,1.425006103515625011e-01,2.939999999999999947e+00,0.000000000000000000e+00
1.335383263841504631e+00,9.659064979553223296e+00,1.425006103515625011e-01,2.939999999999999947e+00,3.200000000000000000e+05
1.345356511758949658e+00,1.433619281768798892e+01,1.064750120162963931e+01,2.939999999999999947e+00,0.000000000000000000e+00
1.345377309869911553e+00,1.444018337249755923e+01,1.064750120162963931e+01,2.939999999999999947e+00,3.200000000000000000e+05
1.355350557787356580e+00,9.763055534362793608e+00,1.425006103515625011e-01,2.939999999999999947e+00,0.000000000000000000e+00
1.355371355898318475e+00,9.867046089172363921e+00,1.425006103515625011e-01,2.939999999999999947e+00,3.200000000000000000e+05
1.365344603815763502e+00,1.454417392730712955e+01,1.064750120162963931e+01,2.939999999999999947e+00,0.000000000000000000e+00
1.365365401735990636e+00,1.464816352844238345e+01,1.064750120162963931e+01,2.939999999999999947e+00,3.200000000000000000e+05
1.375338649317014106e+00,9.971036643981934233e+00,1.425006103515625011e-01,2.939999999999999947e+00,0.000000000000000000e+00
1.375359447427976001e+00,1.007502719879150455e+01,1.425006103515625011e-01,2.939999999999999947e+00,3.200000000000000000e+05
1.385332695008999471e+00,1.475215408325195376e+01,1.064750120162963931e+01,2.939999999999999947e+00,0.000000000000000000e+00
1.385353493119961366e+00,1.485614463806152408e+01,1.064750120162963931e+01,2.939999999999999947e+00,3.200000000000000000e+05
1.395326740700984836e+00,1.017901775360107486e+01,1.425006103515625011e-01,2.939999999999999947e+00,0.000000000000000000e+00
1.395347538811946730e+00,1.028300830841064517e+01,1.425006103515625011e-01,2.939999999999999947e+00,3.200000000000000000e+05
1.405320786392970200e+00,1.496013519287109439e+01,1.064750120162963931e+01,2.939999999999999947e+00,0.000000000000000000e+00
1.405341584503932095e+00,1.506412574768066470e+01,1.064750120162963931e+01,2.939999999999999947e+00,3.200000000000000000e+05
1.415314832084955565e+00,1.038699886322021548e+01,1.425006103515625011e-01,2.939999999999999947e+00,0.000000000000000000e+00
1.415335630005182699e+00,1.049098846435546939e+01,1.425006103515625011e-01,2.939999999999999947e+00,3.200000000000000000e+05
1.425308877922627726e+00,1.516811630249023501e+01,1.064750120162963931e+01,2.939999999999999947e+00,0.000000000000000000e+00
1.425329676033589621e+00,1.527210685729980533e+01,1.064750120162963931e+01,2.939999999999999947e+00,3.200000000000000000e+05
1.435302923951034648e+00,1.059497901916503970e+01,1.425006103515625011e-01,2.939999999999999947e+00,0.000000000000000000e+00
1.435323722061996543e+00,1.069896957397461001e+01,1.425006103515625011e-01,2.939999999999999947e+00,3.200000000000000000e+05
1.445296969979441570e+00,1.537609741210937564e+01,1.064750120162963931e+01,2.939999999999999947e+00,0.000000000000000000e+00
1.445317768090403465e+00,1.548008796691894595e+01,1.064750120162963931e+01,2.939999999999999947e+00,3.200000000000000000e+05
1.455291016007848492e+00,1.080296012878418033e+01,1.425006103515625011e-01,2.939999999999999947e+00,0.000000000000000000e+00
1.455311814118810387e+00,1.090695068359375064e+01,1.425006103515625011e-01,2.939999999999999947e+00,3.200000000000000000e+05
1.465285061699833857e+00,1.558407756805419986e+01,1.064750120162963931e+01,2.939999999999999947e+00,0.000000000000000000e+00
1.465305859810795752e+00,1.568806812286377017e+01,1.064750120162963931e+01,2.939999999999999947e+00,3.200000000000000000e+05
1.475279107391819222e+00,1.101094123840332095e+01,1.425006103515625011e-01,2.939999999999999947e+00,0.000000000000000000e+00
1.475299905502781117e+00,1.111493179321289126e+01,1.425006103515625011e-01,2.939999999999999947e+00,3.200000000000000000e+05
1.485273153083804587e+00,1.579205867767334048e+01,1.064750120162963931e+01,2.939999999999999947e+00,0.000000000000000000e+00
1.485293951194766482e+00,1.589604923248291080e+01,1.064750120162963931e+01,2.939999999999999947e+00,3.200000000000000000e+05
1.495267198775789952e+00,1.121892234802246158e+01,1.425006103515625011e-01,2.939999999999999947e+00,0.000000000000000000e+00
1.495287996886751847e+00,1.132291290283203189e+01,1.425006103515625011e-01,2.939999999999999947e+00,3.200000000000000000e+05
1.505261244467775317e+00,1.600003978729247933e+01,1.064750120162963931e+01,2.939999999999999947e+00,0.000000000000000000e+00
1.505282042578737212e+00,1.610403034210204964e+01,1.064750120162963931e+01,2.939999999999999947e+00,3.200000000000000000e+05
1.515255290496182239e+00,1.142690250396728580e+01,1.425006103515625011e-01,2.939999999999999947e+00,0.000000000000000000e+00
1.515276088607144134e+00,1.153089305877685611e+01,1.425006103515625011e-01,2.939999999999999947e+00,3.200000000000000000e+05
1.525249336524589161e+00,1.620802089691161996e+01,1.064750120162963931e+01,2.939999999999999947e+00,0.000000000000000000e+00
1.525270134635551056e+00,1.631201145172119027e+01,1.064750120162963931e+01,2.939999999999999947e+00,3.200000000000000000e+05
1.535243382552996083e+00,1.163488361358642642e+01,1.425006103515625011e-01,2.939999999999999947e+00,0.000000000000000000e+00
1.535264180663957978e+00,1.173887416839599673e+01,1.425006103515625011e-01,2.939999999999999947e+00,3.200000000000000000e+05
1.545237428581403005e+00,1.641600200653076058e+01,1.064750120162963931e+01,2.939999999999999947e+00,0.000000000000000000e+00
1.545258226692364900e+00,1.651999256134033089e+01,1.064750120162963931e+01,2.939999999999999947e+00,3.200000000000000000e+05
1.555231474609809927e+00,1.184286472320556705e+01,1.425006103515625011e-01,2.939999999999999947e+00,0.000000000000000000e+00
1.555252272720771822e+00,1.194685527801513736e+01,1.425006103515625011e-01,2.939999999999999947e+00,3.200000000000000000e+05
1.565225520638216850e+00,1.662398311614990121e+01,1.064750120162963931e+01,2.939999999999999947e+00,0.000000000000000000e+00
1.565246318749178744e+00,1.672797367095947152e+01,1.064750120162963931e+01,2.939999999999999947e+00,3.200000000000000000e+05
1.575219566666623772e+00,1.205084583282470767e+01,1.425006103515625011e-01,2.939999999999999947e+00,0.000000000000000000e+00
1.575240364777585667e+00,1.215483638763427798e+01,1.425006103515625011e-01,2.939999999999999947e+00,3.200000000000000000e+05
1.585213612695030694e+00,1.683196422576904183e+01,1.064750120162963931e+01,2.939999999999999947e+00,0.000000000000000000e+00
1.585234410424522844e+00,1.693595287322997933e+01,1.064750120162963931e+01,2.939999999999999947e+00,3.200000000000000000e+05
1.595207657669124535e+00,1.225882694244384830e+01,1.425006103515625011e-01,2.939999999999999947e+00,0.000000000000000000e+00
1.595228455589351668e+00,1.236281654357910220e+01,1.425006103515625011e-01,2.939999999999999947e+00,3.200000000000000000e+05
1.605201703170375138e+00,1.703994342803954964e+01,1.064750120162963931e+01,2.939999999999999947e+00,0.000000000000000000e+00
1.605222501281337033e+00,1.714393398284911996e+01,1.064750120162963931e+01,2.939999999999999947e+00,3.200000000000000000e+05
1.615195748862360503e+00,1.246680709838867251e+01,1.425006103515625011e-01,2.939999999999999947e+00,0.000000000000000000e+00
1.615216546973322398e+00,1.257079765319824283e+01,1.425006103515625011e-01,2.939999999999999947e+00,3.200000000000000000e+05
1.625189794554345868e+00,1.724792453765869027e+01,1.064750120162963931e+01,2.939999999999999947e+00,0.000000000000000000e+00
1.625210592665307763e+00,1.735191509246826058e+01,1.064750120162963931e+01,2.939999999999999947e+00,3.200000000000000000e+05
1.635183840246331233e+00,1.267478820800781314e+01,1.425006103515625011e-01,2.939999999999999947e+00,0.000000000000000000e+00
1.635204638357293128e+00,1.277877876281738345e+01,1.425006103515625011e-01,2.939999999999999947e+00,3.200000000000000000e+05
1.645177885938316598e+00,1.745590564727783089e+01,1.064750120162963931e+01,2.939999999999999947e+00,0.000000000000000000e+00
1.645198684049278492e+00,1.755989620208740121e+01,1.064750120162963931e+01,2.939999999999999947e+00,3.200000000000000000e+05
1.655171931630301962e+00,1.288276931762695376e+01,1.425006103515625011e-01,2.939999999999999947e+00,0.000000000000000000e+00
1.655192729741263857e+00,1.298675987243652408e+01,1.425006103515625011e-01,2.939999999999999947e+00,3.200000000000000000e+05
1.665165977322287327e+00,1.766388675689697152e+01,1.064750120162963931e+01,2.939999999999999947e+00,0.000000000000000000e+00
1.665186775433249222e+00,1.776787731170654183e+01,1.064750120162963931e+01,2.939999999999999947e+00,3.200000000000000000e+05
1.675160023014272692e+00,1.309075042724609439e+01,1.425006103515625011e-01,2.939999999999999947e+00,0.000000000000000000e+00
1.675180820934499826e+00,1.319474002838134830e+01,1.425006103515625011e-01,2.939999999999999947e+00,3.200000000000000000e+05
1.685154068851944853e+00,1.787186786651611214e+01,1.064750120162963931e+01,2.939999999999999947e+00,0.000000000000000000e+00
1.685174866962906748e+00,1.797585842132568246e+01,1.064750120162963931e+01,2.939999999999999947e+00,3.200000000000000000e+05
1.695148114880351775e+00,1.329873058319091861e+01,1.425006103515625011e-01,2.939999999999999947e+00,0.000000000000000000e+00
1.695168912991313670e+00,1.340272113800048892e+01,1.425006103515625011e-01,2.939999999999999947e+00,3.200000000000000000e+05
1.705142160908758697e+00,1.807984897613525277e+01,1.064750120162963931e+01,2.939999999999999947e+00,0.000000000000000000e+00
1.705162959019720592e+00,1.818383953094482308e+01,1.064750120162963931e+01,2.939999999999999947e+00,3.200000000000000000e+05
1.715136206937165619e+00,1.350671169281005923e+01,1.425006103515625011e-01,2.939999999999999947e+00,0.000000000000000000e+00
1.715157005048127514e+00,1.361070224761962955e+01,1.425006103515625011e-01,2.939999999999999947e+00,3.200000000000000000e+05
1.725130252965572542e+00,1.828783008575439339e+01,1.064750120162963931e+01,2.939999999999999947e+00,0.000000000000000000e+00
1.725151051076534436e+00,1.839182064056396371e+01,1.064750120162963931e+01,2.939999999999999947e+00,3.200000000000000000e+05
1.735124298993979464e+00,1.371469280242919986e+01,1.425006103515625011e-01,2.939999999999999947e+00,0.000000000000000000e+00
1.735145097104941359e+00,1.381868335723877017e+01,1.425006103515625011e-01,2.939999999999999947e+00,3.200000000000000000e+05
1.745118345022386386e+00,1.849581119537353402e+01,1.064750120162963931e+01,2.939999999999999947e+00,0.000000000000000000e+00
1.745139143133348281e+00,1.859980175018310433e+01,1.064750120162963931e+01,2.939999999999999947e+00,3.200000000000000000e+05
1.755112391050793308e+00,1.392267391204834048e+01,1.425006103515625011e-01,2.939999999999999947e+00,0.000000000000000000e+00
1.755133189161755203e+00,1.402666446685791080e+01,1.425006103515625011e-01,2.939999999999999947e+00,3.200000000000000000e+05
1.765106437079200230e+00,1.870379230499267464e+01,1.064750120162963931e+01,2.939999999999999947e+00,0.000000000000000000e+00
1.765127234808692380e+00,1.880778095245361214e+01,1.064750120162963931e+01,2.939999999999999947e+00,3.200000000000000000e+05
1.775100482389715850e+00,1.413065406799316470e+01,1.425006103515625011e-01,2.939999999999999947e+00,0.000000000000000000e+00
1.775121280500677745e+00,1.423464462280273501e+01,1.425006103515625011e-01,2.939999999999999947e+00,3.200000000000000000e+05
1.785094528081701215e+00,1.891177150726318246e+01,1.064750120162963931e+01,2.939999999999999947e+00,0.000000000000000000e+00
1.785115326192663110e+00,1.901576206207275277e+01,1.064750120162963931e+01,2.939999999999999947e+00,3.200000000000000000e+05
1.795088573773686580e+00,1.433863517761230533e+01,1.425006103515625011e-01,2.939999999999999947e+00,0.000000000000000000e+00
1.795109371884648475e+00,1.444262573242187564e+01,1.425006103515625011e-01,2.939999999999999947e+00,3.200000000000000000e+05
1.805082619465671945e+00,1.911975261688232308e+01,1.064750120162963931e+01,2.939999999999999947e+00,0.000000000000000000e+00
1.805103417576633840e+00,1.922374317169189339e+01,1.064750120162963931e+01,2.939999999999999947e+00,3.200000000000000000e+05
1.815076665157657310e+00,1.454661628723144595e+01,1.425006103515625011e-01,2.939999999999999947e+00,0.000000000000000000e+00
1.815097463268619205e+00,1.465060684204101626e+01,1.425006103515625011e-01,2.939999999999999947e+00,3.200000000000000000e+05
1.825070710849642674e+00,1.932773372650146371e+01,1.064750120162963931e+01,2.939999999999999947e+00,0.000000000000000000e+00
1.825091508960604569e+00,1.943172428131103402e+01,1.064750120162963931e+01,2.939999999999999947e+00,3.200000000000000000e+05
1.835064756541628039e+00,1.475459739685058658e+01,1.425006103515625011e-01,2.939999999999999947e+00,0.000000000000000000e+00
1.835085554652589934e+00,1.485858795166015689e+01,1.425006103515625011e-01,2.939999999999999947e+00,3.200000000000000000e+05
1.845058802233613404e+00,1.953571483612060433e+01,1.064750120162963931e+01,2.939999999999999947e+00,0.000000000000000000e+00
1.845079600344575299e+00,1.963970539093017464e+01,1.064750120162963931e+01,2.939999999999999947e+00,3.200000000000000000e+05
1.855052847925598769e+00,1.496257850646972720e+01,1.425006103515625011e-01,2.939999999999999947e+00,0.000000000000000000e+00
1.855073645845825903e+00,1.506656810760498111e+01,1.425006103515625011e-01,2.939999999999999947e+00,3.200000000000000000e+05
1.865046893763270930e+00,1.974369594573974496e+01,1.064750120162963931e+01,2.939999999999999947e+00,0.000000000000000000e+00
1.865067691874232825e+00,1.984768650054931527e+01,1.064750120162963931e+01,2.939999999999999947e+00,3.200000000000000000e+05
1.875040939791677852e+00,1.517055866241455142e+01,1.425006103515625011e-01,2.939999999999999947e+00,0.000000000000000000e+00
1.875061737902639747e+00,1.527454921722412173e+01,1.425006103515625011e-01,2.939999999999999947e+00,3.200000000000000000e+05
1.885034985820084774e+00,1.995167705535888558e+01,1.064750120162963931e+01,2.939999999999999947e+00,0.000000000000000000e+00
1.885055783931046669e+00,2.005566761016845589e+01,1.064750120162963931e+01,2.939999999999999947e+00,3.200000000000000000e+05
1.895029031848491696e+00,1.537853977203369205e+01,1.425006103515625011e-01,2.939999999999999947e+00,0.000000000000000000e+00
1.895049829959453591e+00,1.548253032684326236e+01,1.425006103515625011e-01,2.939999999999999947e+00,3.200000000000000000e+05
1.905023077876898618e+00,2.015965816497802621e+01,1.064750120162963931e+01,2.939999999999999947e+00,0.000000000000000000e+00
1.905043875987860513e+00,2.026364871978759652e+01,1.064750120162963931e+01,2.939999999999999947e+00,3.200000000000000000e+05
1.915017123905305541e+00,1.558652088165283267e+01,1.425006103515625011e-01,2.939999999999999947e+00,0.000000000000000000e+00
1.915037922016267435e+00,1.569051143646240298e+01,1.425006103515625011e-01,2.939999999999999947e+00,3.200000000000000000e+05
1.925011169933712463e+00,2.036763927459716683e+01,1.064750120162963931e+01,2.939999999999999947e+00,0.000000000000000000e+00
1.925031968044674358e+00,2.047162982940673714e+01,1.064750120162963931e+01,2.939999999999999947e+00,3.200000000000000000e+05
1.935005215962119385e+00,1.579450199127197330e+01,1.425006103515625011e-01,2.939999999999999947e+00,0.000000000000000000e+00
1.935026014073081280e+00,1.589849254608154361e+01,1.425006103515625011e-01,2.939999999999999947e+00,3.200000000000000000e+05
1.944999261990526307e+00,2.057562038421630746e+01,1.064750120162963931e+01,2.939999999999999947e+00,0.000000000000000000e+00
1.945020059720018457e+00,2.067960903167724496e+01,1.064750120162963931e+01,2.939999999999999947e+00,3.200000000000000000e+05
1.954993307301041927e+00,1.600248214721679574e+01,1.425006103515625011e-01,2.939999999999999947e+00,0.000000000000000000e+00
1.955014105412003822e+00,1.610647270202636605e+01,1.425006103515625011e-01,2.939999999999999947e+00,3.200000000000000000e+05
1.964987352993027292e+00,2.078359958648681527e+01,1.064750120162963931e+01,2.939999999999999947e+00,0.000000000000000000e+00
1.965008151103989187e+00,2.088759014129638558e+01,1.064750120162963931e+01,2.939999999999999947e+00,3.200000000000000000e+05
1.974981398348590877e+00,1.621046421051025277e+01,1.425006103515625011e-01,2.939999999999999947e+00,0.000000000000000000e+00
1.975002196459552772e+00,1.631445476531982308e+01,1.425006103515625011e-01,2.939999999999999947e+00,3.200000000000000000e+05
1.984975443704154463e+00,2.099158069610595589e+01,1.064750120162963931e+01,2.939999999999999947e+00,0.000000000000000000e+00
1.984996241815116358e+00,2.109557125091552621e+01,1.064750120162963931e+01,2.939999999999999947e+00,3.200000000000000000e+05
1.994969489732561385e+00,1.641844341278076058e+01,1.425006103515625011e-01,2.939999999999999947e+00,0.000000000000000000e+00
1.994990287843523280e+00,1.652243396759033089e+01,1.425006103515625011e-01,2.939999999999999947e+00,3.200000000000000000e+05
2.004963535760968529e+00,2.119956180572509652e+01,1.064750120162963931e+01,2.939999999999999947e+00,0.000000000000000000e+00
2.004984333871930424e+00,2.130355236053466683e+01,1.064750120162963931e+01,2.939999999999999947e+00,3.200000000000000000e+05
2.014957581789375674e+00,1.662642452239990121e+01,1.425006103515625011e-01,2.939999999999999947e+00,0.000000000000000000e+00
2.014978379900337568e+00,1.673041507720947152e+01,1.425006103515625011e-01,2.939999999999999947e+00,3.200000000000000000e+05
2.024951627817782818e+00,2.140754291534423714e+01,1.064750120162963931e+01,2.939999999999999947e+00,0.000000000000000000e+00
2.024972425916823582e+00,2.151153341054916268e+01,1.064750120162963931e+01,2.939999999999999947e+00,3.200000000000000000e+05
2.034945673813242539e+00,1.683440563201904183e+01,1.425006103515625011e-01,2.939999999999999947e+00,0.000000000000000000e+00
2.034966471924204434e+00,1.693839618682861214e+01,1.425006103515625011e-01,2.939999999999999947e+00,3.200000000000000000e+05
2.044939719820623392e+00,2.161552396535873299e+01,1.064750120162963931e+01,2.939999999999999947e+00,0.000000000000000000e+00
2.044960517931585287e+00,2.171951452016830331e+01,1.064750120162963931e+01,2.939999999999999947e+00,3.200000000000000000e+05
2.054933765828004244e+00,1.704238674163818246e+01,1.425006103515625011e-01,2.939999999999999947e+00,0.000000000000000000e+00
2.054954563938966139e+00,1.714637729644775277e+01,1.425006103515625011e-01,2.939999999999999947e+00,3.200000000000000000e+05
2.064927811835385096e+00,2.182350507497787362e+01,1.064750120162963931e+01,2.939999999999999947e+00,0.000000000000000000e+00
2.064948609946346991e+00,2.192749562978744393e+01,1.064750120162963931e+01,2.939999999999999947e+00,3.200000000000000000e+05
2.074921857842765949e+00,1.725036785125732308e+01,1.425006103515625011e-01,2.939999999999999947e+00,0.000000000000000000e+00
2.074942655953727844e+00,1.735435840606689339e+01,1.425006103515625011e-01,2.939999999999999947e+00,3.200000000000000000e+05
2.084915903860659725e+00,2.203148621439933663e+01,1.064750120162963931e+01,2.939999999999999947e+00,0.000000000000000000e+00
2.084936701971621620e+00,2.213547676920890694e+01,1.064750120162963931e+01,2.939999999999999947e+00,3.200000000000000000e+05
2.094909949878553501e+00,1.745834896087646371e+01,1.425006103515625011e-01,2.939999999999999947e+00,0.000000000000000000e+00
2.094930747989515396e+00,1.756233951568603402e+01,1.425006103515625011e-01,2.939999999999999947e+00,3.200000000000000000e+05
2.104903995896447277e+00,2.223946732401847726e+01,1.064750120162963931e+01,2.939999999999999947e+00,0.000000000000000000e+00
2.104924794004428890e+00,2.234345786392688638e+01,1.064750120162963931e+01,2.939999999999999947e+00,3.200000000000000000e+05
2.114898041906104087e+00,1.766633007049560433e+01,1.425006103515625011e-01,2.939999999999999947e+00,0.000000000000000000e+00
2.114918840017065982e+00,1.777032062530517464e+01,1.425006103515625011e-01,2.939999999999999947e+00,3.200000000000000000e+05
2.124892087248526185e+00,2.244744651883840447e+01,1.064750120162963931e+01,2.939999999999999947e+00,0.000000000000000000e+00
2.124912885359488079e+00,2.255143707364797478e+01,1.064750120162963931e+01,2.939999999999999947e+00,3.200000000000000000e+05
2.134886132590948282e+00,1.787431118011474496e+01,1.425006103515625011e-01,2.939999999999999947e+00,0.000000000000000000e+00
2.134906930701910177e+00,1.797830173492431527e+01,1.425006103515625011e-01,2.939999999999999947e+00,3.200000000000000000e+05
2.144880177930742260e+00,2.265542762100696450e+01,1.064750120162963931e+01,2.939999999999999947e+00,0.000000000000000000e+00
2.144900976044684437e+00,2.275941819071769601e+01,1.064750120162963931e+01,2.939999999999999947e+00,3.200000000000000000e+05
2.154874223278772760e+00,1.808229228973388558e+01,1.425006103515625011e-01,2.939999999999999947e+00,0.000000000000000000e+00
2.154895021389734655e+00,1.818628284454345589e+01,1.425006103515625011e-01,2.939999999999999947e+00,3.200000000000000000e+05
2.164868268623822978e+00,2.286340874552726632e+01,1.064750120162963931e+01,2.939999999999999947e+00,0.000000000000000000e+00
2.164889066734784873e+00,2.296739930033683663e+01,1.064750120162963931e+01,2.939999999999999947e+00,3.200000000000000000e+05
2.174862314641716754e+00,1.829027149200439339e+01,1.425006103515625011e-01,2.939999999999999947e+00,0.000000000000000000e+00
2.174883112752678649e+00,1.839426204681396371e+01,1.425006103515625011e-01,2.939999999999999947e+00,3.200000000000000000e+05
2.184856360649097606e+00,2.307138982534408456e+01,1.064750120162963931e+01,2.939999999999999947e+00,0.000000000000000000e+00
2.184877158760059501e+00,2.317538038015365487e+01,1.064750120162963931e+01,2.939999999999999947e+00,3.200000000000000000e+05
2.194850406656478459e+00,1.849825260162353402e+01,1.425006103515625011e-01,2.939999999999999947e+00,0.000000000000000000e+00
2.194871204767440354e+00,1.860224315643310433e+01,1.425006103515625011e-01,2.939999999999999947e+00,3.200000000000000000e+05
2.204844452663859311e+00,2.327937093496322518e+01,1.064750120162963931e+01,2.939999999999999947e+00,0.000000000000000000e+00
2.204865250774821206e+00,2.338336148977279549e+01,1.064750120162963931e+01,2.939999999999999947e+00,3.200000000000000000e+05
2.214838498671240163e+00,1.870623371124267464e+01,1.425006103515625011e-01,2.939999999999999947e+00,0.000000000000000000e+00
2.214859296782202058e+00,1.881022426605224496e+01,1.425006103515625011e-01,2.939999999999999947e+00,3.200000000000000000e+05
2.224832544678621016e+00,2.348735204458236581e+01,1.064750120162963931e+01,2.939999999999999947e+00,0.000000000000000000e+00
2.224853342801504041e+00,2.359134265899658089e+01,1.064750120162963931e+01,2.939999999999999947e+00,3.200000000000000000e+05
2.234826590718949291e+00,1.891421482086181527e+01,1.425006103515625011e-01,2.939999999999999947e+00,0.000000000000000000e+00
2.234847388829911186e+00,1.901820537567138558e+01,1.425006103515625011e-01,2.939999999999999947e+00,3.200000000000000000e+05
2.244820636747356435e+00,2.369533321380615121e+01,1.064750120162963931e+01,2.939999999999999947e+00,0.000000000000000000e+00
2.244841434858318330e+00,2.379932376861572152e+01,1.064750120162963931e+01,2.939999999999999947e+00,3.200000000000000000e+05
2.254814682775763579e+00,1.912219593048095589e+01,1.425006103515625011e-01,2.939999999999999947e+00,0.000000000000000000e+00
2.254835480886725474e+00,1.922618648529052621e+01,1.425006103515625011e-01,2.939999999999999947e+00,3.200000000000000000e+05
2.264808728804170723e+00,2.390331432342529183e+01,1.064750120162963931e+01,2.939999999999999947e+00,0.000000000000000000e+00
2.264829526915132618e+00,2.400730487823486214e+01,1.064750120162963931e+01,2.939999999999999947e+00,3.200000000000000000e+05
2.274802774832577867e+00,1.933017704010009652e+01,1.425006103515625011e-01,2.939999999999999947e+00,0.000000000000000000e+00
2.274823572943539762e+00,1.943416759490966683e+01,1.425006103515625011e-01,2.939999999999999947e+00,3.200000000000000000e+05
2.284796820860985012e+00,2.411129543304443246e+01,1.064750120162963931e+01,2.939999999999999947e+00,0.000000000000000000e+00
2.284817618971946906e+00,2.421528598785400277e+01,1.064750120162963931e+01,2.939999999999999947e+00,3.200000000000000000e+05
2.294790866889392156e+00,1.953815814971923714e+01,1.425006103515625011e-01,2.939999999999999947e+00,0.000000000000000000e+00
2.294811665000354051e+00,1.964214870452880746e+01,1.425006103515625011e-01,2.939999999999999947e+00,3.200000000000000000e+05
2.304784912244955741e+00,2.431927463531494027e+01,1.064750120162963931e+01,2.939999999999999947e+00,0.000000000000000000e+00
2.304805710355917636e+00,2.442326519012451058e+01,1.064750120162963931e+01,2.939999999999999947e+00,3.200000000000000000e+05
2.314778957600519327e+00,1.974613925933837777e+01,1.425006103515625011e-01,2.939999999999999947e+00,0.000000000000000000e+00
2.314799755711481222e+00,1.985012981414794808e+01,1.425006103515625011e-01,2.939999999999999947e+00,3.200000000000000000e+05
2.324773002956082912e+00,2.452725574493408089e+01,1.064750120162963931e+01,2.939999999999999947e+00,0.000000000000000000e+00
2.324793801067044807e+00,2.463124629974365121e+01,1.064750120162963931e+01,2.939999999999999947e+00,3.200000000000000000e+05
2.334767048311646498e+00,1.995412036895751839e+01,1.425006103515625011e-01,2.939999999999999947e+00,0.000000000000000000e+00
2.334787846041138870e+00,2.005810901641845589e+01,1.425006103515625011e-01,2.939999999999999947e+00,3.200000000000000000e+05
2.344761093958584119e+00,2.473523685455322152e+01,1.064750120162963931e+01,2.939999999999999947e+00,0.000000000000000000e+00
2.344781892069546014e+00,2.483922740936279183e+01,1.064750120162963931e+01,2.939999999999999947e+00,3.200000000000000000e+05
2.354755139986991264e+00,2.016209957122802621e+01,1.425006103515625011e-01,2.939999999999999947e+00,0.000000000000000000e+00
2.354775938097953158e+00,2.026609012603759652e+01,1.425006103515625011e-01,2.939999999999999947e+00,3.200000000000000000e+05
2.364749186015398408e+00,2.494321796417236214e+01,1.064750120162963931e+01,2.939999999999999947e+00,0.000000000000000000e+00
2.364769984126360303e+00,2.504720851898193246e+01,1.064750120162963931e+01,2.939999999999999947e+00,3.200000000000000000e+05
2.374743232043805552e+00,2.037008068084716683e+01,1.425006103515625011e-01,2.939999999999999947e+00,0.000000000000000000e+00
2.374764030154767447e+00,2.047407123565673714e+01,1.425006103515625011e-01,2.939999999999999947e+00,3.200000000000000000e+05
2.384737278072212696e+00,2.515119907379150277e+01,1.064750120162963931e+01,2.939999999999999947e+00,0.000000000000000000e+00
2.384758076183174591e+00,2.525518962860107308e+01,1.064750120162963931e+01,2.939999999999999947e+00,3.200000000000000000e+05
2.394731324100619840e+00,2.057806179046630746e+01,1.425006103515625011e-01,2.939999999999999947e+00,0.000000000000000000e+00
2.394752122211581735e+00,2.068205234527587777e+01,1.425006103515625011e-01,2.939999999999999947e+00,3.200000000000000000e+05
2.404725370129026985e+00,2.535918018341064339e+01,1.064750120162963931e+01,2.939999999999999947e+00,0.000000000000000000e+00
2.404746168239988879e+00,2.546317073822021371e+01,1.064750120162963931e+01,2.939999999999999947e+00,3.200000000000000000e+05
2.414719416157434129e+00,2.078604290008544808e+01,1.425006103515625011e-01,2.939999999999999947e+00,0.000000000000000000e+00
2.414740214268396024e+00,2.089003345489501839e+01,1.425006103515625011e-01,2.939999999999999947e+00,3.200000000000000000e+05
2.424713462185841273e+00,2.556716129302978402e+01,1.064750120162963931e+01,2.939999999999999947e+00,0.000000000000000000e+00
2.424734260296803168e+00,2.567115184783935433e+01,1.064750120162963931e+01,2.939999999999999947e+00,3.200000000000000000e+05
2.434707508214248417e+00,2.099402400970458871e+01,1.425006103515625011e-01,2.939999999999999947e+00,0.000000000000000000e+00
2.434728306325210312e+00,2.109801456451415902e+01,1.425006103515625011e-01,2.939999999999999947e+00,3.200000000000000000e+05
2.444701554242655561e+00,2.577514240264892464e+01,1.064750120162963931e+01,2.939999999999999947e+00,0.000000000000000000e+00
2.444722352353617456e+00,2.587913295745849496e+01,1.064750120162963931e+01,2.939999999999999947e+00,3.200000000000000000e+05
2.454695600271062705e+00,2.120200511932372933e+01,1.425006103515625011e-01,2.939999999999999947e+00,0.000000000000000000e+00
2.454716398382024600e+00,2.130599567413329964e+01,1.425006103515625011e-01,2.939999999999999947e+00,3.200000000000000000e+05
2.464689646299469850e+00,2.598312351226806527e+01,1.064750120162963931e+01,2.939999999999999947e+00,0.000000000000000000e+00
2.464710444028962222e+00,2.608711215972900277e+01,1.064750120162963931e+01,2.939999999999999947e+00,3.200000000000000000e+05
2.474683691273563912e+00,2.140998622894286996e+01,1.425006103515625011e-01,2.939999999999999947e+00,0.000000000000000000e+00
2.474704489372604677e+00,2.151397672414779549e+01,1.425006103515625011e-01,2.939999999999999947e+00,3.200000000000000000e+05
2.484677736638232659e+00,2.619110271453857308e+01,1.064750120162963931e+01,2.939999999999999947e+00,0.000000000000000000e+00
2.484698534749194554e+00,2.629509326934814339e+01,1.064750120162963931e+01,2.939999999999999947e+00,3.200000000000000000e+05
2.494671782014822536e+00,2.161796727895736581e+01,1.425006103515625011e-01,2.939999999999999947e+00,0.000000000000000000e+00
2.494692580125784431e+00,2.172195783376693612e+01,1.425006103515625011e-01,2.939999999999999947e+00,3.200000000000000000e+05
2.504665827391412414e+00,2.639908382415771371e+01,1.064750120162963931e+01,2.939999999999999947e+00,0.000000000000000000e+00
2.504686625502374309e+00,2.650307437896728402e+01,1.064750120162963931e+01,2.939999999999999947e+00,3.200000000000000000e+05
2.514659872768002291e+00,2.182594838857650643e+01,1.425006103515625011e-01,2.939999999999999947e+00,0.000000000000000000e+00
2.514680670497494663e+00,2.192993703603744393e+01,1.425006103515625011e-01,2.939999999999999947e+00,3.200000000000000000e+05
2.524653918435966204e+00,2.660706493377685433e+01,1.064750120162963931e+01,2.939999999999999947e+00,0.000000000000000000e+00
2.524674716546928099e+00,2.671105548858642464e+01,1.064750120162963931e+01,2.939999999999999947e+00,3.200000000000000000e+05
2.534647964474886273e+00,2.203392762064933663e+01,1.425006103515625011e-01,2.939999999999999947e+00,0.000000000000000000e+00
2.534668762585848167e+00,2.213791817545890694e+01,1.425006103515625011e-01,2.939999999999999947e+00,3.200000000000000000e+05
2.544642010513806341e+00,2.681504604339599496e+01,1.064750120162963931e+01,2.939999999999999947e+00,0.000000000000000000e+00
2.544662808624768235e+00,2.691903659820556527e+01,1.064750120162963931e+01,2.939999999999999947e+00,3.200000000000000000e+05
2.554636056552726409e+00,2.224190873026847726e+01,1.425006103515625011e-01,2.939999999999999947e+00,0.000000000000000000e+00
2.554656854660708021e+00,2.234589927017688638e+01,1.425006103515625011e-01,2.939999999999999947e+00,3.200000000000000000e+05
2.564630102593922878e+00,2.702302715301513558e+01,1.064750120162963931e+01,2.939999999999999947e+00,0.000000000000000000e+00
2.564650900704884773e+00,2.712701770782470589e+01,1.064750120162963931e+01,2.939999999999999947e+00,3.200000000000000000e+05
2.574624148635471510e+00,2.244988983243703728e+01,1.425006103515625011e-01,2.939999999999999947e+00,0.000000000000000000e+00
2.574644946746433405e+00,2.255388038724660760e+01,1.425006103515625011e-01,2.939999999999999947e+00,3.200000000000000000e+05
2.584618194677020142e+00,2.723100826263427621e+01,1.064750120162963931e+01,2.939999999999999947e+00,0.000000000000000000e+00
2.584638992787982037e+00,2.733499881744384652e+01,1.064750120162963931e+01,2.939999999999999947e+00,3.200000000000000000e+05
2.594612240721196894e+00,2.265787093460559731e+01,1.425006103515625011e-01,2.939999999999999947e+00,0.000000000000000000e+00
2.594633038835139072e+00,2.276186150431632882e+01,1.425006103515625011e-01,2.939999999999999947e+00,3.200000000000000000e+05
2.604606286763097245e+00,2.743898937225341683e+01,1.064750120162963931e+01,2.939999999999999947e+00,0.000000000000000000e+00
2.604627084874059140e+00,2.754297992706298714e+01,1.064750120162963931e+01,2.939999999999999947e+00,3.200000000000000000e+05
2.614600332802017313e+00,2.286585205912589913e+01,1.425006103515625011e-01,2.939999999999999947e+00,0.000000000000000000e+00
2.614621130912979208e+00,2.296984261393546944e+01,1.425006103515625011e-01,2.939999999999999947e+00,3.200000000000000000e+05
2.624594378840937381e+00,2.764697048187255746e+01,1.064750120162963931e+01,2.939999999999999947e+00,0.000000000000000000e+00
2.624615176951899276e+00,2.775096103668212777e+01,1.064750120162963931e+01,2.939999999999999947e+00,3.200000000000000000e+05
2.634588424890370817e+00,2.307383313894271737e+01,1.425006103515625011e-01,2.939999999999999947e+00,0.000000000000000000e+00
2.634609223001332712e+00,2.317782369375228768e+01,1.425006103515625011e-01,2.939999999999999947e+00,3.200000000000000000e+05
2.644582470939804253e+00,2.785495159149169808e+01,1.064750120162963931e+01,2.939999999999999947e+00,0.000000000000000000e+00
2.644603268669296625e+00,2.795894023895263558e+01,1.064750120162963931e+01,2.939999999999999947e+00,3.200000000000000000e+05
2.654576515934924608e+00,2.328181424856185799e+01,1.425006103515625011e-01,2.939999999999999947e+00,0.000000000000000000e+00
2.654597314045886502e+00,2.338580480337142831e+01,1.425006103515625011e-01,2.939999999999999947e+00,3.200000000000000000e+05
2.664570561311514485e+00,2.806293079376220589e+01,1.064750120162963931e+01,2.939999999999999947e+00,0.000000000000000000e+00
2.664591359422476380e+00,2.816692134857177621e+01,1.064750120162963931e+01,2.939999999999999947e+00,3.200000000000000000e+05
2.674564606688104362e+00,2.348979535818099862e+01,1.425006103515625011e-01,2.939999999999999947e+00,0.000000000000000000e+00
2.674585404810987388e+00,2.359378597259521371e+01,1.425006103515625011e-01,2.939999999999999947e+00,3.200000000000000000e+05
2.684558652055589079e+00,2.827091190338134652e+01,1.064750120162963931e+01,2.939999999999999947e+00,0.000000000000000000e+00
2.684579450166550973e+00,2.837490245819091683e+01,1.064750120162963931e+01,2.939999999999999947e+00,3.200000000000000000e+05
2.694552697411152664e+00,2.369777652740478402e+01,1.425006103515625011e-01,2.939999999999999947e+00,0.000000000000000000e+00
2.694573495140645036e+00,2.380176517486572152e+01,1.425006103515625011e-01,2.939999999999999947e+00,3.200000000000000000e+05
2.704546743058090286e+00,2.847889301300048714e+01,1.064750120162963931e+01,2.939999999999999947e+00,0.000000000000000000e+00
2.704567541169052181e+00,2.858288356781005746e+01,1.064750120162963931e+01,2.939999999999999947e+00,3.200000000000000000e+05
2.714540789086497430e+00,2.390575572967529183e+01,1.425006103515625011e-01,2.939999999999999947e+00,0.000000000000000000e+00
2.714561587197459325e+00,2.400974628448486214e+01,1.425006103515625011e-01,2.939999999999999947e+00,3.200000000000000000e+05
2.724534835114904574e+00,2.868687412261962777e+01,1.064750120162963931e+01,2.939999999999999947e+00,0.000000000000000000e+00
2.724555633225866469e+00,2.879086467742919808e+01,1.064750120162963931e+01,2.939999999999999947e+00,3.200000000000000000e+05
2.734528881143311718e+00,2.411373683929443246e+01,1.425006103515625011e-01,2.939999999999999947e+00,0.000000000000000000e+00
2.734549679254273613e+00,2.421772739410400277e+01,1.425006103515625011e-01,2.939999999999999947e+00,3.200000000000000000e+05
2.744522927171718862e+00,2.889485523223876839e+01,1.064750120162963931e+01,2.939999999999999947e+00,0.000000000000000000e+00
2.744543725282680757e+00,2.899884578704833871e+01,1.064750120162963931e+01,2.939999999999999947e+00,3.200000000000000000e+05
2.754516973200126007e+00,2.432171794891357308e+01,1.425006103515625011e-01,2.939999999999999947e+00,0.000000000000000000e+00
2.754537771311087901e+00,2.442570850372314339e+01,1.425006103515625011e-01,2.939999999999999947e+00,3.200000000000000000e+05
2.764511019228533151e+00,2.910283634185790902e+01,1.064750120162963931e+01,2.939999999999999947e+00,0.000000000000000000e+00
2.764531817339495046e+00,2.920682689666747933e+01,1.064750120162963931e+01,2.939999999999999947e+00,3.200000000000000000e+05
2.774505065256940295e+00,2.452969905853271371e+01,1.425006103515625011e-01,2.939999999999999947e+00,0.000000000000000000e+00
2.774525863367902190e+00,2.463368961334228402e+01,1.425006103515625011e-01,2.939999999999999947e+00,3.200000000000000000e+05
2.784499111285347439e+00,2.931081745147704964e+01,1.064750120162963931e+01,2.939999999999999947e+00,0.000000000000000000e+00
2.784519909396309334e+00,2.941480800628661996e+01,1.064750120162963931e+01,2.939999999999999947e+00,3.200000000000000000e+05
2.794493157313754583e+00,2.473768016815185433e+01,1.425006103515625011e-01,2.939999999999999947e+00,0.000000000000000000e+00
2.794513955424716478e+00,2.484167072296142464e+01,1.425006103515625011e-01,2.939999999999999947e+00,3.200000000000000000e+05
2.804487203342161727e+00,2.951879856109619027e+01,1.064750120162963931e+01,2.939999999999999947e+00,0.000000000000000000e+00
2.804508001453123622e+00,2.962278911590576058e+01,1.064750120162963931e+01,2.939999999999999947e+00,3.200000000000000000e+05
2.814481249370568872e+00,2.494566127777099496e+01,1.425006103515625011e-01,2.939999999999999947e+00,0.000000000000000000e+00
2.814502047481530767e+00,2.504965183258056527e+01,1.425006103515625011e-01,2.939999999999999947e+00,3.200000000000000000e+05
2.824475295398976016e+00,2.972677967071533089e+01,1.064750120162963931e+01,2.939999999999999947e+00,0.000000000000000000e+00
2.824496093128468388e+00,2.983076831817626839e+01,1.064750120162963931e+01,2.939999999999999947e+00,3.200000000000000000e+05
2.834469340373070079e+00,2.515364238739013558e+01,1.425006103515625011e-01,2.939999999999999947e+00,0.000000000000000000e+00
2.834490138484031974e+00,2.525763294219970589e+01,1.425006103515625011e-01,2.939999999999999947e+00,3.200000000000000000e+05
2.844463385728633664e+00,2.993475887298583871e+01,1.064750120162963931e+01,2.939999999999999947e+00,0.000000000000000000e+00
2.844484183839595559e+00,3.003874942779540902e+01,1.064750120162963931e+01,2.939999999999999947e+00,3.200000000000000000e+05
2.854457431084197250e+00,2.536162349700927621e+01,1.425006103515625011e-01,2.939999999999999947e+00,0.000000000000000000e+00
2.854478229195159145e+00,2.546561405181884652e+01,1.425006103515625011e-01,2.939999999999999947e+00,3.200000000000000000e+05
2.864451476439760835e+00,3.014273998260497933e+01,1.064750120162963931e+01,2.939999999999999947e+00,0.000000000000000000e+00
2.864472274550722730e+00,3.024673053741454964e+01,1.064750120162963931e+01,2.939999999999999947e+00,3.200000000000000000e+05
2.874445522468167979e+00,2.556960269927978402e+01,1.425006103515625011e-01,2.939999999999999947e+00,0.000000000000000000e+00
2.874466320579129874e+00,2.567359325408935433e+01,1.425006103515625011e-01,2.939999999999999947e+00,3.200000000000000000e+05
2.884439568496575124e+00,3.035072109222411996e+01,1.064750120162963931e+01,2.939999999999999947e+00,0.000000000000000000e+00
2.884460366607537019e+00,3.045471164703369027e+01,1.064750120162963931e+01,2.939999999999999947e+00,3.200000000000000000e+05
2.894433614524982268e+00,2.577758380889892464e+01,1.425006103515625011e-01,2.939999999999999947e+00,0.000000000000000000e+00
2.894454412635944163e+00,2.588157436370849496e+01,1.425006103515625011e-01,2.939999999999999947e+00,3.200000000000000000e+05
2.904427660553389412e+00,3.055870220184326058e+01,1.064750120162963931e+01,2.939999999999999947e+00,0.000000000000000000e+00
2.904448458664351307e+00,3.066269275665283089e+01,1.064750120162963931e+01,2.939999999999999947e+00,3.200000000000000000e+05
2.914421706581796556e+00,2.598556491851806527e+01,1.425006103515625011e-01,2.939999999999999947e+00,0.000000000000000000e+00
2.914442504692758451e+00,2.608955547332763558e+01,1.425006103515625011e-01,2.939999999999999947e+00,3.200000000000000000e+05
2.924415752610203700e+00,3.076668331146240121e+01,1.064750120162963931e+01,2.939999999999999947e+00,0.000000000000000000e+00
2.924436550721165595e+00,3.087067386627197152e+01,1.064750120162963931e+01,2.939999999999999947e+00,3.200000000000000000e+05
2.934409798638610845e+00,2.619354602813720589e+01,1.425006103515625011e-01,2.939999999999999947e+00,0.000000000000000000e+00
2.934430596749572739e+00,2.629753658294677621e+01,1.425006103515625011e-01,2.939999999999999947e+00,3.200000000000000000e+05
2.944403844667017989e+00,3.097466442108154183e+01,1.064750120162963931e+01,2.939999999999999947e+00,0.000000000000000000e+00
2.944424642777979884e+00,3.107865497589111214e+01,1.064750120162963931e+01,2.939999999999999947e+00,3.200000000000000000e+05
2.954397890695425133e+00,2.640152713775634652e+01,1.425006103515625011e-01,2.939999999999999947e+00,0.000000000000000000e+00
2.954418688806387028e+00,2.650551769256591683e+01,1.425006103515625011e-01,2.939999999999999947e+00,3.200000000000000000e+05
2.964391936723832277e+00,3.118264553070068246e+01,1.064750120162963931e+01,2.939999999999999947e+00,0.000000000000000000e+00
2.964412734834794172e+00,3.128663608551025277e+01,1.064750120162963931e+01,2.939999999999999947e+00,3.200000000000000000e+05
2.974385982752239421e+00,2.660950824737548714e+01,1.425006103515625011e-01,2.939999999999999947e+00,0.000000000000000000e+00
2.974406780863201316e+00,2.671349880218505746e+01,1.425006103515625011e-01,2.939999999999999947e+00,3.200000000000000000e+05
2.984380028780646565e+00,3.139062664031982308e+01,1.064750120162963931e+01,2.939999999999999947e+00,0.000000000000000000e+00
2.984400826891608460e+00,3.149461719512939339e+01,1.064750120162963931e+01,2.939999999999999947e+00,3.200000000000000000e+05
2.994374074809053710e+00,2.681748935699462777e+01,1.425006103515625011e-01,2.939999999999999947e+00,0.000000000000000000e+00
2.994394872920015604e+00,2.692147991180419808e+01,1.425006103515625011e-01,2.939999999999999947e+00,3.200000000000000000e+05
3.004368120164617295e+00,3.159860584259033089e+01,1.064750120162963931e+01,2.939999999999999947e+00,0.000000000000000000e+00
3.004388918275579190e+00,3.170259639739990121e+01,1.064750120162963931e+01,2.939999999999999947e+00,3.200000000000000000e+05
3.014362165520180881e+00,2.702547046661376839e+01,1.425006103515625011e-01,2.939999999999999947e+00,0.000000000000000000e+00
3.014382963631142776e+00,2.712946102142333871e+01,1.425006103515625011e-01,2.939999999999999947e+00,3.200000000000000000e+05
3.024356210875744466e+00,3.180658695220947152e+01,1.064750120162963931e+01,2.939999999999999947e+00,0.000000000000000000e+00
3.024377008986706361e+00,3.191057750701904183e+01,1.064750120162963931e+01,2.939999999999999947e+00,3.200000000000000000e+05
3.034350256231308052e+00,2.723345157623290902e+01,1.425006103515625011e-01,2.939999999999999947e+00,0.000000000000000000e+00
3.034371054342269947e+00,2.733744213104247933e+01,1.425006103515625011e-01,2.939999999999999947e+00,3.200000000000000000e+05
3.044344301586871637e+00,3.201456806182861214e+01,1.064750120162963931e+01,2.939999999999999947e+00,0.000000000000000000e+00
3.044365099697833532e+00,3.211855861663818246e+01,1.064750120162963931e+01,2.939999999999999947e+00,3.200000000000000000e+05
3.054338347615278781e+00,2.744143077850341683e+01,1.425006103515625011e-01,2.939999999999999947e+00,0.000000000000000000e+00
3.054359145726240676e+00,2.754542133331298714e+01,1.425006103515625011e-01,2.939999999999999947e+00,3.200000000000000000e+05
3.064332394316529484e+00,3.222255107879638558e+01,1.064750120162963931e+01,2.939999999999999947e+00,0.000000000000000000e+00
3.064353192046021856e+00,3.232653972625732308e+01,1.064750120162963931e+01,2.939999999999999947e+00,3.200000000000000000e+05
3.074326439963467106e+00,2.764941188812255746e+01,1.425006103515625011e-01,2.939999999999999947e+00,0.000000000000000000e+00
3.074347238074429001e+00,2.775340244293212777e+01,1.425006103515625011e-01,2.939999999999999947e+00,3.200000000000000000e+05
3.084320486664717809e+00,3.243053218841552621e+01,1.064750120162963931e+01,2.939999999999999947e+00,0.000000000000000000e+00
3.084341284394210181e+00,3.253452083587646371e+01,1.064750120162963931e+01,2.939999999999999947e+00,3.200000000000000000e+05
3.094314532311655430e+00,2.785739299774169808e+01,1.425006103515625011e-01,2.939999999999999947e+00,0.000000000000000000e+00
3.094335330422617325e+00,2.796138355255126839e+01,1.425006103515625011e-01,2.939999999999999947e+00,3.200000000000000000e+05
3.104308577667219016e+00,3.263850948333740121e+01,1.064750120162963931e+01,2.939999999999999947e+00,0.000000000000000000e+00
3.104329376159650877e+00,3.274250194549560433e+01,1.064750120162963931e+01,2.939999999999999947e+00,3.200000000000000000e+05
3.114302624077096127e+00,2.806537410736083871e+01,1.425006103515625011e-01,2.939999999999999947e+00,0.000000000000000000e+00
3.114323422188058021e+00,2.816936466217040902e+01,1.425006103515625011e-01,2.939999999999999947e+00,3.200000000000000000e+05
3.124296669432659712e+00,3.284649059295654183e+01,1.064750120162963931e+01,2.939999999999999947e+00,0.000000000000000000e+00
3.124317467925091574e+00,3.295048305511474496e+01,1.064750120162963931e+01,2.939999999999999947e+00,3.200000000000000000e+05
3.134290715842536823e+00,2.827335521697997933e+01,1.425006103515625011e-01,2.939999999999999947e+00,0.000000000000000000e+00
3.134311513953498718e+00,2.837734577178954964e+01,1.425006103515625011e-01,2.939999999999999947e+00,3.200000000000000000e+05
3.144284761198100409e+00,3.305447170257568246e+01,1.064750120162963931e+01,2.939999999999999947e+00,0.000000000000000000e+00
3.144305559690532270e+00,3.315846416473388558e+01,1.064750120162963931e+01,2.939999999999999947e+00,3.200000000000000000e+05
3.154278807607977519e+00,2.848133632659911996e+01,1.425006103515625011e-01,2.939999999999999947e+00,0.000000000000000000e+00
3.154299605718939414e+00,2.858532688140869027e+01,1.425006103515625011e-01,2.939999999999999947e+00,3.200000000000000000e+05
3.164272852963541105e+00,3.326245281219482308e+01,1.064750120162963931e+01,2.939999999999999947e+00,0.000000000000000000e+00
3.164293651455972967e+00,3.336644527435302621e+01,1.064750120162963931e+01,2.939999999999999947e+00,3.200000000000000000e+05
3.174266899373418216e+00,2.868931743621826058e+01,1.425006103515625011e-01,2.939999999999999947e+00,0.000000000000000000e+00
3.174287697484380111e+00,2.879330799102783089e+01,1.425006103515625011e-01,2.939999999999999947e+00,3.200000000000000000e+05
3.184260944728981801e+00,3.347043392181396371e+01,1.064750120162963931e+01,2.939999999999999947e+00,0.000000000000000000e+00
3.184281743221413663e+00,3.357442638397216683e+01,1.064750120162963931e+01,2.939999999999999947e+00,3.200000000000000000e+05
3.194254991138858912e+00,2.889729854583740121e+01,1.425006103515625011e-01,2.939999999999999947e+00,0.000000000000000000e+00
3.194275789249820807e+00,2.900128910064697152e+01,1.425006103515625011e-01,2.939999999999999947e+00,3.200000000000000000e+05
3.204249036494422498e+00,3.367841503143310433e+01,1.064750120162963931e+01,2.939999999999999947e+00,0.000000000000000000e+00
3.204269834986854359e+00,3.378240749359130746e+01,1.064750120162963931e+01,2.939999999999999947e+00,3.200000000000000000e+05
3.214243082904299609e+00,2.910527965545654183e+01,1.425006103515625011e-01,2.939999999999999947e+00,0.000000000000000000e+00
3.214263880633791981e+00,2.920926830291747933e+01,1.425006103515625011e-01,2.939999999999999947e+00,3.200000000000000000e+05
3.224237128551237230e+00,3.388639614105224496e+01,1.064750120162963931e+01,2.939999999999999947e+00,0.000000000000000000e+00
3.224257927043669092e+00,3.399038860321044808e+01,1.064750120162963931e+01,2.939999999999999947e+00,3.200000000000000000e+05
3.234231175633957900e+00,2.931325885772704964e+01,1.425006103515625011e-01,2.939999999999999947e+00,0.000000000000000000e+00
3.234251973744919795e+00,2.941724941253661996e+01,1.425006103515625011e-01,2.939999999999999947e+00,3.200000000000000000e+05
3.244225221662365044e+00,3.409437725067138558e+01,1.064750120162963931e+01,2.939999999999999947e+00,0.000000000000000000e+00
3.244246020154796906e+00,3.419836971282958871e+01,1.064750120162963931e+01,2.939999999999999947e+00,3.200000000000000000e+05
3.254219268745085714e+00,2.952123996734619027e+01,1.425006103515625011e-01,2.939999999999999947e+00,0.000000000000000000e+00
3.254240066856047608e+00,2.962523052215576058e+01,1.425006103515625011e-01,2.939999999999999947e+00,3.200000000000000000e+05
3.264213314773492858e+00,3.430235836029052621e+01,1.064750120162963931e+01,2.939999999999999947e+00,0.000000000000000000e+00
3.264234112502985230e+00,3.440634700775146371e+01,1.064750120162963931e+01,2.939999999999999947e+00,3.200000000000000000e+05
3.274207359747586921e+00,2.972922107696533089e+01,1.425006103515625011e-01,2.939999999999999947e+00,0.000000000000000000e+00
3.274228157858548816e+00,2.983321163177490121e+01,1.425006103515625011e-01,2.939999999999999947e+00,3.200000000000000000e+05
3.284201405775994065e+00,3.451033946990966683e+01,1.064750120162963931e+01,2.939999999999999947e+00,0.000000000000000000e+00
3.284222203505486437e+00,3.461432811737060433e+01,1.064750120162963931e+01,2.939999999999999947e+00,3.200000000000000000e+05
3.294195450750088128e+00,2.993720218658447152e+01,1.425006103515625011e-01,2.939999999999999947e+00,0.000000000000000000e+00
3.294216248861050023e+00,3.004119274139404183e+01,1.425006103515625011e-01,2.939999999999999947e+00,3.200000000000000000e+05
3.304189496778495272e+00,3.471832057952880746e+01,1.064750120162963931e+01,2.939999999999999947e+00,0.000000000000000000e+00
3.304210294507987644e+00,3.482230922698974496e+01,1.064750120162963931e+01,2.939999999999999947e+00,3.200000000000000000e+05
3.314183541752589335e+00,3.014518329620361214e+01,1.425006103515625011e-01,2.939999999999999947e+00,0.000000000000000000e+00
3.314204339863551230e+00,3.024917385101318246e+01,1.425006103515625011e-01,2.939999999999999947e+00,3.200000000000000000e+05
3.324177587780996479e+00,3.492630168914794808e+01,1.064750120162963931e+01,2.939999999999999947e+00,0.000000000000000000e+00
3.324198385510488851e+00,3.503029033660888558e+01,1.064750120162963931e+01,2.939999999999999947e+00,3.200000000000000000e+05
3.334171632755090542e+00,3.035316440582275277e+01,1.425006103515625011e-01,2.939999999999999947e+00,0.000000000000000000e+00
3.334192430866052437e+00,3.045715496063232308e+01,1.425006103515625011e-01,2.939999999999999947e+00,3.200000000000000000e+05
3.344165678783497686e+00,3.513428279876708871e+01,1.064750120162963931e+01,2.939999999999999947e+00,0.000000000000000000e+00
3.344186476512990058e+00,3.523827144622802621e+01,1.064750120162963931e+01,2.939999999999999947e+00,3.200000000000000000e+05
3.354159723757591749e+00,3.056114551544189339e+01,1.425006103515625011e-01,2.939999999999999947e+00,0.000000000000000000e+00
3.354180521868553644e+00,3.066513607025146371e+01,1.425006103515625011e-01,2.939999999999999947e+00,3.200000000000000000e+05
3.364153769785998893e+00,3.534226390838622933e+01,1.064750120162963931e+01,2.939999999999999947e+00,0.000000000000000000e+00
3.364174567515491265e+00,3.544625255584716683e+01,1.064750120162963931e+01,2.939999999999999947e+00,3.200000000000000000e+05
3.374147814760092956e+00,3.076912662506103402e+01,1.425006103515625011e-01,2.939999999999999947e+00,0.000000000000000000e+00
3.374168612871054851e+00,3.087311717987060433e+01,1.425006103515625011e-01,2.939999999999999947e+00,3.200000000000000000e+05
3.384141860788500100e+00,3.555024501800536996e+01,1.064750120162963931e+01,2.939999999999999947e+00,0.000000000000000000e+00
3.384162658517992472e+00,3.565423366546630746e+01,1.064750120162963931e+01,2.939999999999999947e+00,3.200000000000000000e+05
3.394135905762594163e+00,3.097710773468017464e+01,1.425006103515625011e-01,2.939999999999999947e+00,0.000000000000000000e+00
3.394156703492086535e+00,3.108109638214111214e+01,1.425006103515625011e-01,2.939999999999999947e+00,3.200000000000000000e+05
3.404129952082375343e+00,3.575822612762451058e+01,1.064750120162963931e+01,2.939999999999999947e+00,0.000000000000000000e+00
3.404150749811867716e+00,3.586221477508544808e+01,1.064750120162963931e+01,2.939999999999999947e+00,3.200000000000000000e+05
3.414123997729312965e+00,3.118508693695068246e+01,1.425006103515625011e-01,2.939999999999999947e+00,0.000000000000000000e+00
3.414144795840274860e+00,3.128907749176025277e+01,1.425006103515625011e-01,2.939999999999999947e+00,3.200000000000000000e+05
3.424118044430563668e+00,3.596620723724365121e+01,1.064750120162963931e+01,2.939999999999999947e+00,0.000000000000000000e+00
3.424138842160056040e+00,3.607019588470458871e+01,1.064750120162963931e+01,2.939999999999999947e+00,3.200000000000000000e+05
3.434112090077501289e+00,3.139306804656982308e+01,1.425006103515625011e-01,2.939999999999999947e+00,0.000000000000000000e+00
3.434132888188463184e+00,3.149705860137939339e+01,1.425006103515625011e-01,2.939999999999999947e+00,3.200000000000000000e+05
3.444106135433064875e+00,3.617418453216552621e+01,1.064750120162963931e+01,2.939999999999999947e+00,0.000000000000000000e+00
3.444126933925496736e+00,3.627817699432372933e+01,1.064750120162963931e+01,2.939999999999999947e+00,3.200000000000000000e+05
3.454100181842941986e+00,3.160104915618896371e+01,1.425006103515625011e-01,2.939999999999999947e+00,0.000000000000000000e+00
3.454120979953903880e+00,3.170503971099853402e+01,1.425006103515625011e-01,2.939999999999999947e+00,3.200000000000000000e+05
3.464094227198505571e+00,3.638216564178466683e+01,1.064750120162963931e+01,2.939999999999999947e+00,0.000000000000000000e+00
3.464115025690937433e+00,3.648615810394286996e+01,1.064750120162963931e+01,2.939999999999999947e+00,3.200000000000000000e+05
3.474088273608382682e+00,3.180903026580810433e+01,1.425006103515625011e-01,2.939999999999999947e+00,0.000000000000000000e+00
3.474109071719344577e+00,3.191302082061767464e+01,1.425006103515625011e-01,2.939999999999999947e+00,3.200000000000000000e+05
3.484082318963946268e+00,3.659014675140380746e+01,1.064750120162963931e+01,2.939999999999999947e+00,0.000000000000000000e+00
3.484103117456378129e+00,3.669413921356201058e+01,1.064750120162963931e+01,2.939999999999999947e+00,3.200000000000000000e+05
3.494076365373823378e+00,3.201701137542724496e+01,1.425006103515625011e-01,2.939999999999999947e+00,0.000000000000000000e+00
3.494097163484785273e+00,3.212100193023681527e+01,1.425006103515625011e-01,2.939999999999999947e+00,3.200000000000000000e+05
3.504070410729386964e+00,3.679812786102294808e+01,1.064750120162963931e+01,2.939999999999999947e+00,0.000000000000000000e+00
3.504091209221818826e+00,3.690212032318115121e+01,1.064750120162963931e+01,2.939999999999999947e+00,3.200000000000000000e+05
3.514064457139264075e+00,3.222499248504638558e+01,1.425006103515625011e-01,2.939999999999999947e+00,0.000000000000000000e+00
3.514085254868756447e+00,3.232898113250732308e+01,1.425006103515625011e-01,2.939999999999999947e+00,3.200000000000000000e+05
3.524058502786201696e+00,3.700610897064208871e+01,1.064750120162963931e+01,2.939999999999999947e+00,0.000000000000000000e+00
3.524079301278633558e+00,3.711010143280029183e+01,1.064750120162963931e+01,2.939999999999999947e+00,3.200000000000000000e+05
3.534052549196078807e+00,3.243297359466552621e+01,1.425006103515625011e-01,2.939999999999999947e+00,0.000000000000000000e+00
3.534073346925571180e+00,3.253696224212646371e+01,1.425006103515625011e-01,2.939999999999999947e+00,3.200000000000000000e+05
3.544046594843016429e+00,3.721409008026122933e+01,1.064750120162963931e+01,2.939999999999999947e+00,0.000000000000000000e+00
3.544067393335448291e+00,3.731808254241943246e+01,1.064750120162963931e+01,2.939999999999999947e+00,3.200000000000000000e+05
3.554040641252893540e+00,3.264095470428466683e+01,1.425006103515625011e-01,2.939999999999999947e+00,0.000000000000000000e+00
3.554061438982385912e+00,3.274494335174560433e+01,1.425006103515625011e-01,2.939999999999999947e+00,3.200000000000000000e+05
3.564034686899831161e+00,3.742207118988036996e+01,1.064750120162963931e+01,2.939999999999999947e+00,0.000000000000000000e+00
3.564055485392263023e+00,3.752606365203857308e+01,1.064750120162963931e+01,2.939999999999999947e+00,3.200000000000000000e+05
3.574028733309708272e+00,3.284893581390380746e+01,1.425006103515625011e-01,2.939999999999999947e+00,0.000000000000000000e+00
3.574049531039200644e+00,3.295292446136474496e+01,1.425006103515625011e-01,2.939999999999999947e+00,3.200000000000000000e+05
3.584022778956645894e+00,3.763005229949951058e+01,1.064750120162963931e+01,2.939999999999999947e+00,0.000000000000000000e+00
3.584043577449077755e+00,3.773404476165771371e+01,1.064750120162963931e+01,2.939999999999999947e+00,3.200000000000000000e+05
3.594016825366523005e+00,3.305691692352294808e+01,1.425006103515625011e-01,2.939999999999999947e+00,0.000000000000000000e+00
3.594037623096015377e+00,3.316090557098388558e+01,1.425006103515625011e-01,2.939999999999999947e+00,3.200000000000000000e+05
3.604010871013460626e+00,3.783803340911865121e+01,1.064750120162963931e+01,2.939999999999999947e+00,0.000000000000000000e+00
3.604031669505892488e+00,3.794202587127685433e+01,1.064750120162963931e+01,2.939999999999999947e+00,3.200000000000000000e+05
3.614004917423337737e+00,3.326489803314208871e+01,1.425006103515625011e-01,2.939999999999999947e+00,0.000000000000000000e+00
3.614025715152830109e+00,3.336888668060302621e+01,1.425006103515625011e-01,2.939999999999999947e+00,3.200000000000000000e+05
3.623998963070275359e+00,3.804601451873779183e+01,1.064750120162963931e+01,2.939999999999999947e+00,0.000000000000000000e+00
3.624019760799767731e+00,3.815000316619872933e+01,1.064750120162963931e+01,2.939999999999999947e+00,3.200000000000000000e+05
3.633993007371526307e+00,3.347287914276122933e+01,1.425006103515625011e-01,2.939999999999999947e+00,0.000000000000000000e+00
3.634013805101018679e+00,3.357686779022216683e+01,1.425006103515625011e-01,2.939999999999999947e+00,3.200000000000000000e+05
3.643987053018463929e+00,3.825399562835693246e+01,1.064750120162963931e+01,2.939999999999999947e+00,0.000000000000000000e+00
3.644007850747956301e+00,3.835798427581786996e+01,1.064750120162963931e+01,2.939999999999999947e+00,3.200000000000000000e+05
3.653981097319714877e+00,3.368086025238036996e+01,1.425006103515625011e-01,2.939999999999999947e+00,0.000000000000000000e+00
3.654001895049207249e+00,3.378484889984130746e+01,1.425006103515625011e-01,2.939999999999999947e+00,3.200000000000000000e+05
3.663975142966652498e+00,3.846197673797607308e+01,1.064750120162963931e+01,2.939999999999999947e+00,0.000000000000000000e+00
3.663995940505409887e+00,3.856596443176269418e+01,1.064750120162963931e+01,2.939999999999999947e+00,3.200000000000000000e+05
3.673969188086433135e+00,3.388883754730224496e+01,1.425006103515625011e-01,2.939999999999999947e+00,0.000000000000000000e+00
3.673989986578864997e+00,3.399283000946044808e+01,1.425006103515625011e-01,2.939999999999999947e+00,3.200000000000000000e+05
3.683963234159888245e+00,3.866995689392089730e+01,1.064750120162963931e+01,2.939999999999999947e+00,0.000000000000000000e+00
3.683984031889380617e+00,3.877394554138183480e+01,1.064750120162963931e+01,2.939999999999999947e+00,3.200000000000000000e+05
3.693957279470403865e+00,3.409681865692138558e+01,1.425006103515625011e-01,2.939999999999999947e+00,0.000000000000000000e+00
3.693978077962835727e+00,3.420081111907958871e+01,1.425006103515625011e-01,2.939999999999999947e+00,3.200000000000000000e+05
3.703951325543858974e+00,3.887793800354003793e+01,1.064750120162963931e+01,2.939999999999999947e+00,0.000000000000000000e+00
3.703972123273351347e+00,3.898192665100097543e+01,1.064750120162963931e+01,2.939999999999999947e+00,3.200000000000000000e+05
3.713945370854374595e+00,3.430479976654052621e+01,1.425006103515625011e-01,2.939999999999999947e+00,0.000000000000000000e+00
3.713966169346806456e+00,3.440879222869872933e+01,1.425006103515625011e-01,2.939999999999999947e+00,3.200000000000000000e+05
3.723939416927829704e+00,3.908591911315917855e+01,1.064750120162963931e+01,2.939999999999999947e+00,0.000000000000000000e+00
3.723960214657322076e+00,3.918990776062011605e+01,1.064750120162963931e+01,2.939999999999999947e+00,3.200000000000000000e+05
3.733933462238345324e+00,3.451278087615966683e+01,1.425006103515625011e-01,2.939999999999999947e+00,0.000000000000000000e+00
3.733954260730777186e+00,3.461677333831786996e+01,1.425006103515625011e-01,2.939999999999999947e+00,3.200000000000000000e+05
3.743927508311800434e+00,3.929390022277831918e+01,1.064750120162963931e+01,2.939999999999999947e+00,0.000000000000000000e+00
3.743948306041292806e+00,3.939788887023925668e+01,1.064750120162963931e+01,2.939999999999999947e+00,3.200000000000000000e+05
3.753921553622316054e+00,3.472076198577880746e+01,1.425006103515625011e-01,2.939999999999999947e+00,0.000000000000000000e+00
3.753942352114747916e+00,3.482475444793701058e+01,1.425006103515625011e-01,2.939999999999999947e+00,3.200000000000000000e+05
3.763915599695771164e+00,3.950188133239745980e+01,1.064750120162963931e+01,2.939999999999999947e+00,0.000000000000000000e+00
3.763936397425263536e+00,3.960586997985839730e+01,1.064750120162963931e+01,2.939999999999999947e+00,3.200000000000000000e+05
3.773909645006286784e+00,3.492874309539794808e+01,1.425006103515625011e-01,2.939999999999999947e+00,0.000000000000000000e+00
3.773930443498718645e+00,3.503273555755615121e+01,1.425006103515625011e-01,2.939999999999999947e+00,3.200000000000000000e+05
3.783903691079741893e+00,3.970986244201660043e+01,1.064750120162963931e+01,2.939999999999999947e+00,0.000000000000000000e+00
3.783924488809234266e+00,3.981385108947753793e+01,1.064750120162963931e+01,2.939999999999999947e+00,3.200000000000000000e+05
3.793897736390257514e+00,3.513672420501708871e+01,1.425006103515625011e-01,2.939999999999999947e+00,0.000000000000000000e+00
3.793918534882689375e+00,3.524071666717529183e+01,1.425006103515625011e-01,2.939999999999999947e+00,3.200000000000000000e+05
3.803891781118026394e+00,3.991783973693847543e+01,1.064750120162963931e+01,2.939999999999999947e+00,0.000000000000000000e+00
3.803912579610458256e+00,4.002183219909667855e+01,1.064750120162963931e+01,2.939999999999999947e+00,3.200000000000000000e+05
3.813885827191481503e+00,3.534470531463622933e+01,1.425006103515625011e-01,2.939999999999999947e+00,0.000000000000000000e+00
3.813906625683913365e+00,3.544869777679443246e+01,1.425006103515625011e-01,2.939999999999999947e+00,3.200000000000000000e+05
3.823879871919250384e+00,4.012582084655761605e+01,1.064750120162963931e+01,2.939999999999999947e+00,0.000000000000000000e+00
3.823900670411682245e+00,4.022981330871581918e+01,1.064750120162963931e+01,2.939999999999999947e+00,3.200000000000000000e+05
3.833873917992705493e+00,3.555268642425536996e+01,1.425006103515625011e-01,2.939999999999999947e+00,0.000000000000000000e+00
3.833894715722197866e+00,3.565667507171630746e+01,1.425006103515625011e-01,2.939999999999999947e+00,3.200000000000000000e+05
3.843867963303221114e+00,4.033380195617675668e+01,1.064750120162963931e+01,2.939999999999999947e+00,0.000000000000000000e+00
3.843888761795652975e+00,4.043779441833495980e+01,1.064750120162963931e+01,2.939999999999999947e+00,3.200000000000000000e+05
3.853862009376676223e+00,3.576066753387451058e+01,1.425006103515625011e-01,2.939999999999999947e+00,0.000000000000000000e+00
3.853882807106168595e+00,3.586465618133544808e+01,1.425006103515625011e-01,2.939999999999999947e+00,3.200000000000000000e+05
3.863856054687191843e+00,4.054178306579589730e+01,1.064750120162963931e+01,2.939999999999999947e+00,0.000000000000000000e+00
3.863876853179623705e+00,4.064577552795410043e+01,1.064750120162963931e+01,2.939999999999999947e+00,3.200000000000000000e+05
3.873850100760646953e+00,3.596864864349365121e+01,1.425006103515625011e-01,2.939999999999999947e+00,0.000000000000000000e+00
3.873870898490139325e+00,3.607263729095458871e+01,1.425006103515625011e-01,2.939999999999999947e+00,3.200000000000000000e+05
3.883844146071162573e+00,4.074976417541503793e+01,1.064750120162963931e+01,2.939999999999999947e+00,0.000000000000000000e+00
3.883864944563594435e+00,4.085375663757324105e+01,1.064750120162963931e+01,2.939999999999999947e+00,3.200000000000000000e+05
3.893838192144617683e+00,3.617662975311279183e+01,1.425006103515625011e-01,2.939999999999999947e+00,0.000000000000000000e+00
3.893858989874110055e+00,3.628061840057372933e+01,1.425006103515625011e-01,2.939999999999999947e+00,3.200000000000000000e+05
3.903832237455133303e+00,4.095774528503417855e+01,1.064750120162963931e+01,2.939999999999999947e+00,0.000000000000000000e+00
3.903853035947565164e+00,4.106173774719238168e+01,1.064750120162963931e+01,2.939999999999999947e+00,3.200000000000000000e+05
3.913826283528588412e+00,3.638461086273193246e+01,1.425006103515625011e-01,2.939999999999999947e+00,0.000000000000000000e+00
3.913847081258080784e+00,3.648859951019286996e+01,1.425006103515625011e-01,2.939999999999999947e+00,3.200000000000000000e+05
3.923820328839104032e+00,4.116572639465331918e+01,1.064750120162963931e+01,2.939999999999999947e+00,0.000000000000000000e+00
3.923841127331535894e+00,4.126971885681152230e+01,1.064750120162963931e+01,2.939999999999999947e+00,3.200000000000000000e+05
3.933814374912559142e+00,3.659259197235107308e+01,1.425006103515625011e-01,2.939999999999999947e+00,0.000000000000000000e+00
3.933835172642051514e+00,3.669658061981201058e+01,1.425006103515625011e-01,2.939999999999999947e+00,3.200000000000000000e+05
3.943808420223074762e+00,4.137370750427245980e+01,1.064750120162963931e+01,2.939999999999999947e+00,0.000000000000000000e+00
3.943829218715506624e+00,4.147769996643066293e+01,1.064750120162963931e+01,2.939999999999999947e+00,3.200000000000000000e+05
3.953802466296529872e+00,3.680057308197021371e+01,1.425006103515625011e-01,2.939999999999999947e+00,0.000000000000000000e+00
3.953823264026022244e+00,3.690456172943115121e+01,1.425006103515625011e-01,2.939999999999999947e+00,3.200000000000000000e+05
3.963796511607045492e+00,4.158168861389160043e+01,1.064750120162963931e+01,2.939999999999999947e+00,0.000000000000000000e+00
3.963817309336537864e+00,4.168567726135253793e+01,1.064750120162963931e+01,2.939999999999999947e+00,3.200000000000000000e+05
3.973790555571874883e+00,3.700855419158935433e+01,1.425006103515625011e-01,2.939999999999999947e+00,0.000000000000000000e+00
3.973811353301367255e+00,3.711254283905029183e+01,1.425006103515625011e-01,2.939999999999999947e+00,3.200000000000000000e+05
3.983784600882390503e+00,4.178966972351074105e+01,1.064750120162963931e+01,2.939999999999999947e+00,0.000000000000000000e+00
3.983805398611882875e+00,4.189365837097167855e+01,1.064750120162963931e+01,2.939999999999999947e+00,3.200000000000000000e+05
3.993778644847219894e+00,3.721653530120849496e+01,1.425006103515625011e-01,2.939999999999999947e+00,0.000000000000000000e+00
3.993799442576712266e+00,3.732052394866943246e+01,1.425006103515625011e-01,2.939999999999999947e+00,3.200000000000000000e+05
4.003772690157735958e+00,4.199765083312988168e+01,1.064750120162963931e+01,2.939999999999999947e+00,0.000000000000000000e+00
4.003793487887228331e+00,4.210163948059081918e+01,1.064750120162963931e+01,2.939999999999999947e+00,3.200000000000000000e+05
4.013766734122564905e+00,3.742451641082763558e+01,1.425006103515625011e-01,2.939999999999999947e+00,0.000000000000000000e+00
4.013787531852057278e+00,3.752850505828857308e+01,1.425006103515625011e-01,2.939999999999999947e+00,3.200000000000000000e+05
4.023760779433080970e+00,4.220563194274902230e+01,1.064750120162963931e+01,2.939999999999999947e+00,0.000000000000000000e+00
4.023781577162573342e+00,4.230962059020995980e+01,1.064750120162963931e+01,2.939999999999999947e+00,3.200000000000000000e+05
4.033754824743597034e+00,3.763249370574951058e+01,1.425006103515625011e-01,2.939999999999999947e+00,0.000000000000000000e+00
4.033775623236028451e+00,3.773648616790771371e+01,1.425006103515625011e-01,2.939999999999999947e+00,3.200000000000000000e+05
4.043748870817052143e+00,4.241361305236816293e+01,1.064750120162963931e+01,2.939999999999999947e+00,0.000000000000000000e+00
4.043769668546544516e+00,4.251760169982910043e+01,1.064750120162963931e+01,2.939999999999999947e+00,3.200000000000000000e+05
4.053742916127568208e+00,3.784047481536865121e+01,1.425006103515625011e-01,2.939999999999999947e+00,0.000000000000000000e+00
4.053763714619999625e+00,3.794446727752685433e+01,1.425006103515625011e-01,2.939999999999999947e+00,3.200000000000000000e+05
4.063736962201023317e+00,4.262159416198730355e+01,1.064750120162963931e+01,2.939999999999999947e+00,0.000000000000000000e+00
4.063757759930515689e+00,4.272558280944824105e+01,1.064750120162963931e+01,2.939999999999999947e+00,3.200000000000000000e+05
4.073731007511539381e+00,3.804845592498779183e+01,1.425006103515625011e-01,2.939999999999999947e+00,0.000000000000000000e+00
4.073751806003970799e+00,3.815244838714599496e+01,1.425006103515625011e-01,2.939999999999999947e+00,3.200000000000000000e+05
4.083725053584994491e+00,4.282957527160644418e+01,1.064750120162963931e+01,2.939999999999999947e+00,0.000000000000000000e+00
4.083745851314486863e+00,4.293356391906738168e+01,1.064750120162963931e+01,2.939999999999999947e+00,3.200000000000000000e+05
4.093719098895510555e+00,3.825643703460693246e+01,1.425006103515625011e-01,2.939999999999999947e+00,0.000000000000000000e+00
4.093739897387941973e+00,3.836042949676513558e+01,1.425006103515625011e-01,2.939999999999999947e+00,3.200000000000000000e+05
4.103713144968965665e+00,4.303755638122558480e+01,1.064750120162963931e+01,2.939999999999999947e+00,0.000000000000000000e+00
4.103733942698458037e+00,4.314154502868652230e+01,1.064750120162963931e+01,2.939999999999999947e+00,3.200000000000000000e+05
4.113707190279481729e+00,3.846441814422607308e+01,1.425006103515625011e-01,2.939999999999999947e+00,0.000000000000000000e+00
4.113727988581178607e+00,3.856840965270995980e+01,1.425006103515625011e-01,2.939999999999999947e+00,3.200000000000000000e+05
4.123701236498623857e+00,4.324553749084472543e+01,1.064750120162963931e+01,2.939999999999999947e+00,0.000000000000000000e+00
4.123722034228116229e+00,4.334952613830566293e+01,1.064750120162963931e+01,2.939999999999999947e+00,3.200000000000000000e+05
4.133695282145561478e+00,3.867239830017089730e+01,1.425006103515625011e-01,2.939999999999999947e+00,0.000000000000000000e+00
4.133716080637992896e+00,3.877639076232910043e+01,1.425006103515625011e-01,2.939999999999999947e+00,3.200000000000000000e+05
4.143689328555438145e+00,4.345351860046386605e+01,1.064750120162963931e+01,2.939999999999999947e+00,0.000000000000000000e+00
4.143710126284930517e+00,4.355750724792480355e+01,1.064750120162963931e+01,2.939999999999999947e+00,3.200000000000000000e+05
4.153683374202375767e+00,3.888037940979003793e+01,1.425006103515625011e-01,2.939999999999999947e+00,0.000000000000000000e+00
4.153704172694807184e+00,3.898437187194824105e+01,1.425006103515625011e-01,2.939999999999999947e+00,3.200000000000000000e+05
4.163677419266565316e+00,4.366149589538574105e+01,1.064750120162963931e+01,2.939999999999999947e+00,0.000000000000000000e+00
4.163698217758996734e+00,4.376548835754394418e+01,1.064750120162963931e+01,2.939999999999999947e+00,3.200000000000000000e+05
4.173671465676441983e+00,3.908836051940917855e+01,1.425006103515625011e-01,2.939999999999999947e+00,0.000000000000000000e+00
4.173692264168873400e+00,3.919235298156738168e+01,1.425006103515625011e-01,2.939999999999999947e+00,3.200000000000000000e+05
4.183665510740631532e+00,4.386947700500488168e+01,1.064750120162963931e+01,2.939999999999999947e+00,0.000000000000000000e+00
4.183686309233062950e+00,4.397346946716308480e+01,1.064750120162963931e+01,2.939999999999999947e+00,3.200000000000000000e+05
4.193659557150508199e+00,3.929634162902831918e+01,1.425006103515625011e-01,2.939999999999999947e+00,0.000000000000000000e+00
4.193680354880000571e+00,3.940033027648925668e+01,1.425006103515625011e-01,2.939999999999999947e+00,3.200000000000000000e+05
4.203653602797445821e+00,4.407745811462402230e+01,1.064750120162963931e+01,2.939999999999999947e+00,0.000000000000000000e+00
4.203674401289877238e+00,4.418145057678222543e+01,1.064750120162963931e+01,2.939999999999999947e+00,3.200000000000000000e+05
4.213647649207322488e+00,3.950432273864745980e+01,1.425006103515625011e-01,2.939999999999999947e+00,0.000000000000000000e+00
4.213668446936814860e+00,3.960831138610839730e+01,1.425006103515625011e-01,2.939999999999999947e+00,3.200000000000000000e+05
4.223641694854260109e+00,4.428543922424316293e+01,1.064750120162963931e+01,2.939999999999999947e+00,0.000000000000000000e+00
4.223662493346691527e+00,4.438943168640136605e+01,1.064750120162963931e+01,2.939999999999999947e+00,3.200000000000000000e+05
4.233635741264136776e+00,3.971230384826660043e+01,1.425006103515625011e-01,2.939999999999999947e+00,0.000000000000000000e+00
4.233656538993629148e+00,3.981629249572753793e+01,1.425006103515625011e-01,2.939999999999999947e+00,3.200000000000000000e+05
4.243629786911074397e+00,4.449342033386230355e+01,1.064750120162963931e+01,2.939999999999999947e+00,0.000000000000000000e+00
4.243650585403505815e+00,4.459741279602050668e+01,1.064750120162963931e+01,2.939999999999999947e+00,3.200000000000000000e+05
4.253623833320951064e+00,3.992028495788574105e+01,1.425006103515625011e-01,2.939999999999999947e+00,0.000000000000000000e+00
4.253644631050443436e+00,4.002427360534667855e+01,1.425006103515625011e-01,2.939999999999999947e+00,3.200000000000000000e+05
4.263617878967888686e+00,4.470140144348144418e+01,1.064750120162963931e+01,2.939999999999999947e+00,0.000000000000000000e+00
4.263638677460320103e+00,4.480539390563964730e+01,1.064750120162963931e+01,2.939999999999999947e+00,3.200000000000000000e+05
4.273611925377765353e+00,4.012826606750488168e+01,1.425006103515625011e-01,2.939999999999999947e+00,0.000000000000000000e+00
4.273632723107257725e+00,4.023225471496581918e+01,1.425006103515625011e-01,2.939999999999999947e+00,3.200000000000000000e+05
4.283474013331557195e+00,4.484750053405761605e+01,1.050850698471069400e+01,2.939999999999999947e+00,0.000000000000000000e+00
4.283520726588393224e+00,4.484750053405761605e+01,1.027494070053100650e+01,2.939999999999999947e+00,3.200000000000000000e+05
4.293140272699132787e+00,4.033624717712402230e+01,1.425006103515625011e-01,2.939999999999999947e+00,0.000000000000000000e+00
4.293161070428625159e+00,4.044023582458495980e+01,1.425006103515625011e-01,2.939999999999999947e+00,3.200000000000000000e+05
4.302558873393684813e+00,4.484750053405761605e+01,1.004137393951416080e+01,2.939999999999999947e+00,0.000000000000000000e+00
4.302605586650520841e+00,4.484750053405761605e+01,9.807807655334473296e+00,2.939999999999999947e+00,3.200000000000000000e+05
4.311781645502020588e+00,4.054422828674316293e+01,1.425006103515625011e-01,2.939999999999999947e+00,0.000000000000000000e+00
4.311802443231512960e+00,4.064821693420410043e+01,1.425006103515625011e-01,2.939999999999999947e+00,3.200000000000000000e+05
4.320756759315139917e+00,4.484750053405761605e+01,9.574241371154785796e+00,2.939999999999999947e+00,0.000000000000000000e+00
4.320803472571975945e+00,4.484750053405761605e+01,9.340675086975098296e+00,2.939999999999999947e+00,3.200000000000000000e+05
4.329536044542042994e+00,4.075220939636230355e+01,1.425006103515625011e-01,2.939999999999999947e+00,0.000000000000000000e+00
4.329556842271535366e+00,4.085619804382324105e+01,1.425006103515625011e-01,2.939999999999999947e+00,3.200000000000000000e+05
4.338067671473730513e+00,4.484750053405761605e+01,9.107108802795410796e+00,2.939999999999999947e+00,0.000000000000000000e+00
4.338114384730566542e+00,4.484750053405761605e+01,8.873542518615723296e+00,2.939999999999999947e+00,3.200000000000000000e+05
4.346403469819201781e+00,4.096019050598144418e+01,1.425006103515625011e-01,2.939999999999999947e+00,0.000000000000000000e+00
4.346424267548694154e+00,4.106417915344238168e+01,1.425006103515625011e-01,2.939999999999999947e+00,3.200000000000000000e+05
4.354491609869456603e+00,4.484750053405761605e+01,8.639976234436035796e+00,2.939999999999999947e+00,0.000000000000000000e+00
4.354538323317027171e+00,4.484750053405761605e+01,8.406408996582031889e+00,2.939999999999999947e+00,3.200000000000000000e+05
4.362383922114302592e+00,4.116816780090331918e+01,1.425006103515625011e-01,2.939999999999999947e+00,0.000000000000000000e+00
4.362404720606734010e+00,4.127216026306152230e+01,1.425006103515625011e-01,2.939999999999999947e+00,3.200000000000000000e+05
4.370028575290448636e+00,4.484750053405761605e+01,8.172842712402344389e+00,2.939999999999999947e+00,0.000000000000000000e+00
4.370075288547284664e+00,4.484750053405761605e+01,7.939276428222656001e+00,2.939999999999999947e+00,3.200000000000000000e+05
4.377477400463127388e+00,4.137614891052245980e+01,1.425006103515625011e-01,2.939999999999999947e+00,0.000000000000000000e+00
4.377498198955558806e+00,4.148014137268066293e+01,1.425006103515625011e-01,2.939999999999999947e+00,3.200000000000000000e+05
4.384678566757841622e+00,4.484750053405761605e+01,7.705710144042968501e+00,2.939999999999999947e+00,0.000000000000000000e+00
4.384725280014677651e+00,4.484750053405761605e+01,7.472143859863281001e+00,2.939999999999999947e+00,3.200000000000000000e+05
4.391683905049088565e+00,4.158413002014160043e+01,1.425006103515625011e-01,2.939999999999999947e+00,0.000000000000000000e+00
4.391704703541519983e+00,4.168812248229980355e+01,1.425006103515625011e-01,2.939999999999999947e+00,3.200000000000000000e+05
4.398441584462370990e+00,4.484750053405761605e+01,7.238577575683593501e+00,2.939999999999999947e+00,0.000000000000000000e+00
4.398488297719207019e+00,4.484750053405761605e+01,7.005011291503906001e+00,2.939999999999999947e+00,3.200000000000000000e+05
4.405003435872185236e+00,4.179211112976074105e+01,1.425006103515625011e-01,2.939999999999999947e+00,0.000000000000000000e+00
4.405024234364616653e+00,4.189610359191894418e+01,1.425006103515625011e-01,2.939999999999999947e+00,3.200000000000000000e+05
4.411317628404034963e+00,4.484750053405761605e+01,6.771445007324218501e+00,2.939999999999999947e+00,0.000000000000000000e+00
4.411364341660870991e+00,4.484750053405761605e+01,6.537878723144531001e+00,2.939999999999999947e+00,3.200000000000000000e+05
4.417435992932417399e+00,4.200009223937988168e+01,1.425006103515625011e-01,2.939999999999999947e+00,0.000000000000000000e+00
4.417456791424848817e+00,4.210408470153808480e+01,1.425006103515625011e-01,2.939999999999999947e+00,3.200000000000000000e+05
4.423306698582835317e+00,4.484750053405761605e+01,6.304312438964843501e+00,2.939999999999999947e+00,0.000000000000000000e+00
4.423353412030405885e+00,4.484750053405761605e+01,6.070745201110839595e+00,2.939999999999999947e+00,3.200000000000000000e+05
4.428981575664904469e+00,4.220807334899902230e+01,1.425006103515625011e-01,2.939999999999999947e+00,0.000000000000000000e+00
4.429002374157335886e+00,4.231206581115722543e+01,1.425006103515625011e-01,2.939999999999999947e+00,3.200000000000000000e+05
4.434408793678274563e+00,4.484750053405761605e+01,5.837178916931152095e+00,2.939999999999999947e+00,0.000000000000000000e+00
4.434455506935110591e+00,4.484750053405761605e+01,5.603612632751464595e+00,2.939999999999999947e+00,3.200000000000000000e+05
4.439640183688176478e+00,4.241605445861816293e+01,1.425006103515625011e-01,2.939999999999999947e+00,0.000000000000000000e+00
4.439660982180607895e+00,4.252004692077636605e+01,1.425006103515625011e-01,2.939999999999999947e+00,3.200000000000000000e+05
4.444623914820113875e+00,4.484750053405761605e+01,5.370046348571777095e+00,2.939999999999999947e+00,0.000000000000000000e+00
4.444670628076949903e+00,4.484750053405761605e+01,5.136480064392089595e+00,2.939999999999999947e+00,3.200000000000000000e+05
4.449411817948583980e+00,4.262403556823730355e+01,1.425006103515625011e-01,2.939999999999999947e+00,0.000000000000000000e+00
4.449432616441015398e+00,4.272802803039550668e+01,1.425006103515625011e-01,2.939999999999999947e+00,3.200000000000000000e+05
4.453952062199089568e+00,4.484750053405761605e+01,4.902913780212402095e+00,2.939999999999999947e+00,0.000000000000000000e+00
4.453998775455925596e+00,4.484750053405761605e+01,4.669347496032714595e+00,2.939999999999999947e+00,3.200000000000000000e+05
4.458296478446126976e+00,4.283201667785644418e+01,1.425006103515625011e-01,2.939999999999999947e+00,0.000000000000000000e+00
4.458317276175619348e+00,4.293600532531738168e+01,1.425006103515625011e-01,2.939999999999999947e+00,3.200000000000000000e+05
4.462393236397948826e+00,4.484750053405761605e+01,4.435781211853027095e+00,2.939999999999999947e+00,0.000000000000000000e+00
4.462439949654784854e+00,4.484750053405761605e+01,4.202214927673339595e+00,2.939999999999999947e+00,3.200000000000000000e+05
4.466294165763554425e+00,4.303999778747558480e+01,1.425006103515625011e-01,2.939999999999999947e+00,0.000000000000000000e+00
4.466314963493046797e+00,4.314398643493652230e+01,1.425006103515625011e-01,2.939999999999999947e+00,3.200000000000000000e+05
4.469947436833944465e+00,4.484750053405761605e+01,3.968648643493652539e+00,2.939999999999999947e+00,0.000000000000000000e+00
4.469994150090780494e+00,4.484750053405761605e+01,3.735082359313965039e+00,2.939999999999999947e+00,3.200000000000000000e+05
4.473404879318117366e+00,4.324797889709472543e+01,1.425006103515625011e-01,2.939999999999999947e+00,0.000000000000000000e+00
4.473425677047609739e+00,4.335196754455566293e+01,1.425006103515625011e-01,2.939999999999999947e+00,3.200000000000000000e+05
4.476614663507075598e+00,4.484750053405761605e+01,3.501516075134277539e+00,2.939999999999999947e+00,0.000000000000000000e+00
4.476661376954646165e+00,4.484750053405761605e+01,3.267948837280273633e+00,2.939999999999999947e+00,3.200000000000000000e+05
4.479628618544935215e+00,4.345596000671386605e+01,1.425006103515625011e-01,2.939999999999999947e+00,0.000000000000000000e+00
4.479649416274427587e+00,4.355994865417480355e+01,1.425006103515625011e-01,2.939999999999999947e+00,3.200000000000000000e+05
4.482394915096845622e+00,4.484750053405761605e+01,3.034382553100586133e+00,2.939999999999999947e+00,0.000000000000000000e+00
4.482441628353681651e+00,4.484750053405761605e+01,2.800816268920898633e+00,2.939999999999999947e+00,3.200000000000000000e+05
4.484965383062538891e+00,4.366394111633300668e+01,1.425006103515625011e-01,2.939999999999999947e+00,0.000000000000000000e+00
4.484986180792031263e+00,4.376792976379394418e+01,1.425006103515625011e-01,2.939999999999999947e+00,3.200000000000000000e+05
4.487288192733016601e+00,4.484750053405761605e+01,2.567249984741211133e+00,2.939999999999999947e+00,0.000000000000000000e+00
4.487334905989852629e+00,4.484750053405761605e+01,2.333683700561523633e+00,2.939999999999999947e+00,3.200000000000000000e+05
4.489415173817278060e+00,4.387192222595214730e+01,1.425006103515625011e-01,2.939999999999999947e+00,0.000000000000000000e+00
4.489435971546770432e+00,4.397591087341308480e+01,1.425006103515625011e-01,2.939999999999999947e+00,3.200000000000000000e+05
4.491294496606323960e+00,4.484750053405761605e+01,2.100117416381836133e+00,2.939999999999999947e+00,0.000000000000000000e+00
4.491341209863159989e+00,4.484750053405761605e+01,1.866551132202148411e+00,2.939999999999999947e+00,3.200000000000000000e+05
4.492977990809152722e+00,4.407990333557128793e+01,1.425006103515625011e-01,2.939999999999999947e+00,0.000000000000000000e+00
4.492998788538645094e+00,4.418389198303222543e+01,1.425006103515625011e-01,2.939999999999999947e+00,3.200000000000000000e+05
4.494413826716766813e+00,4.484750053405761605e+01,1.632984848022460911e+00,2.939999999999999947e+00,0.000000000000000000e+00
4.494460539973602842e+00,4.484750053405761605e+01,1.399418563842773411e+00,2.939999999999999947e+00,3.200000000000000000e+05
4.495653834038163765e+00,4.428788444519042855e+01,1.425006103515625011e-01,2.939999999999999947e+00,0.000000000000000000e+00
4.495674631767656138e+00,4.439187309265136605e+01,1.425006103515625011e-01,2.939999999999999947e+00,3.200000000000000000e+05
4.496646183064345159e+00,4.484750053405761605e+01,1.165852279663085911e+00,2.939999999999999947e+00,0.000000000000000000e+00
4.496692896321181188e+00,4.484750053405761605e+01,9.322859954833984109e-01,2.939999999999999947e+00,3.200000000000000000e+05
4.497442703504309414e+00,4.449586555480956918e+01,1.425006103515625011e-01,2.939999999999999947e+00,0.000000000000000000e+00
4.497463501233801786e+00,4.459985420227050668e+01,1.425006103515625011e-01,2.939999999999999947e+00,3.200000000000000000e+05
4.497991565649058998e+00,4.484750053405761605e+01,6.987197113037109109e-01,2.939999999999999947e+00,0.000000000000000000e+00
4.498038278905895027e+00,4.484750053405761605e+01,4.651534271240234109e-01,2.939999999999999947e+00,3.200000000000000000e+05
4.498344599207591443e+00,4.470384666442870980e+01,1.425006103515625011e-01,2.939999999999999947e+00,0.000000000000000000e+00
4.498365396937083815e+00,4.480783531188964730e+01,1.425006103515625011e-01,2.939999999999999947e+00,3.200000000000000000e+05
4.498449974470914547e+00,4.484750053405761605e+01,2.315871429443359386e-01,2.939999999999999947e+00,0.000000000000000000e+00
4.537222819739950452e+00,1.424987030029296886e-01,1.425006103515625011e-01,2.939999999999999947e+00,3.200000000000000000e+05
4.546333834996913126e+00,1.424987030029296886e-01,1.064750120162963931e+01,2.939999999999999947e+00,3.200000000000000000e+05
4.585106603280568294e+00,4.484750053405761605e+01,1.064750120162963931e+01,2.939999999999999947e+00,3.200000000000000000e+05
4.594217618537530967e+00,4.484750053405761605e+01,1.425006103515625011e-01,2.939999999999999947e+00,3.200000000000000000e+05
4.603158618903742116e+00,1.424987030029296886e-01,1.425006103515625011e-01,2.939999999999999947e+00,0.000000000000000000e+00
4.612310923868488288e+00,9.500000000000000111e-02,1.069500133514404361e+01,2.939999999999999947e+00,3.200000000000000000e+05
4.621504333526028852e+00,9.500000000000000111e-02,9.500000000000000111e-02,2.939999999999999947e+00,3.200000000000000000e+05
4.660359493315326951e+00,4.489499923706054574e+01,9.500000000000000111e-02,2.939999999999999947e+00,3.200000000000000000e+05
4.669552902972867514e+00,4.489499923706054574e+01,1.069500133514404361e+01,2.939999999999999947e+00,3.200000000000000000e+05
4.678512902820279429e+00,9.500000000000000111e-02,1.069500133514404361e+01,2.939999999999999947e+00,0.000000000000000000e+00
