2.000000000000000111e-01,2.120883178710937511e-01,1.425006103515625011e-01,9.119999999999999218e+00,0.000000000000000000e+00
2.001002884185900665e-01,1.424987030029296886e-01,2.348487091064453136e-01,9.119999999999999218e+00,0.000000000000000000e+00
2.001318596160998331e-01,1.424987030029296886e-01,3.927046966552734109e-01,9.119999999999999218e+00,3.200000000000000000e+05
2.004035769364761188e-01,3.310420227050780984e-01,1.425006103515625011e-01,9.119999999999999218e+00,0.000000000000000000e+00
2.004273672959731856e-01,4.499938201904296609e-01,1.425006103515625011e-01,9.119999999999999218e+00,3.200000000000000000e+05
2.008705125225824784e-01,1.424987030029296886e-01,5.505606842041015359e-01,9.119999999999999218e+00,0.000000000000000000e+00
2.009020837200922449e-01,1.424987030029296886e-01,7.084166717529296609e-01,9.119999999999999218e+00,3.200000000000000000e+05
2.015166578484871851e-01,5.689475250244140359e-01,1.425006103515625011e-01,9.119999999999999218e+00,0.000000000000000000e+00
2.015404485894539688e-01,6.879012298583984109e-01,1.425006103515625011e-01,9.119999999999999218e+00,3.200000000000000000e+05
2.023264516196348062e-01,1.424987030029296886e-01,8.662726593017577859e-01,9.119999999999999218e+00,0.000000000000000000e+00
2.023580228171445727e-01,1.424987030029296886e-01,1.024128646850585911e+00,9.119999999999999218e+00,3.200000000000000000e+05
2.033154537535589168e-01,8.068530273437499734e-01,1.425006103515625011e-01,9.119999999999999218e+00,0.000000000000000000e+00
2.033392444945257005e-01,9.258067321777343484e-01,1.425006103515625011e-01,9.119999999999999218e+00,3.200000000000000000e+05
2.044681043327256920e-01,1.424987030029296886e-01,1.181984634399414036e+00,9.119999999999999218e+00,0.000000000000000000e+00
2.044996755302354585e-01,1.424987030029296886e-01,1.339840621948242161e+00,9.119999999999999218e+00,3.200000000000000000e+05
2.057999632746693452e-01,1.044758529663085911e+00,1.425006103515625011e-01,9.119999999999999218e+00,0.000000000000000000e+00
2.058237540156361289e-01,1.163712234497070286e+00,1.425006103515625011e-01,9.119999999999999218e+00,3.200000000000000000e+05
2.072954706618555243e-01,1.424987030029296886e-01,1.497696609497070286e+00,9.119999999999999218e+00,0.000000000000000000e+00
2.073270414778955739e-01,1.424987030029296886e-01,1.655550689697265598e+00,9.119999999999999218e+00,3.200000000000000000e+05
2.089701847092072240e-01,1.282664031982421848e+00,1.425006103515625011e-01,9.119999999999999218e+00,0.000000000000000000e+00
2.089939754501740077e-01,1.401617736816406223e+00,1.425006103515625011e-01,9.119999999999999218e+00,3.200000000000000000e+05
2.108085475832713329e-01,1.424987030029296886e-01,1.813406677246093723e+00,9.119999999999999218e+00,0.000000000000000000e+00
2.108401189715159718e-01,1.424987030029296886e-01,1.971263618469238255e+00,9.119999999999999218e+00,3.200000000000000000e+05
2.128261206669696814e-01,1.520571441650390598e+00,1.425006103515625011e-01,9.119999999999999218e+00,0.000000000000000000e+00
2.128499110264667482e-01,1.639523239135742161e+00,1.425006103515625011e-01,9.119999999999999218e+00,3.200000000000000000e+05
2.150073399675834496e-01,1.424987030029296886e-01,2.129118652343750195e+00,9.119999999999999218e+00,0.000000000000000000e+00
2.150389111650932161e-01,1.424987030029296886e-01,2.286974639892578320e+00,9.119999999999999218e+00,3.200000000000000000e+05
2.173677690079956204e-01,1.758476943969726536e+00,1.425006103515625011e-01,9.119999999999999218e+00,0.000000000000000000e+00
2.173915593674926872e-01,1.877428741455078098e+00,1.425006103515625011e-01,9.119999999999999218e+00,3.200000000000000000e+05
2.198918451166288479e-01,1.424987030029296886e-01,2.444830627441406445e+00,9.119999999999999218e+00,0.000000000000000000e+00
2.199234163141386145e-01,1.424987030029296886e-01,2.602686614990234570e+00,9.119999999999999218e+00,3.200000000000000000e+05
2.225951309650603949e-01,1.996382446289062473e+00,1.425006103515625011e-01,9.119999999999999218e+00,0.000000000000000000e+00
2.226189213245574616e-01,2.115334243774414258e+00,1.425006103515625011e-01,9.119999999999999218e+00,3.200000000000000000e+05
2.254620638817131373e-01,1.424987030029296886e-01,2.760542602539062695e+00,9.119999999999999218e+00,0.000000000000000000e+00
2.254936348884880315e-01,1.424987030029296886e-01,2.918397636413574414e+00,9.119999999999999218e+00,3.200000000000000000e+05
2.285082056868584788e-01,2.234287948608398633e+00,1.425006103515625011e-01,9.119999999999999218e+00,0.000000000000000000e+00
2.285319964278252625e-01,2.353241653442383008e+00,1.425006103515625011e-01,9.119999999999999218e+00,3.200000000000000000e+05
2.317179961279813849e-01,1.424987030029296886e-01,3.076253623962402539e+00,9.119999999999999218e+00,0.000000000000000000e+00
2.317495673254911515e-01,1.424987030029296886e-01,3.234109611511230664e+00,9.119999999999999218e+00,3.200000000000000000e+05
2.351069949318810304e-01,2.472193450927734570e+00,1.425006103515625011e-01,9.119999999999999218e+00,0.000000000000000000e+00
2.351307856728478141e-01,2.591147155761718945e+00,1.425006103515625011e-01,9.119999999999999218e+00,3.200000000000000000e+05
2.386596421810233126e-01,1.424987030029296886e-01,3.391965599060058789e+00,9.119999999999999218e+00,0.000000000000000000e+00
2.386912133785330792e-01,1.424987030029296886e-01,3.549821586608886914e+00,9.119999999999999218e+00,3.200000000000000000e+05
2.423914977929424452e-01,2.710098953247070508e+00,1.425006103515625011e-01,9.119999999999999218e+00,0.000000000000000000e+00
2.424152885339092289e-01,2.829052658081054883e+00,1.425006103515625011e-01,9.119999999999999218e+00,3.200000000000000000e+05
2.462870018501041591e-01,1.424987030029296886e-01,3.707677574157715039e+00,9.119999999999999218e+00,0.000000000000000000e+00
2.463185728568790533e-01,1.424987030029296886e-01,3.865532608032226758e+00,9.119999999999999218e+00,3.200000000000000000e+05
2.503617134187370863e-01,2.948004455566406445e+00,1.425006103515625011e-01,9.119999999999999218e+00,0.000000000000000000e+00
2.503855041597038977e-01,3.066958160400390820e+00,1.425006103515625011e-01,9.119999999999999218e+00,3.200000000000000000e+05
2.546000736233475226e-01,1.424987030029296886e-01,4.023388595581054439e+00,9.119999999999999218e+00,0.000000000000000000e+00
2.546316448208572614e-01,1.424987030029296886e-01,4.181244583129882564e+00,9.119999999999999218e+00,3.200000000000000000e+05
2.590176431862865059e-01,3.185911865234375195e+00,1.425006103515625011e-01,9.119999999999999218e+00,0.000000000000000000e+00
2.590414335457835726e-01,3.304863662719726758e+00,1.425006103515625011e-01,9.119999999999999218e+00,3.200000000000000000e+05
2.635988598174466291e-01,1.424987030029296886e-01,4.339100570678710689e+00,9.119999999999999218e+00,0.000000000000000000e+00
2.636304310149563679e-01,1.424987030029296886e-01,4.496956558227538814e+00,9.119999999999999218e+00,3.200000000000000000e+05
2.683592861884050440e-01,3.423817367553711133e+00,1.425006103515625011e-01,9.119999999999999218e+00,0.000000000000000000e+00
2.683830765479021108e-01,3.542769165039062695e+00,1.425006103515625011e-01,9.119999999999999218e+00,3.200000000000000000e+05
2.732833596275846544e-01,1.424987030029296886e-01,4.654812545776366939e+00,9.119999999999999218e+00,0.000000000000000000e+00
2.733149306343595764e-01,1.424987030029296886e-01,4.812667579650878658e+00,9.119999999999999218e+00,3.200000000000000000e+05
2.783866419552569194e-01,3.661722869873047070e+00,1.425006103515625011e-01,9.119999999999999218e+00,0.000000000000000000e+00
2.784104323147539861e-01,3.780674667358398633e+00,1.425006103515625011e-01,9.119999999999999218e+00,3.200000000000000000e+05
2.836535715418851966e-01,1.424987030029296886e-01,4.970523567199706783e+00,9.119999999999999218e+00,0.000000000000000000e+00
2.836851427393949354e-01,1.424987030029296886e-01,5.128379554748534908e+00,9.119999999999999218e+00,3.200000000000000000e+05
2.890997108683117101e-01,3.899628372192383008e+00,1.425006103515625011e-01,9.119999999999999218e+00,0.000000000000000000e+00
2.891235016092785215e-01,4.018582077026366939e+00,1.425006103515625011e-01,9.119999999999999218e+00,3.200000000000000000e+05
2.947094986399809158e-01,1.424987030029296886e-01,5.286235542297363033e+00,9.119999999999999218e+00,0.000000000000000000e+00
2.947410698374906546e-01,1.424987030029296886e-01,5.444091529846191158e+00,9.119999999999999218e+00,3.200000000000000000e+05
3.004984947744269164e-01,4.137533874511718501e+00,1.425006103515625011e-01,9.119999999999999218e+00,0.000000000000000000e+00
3.005222855153937278e-01,4.256487579345702876e+00,1.425006103515625011e-01,9.119999999999999218e+00,3.200000000000000000e+05
3.064511386935447890e-01,1.424987030029296886e-01,5.601946563720702876e+00,9.119999999999999218e+00,0.000000000000000000e+00
3.064827098910545278e-01,1.424987030029296886e-01,5.759802551269531001e+00,9.119999999999999218e+00,3.200000000000000000e+05
3.125829909754394009e-01,4.375439376831054439e+00,1.425006103515625011e-01,9.119999999999999218e+00,0.000000000000000000e+00
3.126067817164062124e-01,4.494393081665038814e+00,1.425006103515625011e-01,9.119999999999999218e+00,3.200000000000000000e+05
3.188784917025767052e-01,1.424987030029296886e-01,5.917658538818359126e+00,9.119999999999999218e+00,0.000000000000000000e+00
3.189100629000864440e-01,1.424987030029296886e-01,6.075514526367187251e+00,9.119999999999999218e+00,3.200000000000000000e+05
3.253532017880425564e-01,4.613346786499023189e+00,1.425006103515625011e-01,9.119999999999999218e+00,0.000000000000000000e+00
3.253769921475396232e-01,4.732298583984374751e+00,1.425006103515625011e-01,9.119999999999999218e+00,3.200000000000000000e+05
3.319915589417296031e-01,1.424987030029296886e-01,6.233370513916015376e+00,9.119999999999999218e+00,0.000000000000000000e+00
3.320231301392393419e-01,1.424987030029296886e-01,6.391226501464843501e+00,9.119999999999999218e+00,3.200000000000000000e+05
3.388091258352148860e-01,4.851252288818359126e+00,1.425006103515625011e-01,9.119999999999999218e+00,0.000000000000000000e+00
3.388329161947119528e-01,4.970204086303710689e+00,1.425006103515625011e-01,9.119999999999999218e+00,3.200000000000000000e+05
3.457903391363505441e-01,1.424987030029296886e-01,6.549081535339355220e+00,9.119999999999999218e+00,0.000000000000000000e+00
3.458219103338602829e-01,1.424987030029296886e-01,6.706937522888183345e+00,9.119999999999999218e+00,3.200000000000000000e+05
3.529507621772844939e-01,5.089157791137695064e+00,1.425006103515625011e-01,9.119999999999999218e+00,0.000000000000000000e+00
3.529745525367815606e-01,5.208109588623046626e+00,1.425006103515625011e-01,9.119999999999999218e+00,3.200000000000000000e+05
3.602748322864396391e-01,1.424987030029296886e-01,6.864793510437011470e+00,9.119999999999999218e+00,0.000000000000000000e+00
3.603064034839493779e-01,1.424987030029296886e-01,7.022649497985839595e+00,9.119999999999999218e+00,3.200000000000000000e+05
3.677781121353930205e-01,5.327063293457031001e+00,1.425006103515625011e-01,9.119999999999999218e+00,0.000000000000000000e+00
3.678019028763598319e-01,5.446016998291015376e+00,1.425006103515625011e-01,9.119999999999999218e+00,3.200000000000000000e+05
3.754450404295890942e-01,1.424987030029296886e-01,7.180505485534667720e+00,9.119999999999999218e+00,0.000000000000000000e+00
3.754766114363640161e-01,1.424987030029296886e-01,7.338360519409179439e+00,9.119999999999999218e+00,3.200000000000000000e+05
3.832911762352563256e-01,5.564968795776366939e+00,1.425006103515625011e-01,9.119999999999999218e+00,0.000000000000000000e+00
3.833149669762231371e-01,5.683922500610351314e+00,1.425006103515625011e-01,9.119999999999999218e+00,3.200000000000000000e+05
3.913009606769010662e-01,1.424987030029296886e-01,7.496216506958007564e+00,9.119999999999999218e+00,0.000000000000000000e+00
3.913325318744108050e-01,1.424987030029296886e-01,7.654072494506835689e+00,9.119999999999999218e+00,3.200000000000000000e+05
3.994899534813226016e-01,5.802874298095702876e+00,1.425006103515625011e-01,9.119999999999999218e+00,0.000000000000000000e+00
3.995137442222894131e-01,5.921828002929687251e+00,1.425006103515625011e-01,9.119999999999999218e+00,3.200000000000000000e+05
4.078425947309867738e-01,1.424987030029296886e-01,7.811928482055663814e+00,9.119999999999999218e+00,0.000000000000000000e+00
4.078741659284965126e-01,1.424987030029296886e-01,7.969784469604491939e+00,9.119999999999999218e+00,3.200000000000000000e+05
4.163744443434277964e-01,6.040779800415038814e+00,1.425006103515625011e-01,9.119999999999999218e+00,0.000000000000000000e+00
4.163982350843946079e-01,6.159733505249023189e+00,1.425006103515625011e-01,9.119999999999999218e+00,3.200000000000000000e+05
4.250699424011114558e-01,1.424987030029296886e-01,8.127640457153320952e+00,9.119999999999999218e+00,0.000000000000000000e+00
4.251015135986211946e-01,1.424987030029296886e-01,8.285496444702149077e+00,9.119999999999999218e+00,3.200000000000000000e+05
4.339446498171236621e-01,6.278687210083007564e+00,1.425006103515625011e-01,9.119999999999999218e+00,0.000000000000000000e+00
4.339684401766207289e-01,6.397639007568359126e+00,1.425006103515625011e-01,9.119999999999999218e+00,3.200000000000000000e+05
4.429830036407862437e-01,1.424987030029296886e-01,8.443351478576660796e+00,9.119999999999999218e+00,0.000000000000000000e+00
4.430145748382959825e-01,1.424987030029296886e-01,8.601207466125488921e+00,9.119999999999999218e+00,3.200000000000000000e+05
4.522005667064712409e-01,6.516591758728027095e+00,1.425006103515625011e-01,9.119999999999999218e+00,0.000000000000000000e+00
4.522243572567031800e-01,6.635544509887695064e+00,1.425006103515625011e-01,9.119999999999999218e+00,3.200000000000000000e+05
4.615817775288881819e-01,1.424987030029296886e-01,8.759063453674317046e+00,9.119999999999999218e+00,0.000000000000000000e+00
4.616133487263979207e-01,1.424987030029296886e-01,8.916919441223145171e+00,9.119999999999999218e+00,3.200000000000000000e+05
4.711421979003684868e-01,6.754498214721679439e+00,1.425006103515625011e-01,9.119999999999999218e+00,0.000000000000000000e+00
4.711659884506004259e-01,6.873450965881347408e+00,1.425006103515625011e-01,9.119999999999999218e+00,3.200000000000000000e+05
4.808662660285807355e-01,1.424987030029296886e-01,9.074775428771973296e+00,9.119999999999999218e+00,0.000000000000000000e+00
4.808978372260904743e-01,1.424987030029296886e-01,9.232631416320801421e+00,9.119999999999999218e+00,3.200000000000000000e+05
4.907695432080805276e-01,6.992403717041015376e+00,1.425006103515625011e-01,9.119999999999999218e+00,0.000000000000000000e+00
4.907933337583124667e-01,7.111356468200683345e+00,1.425006103515625011e-01,9.119999999999999218e+00,3.200000000000000000e+05
5.008364674837414432e-01,1.424987030029296886e-01,9.390486450195313139e+00,9.119999999999999218e+00,0.000000000000000000e+00
5.008680386812511820e-01,1.424987030029296886e-01,9.548342437744141264e+00,9.119999999999999218e+00,3.200000000000000000e+05
5.110826008106899021e-01,7.230309219360351314e+00,1.425006103515625011e-01,9.119999999999999218e+00,0.000000000000000000e+00
5.111063913609218412e-01,7.349261970520019283e+00,1.425006103515625011e-01,9.119999999999999218e+00,3.200000000000000000e+05
5.214923818943703049e-01,1.424987030029296886e-01,9.706198425292969389e+00,9.119999999999999218e+00,0.000000000000000000e+00
5.215239530918800437e-01,1.424987030029296886e-01,9.864054412841797514e+00,9.119999999999999218e+00,3.200000000000000000e+05
5.320813720293382509e-01,7.468214721679687251e+00,1.425006103515625011e-01,9.119999999999999218e+00,0.000000000000000000e+00
5.321051627703050624e-01,7.587168426513671626e+00,1.425006103515625011e-01,9.119999999999999218e+00,3.200000000000000000e+05
5.428340102792633681e-01,1.424987030029296886e-01,1.002190992355346744e+01,9.119999999999999218e+00,0.000000000000000000e+00
5.428655812860382346e-01,1.424987030029296886e-01,1.017976495742797916e+01,9.119999999999999218e+00,3.200000000000000000e+05
5.537658565384354636e-01,7.706121177673339595e+00,1.425006103515625011e-01,9.119999999999999218e+00,0.000000000000000000e+00
5.537896470886674027e-01,7.825073928833007564e+00,1.425006103515625011e-01,9.119999999999999218e+00,3.200000000000000000e+05
5.648613507450743754e-01,1.424987030029296886e-01,1.033762094497680728e+01,9.119999999999999218e+00,0.000000000000000000e+00
5.648929219425841142e-01,1.424987030029296886e-01,1.049547693252563541e+01,9.119999999999999218e+00,3.200000000000000000e+05
5.761360540030008304e-01,7.944026679992675533e+00,1.425006103515625011e-01,9.119999999999999218e+00,0.000000000000000000e+00
5.761598445532327695e-01,8.062979431152344389e+00,1.425006103515625011e-01,9.119999999999999218e+00,3.200000000000000000e+05
5.875680718759761501e-01,1.468932342529296886e-01,1.064750120162963931e+01,9.119999999999999218e+00,0.000000000000000000e+00
5.875918626169429615e-01,2.658469390869140359e-01,1.064750120162963931e+01,9.119999999999999218e+00,3.200000000000000000e+05
5.990000894419105215e-01,8.181932182312012358e+00,1.425006103515625011e-01,9.119999999999999218e+00,0.000000000000000000e+00
5.990238801828773330e-01,8.300885887145996733e+00,1.425006103515625011e-01,9.119999999999999218e+00,3.200000000000000000e+05
6.104321070078448930e-01,3.848006439208984109e-01,1.064750120162963931e+01,9.119999999999999218e+00,0.000000000000000000e+00
6.104558973673419597e-01,5.037524414062499734e-01,1.064750120162963931e+01,9.119999999999999218e+00,3.200000000000000000e+05
6.218641246900853403e-01,8.419838638305664702e+00,1.425006103515625011e-01,9.119999999999999218e+00,0.000000000000000000e+00
6.218879152403172794e-01,8.538791389465332671e+00,1.425006103515625011e-01,9.119999999999999218e+00,3.200000000000000000e+05
6.332961420652848394e-01,6.227061462402343484e-01,1.064750120162963931e+01,9.119999999999999218e+00,0.000000000000000000e+00
6.333199324247819062e-01,7.416579437255859109e-01,1.064750120162963931e+01,9.119999999999999218e+00,3.200000000000000000e+05
6.447281597475252868e-01,8.657744140625000639e+00,1.425006103515625011e-01,9.119999999999999218e+00,0.000000000000000000e+00
6.447519502977572259e-01,8.776696891784668608e+00,1.425006103515625011e-01,9.119999999999999218e+00,3.200000000000000000e+05
6.561601771227247859e-01,8.606116485595702859e-01,1.064750120162963931e+01,9.119999999999999218e+00,0.000000000000000000e+00
6.561839674822218527e-01,9.795634460449218484e-01,1.064750120162963931e+01,9.119999999999999218e+00,3.200000000000000000e+05
6.675921948049652332e-01,8.895649642944336577e+00,1.425006103515625011e-01,9.119999999999999218e+00,0.000000000000000000e+00
6.676159855459320447e-01,9.014603347778320952e+00,1.425006103515625011e-01,9.119999999999999218e+00,3.200000000000000000e+05
6.790242128686754253e-01,1.098517150878906223e+00,1.064750120162963931e+01,9.119999999999999218e+00,0.000000000000000000e+00
6.790480036096422367e-01,1.217470855712890598e+00,1.064750120162963931e+01,9.119999999999999218e+00,3.200000000000000000e+05
6.904562304346097967e-01,9.133556098937988921e+00,1.425006103515625011e-01,9.119999999999999218e+00,0.000000000000000000e+00
6.904800209848417358e-01,9.252508850097656889e+00,1.425006103515625011e-01,9.119999999999999218e+00,3.200000000000000000e+05
7.018882483075851164e-01,1.336422653198242161e+00,1.064750120162963931e+01,9.119999999999999218e+00,0.000000000000000000e+00
7.019120390485519279e-01,1.455376358032226536e+00,1.064750120162963931e+01,9.119999999999999218e+00,3.200000000000000000e+05
7.133202658735194879e-01,9.371461601257324858e+00,1.425006103515625011e-01,9.119999999999999218e+00,0.000000000000000000e+00
7.133440564237514270e-01,9.490414352416992827e+00,1.425006103515625011e-01,9.119999999999999218e+00,3.200000000000000000e+05
7.247522837464948076e-01,1.574328155517578098e+00,1.064750120162963931e+01,9.119999999999999218e+00,0.000000000000000000e+00
7.247760744874616190e-01,1.693281860351562473e+00,1.064750120162963931e+01,9.119999999999999218e+00,3.200000000000000000e+05
7.361843013124291790e-01,9.609367103576660796e+00,1.425006103515625011e-01,9.119999999999999218e+00,0.000000000000000000e+00
7.362080918626611181e-01,9.728319854736328764e+00,1.425006103515625011e-01,9.119999999999999218e+00,3.200000000000000000e+05
7.476163191854044987e-01,1.812233657836914036e+00,1.064750120162963931e+01,9.119999999999999218e+00,0.000000000000000000e+00
7.476401099263713101e-01,1.931187362670898411e+00,1.064750120162963931e+01,9.119999999999999218e+00,3.200000000000000000e+05
7.590483372491146907e-01,9.847273559570313139e+00,1.425006103515625011e-01,9.119999999999999218e+00,0.000000000000000000e+00
7.590721277993466298e-01,9.966226310729981108e+00,1.425006103515625011e-01,9.119999999999999218e+00,3.200000000000000000e+05
7.704803546243141898e-01,2.050141067504883008e+00,1.064750120162963931e+01,9.119999999999999218e+00,0.000000000000000000e+00
7.705041449838112566e-01,2.169092864990234570e+00,1.064750120162963931e+01,9.119999999999999218e+00,3.200000000000000000e+05
7.819123723065546372e-01,1.008517906188964908e+01,1.425006103515625011e-01,9.119999999999999218e+00,0.000000000000000000e+00
7.819361628567865763e-01,1.020413181304931705e+01,1.425006103515625011e-01,9.119999999999999218e+00,3.200000000000000000e+05
7.933443896817541363e-01,2.288046569824218945e+00,1.064750120162963931e+01,9.119999999999999218e+00,0.000000000000000000e+00
7.933681800412512031e-01,2.406998367309570508e+00,1.064750120162963931e+01,9.119999999999999218e+00,3.200000000000000000e+05
8.047764073639945837e-01,1.032308456420898501e+01,1.425006103515625011e-01,9.119999999999999218e+00,0.000000000000000000e+00
8.048001979142265228e-01,1.044203731536865298e+01,1.425006103515625011e-01,9.119999999999999218e+00,3.200000000000000000e+05
8.162084247391940828e-01,2.525952072143554883e+00,1.064750120162963931e+01,9.119999999999999218e+00,0.000000000000000000e+00
8.162322154801608942e-01,2.644905776977539258e+00,1.064750120162963931e+01,9.119999999999999218e+00,3.200000000000000000e+05
8.276404418073526337e-01,1.056099006652832095e+01,1.425006103515625011e-01,9.119999999999999218e+00,0.000000000000000000e+00
8.276642325483194451e-01,1.067994377136230533e+01,1.425006103515625011e-01,9.119999999999999218e+00,3.200000000000000000e+05
8.390724598710628257e-01,2.763857574462890820e+00,1.064750120162963931e+01,9.119999999999999218e+00,0.000000000000000000e+00
8.390962506120296371e-01,2.882811279296875195e+00,1.064750120162963931e+01,9.119999999999999218e+00,3.200000000000000000e+05
8.505044774369971972e-01,1.079889652252197330e+01,1.425006103515625011e-01,9.119999999999999218e+00,0.000000000000000000e+00
8.505282679872291363e-01,1.091784927368164126e+01,1.425006103515625011e-01,9.119999999999999218e+00,3.200000000000000000e+05
8.619364953099725168e-01,3.001763076782226758e+00,1.064750120162963931e+01,9.119999999999999218e+00,0.000000000000000000e+00
8.619602860509393283e-01,3.120716781616211133e+00,1.064750120162963931e+01,9.119999999999999218e+00,3.200000000000000000e+05
8.733685128759068883e-01,1.103680202484130923e+01,1.425006103515625011e-01,9.119999999999999218e+00,0.000000000000000000e+00
8.733923034261388274e-01,1.115575477600097720e+01,1.425006103515625011e-01,9.119999999999999218e+00,3.200000000000000000e+05
8.848005307488822080e-01,3.239668579101562695e+00,1.064750120162963931e+01,9.119999999999999218e+00,0.000000000000000000e+00
8.848243214898490194e-01,3.358622283935547070e+00,1.064750120162963931e+01,9.119999999999999218e+00,3.200000000000000000e+05
8.962325483148165794e-01,1.127470752716064517e+01,1.425006103515625011e-01,9.119999999999999218e+00,0.000000000000000000e+00
8.962563388650485185e-01,1.139366027832031314e+01,1.425006103515625011e-01,9.119999999999999218e+00,3.200000000000000000e+05
9.076645651922402580e-01,3.477575988769531445e+00,1.064750120162963931e+01,9.119999999999999218e+00,0.000000000000000000e+00
9.076883555517373248e-01,3.596527786254883008e+00,1.064750120162963931e+01,9.119999999999999218e+00,3.200000000000000000e+05
9.190965828744807053e-01,1.151261398315429751e+01,1.425006103515625011e-01,9.119999999999999218e+00,0.000000000000000000e+00
9.191203734247126445e-01,1.163156673431396548e+01,1.425006103515625011e-01,9.119999999999999218e+00,3.200000000000000000e+05
9.305286002496802045e-01,3.715481491088867383e+00,1.064750120162963931e+01,9.119999999999999218e+00,0.000000000000000000e+00
9.305523906091772712e-01,3.834433288574218945e+00,1.064750120162963931e+01,9.119999999999999218e+00,3.200000000000000000e+05
9.419606179319206518e-01,1.175051948547363345e+01,1.425006103515625011e-01,9.119999999999999218e+00,0.000000000000000000e+00
9.419844084821525909e-01,1.186947223663330142e+01,1.425006103515625011e-01,9.119999999999999218e+00,3.200000000000000000e+05
9.533926353071201509e-01,3.953386993408203320e+00,1.064750120162963931e+01,9.119999999999999218e+00,0.000000000000000000e+00
9.534164256666172177e-01,4.072338790893554439e+00,1.064750120162963931e+01,9.119999999999999218e+00,3.200000000000000000e+05
9.648246529893605983e-01,1.198842498779296939e+01,1.425006103515625011e-01,9.119999999999999218e+00,0.000000000000000000e+00
9.648484435395925374e-01,1.210737773895263736e+01,1.425006103515625011e-01,9.119999999999999218e+00,3.200000000000000000e+05
9.762566703645600974e-01,4.191292495727538814e+00,1.064750120162963931e+01,9.119999999999999218e+00,0.000000000000000000e+00
9.762804611055269088e-01,4.310246200561523189e+00,1.064750120162963931e+01,9.119999999999999218e+00,3.200000000000000000e+05
9.876886874327186483e-01,1.222633049011230533e+01,1.425006103515625011e-01,9.119999999999999218e+00,0.000000000000000000e+00
9.877124781736854597e-01,1.234528419494628970e+01,1.425006103515625011e-01,9.119999999999999218e+00,3.200000000000000000e+05
9.991207054964288403e-01,4.429197998046874751e+00,1.064750120162963931e+01,9.119999999999999218e+00,0.000000000000000000e+00
9.991444962373956518e-01,4.548151702880859126e+00,1.064750120162963931e+01,9.119999999999999218e+00,3.200000000000000000e+05
1.010552723062363212e+00,1.246423694610595767e+01,1.425006103515625011e-01,9.119999999999999218e+00,0.000000000000000000e+00
1.010576513612595040e+00,1.258318969726562564e+01,1.425006103515625011e-01,9.119999999999999218e+00,3.200000000000000000e+05
1.021984740935338420e+00,4.667103500366210689e+00,1.064750120162963931e+01,9.119999999999999218e+00,0.000000000000000000e+00
1.022008531676305232e+00,4.786057205200195064e+00,1.064750120162963931e+01,9.119999999999999218e+00,3.200000000000000000e+05
1.033416758501272792e+00,1.270214244842529361e+01,1.425006103515625011e-01,9.119999999999999218e+00,0.000000000000000000e+00
1.033440549051504620e+00,1.282109519958496158e+01,1.425006103515625011e-01,9.119999999999999218e+00,3.200000000000000000e+05
1.044848776374248001e+00,4.905009002685546626e+00,1.064750120162963931e+01,9.119999999999999218e+00,0.000000000000000000e+00
1.044872567115214812e+00,5.023962707519531001e+00,1.064750120162963931e+01,9.119999999999999218e+00,3.200000000000000000e+05
1.056280793940182372e+00,1.294004795074462955e+01,1.425006103515625011e-01,9.119999999999999218e+00,0.000000000000000000e+00
1.056304584490414200e+00,1.305900070190429751e+01,1.425006103515625011e-01,9.119999999999999218e+00,3.200000000000000000e+05
1.067712810817605940e+00,5.142916412353515376e+00,1.064750120162963931e+01,9.119999999999999218e+00,0.000000000000000000e+00
1.067736601177103006e+00,5.261868209838866939e+00,1.064750120162963931e+01,9.119999999999999218e+00,3.200000000000000000e+05
1.079144828499846387e+00,1.317795440673828189e+01,1.425006103515625011e-01,9.119999999999999218e+00,0.000000000000000000e+00
1.079168619050078215e+00,1.329690715789794986e+01,1.425006103515625011e-01,9.119999999999999218e+00,3.200000000000000000e+05
1.090576845875045775e+00,5.380821914672851314e+00,1.064750120162963931e+01,9.119999999999999218e+00,0.000000000000000000e+00
1.090600636234542842e+00,5.499773712158202876e+00,1.064750120162963931e+01,9.119999999999999218e+00,3.200000000000000000e+05
1.102008863557286222e+00,1.341585990905761783e+01,1.425006103515625011e-01,9.119999999999999218e+00,0.000000000000000000e+00
1.102032654107518050e+00,1.353481266021728580e+01,1.425006103515625011e-01,9.119999999999999218e+00,3.200000000000000000e+05
1.113440880932485610e+00,5.618727416992187251e+00,1.064750120162963931e+01,9.119999999999999218e+00,0.000000000000000000e+00
1.113464671291982677e+00,5.737679214477538814e+00,1.064750120162963931e+01,9.119999999999999218e+00,3.200000000000000000e+05
1.124872898614726058e+00,1.365376541137695376e+01,1.425006103515625011e-01,9.119999999999999218e+00,0.000000000000000000e+00
1.124896689164957886e+00,1.377271816253662173e+01,1.425006103515625011e-01,9.119999999999999218e+00,3.200000000000000000e+05
1.136304915989925446e+00,5.856632919311523189e+00,1.064750120162963931e+01,9.119999999999999218e+00,0.000000000000000000e+00
1.136328706730892257e+00,5.975586624145507564e+00,1.064750120162963931e+01,9.119999999999999218e+00,3.200000000000000000e+05
1.147736933058083997e+00,1.389167091369628970e+01,1.425006103515625011e-01,9.119999999999999218e+00,0.000000000000000000e+00
1.147760723799050808e+00,1.401062461853027408e+01,1.425006103515625011e-01,9.119999999999999218e+00,3.200000000000000000e+05
1.159168951121794189e+00,6.094538421630859126e+00,1.064750120162963931e+01,9.119999999999999218e+00,0.000000000000000000e+00
1.159192741862761000e+00,6.213492126464843501e+00,1.064750120162963931e+01,9.119999999999999218e+00,3.200000000000000000e+05
1.170600968687728560e+00,1.412957736968994205e+01,1.425006103515625011e-01,9.119999999999999218e+00,0.000000000000000000e+00
1.170624759237960388e+00,1.424853012084961001e+01,1.425006103515625011e-01,9.119999999999999218e+00,3.200000000000000000e+05
1.182032986560703769e+00,6.332443923950195064e+00,1.064750120162963931e+01,9.119999999999999218e+00,0.000000000000000000e+00
1.182056777301670580e+00,6.451397628784179439e+00,1.064750120162963931e+01,9.119999999999999218e+00,3.200000000000000000e+05
1.193465004126638140e+00,1.436748287200927798e+01,1.425006103515625011e-01,9.119999999999999218e+00,0.000000000000000000e+00
1.193488794676869968e+00,1.448643562316894595e+01,1.425006103515625011e-01,9.119999999999999218e+00,3.200000000000000000e+05
1.204897021501837528e+00,6.570350379943847408e+00,1.064750120162963931e+01,9.119999999999999218e+00,0.000000000000000000e+00
1.204920812052069357e+00,6.689303131103515376e+00,1.064750120162963931e+01,9.119999999999999218e+00,3.200000000000000000e+05
1.216329038628149117e+00,1.460538789749145572e+01,1.425006103515625011e-01,9.119999999999999218e+00,0.000000000000000000e+00
1.216352829178380945e+00,1.472434064865112369e+01,1.425006103515625011e-01,9.119999999999999218e+00,3.200000000000000000e+05
1.227761055754460706e+00,6.808255882263183345e+00,1.064750120162963931e+01,9.119999999999999218e+00,0.000000000000000000e+00
1.227784846304692534e+00,6.927208633422851314e+00,1.064750120162963931e+01,9.119999999999999218e+00,3.200000000000000000e+05
1.239193073378547894e+00,1.484329435348510806e+01,1.425006103515625011e-01,9.119999999999999218e+00,0.000000000000000000e+00
1.239216863928779722e+00,1.496224710464477603e+01,1.425006103515625011e-01,9.119999999999999218e+00,3.200000000000000000e+05
1.250625091002635081e+00,7.046161384582519283e+00,1.064750120162963931e+01,9.119999999999999218e+00,0.000000000000000000e+00
1.250648881743601892e+00,7.165115089416503658e+00,1.064750120162963931e+01,9.119999999999999218e+00,3.200000000000000000e+05
1.262057108319681653e+00,1.508119985580444400e+01,1.425006103515625011e-01,9.119999999999999218e+00,0.000000000000000000e+00
1.262080898869913481e+00,1.520015260696411197e+01,1.425006103515625011e-01,9.119999999999999218e+00,3.200000000000000000e+05
1.273489125445993242e+00,7.284067840576171626e+00,1.064750120162963931e+01,9.119999999999999218e+00,0.000000000000000000e+00
1.273512915996225070e+00,7.403020591735839595e+00,1.064750120162963931e+01,9.119999999999999218e+00,3.200000000000000000e+05
1.284921142572304831e+00,1.531910535812377994e+01,1.425006103515625011e-01,9.119999999999999218e+00,0.000000000000000000e+00
1.284944933122536659e+00,1.543805810928344791e+01,1.425006103515625011e-01,9.119999999999999218e+00,3.200000000000000000e+05
1.296353159698616420e+00,7.521973342895507564e+00,1.064750120162963931e+01,9.119999999999999218e+00,0.000000000000000000e+00
1.296376950248848248e+00,7.640926094055175533e+00,1.064750120162963931e+01,9.119999999999999218e+00,3.200000000000000000e+05
1.307785176824928008e+00,1.555701086044311587e+01,1.425006103515625011e-01,9.119999999999999218e+00,0.000000000000000000e+00
1.307808967565894820e+00,1.567596456527710025e+01,1.425006103515625011e-01,9.119999999999999218e+00,3.200000000000000000e+05
1.319217194639750179e+00,7.759878845214843501e+00,1.064750120162963931e+01,9.119999999999999218e+00,0.000000000000000000e+00
1.319240985189982007e+00,7.878831596374511470e+00,1.064750120162963931e+01,9.119999999999999218e+00,3.200000000000000000e+05
1.330649212263837367e+00,1.579491731643676822e+01,1.425006103515625011e-01,9.119999999999999218e+00,0.000000000000000000e+00
1.330673002814069195e+00,1.591387006759643619e+01,1.425006103515625011e-01,9.119999999999999218e+00,3.200000000000000000e+05
1.342081229390148955e+00,7.997785301208495845e+00,1.064750120162963931e+01,9.119999999999999218e+00,0.000000000000000000e+00
1.342105019940380783e+00,8.116738052368164702e+00,1.064750120162963931e+01,9.119999999999999218e+00,3.200000000000000000e+05
1.353513246516460544e+00,1.603282281875610238e+01,1.425006103515625011e-01,9.119999999999999218e+00,0.000000000000000000e+00
1.353537037066692372e+00,1.615177556991577035e+01,1.425006103515625011e-01,9.119999999999999218e+00,3.200000000000000000e+05
1.364945263642772133e+00,8.235690803527832671e+00,1.064750120162963931e+01,9.119999999999999218e+00,0.000000000000000000e+00
1.364969054193003961e+00,8.354643554687500639e+00,1.064750120162963931e+01,9.119999999999999218e+00,3.200000000000000000e+05
1.376377280769083722e+00,1.627072832107543832e+01,1.425006103515625011e-01,9.119999999999999218e+00,0.000000000000000000e+00
1.376401071510050533e+00,1.638968202590942269e+01,1.425006103515625011e-01,9.119999999999999218e+00,3.200000000000000000e+05
1.387809298583905893e+00,8.473596305847168608e+00,1.064750120162963931e+01,9.119999999999999218e+00,0.000000000000000000e+00
1.387833089324872704e+00,8.592550010681152983e+00,1.064750120162963931e+01,9.119999999999999218e+00,3.200000000000000000e+05
1.399241315403176644e+00,1.650863382339477425e+01,1.425006103515625011e-01,9.119999999999999218e+00,0.000000000000000000e+00
1.399265106144143456e+00,1.662758752822875863e+01,1.425006103515625011e-01,9.119999999999999218e+00,3.200000000000000000e+05
1.410673332720222994e+00,8.711502761840820952e+00,1.064750120162963931e+01,9.119999999999999218e+00,0.000000000000000000e+00
1.410697123270454822e+00,8.830455513000488921e+00,1.064750120162963931e+01,9.119999999999999218e+00,3.200000000000000000e+05
1.422105349348758763e+00,1.674653932571411019e+01,1.425006103515625011e-01,9.119999999999999218e+00,0.000000000000000000e+00
1.422129140089725574e+00,1.686549303054809457e+01,1.425006103515625011e-01,9.119999999999999218e+00,3.200000000000000000e+05
1.433537366665805113e+00,8.949408264160156889e+00,1.064750120162963931e+01,9.119999999999999218e+00,0.000000000000000000e+00
1.433561157216036941e+00,9.068361015319824858e+00,1.064750120162963931e+01,9.119999999999999218e+00,3.200000000000000000e+05
1.444969384289892300e+00,1.698444673538207894e+01,1.425006103515625011e-01,9.119999999999999218e+00,0.000000000000000000e+00
1.444993174649389367e+00,1.710339853286743050e+01,1.425006103515625011e-01,9.119999999999999218e+00,3.200000000000000000e+05
1.456401401225468906e+00,9.187313766479492827e+00,1.064750120162963931e+01,9.119999999999999218e+00,0.000000000000000000e+00
1.456425191775700734e+00,9.306266517639160796e+00,1.064750120162963931e+01,9.119999999999999218e+00,3.200000000000000000e+05
1.467833418849556093e+00,1.722235223770141488e+01,1.425006103515625011e-01,9.119999999999999218e+00,0.000000000000000000e+00
1.467857209209053160e+00,1.734130403518676644e+01,1.425006103515625011e-01,9.119999999999999218e+00,3.200000000000000000e+05
1.479265435287357100e+00,9.425220222473145171e+00,1.064750120162963931e+01,9.119999999999999218e+00,0.000000000000000000e+00
1.479289225837588928e+00,9.544172973632813139e+00,1.064750120162963931e+01,9.119999999999999218e+00,3.200000000000000000e+05
1.490697452413668689e+00,1.746025774002075082e+01,1.425006103515625011e-01,9.119999999999999218e+00,0.000000000000000000e+00
1.490721242773165756e+00,1.757920953750610238e+01,1.425006103515625011e-01,9.119999999999999218e+00,3.200000000000000000e+05
1.502129468851469696e+00,9.663125724792481108e+00,1.064750120162963931e+01,9.119999999999999218e+00,0.000000000000000000e+00
1.502153259401701524e+00,9.782078475952149077e+00,1.064750120162963931e+01,9.119999999999999218e+00,3.200000000000000000e+05
1.513561485977781285e+00,1.769816324234008675e+01,1.425006103515625011e-01,9.119999999999999218e+00,0.000000000000000000e+00
1.513585276718748096e+00,1.781711694717407113e+01,1.425006103515625011e-01,9.119999999999999218e+00,3.200000000000000000e+05
1.524993503792603455e+00,9.901031227111817046e+00,1.064750120162963931e+01,9.119999999999999218e+00,0.000000000000000000e+00
1.525017294342835283e+00,1.001998397827148501e+01,1.064750120162963931e+01,9.119999999999999218e+00,3.200000000000000000e+05
1.536425520918915044e+00,1.793606874465942269e+01,1.425006103515625011e-01,9.119999999999999218e+00,0.000000000000000000e+00
1.536449311659881856e+00,1.805502244949340707e+01,1.425006103515625011e-01,9.119999999999999218e+00,3.200000000000000000e+05
1.547857538733737215e+00,1.013893672943115298e+01,1.064750120162963931e+01,9.119999999999999218e+00,0.000000000000000000e+00
1.547881329474704026e+00,1.025789043426513736e+01,1.064750120162963931e+01,9.119999999999999218e+00,3.200000000000000000e+05
1.559289555553007967e+00,1.817397424697875863e+01,1.425006103515625011e-01,9.119999999999999218e+00,0.000000000000000000e+00
1.559313346293974778e+00,1.829292795181274300e+01,1.425006103515625011e-01,9.119999999999999218e+00,3.200000000000000000e+05
1.570721572870054317e+00,1.037684318542480533e+01,1.064750120162963931e+01,9.119999999999999218e+00,0.000000000000000000e+00
1.570745363420286145e+00,1.049579593658447330e+01,1.064750120162963931e+01,9.119999999999999218e+00,3.200000000000000000e+05
1.582153589498590085e+00,1.841187974929809457e+01,1.425006103515625011e-01,9.119999999999999218e+00,0.000000000000000000e+00
1.582177380239556896e+00,1.853083345413207894e+01,1.425006103515625011e-01,9.119999999999999218e+00,3.200000000000000000e+05
1.593585606815636435e+00,1.061474868774414126e+01,1.064750120162963931e+01,9.119999999999999218e+00,0.000000000000000000e+00
1.593609397365868263e+00,1.073370143890380923e+01,1.064750120162963931e+01,9.119999999999999218e+00,3.200000000000000000e+05
1.605017624439723622e+00,1.864978715896606332e+01,1.425006103515625011e-01,9.119999999999999218e+00,0.000000000000000000e+00
1.605041414799220689e+00,1.876873895645141488e+01,1.425006103515625011e-01,9.119999999999999218e+00,3.200000000000000000e+05
1.616449641375300228e+00,1.085265419006347720e+01,1.064750120162963931e+01,9.119999999999999218e+00,0.000000000000000000e+00
1.616473431925532056e+00,1.097160694122314517e+01,1.064750120162963931e+01,9.119999999999999218e+00,3.200000000000000000e+05
1.627881658999387415e+00,1.888769266128539925e+01,1.425006103515625011e-01,9.119999999999999218e+00,0.000000000000000000e+00
1.627905449358884482e+00,1.900664445877075082e+01,1.425006103515625011e-01,9.119999999999999218e+00,3.200000000000000000e+05
1.639313675437188422e+00,1.109056064605712955e+01,1.064750120162963931e+01,9.119999999999999218e+00,0.000000000000000000e+00
1.639337465987420250e+00,1.120951339721679751e+01,1.064750120162963931e+01,9.119999999999999218e+00,3.200000000000000000e+05
1.650745692563500011e+00,1.912559816360473519e+01,1.425006103515625011e-01,9.119999999999999218e+00,0.000000000000000000e+00
1.650769482922997078e+00,1.924454996109008675e+01,1.425006103515625011e-01,9.119999999999999218e+00,3.200000000000000000e+05
1.662177709001301018e+00,1.132846614837646548e+01,1.064750120162963931e+01,9.119999999999999218e+00,0.000000000000000000e+00
1.662201499551532846e+00,1.144741889953613345e+01,1.064750120162963931e+01,9.119999999999999218e+00,3.200000000000000000e+05
1.673609726127612607e+00,1.936350366592407113e+01,1.425006103515625011e-01,9.119999999999999218e+00,0.000000000000000000e+00
1.673633516868579418e+00,1.948245737075805550e+01,1.425006103515625011e-01,9.119999999999999218e+00,3.200000000000000000e+05
1.685041743942434778e+00,1.156637165069580142e+01,1.064750120162963931e+01,9.119999999999999218e+00,0.000000000000000000e+00
1.685065534492666606e+00,1.168532440185546939e+01,1.064750120162963931e+01,9.119999999999999218e+00,3.200000000000000000e+05
1.696473761068746366e+00,1.960140916824340707e+01,1.425006103515625011e-01,9.119999999999999218e+00,0.000000000000000000e+00
1.696497551809713178e+00,1.972036287307739144e+01,1.425006103515625011e-01,9.119999999999999218e+00,3.200000000000000000e+05
1.707905778883568537e+00,1.180427715301513736e+01,1.064750120162963931e+01,9.119999999999999218e+00,0.000000000000000000e+00
1.707929569624535349e+00,1.192323085784912173e+01,1.064750120162963931e+01,9.119999999999999218e+00,3.200000000000000000e+05
1.719337795702839289e+00,1.983931467056274300e+01,1.425006103515625011e-01,9.119999999999999218e+00,0.000000000000000000e+00
1.719361586443806100e+00,1.995826837539672738e+01,1.425006103515625011e-01,9.119999999999999218e+00,3.200000000000000000e+05
1.730769813019885639e+00,1.204218360900878970e+01,1.064750120162963931e+01,9.119999999999999218e+00,0.000000000000000000e+00
1.730793603570117467e+00,1.216113636016845767e+01,1.064750120162963931e+01,9.119999999999999218e+00,3.200000000000000000e+05
1.742201829648421407e+00,2.007722017288207894e+01,1.425006103515625011e-01,9.119999999999999218e+00,0.000000000000000000e+00
1.742225620389388219e+00,2.019617387771606332e+01,1.425006103515625011e-01,9.119999999999999218e+00,3.200000000000000000e+05
1.753633846965467757e+00,1.228008911132812564e+01,1.064750120162963931e+01,9.119999999999999218e+00,0.000000000000000000e+00
1.753657637515699586e+00,1.239904186248779361e+01,1.064750120162963931e+01,9.119999999999999218e+00,3.200000000000000000e+05
1.765065864589554945e+00,2.031512758255004769e+01,1.425006103515625011e-01,9.119999999999999218e+00,0.000000000000000000e+00
1.765089654949052012e+00,2.043407938003539925e+01,1.425006103515625011e-01,9.119999999999999218e+00,3.200000000000000000e+05
1.776497881525131550e+00,1.251799461364746158e+01,1.064750120162963931e+01,9.119999999999999218e+00,0.000000000000000000e+00
1.776521672075363378e+00,1.263694736480712955e+01,1.064750120162963931e+01,9.119999999999999218e+00,3.200000000000000000e+05
1.787929899211440743e+00,2.055303320407867318e+01,1.425006103515625011e-01,9.119999999999999218e+00,0.000000000000000000e+00
1.787953689570937810e+00,2.067198500156402474e+01,1.425006103515625011e-01,9.119999999999999218e+00,3.200000000000000000e+05
1.799361915711463755e+00,1.275590106964111392e+01,1.064750120162963931e+01,9.119999999999999218e+00,0.000000000000000000e+00
1.799385706261695583e+00,1.287485382080078189e+01,1.064750120162963931e+01,9.119999999999999218e+00,3.200000000000000000e+05
1.810793932899997127e+00,2.079093870639800912e+01,1.425006103515625011e-01,9.119999999999999218e+00,0.000000000000000000e+00
1.810817723259494194e+00,2.090989050388336068e+01,1.425006103515625011e-01,9.119999999999999218e+00,3.200000000000000000e+05
1.822225949400020140e+00,1.299380657196044986e+01,1.064750120162963931e+01,9.119999999999999218e+00,0.000000000000000000e+00
1.822249739950251968e+00,1.311275932312011783e+01,1.064750120162963931e+01,9.119999999999999218e+00,3.200000000000000000e+05
1.833657966588553512e+00,2.102884420871734505e+01,1.425006103515625011e-01,9.119999999999999218e+00,0.000000000000000000e+00
1.833681757329520323e+00,2.114779791355132943e+01,1.425006103515625011e-01,9.119999999999999218e+00,3.200000000000000000e+05
1.845089984465597688e+00,1.323171207427978580e+01,1.064750120162963931e+01,9.119999999999999218e+00,0.000000000000000000e+00
1.845113775015829516e+00,1.335066482543945376e+01,1.064750120162963931e+01,9.119999999999999218e+00,3.200000000000000000e+05
1.856522001654131060e+00,2.126674971103668099e+01,1.425006103515625011e-01,9.119999999999999218e+00,0.000000000000000000e+00
1.856545792395097871e+00,2.138570341587066537e+01,1.425006103515625011e-01,9.119999999999999218e+00,3.200000000000000000e+05
1.867954019531175236e+00,1.346961757659912173e+01,1.064750120162963931e+01,9.119999999999999218e+00,0.000000000000000000e+00
1.867977810272142047e+00,1.358857128143310611e+01,1.064750120162963931e+01,9.119999999999999218e+00,3.200000000000000000e+05
1.879386036381556879e+00,2.150465515375137215e+01,1.425006103515625011e-01,9.119999999999999218e+00,0.000000000000000000e+00
1.879409827122523691e+00,2.162360885858535653e+01,1.425006103515625011e-01,9.119999999999999218e+00,3.200000000000000000e+05
1.890818053729714343e+00,1.370752403259277408e+01,1.064750120162963931e+01,9.119999999999999218e+00,0.000000000000000000e+00
1.890841844279946171e+00,1.382647678375244205e+01,1.064750120162963931e+01,9.119999999999999218e+00,3.200000000000000000e+05
1.902250070389361003e+00,2.174256065607070809e+01,1.425006103515625011e-01,9.119999999999999218e+00,0.000000000000000000e+00
1.902273861130327814e+00,2.186151436090469247e+01,1.425006103515625011e-01,9.119999999999999218e+00,3.200000000000000000e+05
1.913682087737518467e+00,1.394542953491211001e+01,1.064750120162963931e+01,9.119999999999999218e+00,0.000000000000000000e+00
1.913705878287750295e+00,1.406438228607177798e+01,1.064750120162963931e+01,9.119999999999999218e+00,3.200000000000000000e+05
1.925114105392716768e+00,2.198046806573867684e+01,1.425006103515625011e-01,9.119999999999999218e+00,0.000000000000000000e+00
1.925137895758174400e+00,2.209941989302635079e+01,1.425006103515625011e-01,9.119999999999999218e+00,3.200000000000000000e+05
1.936546122380920609e+00,1.418333503723144595e+01,1.064750120162963931e+01,9.119999999999999218e+00,0.000000000000000000e+00
1.936569912931152437e+00,1.430228778839111392e+01,1.064750120162963931e+01,9.119999999999999218e+00,3.200000000000000000e+05
1.947978140051674467e+00,2.221837359786033517e+01,1.425006103515625011e-01,9.119999999999999218e+00,0.000000000000000000e+00
1.948001930408191251e+00,2.233732538044452554e+01,1.425006103515625011e-01,9.119999999999999218e+00,3.200000000000000000e+05
1.959410156525383861e+00,1.442124149322509830e+01,1.064750120162963931e+01,9.119999999999999218e+00,0.000000000000000000e+00
1.959433946980248420e+00,1.454019376754760806e+01,1.064750120162963931e+01,9.119999999999999218e+00,3.200000000000000000e+05
1.970842173844104650e+00,2.245627908527850991e+01,1.425006103515625011e-01,9.119999999999999218e+00,0.000000000000000000e+00
1.970865964203601717e+00,2.257523088276386147e+01,1.425006103515625011e-01,9.119999999999999218e+00,3.200000000000000000e+05
1.982274190569682126e+00,1.465914651870727603e+01,1.064750120162963931e+01,9.119999999999999218e+00,0.000000000000000000e+00
1.982297981119913954e+00,1.477809926986694400e+01,1.064750120162963931e+01,9.119999999999999218e+00,3.200000000000000000e+05
1.993706207983770184e+00,2.269418458759784585e+01,1.425006103515625011e-01,9.119999999999999218e+00,0.000000000000000000e+00
1.993729998727717279e+00,2.281313830733299142e+01,1.425006103515625011e-01,9.119999999999999218e+00,3.200000000000000000e+05
2.005138226097127330e+00,1.489705202102661197e+01,1.064750120162963931e+01,9.119999999999999218e+00,0.000000000000000000e+00
2.005162016647359380e+00,1.501600477218627994e+01,1.064750120162963931e+01,9.119999999999999218e+00,3.200000000000000000e+05
2.016570243518993610e+00,2.293209010481834298e+01,1.425006103515625011e-01,9.119999999999999218e+00,0.000000000000000000e+00
2.016594034254000078e+00,2.305104377985000497e+01,1.425006103515625011e-01,9.119999999999999218e+00,3.200000000000000000e+05
2.028002261607854351e+00,1.513495752334594791e+01,1.064750120162963931e+01,9.119999999999999218e+00,0.000000000000000000e+00
2.028026052348820940e+00,1.525391122817993228e+01,1.064750120162963931e+01,9.119999999999999218e+00,3.200000000000000000e+05
2.039434278707123571e+00,2.316999557733535653e+01,1.425006103515625011e-01,9.119999999999999218e+00,0.000000000000000000e+00
2.039458069448090161e+00,2.328894928216934090e+01,1.425006103515625011e-01,9.119999999999999218e+00,3.200000000000000000e+05
2.050866296304168834e+00,1.537286397933960025e+01,1.064750120162963931e+01,9.119999999999999218e+00,0.000000000000000000e+00
2.050890086854400884e+00,1.549181673049926822e+01,1.064750120162963931e+01,9.119999999999999218e+00,3.200000000000000000e+05
2.062298313212703516e+00,2.340790107965469247e+01,1.425006103515625011e-01,9.119999999999999218e+00,0.000000000000000000e+00
2.062322103965591236e+00,2.352685484409332162e+01,1.425006103515625011e-01,9.119999999999999218e+00,3.200000000000000000e+05
2.073730330852780579e+00,1.561076948165893619e+01,1.064750120162963931e+01,9.119999999999999218e+00,0.000000000000000000e+00
2.073754121403012629e+00,1.572972223281860416e+01,1.064750120162963931e+01,9.119999999999999218e+00,3.200000000000000000e+05
2.085162348787978015e+00,2.364580854892730599e+01,1.425006103515625011e-01,9.119999999999999218e+00,0.000000000000000000e+00
2.085186139147475082e+00,2.376476034641265755e+01,1.425006103515625011e-01,9.119999999999999218e+00,3.200000000000000000e+05
2.096594366034664425e+00,1.584867498397827212e+01,1.064750120162963931e+01,9.119999999999999218e+00,0.000000000000000000e+00
2.096618156584896475e+00,1.596762773513794009e+01,1.064750120162963931e+01,9.119999999999999218e+00,3.200000000000000000e+05
2.108026383969861861e+00,2.388371405124664193e+01,1.425006103515625011e-01,9.119999999999999218e+00,0.000000000000000000e+00
2.108050174329358928e+00,2.400266584873199349e+01,1.425006103515625011e-01,9.119999999999999218e+00,3.200000000000000000e+05
2.119458400718772673e+00,1.608658143997192269e+01,1.064750120162963931e+01,9.119999999999999218e+00,0.000000000000000000e+00
2.119482191269004723e+00,1.620553419113159066e+01,1.064750120162963931e+01,9.119999999999999218e+00,3.200000000000000000e+05
2.130890418156194066e+00,2.412161955356597787e+01,1.425006103515625011e-01,9.119999999999999218e+00,0.000000000000000000e+00
2.130914208515691133e+00,2.424057135105132943e+01,1.425006103515625011e-01,9.119999999999999218e+00,3.200000000000000000e+05
2.142322434905104878e+00,1.632448694229125863e+01,1.064750120162963931e+01,9.119999999999999218e+00,0.000000000000000000e+00
2.142346225264601944e+00,1.644343873977661019e+01,1.064750120162963931e+01,9.119999999999999218e+00,3.200000000000000000e+05
2.153754452649567330e+00,2.435952505588531380e+01,1.425006103515625011e-01,9.119999999999999218e+00,0.000000000000000000e+00
2.153778243390533920e+00,2.447847876071929818e+01,1.425006103515625011e-01,9.119999999999999218e+00,3.200000000000000000e+05
2.165186470775499306e+00,1.656239244461059457e+01,1.064750120162963931e+01,9.119999999999999218e+00,0.000000000000000000e+00
2.165210261516465895e+00,1.668134614944457894e+01,1.064750120162963931e+01,9.119999999999999218e+00,3.200000000000000000e+05
2.176618487843657856e+00,2.459743043899536019e+01,1.425006103515625011e-01,9.119999999999999218e+00,0.000000000000000000e+00
2.176642278584624446e+00,2.471638414382934457e+01,1.425006103515625011e-01,9.119999999999999218e+00,3.200000000000000000e+05
2.188050505907367604e+00,1.680029794692993050e+01,1.064750120162963931e+01,9.119999999999999218e+00,0.000000000000000000e+00
2.188074296648334194e+00,1.691925165176391488e+01,1.064750120162963931e+01,9.119999999999999218e+00,3.200000000000000000e+05
2.199482522975526155e+00,2.483533594131469613e+01,1.425006103515625011e-01,9.119999999999999218e+00,0.000000000000000000e+00
2.199506313716492745e+00,2.495428964614868050e+01,1.425006103515625011e-01,9.119999999999999218e+00,3.200000000000000000e+05
2.210914541039235903e+00,1.703820344924926644e+01,1.064750120162963931e+01,9.119999999999999218e+00,0.000000000000000000e+00
2.210938331780202493e+00,1.715715715408325082e+01,1.064750120162963931e+01,9.119999999999999218e+00,3.200000000000000000e+05
2.222346558107394454e+00,2.507324144363403207e+01,1.425006103515625011e-01,9.119999999999999218e+00,0.000000000000000000e+00
2.222370348848361044e+00,2.519219514846801644e+01,1.425006103515625011e-01,9.119999999999999218e+00,3.200000000000000000e+05
2.233778576171104202e+00,1.727610895156860238e+01,1.064750120162963931e+01,9.119999999999999218e+00,0.000000000000000000e+00
2.233802366912070791e+00,1.739506265640258675e+01,1.064750120162963931e+01,9.119999999999999218e+00,3.200000000000000000e+05
2.245210594234813950e+00,2.531114885330200082e+01,1.425006103515625011e-01,9.119999999999999218e+00,0.000000000000000000e+00
2.245234384594311017e+00,2.543010065078735238e+01,1.425006103515625011e-01,9.119999999999999218e+00,3.200000000000000000e+05
2.256642610921502978e+00,1.751401636123657113e+01,1.064750120162963931e+01,9.119999999999999218e+00,0.000000000000000000e+00
2.256666401281000045e+00,1.763296815872192269e+01,1.064750120162963931e+01,9.119999999999999218e+00,3.200000000000000000e+05
2.268074628603743204e+00,2.554905435562133675e+01,1.425006103515625011e-01,9.119999999999999218e+00,0.000000000000000000e+00
2.268098418963240270e+00,2.566800615310668832e+01,1.425006103515625011e-01,9.119999999999999218e+00,3.200000000000000000e+05
2.279506645290432232e+00,1.775192186355590707e+01,1.064750120162963931e+01,9.119999999999999218e+00,0.000000000000000000e+00
2.279530435649929299e+00,1.787087366104125863e+01,1.064750120162963931e+01,9.119999999999999218e+00,3.200000000000000000e+05
2.290938662972672457e+00,2.578695985794067269e+01,1.425006103515625011e-01,9.119999999999999218e+00,0.000000000000000000e+00
2.290962453332169524e+00,2.590591165542602425e+01,1.425006103515625011e-01,9.119999999999999218e+00,3.200000000000000000e+05
2.302370679659361485e+00,1.798982736587524300e+01,1.064750120162963931e+01,9.119999999999999218e+00,0.000000000000000000e+00
2.302394470018858552e+00,1.810877916336059457e+01,1.064750120162963931e+01,9.119999999999999218e+00,3.200000000000000000e+05
2.313802697341601711e+00,2.602486536026000863e+01,1.425006103515625011e-01,9.119999999999999218e+00,0.000000000000000000e+00
2.313826488082568300e+00,2.614381906509399300e+01,1.425006103515625011e-01,9.119999999999999218e+00,3.200000000000000000e+05
2.325234715405311459e+00,1.822773286819457894e+01,1.064750120162963931e+01,9.119999999999999218e+00,0.000000000000000000e+00
2.325258506146278048e+00,1.834668657302856332e+01,1.064750120162963931e+01,9.119999999999999218e+00,3.200000000000000000e+05
2.336666732473470010e+00,2.626277086257934457e+01,1.425006103515625011e-01,9.119999999999999218e+00,0.000000000000000000e+00
2.336690523214436599e+00,2.638172456741332894e+01,1.425006103515625011e-01,9.119999999999999218e+00,3.200000000000000000e+05
2.348098750537179757e+00,1.846563837051391488e+01,1.064750120162963931e+01,9.119999999999999218e+00,0.000000000000000000e+00
2.348122541278146347e+00,1.858459207534789925e+01,1.064750120162963931e+01,9.119999999999999218e+00,3.200000000000000000e+05
2.359530767605338308e+00,2.650067636489868050e+01,1.425006103515625011e-01,9.119999999999999218e+00,0.000000000000000000e+00
2.359554558346304898e+00,2.661963006973266488e+01,1.425006103515625011e-01,9.119999999999999218e+00,3.200000000000000000e+05
2.370962785669048056e+00,1.870354387283325082e+01,1.064750120162963931e+01,9.119999999999999218e+00,0.000000000000000000e+00
2.370986576410014646e+00,1.882249757766723519e+01,1.064750120162963931e+01,9.119999999999999218e+00,3.200000000000000000e+05
2.382394802737206607e+00,2.673858186721801644e+01,1.425006103515625011e-01,9.119999999999999218e+00,0.000000000000000000e+00
2.382418593478173197e+00,2.685753557205200082e+01,1.425006103515625011e-01,9.119999999999999218e+00,3.200000000000000000e+05
2.393826820800916355e+00,1.894144937515258675e+01,1.064750120162963931e+01,9.119999999999999218e+00,0.000000000000000000e+00
2.393850611541882945e+00,1.906040307998657113e+01,1.064750120162963931e+01,9.119999999999999218e+00,3.200000000000000000e+05
2.405258838864626103e+00,2.697648927688598519e+01,1.425006103515625011e-01,9.119999999999999218e+00,0.000000000000000000e+00
2.405282629224123170e+00,2.709544107437133675e+01,1.425006103515625011e-01,9.119999999999999218e+00,3.200000000000000000e+05
2.416690855551315131e+00,1.917935678482055550e+01,1.064750120162963931e+01,9.119999999999999218e+00,0.000000000000000000e+00
2.416714645910812198e+00,1.929830858230590707e+01,1.064750120162963931e+01,9.119999999999999218e+00,3.200000000000000000e+05
2.428122873233555357e+00,2.721439477920532113e+01,1.425006103515625011e-01,9.119999999999999218e+00,0.000000000000000000e+00
2.428146663593052423e+00,2.733334657669067269e+01,1.425006103515625011e-01,9.119999999999999218e+00,3.200000000000000000e+05
2.439554889920244385e+00,1.941726228713989144e+01,1.064750120162963931e+01,9.119999999999999218e+00,0.000000000000000000e+00
2.439578680279741452e+00,1.953621408462524300e+01,1.064750120162963931e+01,9.119999999999999218e+00,3.200000000000000000e+05
2.450986907602484610e+00,2.745230028152465707e+01,1.425006103515625011e-01,9.119999999999999218e+00,0.000000000000000000e+00
2.451010697961981677e+00,2.757125207901000863e+01,1.425006103515625011e-01,9.119999999999999218e+00,3.200000000000000000e+05
2.462418924289173638e+00,1.965516778945922738e+01,1.064750120162963931e+01,9.119999999999999218e+00,0.000000000000000000e+00
2.462442714648670705e+00,1.977411958694457894e+01,1.064750120162963931e+01,9.119999999999999218e+00,3.200000000000000000e+05
2.473850941971413864e+00,2.769020578384399300e+01,1.425006103515625011e-01,9.119999999999999218e+00,0.000000000000000000e+00
2.473874732712380453e+00,2.780915948867797738e+01,1.425006103515625011e-01,9.119999999999999218e+00,3.200000000000000000e+05
2.485282960035123612e+00,1.989307329177856332e+01,1.064750120162963931e+01,9.119999999999999218e+00,0.000000000000000000e+00
2.485306750776090201e+00,2.001202699661254769e+01,1.064750120162963931e+01,9.119999999999999218e+00,3.200000000000000000e+05
2.496714977103282163e+00,2.792811128616332894e+01,1.425006103515625011e-01,9.119999999999999218e+00,0.000000000000000000e+00
2.496738767844248752e+00,2.804706499099731332e+01,1.425006103515625011e-01,9.119999999999999218e+00,3.200000000000000000e+05
2.508146995166991911e+00,2.013097879409789925e+01,1.064750120162963931e+01,9.119999999999999218e+00,0.000000000000000000e+00
2.508170785907958500e+00,2.024993249893188363e+01,1.064750120162963931e+01,9.119999999999999218e+00,3.200000000000000000e+05
2.519579012235150461e+00,2.816601678848266488e+01,1.425006103515625011e-01,9.119999999999999218e+00,0.000000000000000000e+00
2.519602802976117051e+00,2.828497049331664925e+01,1.425006103515625011e-01,9.119999999999999218e+00,3.200000000000000000e+05
2.531011030298860209e+00,2.036888429641723519e+01,1.064750120162963931e+01,9.119999999999999218e+00,0.000000000000000000e+00
2.531034821039826799e+00,2.048783800125121957e+01,1.064750120162963931e+01,9.119999999999999218e+00,3.200000000000000000e+05
2.542443047367018760e+00,2.840392229080200082e+01,1.425006103515625011e-01,9.119999999999999218e+00,0.000000000000000000e+00
2.542466838107985350e+00,2.852287599563598519e+01,1.425006103515625011e-01,9.119999999999999218e+00,3.200000000000000000e+05
2.553875065368506725e+00,2.060678991794586068e+01,1.064750120162963931e+01,9.119999999999999218e+00,0.000000000000000000e+00
2.553898856109473314e+00,2.072574362277984505e+01,1.064750120162963931e+01,9.119999999999999218e+00,3.200000000000000000e+05
2.565307083369994690e+00,2.864182970046996957e+01,1.425006103515625011e-01,9.119999999999999218e+00,0.000000000000000000e+00
2.565330873729491756e+00,2.876078149795532113e+01,1.425006103515625011e-01,9.119999999999999218e+00,3.200000000000000000e+05
2.576739099994461490e+00,2.084469732761382943e+01,1.064750120162963931e+01,9.119999999999999218e+00,0.000000000000000000e+00
2.576762890353958557e+00,2.096364912509918099e+01,1.064750120162963931e+01,9.119999999999999218e+00,3.200000000000000000e+05
2.588171117614479932e+00,2.887973520278930550e+01,1.425006103515625011e-01,9.119999999999999218e+00,0.000000000000000000e+00
2.588194907973976999e+00,2.899868700027465707e+01,1.425006103515625011e-01,9.119999999999999218e+00,3.200000000000000000e+05
2.599603134238946733e+00,2.108260282993316537e+01,1.064750120162963931e+01,9.119999999999999218e+00,0.000000000000000000e+00
2.599626924598443800e+00,2.120155462741851693e+01,1.064750120162963931e+01,9.119999999999999218e+00,3.200000000000000000e+05
2.611035151858965175e+00,2.911764070510864144e+01,1.425006103515625011e-01,9.119999999999999218e+00,0.000000000000000000e+00
2.611058942218462242e+00,2.923659250259399300e+01,1.425006103515625011e-01,9.119999999999999218e+00,3.200000000000000000e+05
2.622467168483431976e+00,2.132050833225250130e+01,1.064750120162963931e+01,9.119999999999999218e+00,0.000000000000000000e+00
2.622490958842929043e+00,2.143946012973785287e+01,1.064750120162963931e+01,9.119999999999999218e+00,3.200000000000000000e+05
2.633899186103450418e+00,2.935554620742797738e+01,1.425006103515625011e-01,9.119999999999999218e+00,0.000000000000000000e+00
2.633922976844417008e+00,2.947449991226196175e+01,1.425006103515625011e-01,9.119999999999999218e+00,3.200000000000000000e+05
2.645331204136049497e+00,2.155841377496719247e+01,1.064750120162963931e+01,9.119999999999999218e+00,0.000000000000000000e+00
2.645354994877016086e+00,2.167736747980117684e+01,1.064750120162963931e+01,9.119999999999999218e+00,3.200000000000000000e+05
2.656763221173096934e+00,2.959345170974731332e+01,1.425006103515625011e-01,9.119999999999999218e+00,0.000000000000000000e+00
2.656787011914063523e+00,2.971240541458129769e+01,1.425006103515625011e-01,9.119999999999999218e+00,3.200000000000000000e+05
2.668195239205696012e+00,2.179631927728652840e+01,1.064750120162963931e+01,9.119999999999999218e+00,0.000000000000000000e+00
2.668219029946662602e+00,2.191527298212051278e+01,1.064750120162963931e+01,9.119999999999999218e+00,3.200000000000000000e+05
2.679627256242743449e+00,2.983135721206664925e+01,1.425006103515625011e-01,9.119999999999999218e+00,0.000000000000000000e+00
2.679651046983710039e+00,2.995031091690063363e+01,1.425006103515625011e-01,9.119999999999999218e+00,3.200000000000000000e+05
2.691059274259786971e+00,2.203422480940818673e+01,1.064750120162963931e+01,9.119999999999999218e+00,0.000000000000000000e+00
2.691083065000753560e+00,2.215317851424217110e+01,1.064750120162963931e+01,9.119999999999999218e+00,3.200000000000000000e+05
2.702491291281278851e+00,3.006926271438598519e+01,1.425006103515625011e-01,9.119999999999999218e+00,0.000000000000000000e+00
2.702515082022245441e+00,3.018821641921996957e+01,1.425006103515625011e-01,9.119999999999999218e+00,3.200000000000000000e+05
2.713923309306100151e+00,2.227213029682636147e+01,1.064750120162963931e+01,9.119999999999999218e+00,0.000000000000000000e+00
2.713947100047066741e+00,2.239108400166034585e+01,1.064750120162963931e+01,9.119999999999999218e+00,3.200000000000000000e+05
2.725355327330921451e+00,3.030717012405395394e+01,1.425006103515625011e-01,9.119999999999999218e+00,0.000000000000000000e+00
2.725379117690418518e+00,3.042612192153930550e+01,1.425006103515625011e-01,9.119999999999999218e+00,3.200000000000000000e+05
2.736787343977749476e+00,2.251003770835697537e+01,1.064750120162963931e+01,9.119999999999999218e+00,0.000000000000000000e+00
2.736811134336873952e+00,2.262898950397968179e+01,1.064750120162963931e+01,9.119999999999999218e+00,3.200000000000000000e+05
2.748219361869616684e+00,3.054507610321044808e+01,1.425006103515625011e-01,9.119999999999999218e+00,0.000000000000000000e+00
2.748243152229113750e+00,3.066402790069579964e+01,1.425006103515625011e-01,9.119999999999999218e+00,3.200000000000000000e+05
2.759651378758527063e+00,2.274794322371482735e+01,1.064750120162963931e+01,9.119999999999999218e+00,0.000000000000000000e+00
2.759675169118024129e+00,2.286689502120017892e+01,1.064750120162963931e+01,9.119999999999999218e+00,3.200000000000000000e+05
2.771083396642989083e+00,3.078298160552978402e+01,1.425006103515625011e-01,9.119999999999999218e+00,0.000000000000000000e+00
2.771107187002486150e+00,3.090193340301513558e+01,1.425006103515625011e-01,9.119999999999999218e+00,3.200000000000000000e+05
2.782515413531899462e+00,2.298584872603416329e+01,1.064750120162963931e+01,9.119999999999999218e+00,0.000000000000000000e+00
2.782539203885435963e+00,2.310480049371719247e+01,1.064750120162963931e+01,9.119999999999999218e+00,3.200000000000000000e+05
2.793947431425956474e+00,3.102088710784911996e+01,1.425006103515625011e-01,9.119999999999999218e+00,0.000000000000000000e+00
2.793971222166923063e+00,3.113984081268310433e+01,1.425006103515625011e-01,9.119999999999999218e+00,3.200000000000000000e+05
2.805379449707443573e+00,2.322375419855117684e+01,1.064750120162963931e+01,9.119999999999999218e+00,0.000000000000000000e+00
2.805403240448410163e+00,2.334270790338516122e+01,1.064750120162963931e+01,9.119999999999999218e+00,3.200000000000000000e+05
2.816811466993379032e+00,3.125879261016845589e+01,1.425006103515625011e-01,9.119999999999999218e+00,0.000000000000000000e+00
2.816835257734345621e+00,3.137774631500244027e+01,1.425006103515625011e-01,9.119999999999999218e+00,3.200000000000000000e+05
2.828243485274866131e+00,2.346165970087051278e+01,1.064750120162963931e+01,9.119999999999999218e+00,0.000000000000000000e+00
2.828267276027753852e+00,2.358061346530914193e+01,1.064750120162963931e+01,9.119999999999999218e+00,3.200000000000000000e+05
2.839675502541611607e+00,3.149669811248779183e+01,1.425006103515625011e-01,9.119999999999999218e+00,0.000000000000000000e+00
2.839699293282578196e+00,3.161565181732177621e+01,1.425006103515625011e-01,9.119999999999999218e+00,3.200000000000000000e+05
2.851107520791987593e+00,2.369956526279449349e+01,1.064750120162963931e+01,9.119999999999999218e+00,0.000000000000000000e+00
2.851131311532954182e+00,2.381851896762847787e+01,1.064750120162963931e+01,9.119999999999999218e+00,3.200000000000000000e+05
2.862539538046811938e+00,3.173460361480712777e+01,1.425006103515625011e-01,9.119999999999999218e+00,0.000000000000000000e+00
2.862563328787778527e+00,3.185355731964111214e+01,1.425006103515625011e-01,9.119999999999999218e+00,3.200000000000000000e+05
2.873971556297187924e+00,2.393747076511382943e+01,1.064750120162963931e+01,9.119999999999999218e+00,0.000000000000000000e+00
2.873995347038154513e+00,2.405642446994781380e+01,1.064750120162963931e+01,9.119999999999999218e+00,3.200000000000000000e+05
2.885403574547563910e+00,3.197251102447509652e+01,1.425006103515625011e-01,9.119999999999999218e+00,0.000000000000000000e+00
2.885427364907060976e+00,3.209146282196044808e+01,1.425006103515625011e-01,9.119999999999999218e+00,3.200000000000000000e+05
2.896835591420918732e+00,2.417537817478179818e+01,1.064750120162963931e+01,9.119999999999999218e+00,0.000000000000000000e+00
2.896859381780415799e+00,2.429432997226714974e+01,1.064750120162963931e+01,9.119999999999999218e+00,3.200000000000000000e+05
2.908267609289825195e+00,3.221041652679443246e+01,1.425006103515625011e-01,9.119999999999999218e+00,0.000000000000000000e+00
2.908291399649322262e+00,3.232936832427978402e+01,1.425006103515625011e-01,9.119999999999999218e+00,3.200000000000000000e+05
2.919699626163180017e+00,2.441328367710113412e+01,1.064750120162963931e+01,9.119999999999999218e+00,0.000000000000000000e+00
2.919723416498835267e+00,2.453223535537719613e+01,1.064750120162963931e+01,9.119999999999999218e+00,3.200000000000000000e+05
2.931131644070466447e+00,3.244832202911376839e+01,1.425006103515625011e-01,9.119999999999999218e+00,0.000000000000000000e+00
2.931155434811433036e+00,3.256727573394775277e+01,1.425006103515625011e-01,9.119999999999999218e+00,3.200000000000000000e+05
2.942563662383064216e+00,2.465118906021118050e+01,1.064750120162963931e+01,9.119999999999999218e+00,0.000000000000000000e+00
2.942587452742561283e+00,2.477014085769653207e+01,1.064750120162963931e+01,9.119999999999999218e+00,3.200000000000000000e+05
2.953995681309744548e+00,3.268622943878173714e+01,1.425006103515625011e-01,9.119999999999999218e+00,0.000000000000000000e+00
2.954019471287772092e+00,3.280517932891845589e+01,1.425006103515625011e-01,9.119999999999999218e+00,3.200000000000000000e+05
2.965427697863851630e+00,2.488909456253051644e+01,1.064750120162963931e+01,9.119999999999999218e+00,0.000000000000000000e+00
2.965451488604818220e+00,2.500804826736450082e+01,1.064750120162963931e+01,9.119999999999999218e+00,3.200000000000000000e+05
2.976859715180897759e+00,3.292413303375244027e+01,1.425006103515625011e-01,9.119999999999999218e+00,0.000000000000000000e+00
2.976883505921864348e+00,3.304308673858642464e+01,1.425006103515625011e-01,9.119999999999999218e+00,3.200000000000000000e+05
2.988291733493495528e+00,2.512700006484985238e+01,1.064750120162963931e+01,9.119999999999999218e+00,0.000000000000000000e+00
2.988315524234462117e+00,2.524595376968383675e+01,1.064750120162963931e+01,9.119999999999999218e+00,3.200000000000000000e+05
2.999723751806093297e+00,3.316204044342040902e+01,1.425006103515625011e-01,9.119999999999999218e+00,0.000000000000000000e+00
2.999747541784120841e+00,3.328099033355712777e+01,1.425006103515625011e-01,9.119999999999999218e+00,3.200000000000000000e+05
3.011155768360200380e+00,2.536490556716918832e+01,1.064750120162963931e+01,9.119999999999999218e+00,0.000000000000000000e+00
3.011179559101166969e+00,2.548385927200317269e+01,1.064750120162963931e+01,9.119999999999999218e+00,3.200000000000000000e+05
3.022587785677246508e+00,3.339994403839111214e+01,1.425006103515625011e-01,9.119999999999999218e+00,0.000000000000000000e+00
3.022611576418213097e+00,3.351889774322509652e+01,1.425006103515625011e-01,9.119999999999999218e+00,3.200000000000000000e+05
3.034019803989844277e+00,2.560281106948852425e+01,1.064750120162963931e+01,9.119999999999999218e+00,0.000000000000000000e+00
3.034043594730810867e+00,2.572176477432250863e+01,1.064750120162963931e+01,9.119999999999999218e+00,3.200000000000000000e+05
3.045451822302442046e+00,3.363785144805908089e+01,1.425006103515625011e-01,9.119999999999999218e+00,0.000000000000000000e+00
3.045475613043408636e+00,3.375680515289306527e+01,1.425006103515625011e-01,9.119999999999999218e+00,3.200000000000000000e+05
3.056883840615039816e+00,2.584071847915649300e+01,1.064750120162963931e+01,9.119999999999999218e+00,0.000000000000000000e+00
3.056907630974536882e+00,2.595967027664184457e+01,1.064750120162963931e+01,9.119999999999999218e+00,3.200000000000000000e+05
3.068315857550616421e+00,3.387575504302978402e+01,1.425006103515625011e-01,9.119999999999999218e+00,0.000000000000000000e+00
3.068339648291583011e+00,3.399470874786376839e+01,1.425006103515625011e-01,9.119999999999999218e+00,3.200000000000000000e+05
3.079747874867662549e+00,2.607862398147582894e+01,1.064750120162963931e+01,9.119999999999999218e+00,0.000000000000000000e+00
3.079771665227159616e+00,2.619757577896118050e+01,1.064750120162963931e+01,9.119999999999999218e+00,3.200000000000000000e+05
3.091179892798790796e+00,3.411366245269775277e+01,1.425006103515625011e-01,9.119999999999999218e+00,0.000000000000000000e+00
3.091203683539757385e+00,3.423261615753173714e+01,1.425006103515625011e-01,9.119999999999999218e+00,3.200000000000000000e+05
3.102611911111388565e+00,2.631652948379516488e+01,1.064750120162963931e+01,9.119999999999999218e+00,0.000000000000000000e+00
3.102635701470885632e+00,2.643548128128051644e+01,1.064750120162963931e+01,9.119999999999999218e+00,3.200000000000000000e+05
3.114043930038068897e+00,3.435156986236572152e+01,1.425006103515625011e-01,9.119999999999999218e+00,0.000000000000000000e+00
3.114067720016096441e+00,3.447051975250244027e+01,1.425006103515625011e-01,9.119999999999999218e+00,3.200000000000000000e+05
3.125475946592175980e+00,2.655443498611450082e+01,1.064750120162963931e+01,9.119999999999999218e+00,0.000000000000000000e+00
3.125499737333142569e+00,2.667338869094848519e+01,1.064750120162963931e+01,9.119999999999999218e+00,3.200000000000000000e+05
3.136907963909222108e+00,3.458947345733642464e+01,1.425006103515625011e-01,9.119999999999999218e+00,0.000000000000000000e+00
3.136931754650188697e+00,3.470842716217040902e+01,1.425006103515625011e-01,9.119999999999999218e+00,3.200000000000000000e+05
3.148339982221819877e+00,2.679234048843383675e+01,1.064750120162963931e+01,9.119999999999999218e+00,0.000000000000000000e+00
3.148363772962786467e+00,2.691129419326782113e+01,1.064750120162963931e+01,9.119999999999999218e+00,3.200000000000000000e+05
3.159772000534417646e+00,3.482738086700439339e+01,1.425006103515625011e-01,9.119999999999999218e+00,0.000000000000000000e+00
3.159795790512445191e+00,3.494633075714111214e+01,1.425006103515625011e-01,9.119999999999999218e+00,3.200000000000000000e+05
3.171204017088524729e+00,2.703024599075317269e+01,1.064750120162963931e+01,9.119999999999999218e+00,0.000000000000000000e+00
3.171227807829491319e+00,2.714919969558715707e+01,1.064750120162963931e+01,9.119999999999999218e+00,3.200000000000000000e+05
3.182636034405570857e+00,3.506528446197509652e+01,1.425006103515625011e-01,9.119999999999999218e+00,0.000000000000000000e+00
3.182659825146537447e+00,3.518423816680908089e+01,1.425006103515625011e-01,9.119999999999999218e+00,3.200000000000000000e+05
3.194068052718168627e+00,2.726815149307250863e+01,1.064750120162963931e+01,9.119999999999999218e+00,0.000000000000000000e+00
3.194091843459135216e+00,2.738710519790649300e+01,1.064750120162963931e+01,9.119999999999999218e+00,3.200000000000000000e+05
3.205500071030766396e+00,3.530319187164306527e+01,1.425006103515625011e-01,9.119999999999999218e+00,0.000000000000000000e+00
3.205523861771732985e+00,3.542214557647704964e+01,1.425006103515625011e-01,9.119999999999999218e+00,3.200000000000000000e+05
3.216932089343364165e+00,2.750605890274047738e+01,1.064750120162963931e+01,9.119999999999999218e+00,0.000000000000000000e+00
3.216955879702861232e+00,2.762501070022582894e+01,1.064750120162963931e+01,9.119999999999999218e+00,3.200000000000000000e+05
3.228364106278940771e+00,3.554109546661376839e+01,1.425006103515625011e-01,9.119999999999999218e+00,0.000000000000000000e+00
3.228387897019907360e+00,3.566004917144775277e+01,1.425006103515625011e-01,9.119999999999999218e+00,3.200000000000000000e+05
3.239796123595986899e+00,2.774396440505981332e+01,1.064750120162963931e+01,9.119999999999999218e+00,0.000000000000000000e+00
3.239819913955483965e+00,2.786291620254516488e+01,1.064750120162963931e+01,9.119999999999999218e+00,3.200000000000000000e+05
3.251228141527115145e+00,3.577900287628173714e+01,1.425006103515625011e-01,9.119999999999999218e+00,0.000000000000000000e+00
3.251251932268081735e+00,3.589795658111572152e+01,1.425006103515625011e-01,9.119999999999999218e+00,3.200000000000000000e+05
3.262660159839712914e+00,2.798186990737914925e+01,1.064750120162963931e+01,9.119999999999999218e+00,0.000000000000000000e+00
3.262683950199209981e+00,2.810082170486450082e+01,1.064750120162963931e+01,9.119999999999999218e+00,3.200000000000000000e+05
3.274092178766393246e+00,3.601691028594970589e+01,1.425006103515625011e-01,9.119999999999999218e+00,0.000000000000000000e+00
3.274115968744420790e+00,3.613586017608642464e+01,1.425006103515625011e-01,9.119999999999999218e+00,3.200000000000000000e+05
3.285524195320500329e+00,2.821977540969848519e+01,1.064750120162963931e+01,9.119999999999999218e+00,0.000000000000000000e+00
3.285547986061466919e+00,2.833872911453246957e+01,1.064750120162963931e+01,9.119999999999999218e+00,3.200000000000000000e+05
3.296956212637546457e+00,3.625481388092040902e+01,1.425006103515625011e-01,9.119999999999999218e+00,0.000000000000000000e+00
3.296980003378513047e+00,3.637376758575439339e+01,1.425006103515625011e-01,9.119999999999999218e+00,3.200000000000000000e+05
3.308388230950144226e+00,2.845768091201782113e+01,1.064750120162963931e+01,9.119999999999999218e+00,0.000000000000000000e+00
3.308412021691110816e+00,2.857663461685180550e+01,1.064750120162963931e+01,9.119999999999999218e+00,3.200000000000000000e+05
3.319820249262741996e+00,3.649272129058837777e+01,1.425006103515625011e-01,9.119999999999999218e+00,0.000000000000000000e+00
3.319844039240769540e+00,3.661167118072509652e+01,1.425006103515625011e-01,9.119999999999999218e+00,3.200000000000000000e+05
3.331252265816849079e+00,2.869558641433715707e+01,1.064750120162963931e+01,9.119999999999999218e+00,0.000000000000000000e+00
3.331276056557815668e+00,2.881454011917114144e+01,1.064750120162963931e+01,9.119999999999999218e+00,3.200000000000000000e+05
3.342684283133895207e+00,3.673062488555908089e+01,1.425006103515625011e-01,9.119999999999999218e+00,0.000000000000000000e+00
3.342708073874861796e+00,3.684957859039306527e+01,1.425006103515625011e-01,9.119999999999999218e+00,3.200000000000000000e+05
3.354116301446492976e+00,2.893349191665649300e+01,1.064750120162963931e+01,9.119999999999999218e+00,0.000000000000000000e+00
3.354140092187459565e+00,2.905244562149047738e+01,1.064750120162963931e+01,9.119999999999999218e+00,3.200000000000000000e+05
3.365548319759090745e+00,3.696853229522704964e+01,1.425006103515625011e-01,9.119999999999999218e+00,0.000000000000000000e+00
3.365572110500057335e+00,3.708748600006103402e+01,1.425006103515625011e-01,9.119999999999999218e+00,3.200000000000000000e+05
3.376980338071688514e+00,2.917139932632446175e+01,1.064750120162963931e+01,9.119999999999999218e+00,0.000000000000000000e+00
3.377004128431185581e+00,2.929035112380981332e+01,1.064750120162963931e+01,9.119999999999999218e+00,3.200000000000000000e+05
3.388412355007265120e+00,3.720643589019775277e+01,1.425006103515625011e-01,9.119999999999999218e+00,0.000000000000000000e+00
3.388436145748231709e+00,3.732538959503173714e+01,1.425006103515625011e-01,9.119999999999999218e+00,3.200000000000000000e+05
3.399844372324311248e+00,2.940930482864379769e+01,1.064750120162963931e+01,9.119999999999999218e+00,0.000000000000000000e+00
3.399868162683808315e+00,2.952825662612914925e+01,1.064750120162963931e+01,9.119999999999999218e+00,3.200000000000000000e+05
3.411276390255439495e+00,3.744434329986572152e+01,1.425006103515625011e-01,9.119999999999999218e+00,0.000000000000000000e+00
3.411300180996406084e+00,3.756329700469970589e+01,1.425006103515625011e-01,9.119999999999999218e+00,3.200000000000000000e+05
3.422708408568037264e+00,2.964721033096313363e+01,1.064750120162963931e+01,9.119999999999999218e+00,0.000000000000000000e+00
3.422732198927534331e+00,2.976616212844848519e+01,1.064750120162963931e+01,9.119999999999999218e+00,3.200000000000000000e+05
3.434140427494717596e+00,3.768225070953369027e+01,1.425006103515625011e-01,9.119999999999999218e+00,0.000000000000000000e+00
3.434164217472745140e+00,3.780120059967040902e+01,1.425006103515625011e-01,9.119999999999999218e+00,3.200000000000000000e+05
3.445572444048824678e+00,2.988511583328246957e+01,1.064750120162963931e+01,9.119999999999999218e+00,0.000000000000000000e+00
3.445596234789791268e+00,3.000406953811645394e+01,1.064750120162963931e+01,9.119999999999999218e+00,3.200000000000000000e+05
3.457004461365870807e+00,3.792015430450439339e+01,1.425006103515625011e-01,9.119999999999999218e+00,0.000000000000000000e+00
3.457028252106837396e+00,3.803910800933837777e+01,1.425006103515625011e-01,9.119999999999999218e+00,3.200000000000000000e+05
3.468436479678468576e+00,3.012302133560180550e+01,1.064750120162963931e+01,9.119999999999999218e+00,0.000000000000000000e+00
3.468460270419435165e+00,3.024197504043578988e+01,1.064750120162963931e+01,9.119999999999999218e+00,3.200000000000000000e+05
3.479868497991066345e+00,3.815806171417236214e+01,1.425006103515625011e-01,9.119999999999999218e+00,0.000000000000000000e+00
3.479892287969093889e+00,3.827701160430908089e+01,1.425006103515625011e-01,9.119999999999999218e+00,3.200000000000000000e+05
3.491300514545173428e+00,3.036092683792114144e+01,1.064750120162963931e+01,9.119999999999999218e+00,0.000000000000000000e+00
3.491324305286140017e+00,3.047988054275512582e+01,1.064750120162963931e+01,9.119999999999999218e+00,3.200000000000000000e+05
3.502732531862219556e+00,3.839596530914306527e+01,1.425006103515625011e-01,9.119999999999999218e+00,0.000000000000000000e+00
3.502756322412451606e+00,3.851491806030273324e+01,1.425006103515625011e-01,9.119999999999999218e+00,3.200000000000000000e+05
3.514164549237419166e+00,3.059883281707763558e+01,1.064750120162963931e+01,9.119999999999999218e+00,0.000000000000000000e+00
3.514188339978385756e+00,3.071778652191161996e+01,1.064750120162963931e+01,9.119999999999999218e+00,3.200000000000000000e+05
3.525596566803353316e+00,3.863387176513671761e+01,1.425006103515625011e-01,9.119999999999999218e+00,0.000000000000000000e+00
3.525620357544319905e+00,3.875282546997070199e+01,1.425006103515625011e-01,9.119999999999999218e+00,3.200000000000000000e+05
3.537028584369287465e+00,3.083674022674560433e+01,1.064750120162963931e+01,9.119999999999999218e+00,0.000000000000000000e+00
3.537052374728784532e+00,3.095569202423095589e+01,1.064750120162963931e+01,9.119999999999999218e+00,3.200000000000000000e+05
3.548460600558200451e+00,3.887177536010742074e+01,1.425006103515625011e-01,9.119999999999999218e+00,0.000000000000000000e+00
3.548484391299167040e+00,3.899072906494140511e+01,1.425006103515625011e-01,9.119999999999999218e+00,3.200000000000000000e+05
3.559892617128582959e+00,3.107464572906494027e+01,1.064750120162963931e+01,9.119999999999999218e+00,0.000000000000000000e+00
3.559916407488080026e+00,3.119359752655029183e+01,1.064750120162963931e+01,9.119999999999999218e+00,3.200000000000000000e+05
3.571324634313047586e+00,3.910968276977538949e+01,1.425006103515625011e-01,9.119999999999999218e+00,0.000000000000000000e+00
3.571348425054014175e+00,3.922863647460937386e+01,1.425006103515625011e-01,9.119999999999999218e+00,3.200000000000000000e+05
3.582756651878981735e+00,3.131255123138427621e+01,1.064750120162963931e+01,9.119999999999999218e+00,0.000000000000000000e+00
3.582780442238478802e+00,3.143150302886962777e+01,1.064750120162963931e+01,9.119999999999999218e+00,3.200000000000000000e+05
3.594188670058998003e+00,3.934759017944335824e+01,1.425006103515625011e-01,9.119999999999999218e+00,0.000000000000000000e+00
3.594212460037025547e+00,3.946654006958007699e+01,1.425006103515625011e-01,9.119999999999999218e+00,3.200000000000000000e+05
3.605620685866441466e+00,3.155045673370361214e+01,1.064750120162963931e+01,9.119999999999999218e+00,0.000000000000000000e+00
3.605644476607408055e+00,3.166941043853759652e+01,1.064750120162963931e+01,9.119999999999999218e+00,3.200000000000000000e+05
3.617052702436823974e+00,3.958549377441406136e+01,1.425006103515625011e-01,9.119999999999999218e+00,0.000000000000000000e+00
3.617076493177790564e+00,3.970444747924804574e+01,1.425006103515625011e-01,9.119999999999999218e+00,3.200000000000000000e+05
3.628484720002758124e+00,3.178836223602294808e+01,1.064750120162963931e+01,9.119999999999999218e+00,0.000000000000000000e+00
3.628508510743724713e+00,3.190731594085693246e+01,1.064750120162963931e+01,9.119999999999999218e+00,3.200000000000000000e+05
3.639916737568692273e+00,3.982340118408203011e+01,1.425006103515625011e-01,9.119999999999999218e+00,0.000000000000000000e+00
3.639940527546719817e+00,3.994235107421874886e+01,1.425006103515625011e-01,9.119999999999999218e+00,3.200000000000000000e+05
3.651348753376135736e+00,3.202626773834228402e+01,1.064750120162963931e+01,9.119999999999999218e+00,0.000000000000000000e+00
3.651372544117102326e+00,3.214522144317626839e+01,1.064750120162963931e+01,9.119999999999999218e+00,3.200000000000000000e+05
3.662780769946518244e+00,4.006130477905273324e+01,1.425006103515625011e-01,9.119999999999999218e+00,0.000000000000000000e+00
3.662804560687484834e+00,4.018025848388671761e+01,1.425006103515625011e-01,9.119999999999999218e+00,3.200000000000000000e+05
3.674212786516900753e+00,3.226417514801025277e+01,1.064750120162963931e+01,9.119999999999999218e+00,0.000000000000000000e+00
3.674236577257867342e+00,3.238312885284423714e+01,1.064750120162963931e+01,9.119999999999999218e+00,3.200000000000000000e+05
3.685644803087283261e+00,4.029921218872070199e+01,1.425006103515625011e-01,9.119999999999999218e+00,0.000000000000000000e+00
3.685668593828249850e+00,4.041816589355468636e+01,1.425006103515625011e-01,9.119999999999999218e+00,3.200000000000000000e+05
3.697076821648769052e+00,3.250207874298095589e+01,1.064750120162963931e+01,9.119999999999999218e+00,0.000000000000000000e+00
3.697100612389735641e+00,3.262103244781494027e+01,1.064750120162963931e+01,9.119999999999999218e+00,3.200000000000000000e+05
3.708508838219151560e+00,4.053711578369140511e+01,1.425006103515625011e-01,9.119999999999999218e+00,0.000000000000000000e+00
3.708532628960118149e+00,4.065606948852538949e+01,1.425006103515625011e-01,9.119999999999999218e+00,3.200000000000000000e+05
3.719940854789534068e+00,3.273998615264892464e+01,1.064750120162963931e+01,9.119999999999999218e+00,0.000000000000000000e+00
3.719964645530500658e+00,3.285893985748290902e+01,1.064750120162963931e+01,9.119999999999999218e+00,3.200000000000000000e+05
3.731372871359916576e+00,4.077502319335937386e+01,1.425006103515625011e-01,9.119999999999999218e+00,0.000000000000000000e+00
3.731396662100883166e+00,4.089397689819335824e+01,1.425006103515625011e-01,9.119999999999999218e+00,3.200000000000000000e+05
3.742804889921402367e+00,3.297788974761962777e+01,1.064750120162963931e+01,9.119999999999999218e+00,0.000000000000000000e+00
3.742828680662368956e+00,3.309684345245361214e+01,1.064750120162963931e+01,9.119999999999999218e+00,3.200000000000000000e+05
3.754236908482888158e+00,4.101293060302734261e+01,1.425006103515625011e-01,9.119999999999999218e+00,0.000000000000000000e+00
3.754260698460915702e+00,4.113188049316406136e+01,1.425006103515625011e-01,9.119999999999999218e+00,3.200000000000000000e+05
3.765668924290331621e+00,3.321579715728759652e+01,1.064750120162963931e+01,9.119999999999999218e+00,0.000000000000000000e+00
3.765692715031298210e+00,3.333475086212158089e+01,1.064750120162963931e+01,9.119999999999999218e+00,3.200000000000000000e+05
3.777100940860714129e+00,4.125083419799804574e+01,1.425006103515625011e-01,9.119999999999999218e+00,0.000000000000000000e+00
3.777124731601680718e+00,4.136978790283203011e+01,1.425006103515625011e-01,9.119999999999999218e+00,3.200000000000000000e+05
3.788532957431096637e+00,3.345370456695556527e+01,1.064750120162963931e+01,9.119999999999999218e+00,0.000000000000000000e+00
3.788556747409124181e+00,3.357265445709228402e+01,1.064750120162963931e+01,9.119999999999999218e+00,3.200000000000000000e+05
3.799964975229643382e+00,4.148874160766601449e+01,1.425006103515625011e-01,9.119999999999999218e+00,0.000000000000000000e+00
3.799988765207670927e+00,4.160769149780273324e+01,1.425006103515625011e-01,9.119999999999999218e+00,3.200000000000000000e+05
3.811396991037086845e+00,3.369160816192626839e+01,1.064750120162963931e+01,9.119999999999999218e+00,0.000000000000000000e+00
3.811420781778053435e+00,3.381056186676025277e+01,1.064750120162963931e+01,9.119999999999999218e+00,3.200000000000000000e+05
3.822829007607469354e+00,4.172664520263671761e+01,1.425006103515625011e-01,9.119999999999999218e+00,0.000000000000000000e+00
3.822852798348435943e+00,4.184559890747070199e+01,1.425006103515625011e-01,9.119999999999999218e+00,3.200000000000000000e+05
3.834261024177851862e+00,3.392951557159423714e+01,1.064750120162963931e+01,9.119999999999999218e+00,0.000000000000000000e+00
3.834284814918818451e+00,3.404846927642822152e+01,1.064750120162963931e+01,9.119999999999999218e+00,3.200000000000000000e+05
3.845693040748234370e+00,4.196455261230468636e+01,1.425006103515625011e-01,9.119999999999999218e+00,0.000000000000000000e+00
3.845716831489200960e+00,4.208350631713867074e+01,1.425006103515625011e-01,9.119999999999999218e+00,3.200000000000000000e+05
3.857125059309720161e+00,3.416741916656494027e+01,1.064750120162963931e+01,9.119999999999999218e+00,0.000000000000000000e+00
3.857148850050686750e+00,3.428637287139892464e+01,1.064750120162963931e+01,9.119999999999999218e+00,3.200000000000000000e+05
3.868557075880102669e+00,4.220245620727538949e+01,1.425006103515625011e-01,9.119999999999999218e+00,0.000000000000000000e+00
3.868580866621069259e+00,4.232140991210937386e+01,1.425006103515625011e-01,9.119999999999999218e+00,3.200000000000000000e+05
3.879989092450485177e+00,3.440532657623290902e+01,1.064750120162963931e+01,9.119999999999999218e+00,0.000000000000000000e+00
3.880012883191451767e+00,3.452428028106689339e+01,1.064750120162963931e+01,9.119999999999999218e+00,3.200000000000000000e+05
3.891421109020867686e+00,4.244036361694335824e+01,1.425006103515625011e-01,9.119999999999999218e+00,0.000000000000000000e+00
3.891444899761834275e+00,4.255931732177734261e+01,1.425006103515625011e-01,9.119999999999999218e+00,3.200000000000000000e+05
3.902853127582353476e+00,3.464323017120361214e+01,1.064750120162963931e+01,9.119999999999999218e+00,0.000000000000000000e+00
3.902876918323320066e+00,3.476218387603759652e+01,1.064750120162963931e+01,9.119999999999999218e+00,3.200000000000000000e+05
3.914285146143839267e+00,4.267827102661132699e+01,1.425006103515625011e-01,9.119999999999999218e+00,0.000000000000000000e+00
3.914308936121866811e+00,4.279722091674804574e+01,1.425006103515625011e-01,9.119999999999999218e+00,3.200000000000000000e+05
3.925717161951282730e+00,3.488113758087158089e+01,1.064750120162963931e+01,9.119999999999999218e+00,0.000000000000000000e+00
3.925740952692249319e+00,3.500009128570556527e+01,1.064750120162963931e+01,9.119999999999999218e+00,3.200000000000000000e+05
3.937149178521665238e+00,4.291617462158203011e+01,1.425006103515625011e-01,9.119999999999999218e+00,0.000000000000000000e+00
3.937172969262631828e+00,4.303512832641601449e+01,1.425006103515625011e-01,9.119999999999999218e+00,3.200000000000000000e+05
3.948581195092047746e+00,3.511904499053954964e+01,1.064750120162963931e+01,9.119999999999999218e+00,0.000000000000000000e+00
3.948604985070075291e+00,3.523799488067626839e+01,1.064750120162963931e+01,9.119999999999999218e+00,3.200000000000000000e+05
3.960013212890594492e+00,4.315408203124999886e+01,1.425006103515625011e-01,9.119999999999999218e+00,0.000000000000000000e+00
3.960037002868622036e+00,4.327303192138671761e+01,1.425006103515625011e-01,9.119999999999999218e+00,3.200000000000000000e+05
3.971445228698037955e+00,3.535694858551025277e+01,1.064750120162963931e+01,9.119999999999999218e+00,0.000000000000000000e+00
3.971469019439004544e+00,3.547590229034423714e+01,1.064750120162963931e+01,9.119999999999999218e+00,3.200000000000000000e+05
3.982877245268420463e+00,4.339198562622070199e+01,1.425006103515625011e-01,9.119999999999999218e+00,0.000000000000000000e+00
3.982901036009387052e+00,4.351093933105468636e+01,1.425006103515625011e-01,9.119999999999999218e+00,3.200000000000000000e+05
3.994309261838802971e+00,3.559485599517822152e+01,1.064750120162963931e+01,9.119999999999999218e+00,0.000000000000000000e+00
3.994333052579769561e+00,3.571380970001220589e+01,1.064750120162963931e+01,9.119999999999999218e+00,3.200000000000000000e+05
4.005741278409185924e+00,4.362989303588867074e+01,1.425006103515625011e-01,9.119999999999999218e+00,0.000000000000000000e+00
4.005765069150152513e+00,4.374884674072265511e+01,1.425006103515625011e-01,9.119999999999999218e+00,3.200000000000000000e+05
4.017173296970671714e+00,3.583275959014892464e+01,1.064750120162963931e+01,9.119999999999999218e+00,0.000000000000000000e+00
4.017197087711638304e+00,3.595171329498290902e+01,1.064750120162963931e+01,9.119999999999999218e+00,3.200000000000000000e+05
4.028605313541054223e+00,4.386779663085937386e+01,1.425006103515625011e-01,9.119999999999999218e+00,0.000000000000000000e+00
4.028629104282020812e+00,4.398675033569335824e+01,1.425006103515625011e-01,9.119999999999999218e+00,3.200000000000000000e+05
4.040037330111436731e+00,3.607066699981689339e+01,1.064750120162963931e+01,9.119999999999999218e+00,0.000000000000000000e+00
4.040061120852403320e+00,3.618962070465087777e+01,1.064750120162963931e+01,9.119999999999999218e+00,3.200000000000000000e+05
4.051469346681819239e+00,4.410570404052734261e+01,1.425006103515625011e-01,9.119999999999999218e+00,0.000000000000000000e+00
4.051493137422785829e+00,4.422465774536132699e+01,1.425006103515625011e-01,9.119999999999999218e+00,3.200000000000000000e+05
4.062901365243305030e+00,3.630857059478759652e+01,1.064750120162963931e+01,9.119999999999999218e+00,0.000000000000000000e+00
4.062925155984271619e+00,3.642752429962158089e+01,1.064750120162963931e+01,9.119999999999999218e+00,3.200000000000000000e+05
4.074333383804790820e+00,4.434361145019531136e+01,1.425006103515625011e-01,9.119999999999999218e+00,0.000000000000000000e+00
4.074357173782818364e+00,4.446256134033203011e+01,1.425006103515625011e-01,9.119999999999999218e+00,3.200000000000000000e+05
4.085765399612234283e+00,3.654647800445556527e+01,1.064750120162963931e+01,9.119999999999999218e+00,0.000000000000000000e+00
4.085789190353200873e+00,3.666543170928954964e+01,1.064750120162963931e+01,9.119999999999999218e+00,3.200000000000000000e+05
4.097197416182616792e+00,4.458151504516601449e+01,1.425006103515625011e-01,9.119999999999999218e+00,0.000000000000000000e+00
4.097221206923583381e+00,4.470046874999999886e+01,1.425006103515625011e-01,9.119999999999999218e+00,3.200000000000000000e+05
4.108629432752999300e+00,3.678438541412353402e+01,1.064750120162963931e+01,9.119999999999999218e+00,0.000000000000000000e+00
4.108653222731026844e+00,3.690333530426025277e+01,1.064750120162963931e+01,9.119999999999999218e+00,3.200000000000000000e+05
4.120061450551546045e+00,4.481942245483398324e+01,1.425006103515625011e-01,9.119999999999999218e+00,0.000000000000000000e+00
4.120086214759785648e+00,4.484749862670898324e+01,2.630965423583984109e-01,9.119999999999999218e+00,3.200000000000000000e+05
4.131363476701493731e+00,3.702228900909423714e+01,1.064750120162963931e+01,9.119999999999999218e+00,0.000000000000000000e+00
4.131387267442460320e+00,3.714124271392822152e+01,1.064750120162963931e+01,9.119999999999999218e+00,3.200000000000000000e+05
4.142493100482382395e+00,4.484749862670898324e+01,4.209525299072265359e-01,9.119999999999999218e+00,0.000000000000000000e+00
4.142524671679892023e+00,4.484749862670898324e+01,5.788085174560546609e-01,9.119999999999999218e+00,3.200000000000000000e+05
4.153459075818028978e+00,3.726019641876220589e+01,1.064750120162963931e+01,9.119999999999999218e+00,0.000000000000000000e+00
4.153482866558995568e+00,3.737915012359619027e+01,1.064750120162963931e+01,9.119999999999999218e+00,3.200000000000000000e+05
4.164245841795346514e+00,4.484749862670898324e+01,7.366645050048827859e-01,9.119999999999999218e+00,0.000000000000000000e+00
4.164277412611386175e+00,4.484749862670898324e+01,8.945185852050780984e-01,9.119999999999999218e+00,3.200000000000000000e+05
4.174868962258196703e+00,3.749810001373290902e+01,1.064750120162963931e+01,9.119999999999999218e+00,0.000000000000000000e+00
4.174892752999163292e+00,3.761705371856689339e+01,1.064750120162963931e+01,9.119999999999999218e+00,3.200000000000000000e+05
4.185312873744187812e+00,4.484749862670898324e+01,1.052374572753906223e+00,9.119999999999999218e+00,0.000000000000000000e+00
4.185344444941697439e+00,4.484749862670898324e+01,1.210230560302734348e+00,9.119999999999999218e+00,3.200000000000000000e+05
4.195593136784936839e+00,3.773600742340087777e+01,1.064750120162963931e+01,9.119999999999999218e+00,0.000000000000000000e+00
4.195616927525903428e+00,3.785496112823486214e+01,1.064750120162963931e+01,9.119999999999999218e+00,3.200000000000000000e+05
4.205694190467357707e+00,4.484749862670898324e+01,1.368086547851562473e+00,9.119999999999999218e+00,0.000000000000000000e+00
4.205725761664867335e+00,4.484749862670898324e+01,1.525942535400390598e+00,9.119999999999999218e+00,3.200000000000000000e+05
4.215631597695638888e+00,3.797391101837158089e+01,1.064750120162963931e+01,9.119999999999999218e+00,0.000000000000000000e+00
4.215655388436605477e+00,3.809286472320556527e+01,1.064750120162963931e+01,9.119999999999999218e+00,3.200000000000000000e+05
4.225389795565591022e+00,4.484749862670898324e+01,1.683798522949218723e+00,9.119999999999999218e+00,0.000000000000000000e+00
4.225421366763100650e+00,4.484749862670898324e+01,1.841654510498046848e+00,9.119999999999999218e+00,3.200000000000000000e+05
4.234984344990301075e+00,3.821181842803954964e+01,1.064750120162963931e+01,9.119999999999999218e+00,0.000000000000000000e+00
4.235008135731267664e+00,3.833077213287353402e+01,1.064750120162963931e+01,9.119999999999999218e+00,3.200000000000000000e+05
4.244399685056682081e+00,4.484749862670898324e+01,1.999510498046874973e+00,9.119999999999999218e+00,0.000000000000000000e+00
4.244431256254191709e+00,4.484749862670898324e+01,2.157366485595703320e+00,9.119999999999999218e+00,3.200000000000000000e+05
4.253651376677821006e+00,3.844972583770751839e+01,1.064750120162963931e+01,9.119999999999999218e+00,0.000000000000000000e+00
4.253675166465113122e+00,3.856867477416992074e+01,1.064750120162963931e+01,9.119999999999999218e+00,3.200000000000000000e+05
4.262723861136406889e+00,4.484749862670898324e+01,2.315221519470215039e+00,9.119999999999999218e+00,0.000000000000000000e+00
4.262755432333916517e+00,4.484749862670898324e+01,2.473077507019043164e+00,9.119999999999999218e+00,3.200000000000000000e+05
4.271632698103424275e+00,3.868762847900390511e+01,1.064750120162963931e+01,9.119999999999999218e+00,0.000000000000000000e+00
4.271656488844390864e+00,3.880658218383788949e+01,1.064750120162963931e+01,9.119999999999999218e+00,3.200000000000000000e+05
4.280362325712113503e+00,4.484749862670898324e+01,2.630933494567871289e+00,9.119999999999999218e+00,0.000000000000000000e+00
4.280393896909623130e+00,4.484749862670898324e+01,2.788789482116699414e+00,9.119999999999999218e+00,3.200000000000000000e+05
4.288928304875559760e+00,3.892553588867187386e+01,1.064750120162963931e+01,9.119999999999999218e+00,0.000000000000000000e+00
4.288952095616526350e+00,3.904448959350585824e+01,1.064750120162963931e+01,9.119999999999999218e+00,3.200000000000000000e+05
4.297315074680677860e+00,4.484749862670898324e+01,2.946645469665527539e+00,9.119999999999999218e+00,0.000000000000000000e+00
4.297346645878187488e+00,4.484749862670898324e+01,3.104501457214355664e+00,9.119999999999999218e+00,3.200000000000000000e+05
4.305538198031656272e+00,3.916343948364257699e+01,1.064750120162963931e+01,9.119999999999999218e+00,0.000000000000000000e+00
4.305561988772622861e+00,3.928239318847656136e+01,1.064750120162963931e+01,9.119999999999999218e+00,3.200000000000000000e+05
4.313582112684876790e+00,4.484749862670898324e+01,3.262356491088867383e+00,9.119999999999999218e+00,0.000000000000000000e+00
4.313613683882386418e+00,4.484749862670898324e+01,3.420212478637695508e+00,9.119999999999999218e+00,3.200000000000000000e+05
4.321462378892855227e+00,3.940134689331054574e+01,1.064750120162963931e+01,9.119999999999999218e+00,0.000000000000000000e+00
4.321486169633821817e+00,3.952030059814453011e+01,1.064750120162963931e+01,9.119999999999999218e+00,3.200000000000000000e+05
4.329163435742505506e+00,4.484749862670898324e+01,3.578068466186523633e+00,9.119999999999999218e+00,0.000000000000000000e+00
4.329195006940015134e+00,4.484749862670898324e+01,3.735924453735351758e+00,9.119999999999999218e+00,3.200000000000000000e+05
4.336700846138016097e+00,3.963925048828124886e+01,1.064750120162963931e+01,9.119999999999999218e+00,0.000000000000000000e+00
4.336724636878982686e+00,3.975820419311523324e+01,1.064750120162963931e+01,9.119999999999999218e+00,3.200000000000000000e+05
4.344059047175197641e+00,4.484749862670898324e+01,3.893780441284179883e+00,9.119999999999999218e+00,0.000000000000000000e+00
4.344090618181972729e+00,4.484749862670898324e+01,4.051635475158691158e+00,9.119999999999999218e+00,3.200000000000000000e+05
4.351253600236973718e+00,3.987715789794921761e+01,1.064750120162963931e+01,9.119999999999999218e+00,0.000000000000000000e+00
4.351277390977940307e+00,3.999611160278320199e+01,1.064750120162963931e+01,9.119999999999999218e+00,3.200000000000000000e+05
4.358268944131155287e+00,4.484749862670898324e+01,4.209491462707519283e+00,9.119999999999999218e+00,0.000000000000000000e+00
4.358300515328664915e+00,4.484749862670898324e+01,4.367347450256347408e+00,9.119999999999999218e+00,3.200000000000000000e+05
4.365120639580094775e+00,4.011506530761718636e+01,1.064750120162963931e+01,9.119999999999999218e+00,0.000000000000000000e+00
4.365144429558122319e+00,4.023401519775390511e+01,1.064750120162963931e+01,9.119999999999999218e+00,3.200000000000000000e+05
4.371793126898869453e+00,4.484749862670898324e+01,4.525203437805175533e+00,9.119999999999999218e+00,0.000000000000000000e+00
4.371824698096379080e+00,4.484749862670898324e+01,4.683059425354003658e+00,9.119999999999999218e+00,3.200000000000000000e+05
4.378301966535341094e+00,4.035296890258788949e+01,1.064750120162963931e+01,9.119999999999999218e+00,0.000000000000000000e+00
4.378325757276307684e+00,4.047192260742187386e+01,1.064750120162963931e+01,9.119999999999999218e+00,3.200000000000000000e+05
4.384631596813483689e+00,4.484749862670898324e+01,4.840915412902831783e+00,9.119999999999999218e+00,0.000000000000000000e+00
4.384663167820258778e+00,4.484749862670898324e+01,4.998770446777343501e+00,9.119999999999999218e+00,3.200000000000000000e+05
4.390797579116219929e+00,4.059087631225585824e+01,1.064750120162963931e+01,9.119999999999999218e+00,0.000000000000000000e+00
4.390821369857186518e+00,4.070983001708984261e+01,1.064750120162963931e+01,9.119999999999999218e+00,3.200000000000000000e+05
4.396784352251362549e+00,4.484749862670898324e+01,5.156626434326171626e+00,9.119999999999999218e+00,0.000000000000000000e+00
4.396815923448872176e+00,4.484749862670898324e+01,5.314482421874999751e+00,9.119999999999999218e+00,3.200000000000000000e+05
4.402607478932365481e+00,4.082877990722656136e+01,1.064750120162963931e+01,9.119999999999999218e+00,0.000000000000000000e+00
4.402631269673332071e+00,4.094773361206054574e+01,1.064750120162963931e+01,9.119999999999999218e+00,3.200000000000000000e+05
4.408251396255040255e+00,4.484749862670898324e+01,5.472338409423827876e+00,9.119999999999999218e+00,0.000000000000000000e+00
4.408282967452549883e+00,4.484749862670898324e+01,5.630194396972656001e+00,9.119999999999999218e+00,3.200000000000000000e+05
4.413731665132472060e+00,4.106668731689453011e+01,1.064750120162963931e+01,9.119999999999999218e+00,0.000000000000000000e+00
4.413755455873438649e+00,4.118564102172851449e+01,1.064750120162963931e+01,9.119999999999999218e+00,3.200000000000000000e+05
4.419032724651575705e+00,4.484749862670898324e+01,5.788050384521484126e+00,9.119999999999999218e+00,0.000000000000000000e+00
4.419064295658350794e+00,4.484749862670898324e+01,5.945905418395995845e+00,9.119999999999999218e+00,3.200000000000000000e+05
4.424170138186376278e+00,4.130459091186523324e+01,1.064750120162963931e+01,9.119999999999999218e+00,0.000000000000000000e+00
4.424193928927342867e+00,4.142354461669921761e+01,1.064750120162963931e+01,9.119999999999999218e+00,3.200000000000000000e+05
4.429128342553582343e+00,4.484749862670898324e+01,6.103761405944823970e+00,9.119999999999999218e+00,0.000000000000000000e+00
4.429159913751091970e+00,4.484749862670898324e+01,6.261617393493652095e+00,9.119999999999999218e+00,3.200000000000000000e+05
4.433922898475546326e+00,4.154249832153320199e+01,1.064750120162963931e+01,9.119999999999999218e+00,0.000000000000000000e+00
4.433946689216512915e+00,4.166145202636718636e+01,1.064750120162963931e+01,9.119999999999999218e+00,3.200000000000000000e+05
4.438538245039181263e+00,4.484749862670898324e+01,6.419473381042480220e+00,9.119999999999999218e+00,0.000000000000000000e+00
4.438569816236690890e+00,4.484749862670898324e+01,6.577329368591308345e+00,9.119999999999999218e+00,3.200000000000000000e+05
4.442989943157574118e+00,4.178040573120117074e+01,1.064750120162963931e+01,9.119999999999999218e+00,0.000000000000000000e+00
4.443013733135601662e+00,4.189935562133788949e+01,1.064750120162963931e+01,9.119999999999999218e+00,3.200000000000000000e+05
4.447262433806373316e+00,4.484749862670898324e+01,6.735184402465820064e+00,9.119999999999999218e+00,0.000000000000000000e+00
4.447294005003882944e+00,4.484749862670898324e+01,6.893040390014648189e+00,9.119999999999999218e+00,3.200000000000000000e+05
4.451371276772869479e+00,4.201830932617187386e+01,1.064750120162963931e+01,9.119999999999999218e+00,0.000000000000000000e+00
4.451395067513836068e+00,4.213726303100585824e+01,1.064750120162963931e+01,9.119999999999999218e+00,3.200000000000000000e+05
4.455300910381036594e+00,4.484749862670898324e+01,7.050896377563476314e+00,9.119999999999999218e+00,0.000000000000000000e+00
4.455332481578546222e+00,4.484749862670898324e+01,7.208752365112304439e+00,9.119999999999999218e+00,3.200000000000000000e+05
4.459066895543961628e+00,4.225621673583984261e+01,1.064750120162963931e+01,9.119999999999999218e+00,0.000000000000000000e+00
4.459090686284928218e+00,4.237517044067382699e+01,1.064750120162963931e+01,9.119999999999999218e+00,3.200000000000000000e+05
4.462653671348557616e+00,4.484749862670898324e+01,7.366608352661132564e+00,9.119999999999999218e+00,0.000000000000000000e+00
4.462685242546067244e+00,4.484749862670898324e+01,7.524464340209960689e+00,9.119999999999999218e+00,3.200000000000000000e+05
4.466076800699014804e+00,4.249412033081054574e+01,1.064750120162963931e+01,9.119999999999999218e+00,0.000000000000000000e+00
4.466100591439981393e+00,4.261307403564453011e+01,1.064750120162963931e+01,9.119999999999999218e+00,3.200000000000000000e+05
4.469320721351714099e+00,4.484749862670898324e+01,7.682319374084472408e+00,9.119999999999999218e+00,0.000000000000000000e+00
4.469352292549223726e+00,4.484749862670898324e+01,7.840175361633300533e+00,9.119999999999999218e+00,3.200000000000000000e+05
4.472400993559170423e+00,4.273202774047851449e+01,1.064750120162963931e+01,9.119999999999999218e+00,0.000000000000000000e+00
4.472424784300137013e+00,4.285098144531249886e+01,1.064750120162963931e+01,9.119999999999999218e+00,3.200000000000000000e+05
4.475302056408298590e+00,4.484749862670898324e+01,7.998031349182128658e+00,9.119999999999999218e+00,0.000000000000000000e+00
4.475333627605808218e+00,4.484749862670898324e+01,8.155887336730957671e+00,9.119999999999999218e+00,3.200000000000000000e+05
4.478039472803287069e+00,4.296993133544921761e+01,1.064750120162963931e+01,9.119999999999999218e+00,0.000000000000000000e+00
4.478063263544253658e+00,4.308888504028320199e+01,1.064750120162963931e+01,9.119999999999999218e+00,3.200000000000000000e+05
4.480597679839947389e+00,4.484749862670898324e+01,8.313743324279785796e+00,9.119999999999999218e+00,0.000000000000000000e+00
4.480629251037457017e+00,4.484749862670898324e+01,8.471599311828613921e+00,9.119999999999999218e+00,3.200000000000000000e+05
4.482992238431364740e+00,4.320783874511718636e+01,1.064750120162963931e+01,9.119999999999999218e+00,0.000000000000000000e+00
4.483016029172331329e+00,4.332679244995117074e+01,1.064750120162963931e+01,9.119999999999999218e+00,3.200000000000000000e+05
4.485207588325024197e+00,4.484749862670898324e+01,8.629454345703125639e+00,9.119999999999999218e+00,0.000000000000000000e+00
4.485239159522533825e+00,4.484749862670898324e+01,8.787310333251953764e+00,9.119999999999999218e+00,3.200000000000000000e+05
4.487259289773441573e+00,4.344574615478515511e+01,1.064750120162963931e+01,9.119999999999999218e+00,0.000000000000000000e+00
4.487283079751469117e+00,4.356469604492187386e+01,1.064750120162963931e+01,9.119999999999999218e+00,3.200000000000000000e+05
4.489131783091695027e+00,4.484749862670898324e+01,8.945166320800781889e+00,9.119999999999999218e+00,0.000000000000000000e+00
4.489163354289204655e+00,4.484749862670898324e+01,9.103022308349610014e+00,9.119999999999999218e+00,3.200000000000000000e+05
4.490840628727644557e+00,4.368364974975585824e+01,1.064750120162963931e+01,9.119999999999999218e+00,0.000000000000000000e+00
4.490864419468611146e+00,4.380260345458984261e+01,1.064750120162963931e+01,9.119999999999999218e+00,3.200000000000000000e+05
4.492370265005265040e+00,4.484749862670898324e+01,9.260878295898438139e+00,9.119999999999999218e+00,0.000000000000000000e+00
4.492401836202774668e+00,4.484749862670898324e+01,9.418734283447266264e+00,9.119999999999999218e+00,3.200000000000000000e+05
4.493736252837643441e+00,4.392155715942382699e+01,1.064750120162963931e+01,9.119999999999999218e+00,0.000000000000000000e+00
4.493760043578610031e+00,4.404051086425781136e+01,1.064750120162963931e+01,9.119999999999999218e+00,3.200000000000000000e+05
4.494923031972264837e+00,4.484749862670898324e+01,9.576589317321777983e+00,9.119999999999999218e+00,0.000000000000000000e+00
4.494954603169774465e+00,4.484749862670898324e+01,9.734445304870606108e+00,9.119999999999999218e+00,3.200000000000000000e+05
4.495946164652746546e+00,4.415946075439453011e+01,1.064750120162963931e+01,9.119999999999999218e+00,0.000000000000000000e+00
4.495969955393713136e+00,4.427841445922851449e+01,1.064750120162963931e+01,9.119999999999999218e+00,3.200000000000000000e+05
4.496790087974899208e+00,4.484749862670898324e+01,9.892301292419434233e+00,9.119999999999999218e+00,0.000000000000000000e+00
4.496821659077041566e+00,4.484749862670898324e+01,1.005015680313110416e+01,9.119999999999999218e+00,3.200000000000000000e+05
4.497470363086727652e+00,4.439736816406249886e+01,1.064750120162963931e+01,9.119999999999999218e+00,0.000000000000000000e+00
4.497494153827694241e+00,4.451632186889648324e+01,1.064750120162963931e+01,9.119999999999999218e+00,3.200000000000000000e+05
4.497971428935596094e+00,4.484749862670898324e+01,1.020801279067993228e+01,9.119999999999999218e+00,0.000000000000000000e+00
4.498002999942371183e+00,4.484749862670898324e+01,1.036586782455444400e+01,9.119999999999999218e+00,3.200000000000000000e+05
4.498308848800160575e+00,4.463527175903320199e+01,1.064750120162963931e+01,9.119999999999999218e+00,0.000000000000000000e+00
4.498332639541127165e+00,4.475422546386718636e+01,1.064750120162963931e+01,9.119999999999999218e+00,3.200000000000000000e+05
4.498467059497130549e+00,4.484749862670898324e+01,1.052372381210327212e+01,9.119999999999999218e+00,0.000000000000000000e+00
4.537239974742823811e+00,1.424987030029296886e-01,1.064750120162963931e+01,9.119999999999999218e+00,3.200000000000000000e+05
4.546350989999786485e+00,1.424987030029296886e-01,1.425006103515625011e-01,9.119999999999999218e+00,3.200000000000000000e+05
4.585123758283441653e+00,4.484750053405761605e+01,1.425006103515625011e-01,9.119999999999999218e+00,3.200000000000000000e+05
4.594234773540404326e+00,4.484750053405761605e+01,1.064750120162963931e+01,9.119999999999999218e+00,3.200000000000000000e+05
4.603175773906615476e+00,1.424987030029296886e-01,1.064750120162963931e+01,9.119999999999999218e+00,0.000000000000000000e+00
4.641989759806252280e+00,4.489499923706054574e+01,1.069500133514404361e+01,9.119999999999999218e+00,3.200000000000000000e+05
4.651183169463792844e+00,4.489499923706054574e+01,9.500000000000000111e-02,9.119999999999999218e+00,3.200000000000000000e+05
4.690038329253090943e+00,9.500000000000000111e-02,9.500000000000000111e-02,9.119999999999999218e+00,3.200000000000000000e+05
4.699231738910631506e+00,9.500000000000000111e-02,1.069500133514404361e+01,9.119999999999999218e+00,3.200000000000000000e+05
4.708191738758043421e+00,4.489499923706054574e+01,1.069500133514404361e+01,9.119999999999999218e+00,0.000000000000000000e+00
