2.000000000000000111e-01,1.424987030029296886e-01,1.060986968994140689e+01,3.419999999999999929e+00,0.000000000000000000e+00
2.000369651136702231e-01,1.625086975097656261e-01,1.064750120162963931e+01,3.419999999999999929e+00,0.000000000000000000e+00
2.000584838209456262e-01,2.701022338867187234e-01,1.064750120162963931e+01,3.419999999999999929e+00,3.200000000000000000e+05
2.002942181319904147e-01,1.424987030029296886e-01,1.040751478195190494e+01,3.419999999999999929e+00,0.000000000000000000e+00
2.003346892089557518e-01,1.424987030029296886e-01,1.020515939712524478e+01,3.419999999999999929e+00,3.200000000000000000e+05
2.007691938591601721e-01,3.776976776123046609e-01,1.064750120162963931e+01,3.419999999999999929e+00,0.000000000000000000e+00
2.007907125664355752e-01,4.852912139892577859e-01,1.064750120162963931e+01,3.419999999999999929e+00,3.200000000000000000e+05
2.014239864140204561e-01,1.424987030029296886e-01,1.000280448913574283e+01,3.419999999999999929e+00,0.000000000000000000e+00
2.014644574909857933e-01,1.424987030029296886e-01,9.800449104309082671e+00,3.419999999999999929e+00,3.200000000000000000e+05
2.022965009011054582e-01,5.928847503662109109e-01,1.064750120162963931e+01,3.419999999999999929e+00,0.000000000000000000e+00
2.023180199898505782e-01,7.004801940917968484e-01,1.064750120162963931e+01,3.419999999999999929e+00,3.200000000000000000e+05
2.033488337391289869e-01,1.424987030029296886e-01,9.598093719482422514e+00,3.419999999999999929e+00,0.000000000000000000e+00
2.033893046253594517e-01,1.424987030029296886e-01,9.395739288330078764e+00,3.419999999999999929e+00,3.200000000000000000e+05
2.046188872068655518e-01,8.080737304687499734e-01,1.064750120162963931e+01,3.419999999999999929e+00,0.000000000000000000e+00
2.046404059141409548e-01,9.156672668457030984e-01,1.064750120162963931e+01,3.419999999999999929e+00,3.200000000000000000e+05
2.060687580581820333e-01,1.424987030029296886e-01,9.193383903503418608e+00,3.419999999999999929e+00,0.000000000000000000e+00
2.061092291351473704e-01,1.424987030029296886e-01,8.991028518676758452e+00,3.419999999999999929e+00,3.200000000000000000e+05
2.077363508417237326e-01,1.023260803222656223e+00,1.064750120162963931e+01,3.419999999999999929e+00,0.000000000000000000e+00
2.077578699304688525e-01,1.130856246948242161e+00,1.064750120162963931e+01,3.419999999999999929e+00,3.200000000000000000e+05
2.095837619762034865e-01,1.424987030029296886e-01,8.788673133850098296e+00,3.419999999999999929e+00,0.000000000000000000e+00
2.096242330531688236e-01,1.424987030029296886e-01,8.586317749023438139e+00,3.419999999999999929e+00,3.200000000000000000e+05
2.116488946614386579e-01,1.238449783325195286e+00,1.064750120162963931e+01,3.419999999999999929e+00,0.000000000000000000e+00
2.116704133687140610e-01,1.346043319702148411e+00,1.064750120162963931e+01,3.419999999999999929e+00,3.200000000000000000e+05
2.138938438092118366e-01,1.424987030029296886e-01,8.383963317871094389e+00,3.419999999999999929e+00,0.000000000000000000e+00
2.139343148861771737e-01,1.424987030029296886e-01,8.181607933044434233e+00,3.419999999999999929e+00,3.200000000000000000e+05
2.163565156658332211e-01,1.453638763427734348e+00,1.064750120162963931e+01,3.419999999999999929e+00,0.000000000000000000e+00
2.163780343731086242e-01,1.561232299804687473e+00,1.064750120162963931e+01,3.419999999999999929e+00,3.200000000000000000e+05
2.189990047152998720e-01,1.424987030029296886e-01,7.979252548217773189e+00,3.419999999999999929e+00,0.000000000000000000e+00
2.190394757922652091e-01,1.424987030029296886e-01,7.776897163391113033e+00,3.419999999999999929e+00,3.200000000000000000e+05
2.218592156969917961e-01,1.668825836181640598e+00,1.064750120162963931e+01,3.419999999999999929e+00,0.000000000000000000e+00
2.218807347857369161e-01,1.776421279907226536e+00,1.064750120162963931e+01,3.419999999999999929e+00,3.200000000000000000e+05
2.248992450296216639e-01,1.424987030029296886e-01,7.574541778564452876e+00,3.419999999999999929e+00,0.000000000000000000e+00
2.249397159158521287e-01,1.424987030029296886e-01,7.372187347412109126e+00,3.419999999999999929e+00,3.200000000000000000e+05
2.281569949919647899e-01,1.884014816284179661e+00,1.064750120162963931e+01,3.419999999999999929e+00,0.000000000000000000e+00
2.281785136992401930e-01,1.991608352661132786e+00,1.064750120162963931e+01,3.419999999999999929e+00,3.200000000000000000e+05
2.315945623378881657e-01,1.424987030029296886e-01,7.169831962585448970e+00,3.419999999999999929e+00,0.000000000000000000e+00
2.316350334148535028e-01,1.424987030029296886e-01,6.967476577758788814e+00,3.419999999999999929e+00,3.200000000000000000e+05
2.352498523926596641e-01,2.099203796386718945e+00,1.064750120162963931e+01,3.419999999999999929e+00,0.000000000000000000e+00
2.352713710999350671e-01,2.206797332763672070e+00,1.064750120162963931e+01,3.419999999999999929e+00,3.200000000000000000e+05
2.390849596402764843e-01,1.424987030029296886e-01,6.765121192932128658e+00,3.419999999999999929e+00,0.000000000000000000e+00
2.391254305265069491e-01,1.424987030029296886e-01,6.562766761779784908e+00,3.419999999999999929e+00,3.200000000000000000e+05
2.431377878990763353e-01,2.314390869140625195e+00,1.064750120162963931e+01,3.419999999999999929e+00,0.000000000000000000e+00
2.431593069878214552e-01,2.421986312866211133e+00,1.064750120162963931e+01,3.419999999999999929e+00,3.200000000000000000e+05
2.473704346995490300e-01,1.424987030029296886e-01,6.360411376953124751e+00,3.419999999999999929e+00,0.000000000000000000e+00
2.474109057765143671e-01,1.424987030029296886e-01,6.158055992126464595e+00,3.419999999999999929e+00,3.200000000000000000e+05
2.518208030507771977e-01,2.529579849243164258e+00,1.064750120162963931e+01,3.419999999999999929e+00,0.000000000000000000e+00
2.518423217580526008e-01,2.637173385620117383e+00,1.064750120162963931e+01,3.419999999999999929e+00,3.200000000000000000e+05
2.564509885948507706e-01,1.424987030029296886e-01,5.955700607299804439e+00,3.419999999999999929e+00,0.000000000000000000e+00
2.564914594810812631e-01,1.424987030029296886e-01,5.753346176147460689e+00,3.419999999999999929e+00,3.200000000000000000e+05
2.612988959267302791e-01,2.744768829345703320e+00,1.064750120162963931e+01,3.419999999999999929e+00,0.000000000000000000e+00
2.613204146340056822e-01,2.852362365722656445e+00,1.064750120162963931e+01,3.419999999999999929e+00,3.200000000000000000e+05
2.663266206421899263e-01,1.424987030029296886e-01,5.550990791320800533e+00,3.419999999999999929e+00,0.000000000000000000e+00
2.663670917191552356e-01,1.424987030029296886e-01,5.348635406494140376e+00,3.419999999999999929e+00,3.200000000000000000e+05
2.715720672898748189e-01,2.959955902099609570e+00,1.064750120162963931e+01,3.419999999999999929e+00,0.000000000000000000e+00
2.715935863786199111e-01,3.067551345825195508e+00,1.064750120162963931e+01,3.419999999999999929e+00,3.200000000000000000e+05
2.769973322884976552e-01,1.424987030029296886e-01,5.146280021667480220e+00,3.419999999999999929e+00,0.000000000000000000e+00
2.770378033654629646e-01,1.424987030029296886e-01,4.943924636840820064e+00,3.419999999999999929e+00,3.200000000000000000e+05
2.826403188378759923e-01,3.175144882202148633e+00,1.064750120162963931e+01,3.419999999999999929e+00,0.000000000000000000e+00
2.826618375451513954e-01,3.282738418579101758e+00,1.064750120162963931e+01,3.419999999999999929e+00,3.200000000000000000e+05
2.884631218497923921e-01,1.424987030029296886e-01,4.741570205688476314e+00,3.419999999999999929e+00,0.000000000000000000e+00
2.885035929267577015e-01,1.424987030029296886e-01,4.539214820861816158e+00,3.419999999999999929e+00,3.200000000000000000e+05
2.945036475705568590e-01,3.390333862304687695e+00,1.064750120162963931e+01,3.419999999999999929e+00,0.000000000000000000e+00
2.945251662778322621e-01,3.497927398681640820e+00,1.064750120162963931e+01,3.419999999999999929e+00,3.200000000000000000e+05
3.007239904841667033e-01,1.424987030029296886e-01,4.336859436035156001e+00,3.419999999999999929e+00,0.000000000000000000e+00
3.007644615611320127e-01,1.424987030029296886e-01,4.134504051208495845e+00,3.419999999999999929e+00,3.200000000000000000e+05
3.071620553300017931e-01,3.605520935058593945e+00,1.064750120162963931e+01,3.419999999999999929e+00,0.000000000000000000e+00
3.071835744187468853e-01,3.713116378784179883e+00,1.064750120162963931e+01,3.419999999999999929e+00,3.200000000000000000e+05
3.137799377964674563e-01,1.424987030029296886e-01,3.932149620056152539e+00,3.419999999999999929e+00,0.000000000000000000e+00
3.138204088734327657e-01,1.424987030029296886e-01,3.729794235229492383e+00,3.419999999999999929e+00,3.200000000000000000e+05
3.206155418136886204e-01,3.820709915161133008e+00,1.064750120162963931e+01,3.419999999999999929e+00,0.000000000000000000e+00
3.206370605209640234e-01,3.928303451538086133e+00,1.064750120162963931e+01,3.419999999999999929e+00,3.200000000000000000e+05
3.276309630237552173e-01,1.424987030029296886e-01,3.527438850402832227e+00,3.419999999999999929e+00,0.000000000000000000e+00
3.276714341007205267e-01,1.424987030029296886e-01,3.325083465576172070e+00,3.419999999999999929e+00,3.200000000000000000e+05
3.348641069426698813e-01,4.035898895263671626e+00,1.064750120162963931e+01,3.419999999999999929e+00,0.000000000000000000e+00
3.348856256499452844e-01,4.143492431640624751e+00,1.064750120162963931e+01,3.419999999999999929e+00,3.200000000000000000e+05
3.422770680544299227e-01,1.424987030029296886e-01,3.122728080749511914e+00,3.419999999999999929e+00,0.000000000000000000e+00
3.423175389406604152e-01,1.424987030029296886e-01,2.920373649597168164e+00,3.419999999999999929e+00,3.200000000000000000e+05
3.499077501773730225e-01,4.251085968017577876e+00,1.064750120162963931e+01,3.419999999999999929e+00,0.000000000000000000e+00
3.499292688846484256e-01,4.358679504394531001e+00,1.064750120162963931e+01,3.419999999999999929e+00,3.200000000000000000e+05
3.577182496838963721e-01,1.424987030029296886e-01,2.718018264770508008e+00,3.419999999999999929e+00,0.000000000000000000e+00
3.577587207608616815e-01,1.424987030029296886e-01,2.515662879943847852e+00,3.419999999999999929e+00,3.200000000000000000e+05
3.657464718992677333e-01,4.466274948120116939e+00,1.064750120162963931e+01,3.419999999999999929e+00,0.000000000000000000e+00
3.657679906065431363e-01,4.573868484497070064e+00,1.064750120162963931e+01,3.419999999999999929e+00,3.200000000000000000e+05
3.739545113074845273e-01,1.424987030029296886e-01,2.313307495117187695e+00,3.419999999999999929e+00,0.000000000000000000e+00
3.739949823844498367e-01,1.424987030029296886e-01,2.110952110290527539e+00,3.419999999999999929e+00,3.200000000000000000e+05
3.823802726479266223e-01,4.681462020874023189e+00,1.064750120162963931e+01,3.419999999999999929e+00,0.000000000000000000e+00
3.824017917366717145e-01,4.789057464599609126e+00,1.064750120162963931e+01,3.419999999999999929e+00,3.200000000000000000e+05
3.909858523393065499e-01,1.424987030029296886e-01,1.908596725463867161e+00,3.419999999999999929e+00,0.000000000000000000e+00
3.910263232255370425e-01,1.424987030029296886e-01,1.706242294311523411e+00,3.419999999999999929e+00,3.200000000000000000e+05
3.998091526603998469e-01,4.896651000976562251e+00,1.064750120162963931e+01,3.419999999999999929e+00,0.000000000000000000e+00
3.998306713676752500e-01,5.004244537353515376e+00,1.064750120162963931e+01,3.419999999999999929e+00,3.200000000000000000e+05
4.088122696347660234e-01,1.424987030029296886e-01,1.503887863159179661e+00,3.419999999999999929e+00,0.000000000000000000e+00
4.088527409024662052e-01,1.424987030029296886e-01,1.301531524658203098e+00,3.419999999999999929e+00,3.200000000000000000e+05
4.180331102390224540e-01,5.111839981079101314e+00,1.064750120162963931e+01,3.419999999999999929e+00,0.000000000000000000e+00
4.180546289462978571e-01,5.219433517456054439e+00,1.064750120162963931e+01,3.419999999999999929e+00,3.200000000000000000e+05
4.274337671150820750e-01,1.424987030029296886e-01,1.099177093505859348e+00,3.419999999999999929e+00,0.000000000000000000e+00
4.274742380013125675e-01,1.424987030029296886e-01,8.968226623535155984e-01,3.419999999999999929e+00,3.200000000000000000e+05
4.370521450023246990e-01,5.327027053833007564e+00,1.064750120162963931e+01,3.419999999999999929e+00,0.000000000000000000e+00
4.370736640910697912e-01,5.434622497558593501e+00,1.064750120162963931e+01,3.419999999999999929e+00,3.200000000000000000e+05
4.468503421615474536e-01,1.424987030029296886e-01,6.944663238525390359e-01,3.419999999999999929e+00,0.000000000000000000e+00
4.468908130477779461e-01,1.424987030029296886e-01,4.921118927001952859e-01,3.419999999999999929e+00,3.200000000000000000e+05
4.568662599504835775e-01,5.542216033935546626e+00,1.064750120162963931e+01,3.419999999999999929e+00,0.000000000000000000e+00
4.568877786577589806e-01,5.649809570312499751e+00,1.064750120162963931e+01,3.419999999999999929e+00,3.200000000000000000e+05
4.670619958533073213e-01,1.424987030029296886e-01,2.897555541992187234e-01,3.419999999999999929e+00,0.000000000000000000e+00
4.670920241314029386e-01,1.717974853515625011e-01,1.425006103515625011e-01,3.419999999999999929e+00,3.200000000000000000e+05
4.774108869940670297e-01,5.757405014038085689e+00,1.064750120162963931e+01,3.419999999999999929e+00,0.000000000000000000e+00
4.774324057013424327e-01,5.864998550415038814e+00,1.064750120162963931e+01,3.419999999999999929e+00,3.200000000000000000e+05
4.877512685640065238e-01,2.793910217285155984e-01,1.425006103515625011e-01,3.419999999999999929e+00,0.000000000000000000e+00
4.877727872712819268e-01,3.869845581054687234e-01,1.425006103515625011e-01,3.419999999999999929e+00,3.200000000000000000e+05
4.980916501339460178e-01,5.972592086791991939e+00,1.064750120162963931e+01,3.419999999999999929e+00,0.000000000000000000e+00
4.981131692226911101e-01,6.080187530517577876e+00,1.064750120162963931e+01,3.419999999999999929e+00,3.200000000000000000e+05
5.084320320853551456e-01,4.945800018310546609e-01,1.425006103515625011e-01,3.419999999999999929e+00,0.000000000000000000e+00
5.084535507926305486e-01,6.021735382080077859e-01,1.425006103515625011e-01,3.419999999999999929e+00,3.200000000000000000e+05
5.187724136552945842e-01,6.187781066894531001e+00,1.064750120162963931e+01,3.419999999999999929e+00,0.000000000000000000e+00
5.187939323625699872e-01,6.295374603271484126e+00,1.064750120162963931e+01,3.419999999999999929e+00,3.200000000000000000e+05
5.291127952252340227e-01,7.097670745849609109e-01,1.425006103515625011e-01,3.419999999999999929e+00,0.000000000000000000e+00
5.291343143139791705e-01,8.173625183105468484e-01,1.425006103515625011e-01,3.419999999999999929e+00,3.200000000000000000e+05
5.394531771766432060e-01,6.402970046997070064e+00,1.064750120162963931e+01,3.419999999999999929e+00,0.000000000000000000e+00
5.394746958839186091e-01,6.510563583374023189e+00,1.064750120162963931e+01,3.419999999999999929e+00,3.200000000000000000e+05
5.497935587465826446e-01,9.249560546874999734e-01,1.425006103515625011e-01,3.419999999999999929e+00,0.000000000000000000e+00
5.498150774538580476e-01,1.032549591064453098e+00,1.425006103515625011e-01,3.419999999999999929e+00,3.200000000000000000e+05
5.601339403165220832e-01,6.618157119750976314e+00,1.064750120162963931e+01,3.419999999999999929e+00,0.000000000000000000e+00
5.601554592145323586e-01,6.725751609802245845e+00,1.064750120162963931e+01,3.419999999999999929e+00,3.200000000000000000e+05
5.704743216888851221e-01,1.140145034790039036e+00,1.425006103515625011e-01,3.419999999999999929e+00,0.000000000000000000e+00
5.704958403961605251e-01,1.247738571166992161e+00,1.425006103515625011e-01,3.419999999999999929e+00,3.200000000000000000e+05
5.808147032588245606e-01,6.833346099853515376e+00,1.064750120162963931e+01,3.419999999999999929e+00,0.000000000000000000e+00
5.808362219660999637e-01,6.940939636230468501e+00,1.064750120162963931e+01,3.419999999999999929e+00,3.200000000000000000e+05
5.911550848287639992e-01,1.355332107543945286e+00,1.425006103515625011e-01,3.419999999999999929e+00,0.000000000000000000e+00
5.911766039175091469e-01,1.462927551269531223e+00,1.425006103515625011e-01,3.419999999999999929e+00,3.200000000000000000e+05
6.014954663918619104e-01,7.048534126281738033e+00,1.064750120162963931e+01,3.419999999999999929e+00,0.000000000000000000e+00
6.015169852898721858e-01,7.156128616333007564e+00,1.064750120162963931e+01,3.419999999999999929e+00,3.200000000000000000e+05
6.118358481525362214e-01,1.570521087646484348e+00,1.425006103515625011e-01,3.419999999999999929e+00,0.000000000000000000e+00
6.118573668598116244e-01,1.678114624023437473e+00,1.425006103515625011e-01,3.419999999999999929e+00,3.200000000000000000e+05
6.221762297224756599e-01,7.263722152709960689e+00,1.064750120162963931e+01,3.419999999999999929e+00,0.000000000000000000e+00
6.221977486204859353e-01,7.371316642761230220e+00,1.064750120162963931e+01,3.419999999999999929e+00,3.200000000000000000e+05
6.325166110948386988e-01,1.785710067749023411e+00,1.425006103515625011e-01,3.419999999999999929e+00,0.000000000000000000e+00
6.325381298021141019e-01,1.893303604125976536e+00,1.425006103515625011e-01,3.419999999999999929e+00,3.200000000000000000e+05
6.428569926647781374e-01,7.478911132812499751e+00,1.064750120162963931e+01,3.419999999999999929e+00,0.000000000000000000e+00
6.428785113720535405e-01,7.586504669189452876e+00,1.064750120162963931e+01,3.419999999999999929e+00,3.200000000000000000e+05
6.531973742347175760e-01,2.000897140502929883e+00,1.425006103515625011e-01,3.419999999999999929e+00,0.000000000000000000e+00
6.532188933234627237e-01,2.108492584228515820e+00,1.425006103515625011e-01,3.419999999999999929e+00,3.200000000000000000e+05
6.635377557978154872e-01,7.694099159240722408e+00,1.064750120162963931e+01,3.419999999999999929e+00,0.000000000000000000e+00
6.635592746958257626e-01,7.801693649291991939e+00,1.064750120162963931e+01,3.419999999999999929e+00,3.200000000000000000e+05
6.738781375584897981e-01,2.216086120605468945e+00,1.425006103515625011e-01,3.419999999999999929e+00,0.000000000000000000e+00
6.738996562657652012e-01,2.323679656982422070e+00,1.425006103515625011e-01,3.419999999999999929e+00,3.200000000000000000e+05
6.842185191284292367e-01,7.909287185668945064e+00,1.064750120162963931e+01,3.419999999999999929e+00,0.000000000000000000e+00
6.842400380264395121e-01,8.016881675720215483e+00,1.064750120162963931e+01,3.419999999999999929e+00,3.200000000000000000e+05
6.945589012774149307e-01,2.431273193359375195e+00,1.425006103515625011e-01,3.419999999999999929e+00,0.000000000000000000e+00
6.945804203661600784e-01,2.538868637084961133e+00,1.425006103515625011e-01,3.419999999999999929e+00,3.200000000000000000e+05
7.048992832288241139e-01,8.124476165771485014e+00,1.064750120162963931e+01,3.419999999999999929e+00,0.000000000000000000e+00
7.049208019360995170e-01,8.232069702148438139e+00,1.064750120162963931e+01,3.419999999999999929e+00,3.200000000000000000e+05
7.152396647987635525e-01,2.646462173461914258e+00,1.425006103515625011e-01,3.419999999999999929e+00,0.000000000000000000e+00
7.152611835060389556e-01,2.754055709838867383e+00,1.425006103515625011e-01,3.419999999999999929e+00,3.200000000000000000e+05
7.255800467570143741e-01,8.339664192199707671e+00,1.064750120162963931e+01,3.419999999999999929e+00,0.000000000000000000e+00
7.256015656550246495e-01,8.447258682250977202e+00,1.064750120162963931e+01,3.419999999999999929e+00,3.200000000000000000e+05
7.359204285176886851e-01,2.861651153564453320e+00,1.425006103515625011e-01,3.419999999999999929e+00,0.000000000000000000e+00
7.359419472249640881e-01,2.969244689941406445e+00,1.425006103515625011e-01,3.419999999999999929e+00,3.200000000000000000e+05
7.462608100876281236e-01,8.554852218627930327e+00,1.064750120162963931e+01,3.419999999999999929e+00,0.000000000000000000e+00
7.462823289856383990e-01,8.662446708679199858e+00,1.064750120162963931e+01,3.419999999999999929e+00,3.200000000000000000e+05
7.566011922366138176e-01,3.076838226318359570e+00,1.425006103515625011e-01,3.419999999999999929e+00,0.000000000000000000e+00
7.566227113253589653e-01,3.184433670043945508e+00,1.425006103515625011e-01,3.419999999999999929e+00,3.200000000000000000e+05
7.669415741880230009e-01,8.770041198730469389e+00,1.064750120162963931e+01,3.419999999999999929e+00,0.000000000000000000e+00
7.669630928952984039e-01,8.877634735107422514e+00,1.064750120162963931e+01,3.419999999999999929e+00,3.200000000000000000e+05
7.772819557579624394e-01,3.292027206420898633e+00,1.425006103515625011e-01,3.419999999999999929e+00,0.000000000000000000e+00
7.773034744652378425e-01,3.399620742797851758e+00,1.425006103515625011e-01,3.419999999999999929e+00,3.200000000000000000e+05
7.876223377162132611e-01,8.985229225158692046e+00,1.064750120162963931e+01,3.419999999999999929e+00,0.000000000000000000e+00
7.876438566142235365e-01,9.092823715209961577e+00,1.064750120162963931e+01,3.419999999999999929e+00,3.200000000000000000e+05
7.979627194768875720e-01,3.507216186523437695e+00,1.425006103515625011e-01,3.419999999999999929e+00,0.000000000000000000e+00
7.979842381841629750e-01,3.614809722900390820e+00,1.425006103515625011e-01,3.419999999999999929e+00,3.200000000000000000e+05
8.083031010468270106e-01,9.200417251586914702e+00,1.064750120162963931e+01,3.419999999999999929e+00,0.000000000000000000e+00
8.083246199448372860e-01,9.308011741638184233e+00,1.064750120162963931e+01,3.419999999999999929e+00,3.200000000000000000e+05
8.186434831958127045e-01,3.722403259277343945e+00,1.425006103515625011e-01,3.419999999999999929e+00,0.000000000000000000e+00
8.186650022845578523e-01,3.829998703002929883e+00,1.425006103515625011e-01,3.419999999999999929e+00,3.200000000000000000e+05
8.289838651472218878e-01,9.415606231689453764e+00,1.064750120162963931e+01,3.419999999999999929e+00,0.000000000000000000e+00
8.290053838544972908e-01,9.523199768066406889e+00,1.064750120162963931e+01,3.419999999999999929e+00,3.200000000000000000e+05
8.393242467171613264e-01,3.937592239379883008e+00,1.425006103515625011e-01,3.419999999999999929e+00,0.000000000000000000e+00
8.393457654244367294e-01,4.045185775756835689e+00,1.425006103515625011e-01,3.419999999999999929e+00,3.200000000000000000e+05
8.496646286754121480e-01,9.630794258117676421e+00,1.064750120162963931e+01,3.419999999999999929e+00,0.000000000000000000e+00
8.496861475734224234e-01,9.738388748168945952e+00,1.064750120162963931e+01,3.419999999999999929e+00,3.200000000000000000e+05
8.600050104360864589e-01,4.152781219482421626e+00,1.425006103515625011e-01,3.419999999999999929e+00,0.000000000000000000e+00
8.600265291433618620e-01,4.260374755859374751e+00,1.425006103515625011e-01,3.419999999999999929e+00,3.200000000000000000e+05
8.703453920060258975e-01,9.845982284545899077e+00,1.064750120162963931e+01,3.419999999999999929e+00,0.000000000000000000e+00
8.703669109040361729e-01,9.953576774597168608e+00,1.064750120162963931e+01,3.419999999999999929e+00,3.200000000000000000e+05
8.806857741550115914e-01,4.367968292236327876e+00,1.425006103515625011e-01,3.419999999999999929e+00,0.000000000000000000e+00
8.807072932437567392e-01,4.475563735961913814e+00,1.425006103515625011e-01,3.419999999999999929e+00,3.200000000000000000e+05
8.910261557181095027e-01,1.006117031097412173e+01,1.064750120162963931e+01,3.419999999999999929e+00,0.000000000000000000e+00
8.910476746161197781e-01,1.016876480102539126e+01,1.064750120162963931e+01,3.419999999999999929e+00,3.200000000000000000e+05
9.013665374787838136e-01,4.583157272338866939e+00,1.425006103515625011e-01,3.419999999999999929e+00,0.000000000000000000e+00
9.013880561860592167e-01,4.690750808715820064e+00,1.425006103515625011e-01,3.419999999999999929e+00,3.200000000000000000e+05
9.117069194370346352e-01,1.027635929107666080e+01,1.064750120162963931e+01,3.419999999999999929e+00,0.000000000000000000e+00
9.117284381443100383e-01,1.038395282745361392e+01,1.064750120162963931e+01,3.419999999999999929e+00,3.200000000000000000e+05
9.220473006186628018e-01,4.798346252441406001e+00,1.425006103515625011e-01,3.419999999999999929e+00,0.000000000000000000e+00
9.220688193259382048e-01,4.905939788818359126e+00,1.425006103515625011e-01,3.419999999999999929e+00,3.200000000000000000e+05
9.323876821886022404e-01,1.049154731750488345e+01,1.064750120162963931e+01,3.419999999999999929e+00,0.000000000000000000e+00
9.324092010866125158e-01,1.059914180755615298e+01,1.064750120162963931e+01,3.419999999999999929e+00,3.200000000000000000e+05
9.427280643375879343e-01,5.013533325195312251e+00,1.425006103515625011e-01,3.419999999999999929e+00,0.000000000000000000e+00
9.427495834263330821e-01,5.121128768920898189e+00,1.425006103515625011e-01,3.419999999999999929e+00,3.200000000000000000e+05
9.530684459006858456e-01,1.070673534393310611e+01,1.064750120162963931e+01,3.419999999999999929e+00,0.000000000000000000e+00
9.530899647986961210e-01,1.081432983398437564e+01,1.064750120162963931e+01,3.419999999999999929e+00,3.200000000000000000e+05
9.634088276613601565e-01,5.228722305297851314e+00,1.425006103515625011e-01,3.419999999999999929e+00,0.000000000000000000e+00
9.634303463686355595e-01,5.336315841674804439e+00,1.425006103515625011e-01,3.419999999999999929e+00,3.200000000000000000e+05
9.737492096196109781e-01,1.092192432403564517e+01,1.064750120162963931e+01,3.419999999999999929e+00,0.000000000000000000e+00
9.737707283268863812e-01,1.102951786041259830e+01,1.064750120162963931e+01,3.419999999999999929e+00,3.200000000000000000e+05
9.840895908012391446e-01,5.443911285400390376e+00,1.425006103515625011e-01,3.419999999999999929e+00,0.000000000000000000e+00
9.841111095085145477e-01,5.551504821777343501e+00,1.425006103515625011e-01,3.419999999999999929e+00,3.200000000000000000e+05
9.944299723711785832e-01,1.113711235046386783e+01,1.064750120162963931e+01,3.419999999999999929e+00,0.000000000000000000e+00
9.944514912691888586e-01,1.124470684051513736e+01,1.064750120162963931e+01,3.419999999999999929e+00,3.200000000000000000e+05
1.004770354520164277e+00,5.659098358154296626e+00,1.425006103515625011e-01,3.419999999999999929e+00,0.000000000000000000e+00
1.004791873227439680e+00,5.766691894531249751e+00,1.425006103515625011e-01,3.419999999999999929e+00,3.200000000000000000e+05
1.015110736478415099e+00,1.135230037689209048e+01,1.064750120162963931e+01,3.419999999999999929e+00,0.000000000000000000e+00
1.015132255376425263e+00,1.145989486694336001e+01,1.064750120162963931e+01,3.419999999999999929e+00,3.200000000000000000e+05
1.025451118239089299e+00,5.874287338256835689e+00,1.425006103515625011e-01,3.419999999999999929e+00,0.000000000000000000e+00
1.025472636946364702e+00,5.981880874633788814e+00,1.425006103515625011e-01,3.419999999999999929e+00,3.200000000000000000e+05
1.035791500197340120e+00,1.156748935699462955e+01,1.064750120162963931e+01,3.419999999999999929e+00,0.000000000000000000e+00
1.035813018904615523e+00,1.167508289337158267e+01,1.064750120162963931e+01,3.419999999999999929e+00,3.200000000000000000e+05
1.046131882155590942e+00,6.089474411010741939e+00,1.425006103515625011e-01,3.419999999999999929e+00,0.000000000000000000e+00
1.046153401244336090e+00,6.197069854736327876e+00,1.425006103515625011e-01,3.419999999999999929e+00,3.200000000000000000e+05
1.056472264107000125e+00,1.178267738342285220e+01,1.064750120162963931e+01,3.419999999999999929e+00,0.000000000000000000e+00
1.056493783005010290e+00,1.189027187347412173e+01,1.064750120162963931e+01,3.419999999999999929e+00,3.200000000000000000e+05
1.066812646255985708e+00,6.304663391113281001e+00,1.425006103515625011e-01,3.419999999999999929e+00,0.000000000000000000e+00
1.066834164963261111e+00,6.412256927490234126e+00,1.425006103515625011e-01,3.419999999999999929e+00,3.200000000000000000e+05
1.077153028214236530e+00,1.199786540985107486e+01,1.064750120162963931e+01,3.419999999999999929e+00,0.000000000000000000e+00
1.077174547112246694e+00,1.210545989990234439e+01,1.064750120162963931e+01,3.419999999999999929e+00,3.200000000000000000e+05
1.087493409974910730e+00,6.519852371215820064e+00,1.425006103515625011e-01,3.419999999999999929e+00,0.000000000000000000e+00
1.087514928682186133e+00,6.627445907592773189e+00,1.425006103515625011e-01,3.419999999999999929e+00,3.200000000000000000e+05
1.097833791544850168e+00,1.221305343627929751e+01,1.064750120162963931e+01,3.419999999999999929e+00,0.000000000000000000e+00
1.097855310442860333e+00,1.232064792633056705e+01,1.064750120162963931e+01,3.419999999999999929e+00,3.200000000000000000e+05
1.108174173305524368e+00,6.735040397644042720e+00,1.425006103515625011e-01,3.419999999999999929e+00,0.000000000000000000e+00
1.108195692012799771e+00,6.842633934020995845e+00,1.425006103515625011e-01,3.419999999999999929e+00,3.200000000000000000e+05
1.118514555263775190e+00,1.242824241638183658e+01,1.064750120162963931e+01,3.419999999999999929e+00,0.000000000000000000e+00
1.118536073971050593e+00,1.253583595275878970e+01,1.064750120162963931e+01,3.419999999999999929e+00,3.200000000000000000e+05
1.128854936833714628e+00,6.950228424072265376e+00,1.425006103515625011e-01,3.419999999999999929e+00,0.000000000000000000e+00
1.128876455731724793e+00,7.057822914123534908e+00,1.425006103515625011e-01,3.419999999999999929e+00,3.200000000000000000e+05
1.139195318594388828e+00,1.264343044281005923e+01,1.064750120162963931e+01,3.419999999999999929e+00,0.000000000000000000e+00
1.139216837492398993e+00,1.275102493286132876e+01,1.064750120162963931e+01,3.419999999999999929e+00,3.200000000000000000e+05
1.149535700743374411e+00,7.165416450500488033e+00,1.425006103515625011e-01,3.419999999999999929e+00,0.000000000000000000e+00
1.149557219641384576e+00,7.273010940551757564e+00,1.425006103515625011e-01,3.419999999999999929e+00,3.200000000000000000e+05
1.159876082504048611e+00,1.285861846923828189e+01,1.064750120162963931e+01,3.419999999999999929e+00,0.000000000000000000e+00
1.159897601402058775e+00,1.296621295928955142e+01,1.064750120162963931e+01,3.419999999999999929e+00,3.200000000000000000e+05
1.170216464264722811e+00,7.380605430603027095e+00,1.425006103515625011e-01,3.419999999999999929e+00,0.000000000000000000e+00
1.170237982971998214e+00,7.488198966979980220e+00,1.425006103515625011e-01,3.419999999999999929e+00,3.200000000000000000e+05
1.180556846222973633e+00,1.307380744934082095e+01,1.064750120162963931e+01,3.419999999999999929e+00,0.000000000000000000e+00
1.180578364930249036e+00,1.318140098571777408e+01,1.064750120162963931e+01,3.419999999999999929e+00,3.200000000000000000e+05
1.190897227792913071e+00,7.595793457031249751e+00,1.425006103515625011e-01,3.419999999999999929e+00,0.000000000000000000e+00
1.190918746690923236e+00,7.703387947082519283e+00,1.425006103515625011e-01,3.419999999999999929e+00,3.200000000000000000e+05
1.201237609553587271e+00,1.328899547576904361e+01,1.064750120162963931e+01,3.419999999999999929e+00,0.000000000000000000e+00
1.201259128451597435e+00,1.339658996582031314e+01,1.064750120162963931e+01,3.419999999999999929e+00,3.200000000000000000e+05
1.211577991702572854e+00,7.810981483459472408e+00,1.425006103515625011e-01,3.419999999999999929e+00,0.000000000000000000e+00
1.211599510600583018e+00,7.918575973510741939e+00,1.425006103515625011e-01,3.419999999999999929e+00,3.200000000000000000e+05
1.221918373463247054e+00,1.350418350219726626e+01,1.064750120162963931e+01,3.419999999999999929e+00,0.000000000000000000e+00
1.221939892361257218e+00,1.361177799224853580e+01,1.064750120162963931e+01,3.419999999999999929e+00,3.200000000000000000e+05
1.232258755223921254e+00,8.026170463562012358e+00,1.425006103515625011e-01,3.419999999999999929e+00,0.000000000000000000e+00
1.232280273931196657e+00,8.133763999938965483e+00,1.425006103515625011e-01,3.419999999999999929e+00,3.200000000000000000e+05
1.242599137182172075e+00,1.371937248229980533e+01,1.064750120162963931e+01,3.419999999999999929e+00,0.000000000000000000e+00
1.242620655889447479e+00,1.382696601867675845e+01,1.064750120162963931e+01,3.419999999999999929e+00,3.200000000000000000e+05
1.252939518752111514e+00,8.241358489990235014e+00,1.425006103515625011e-01,3.419999999999999929e+00,0.000000000000000000e+00
1.252961037650121678e+00,8.348952980041504546e+00,1.425006103515625011e-01,3.419999999999999929e+00,3.200000000000000000e+05
1.263279900512785714e+00,1.393456050872802798e+01,1.064750120162963931e+01,3.419999999999999929e+00,0.000000000000000000e+00
1.263301419220061117e+00,1.404215404510498111e+01,1.064750120162963931e+01,3.419999999999999929e+00,3.200000000000000000e+05
1.273620282082725153e+00,8.456546516418457671e+00,1.425006103515625011e-01,3.419999999999999929e+00,0.000000000000000000e+00
1.273641800980735317e+00,8.564141006469727202e+00,1.425006103515625011e-01,3.419999999999999929e+00,3.200000000000000000e+05
1.283960663843399352e+00,1.414974853515625064e+01,1.064750120162963931e+01,3.419999999999999929e+00,0.000000000000000000e+00
1.283982182741409517e+00,1.425734302520752017e+01,1.064750120162963931e+01,3.419999999999999929e+00,3.200000000000000000e+05
1.294301045604073552e+00,8.671735496520996733e+00,1.425006103515625011e-01,3.419999999999999929e+00,0.000000000000000000e+00
1.294322564311348955e+00,8.779329032897949858e+00,1.425006103515625011e-01,3.419999999999999929e+00,3.200000000000000000e+05
1.304641427174012991e+00,1.436493656158447330e+01,1.064750120162963931e+01,3.419999999999999929e+00,0.000000000000000000e+00
1.304662946072023155e+00,1.447253105163574283e+01,1.064750120162963931e+01,3.419999999999999929e+00,3.200000000000000000e+05
1.314981808934687191e+00,8.886923522949219389e+00,1.425006103515625011e-01,3.419999999999999929e+00,0.000000000000000000e+00
1.315003327832697355e+00,8.994518013000488921e+00,1.425006103515625011e-01,3.419999999999999929e+00,3.200000000000000000e+05
1.325322190695361391e+00,1.458012554168701236e+01,1.064750120162963931e+01,3.419999999999999929e+00,0.000000000000000000e+00
1.325343709402636794e+00,1.468771907806396548e+01,1.064750120162963931e+01,3.419999999999999929e+00,3.200000000000000000e+05
1.335662572265300829e+00,9.102111549377442046e+00,1.425006103515625011e-01,3.419999999999999929e+00,0.000000000000000000e+00
1.335684091163310994e+00,9.209706039428711577e+00,1.425006103515625011e-01,3.419999999999999929e+00,3.200000000000000000e+05
1.346002954025975029e+00,1.479531356811523501e+01,1.064750120162963931e+01,3.419999999999999929e+00,0.000000000000000000e+00
1.346024472923985194e+00,1.490290805816650455e+01,1.064750120162963931e+01,3.419999999999999929e+00,3.200000000000000000e+05
1.356343335786649229e+00,9.317300529479981108e+00,1.425006103515625011e-01,3.419999999999999929e+00,0.000000000000000000e+00
1.356364854493924632e+00,9.424894065856934233e+00,1.425006103515625011e-01,3.419999999999999929e+00,3.200000000000000000e+05
1.366683717356588668e+00,1.501050159454345767e+01,1.064750120162963931e+01,3.419999999999999929e+00,0.000000000000000000e+00
1.366705236254598832e+00,1.511809608459472720e+01,1.064750120162963931e+01,3.419999999999999929e+00,3.200000000000000000e+05
1.377024099117262868e+00,9.532488555908203764e+00,1.425006103515625011e-01,3.419999999999999929e+00,0.000000000000000000e+00
1.377045618015273032e+00,9.640083045959473296e+00,1.425006103515625011e-01,3.419999999999999929e+00,3.200000000000000000e+05
1.387364480877937067e+00,1.522569057464599673e+01,1.064750120162963931e+01,3.419999999999999929e+00,0.000000000000000000e+00
1.387385999585212470e+00,1.533328411102294986e+01,1.064750120162963931e+01,3.419999999999999929e+00,3.200000000000000000e+05
1.397704862447876506e+00,9.747676582336426421e+00,1.425006103515625011e-01,3.419999999999999929e+00,0.000000000000000000e+00
1.397726381345886670e+00,9.855271072387695952e+00,1.425006103515625011e-01,3.419999999999999929e+00,3.200000000000000000e+05
1.408045244208550706e+00,1.544087860107421939e+01,1.064750120162963931e+01,3.419999999999999929e+00,0.000000000000000000e+00
1.408066763106560870e+00,1.554847309112548892e+01,1.064750120162963931e+01,3.419999999999999929e+00,3.200000000000000000e+05
1.418385625969224906e+00,9.962865562438965483e+00,1.425006103515625011e-01,3.419999999999999929e+00,0.000000000000000000e+00
1.418407144676500309e+00,1.007045909881591861e+01,1.425006103515625011e-01,3.419999999999999929e+00,3.200000000000000000e+05
1.428726007539164344e+00,1.565606662750244205e+01,1.064750120162963931e+01,3.419999999999999929e+00,0.000000000000000000e+00
1.428747526437174509e+00,1.576366111755371158e+01,1.064750120162963931e+01,3.419999999999999929e+00,3.200000000000000000e+05
1.439066389299838544e+00,1.017805358886718814e+01,1.425006103515625011e-01,3.419999999999999929e+00,0.000000000000000000e+00
1.439087908007113947e+00,1.028564712524414126e+01,1.425006103515625011e-01,3.419999999999999929e+00,3.200000000000000000e+05
1.449406771258089366e+00,1.587125560760498111e+01,1.064750120162963931e+01,3.419999999999999929e+00,0.000000000000000000e+00
1.449428289965364769e+00,1.597884914398193423e+01,1.064750120162963931e+01,3.419999999999999929e+00,3.200000000000000000e+05
1.459747152828028804e+00,1.039324161529541080e+01,1.425006103515625011e-01,3.419999999999999929e+00,0.000000000000000000e+00
1.459768671726038969e+00,1.050083610534668033e+01,1.425006103515625011e-01,3.419999999999999929e+00,3.200000000000000000e+05
1.470087534588703004e+00,1.608644363403320199e+01,1.064750120162963931e+01,3.419999999999999929e+00,0.000000000000000000e+00
1.470109053486713169e+00,1.619403812408447152e+01,1.064750120162963931e+01,3.419999999999999929e+00,3.200000000000000000e+05
1.480427916737688587e+00,1.060842964172363345e+01,1.425006103515625011e-01,3.419999999999999929e+00,0.000000000000000000e+00
1.480449435635698752e+00,1.071602413177490298e+01,1.425006103515625011e-01,3.419999999999999929e+00,3.200000000000000000e+05
1.490768298498362787e+00,1.630163166046142464e+01,1.064750120162963931e+01,3.419999999999999929e+00,0.000000000000000000e+00
1.490789817205638190e+00,1.640922519683837777e+01,1.064750120162963931e+01,3.419999999999999929e+00,3.200000000000000000e+05
1.501108679679991065e+00,1.082361862182617251e+01,1.425006103515625011e-01,3.419999999999999929e+00,0.000000000000000000e+00
1.501130198387266468e+00,1.093121215820312564e+01,1.425006103515625011e-01,3.419999999999999929e+00,3.200000000000000000e+05
1.511449061638241886e+00,1.651682064056396371e+01,1.064750120162963931e+01,3.419999999999999929e+00,0.000000000000000000e+00
1.511470580345517289e+00,1.662441417694091683e+01,1.064750120162963931e+01,3.419999999999999929e+00,3.200000000000000000e+05
1.521789443208181325e+00,1.103880664825439517e+01,1.425006103515625011e-01,3.419999999999999929e+00,0.000000000000000000e+00
1.521810962106191489e+00,1.114640113830566470e+01,1.425006103515625011e-01,3.419999999999999929e+00,3.200000000000000000e+05
1.532129824580544364e+00,1.673200771331786996e+01,1.064750120162963931e+01,3.419999999999999929e+00,0.000000000000000000e+00
1.532151343669289512e+00,1.683960315704345589e+01,1.064750120162963931e+01,3.419999999999999929e+00,3.200000000000000000e+05
1.542470206920264930e+00,1.125399467468261783e+01,1.425006103515625011e-01,3.419999999999999929e+00,0.000000000000000000e+00
1.542491725818275095e+00,1.136158916473388736e+01,1.425006103515625011e-01,3.419999999999999929e+00,3.200000000000000000e+05
1.552810588680939130e+00,1.694719669342040902e+01,1.064750120162963931e+01,3.419999999999999929e+00,0.000000000000000000e+00
1.552832107388214533e+00,1.705479022979736214e+01,1.064750120162963931e+01,3.419999999999999929e+00,3.200000000000000000e+05
1.563150969862567408e+00,1.146918365478515689e+01,1.425006103515625011e-01,3.419999999999999929e+00,0.000000000000000000e+00
1.563172488569842811e+00,1.157677719116211001e+01,1.425006103515625011e-01,3.419999999999999929e+00,3.200000000000000000e+05
1.573491351820818229e+00,1.716238567352294808e+01,1.064750120162963931e+01,3.419999999999999929e+00,0.000000000000000000e+00
1.573512870528093632e+00,1.726997920989990121e+01,1.064750120162963931e+01,3.419999999999999929e+00,3.200000000000000000e+05
1.583831733390757668e+00,1.168437168121337955e+01,1.425006103515625011e-01,3.419999999999999929e+00,0.000000000000000000e+00
1.583853252288767832e+00,1.179196617126464908e+01,1.425006103515625011e-01,3.419999999999999929e+00,3.200000000000000000e+05
1.594172114763120707e+00,1.737757274627685433e+01,1.064750120162963931e+01,3.419999999999999929e+00,0.000000000000000000e+00
1.594193633851865854e+00,1.748516819000244027e+01,1.064750120162963931e+01,3.419999999999999929e+00,3.200000000000000000e+05
1.604512497102841273e+00,1.189955970764160220e+01,1.425006103515625011e-01,3.419999999999999929e+00,0.000000000000000000e+00
1.604534016000851437e+00,1.200715419769287173e+01,1.425006103515625011e-01,3.419999999999999929e+00,3.200000000000000000e+05
1.614852878863515473e+00,1.759276172637939339e+01,1.064750120162963931e+01,3.419999999999999929e+00,0.000000000000000000e+00
1.614874397570790876e+00,1.770035526275634652e+01,1.064750120162963931e+01,3.419999999999999929e+00,3.200000000000000000e+05
1.625193260433454912e+00,1.211474773406982486e+01,1.425006103515625011e-01,3.419999999999999929e+00,0.000000000000000000e+00
1.625214779331465076e+00,1.222234222412109439e+01,1.425006103515625011e-01,3.419999999999999929e+00,3.200000000000000000e+05
1.635533642582440494e+00,1.780795070648193246e+01,1.064750120162963931e+01,3.419999999999999929e+00,0.000000000000000000e+00
1.635555161289715898e+00,1.791554424285888558e+01,1.064750120162963931e+01,3.419999999999999929e+00,3.200000000000000000e+05
1.645874024152379933e+00,1.232993671417236392e+01,1.425006103515625011e-01,3.419999999999999929e+00,0.000000000000000000e+00
1.645895542859655336e+00,1.243753025054931705e+01,1.425006103515625011e-01,3.419999999999999929e+00,3.200000000000000000e+05
1.656214405722319372e+00,1.802313777923583871e+01,1.064750120162963931e+01,3.419999999999999929e+00,0.000000000000000000e+00
1.656235924811064519e+00,1.813073322296142464e+01,1.064750120162963931e+01,3.419999999999999929e+00,3.200000000000000000e+05
1.666554788062039938e+00,1.254512474060058658e+01,1.425006103515625011e-01,3.419999999999999929e+00,0.000000000000000000e+00
1.666576306960050102e+00,1.265271923065185611e+01,1.425006103515625011e-01,3.419999999999999929e+00,3.200000000000000000e+05
1.676895169822714138e+00,1.823832675933837777e+01,1.064750120162963931e+01,3.419999999999999929e+00,0.000000000000000000e+00
1.676916688529989541e+00,1.834592029571533089e+01,1.064750120162963931e+01,3.419999999999999929e+00,3.200000000000000000e+05
1.687235551392653576e+00,1.276031276702880923e+01,1.425006103515625011e-01,3.419999999999999929e+00,0.000000000000000000e+00
1.687257070290663741e+00,1.286790725708007876e+01,1.425006103515625011e-01,3.419999999999999929e+00,3.200000000000000000e+05
1.697575933541639159e+00,1.845351573944091683e+01,1.064750120162963931e+01,3.419999999999999929e+00,0.000000000000000000e+00
1.697597452248914562e+00,1.856110927581786996e+01,1.064750120162963931e+01,3.419999999999999929e+00,3.200000000000000000e+05
1.707916315111578598e+00,1.297550174713134830e+01,1.425006103515625011e-01,3.419999999999999929e+00,0.000000000000000000e+00
1.707937833818854001e+00,1.308309528350830142e+01,1.425006103515625011e-01,3.419999999999999929e+00,3.200000000000000000e+05
1.718256696681518036e+00,1.866870281219482308e+01,1.064750120162963931e+01,3.419999999999999929e+00,0.000000000000000000e+00
1.718278215770263184e+00,1.877629825592040902e+01,1.064750120162963931e+01,3.419999999999999929e+00,3.200000000000000000e+05
1.728597079021238603e+00,1.319068977355957095e+01,1.425006103515625011e-01,3.419999999999999929e+00,0.000000000000000000e+00
1.728618597919248767e+00,1.329828426361084048e+01,1.425006103515625011e-01,3.419999999999999929e+00,3.200000000000000000e+05
1.738937460781912803e+00,1.888389179229736214e+01,1.064750120162963931e+01,3.419999999999999929e+00,0.000000000000000000e+00
1.738958979489188206e+00,1.899148532867431527e+01,1.064750120162963931e+01,3.419999999999999929e+00,3.200000000000000000e+05
1.749277842351852241e+00,1.340587779998779361e+01,1.425006103515625011e-01,3.419999999999999929e+00,0.000000000000000000e+00
1.749299361249862406e+00,1.351347229003906314e+01,1.425006103515625011e-01,3.419999999999999929e+00,3.200000000000000000e+05
1.759618223724215280e+00,1.909907886505126839e+01,1.064750120162963931e+01,3.419999999999999929e+00,0.000000000000000000e+00
1.759639742812960428e+00,1.920667430877685433e+01,1.064750120162963931e+01,3.419999999999999929e+00,3.200000000000000000e+05
1.769958605675624463e+00,1.362106678009033267e+01,1.425006103515625011e-01,3.419999999999999929e+00,0.000000000000000000e+00
1.769980124382899866e+00,1.372866031646728580e+01,1.425006103515625011e-01,3.419999999999999929e+00,3.200000000000000000e+05
1.780298987245563902e+00,1.931426784515380746e+01,1.064750120162963931e+01,3.419999999999999929e+00,0.000000000000000000e+00
1.780320505952839305e+00,1.942186138153076058e+01,1.064750120162963931e+01,3.419999999999999929e+00,3.200000000000000000e+05
1.790639368427192180e+00,1.383625480651855533e+01,1.425006103515625011e-01,3.419999999999999929e+00,0.000000000000000000e+00
1.790660887325202344e+00,1.394384929656982486e+01,1.425006103515625011e-01,3.419999999999999929e+00,3.200000000000000000e+05
1.800979750187866379e+00,1.952945682525634652e+01,1.064750120162963931e+01,3.419999999999999929e+00,0.000000000000000000e+00
1.801001268895141783e+00,1.963705036163329964e+01,1.064750120162963931e+01,3.419999999999999929e+00,3.200000000000000000e+05
1.811320131757805818e+00,1.405144283294677798e+01,1.425006103515625011e-01,3.419999999999999929e+00,0.000000000000000000e+00
1.811341650655815982e+00,1.415903732299804751e+01,1.425006103515625011e-01,3.419999999999999929e+00,3.200000000000000000e+05
1.821660513130168857e+00,1.974464389801025277e+01,1.064750120162963931e+01,3.419999999999999929e+00,0.000000000000000000e+00
1.821682032218914005e+00,1.985223934173583871e+01,1.064750120162963931e+01,3.419999999999999929e+00,3.200000000000000000e+05
1.832000895469889423e+00,1.426663085937500064e+01,1.425006103515625011e-01,3.419999999999999929e+00,0.000000000000000000e+00
1.832022414367899588e+00,1.437422534942627017e+01,1.425006103515625011e-01,3.419999999999999929e+00,3.200000000000000000e+05
1.842341277230563623e+00,1.995983287811279183e+01,1.064750120162963931e+01,3.419999999999999929e+00,0.000000000000000000e+00
1.842362795937839026e+00,2.006742641448974496e+01,1.064750120162963931e+01,3.419999999999999929e+00,3.200000000000000000e+05
1.852681658412191901e+00,1.448181983947753970e+01,1.425006103515625011e-01,3.419999999999999929e+00,0.000000000000000000e+00
1.852703177119467304e+00,1.458941337585449283e+01,1.425006103515625011e-01,3.419999999999999929e+00,3.200000000000000000e+05
1.863022040370442722e+00,2.017502185821533089e+01,1.064750120162963931e+01,3.419999999999999929e+00,0.000000000000000000e+00
1.863043559077718125e+00,2.028261539459228402e+01,1.064750120162963931e+01,3.419999999999999929e+00,3.200000000000000000e+05
1.873362421940382161e+00,1.469700786590576236e+01,1.425006103515625011e-01,3.419999999999999929e+00,0.000000000000000000e+00
1.873383940838392325e+00,1.480460235595703189e+01,1.425006103515625011e-01,3.419999999999999929e+00,3.200000000000000000e+05
1.883702803312745200e+00,2.039020893096923714e+01,1.064750120162963931e+01,3.419999999999999929e+00,0.000000000000000000e+00
1.883724322401490348e+00,2.049780437469482308e+01,1.064750120162963931e+01,3.419999999999999929e+00,3.200000000000000000e+05
1.894043185652465766e+00,1.491219589233398501e+01,1.425006103515625011e-01,3.419999999999999929e+00,0.000000000000000000e+00
1.894064704550475930e+00,1.501979038238525455e+01,1.425006103515625011e-01,3.419999999999999929e+00,3.200000000000000000e+05
1.904383567413139966e+00,2.060539791107177621e+01,1.064750120162963931e+01,3.419999999999999929e+00,0.000000000000000000e+00
1.904405086120415369e+00,2.071299144744872933e+01,1.064750120162963931e+01,3.419999999999999929e+00,3.200000000000000000e+05
1.914723948594768244e+00,1.512738487243652408e+01,1.425006103515625011e-01,3.419999999999999929e+00,0.000000000000000000e+00
1.914745467302043647e+00,1.523497840881347720e+01,1.425006103515625011e-01,3.419999999999999929e+00,3.200000000000000000e+05
1.925064330553019065e+00,2.082058689117431527e+01,1.064750120162963931e+01,3.419999999999999929e+00,0.000000000000000000e+00
1.925085849260294468e+00,2.092818042755126839e+01,1.064750120162963931e+01,3.419999999999999929e+00,3.200000000000000000e+05
1.935404712122958504e+00,1.534257289886474673e+01,1.425006103515625011e-01,3.419999999999999929e+00,0.000000000000000000e+00
1.935426231020968668e+00,1.545016738891601626e+01,1.425006103515625011e-01,3.419999999999999929e+00,3.200000000000000000e+05
1.945745093495321543e+00,2.103577396392822152e+01,1.064750120162963931e+01,3.419999999999999929e+00,0.000000000000000000e+00
1.945766612584066690e+00,2.114336940765380746e+01,1.064750120162963931e+01,3.419999999999999929e+00,3.200000000000000000e+05
1.956085475835042109e+00,1.555776092529296939e+01,1.425006103515625011e-01,3.419999999999999929e+00,0.000000000000000000e+00
1.956106994733052273e+00,1.566535541534423892e+01,1.425006103515625011e-01,3.419999999999999929e+00,3.200000000000000000e+05
1.966425857595716309e+00,2.125096294403076058e+01,1.064750120162963931e+01,3.419999999999999929e+00,0.000000000000000000e+00
1.966447376302991712e+00,2.135855648040771371e+01,1.064750120162963931e+01,3.419999999999999929e+00,3.200000000000000000e+05
1.976766238777344586e+00,1.577294990539550845e+01,1.425006103515625011e-01,3.419999999999999929e+00,0.000000000000000000e+00
1.976787757484619990e+00,1.588054344177246158e+01,1.425006103515625011e-01,3.419999999999999929e+00,3.200000000000000000e+05
1.987106620735595408e+00,2.146615192413329964e+01,1.064750120162963931e+01,3.419999999999999929e+00,0.000000000000000000e+00
1.987128139430949902e+00,2.157374540090560799e+01,1.064750120162963931e+01,3.419999999999999929e+00,3.200000000000000000e+05
1.997447002269344463e+00,1.598813793182373111e+01,1.425006103515625011e-01,3.419999999999999929e+00,0.000000000000000000e+00
1.997468520976619866e+00,1.609573146820068246e+01,1.425006103515625011e-01,3.419999999999999929e+00,3.200000000000000000e+05
2.007787383815014426e+00,2.168133893728256112e+01,1.064750120162963931e+01,3.419999999999999929e+00,0.000000000000000000e+00
2.007808902903759574e+00,2.178893438100814706e+01,1.064750120162963931e+01,3.419999999999999929e+00,3.200000000000000000e+05
2.018127765742154356e+00,1.620332691192626839e+01,1.425006103515625011e-01,3.419999999999999929e+00,0.000000000000000000e+00
2.018149284449429537e+00,1.631092044830322152e+01,1.425006103515625011e-01,3.419999999999999929e+00,3.200000000000000000e+05
2.028468147287824319e+00,2.189652791738510018e+01,1.064750120162963931e+01,3.419999999999999929e+00,0.000000000000000000e+00
2.028489666001060066e+00,2.200412148356437569e+01,1.064750120162963931e+01,3.419999999999999929e+00,3.200000000000000000e+05
2.038808528851589585e+00,1.641851398468017464e+01,1.425006103515625011e-01,3.419999999999999929e+00,0.000000000000000000e+00
2.038830047940334733e+00,1.652610942840576058e+01,1.425006103515625011e-01,3.419999999999999929e+00,3.200000000000000000e+05
2.049148910790864253e+00,2.211171692728996163e+01,1.064750120162963931e+01,3.419999999999999929e+00,0.000000000000000000e+00
2.049170429498139434e+00,2.221931046366691476e+01,1.064750120162963931e+01,3.419999999999999929e+00,3.200000000000000000e+05
2.059489292348668954e+00,1.663370296478271371e+01,1.425006103515625011e-01,3.419999999999999929e+00,0.000000000000000000e+00
2.059510811055944135e+00,1.674129650115966683e+01,1.425006103515625011e-01,3.419999999999999929e+00,3.200000000000000000e+05
2.069829673900406064e+00,2.232690398514270669e+01,1.064750120162963931e+01,3.419999999999999929e+00,0.000000000000000000e+00
2.069851192990641131e+00,2.243449943631887322e+01,1.064750120162963931e+01,3.419999999999999929e+00,3.200000000000000000e+05
2.080170055838136633e+00,1.684889194488525277e+01,1.425006103515625011e-01,3.419999999999999929e+00,0.000000000000000000e+00
2.080191574545411815e+00,1.695648548126220589e+01,1.425006103515625011e-01,3.419999999999999929e+00,3.200000000000000000e+05
2.090510437392907317e+00,2.254209297269582635e+01,1.064750120162963931e+01,3.419999999999999929e+00,0.000000000000000000e+00
2.090531956098692579e+00,2.264968650162219888e+01,1.064750120162963931e+01,3.419999999999999929e+00,3.200000000000000000e+05
2.100850818943154508e+00,1.706407901763915902e+01,1.425006103515625011e-01,3.419999999999999929e+00,0.000000000000000000e+00
2.100872337650429689e+00,1.717167255401611214e+01,1.425006103515625011e-01,3.419999999999999929e+00,3.200000000000000000e+05
2.111191201277581975e+00,2.275728196024894601e+01,1.064750120162963931e+01,3.419999999999999929e+00,0.000000000000000000e+00
2.111212719984857156e+00,2.286487549662589913e+01,1.064750120162963931e+01,3.419999999999999929e+00,3.200000000000000000e+05
2.121531582835386676e+00,1.727926799774169808e+01,1.425006103515625011e-01,3.419999999999999929e+00,0.000000000000000000e+00
2.121553101542661857e+00,1.738686153411865121e+01,1.425006103515625011e-01,3.419999999999999929e+00,3.200000000000000000e+05
2.131871964393191377e+00,2.297246903300285226e+01,1.064750120162963931e+01,3.419999999999999929e+00,0.000000000000000000e+00
2.131893483094506436e+00,2.308006253957748299e+01,1.064750120162963931e+01,3.419999999999999929e+00,3.200000000000000000e+05
2.142212345932901219e+00,1.749445507049560433e+01,1.425006103515625011e-01,3.419999999999999929e+00,0.000000000000000000e+00
2.142233865021646366e+00,1.760205051422119027e+01,1.425006103515625011e-01,3.419999999999999929e+00,3.200000000000000000e+05
2.152552727860041148e+00,2.318765798330306893e+01,1.064750120162963931e+01,3.419999999999999929e+00,0.000000000000000000e+00
2.152574246567316330e+00,2.329525151968002206e+01,1.064750120162963931e+01,3.419999999999999929e+00,3.200000000000000000e+05
2.162893109405711112e+00,1.770964405059814339e+01,1.425006103515625011e-01,3.419999999999999929e+00,0.000000000000000000e+00
2.162914628112986293e+00,1.781723758697509652e+01,1.425006103515625011e-01,3.419999999999999929e+00,3.200000000000000000e+05
2.173233490951381075e+00,2.340284505605697518e+01,1.064750120162963931e+01,3.419999999999999929e+00,0.000000000000000000e+00
2.173255010052046909e+00,2.351044055938720589e+01,1.064750120162963931e+01,3.419999999999999929e+00,3.200000000000000000e+05
2.183573872914711167e+00,1.792483303070068246e+01,1.425006103515625011e-01,3.419999999999999929e+00,0.000000000000000000e+00
2.183595391621986348e+00,1.803242656707763558e+01,1.425006103515625011e-01,3.419999999999999929e+00,3.200000000000000000e+05
2.193914254484650606e+00,2.361803409576415902e+01,1.064750120162963931e+01,3.419999999999999929e+00,0.000000000000000000e+00
2.193935773191925787e+00,2.372562763214111214e+01,1.064750120162963931e+01,3.419999999999999929e+00,3.200000000000000000e+05
2.204254636054590044e+00,1.814002010345458871e+01,1.425006103515625011e-01,3.419999999999999929e+00,0.000000000000000000e+00
2.204276155143335192e+00,1.824761554718017464e+01,1.425006103515625011e-01,3.419999999999999929e+00,3.200000000000000000e+05
2.214595018005999449e+00,2.383322307586669808e+01,1.064750120162963931e+01,3.419999999999999929e+00,0.000000000000000000e+00
2.214616536713274630e+00,2.394081661224365121e+01,1.064750120162963931e+01,3.419999999999999929e+00,3.200000000000000000e+05
2.224935399575938888e+00,1.835520908355712777e+01,1.425006103515625011e-01,3.419999999999999929e+00,0.000000000000000000e+00
2.224956918283214069e+00,1.846280261993408089e+01,1.425006103515625011e-01,3.419999999999999929e+00,3.200000000000000000e+05
2.235275781145878327e+00,2.404841014862060433e+01,1.064750120162963931e+01,3.419999999999999929e+00,0.000000000000000000e+00
2.235297300234623474e+00,2.415600559234619027e+01,1.064750120162963931e+01,3.419999999999999929e+00,3.200000000000000000e+05
2.245616163097287732e+00,1.857039806365966683e+01,1.425006103515625011e-01,3.419999999999999929e+00,0.000000000000000000e+00
2.245637681804562913e+00,1.867799160003661996e+01,1.425006103515625011e-01,3.419999999999999929e+00,3.200000000000000000e+05
2.255956544667227170e+00,2.426359912872314339e+01,1.064750120162963931e+01,3.419999999999999929e+00,0.000000000000000000e+00
2.255978063374502351e+00,2.437119266510009652e+01,1.064750120162963931e+01,3.419999999999999929e+00,3.200000000000000000e+05
2.266296926237166609e+00,1.878558513641357308e+01,1.425006103515625011e-01,3.419999999999999929e+00,0.000000000000000000e+00
2.266318445325911757e+00,1.889318058013915902e+01,1.425006103515625011e-01,3.419999999999999929e+00,3.200000000000000000e+05
2.276637308188576014e+00,2.447878810882568246e+01,1.064750120162963931e+01,3.419999999999999929e+00,0.000000000000000000e+00
2.276658826895851195e+00,2.458638164520263558e+01,1.064750120162963931e+01,3.419999999999999929e+00,3.200000000000000000e+05
2.286977689758515453e+00,1.900077411651611214e+01,1.425006103515625011e-01,3.419999999999999929e+00,0.000000000000000000e+00
2.286999208465790634e+00,1.910836765289306527e+01,1.425006103515625011e-01,3.419999999999999929e+00,3.200000000000000000e+05
2.297318071328454891e+00,2.469397518157958871e+01,1.064750120162963931e+01,3.419999999999999929e+00,0.000000000000000000e+00
2.297339590417200039e+00,2.480157062530517464e+01,1.064750120162963931e+01,3.419999999999999929e+00,3.200000000000000000e+05
2.307658453279864297e+00,1.921596309661865121e+01,1.425006103515625011e-01,3.419999999999999929e+00,0.000000000000000000e+00
2.307679971987139478e+00,1.932355663299560433e+01,1.425006103515625011e-01,3.419999999999999929e+00,3.200000000000000000e+05
2.317998834849803735e+00,2.490916416168212777e+01,1.064750120162963931e+01,3.419999999999999929e+00,0.000000000000000000e+00
2.318020353557078916e+00,2.501675769805908089e+01,1.064750120162963931e+01,3.419999999999999929e+00,3.200000000000000000e+05
2.328339216419743174e+00,1.943115016937255746e+01,1.425006103515625011e-01,3.419999999999999929e+00,0.000000000000000000e+00
2.328360735508488322e+00,1.953874561309814339e+01,1.425006103515625011e-01,3.419999999999999929e+00,3.200000000000000000e+05
2.338679598371152579e+00,2.512435314178466683e+01,1.064750120162963931e+01,3.419999999999999929e+00,0.000000000000000000e+00
2.338701117078427760e+00,2.523194667816161996e+01,1.064750120162963931e+01,3.419999999999999929e+00,3.200000000000000000e+05
2.349019979941092018e+00,1.964633914947509652e+01,1.425006103515625011e-01,3.419999999999999929e+00,0.000000000000000000e+00
2.349041498648367199e+00,1.975393268585204964e+01,1.425006103515625011e-01,3.419999999999999929e+00,3.200000000000000000e+05
2.359360361511031456e+00,2.533954021453857308e+01,1.064750120162963931e+01,3.419999999999999929e+00,0.000000000000000000e+00
2.359381880599776604e+00,2.544713565826415902e+01,1.064750120162963931e+01,3.419999999999999929e+00,3.200000000000000000e+05
2.369700743462440862e+00,1.986152812957763558e+01,1.425006103515625011e-01,3.419999999999999929e+00,0.000000000000000000e+00
2.369722262169716043e+00,1.996912166595458871e+01,1.425006103515625011e-01,3.419999999999999929e+00,3.200000000000000000e+05
2.380041125032380300e+00,2.555472919464111214e+01,1.064750120162963931e+01,3.419999999999999929e+00,0.000000000000000000e+00
2.380062643739655481e+00,2.566232273101806527e+01,1.064750120162963931e+01,3.419999999999999929e+00,3.200000000000000000e+05
2.390381506602319739e+00,2.007671520233154183e+01,1.425006103515625011e-01,3.419999999999999929e+00,0.000000000000000000e+00
2.390403025691064887e+00,2.018431064605712777e+01,1.425006103515625011e-01,3.419999999999999929e+00,3.200000000000000000e+05
2.400721888553729144e+00,2.576991817474365121e+01,1.064750120162963931e+01,3.419999999999999929e+00,0.000000000000000000e+00
2.400743407261004325e+00,2.587751171112060433e+01,1.064750120162963931e+01,3.419999999999999929e+00,3.200000000000000000e+05
2.411062270123668583e+00,2.029190418243408089e+01,1.425006103515625011e-01,3.419999999999999929e+00,0.000000000000000000e+00
2.411083788830943764e+00,2.039949771881103402e+01,1.425006103515625011e-01,3.419999999999999929e+00,3.200000000000000000e+05
2.421402651693608021e+00,2.598510524749755746e+01,1.064750120162963931e+01,3.419999999999999929e+00,0.000000000000000000e+00
2.421424170782353169e+00,2.609270069122314339e+01,1.064750120162963931e+01,3.419999999999999929e+00,3.200000000000000000e+05
2.431743033645017427e+00,2.050709316253661996e+01,1.425006103515625011e-01,3.419999999999999929e+00,0.000000000000000000e+00
2.431764552352292608e+00,2.061468669891357308e+01,1.425006103515625011e-01,3.419999999999999929e+00,3.200000000000000000e+05
2.442083415214956865e+00,2.620029422760009652e+01,1.064750120162963931e+01,3.419999999999999929e+00,0.000000000000000000e+00
2.442104933922232046e+00,2.630788776397704964e+01,1.064750120162963931e+01,3.419999999999999929e+00,3.200000000000000000e+05
2.452423796784896304e+00,2.072228023529052621e+01,1.425006103515625011e-01,3.419999999999999929e+00,0.000000000000000000e+00
2.452445315873641452e+00,2.082987567901611214e+01,1.425006103515625011e-01,3.419999999999999929e+00,3.200000000000000000e+05
2.462764178736305709e+00,2.641548320770263558e+01,1.064750120162963931e+01,3.419999999999999929e+00,0.000000000000000000e+00
2.462785697443580890e+00,2.652307674407958871e+01,1.064750120162963931e+01,3.419999999999999929e+00,3.200000000000000000e+05
2.473104560306245148e+00,2.093746921539306527e+01,1.425006103515625011e-01,3.419999999999999929e+00,0.000000000000000000e+00
2.473126079013520329e+00,2.104506275177001839e+01,1.425006103515625011e-01,3.419999999999999929e+00,3.200000000000000000e+05
2.483444941876184586e+00,2.663067028045654183e+01,1.064750120162963931e+01,3.419999999999999929e+00,0.000000000000000000e+00
2.483466460964929734e+00,2.673826572418212777e+01,1.064750120162963931e+01,3.419999999999999929e+00,3.200000000000000000e+05
2.493785324604216758e+00,2.115265628814697152e+01,1.425006103515625011e-01,3.419999999999999929e+00,0.000000000000000000e+00
2.493806843692961905e+00,2.126025173187255746e+01,1.425006103515625011e-01,3.419999999999999929e+00,3.200000000000000000e+05
2.504125706555626163e+00,2.684585926055908089e+01,1.064750120162963931e+01,3.419999999999999929e+00,0.000000000000000000e+00
2.504147225262901344e+00,2.695345279693603402e+01,1.064750120162963931e+01,3.419999999999999929e+00,3.200000000000000000e+05
2.514466088125565602e+00,2.136784526824951058e+01,1.425006103515625011e-01,3.419999999999999929e+00,0.000000000000000000e+00
2.514487606832840783e+00,2.147543880462646371e+01,1.425006103515625011e-01,3.419999999999999929e+00,3.200000000000000000e+05
2.524806469695505040e+00,2.706104633331298714e+01,1.064750120162963931e+01,3.419999999999999929e+00,0.000000000000000000e+00
2.524827988784250188e+00,2.716864177703857308e+01,1.064750120162963931e+01,3.419999999999999929e+00,3.200000000000000000e+05
2.535146851671183921e+00,2.158303418874740487e+01,1.425006103515625011e-01,3.419999999999999929e+00,0.000000000000000000e+00
2.535168370378459102e+00,2.169062772512435799e+01,1.425006103515625011e-01,3.419999999999999929e+00,3.200000000000000000e+05
2.545487233265392835e+00,2.727623531341552621e+01,1.064750120162963931e+01,3.419999999999999929e+00,0.000000000000000000e+00
2.545508751972668016e+00,2.738382884979247933e+01,1.064750120162963931e+01,3.419999999999999929e+00,3.200000000000000000e+05
2.555827614859601749e+00,2.179822126150131112e+01,1.425006103515625011e-01,3.419999999999999929e+00,0.000000000000000000e+00
2.555849133948346896e+00,2.190581670522689706e+01,1.425006103515625011e-01,3.419999999999999929e+00,3.200000000000000000e+05
2.566167996835280629e+00,2.749142429351806527e+01,1.064750120162963931e+01,3.419999999999999929e+00,0.000000000000000000e+00
2.566189515542555810e+00,2.759901782989501839e+01,1.064750120162963931e+01,3.419999999999999929e+00,3.200000000000000000e+05
2.576508378417354805e+00,2.201341027140617257e+01,1.425006103515625011e-01,3.419999999999999929e+00,0.000000000000000000e+00
2.576529897124629986e+00,2.212100380778312569e+01,1.425006103515625011e-01,3.419999999999999929e+00,3.200000000000000000e+05
2.586848759999428982e+00,2.770661136627197152e+01,1.064750120162963931e+01,3.419999999999999929e+00,0.000000000000000000e+00
2.586870279088174129e+00,2.781420680999755746e+01,1.064750120162963931e+01,3.419999999999999929e+00,3.200000000000000000e+05
2.597189141962973125e+00,2.222859925150871163e+01,1.425006103515625011e-01,3.419999999999999929e+00,0.000000000000000000e+00
2.597210660667268467e+00,2.233619277298450356e+01,1.425006103515625011e-01,3.419999999999999929e+00,3.200000000000000000e+05
2.607529523548134609e+00,2.792180034637451058e+01,1.064750120162963931e+01,3.419999999999999929e+00,0.000000000000000000e+00
2.607551042255409790e+00,2.802939388275146371e+01,1.064750120162963931e+01,3.419999999999999929e+00,3.200000000000000000e+05
2.617869905133242359e+00,2.244378631681203728e+01,1.425006103515625011e-01,3.419999999999999929e+00,0.000000000000000000e+00
2.617891424221987506e+00,2.255138176053762322e+01,1.425006103515625011e-01,3.419999999999999929e+00,3.200000000000000000e+05
2.628210287099820075e+00,2.813698932647704964e+01,1.064750120162963931e+01,3.419999999999999929e+00,0.000000000000000000e+00
2.628231805807095256e+00,2.824458286285400277e+01,1.064750120162963931e+01,3.419999999999999929e+00,3.200000000000000000e+05
2.638550668687961398e+00,2.265897528946399575e+01,1.425006103515625011e-01,3.419999999999999929e+00,0.000000000000000000e+00
2.638572187398216862e+00,2.276656884074211007e+01,1.425006103515625011e-01,3.419999999999999929e+00,3.200000000000000000e+05
2.648891050273015857e+00,2.835217639923095589e+01,1.064750120162963931e+01,3.419999999999999929e+00,0.000000000000000000e+00
2.648912569361761005e+00,2.845977184295654183e+01,1.064750120162963931e+01,3.419999999999999929e+00,3.200000000000000000e+05
2.659231432236560000e+00,2.287416428446769601e+01,1.425006103515625011e-01,3.419999999999999929e+00,0.000000000000000000e+00
2.659252950943835181e+00,2.298175782084464913e+01,1.425006103515625011e-01,3.419999999999999929e+00,3.200000000000000000e+05
2.669571813818634176e+00,2.856736537933349496e+01,1.064750120162963931e+01,3.419999999999999929e+00,0.000000000000000000e+00
2.669593332525909357e+00,2.867495891571044808e+01,1.064750120162963931e+01,3.419999999999999929e+00,3.200000000000000000e+05
2.679912195412843090e+00,2.308935132741927987e+01,1.425006103515625011e-01,3.419999999999999929e+00,0.000000000000000000e+00
2.679933714501588238e+00,2.319694677114486581e+01,1.425006103515625011e-01,3.419999999999999929e+00,3.200000000000000000e+05
2.690252577388521971e+00,2.878255435943603402e+01,1.064750120162963931e+01,3.419999999999999929e+00,0.000000000000000000e+00
2.690274096095797152e+00,2.889014789581298714e+01,1.064750120162963931e+01,3.419999999999999929e+00,3.200000000000000000e+05
2.700592958982730885e+00,2.330454030752181893e+01,1.425006103515625011e-01,3.419999999999999929e+00,0.000000000000000000e+00
2.700614477690006066e+00,2.341213384389877206e+01,1.425006103515625011e-01,3.419999999999999929e+00,3.200000000000000000e+05
2.710933340576939798e+00,2.899774143218994027e+01,1.064750120162963931e+01,3.419999999999999929e+00,0.000000000000000000e+00
2.710954859665684946e+00,2.910533687591552621e+01,1.064750120162963931e+01,3.419999999999999929e+00,3.200000000000000000e+05
2.721273722528349204e+00,2.351972934722900277e+01,1.425006103515625011e-01,3.419999999999999929e+00,0.000000000000000000e+00
2.721295241235624385e+00,2.362732288360595589e+01,1.425006103515625011e-01,3.419999999999999929e+00,3.200000000000000000e+05
2.731614104098288642e+00,2.921293041229247933e+01,1.064750120162963931e+01,3.419999999999999929e+00,0.000000000000000000e+00
2.731635622805563823e+00,2.932052394866943246e+01,1.064750120162963931e+01,3.419999999999999929e+00,3.200000000000000000e+05
2.741954485668228081e+00,2.373491641998290902e+01,1.425006103515625011e-01,3.419999999999999929e+00,0.000000000000000000e+00
2.741976004756973229e+00,2.384251186370849496e+01,1.425006103515625011e-01,3.419999999999999929e+00,3.200000000000000000e+05
2.752294867619637486e+00,2.942811939239501839e+01,1.064750120162963931e+01,3.419999999999999929e+00,0.000000000000000000e+00
2.752316386326912667e+00,2.953571292877197152e+01,1.064750120162963931e+01,3.419999999999999929e+00,3.200000000000000000e+05
2.762635249189576925e+00,2.395010540008544808e+01,1.425006103515625011e-01,3.419999999999999929e+00,0.000000000000000000e+00
2.762656767896852106e+00,2.405769893646240121e+01,1.425006103515625011e-01,3.419999999999999929e+00,3.200000000000000000e+05
2.772975630759516363e+00,2.964330646514892464e+01,1.064750120162963931e+01,3.419999999999999929e+00,0.000000000000000000e+00
2.772997149848261511e+00,2.975090190887451058e+01,1.064750120162963931e+01,3.419999999999999929e+00,3.200000000000000000e+05
2.783316012710925769e+00,2.416529438018798714e+01,1.425006103515625011e-01,3.419999999999999929e+00,0.000000000000000000e+00
2.783337531418200950e+00,2.427288791656494027e+01,1.425006103515625011e-01,3.419999999999999929e+00,3.200000000000000000e+05
2.793656394280865207e+00,2.985849544525146371e+01,1.064750120162963931e+01,3.419999999999999929e+00,0.000000000000000000e+00
2.793677912988140388e+00,2.996608898162841683e+01,1.064750120162963931e+01,3.419999999999999929e+00,3.200000000000000000e+05
2.803996775850804646e+00,2.438048145294189339e+01,1.425006103515625011e-01,3.419999999999999929e+00,0.000000000000000000e+00
2.804018294939549794e+00,2.448807689666747933e+01,1.425006103515625011e-01,3.419999999999999929e+00,3.200000000000000000e+05
2.814337157802214051e+00,3.007368442535400277e+01,1.064750120162963931e+01,3.419999999999999929e+00,0.000000000000000000e+00
2.814358676509489232e+00,3.018127796173095589e+01,1.064750120162963931e+01,3.419999999999999929e+00,3.200000000000000000e+05
2.824677539372153490e+00,2.459567043304443246e+01,1.425006103515625011e-01,3.419999999999999929e+00,0.000000000000000000e+00
2.824699058079428671e+00,2.470326396942138558e+01,1.425006103515625011e-01,3.419999999999999929e+00,3.200000000000000000e+05
2.835017920942092928e+00,3.028887149810790902e+01,1.064750120162963931e+01,3.419999999999999929e+00,0.000000000000000000e+00
2.835039440030838076e+00,3.039646694183349496e+01,1.064750120162963931e+01,3.419999999999999929e+00,3.200000000000000000e+05
2.845358303670125100e+00,2.481085750579833871e+01,1.425006103515625011e-01,3.419999999999999929e+00,0.000000000000000000e+00
2.845379822758870247e+00,2.491845294952392464e+01,1.425006103515625011e-01,3.419999999999999929e+00,3.200000000000000000e+05
2.855698685621534505e+00,3.050406047821044808e+01,1.064750120162963931e+01,3.419999999999999929e+00,0.000000000000000000e+00
2.855720204328809686e+00,3.061165401458740121e+01,1.064750120162963931e+01,3.419999999999999929e+00,3.200000000000000000e+05
2.866039067191473944e+00,2.502604648590087777e+01,1.425006103515625011e-01,3.419999999999999929e+00,0.000000000000000000e+00
2.866060585898749125e+00,2.513364002227783089e+01,1.425006103515625011e-01,3.419999999999999929e+00,3.200000000000000000e+05
2.876379448761413382e+00,3.071924755096435433e+01,1.064750120162963931e+01,3.419999999999999929e+00,0.000000000000000000e+00
2.876400967850158530e+00,3.082684299468994027e+01,1.064750120162963931e+01,3.419999999999999929e+00,3.200000000000000000e+05
2.886719830712822787e+00,2.524123546600341683e+01,1.425006103515625011e-01,3.419999999999999929e+00,0.000000000000000000e+00
2.886741349420097968e+00,2.534882900238036996e+01,1.425006103515625011e-01,3.419999999999999929e+00,3.200000000000000000e+05
2.897060212282762226e+00,3.093443653106689339e+01,1.064750120162963931e+01,3.419999999999999929e+00,0.000000000000000000e+00
2.897081730990037407e+00,3.104203006744384652e+01,1.064750120162963931e+01,3.419999999999999929e+00,3.200000000000000000e+05
2.907400593852701665e+00,2.545642253875732308e+01,1.425006103515625011e-01,3.419999999999999929e+00,0.000000000000000000e+00
2.907422112941446812e+00,2.556401798248290902e+01,1.425006103515625011e-01,3.419999999999999929e+00,3.200000000000000000e+05
2.917740975804111070e+00,3.114962551116943246e+01,1.064750120162963931e+01,3.419999999999999929e+00,0.000000000000000000e+00
2.917762494511386251e+00,3.125721904754638558e+01,1.064750120162963931e+01,3.419999999999999929e+00,3.200000000000000000e+05
2.928081357374050508e+00,2.567161151885986214e+01,1.425006103515625011e-01,3.419999999999999929e+00,0.000000000000000000e+00
2.928102876081325689e+00,2.577920505523681527e+01,1.425006103515625011e-01,3.419999999999999929e+00,3.200000000000000000e+05
2.938421738943989947e+00,3.136481258392333871e+01,1.064750120162963931e+01,3.419999999999999929e+00,0.000000000000000000e+00
2.938443258032735095e+00,3.147240802764892464e+01,1.064750120162963931e+01,3.419999999999999929e+00,3.200000000000000000e+05
2.948762120895399352e+00,2.588680049896240121e+01,1.425006103515625011e-01,3.419999999999999929e+00,0.000000000000000000e+00
2.948783639602674533e+00,2.599439403533935433e+01,1.425006103515625011e-01,3.419999999999999929e+00,3.200000000000000000e+05
2.959102502465338791e+00,3.158000156402587777e+01,1.064750120162963931e+01,3.419999999999999929e+00,0.000000000000000000e+00
2.959124021172613972e+00,3.168759510040283089e+01,1.064750120162963931e+01,3.419999999999999929e+00,3.200000000000000000e+05
2.969442884035278230e+00,2.610198757171630746e+01,1.425006103515625011e-01,3.419999999999999929e+00,0.000000000000000000e+00
2.969464403124023377e+00,2.620958301544189339e+01,1.425006103515625011e-01,3.419999999999999929e+00,3.200000000000000000e+05
2.979783265986687635e+00,3.179519054412841683e+01,1.064750120162963931e+01,3.419999999999999929e+00,0.000000000000000000e+00
2.979804784693962816e+00,3.190278408050536996e+01,1.064750120162963931e+01,3.419999999999999929e+00,3.200000000000000000e+05
2.990123647556627073e+00,2.631717655181884652e+01,1.425006103515625011e-01,3.419999999999999929e+00,0.000000000000000000e+00
2.990145166263902254e+00,2.642477008819579964e+01,1.425006103515625011e-01,3.419999999999999929e+00,3.200000000000000000e+05
3.000464029126566512e+00,3.201037761688232308e+01,1.064750120162963931e+01,3.419999999999999929e+00,0.000000000000000000e+00
3.000485548215311660e+00,3.211797306060790902e+01,1.064750120162963931e+01,3.419999999999999929e+00,3.200000000000000000e+05
3.010804411077975917e+00,2.653236553192138558e+01,1.425006103515625011e-01,3.419999999999999929e+00,0.000000000000000000e+00
3.010825929785251098e+00,2.663995906829833871e+01,1.425006103515625011e-01,3.419999999999999929e+00,3.200000000000000000e+05
3.021144793424538122e+00,3.222556850433349496e+01,1.064750120162963931e+01,3.419999999999999929e+00,0.000000000000000000e+00
3.021166312131813303e+00,3.233316204071044808e+01,1.064750120162963931e+01,3.419999999999999929e+00,3.200000000000000000e+05
3.031485175771100327e+00,2.674755260467529183e+01,1.425006103515625011e-01,3.419999999999999929e+00,0.000000000000000000e+00
3.031506694859845474e+00,2.685514804840087777e+01,1.425006103515625011e-01,3.419999999999999929e+00,3.200000000000000000e+05
3.041825557722509732e+00,3.244075557708740121e+01,1.064750120162963931e+01,3.419999999999999929e+00,0.000000000000000000e+00
3.041847076429784913e+00,3.254834911346435433e+01,1.064750120162963931e+01,3.419999999999999929e+00,3.200000000000000000e+05
3.052165939292449170e+00,2.696274158477783089e+01,1.425006103515625011e-01,3.419999999999999929e+00,0.000000000000000000e+00
3.052187457999724352e+00,2.707033512115478402e+01,1.425006103515625011e-01,3.419999999999999929e+00,3.200000000000000000e+05
3.062506320862388609e+00,3.265594264984130746e+01,1.064750120162963931e+01,3.419999999999999929e+00,0.000000000000000000e+00
3.062527839569663790e+00,3.276353618621826058e+01,1.064750120162963931e+01,3.419999999999999929e+00,3.200000000000000000e+05
3.072846701655705282e+00,2.717793056488036996e+01,1.425006103515625011e-01,3.419999999999999929e+00,0.000000000000000000e+00
3.072868220362980463e+00,2.728552410125732308e+01,1.425006103515625011e-01,3.419999999999999929e+00,3.200000000000000000e+05
3.083187082449021954e+00,3.287112972259521371e+01,1.064750120162963931e+01,3.419999999999999929e+00,0.000000000000000000e+00
3.083208601919236624e+00,3.297872707366943246e+01,1.064750120162963931e+01,3.419999999999999929e+00,3.200000000000000000e+05
3.093527465558523648e+00,2.739311763763427621e+01,1.425006103515625011e-01,3.419999999999999929e+00,0.000000000000000000e+00
3.093548984647268796e+00,2.750071308135986214e+01,1.425006103515625011e-01,3.419999999999999929e+00,3.200000000000000000e+05
3.103867847509933053e+00,3.308632061004638558e+01,1.064750120162963931e+01,3.419999999999999929e+00,0.000000000000000000e+00
3.103889366217208234e+00,3.319391414642333871e+01,1.064750120162963931e+01,3.419999999999999929e+00,3.200000000000000000e+05
3.114208229079872492e+00,2.760830661773681527e+01,1.425006103515625011e-01,3.419999999999999929e+00,0.000000000000000000e+00
3.114229747787147673e+00,2.771590015411376839e+01,1.425006103515625011e-01,3.419999999999999929e+00,3.200000000000000000e+05
3.124548610649811931e+00,3.330150768280029183e+01,1.064750120162963931e+01,3.419999999999999929e+00,0.000000000000000000e+00
3.124570129357087112e+00,3.340910121917724496e+01,1.064750120162963931e+01,3.419999999999999929e+00,3.200000000000000000e+05
3.134888991443128603e+00,2.782349559783935433e+01,1.425006103515625011e-01,3.419999999999999929e+00,0.000000000000000000e+00
3.134910510150403784e+00,2.793108913421630746e+01,1.425006103515625011e-01,3.419999999999999929e+00,3.200000000000000000e+05
3.145229372236445275e+00,3.351669475555419808e+01,1.064750120162963931e+01,3.419999999999999929e+00,0.000000000000000000e+00
3.145250891706659946e+00,3.362429210662841683e+01,1.064750120162963931e+01,3.419999999999999929e+00,3.200000000000000000e+05
3.155569755345946970e+00,2.803868267059326058e+01,1.425006103515625011e-01,3.419999999999999929e+00,0.000000000000000000e+00
3.155591274434692117e+00,2.814627811431884652e+01,1.425006103515625011e-01,3.419999999999999929e+00,3.200000000000000000e+05
3.165910137297356375e+00,3.373188564300536996e+01,1.064750120162963931e+01,3.419999999999999929e+00,0.000000000000000000e+00
3.165931656004631556e+00,3.383947917938232308e+01,1.064750120162963931e+01,3.419999999999999929e+00,3.200000000000000000e+05
3.176250518867295813e+00,2.825387165069579964e+01,1.425006103515625011e-01,3.419999999999999929e+00,0.000000000000000000e+00
3.176272037574570994e+00,2.836146518707275277e+01,1.425006103515625011e-01,3.419999999999999929e+00,3.200000000000000000e+05
3.186590900437235252e+00,3.394707271575927621e+01,1.064750120162963931e+01,3.419999999999999929e+00,0.000000000000000000e+00
3.186612419144510433e+00,3.405466625213622933e+01,1.064750120162963931e+01,3.419999999999999929e+00,3.200000000000000000e+05
3.196931281230551924e+00,2.846906063079833871e+01,1.425006103515625011e-01,3.419999999999999929e+00,0.000000000000000000e+00
3.196952799937827105e+00,2.857665416717529183e+01,1.425006103515625011e-01,3.419999999999999929e+00,3.200000000000000000e+05
3.207271662023868597e+00,3.416225978851318246e+01,1.064750120162963931e+01,3.419999999999999929e+00,0.000000000000000000e+00
3.207293181494083267e+00,3.426985713958740121e+01,1.064750120162963931e+01,3.419999999999999929e+00,3.200000000000000000e+05
3.217612045133370291e+00,2.868424770355224496e+01,1.425006103515625011e-01,3.419999999999999929e+00,0.000000000000000000e+00
3.217633563840645472e+00,2.879184123992919808e+01,1.425006103515625011e-01,3.419999999999999929e+00,3.200000000000000000e+05
3.227952427479932496e+00,3.437745067596435433e+01,1.064750120162963931e+01,3.419999999999999929e+00,0.000000000000000000e+00
3.227973946187207677e+00,3.448504421234130746e+01,1.064750120162963931e+01,3.419999999999999929e+00,3.200000000000000000e+05
3.238292809049871934e+00,2.889943668365478402e+01,1.425006103515625011e-01,3.419999999999999929e+00,0.000000000000000000e+00
3.238314327757147115e+00,2.900703022003173714e+01,1.425006103515625011e-01,3.419999999999999929e+00,3.200000000000000000e+05
3.248633190619811373e+00,3.459263774871826058e+01,1.064750120162963931e+01,3.419999999999999929e+00,0.000000000000000000e+00
3.248654709327086554e+00,3.470023128509521371e+01,1.064750120162963931e+01,3.419999999999999929e+00,3.200000000000000000e+05
3.258973572189750811e+00,2.911462375640869027e+01,1.425006103515625011e-01,3.419999999999999929e+00,0.000000000000000000e+00
3.258995091278495959e+00,2.922221920013427621e+01,1.425006103515625011e-01,3.419999999999999929e+00,3.200000000000000000e+05
3.269313953364537451e+00,3.480782482147216683e+01,1.064750120162963931e+01,3.419999999999999929e+00,0.000000000000000000e+00
3.269335472834752121e+00,3.491542217254638558e+01,1.064750120162963931e+01,3.419999999999999929e+00,3.200000000000000000e+05
3.279654336474039145e+00,2.932981273651122933e+01,1.425006103515625011e-01,3.419999999999999929e+00,0.000000000000000000e+00
3.279675855181314326e+00,2.943740627288818246e+01,1.425006103515625011e-01,3.419999999999999929e+00,3.200000000000000000e+05
3.289994718820601349e+00,3.502301570892333871e+01,1.064750120162963931e+01,3.419999999999999929e+00,0.000000000000000000e+00
3.290016237527876530e+00,3.513060924530029183e+01,1.064750120162963931e+01,3.419999999999999929e+00,3.200000000000000000e+05
3.300335100390540788e+00,2.954500171661376839e+01,1.425006103515625011e-01,3.419999999999999929e+00,0.000000000000000000e+00
3.300356619097815969e+00,2.965259525299072152e+01,1.425006103515625011e-01,3.419999999999999929e+00,3.200000000000000000e+05
3.310675481960480226e+00,3.523820278167724496e+01,1.064750120162963931e+01,3.419999999999999929e+00,0.000000000000000000e+00
3.310697000667755407e+00,3.534579631805419808e+01,1.064750120162963931e+01,3.419999999999999929e+00,3.200000000000000000e+05
3.321015863530419665e+00,2.976018878936767464e+01,1.425006103515625011e-01,3.419999999999999929e+00,0.000000000000000000e+00
3.321037382619164813e+00,2.986778423309326058e+01,1.425006103515625011e-01,3.419999999999999929e+00,3.200000000000000000e+05
3.331356244705206304e+00,3.545338985443115121e+01,1.064750120162963931e+01,3.419999999999999929e+00,0.000000000000000000e+00
3.331377764175420975e+00,3.556098720550536996e+01,1.064750120162963931e+01,3.419999999999999929e+00,3.200000000000000000e+05
3.341696627814707998e+00,2.997537776947021371e+01,1.425006103515625011e-01,3.419999999999999929e+00,0.000000000000000000e+00
3.341718146521983179e+00,3.008297130584716683e+01,1.425006103515625011e-01,3.419999999999999929e+00,3.200000000000000000e+05
3.352037010161270203e+00,3.566858074188232308e+01,1.064750120162963931e+01,3.419999999999999929e+00,0.000000000000000000e+00
3.352058528868545384e+00,3.577617427825927621e+01,1.064750120162963931e+01,3.419999999999999929e+00,3.200000000000000000e+05
3.362377391731209642e+00,3.019056674957275277e+01,1.425006103515625011e-01,3.419999999999999929e+00,0.000000000000000000e+00
3.362398910438484823e+00,3.029816028594970589e+01,1.425006103515625011e-01,3.419999999999999929e+00,3.200000000000000000e+05
3.372717773301149080e+00,3.588376781463622933e+01,1.064750120162963931e+01,3.419999999999999929e+00,0.000000000000000000e+00
3.372739292008424261e+00,3.599136135101318246e+01,1.064750120162963931e+01,3.419999999999999929e+00,3.200000000000000000e+05
3.383058154871088519e+00,3.040575382232665902e+01,1.425006103515625011e-01,3.419999999999999929e+00,0.000000000000000000e+00
3.383079673959833666e+00,3.051334926605224496e+01,1.425006103515625011e-01,3.419999999999999929e+00,3.200000000000000000e+05
3.393398536045875158e+00,3.609895488739013558e+01,1.064750120162963931e+01,3.419999999999999929e+00,0.000000000000000000e+00
3.393420055516089828e+00,3.620655223846435433e+01,1.064750120162963931e+01,3.419999999999999929e+00,3.200000000000000000e+05
3.403738919155376852e+00,3.062094280242919808e+01,1.425006103515625011e-01,3.419999999999999929e+00,0.000000000000000000e+00
3.403760437862652033e+00,3.072853633880615121e+01,1.425006103515625011e-01,3.419999999999999929e+00,3.200000000000000000e+05
3.414079301501939057e+00,3.631414577484130746e+01,1.064750120162963931e+01,3.419999999999999929e+00,0.000000000000000000e+00
3.414100820209214238e+00,3.642173931121826058e+01,1.064750120162963931e+01,3.419999999999999929e+00,3.200000000000000000e+05
3.424419683071878495e+00,3.083613178253173714e+01,1.425006103515625011e-01,3.419999999999999929e+00,0.000000000000000000e+00
3.424441201779153676e+00,3.094372531890869027e+01,1.425006103515625011e-01,3.419999999999999929e+00,3.200000000000000000e+05
3.434760064641817934e+00,3.652933284759521371e+01,1.064750120162963931e+01,3.419999999999999929e+00,0.000000000000000000e+00
3.434781583349093115e+00,3.663692638397216683e+01,1.064750120162963931e+01,3.419999999999999929e+00,3.200000000000000000e+05
3.445100446211757372e+00,3.105131885528564339e+01,1.425006103515625011e-01,3.419999999999999929e+00,0.000000000000000000e+00
3.445121965300502520e+00,3.115891429901122933e+01,1.425006103515625011e-01,3.419999999999999929e+00,3.200000000000000000e+05
3.455440827386544012e+00,3.674451992034911996e+01,1.064750120162963931e+01,3.419999999999999929e+00,0.000000000000000000e+00
3.455462346093819193e+00,3.685211345672607308e+01,1.064750120162963931e+01,3.419999999999999929e+00,3.200000000000000000e+05
3.465781208179860684e+00,3.126650783538818246e+01,1.425006103515625011e-01,3.419999999999999929e+00,0.000000000000000000e+00
3.465802726887135865e+00,3.137410137176513558e+01,1.425006103515625011e-01,3.419999999999999929e+00,3.200000000000000000e+05
3.476121590526422889e+00,3.695971080780029183e+01,1.064750120162963931e+01,3.419999999999999929e+00,0.000000000000000000e+00
3.476143109233698070e+00,3.706730434417724496e+01,1.064750120162963931e+01,3.419999999999999929e+00,3.200000000000000000e+05
3.486461972096362327e+00,3.148169681549072152e+01,1.425006103515625011e-01,3.419999999999999929e+00,0.000000000000000000e+00
3.486483490803637508e+00,3.158929035186767464e+01,1.425006103515625011e-01,3.419999999999999929e+00,3.200000000000000000e+05
3.496802353666301766e+00,3.717489788055419808e+01,1.064750120162963931e+01,3.419999999999999929e+00,0.000000000000000000e+00
3.496823872373576947e+00,3.728249141693115121e+01,1.064750120162963931e+01,3.419999999999999929e+00,3.200000000000000000e+05
3.507142735236241204e+00,3.169688388824462777e+01,1.425006103515625011e-01,3.419999999999999929e+00,0.000000000000000000e+00
3.507164254324986352e+00,3.180447933197021371e+01,1.425006103515625011e-01,3.419999999999999929e+00,3.200000000000000000e+05
3.517483116411027844e+00,3.739008495330810433e+01,1.064750120162963931e+01,3.419999999999999929e+00,0.000000000000000000e+00
3.517504635118303025e+00,3.749767848968505746e+01,1.064750120162963931e+01,3.419999999999999929e+00,3.200000000000000000e+05
3.527823497204344516e+00,3.191207286834716683e+01,1.425006103515625011e-01,3.419999999999999929e+00,0.000000000000000000e+00
3.527845015911619697e+00,3.201966640472411996e+01,1.425006103515625011e-01,3.419999999999999929e+00,3.200000000000000000e+05
3.538163879550906721e+00,3.760527584075927621e+01,1.064750120162963931e+01,3.419999999999999929e+00,0.000000000000000000e+00
3.538185398258181902e+00,3.771286937713622933e+01,1.064750120162963931e+01,3.419999999999999929e+00,3.200000000000000000e+05
3.548504261120846159e+00,3.212726184844970589e+01,1.425006103515625011e-01,3.419999999999999929e+00,0.000000000000000000e+00
3.548525779446651818e+00,3.223485347747802621e+01,1.425006103515625011e-01,3.419999999999999929e+00,3.200000000000000000e+05
3.558844643085938841e+00,3.782046291351318246e+01,1.064750120162963931e+01,3.419999999999999929e+00,0.000000000000000000e+00
3.558866161793214022e+00,3.792805644989013558e+01,1.064750120162963931e+01,3.419999999999999929e+00,3.200000000000000000e+05
3.569185023879255514e+00,3.234245082855224496e+01,1.425006103515625011e-01,3.419999999999999929e+00,0.000000000000000000e+00
3.569206542586530695e+00,3.245004436492919808e+01,1.425006103515625011e-01,3.419999999999999929e+00,3.200000000000000000e+05
3.579525404672572186e+00,3.803564998626708871e+01,1.064750120162963931e+01,3.419999999999999929e+00,0.000000000000000000e+00
3.579546923379847367e+00,3.814324352264404183e+01,1.064750120162963931e+01,3.419999999999999929e+00,3.200000000000000000e+05
3.589865785465888859e+00,3.255763790130615121e+01,1.425006103515625011e-01,3.419999999999999929e+00,0.000000000000000000e+00
3.589887304173164040e+00,3.266523143768310433e+01,1.425006103515625011e-01,3.419999999999999929e+00,3.200000000000000000e+05
3.600206167812451064e+00,3.825084087371826058e+01,1.064750120162963931e+01,3.419999999999999929e+00,0.000000000000000000e+00
3.600227686519726245e+00,3.835843441009521371e+01,1.064750120162963931e+01,3.419999999999999929e+00,3.200000000000000000e+05
3.610546550159013268e+00,3.277282497406005746e+01,1.425006103515625011e-01,3.419999999999999929e+00,0.000000000000000000e+00
3.610568068866288449e+00,3.288041851043701058e+01,1.425006103515625011e-01,3.419999999999999929e+00,3.200000000000000000e+05
3.620886932505575473e+00,3.846602794647216683e+01,1.064750120162963931e+01,3.419999999999999929e+00,0.000000000000000000e+00
3.620908451022116115e+00,3.857362052917480355e+01,1.064750120162963931e+01,3.419999999999999929e+00,3.200000000000000000e+05
3.631227312719846445e+00,3.298801586151122933e+01,1.425006103515625011e-01,3.419999999999999929e+00,0.000000000000000000e+00
3.631248831427121626e+00,3.309560939788818246e+01,1.425006103515625011e-01,3.419999999999999929e+00,3.200000000000000000e+05
3.641567693124851957e+00,3.868121406555175668e+01,1.064750120162963931e+01,3.419999999999999929e+00,0.000000000000000000e+00
3.641589211832127138e+00,3.878880760192870980e+01,1.064750120162963931e+01,3.419999999999999929e+00,3.200000000000000000e+05
3.651908073529857468e+00,3.320320293426513558e+01,1.425006103515625011e-01,3.419999999999999929e+00,0.000000000000000000e+00
3.651929592237132649e+00,3.331079647064208871e+01,1.425006103515625011e-01,3.419999999999999929e+00,3.200000000000000000e+05
3.662248455488108068e+00,3.889640495300292855e+01,1.064750120162963931e+01,3.419999999999999929e+00,0.000000000000000000e+00
3.662269974195383249e+00,3.900399848937988168e+01,1.064750120162963931e+01,3.419999999999999929e+00,3.200000000000000000e+05
3.672588837446358667e+00,3.341839000701904183e+01,1.425006103515625011e-01,3.419999999999999929e+00,0.000000000000000000e+00
3.672610356153633848e+00,3.352598354339599496e+01,1.425006103515625011e-01,3.419999999999999929e+00,3.200000000000000000e+05
3.682929219404609267e+00,3.911159202575683480e+01,1.064750120162963931e+01,3.419999999999999929e+00,0.000000000000000000e+00
3.682950738111884448e+00,3.921918556213378793e+01,1.064750120162963931e+01,3.419999999999999929e+00,3.200000000000000000e+05
3.693269599809614778e+00,3.363358089447021371e+01,1.425006103515625011e-01,3.419999999999999929e+00,0.000000000000000000e+00
3.693291118516889959e+00,3.374117443084716683e+01,1.425006103515625011e-01,3.419999999999999929e+00,3.200000000000000000e+05
3.703609980214620290e+00,3.932677909851074105e+01,1.064750120162963931e+01,3.419999999999999929e+00,0.000000000000000000e+00
3.703631498921895471e+00,3.943437263488769418e+01,1.064750120162963931e+01,3.419999999999999929e+00,3.200000000000000000e+05
3.713950360619625801e+00,3.384876796722411996e+01,1.425006103515625011e-01,3.419999999999999929e+00,0.000000000000000000e+00
3.713971879326900982e+00,3.395636150360107308e+01,1.425006103515625011e-01,3.419999999999999929e+00,3.200000000000000000e+05
3.724290742577876401e+00,3.954196998596191293e+01,1.064750120162963931e+01,3.419999999999999929e+00,0.000000000000000000e+00
3.724312261285151582e+00,3.964956352233886605e+01,1.064750120162963931e+01,3.419999999999999929e+00,3.200000000000000000e+05
3.734631124536127000e+00,3.406395503997802621e+01,1.425006103515625011e-01,3.419999999999999929e+00,0.000000000000000000e+00
3.734652643243402181e+00,3.417154857635497933e+01,1.425006103515625011e-01,3.419999999999999929e+00,3.200000000000000000e+05
3.744971506494377600e+00,3.975715705871581918e+01,1.064750120162963931e+01,3.419999999999999929e+00,0.000000000000000000e+00
3.744993025201652781e+00,3.986475059509277230e+01,1.064750120162963931e+01,3.419999999999999929e+00,3.200000000000000000e+05
3.755311886899383111e+00,3.427914592742919808e+01,1.425006103515625011e-01,3.419999999999999929e+00,0.000000000000000000e+00
3.755333405606658292e+00,3.438673946380615121e+01,1.425006103515625011e-01,3.419999999999999929e+00,3.200000000000000000e+05
3.765652267304388623e+00,3.997234413146972543e+01,1.064750120162963931e+01,3.419999999999999929e+00,0.000000000000000000e+00
3.765673786011663804e+00,4.007993766784667855e+01,1.064750120162963931e+01,3.419999999999999929e+00,3.200000000000000000e+05
3.775992647709394134e+00,3.449433300018310433e+01,1.425006103515625011e-01,3.419999999999999929e+00,0.000000000000000000e+00
3.776014166416669315e+00,3.460192653656005746e+01,1.425006103515625011e-01,3.419999999999999929e+00,3.200000000000000000e+05
3.786333029667644734e+00,4.018753501892089730e+01,1.064750120162963931e+01,3.419999999999999929e+00,0.000000000000000000e+00
3.786354548374919915e+00,4.029512855529785043e+01,1.064750120162963931e+01,3.419999999999999929e+00,3.200000000000000000e+05
3.796673411625895334e+00,3.470952007293701058e+01,1.425006103515625011e-01,3.419999999999999929e+00,0.000000000000000000e+00
3.796694930333170515e+00,3.481711360931396371e+01,1.425006103515625011e-01,3.419999999999999929e+00,3.200000000000000000e+05
3.807013793584145933e+00,4.040272209167480355e+01,1.064750120162963931e+01,3.419999999999999929e+00,0.000000000000000000e+00
3.807035312291421114e+00,4.051031562805175668e+01,1.064750120162963931e+01,3.419999999999999929e+00,3.200000000000000000e+05
3.817354175542396533e+00,3.492470714569091683e+01,1.425006103515625011e-01,3.419999999999999929e+00,0.000000000000000000e+00
3.817375695012611203e+00,3.503230449676513558e+01,1.425006103515625011e-01,3.419999999999999929e+00,3.200000000000000000e+05
3.827694556710341534e+00,4.061790916442870980e+01,1.064750120162963931e+01,3.419999999999999929e+00,0.000000000000000000e+00
3.827716075417616715e+00,4.072550270080566293e+01,1.064750120162963931e+01,3.419999999999999929e+00,3.200000000000000000e+05
3.838034937115347045e+00,3.513989803314208871e+01,1.425006103515625011e-01,3.419999999999999929e+00,0.000000000000000000e+00
3.838056455822622226e+00,3.524749156951904183e+01,1.425006103515625011e-01,3.419999999999999929e+00,3.200000000000000000e+05
3.848375317520352556e+00,4.083309623718261605e+01,1.064750120162963931e+01,3.419999999999999929e+00,0.000000000000000000e+00
3.848396836990567227e+00,4.094069358825683480e+01,1.064750120162963931e+01,3.419999999999999929e+00,3.200000000000000000e+05
3.858715700241542645e+00,3.535508510589599496e+01,1.425006103515625011e-01,3.419999999999999929e+00,0.000000000000000000e+00
3.858737218948817826e+00,3.546267864227294808e+01,1.425006103515625011e-01,3.419999999999999929e+00,3.200000000000000000e+05
3.869056082199793245e+00,4.104828712463378793e+01,1.064750120162963931e+01,3.419999999999999929e+00,0.000000000000000000e+00
3.869077600907068426e+00,4.115588066101074105e+01,1.064750120162963931e+01,3.419999999999999929e+00,3.200000000000000000e+05
3.879396464158043845e+00,3.557027217864990121e+01,1.425006103515625011e-01,3.419999999999999929e+00,0.000000000000000000e+00
3.879417983628258515e+00,3.567786952972411996e+01,1.425006103515625011e-01,3.419999999999999929e+00,3.200000000000000000e+05
3.889736845325988845e+00,4.126347419738769418e+01,1.064750120162963931e+01,3.419999999999999929e+00,0.000000000000000000e+00
3.889758364033264026e+00,4.137106773376464730e+01,1.064750120162963931e+01,3.419999999999999929e+00,3.200000000000000000e+05
3.900077225730994357e+00,3.578546306610107308e+01,1.425006103515625011e-01,3.419999999999999929e+00,0.000000000000000000e+00
3.900098744438269538e+00,3.589305660247802621e+01,1.425006103515625011e-01,3.419999999999999929e+00,3.200000000000000000e+05
3.910417606135999868e+00,4.147866127014160043e+01,1.064750120162963931e+01,3.419999999999999929e+00,0.000000000000000000e+00
3.910439125606214539e+00,4.158625862121581918e+01,1.064750120162963931e+01,3.419999999999999929e+00,3.200000000000000000e+05
3.920757988857189957e+00,3.600065013885497933e+01,1.425006103515625011e-01,3.419999999999999929e+00,0.000000000000000000e+00
3.920779507564465138e+00,3.610824367523193246e+01,1.425006103515625011e-01,3.419999999999999929e+00,3.200000000000000000e+05
3.931098370815440557e+00,4.169385215759277230e+01,1.064750120162963931e+01,3.419999999999999929e+00,0.000000000000000000e+00
3.931119889522715738e+00,4.180144569396972543e+01,1.064750120162963931e+01,3.419999999999999929e+00,3.200000000000000000e+05
3.941438752773691157e+00,3.621583721160888558e+01,1.425006103515625011e-01,3.419999999999999929e+00,0.000000000000000000e+00
3.941460272243905827e+00,3.632343456268310433e+01,1.425006103515625011e-01,3.419999999999999929e+00,3.200000000000000000e+05
3.951779133941636157e+00,4.190903923034667855e+01,1.064750120162963931e+01,3.419999999999999929e+00,0.000000000000000000e+00
3.951800652648911338e+00,4.201663276672363168e+01,1.064750120162963931e+01,3.419999999999999929e+00,3.200000000000000000e+05
3.962119514346641669e+00,3.643102809906005746e+01,1.425006103515625011e-01,3.419999999999999929e+00,0.000000000000000000e+00
3.962141033053916850e+00,3.653862163543701058e+01,1.425006103515625011e-01,3.419999999999999929e+00,3.200000000000000000e+05
3.972459894751647180e+00,4.212422630310058480e+01,1.064750120162963931e+01,3.419999999999999929e+00,0.000000000000000000e+00
3.972481414221861851e+00,4.223182365417480355e+01,1.064750120162963931e+01,3.419999999999999929e+00,3.200000000000000000e+05
3.982800277472837269e+00,3.664621517181396371e+01,1.425006103515625011e-01,3.419999999999999929e+00,0.000000000000000000e+00
3.982821796180112450e+00,3.675380870819091683e+01,1.425006103515625011e-01,3.419999999999999929e+00,3.200000000000000000e+05
3.993140659431087869e+00,4.233941719055175668e+01,1.064750120162963931e+01,3.419999999999999929e+00,0.000000000000000000e+00
3.993162178138363050e+00,4.244701072692870980e+01,1.064750120162963931e+01,3.419999999999999929e+00,3.200000000000000000e+05
4.003481041389338912e+00,3.686140224456786996e+01,1.425006103515625011e-01,3.419999999999999929e+00,0.000000000000000000e+00
4.003502560859553583e+00,3.696899959564208871e+01,1.425006103515625011e-01,3.419999999999999929e+00,3.200000000000000000e+05
4.013821422557284357e+00,4.255460426330566293e+01,1.064750120162963931e+01,3.419999999999999929e+00,0.000000000000000000e+00
4.013842941264559983e+00,4.266219779968261605e+01,1.064750120162963931e+01,3.419999999999999929e+00,3.200000000000000000e+05
4.024161802962290757e+00,3.707659313201904183e+01,1.425006103515625011e-01,3.419999999999999929e+00,0.000000000000000000e+00
4.024183321669566382e+00,3.718418666839599496e+01,1.425006103515625011e-01,3.419999999999999929e+00,3.200000000000000000e+05
4.034502183367297157e+00,4.276979133605956918e+01,1.064750120162963931e+01,3.419999999999999929e+00,0.000000000000000000e+00
4.034523702837511827e+00,4.287738868713378793e+01,1.064750120162963931e+01,3.419999999999999929e+00,3.200000000000000000e+05
4.044842566088487246e+00,3.729178020477294808e+01,1.425006103515625011e-01,3.419999999999999929e+00,0.000000000000000000e+00
4.044864084795762871e+00,3.739937374114990121e+01,1.425006103515625011e-01,3.419999999999999929e+00,3.200000000000000000e+05
4.055182948046738289e+00,4.298498222351074105e+01,1.064750120162963931e+01,3.419999999999999929e+00,0.000000000000000000e+00
4.055204466754013914e+00,4.309257575988769418e+01,1.064750120162963931e+01,3.419999999999999929e+00,3.200000000000000000e+05
4.065523330004989333e+00,3.750696727752685433e+01,1.425006103515625011e-01,3.419999999999999929e+00,0.000000000000000000e+00
4.065544849475204003e+00,3.761456462860107308e+01,1.425006103515625011e-01,3.419999999999999929e+00,3.200000000000000000e+05
4.075863711172934778e+00,4.320016929626464730e+01,1.064750120162963931e+01,3.419999999999999929e+00,0.000000000000000000e+00
4.075885229880210403e+00,4.330776283264160043e+01,1.064750120162963931e+01,3.419999999999999929e+00,3.200000000000000000e+05
4.086204091577941178e+00,3.772215816497802621e+01,1.425006103515625011e-01,3.419999999999999929e+00,0.000000000000000000e+00
4.086225610285216803e+00,3.782975170135497933e+01,1.425006103515625011e-01,3.419999999999999929e+00,3.200000000000000000e+05
4.096544471982947577e+00,4.341535636901855355e+01,1.064750120162963931e+01,3.419999999999999929e+00,0.000000000000000000e+00
4.096565991453162248e+00,4.352295372009277230e+01,1.064750120162963931e+01,3.419999999999999929e+00,3.200000000000000000e+05
4.106884854704137666e+00,3.793734523773193246e+01,1.425006103515625011e-01,3.419999999999999929e+00,0.000000000000000000e+00
4.106906373411413291e+00,3.804493877410888558e+01,1.425006103515625011e-01,3.419999999999999929e+00,3.200000000000000000e+05
4.117225236662388710e+00,4.363054725646972543e+01,1.064750120162963931e+01,3.419999999999999929e+00,0.000000000000000000e+00
4.117246755369664335e+00,4.373814079284667855e+01,1.064750120162963931e+01,3.419999999999999929e+00,3.200000000000000000e+05
4.127565618620639754e+00,3.815253231048583871e+01,1.425006103515625011e-01,3.419999999999999929e+00,0.000000000000000000e+00
4.127587138090854424e+00,3.826012966156005746e+01,1.425006103515625011e-01,3.419999999999999929e+00,3.200000000000000000e+05
4.137905999788585198e+00,4.384573432922363168e+01,1.064750120162963931e+01,3.419999999999999929e+00,0.000000000000000000e+00
4.137927518495860824e+00,4.395332786560058480e+01,1.064750120162963931e+01,3.419999999999999929e+00,3.200000000000000000e+05
4.148246380193591598e+00,3.836772319793701058e+01,1.425006103515625011e-01,3.419999999999999929e+00,0.000000000000000000e+00
4.148267898900867223e+00,3.847531673431396371e+01,1.425006103515625011e-01,3.419999999999999929e+00,3.200000000000000000e+05
4.158586760598597998e+00,4.406092140197753793e+01,1.064750120162963931e+01,3.419999999999999929e+00,0.000000000000000000e+00
4.158608280068812668e+00,4.416851875305175668e+01,1.064750120162963931e+01,3.419999999999999929e+00,3.200000000000000000e+05
4.168927143708099692e+00,3.858290931701660043e+01,1.425006103515625011e-01,3.419999999999999929e+00,0.000000000000000000e+00
4.168948662415375317e+00,3.869050285339355355e+01,1.425006103515625011e-01,3.419999999999999929e+00,3.200000000000000000e+05
4.179267526054662341e+00,4.427611228942870980e+01,1.064750120162963931e+01,3.419999999999999929e+00,0.000000000000000000e+00
4.179289044761937966e+00,4.438370582580566293e+01,1.064750120162963931e+01,3.419999999999999929e+00,3.200000000000000000e+05
4.189607908401224989e+00,3.879809638977050668e+01,1.425006103515625011e-01,3.419999999999999929e+00,0.000000000000000000e+00
4.189629427108500614e+00,3.890568992614745980e+01,1.425006103515625011e-01,3.419999999999999929e+00,3.200000000000000000e+05
4.199948290747787638e+00,4.449129936218261605e+01,1.064750120162963931e+01,3.419999999999999929e+00,0.000000000000000000e+00
4.199969809455063263e+00,4.459889289855956918e+01,1.064750120162963931e+01,3.419999999999999929e+00,3.200000000000000000e+05
4.210288671541104755e+00,3.901328727722167855e+01,1.425006103515625011e-01,3.419999999999999929e+00,0.000000000000000000e+00
4.210310190248380380e+00,3.912088081359863168e+01,1.425006103515625011e-01,3.419999999999999929e+00,3.200000000000000000e+05
4.220629052334421871e+00,4.470648643493652230e+01,1.064750120162963931e+01,3.419999999999999929e+00,0.000000000000000000e+00
4.220650571041697496e+00,4.481407997131347543e+01,1.064750120162963931e+01,3.419999999999999929e+00,3.200000000000000000e+05
4.230969433127738988e+00,3.922847434997558480e+01,1.425006103515625011e-01,3.419999999999999929e+00,0.000000000000000000e+00
4.230990951835014613e+00,3.933606788635253793e+01,1.425006103515625011e-01,3.419999999999999929e+00,3.200000000000000000e+05
4.241172780329549141e+00,4.484750053405761605e+01,1.050799390792846744e+01,3.419999999999999929e+00,0.000000000000000000e+00
4.241213251311147125e+00,4.484750053405761605e+01,1.030563899993896548e+01,3.419999999999999929e+00,3.200000000000000000e+05
4.251196310608300166e+00,3.944366142272949105e+01,1.425006103515625011e-01,3.419999999999999929e+00,0.000000000000000000e+00
4.251217829315575791e+00,3.955125495910644418e+01,1.425006103515625011e-01,3.419999999999999929e+00,3.200000000000000000e+05
4.261002119050193215e+00,4.484750053405761605e+01,1.010328361511230533e+01,3.419999999999999929e+00,0.000000000000000000e+00
4.261042590127158469e+00,4.484750053405761605e+01,9.900928230285645171e+00,3.419999999999999929e+00,3.200000000000000000e+05
4.270628108745994744e+00,3.965885231018066293e+01,1.425006103515625011e-01,3.419999999999999929e+00,0.000000000000000000e+00
4.270649627453270369e+00,3.976644584655761605e+01,1.425006103515625011e-01,3.419999999999999929e+00,3.200000000000000000e+05
4.280036376509571916e+00,4.484750053405761605e+01,9.698572845458985014e+00,3.419999999999999929e+00,0.000000000000000000e+00
4.280076847395802631e+00,4.484750053405761605e+01,9.496218414306641264e+00,3.419999999999999929e+00,3.200000000000000000e+05
4.289264827619875931e+00,3.987403938293456918e+01,1.425006103515625011e-01,3.419999999999999929e+00,0.000000000000000000e+00
4.289286346327151556e+00,3.998163291931152230e+01,1.425006103515625011e-01,3.419999999999999929e+00,3.200000000000000000e+05
4.298275556988689239e+00,4.484750053405761605e+01,9.293863029479981108e+00,3.419999999999999929e+00,0.000000000000000000e+00
4.298316028065654493e+00,4.484750053405761605e+01,9.091507644653320952e+00,3.419999999999999929e+00,3.200000000000000000e+05
4.307106469164657447e+00,4.008922645568847543e+01,1.425006103515625011e-01,3.419999999999999929e+00,0.000000000000000000e+00
4.307127987871933072e+00,4.019681999206542855e+01,1.425006103515625011e-01,3.419999999999999929e+00,3.200000000000000000e+05
4.315719659408400410e+00,4.484750053405761605e+01,8.889152259826660796e+00,3.419999999999999929e+00,0.000000000000000000e+00
4.315760130485365664e+00,4.484750053405761605e+01,8.686796875000000639e+00,3.419999999999999929e+00,3.200000000000000000e+05
4.324153030906051853e+00,4.030441734313964730e+01,1.425006103515625011e-01,3.419999999999999929e+00,0.000000000000000000e+00
4.324174549613327478e+00,4.041201087951660043e+01,1.425006103515625011e-01,3.419999999999999929e+00,3.200000000000000000e+05
4.332368681201786309e+00,4.484750053405761605e+01,8.484442443847656889e+00,3.419999999999999929e+00,0.000000000000000000e+00
4.332409152278751563e+00,4.484750053405761605e+01,8.282087059020996733e+00,3.419999999999999929e+00,3.200000000000000000e+05
4.340404514304674777e+00,4.051960441589355355e+01,1.425006103515625011e-01,3.419999999999999929e+00,0.000000000000000000e+00
4.340426033011950402e+00,4.062719795227050668e+01,1.425006103515625011e-01,3.419999999999999929e+00,3.200000000000000000e+05
4.348222625475337999e+00,4.484750053405761605e+01,8.079731674194336577e+00,3.419999999999999929e+00,0.000000000000000000e+00
4.348263096552303253e+00,4.484750053405761605e+01,7.877376289367675533e+00,3.419999999999999929e+00,3.200000000000000000e+05
4.355860919453156122e+00,4.073479148864745980e+01,1.425006103515625011e-01,3.419999999999999929e+00,0.000000000000000000e+00
4.355882438160431747e+00,4.084238502502441293e+01,1.425006103515625011e-01,3.419999999999999929e+00,3.200000000000000000e+05
4.363281492229056369e+00,4.484750053405761605e+01,7.675021858215331783e+00,3.419999999999999929e+00,0.000000000000000000e+00
4.363321963306021622e+00,4.484750053405761605e+01,7.472666473388671626e+00,3.419999999999999929e+00,3.200000000000000000e+05
4.370522246258865096e+00,4.094998237609863168e+01,1.425006103515625011e-01,3.419999999999999929e+00,0.000000000000000000e+00
4.370543764966140721e+00,4.105757591247558480e+01,1.425006103515625011e-01,3.419999999999999929e+00,3.200000000000000000e+05
4.377545278356448577e+00,4.484750053405761605e+01,7.270311088562011470e+00,3.419999999999999929e+00,0.000000000000000000e+00
4.377585749433413831e+00,4.484750053405761605e+01,7.067955703735351314e+00,3.419999999999999929e+00,3.200000000000000000e+05
4.384388493261186959e+00,4.116516944885253793e+01,1.425006103515625011e-01,3.419999999999999929e+00,0.000000000000000000e+00
4.384410011968462584e+00,4.127276298522949105e+01,1.425006103515625011e-01,3.419999999999999929e+00,3.200000000000000000e+05
4.391013986233700095e+00,4.484750053405761605e+01,6.865600318908691158e+00,3.419999999999999929e+00,0.000000000000000000e+00
4.391054457119930809e+00,4.484750053405761605e+01,6.663245887756347408e+00,3.419999999999999929e+00,3.200000000000000000e+05
4.397459662552940962e+00,4.138035652160644418e+01,1.425006103515625011e-01,3.419999999999999929e+00,0.000000000000000000e+00
4.397481181260216587e+00,4.148795005798339730e+01,1.425006103515625011e-01,3.419999999999999929e+00,3.200000000000000000e+05
4.403687617130691123e+00,4.484750053405761605e+01,6.460890502929687251e+00,3.419999999999999929e+00,0.000000000000000000e+00
4.403728088207656377e+00,4.484750053405761605e+01,6.258535118103027095e+00,3.419999999999999929e+00,3.200000000000000000e+05
4.409735752962349764e+00,4.159554740905761605e+01,1.425006103515625011e-01,3.419999999999999929e+00,0.000000000000000000e+00
4.409757271669625389e+00,4.170314094543456918e+01,1.425006103515625011e-01,3.419999999999999929e+00,3.200000000000000000e+05
4.415566166861783159e+00,4.484750053405761605e+01,6.056179733276366939e+00,3.419999999999999929e+00,0.000000000000000000e+00
4.415606637748013874e+00,4.484750053405761605e+01,5.853825302124023189e+00,3.419999999999999929e+00,3.200000000000000000e+05
4.421216764107944286e+00,4.181073448181152230e+01,1.425006103515625011e-01,3.419999999999999929e+00,0.000000000000000000e+00
4.421238282815219911e+00,4.191832801818847543e+01,1.425006103515625011e-01,3.419999999999999929e+00,3.200000000000000000e+05
4.426649639612614706e+00,4.484750053405761605e+01,5.651469917297363033e+00,3.419999999999999929e+00,0.000000000000000000e+00
4.426690110689579960e+00,4.484750053405761605e+01,5.449114532470702876e+00,3.419999999999999929e+00,3.200000000000000000e+05
4.431902697924439138e+00,4.202592155456542855e+01,1.425006103515625011e-01,3.419999999999999929e+00,0.000000000000000000e+00
4.431924216631714764e+00,4.213351509094238168e+01,1.425006103515625011e-01,3.419999999999999929e+00,3.200000000000000000e+05
4.436938034304039213e+00,4.484750053405761605e+01,5.246759147644042720e+00,3.419999999999999929e+00,0.000000000000000000e+00
4.436978505190269928e+00,4.484750053405761605e+01,5.044404716491698970e+00,3.419999999999999929e+00,3.200000000000000000e+05
4.441793552477120599e+00,4.224111244201660043e+01,1.425006103515625011e-01,3.419999999999999929e+00,0.000000000000000000e+00
4.441815071184396224e+00,4.234870597839355355e+01,1.425006103515625011e-01,3.419999999999999929e+00,3.200000000000000000e+05
4.446431348908711279e+00,4.484750053405761605e+01,4.842049331665038814e+00,3.419999999999999929e+00,0.000000000000000000e+00
4.446471819985676532e+00,4.484750053405761605e+01,4.639693946838378658e+00,3.419999999999999929e+00,3.200000000000000000e+05
4.450889328147456858e+00,4.245629951477050668e+01,1.425006103515625011e-01,3.419999999999999929e+00,0.000000000000000000e+00
4.450910846854732483e+00,4.256389305114745980e+01,1.425006103515625011e-01,3.419999999999999929e+00,3.200000000000000000e+05
4.455129585453977192e+00,4.484750053405761605e+01,4.437338562011718501e+00,3.419999999999999929e+00,0.000000000000000000e+00
4.455170056530942446e+00,4.484750053405761605e+01,4.234983177185058345e+00,3.419999999999999929e+00,3.200000000000000000e+05
4.459190025567651539e+00,4.267148658752441293e+01,1.425006103515625011e-01,3.419999999999999929e+00,0.000000000000000000e+00
4.459211544274927164e+00,4.277908012390136605e+01,1.425006103515625011e-01,3.419999999999999929e+00,3.200000000000000000e+05
4.463032744479408898e+00,4.484750053405761605e+01,4.032628746032714595e+00,3.419999999999999929e+00,0.000000000000000000e+00
4.463073215556374151e+00,4.484750053405761605e+01,3.830273361206054883e+00,3.419999999999999929e+00,3.200000000000000000e+05
4.466695646198321157e+00,4.288667366027831918e+01,1.425006103515625011e-01,3.419999999999999929e+00,0.000000000000000000e+00
4.466717165668535827e+00,4.299427101135253793e+01,1.425006103515625011e-01,3.419999999999999929e+00,3.200000000000000000e+05
4.470140825194700795e+00,4.484750053405761605e+01,3.627917976379394727e+00,3.419999999999999929e+00,0.000000000000000000e+00
4.470181296271666049e+00,4.484750053405761605e+01,3.425562591552734570e+00,3.419999999999999929e+00,3.200000000000000000e+05
4.473406186235295401e+00,4.310186454772949105e+01,1.425006103515625011e-01,3.419999999999999929e+00,0.000000000000000000e+00
4.473427704942571026e+00,4.320945808410644418e+01,1.425006103515625011e-01,3.419999999999999929e+00,3.200000000000000000e+05
4.476453826073973019e+00,4.484750053405761605e+01,3.223208160400390820e+00,3.419999999999999929e+00,0.000000000000000000e+00
4.476494297150938273e+00,4.484750053405761605e+01,3.020852775573730664e+00,3.419999999999999929e+00,3.200000000000000000e+05
4.479321648719804649e+00,4.331705162048339730e+01,1.425006103515625011e-01,3.419999999999999929e+00,0.000000000000000000e+00
4.479343167427080274e+00,4.342464515686035043e+01,1.425006103515625011e-01,3.419999999999999929e+00,3.200000000000000000e+05
4.481971749433411922e+00,4.484750053405761605e+01,2.818497390747070508e+00,3.419999999999999929e+00,0.000000000000000000e+00
4.482012220510377176e+00,4.484750053405761605e+01,2.616142005920410352e+00,3.419999999999999929e+00,3.200000000000000000e+05
4.484442032954174095e+00,4.353223869323730355e+01,1.425006103515625011e-01,3.419999999999999929e+00,0.000000000000000000e+00
4.484463552424388766e+00,4.363983604431152230e+01,1.425006103515625011e-01,3.419999999999999929e+00,3.200000000000000000e+05
4.486694593752403648e+00,4.484750053405761605e+01,2.413786621093750195e+00,3.419999999999999929e+00,0.000000000000000000e+00
4.486735064829368902e+00,4.484750053405761605e+01,2.211431236267090039e+00,3.419999999999999929e+00,3.200000000000000000e+05
4.488767336594848167e+00,4.374742958068847543e+01,1.425006103515625011e-01,3.419999999999999929e+00,0.000000000000000000e+00
4.488788855302123793e+00,4.385502311706542855e+01,1.425006103515625011e-01,3.419999999999999929e+00,3.200000000000000000e+05
4.490622358235375700e+00,4.484750053405761605e+01,2.009076805114746289e+00,3.419999999999999929e+00,0.000000000000000000e+00
4.490662829312340953e+00,4.484750053405761605e+01,1.806721420288085911e+00,3.419999999999999929e+00,3.200000000000000000e+05
4.492297562683058132e+00,4.396261665344238168e+01,1.425006103515625011e-01,3.419999999999999929e+00,0.000000000000000000e+00
4.492319081390333757e+00,4.407021018981933480e+01,1.425006103515625011e-01,3.419999999999999929e+00,3.200000000000000000e+05
4.493755045928822689e+00,4.484750053405761605e+01,1.604366989135742161e+00,3.419999999999999929e+00,0.000000000000000000e+00
4.493795517196522482e+00,4.484750053405761605e+01,1.402010650634765598e+00,3.419999999999999929e+00,3.200000000000000000e+05
4.495032711442170203e+00,4.417780372619628793e+01,1.425006103515625011e-01,3.419999999999999929e+00,0.000000000000000000e+00
4.495054230912384874e+00,4.428540107727050668e+01,1.425006103515625011e-01,3.419999999999999929e+00,3.200000000000000000e+05
4.496092654772557040e+00,4.484750053405761605e+01,1.199656219482421848e+00,3.419999999999999929e+00,0.000000000000000000e+00
4.496133125658787755e+00,4.484750053405761605e+01,9.973017883300780984e-01,3.419999999999999929e+00,3.200000000000000000e+05
4.496972780686731674e+00,4.439299461364745980e+01,1.425006103515625011e-01,3.419999999999999929e+00,0.000000000000000000e+00
4.496994299394007299e+00,4.450058815002441293e+01,1.425006103515625011e-01,3.419999999999999929e+00,3.200000000000000000e+05
4.497635184129109120e+00,4.484750053405761605e+01,7.949454498291015359e-01,3.419999999999999929e+00,0.000000000000000000e+00
4.497675655015339835e+00,4.484750053405761605e+01,5.925910186767577859e-01,3.419999999999999929e+00,3.200000000000000000e+05
4.498117770918214298e+00,4.460818168640136605e+01,1.425006103515625011e-01,3.419999999999999929e+00,0.000000000000000000e+00
4.498139289625489923e+00,4.471577522277831918e+01,1.425006103515625011e-01,3.419999999999999929e+00,3.200000000000000000e+05
4.498382635235529392e+00,4.484750053405761605e+01,3.902346801757812234e-01,3.419999999999999929e+00,0.000000000000000000e+00
4.498423106121760107e+00,4.484750053405761605e+01,1.878802490234375011e-01,3.419999999999999929e+00,3.200000000000000000e+05
4.498467682899621956e+00,4.482336875915527230e+01,1.425006103515625011e-01,3.419999999999999929e+00,0.000000000000000000e+00
4.537219521630023067e+00,1.424987030029296886e-01,1.425006103515625011e-01,3.419999999999999929e+00,3.200000000000000000e+05
4.546330536886985740e+00,1.424987030029296886e-01,1.064750120162963931e+01,3.419999999999999929e+00,3.200000000000000000e+05
4.585103305170640908e+00,4.484750053405761605e+01,1.064750120162963931e+01,3.419999999999999929e+00,3.200000000000000000e+05
4.594214320427603582e+00,4.484750053405761605e+01,1.425006103515625011e-01,3.419999999999999929e+00,3.200000000000000000e+05
4.603155320793814731e+00,1.424987030029296886e-01,1.425006103515625011e-01,3.419999999999999929e+00,0.000000000000000000e+00
4.612307625758560903e+00,9.500000000000000111e-02,1.069500133514404361e+01,3.419999999999999929e+00,3.200000000000000000e+05
4.621501035416101466e+00,9.500000000000000111e-02,9.500000000000000111e-02,3.419999999999999929e+00,3.200000000000000000e+05
4.660356195205399565e+00,4.489499923706054574e+01,9.500000000000000111e-02,3.419999999999999929e+00,3.200000000000000000e+05
4.669549604862940129e+00,4.489499923706054574e+01,1.069500133514404361e+01,3.419999999999999929e+00,3.200000000000000000e+05
4.678509604710352043e+00,9.500000000000000111e-02,1.069500133514404361e+01,3.419999999999999929e+00,0.000000000000000000e+00
