2.000000000000000111e-01,1.681983184814453136e-01,1.425006103515625011e-01,2.639999999999999680e+00,0.000000000000000000e+00
2.012771106687933909e-01,1.424987030029296886e-01,1.614784927368164036e+00,2.639999999999999680e+00,0.000000000000000000e+00
2.023657857862860565e-01,1.424987030029296886e-01,7.058160514831542720e+00,2.639999999999999680e+00,3.200000000000000000e+05
2.083646698877994752e-01,2.632128906249999734e-01,1.425006103515625011e-01,2.639999999999999680e+00,0.000000000000000000e+00
2.083836728022281926e-01,3.582274627685546609e-01,1.425006103515625011e-01,2.639999999999999680e+00,3.200000000000000000e+05
2.174960759132528731e-01,1.748625946044921886e-01,1.064750120162963931e+01,2.639999999999999680e+00,0.000000000000000000e+00
2.175150788276815905e-01,2.698771667480468484e-01,1.064750120162963931e+01,2.639999999999999680e+00,3.200000000000000000e+05
2.266274819387062711e-01,4.532420349121093484e-01,1.425006103515625011e-01,2.639999999999999680e+00,0.000000000000000000e+00
2.266464848531349885e-01,5.482566070556640359e-01,1.425006103515625011e-01,2.639999999999999680e+00,3.200000000000000000e+05
2.357588879641596691e-01,3.648917388916015359e-01,1.064750120162963931e+01,2.639999999999999680e+00,0.000000000000000000e+00
2.357778904971186418e-01,4.599044036865234109e-01,1.064750120162963931e+01,2.639999999999999680e+00,3.200000000000000000e+05
2.448902936370139782e-01,6.432711791992187234e-01,1.425006103515625011e-01,2.639999999999999680e+00,0.000000000000000000e+00
2.449092965514426956e-01,7.382857513427734109e-01,1.425006103515625011e-01,2.639999999999999680e+00,3.200000000000000000e+05
2.540216996913380321e-01,5.549189758300780984e-01,1.064750120162963931e+01,2.639999999999999680e+00,0.000000000000000000e+00
2.540407026057667217e-01,6.499335479736327859e-01,1.064750120162963931e+01,2.639999999999999680e+00,3.200000000000000000e+05
2.631531057456620859e-01,8.333003234863280984e-01,1.425006103515625011e-01,2.639999999999999680e+00,0.000000000000000000e+00
2.631721086600907755e-01,9.283148956298827859e-01,1.425006103515625011e-01,2.639999999999999680e+00,3.200000000000000000e+05
2.722845117999861397e-01,7.449481201171874734e-01,1.064750120162963931e+01,2.639999999999999680e+00,0.000000000000000000e+00
2.723035147144148294e-01,8.399626922607421609e-01,1.064750120162963931e+01,2.639999999999999680e+00,3.200000000000000000e+05
2.814159178543101936e-01,1.023329467773437473e+00,1.425006103515625011e-01,2.639999999999999680e+00,0.000000000000000000e+00
2.814349207687388832e-01,1.118344039916992161e+00,1.425006103515625011e-01,2.639999999999999680e+00,3.200000000000000000e+05
2.905473239086342474e-01,9.349772644042968484e-01,1.064750120162963931e+01,2.639999999999999680e+00,0.000000000000000000e+00
2.905663268230629370e-01,1.029991836547851536e+00,1.064750120162963931e+01,2.639999999999999680e+00,3.200000000000000000e+05
2.996787299340876176e-01,1.213356704711914036e+00,1.425006103515625011e-01,2.639999999999999680e+00,0.000000000000000000e+00
2.996977328485163072e-01,1.308371276855468723e+00,1.425006103515625011e-01,2.639999999999999680e+00,3.200000000000000000e+05
3.088101359595409878e-01,1.125006408691406223e+00,1.064750120162963931e+01,2.639999999999999680e+00,0.000000000000000000e+00
3.088291388739696774e-01,1.220020980834960911e+00,1.064750120162963931e+01,2.639999999999999680e+00,3.200000000000000000e+05
3.179415419849943580e-01,1.403385848999023411e+00,1.425006103515625011e-01,2.639999999999999680e+00,0.000000000000000000e+00
3.179605448994230477e-01,1.498400421142578098e+00,1.425006103515625011e-01,2.639999999999999680e+00,3.200000000000000000e+05
3.270729480104477283e-01,1.315035552978515598e+00,1.064750120162963931e+01,2.639999999999999680e+00,0.000000000000000000e+00
3.270919509248764179e-01,1.410050125122070286e+00,1.064750120162963931e+01,2.639999999999999680e+00,3.200000000000000000e+05
3.362043540359010985e-01,1.593414993286132786e+00,1.425006103515625011e-01,2.639999999999999680e+00,0.000000000000000000e+00
3.362233569503297881e-01,1.688429565429687473e+00,1.425006103515625011e-01,2.639999999999999680e+00,3.200000000000000000e+05
3.453357600613544687e-01,1.505064697265624973e+00,1.064750120162963931e+01,2.639999999999999680e+00,0.000000000000000000e+00
3.453547629757831583e-01,1.600079269409179661e+00,1.064750120162963931e+01,2.639999999999999680e+00,3.200000000000000000e+05
3.544671660868078389e-01,1.783444137573242161e+00,1.425006103515625011e-01,2.639999999999999680e+00,0.000000000000000000e+00
3.544861690012365285e-01,1.878458709716796848e+00,1.425006103515625011e-01,2.639999999999999680e+00,3.200000000000000000e+05
3.635985721122612091e-01,1.695093841552734348e+00,1.064750120162963931e+01,2.639999999999999680e+00,0.000000000000000000e+00
3.636175750266898987e-01,1.790108413696289036e+00,1.064750120162963931e+01,2.639999999999999680e+00,3.200000000000000000e+05
3.727299781377145793e-01,1.973473281860351536e+00,1.425006103515625011e-01,2.639999999999999680e+00,0.000000000000000000e+00
3.727489810521432689e-01,2.068487854003906445e+00,1.425006103515625011e-01,2.639999999999999680e+00,3.200000000000000000e+05
3.818613841631679495e-01,1.885122985839843723e+00,1.064750120162963931e+01,2.639999999999999680e+00,0.000000000000000000e+00
3.818803870775966391e-01,1.980137557983398411e+00,1.064750120162963931e+01,2.639999999999999680e+00,3.200000000000000000e+05
3.909927901886213197e-01,2.163502426147461133e+00,1.425006103515625011e-01,2.639999999999999680e+00,0.000000000000000000e+00
3.910117931030500094e-01,2.258516998291015820e+00,1.425006103515625011e-01,2.639999999999999680e+00,3.200000000000000000e+05
4.001241962140746899e-01,2.075152130126953320e+00,1.064750120162963931e+01,2.639999999999999680e+00,0.000000000000000000e+00
4.001431991285033796e-01,2.170166702270508008e+00,1.064750120162963931e+01,2.639999999999999680e+00,3.200000000000000000e+05
4.092556022395280602e-01,2.353531570434570508e+00,1.425006103515625011e-01,2.639999999999999680e+00,0.000000000000000000e+00
4.092746051539567498e-01,2.448546142578125195e+00,1.425006103515625011e-01,2.639999999999999680e+00,3.200000000000000000e+05
4.183870082938521140e-01,2.265179367065429883e+00,1.064750120162963931e+01,2.639999999999999680e+00,0.000000000000000000e+00
4.184060112082808036e-01,2.360193939208984570e+00,1.064750120162963931e+01,2.639999999999999680e+00,3.200000000000000000e+05
4.275184143481761678e-01,2.543560714721679883e+00,1.425006103515625011e-01,2.639999999999999680e+00,0.000000000000000000e+00
4.275374172626048574e-01,2.638575286865234570e+00,1.425006103515625011e-01,2.639999999999999680e+00,3.200000000000000000e+05
4.366498204025002217e-01,2.455208511352539258e+00,1.064750120162963931e+01,2.639999999999999680e+00,0.000000000000000000e+00
4.366688233169289113e-01,2.550223083496093945e+00,1.064750120162963931e+01,2.639999999999999680e+00,3.200000000000000000e+05
4.457812264568242755e-01,2.733589859008789258e+00,1.425006103515625011e-01,2.639999999999999680e+00,0.000000000000000000e+00
4.458002293712529651e-01,2.828604431152343945e+00,1.425006103515625011e-01,2.639999999999999680e+00,3.200000000000000000e+05
4.549126325111483293e-01,2.645237655639648633e+00,1.064750120162963931e+01,2.639999999999999680e+00,0.000000000000000000e+00
4.549316354255770189e-01,2.740252227783203320e+00,1.064750120162963931e+01,2.639999999999999680e+00,3.200000000000000000e+05
4.640440385654723832e-01,2.923619003295898633e+00,1.425006103515625011e-01,2.639999999999999680e+00,0.000000000000000000e+00
4.640630410984313836e-01,3.018631668090820508e+00,1.425006103515625011e-01,2.639999999999999680e+00,3.200000000000000000e+05
4.731754442094560642e-01,2.835266799926758008e+00,1.064750120162963931e+01,2.639999999999999680e+00,0.000000000000000000e+00
4.731944471238847538e-01,2.930281372070312695e+00,1.064750120162963931e+01,2.639999999999999680e+00,3.200000000000000000e+05
4.823068502349094344e-01,3.113646240234375195e+00,1.425006103515625011e-01,2.639999999999999680e+00,0.000000000000000000e+00
4.823258531493381240e-01,3.208660812377929883e+00,1.425006103515625011e-01,2.639999999999999680e+00,3.200000000000000000e+05
4.914382562603628046e-01,3.025295944213867383e+00,1.064750120162963931e+01,2.639999999999999680e+00,0.000000000000000000e+00
4.914572591747914942e-01,3.120310516357422070e+00,1.064750120162963931e+01,2.639999999999999680e+00,3.200000000000000000e+05
5.005696622858161193e-01,3.303675384521484570e+00,1.425006103515625011e-01,2.639999999999999680e+00,0.000000000000000000e+00
5.005886652002448090e-01,3.398689956665039258e+00,1.425006103515625011e-01,2.639999999999999680e+00,3.200000000000000000e+05
5.097010683112694895e-01,3.215325088500976758e+00,1.064750120162963931e+01,2.639999999999999680e+00,0.000000000000000000e+00
5.097200712256981792e-01,3.310339660644531445e+00,1.064750120162963931e+01,2.639999999999999680e+00,3.200000000000000000e+05
5.188324743367228598e-01,3.493704528808593945e+00,1.425006103515625011e-01,2.639999999999999680e+00,0.000000000000000000e+00
5.188514772511515494e-01,3.588719100952148633e+00,1.425006103515625011e-01,2.639999999999999680e+00,3.200000000000000000e+05
5.279638803621762300e-01,3.405354232788086133e+00,1.064750120162963931e+01,2.639999999999999680e+00,0.000000000000000000e+00
5.279828832766049196e-01,3.500368804931640820e+00,1.064750120162963931e+01,2.639999999999999680e+00,3.200000000000000000e+05
5.370952863876296002e-01,3.683733673095703320e+00,1.425006103515625011e-01,2.639999999999999680e+00,0.000000000000000000e+00
5.371142893020582898e-01,3.778748245239258008e+00,1.425006103515625011e-01,2.639999999999999680e+00,3.200000000000000000e+05
5.462266924130829704e-01,3.595383377075195508e+00,1.064750120162963931e+01,2.639999999999999680e+00,0.000000000000000000e+00
5.462456953275116600e-01,3.690397949218750195e+00,1.064750120162963931e+01,2.639999999999999680e+00,3.200000000000000000e+05
5.553580984385363406e-01,3.873762817382812695e+00,1.425006103515625011e-01,2.639999999999999680e+00,0.000000000000000000e+00
5.553771013529650302e-01,3.968777389526367383e+00,1.425006103515625011e-01,2.639999999999999680e+00,3.200000000000000000e+05
5.644895044639897108e-01,3.785412521362304883e+00,1.064750120162963931e+01,2.639999999999999680e+00,0.000000000000000000e+00
5.645085073784184004e-01,3.880427093505859570e+00,1.064750120162963931e+01,2.639999999999999680e+00,3.200000000000000000e+05
5.736209104894430810e-01,4.063791961669921626e+00,1.425006103515625011e-01,2.639999999999999680e+00,0.000000000000000000e+00
5.736399134038717706e-01,4.158806533813476314e+00,1.425006103515625011e-01,2.639999999999999680e+00,3.200000000000000000e+05
5.827523165148964512e-01,3.975441665649414258e+00,1.064750120162963931e+01,2.639999999999999680e+00,0.000000000000000000e+00
5.827713190478553962e-01,4.070454330444335689e+00,1.064750120162963931e+01,2.639999999999999680e+00,3.200000000000000000e+05
5.918837221877507604e-01,4.253821105957031001e+00,1.425006103515625011e-01,2.639999999999999680e+00,0.000000000000000000e+00
5.919027251021794500e-01,4.348835678100585689e+00,1.425006103515625011e-01,2.639999999999999680e+00,3.200000000000000000e+05
6.010151282420748142e-01,4.165468902587890376e+00,1.064750120162963931e+01,2.639999999999999680e+00,0.000000000000000000e+00
6.010341311565035038e-01,4.260483474731445064e+00,1.064750120162963931e+01,2.639999999999999680e+00,3.200000000000000000e+05
6.101465342963988681e-01,4.443850250244140376e+00,1.425006103515625011e-01,2.639999999999999680e+00,0.000000000000000000e+00
6.101655372108275577e-01,4.538864822387695064e+00,1.425006103515625011e-01,2.639999999999999680e+00,3.200000000000000000e+05
6.192779403507229219e-01,4.355498046874999751e+00,1.064750120162963931e+01,2.639999999999999680e+00,0.000000000000000000e+00
6.192969432651516115e-01,4.450512619018554439e+00,1.064750120162963931e+01,2.639999999999999680e+00,3.200000000000000000e+05
6.284093464050469757e-01,4.633879394531249751e+00,1.425006103515625011e-01,2.639999999999999680e+00,0.000000000000000000e+00
6.284283493194756653e-01,4.728893966674804439e+00,1.425006103515625011e-01,2.639999999999999680e+00,3.200000000000000000e+05
6.375407524593710296e-01,4.545527191162109126e+00,1.064750120162963931e+01,2.639999999999999680e+00,0.000000000000000000e+00
6.375597553737997192e-01,4.640541763305663814e+00,1.064750120162963931e+01,2.639999999999999680e+00,3.200000000000000000e+05
6.466721585136950834e-01,4.823908538818359126e+00,1.425006103515625011e-01,2.639999999999999680e+00,0.000000000000000000e+00
6.466911610466540283e-01,4.918921203613281001e+00,1.425006103515625011e-01,2.639999999999999680e+00,3.200000000000000000e+05
6.558035641576787089e-01,4.735556335449218501e+00,1.064750120162963931e+01,2.639999999999999680e+00,0.000000000000000000e+00
6.558225670721073985e-01,4.830570907592773189e+00,1.064750120162963931e+01,2.639999999999999680e+00,3.200000000000000000e+05
6.649349701831320791e-01,5.013935775756835689e+00,1.425006103515625011e-01,2.639999999999999680e+00,0.000000000000000000e+00
6.649539730975607688e-01,5.108950347900390376e+00,1.425006103515625011e-01,2.639999999999999680e+00,3.200000000000000000e+05
6.740663762085854493e-01,4.925585479736327876e+00,1.064750120162963931e+01,2.639999999999999680e+00,0.000000000000000000e+00
6.740853791230141390e-01,5.020600051879882564e+00,1.064750120162963931e+01,2.639999999999999680e+00,3.200000000000000000e+05
6.831977822340388196e-01,5.203964920043945064e+00,1.425006103515625011e-01,2.639999999999999680e+00,0.000000000000000000e+00
6.832167851484675092e-01,5.298979492187499751e+00,1.425006103515625011e-01,2.639999999999999680e+00,3.200000000000000000e+05
6.923291882594921898e-01,5.115614624023437251e+00,1.064750120162963931e+01,2.639999999999999680e+00,0.000000000000000000e+00
6.923481911739208794e-01,5.210629196166991939e+00,1.064750120162963931e+01,2.639999999999999680e+00,3.200000000000000000e+05
7.014605942849455600e-01,5.393994064331054439e+00,1.425006103515625011e-01,2.639999999999999680e+00,0.000000000000000000e+00
7.014795971993742496e-01,5.489008636474609126e+00,1.425006103515625011e-01,2.639999999999999680e+00,3.200000000000000000e+05
7.105920003103989302e-01,5.305643768310546626e+00,1.064750120162963931e+01,2.639999999999999680e+00,0.000000000000000000e+00
7.106110032248276198e-01,5.400658340454101314e+00,1.064750120162963931e+01,2.639999999999999680e+00,3.200000000000000000e+05
7.197234063358523004e-01,5.584023208618163814e+00,1.425006103515625011e-01,2.639999999999999680e+00,0.000000000000000000e+00
7.197424092502809900e-01,5.679037780761718501e+00,1.425006103515625011e-01,2.639999999999999680e+00,3.200000000000000000e+05
7.288548123613056706e-01,5.495672912597656001e+00,1.064750120162963931e+01,2.639999999999999680e+00,0.000000000000000000e+00
7.288738152757343602e-01,5.590687484741210689e+00,1.064750120162963931e+01,2.639999999999999680e+00,3.200000000000000000e+05
7.379862183867590408e-01,5.774052352905273189e+00,1.425006103515625011e-01,2.639999999999999680e+00,0.000000000000000000e+00
7.380052213011877305e-01,5.869066925048827876e+00,1.425006103515625011e-01,2.639999999999999680e+00,3.200000000000000000e+05
7.471176244122124110e-01,5.685702056884765376e+00,1.064750120162963931e+01,2.639999999999999680e+00,0.000000000000000000e+00
7.471366273266411007e-01,5.780716629028320064e+00,1.064750120162963931e+01,2.639999999999999680e+00,3.200000000000000000e+05
7.562490304376657813e-01,5.964081497192382564e+00,1.425006103515625011e-01,2.639999999999999680e+00,0.000000000000000000e+00
7.562680333520944709e-01,6.059096069335937251e+00,1.425006103515625011e-01,2.639999999999999680e+00,3.200000000000000000e+05
7.653804364631191515e-01,5.875731201171874751e+00,1.064750120162963931e+01,2.639999999999999680e+00,0.000000000000000000e+00
7.653994389960780964e-01,5.970743865966796626e+00,1.064750120162963931e+01,2.639999999999999680e+00,3.200000000000000000e+05
7.745118421359734606e-01,6.154110641479491939e+00,1.425006103515625011e-01,2.639999999999999680e+00,0.000000000000000000e+00
7.745308450504021502e-01,6.249125213623046626e+00,1.425006103515625011e-01,2.639999999999999680e+00,3.200000000000000000e+05
7.836432481902975145e-01,6.065758438110351314e+00,1.064750120162963931e+01,2.639999999999999680e+00,0.000000000000000000e+00
7.836622511047262041e-01,6.160773010253906001e+00,1.064750120162963931e+01,2.639999999999999680e+00,3.200000000000000000e+05
7.927746542446215683e-01,6.344139785766601314e+00,1.425006103515625011e-01,2.639999999999999680e+00,0.000000000000000000e+00
7.927936571590502579e-01,6.439154357910156001e+00,1.425006103515625011e-01,2.639999999999999680e+00,3.200000000000000000e+05
8.019060602989456221e-01,6.255787582397460689e+00,1.064750120162963931e+01,2.639999999999999680e+00,0.000000000000000000e+00
8.019250632133743117e-01,6.350802154541015376e+00,1.064750120162963931e+01,2.639999999999999680e+00,3.200000000000000000e+05
8.110374663388343341e-01,6.534167976379394283e+00,1.425006103515625011e-01,2.639999999999999680e+00,0.000000000000000000e+00
8.110564692532630238e-01,6.629182548522948970e+00,1.425006103515625011e-01,2.639999999999999680e+00,3.200000000000000000e+05
8.201688723787230462e-01,6.445816726684570064e+00,1.064750120162963931e+01,2.639999999999999680e+00,0.000000000000000000e+00
8.201878752931517358e-01,6.540831298828124751e+00,1.064750120162963931e+01,2.639999999999999680e+00,3.200000000000000000e+05
8.293002784186117582e-01,6.724197120666503658e+00,1.425006103515625011e-01,2.639999999999999680e+00,0.000000000000000000e+00
8.293192813330404478e-01,6.819211692810058345e+00,1.425006103515625011e-01,2.639999999999999680e+00,3.200000000000000000e+05
8.384316844585004702e-01,6.635845870971679439e+00,1.064750120162963931e+01,2.639999999999999680e+00,0.000000000000000000e+00
8.384506873729291598e-01,6.730860443115234126e+00,1.064750120162963931e+01,2.639999999999999680e+00,3.200000000000000000e+05
8.475630904983891822e-01,6.914226264953613033e+00,1.425006103515625011e-01,2.639999999999999680e+00,0.000000000000000000e+00
8.475820934128178719e-01,7.009240837097167720e+00,1.425006103515625011e-01,2.639999999999999680e+00,3.200000000000000000e+05
8.566944965382778943e-01,6.825875015258788814e+00,1.064750120162963931e+01,2.639999999999999680e+00,0.000000000000000000e+00
8.567134994527065839e-01,6.920889587402343501e+00,1.064750120162963931e+01,2.639999999999999680e+00,3.200000000000000000e+05
8.658259025781666063e-01,7.104255409240722408e+00,1.425006103515625011e-01,2.639999999999999680e+00,0.000000000000000000e+00
8.658449053018604236e-01,7.199269027709960689e+00,1.425006103515625011e-01,2.639999999999999680e+00,3.200000000000000000e+05
8.749573084128851042e-01,7.015904159545898189e+00,1.064750120162963931e+01,2.639999999999999680e+00,0.000000000000000000e+00
8.749763113273137938e-01,7.110918731689452876e+00,1.064750120162963931e+01,2.639999999999999680e+00,3.200000000000000000e+05
8.840887144383384744e-01,7.294283599853515376e+00,1.425006103515625011e-01,2.639999999999999680e+00,0.000000000000000000e+00
8.841077173527671640e-01,7.389298171997070064e+00,1.425006103515625011e-01,2.639999999999999680e+00,3.200000000000000000e+05
8.932201204637918446e-01,7.205933303833007564e+00,1.064750120162963931e+01,2.639999999999999680e+00,0.000000000000000000e+00
8.932391231874856619e-01,7.300946922302245845e+00,1.064750120162963931e+01,2.639999999999999680e+00,3.200000000000000000e+05
9.023515263129456843e-01,7.484312744140624751e+00,1.425006103515625011e-01,2.639999999999999680e+00,0.000000000000000000e+00
9.023705292273743739e-01,7.579327316284179439e+00,1.425006103515625011e-01,2.639999999999999680e+00,3.200000000000000000e+05
9.114829323528343963e-01,7.395961494445800533e+00,1.064750120162963931e+01,2.639999999999999680e+00,0.000000000000000000e+00
9.115019352672630859e-01,7.490976066589355220e+00,1.064750120162963931e+01,2.639999999999999680e+00,3.200000000000000000e+05
9.206143383927231083e-01,7.674341888427734126e+00,1.425006103515625011e-01,2.639999999999999680e+00,0.000000000000000000e+00
9.206333413071517979e-01,7.769356460571288814e+00,1.425006103515625011e-01,2.639999999999999680e+00,3.200000000000000000e+05
9.297457444326118203e-01,7.585990638732909908e+00,1.064750120162963931e+01,2.639999999999999680e+00,0.000000000000000000e+00
9.297647473470405100e-01,7.681005210876464595e+00,1.064750120162963931e+01,2.639999999999999680e+00,3.200000000000000000e+05
9.388771504725005324e-01,7.864371032714843501e+00,1.425006103515625011e-01,2.639999999999999680e+00,0.000000000000000000e+00
9.388961533869292220e-01,7.959385604858398189e+00,1.425006103515625011e-01,2.639999999999999680e+00,3.200000000000000000e+05
9.480085565123892444e-01,7.776019783020019283e+00,1.064750120162963931e+01,2.639999999999999680e+00,0.000000000000000000e+00
9.480275594268179340e-01,7.871034355163573970e+00,1.064750120162963931e+01,2.639999999999999680e+00,3.200000000000000000e+05
9.571399625378426146e-01,8.054399223327637358e+00,1.425006103515625011e-01,2.639999999999999680e+00,0.000000000000000000e+00
9.571589654522713042e-01,8.149413795471192046e+00,1.425006103515625011e-01,2.639999999999999680e+00,3.200000000000000000e+05
9.662713685632959848e-01,7.966048927307128658e+00,1.064750120162963931e+01,2.639999999999999680e+00,0.000000000000000000e+00
9.662903714777246744e-01,8.061063499450684233e+00,1.064750120162963931e+01,2.639999999999999680e+00,3.200000000000000000e+05
9.754027745887493550e-01,8.244428367614746733e+00,1.425006103515625011e-01,2.639999999999999680e+00,0.000000000000000000e+00
9.754217775031780446e-01,8.339442939758301421e+00,1.425006103515625011e-01,2.639999999999999680e+00,3.200000000000000000e+05
9.845341806142027252e-01,8.156078071594238921e+00,1.064750120162963931e+01,2.639999999999999680e+00,0.000000000000000000e+00
9.845531833378965425e-01,8.251091690063477202e+00,1.064750120162963931e+01,2.639999999999999680e+00,3.200000000000000000e+05
9.936655864633565649e-01,8.434457511901856108e+00,1.425006103515625011e-01,2.639999999999999680e+00,0.000000000000000000e+00
9.936845893777852545e-01,8.529472084045410796e+00,1.425006103515625011e-01,2.639999999999999680e+00,3.200000000000000000e+05
1.002796992503245166e+00,8.346106262207031889e+00,1.064750120162963931e+01,2.639999999999999680e+00,0.000000000000000000e+00
1.002815995417673856e+00,8.441120834350586577e+00,1.064750120162963931e+01,2.639999999999999680e+00,3.200000000000000000e+05
1.011928398543133767e+00,8.624486656188965483e+00,1.425006103515625011e-01,2.639999999999999680e+00,0.000000000000000000e+00
1.011947401266827695e+00,8.719500274658203764e+00,1.425006103515625011e-01,2.639999999999999680e+00,3.200000000000000000e+05
1.021059804377852265e+00,8.536135406494141264e+00,1.064750120162963931e+01,2.639999999999999680e+00,0.000000000000000000e+00
1.021078807292280954e+00,8.631149978637695952e+00,1.064750120162963931e+01,2.639999999999999680e+00,3.200000000000000000e+05
1.030191210403305524e+00,8.814514846801758452e+00,1.425006103515625011e-01,2.639999999999999680e+00,0.000000000000000000e+00
1.030210213317734214e+00,8.909529418945313139e+00,1.425006103515625011e-01,2.639999999999999680e+00,3.200000000000000000e+05
1.039322616428758783e+00,8.726164550781250639e+00,1.064750120162963931e+01,2.639999999999999680e+00,0.000000000000000000e+00
1.039341619343187473e+00,8.821179122924805327e+00,1.064750120162963931e+01,2.639999999999999680e+00,3.200000000000000000e+05
1.048454022454212042e+00,9.004543991088867827e+00,1.425006103515625011e-01,2.639999999999999680e+00,0.000000000000000000e+00
1.048473025368640732e+00,9.099558563232422514e+00,1.425006103515625011e-01,2.639999999999999680e+00,3.200000000000000000e+05
1.057585428494100643e+00,8.916192741394043608e+00,1.064750120162963931e+01,2.639999999999999680e+00,0.000000000000000000e+00
1.057604431408529333e+00,9.011207313537598296e+00,1.064750120162963931e+01,2.639999999999999680e+00,3.200000000000000000e+05
1.066716834533989244e+00,9.194573135375977202e+00,1.425006103515625011e-01,2.639999999999999680e+00,0.000000000000000000e+00
1.066735837448417934e+00,9.289587707519531889e+00,1.425006103515625011e-01,2.639999999999999680e+00,3.200000000000000000e+05
1.075848240573877845e+00,9.106221885681152983e+00,1.064750120162963931e+01,2.639999999999999680e+00,0.000000000000000000e+00
1.075867243488306535e+00,9.201236457824707671e+00,1.064750120162963931e+01,2.639999999999999680e+00,3.200000000000000000e+05
1.084979646613766446e+00,9.384602279663086577e+00,1.425006103515625011e-01,2.639999999999999680e+00,0.000000000000000000e+00
1.084998649528195136e+00,9.479616851806641264e+00,1.425006103515625011e-01,2.639999999999999680e+00,3.200000000000000000e+05
1.094111052653655047e+00,9.296251029968262358e+00,1.064750120162963931e+01,2.639999999999999680e+00,0.000000000000000000e+00
1.094130055568083737e+00,9.391265602111817046e+00,1.064750120162963931e+01,2.639999999999999680e+00,3.200000000000000000e+05
1.103242458693543648e+00,9.574631423950195952e+00,1.425006103515625011e-01,2.639999999999999680e+00,0.000000000000000000e+00
1.103261461417237577e+00,9.669645042419434233e+00,1.425006103515625011e-01,2.639999999999999680e+00,3.200000000000000000e+05
1.112373864528262146e+00,9.486280174255371733e+00,1.064750120162963931e+01,2.639999999999999680e+00,0.000000000000000000e+00
1.112392867442690836e+00,9.581294746398926421e+00,1.064750120162963931e+01,2.639999999999999680e+00,3.200000000000000000e+05
1.121505270553715405e+00,9.764659614562988921e+00,1.425006103515625011e-01,2.639999999999999680e+00,0.000000000000000000e+00
1.121524273468144095e+00,9.859674186706543608e+00,1.425006103515625011e-01,2.639999999999999680e+00,3.200000000000000000e+05
1.130636676579168665e+00,9.676309318542481108e+00,1.064750120162963931e+01,2.639999999999999680e+00,0.000000000000000000e+00
1.130655679302862593e+00,9.771322937011719389e+00,1.064750120162963931e+01,2.639999999999999680e+00,3.200000000000000000e+05
1.139768082428322504e+00,9.954688758850098296e+00,1.425006103515625011e-01,2.639999999999999680e+00,0.000000000000000000e+00
1.139787085342751194e+00,1.004970333099365298e+01,1.425006103515625011e-01,2.639999999999999680e+00,3.200000000000000000e+05
1.148899488468211105e+00,9.866337509155274077e+00,1.064750120162963931e+01,2.639999999999999680e+00,0.000000000000000000e+00
1.148918491382639795e+00,9.961352081298828764e+00,1.064750120162963931e+01,2.639999999999999680e+00,3.200000000000000000e+05
1.158030894508099706e+00,1.014471790313720767e+01,1.425006103515625011e-01,2.639999999999999680e+00,0.000000000000000000e+00
1.158049897422528396e+00,1.023973247528076236e+01,1.425006103515625011e-01,2.639999999999999680e+00,3.200000000000000000e+05
1.167162300547988307e+00,1.005636665344238345e+01,1.064750120162963931e+01,2.639999999999999680e+00,0.000000000000000000e+00
1.167181303462416997e+00,1.015138122558593814e+01,1.064750120162963931e+01,2.639999999999999680e+00,3.200000000000000000e+05
1.176293706587876908e+00,1.033474704742431705e+01,1.425006103515625011e-01,2.639999999999999680e+00,0.000000000000000000e+00
1.176312709502305598e+00,1.042976161956787173e+01,1.425006103515625011e-01,2.639999999999999680e+00,3.200000000000000000e+05
1.185425112627765509e+00,1.024639579772949283e+01,1.064750120162963931e+01,2.639999999999999680e+00,0.000000000000000000e+00
1.185444115542194199e+00,1.034141036987304751e+01,1.064750120162963931e+01,2.639999999999999680e+00,3.200000000000000000e+05
1.194556518653218768e+00,1.052477523803711001e+01,1.425006103515625011e-01,2.639999999999999680e+00,0.000000000000000000e+00
1.194575521567647458e+00,1.061978981018066470e+01,1.425006103515625011e-01,2.639999999999999680e+00,3.200000000000000000e+05
1.203687924678672028e+00,1.043642494201660220e+01,1.064750120162963931e+01,2.639999999999999680e+00,0.000000000000000000e+00
1.203706927593100717e+00,1.053143951416015689e+01,1.064750120162963931e+01,2.639999999999999680e+00,3.200000000000000000e+05
1.212819330704125287e+00,1.071480438232421939e+01,1.425006103515625011e-01,2.639999999999999680e+00,0.000000000000000000e+00
1.212838333618553976e+00,1.080981895446777408e+01,1.425006103515625011e-01,2.639999999999999680e+00,3.200000000000000000e+05
1.221950736729578546e+00,1.062645408630371158e+01,1.064750120162963931e+01,2.639999999999999680e+00,0.000000000000000000e+00
1.221969739453272474e+00,1.072146770477294986e+01,1.064750120162963931e+01,2.639999999999999680e+00,3.200000000000000000e+05
1.231082142578732386e+00,1.090483352661132876e+01,1.425006103515625011e-01,2.639999999999999680e+00,0.000000000000000000e+00
1.231101145493161075e+00,1.099984809875488345e+01,1.425006103515625011e-01,2.639999999999999680e+00,3.200000000000000000e+05
1.240213548618620987e+00,1.081648227691650455e+01,1.064750120162963931e+01,2.639999999999999680e+00,0.000000000000000000e+00
1.240232551533049676e+00,1.091149684906005923e+01,1.064750120162963931e+01,2.639999999999999680e+00,3.200000000000000000e+05
1.249344954658509588e+00,1.109486267089843814e+01,1.425006103515625011e-01,2.639999999999999680e+00,0.000000000000000000e+00
1.249363957572938277e+00,1.118987724304199283e+01,1.425006103515625011e-01,2.639999999999999680e+00,3.200000000000000000e+05
1.258476360698398189e+00,1.100651142120361392e+01,1.064750120162963931e+01,2.639999999999999680e+00,0.000000000000000000e+00
1.258495363612826878e+00,1.110152599334716861e+01,1.064750120162963931e+01,2.639999999999999680e+00,3.200000000000000000e+05
1.267607766738286790e+00,1.128489181518554751e+01,1.425006103515625011e-01,2.639999999999999680e+00,0.000000000000000000e+00
1.267626769652715479e+00,1.137990638732910220e+01,1.425006103515625011e-01,2.639999999999999680e+00,3.200000000000000000e+05
1.276739172778175391e+00,1.119654056549072330e+01,1.064750120162963931e+01,2.639999999999999680e+00,0.000000000000000000e+00
1.276758175692604080e+00,1.129155513763427798e+01,1.064750120162963931e+01,2.639999999999999680e+00,3.200000000000000000e+05
1.285870578803628650e+00,1.147492000579834048e+01,1.425006103515625011e-01,2.639999999999999680e+00,0.000000000000000000e+00
1.285889581718057340e+00,1.156993457794189517e+01,1.425006103515625011e-01,2.639999999999999680e+00,3.200000000000000000e+05
1.295001984829081909e+00,1.138656970977783267e+01,1.064750120162963931e+01,2.639999999999999680e+00,0.000000000000000000e+00
1.295020987743510599e+00,1.148158428192138736e+01,1.064750120162963931e+01,2.639999999999999680e+00,3.200000000000000000e+05
1.304133390854535168e+00,1.166494915008544986e+01,1.425006103515625011e-01,2.639999999999999680e+00,0.000000000000000000e+00
1.304152393768963858e+00,1.175996372222900455e+01,1.425006103515625011e-01,2.639999999999999680e+00,3.200000000000000000e+05
1.313264796894423769e+00,1.157659790039062564e+01,1.064750120162963931e+01,2.639999999999999680e+00,0.000000000000000000e+00
1.313283799808852459e+00,1.167161247253418033e+01,1.064750120162963931e+01,2.639999999999999680e+00,3.200000000000000000e+05
1.322396202934312370e+00,1.185497829437255923e+01,1.425006103515625011e-01,2.639999999999999680e+00,0.000000000000000000e+00
1.322415205848741060e+00,1.194999286651611392e+01,1.425006103515625011e-01,2.639999999999999680e+00,3.200000000000000000e+05
1.331527608974200971e+00,1.176662704467773501e+01,1.064750120162963931e+01,2.639999999999999680e+00,0.000000000000000000e+00
1.331546611888629661e+00,1.186164161682128970e+01,1.064750120162963931e+01,2.639999999999999680e+00,3.200000000000000000e+05
1.340659015014089572e+00,1.204500743865966861e+01,1.425006103515625011e-01,2.639999999999999680e+00,0.000000000000000000e+00
1.340678017928518262e+00,1.214002201080322330e+01,1.425006103515625011e-01,2.639999999999999680e+00,3.200000000000000000e+05
1.349790421053978173e+00,1.195665618896484439e+01,1.064750120162963931e+01,2.639999999999999680e+00,0.000000000000000000e+00
1.349809423968406863e+00,1.205167076110839908e+01,1.064750120162963931e+01,2.639999999999999680e+00,3.200000000000000000e+05
1.358921827093866774e+00,1.223503658294677798e+01,1.425006103515625011e-01,2.639999999999999680e+00,0.000000000000000000e+00
1.358940829817560703e+00,1.233005020141601626e+01,1.425006103515625011e-01,2.639999999999999680e+00,3.200000000000000000e+05
1.368053232928585272e+00,1.214668533325195376e+01,1.064750120162963931e+01,2.639999999999999680e+00,0.000000000000000000e+00
1.368072235843013962e+00,1.224169990539550845e+01,1.064750120162963931e+01,2.639999999999999680e+00,3.200000000000000000e+05
1.377184638954038531e+00,1.242506477355957095e+01,1.425006103515625011e-01,2.639999999999999680e+00,0.000000000000000000e+00
1.377203641868467221e+00,1.252007934570312564e+01,1.425006103515625011e-01,2.639999999999999680e+00,3.200000000000000000e+05
1.386316044979491791e+00,1.233671447753906314e+01,1.064750120162963931e+01,2.639999999999999680e+00,0.000000000000000000e+00
1.386335047893920480e+00,1.243172904968261783e+01,1.064750120162963931e+01,2.639999999999999680e+00,3.200000000000000000e+05
1.395447451004945050e+00,1.261509391784668033e+01,1.425006103515625011e-01,2.639999999999999680e+00,0.000000000000000000e+00
1.395466453919373739e+00,1.271010848999023501e+01,1.425006103515625011e-01,2.639999999999999680e+00,3.200000000000000000e+05
1.404578857044833651e+00,1.252674266815185611e+01,1.064750120162963931e+01,2.639999999999999680e+00,0.000000000000000000e+00
1.404597859959262340e+00,1.262175724029541080e+01,1.064750120162963931e+01,2.639999999999999680e+00,3.200000000000000000e+05
1.413710263084722252e+00,1.280512306213378970e+01,1.425006103515625011e-01,2.639999999999999680e+00,0.000000000000000000e+00
1.413729265999150941e+00,1.290013763427734439e+01,1.425006103515625011e-01,2.639999999999999680e+00,3.200000000000000000e+05
1.422841669124610853e+00,1.271677181243896548e+01,1.064750120162963931e+01,2.639999999999999680e+00,0.000000000000000000e+00
1.422860672039039542e+00,1.281178638458252017e+01,1.064750120162963931e+01,2.639999999999999680e+00,3.200000000000000000e+05
1.431973075164499454e+00,1.299515220642089908e+01,1.425006103515625011e-01,2.639999999999999680e+00,0.000000000000000000e+00
1.431992078078928143e+00,1.309016677856445376e+01,1.425006103515625011e-01,2.639999999999999680e+00,3.200000000000000000e+05
1.441104481204388055e+00,1.290680095672607486e+01,1.064750120162963931e+01,2.639999999999999680e+00,0.000000000000000000e+00
1.441123484118816744e+00,1.300181552886962955e+01,1.064750120162963931e+01,2.639999999999999680e+00,3.200000000000000000e+05
1.450235887229841314e+00,1.318518039703369205e+01,1.425006103515625011e-01,2.639999999999999680e+00,0.000000000000000000e+00
1.450254890144270004e+00,1.328019496917724673e+01,1.425006103515625011e-01,2.639999999999999680e+00,3.200000000000000000e+05
1.459367293255294573e+00,1.309683010101318423e+01,1.064750120162963931e+01,2.639999999999999680e+00,0.000000000000000000e+00
1.459386296169723263e+00,1.319184467315673892e+01,1.064750120162963931e+01,2.639999999999999680e+00,3.200000000000000000e+05
1.468498699280747832e+00,1.337520954132080142e+01,1.425006103515625011e-01,2.639999999999999680e+00,0.000000000000000000e+00
1.468517702195176522e+00,1.347022411346435611e+01,1.425006103515625011e-01,2.639999999999999680e+00,3.200000000000000000e+05
1.477630105306201092e+00,1.328685924530029361e+01,1.064750120162963931e+01,2.639999999999999680e+00,0.000000000000000000e+00
1.477649108029895020e+00,1.338187286376953189e+01,1.064750120162963931e+01,2.639999999999999680e+00,3.200000000000000000e+05
1.486761511155354931e+00,1.356523868560791080e+01,1.425006103515625011e-01,2.639999999999999680e+00,0.000000000000000000e+00
1.486780514069783621e+00,1.366025325775146548e+01,1.425006103515625011e-01,2.639999999999999680e+00,3.200000000000000000e+05
1.495892917195243532e+00,1.347688743591308658e+01,1.064750120162963931e+01,2.639999999999999680e+00,0.000000000000000000e+00
1.495911920109672222e+00,1.357190200805664126e+01,1.064750120162963931e+01,2.639999999999999680e+00,3.200000000000000000e+05
1.505024323235132133e+00,1.375526782989502017e+01,1.425006103515625011e-01,2.639999999999999680e+00,0.000000000000000000e+00
1.505043326149560823e+00,1.385028240203857486e+01,1.425006103515625011e-01,2.639999999999999680e+00,3.200000000000000000e+05
1.514155729275020734e+00,1.366691658020019595e+01,1.064750120162963931e+01,2.639999999999999680e+00,0.000000000000000000e+00
1.514174732189449424e+00,1.376193115234375064e+01,1.064750120162963931e+01,2.639999999999999680e+00,3.200000000000000000e+05
1.523287135314909335e+00,1.394529697418212955e+01,1.425006103515625011e-01,2.639999999999999680e+00,0.000000000000000000e+00
1.523306138229338025e+00,1.404031154632568423e+01,1.425006103515625011e-01,2.639999999999999680e+00,3.200000000000000000e+05
1.532418541354797936e+00,1.385694572448730533e+01,1.064750120162963931e+01,2.639999999999999680e+00,0.000000000000000000e+00
1.532437544269226626e+00,1.395196029663086001e+01,1.064750120162963931e+01,2.639999999999999680e+00,3.200000000000000000e+05
1.541549947380251195e+00,1.413532516479492251e+01,1.425006103515625011e-01,2.639999999999999680e+00,0.000000000000000000e+00
1.541568950294679885e+00,1.423033973693847720e+01,1.425006103515625011e-01,2.639999999999999680e+00,3.200000000000000000e+05
1.550681353405704455e+00,1.404697486877441470e+01,1.064750120162963931e+01,2.639999999999999680e+00,0.000000000000000000e+00
1.550700356320133144e+00,1.414198944091796939e+01,1.064750120162963931e+01,2.639999999999999680e+00,3.200000000000000000e+05
1.559812759431157714e+00,1.432535430908203189e+01,1.425006103515625011e-01,2.639999999999999680e+00,0.000000000000000000e+00
1.559831762345586403e+00,1.442036888122558658e+01,1.425006103515625011e-01,2.639999999999999680e+00,3.200000000000000000e+05
1.568944165471046315e+00,1.423700305938720767e+01,1.064750120162963931e+01,2.639999999999999680e+00,0.000000000000000000e+00
1.568963168385475004e+00,1.433201763153076236e+01,1.064750120162963931e+01,2.639999999999999680e+00,3.200000000000000000e+05
1.578075571510934916e+00,1.451538345336914126e+01,1.425006103515625011e-01,2.639999999999999680e+00,0.000000000000000000e+00
1.578094574425363605e+00,1.461039802551269595e+01,1.425006103515625011e-01,2.639999999999999680e+00,3.200000000000000000e+05
1.587206977550823517e+00,1.442703220367431705e+01,1.064750120162963931e+01,2.639999999999999680e+00,0.000000000000000000e+00
1.587225980465252206e+00,1.452204677581787173e+01,1.064750120162963931e+01,2.639999999999999680e+00,3.200000000000000000e+05
1.596338383590712118e+00,1.470541259765625064e+01,1.425006103515625011e-01,2.639999999999999680e+00,0.000000000000000000e+00
1.596357386505140807e+00,1.480042716979980533e+01,1.425006103515625011e-01,2.639999999999999680e+00,3.200000000000000000e+05
1.605469789630600719e+00,1.461706134796142642e+01,1.064750120162963931e+01,2.639999999999999680e+00,0.000000000000000000e+00
1.605488792545029408e+00,1.471207592010498111e+01,1.064750120162963931e+01,2.639999999999999680e+00,3.200000000000000000e+05
1.614601195670489320e+00,1.489544174194336001e+01,1.425006103515625011e-01,2.639999999999999680e+00,0.000000000000000000e+00
1.614620198394183248e+00,1.499045536041259830e+01,1.425006103515625011e-01,2.639999999999999680e+00,3.200000000000000000e+05
1.623732601505207818e+00,1.480709049224853580e+01,1.064750120162963931e+01,2.639999999999999680e+00,0.000000000000000000e+00
1.623751604419636507e+00,1.490210506439209048e+01,1.064750120162963931e+01,2.639999999999999680e+00,3.200000000000000000e+05
1.632864007530661077e+00,1.508546993255615298e+01,1.425006103515625011e-01,2.639999999999999680e+00,0.000000000000000000e+00
1.632883010445089766e+00,1.518048450469970767e+01,1.425006103515625011e-01,2.639999999999999680e+00,3.200000000000000000e+05
1.641995413556114336e+00,1.499711963653564517e+01,1.064750120162963931e+01,2.639999999999999680e+00,0.000000000000000000e+00
1.642014416470543026e+00,1.509213420867919986e+01,1.064750120162963931e+01,2.639999999999999680e+00,3.200000000000000000e+05
1.651126819581567595e+00,1.527549907684326236e+01,1.425006103515625011e-01,2.639999999999999680e+00,0.000000000000000000e+00
1.651145822495996285e+00,1.537051364898681705e+01,1.425006103515625011e-01,2.639999999999999680e+00,3.200000000000000000e+05
1.660258225621456196e+00,1.518714782714843814e+01,1.064750120162963931e+01,2.639999999999999680e+00,0.000000000000000000e+00
1.660277228535884886e+00,1.528216239929199283e+01,1.064750120162963931e+01,2.639999999999999680e+00,3.200000000000000000e+05
1.669389631661344797e+00,1.546552822113037173e+01,1.425006103515625011e-01,2.639999999999999680e+00,0.000000000000000000e+00
1.669408634575773487e+00,1.556054279327392642e+01,1.425006103515625011e-01,2.639999999999999680e+00,3.200000000000000000e+05
1.678521037701233398e+00,1.537717697143554751e+01,1.064750120162963931e+01,2.639999999999999680e+00,0.000000000000000000e+00
1.678540040615662088e+00,1.547219154357910220e+01,1.064750120162963931e+01,2.639999999999999680e+00,3.200000000000000000e+05
1.687652443741121999e+00,1.565555736541748111e+01,1.425006103515625011e-01,2.639999999999999680e+00,0.000000000000000000e+00
1.687671446655550689e+00,1.575057193756103580e+01,1.425006103515625011e-01,2.639999999999999680e+00,3.200000000000000000e+05
1.696783849781010600e+00,1.556720611572265689e+01,1.064750120162963931e+01,2.639999999999999680e+00,0.000000000000000000e+00
1.696802852695439290e+00,1.566222068786621158e+01,1.064750120162963931e+01,2.639999999999999680e+00,3.200000000000000000e+05
1.705915255820899201e+00,1.584558650970459048e+01,1.425006103515625011e-01,2.639999999999999680e+00,0.000000000000000000e+00
1.705934258544593130e+00,1.594060012817382876e+01,1.425006103515625011e-01,2.639999999999999680e+00,3.200000000000000000e+05
1.715046661655617699e+00,1.575723526000976626e+01,1.064750120162963931e+01,2.639999999999999680e+00,0.000000000000000000e+00
1.715065664570046389e+00,1.585224983215332095e+01,1.064750120162963931e+01,2.639999999999999680e+00,3.200000000000000000e+05
1.724178067681070958e+00,1.603561470031738168e+01,1.425006103515625011e-01,2.639999999999999680e+00,0.000000000000000000e+00
1.724197070595499648e+00,1.613062927246093636e+01,1.425006103515625011e-01,2.639999999999999680e+00,3.200000000000000000e+05
1.733309473706524217e+00,1.594726440429687564e+01,1.064750120162963931e+01,2.639999999999999680e+00,0.000000000000000000e+00
1.733328476430218146e+00,1.604227802276611214e+01,1.064750120162963931e+01,2.639999999999999680e+00,3.200000000000000000e+05
1.742440879555678057e+00,1.622564384460449105e+01,1.425006103515625011e-01,2.639999999999999680e+00,0.000000000000000000e+00
1.742459882470106747e+00,1.632065841674804574e+01,1.425006103515625011e-01,2.639999999999999680e+00,3.200000000000000000e+05
1.751572285595566658e+00,1.613729259490966683e+01,1.064750120162963931e+01,2.639999999999999680e+00,0.000000000000000000e+00
1.751591288700730331e+00,1.623230812072753793e+01,1.064750120162963931e+01,2.639999999999999680e+00,3.200000000000000000e+05
1.760703691811754901e+00,1.641567298889160043e+01,1.425006103515625011e-01,2.639999999999999680e+00,0.000000000000000000e+00
1.760722694726183590e+00,1.651068756103515511e+01,1.425006103515625011e-01,2.639999999999999680e+00,3.200000000000000000e+05
1.769835097837208160e+00,1.632732269287109261e+01,1.064750120162963931e+01,2.639999999999999680e+00,0.000000000000000000e+00
1.769854100751636850e+00,1.642233726501464730e+01,1.064750120162963931e+01,2.639999999999999680e+00,3.200000000000000000e+05
1.778966503862661419e+00,1.660570213317870980e+01,1.425006103515625011e-01,2.639999999999999680e+00,0.000000000000000000e+00
1.778985506777090109e+00,1.670071670532226449e+01,1.425006103515625011e-01,2.639999999999999680e+00,3.200000000000000000e+05
1.788097909916985362e+00,1.651734992980956918e+01,1.064750120162963931e+01,2.639999999999999680e+00,0.000000000000000000e+00
1.788116912831414052e+00,1.661236450195312386e+01,1.064750120162963931e+01,2.639999999999999680e+00,3.200000000000000000e+05
1.797229315971309305e+00,1.679573127746581918e+01,1.425006103515625011e-01,2.639999999999999680e+00,0.000000000000000000e+00
1.797248318885737994e+00,1.689074584960937386e+01,1.425006103515625011e-01,2.639999999999999680e+00,3.200000000000000000e+05
1.806360722025633248e+00,1.670737907409667855e+01,1.064750120162963931e+01,2.639999999999999680e+00,0.000000000000000000e+00
1.806379724940061937e+00,1.680239364624023324e+01,1.064750120162963931e+01,2.639999999999999680e+00,3.200000000000000000e+05
1.815492128079957190e+00,1.698576042175292855e+01,1.425006103515625011e-01,2.639999999999999680e+00,0.000000000000000000e+00
1.815511130994385880e+00,1.708077499389648324e+01,1.425006103515625011e-01,2.639999999999999680e+00,3.200000000000000000e+05
1.824623534134281133e+00,1.689740821838378793e+01,1.064750120162963931e+01,2.639999999999999680e+00,0.000000000000000000e+00
1.824642537048709823e+00,1.699242279052734261e+01,1.064750120162963931e+01,2.639999999999999680e+00,3.200000000000000000e+05
1.833754940188605076e+00,1.717578956604003793e+01,1.425006103515625011e-01,2.639999999999999680e+00,0.000000000000000000e+00
1.833773942721564021e+00,1.727080223083495980e+01,1.425006103515625011e-01,2.639999999999999680e+00,3.200000000000000000e+05
1.842886345832588590e+00,1.708743736267089730e+01,1.064750120162963931e+01,2.639999999999999680e+00,0.000000000000000000e+00
1.842905348747017280e+00,1.718245193481445199e+01,1.064750120162963931e+01,2.639999999999999680e+00,3.200000000000000000e+05
1.852017751858041850e+00,1.736581680297851449e+01,1.425006103515625011e-01,2.639999999999999680e+00,0.000000000000000000e+00
1.852036754772470539e+00,1.746083137512206918e+01,1.425006103515625011e-01,2.639999999999999680e+00,3.200000000000000000e+05
1.861149157883495109e+00,1.727746650695800668e+01,1.064750120162963931e+01,2.639999999999999680e+00,0.000000000000000000e+00
1.861168160797923798e+00,1.737248107910156136e+01,1.064750120162963931e+01,2.639999999999999680e+00,3.200000000000000000e+05
1.870280563908948368e+00,1.755584594726562386e+01,1.425006103515625011e-01,2.639999999999999680e+00,0.000000000000000000e+00
1.870299566823377058e+00,1.765086051940917855e+01,1.425006103515625011e-01,2.639999999999999680e+00,3.200000000000000000e+05
1.879411969934401627e+00,1.746749565124511605e+01,1.064750120162963931e+01,2.639999999999999680e+00,0.000000000000000000e+00
1.879430972848830317e+00,1.756251022338867074e+01,1.064750120162963931e+01,2.639999999999999680e+00,3.200000000000000000e+05
1.888543375959854886e+00,1.774587509155273324e+01,1.425006103515625011e-01,2.639999999999999680e+00,0.000000000000000000e+00
1.888562378874283576e+00,1.784088966369628793e+01,1.425006103515625011e-01,2.639999999999999680e+00,3.200000000000000000e+05
1.897674781985308146e+00,1.765752479553222543e+01,1.064750120162963931e+01,2.639999999999999680e+00,0.000000000000000000e+00
1.897693784899736835e+00,1.775253936767578011e+01,1.064750120162963931e+01,2.639999999999999680e+00,3.200000000000000000e+05
1.906806188010761405e+00,1.793590423583984261e+01,1.425006103515625011e-01,2.639999999999999680e+00,0.000000000000000000e+00
1.906825190925190094e+00,1.803091880798339730e+01,1.425006103515625011e-01,2.639999999999999680e+00,3.200000000000000000e+05
1.915937594036214664e+00,1.784755393981933480e+01,1.064750120162963931e+01,2.639999999999999680e+00,0.000000000000000000e+00
1.915956596950643354e+00,1.794256851196288949e+01,1.064750120162963931e+01,2.639999999999999680e+00,3.200000000000000000e+05
1.925069000061667923e+00,1.812593338012695199e+01,1.425006103515625011e-01,2.639999999999999680e+00,0.000000000000000000e+00
1.925088002976096613e+00,1.822094795227050668e+01,1.425006103515625011e-01,2.639999999999999680e+00,3.200000000000000000e+05
1.934200406087121182e+00,1.803758308410644418e+01,1.064750120162963931e+01,2.639999999999999680e+00,0.000000000000000000e+00
1.934219409001549872e+00,1.813259765624999886e+01,1.064750120162963931e+01,2.639999999999999680e+00,3.200000000000000000e+05
1.943331812112574442e+00,1.831596252441406136e+01,1.425006103515625011e-01,2.639999999999999680e+00,0.000000000000000000e+00
1.943350815027003131e+00,1.841097709655761605e+01,1.425006103515625011e-01,2.639999999999999680e+00,3.200000000000000000e+05
1.952463218138027701e+00,1.822761222839355355e+01,1.064750120162963931e+01,2.639999999999999680e+00,0.000000000000000000e+00
1.952482220670986646e+00,1.832262489318847543e+01,1.064750120162963931e+01,2.639999999999999680e+00,3.200000000000000000e+05
1.961594623810881899e+00,1.850599166870117074e+01,1.425006103515625011e-01,2.639999999999999680e+00,0.000000000000000000e+00
1.961613626725310588e+00,1.860100624084472543e+01,1.425006103515625011e-01,2.639999999999999680e+00,3.200000000000000000e+05
1.970726029865205842e+00,1.841763946533203011e+01,1.064750120162963931e+01,2.639999999999999680e+00,0.000000000000000000e+00
1.970745032779634531e+00,1.851265403747558480e+01,1.064750120162963931e+01,2.639999999999999680e+00,3.200000000000000000e+05
1.979857435919529784e+00,1.869602081298828011e+01,1.425006103515625011e-01,2.639999999999999680e+00,0.000000000000000000e+00
1.979876438833958474e+00,1.879103538513183480e+01,1.425006103515625011e-01,2.639999999999999680e+00,3.200000000000000000e+05
1.988988841973853727e+00,1.860766860961913949e+01,1.064750120162963931e+01,2.639999999999999680e+00,0.000000000000000000e+00
1.989007844888282417e+00,1.870268318176269418e+01,1.064750120162963931e+01,2.639999999999999680e+00,3.200000000000000000e+05
1.998120248028177670e+00,1.888604995727538949e+01,1.425006103515625011e-01,2.639999999999999680e+00,0.000000000000000000e+00
1.998139250942606360e+00,1.898106452941894418e+01,1.425006103515625011e-01,2.639999999999999680e+00,3.200000000000000000e+05
2.007251654082501613e+00,1.879769775390624886e+01,1.064750120162963931e+01,2.639999999999999680e+00,0.000000000000000000e+00
2.007270656996930303e+00,1.889271232604980355e+01,1.064750120162963931e+01,2.639999999999999680e+00,3.200000000000000000e+05
2.016383060107954872e+00,1.907607719421386605e+01,1.425006103515625011e-01,2.639999999999999680e+00,0.000000000000000000e+00
2.016402063022383562e+00,1.917109176635742074e+01,1.425006103515625011e-01,2.639999999999999680e+00,3.200000000000000000e+05
2.025514466133408131e+00,1.898772689819335824e+01,1.064750120162963931e+01,2.639999999999999680e+00,0.000000000000000000e+00
2.025533469047836821e+00,1.908274147033691293e+01,1.064750120162963931e+01,2.639999999999999680e+00,3.200000000000000000e+05
2.034645872158861390e+00,1.926610633850097543e+01,1.425006103515625011e-01,2.639999999999999680e+00,0.000000000000000000e+00
2.034664875073290080e+00,1.936112091064453011e+01,1.425006103515625011e-01,2.639999999999999680e+00,3.200000000000000000e+05
2.043777278184314650e+00,1.917775604248046761e+01,1.064750120162963931e+01,2.639999999999999680e+00,0.000000000000000000e+00
2.043796281098743339e+00,1.927277061462402230e+01,1.064750120162963931e+01,2.639999999999999680e+00,3.200000000000000000e+05
2.052908684209767909e+00,1.945613548278808480e+01,1.425006103515625011e-01,2.639999999999999680e+00,0.000000000000000000e+00
2.052927687124196598e+00,1.955115005493163949e+01,1.425006103515625011e-01,2.639999999999999680e+00,3.200000000000000000e+05
2.062040090235221168e+00,1.936778518676757699e+01,1.064750120162963931e+01,2.639999999999999680e+00,0.000000000000000000e+00
2.062059093149649858e+00,1.946279975891113168e+01,1.064750120162963931e+01,2.639999999999999680e+00,3.200000000000000000e+05
2.071171496260674427e+00,1.964616462707519418e+01,1.425006103515625011e-01,2.639999999999999680e+00,0.000000000000000000e+00
2.071190499175103117e+00,1.974117919921874886e+01,1.425006103515625011e-01,2.639999999999999680e+00,3.200000000000000000e+05
2.080302902286127686e+00,1.955781433105468636e+01,1.064750120162963931e+01,2.639999999999999680e+00,0.000000000000000000e+00
2.080321905200556376e+00,1.965282890319824105e+01,1.064750120162963931e+01,2.639999999999999680e+00,3.200000000000000000e+05
2.089434308311580946e+00,1.983619377136230355e+01,1.425006103515625011e-01,2.639999999999999680e+00,0.000000000000000000e+00
2.089453311226009635e+00,1.993120834350585824e+01,1.425006103515625011e-01,2.639999999999999680e+00,3.200000000000000000e+05
2.098565714337034205e+00,1.974784347534179574e+01,1.064750120162963931e+01,2.639999999999999680e+00,0.000000000000000000e+00
2.098584717251462894e+00,1.984285804748535043e+01,1.064750120162963931e+01,2.639999999999999680e+00,3.200000000000000000e+05
2.107697120362487464e+00,2.002622291564941293e+01,1.425006103515625011e-01,2.639999999999999680e+00,0.000000000000000000e+00
2.107716123276916154e+00,2.012123748779296761e+01,1.425006103515625011e-01,2.639999999999999680e+00,3.200000000000000000e+05
2.116828526387940723e+00,1.993787261962890511e+01,1.064750120162963931e+01,2.639999999999999680e+00,0.000000000000000000e+00
2.116847529302369413e+00,2.003288719177245980e+01,1.064750120162963931e+01,2.639999999999999680e+00,3.200000000000000000e+05
2.125959932413393982e+00,2.021625205993652230e+01,1.425006103515625011e-01,2.639999999999999680e+00,0.000000000000000000e+00
2.125978935327822672e+00,2.031126663208007699e+01,1.425006103515625011e-01,2.639999999999999680e+00,3.200000000000000000e+05
2.135091338467717925e+00,2.012789985656738168e+01,1.064750120162963931e+01,2.639999999999999680e+00,0.000000000000000000e+00
2.135110341382146615e+00,2.022291442871093636e+01,1.064750120162963931e+01,2.639999999999999680e+00,3.200000000000000000e+05
2.144222744522041868e+00,2.040628120422363168e+01,1.425006103515625011e-01,2.639999999999999680e+00,0.000000000000000000e+00
2.144241747460312375e+00,2.050129589557647591e+01,1.425006103515625011e-01,2.639999999999999680e+00,3.200000000000000000e+05
2.153354150602011963e+00,2.031792900085449105e+01,1.064750120162963931e+01,2.639999999999999680e+00,0.000000000000000000e+00
2.153373153516440652e+00,2.041294357299804574e+01,1.064750120162963931e+01,2.639999999999999680e+00,3.200000000000000000e+05
2.162485556658140240e+00,2.059631046772003060e+01,1.425006103515625011e-01,2.639999999999999680e+00,0.000000000000000000e+00
2.162504559572568930e+00,2.069132503986358529e+01,1.425006103515625011e-01,2.639999999999999680e+00,3.200000000000000000e+05
2.171616962712464183e+00,2.050795826435088998e+01,1.064750120162963931e+01,2.639999999999999680e+00,0.000000000000000000e+00
2.171635965626892872e+00,2.060297283649444466e+01,1.064750120162963931e+01,2.639999999999999680e+00,3.200000000000000000e+05
2.180748368766788126e+00,2.078633961200713998e+01,1.425006103515625011e-01,2.639999999999999680e+00,0.000000000000000000e+00
2.180767371299747293e+00,2.088135227680206185e+01,1.425006103515625011e-01,2.639999999999999680e+00,3.200000000000000000e+05
2.189879774410771862e+00,2.069798740863799935e+01,1.064750120162963931e+01,2.639999999999999680e+00,0.000000000000000000e+00
2.189898777325200552e+00,2.079300198078155404e+01,1.064750120162963931e+01,2.639999999999999680e+00,3.200000000000000000e+05
2.199011180436225121e+00,2.097636684894561654e+01,1.425006103515625011e-01,2.639999999999999680e+00,0.000000000000000000e+00
2.199030183350653811e+00,2.107138142108917123e+01,1.425006103515625011e-01,2.639999999999999680e+00,3.200000000000000000e+05
2.208142586461678381e+00,2.088801655292510873e+01,1.064750120162963931e+01,2.639999999999999680e+00,0.000000000000000000e+00
2.208161589376107070e+00,2.098303112506866341e+01,1.064750120162963931e+01,2.639999999999999680e+00,3.200000000000000000e+05
2.217273992487131640e+00,2.116639599323272591e+01,1.425006103515625011e-01,2.639999999999999680e+00,0.000000000000000000e+00
2.217292995401560329e+00,2.126141056537628060e+01,1.425006103515625011e-01,2.639999999999999680e+00,3.200000000000000000e+05
2.226405398512584899e+00,2.107804569721221810e+01,1.064750120162963931e+01,2.639999999999999680e+00,0.000000000000000000e+00
2.226424401427013589e+00,2.117306026935577279e+01,1.064750120162963931e+01,2.639999999999999680e+00,3.200000000000000000e+05
2.235536804538038158e+00,2.135642513751983529e+01,1.425006103515625011e-01,2.639999999999999680e+00,0.000000000000000000e+00
2.235555807452466848e+00,2.145143970966338998e+01,1.425006103515625011e-01,2.639999999999999680e+00,3.200000000000000000e+05
2.244668210563491417e+00,2.126807484149932748e+01,1.064750120162963931e+01,2.639999999999999680e+00,0.000000000000000000e+00
2.244687213477920107e+00,2.136308941364288216e+01,1.064750120162963931e+01,2.639999999999999680e+00,3.200000000000000000e+05
2.253799616588944676e+00,2.154645428180694466e+01,1.425006103515625011e-01,2.639999999999999680e+00,0.000000000000000000e+00
2.253818619503373366e+00,2.164146885395049935e+01,1.425006103515625011e-01,2.639999999999999680e+00,3.200000000000000000e+05
2.262931022614397936e+00,2.145810398578643685e+01,1.064750120162963931e+01,2.639999999999999680e+00,0.000000000000000000e+00
2.262950025528826625e+00,2.155311855792999154e+01,1.064750120162963931e+01,2.639999999999999680e+00,3.200000000000000000e+05
2.272062428639851195e+00,2.173648342609405404e+01,1.425006103515625011e-01,2.639999999999999680e+00,0.000000000000000000e+00
2.272081431554279884e+00,2.183149799823760873e+01,1.425006103515625011e-01,2.639999999999999680e+00,3.200000000000000000e+05
2.281193834665304454e+00,2.164813313007354623e+01,1.064750120162963931e+01,2.639999999999999680e+00,0.000000000000000000e+00
2.281212837579733144e+00,2.174314770221710091e+01,1.064750120162963931e+01,2.639999999999999680e+00,3.200000000000000000e+05
2.290325240690757713e+00,2.192651257038116341e+01,1.425006103515625011e-01,2.639999999999999680e+00,0.000000000000000000e+00
2.290344243605186403e+00,2.202152714252471810e+01,1.425006103515625011e-01,2.639999999999999680e+00,3.200000000000000000e+05
2.299456646716210972e+00,2.183816227436065560e+01,1.064750120162963931e+01,2.639999999999999680e+00,0.000000000000000000e+00
2.299475649249170139e+00,2.193317493915557748e+01,1.064750120162963931e+01,2.639999999999999680e+00,3.200000000000000000e+05
2.308588052389065393e+00,2.211654171466827279e+01,1.425006103515625011e-01,2.639999999999999680e+00,0.000000000000000000e+00
2.308607055303494082e+00,2.221155628681182748e+01,1.425006103515625011e-01,2.639999999999999680e+00,3.200000000000000000e+05
2.317719458443389335e+00,2.202818951129913216e+01,1.064750120162963931e+01,2.639999999999999680e+00,0.000000000000000000e+00
2.317738461357818025e+00,2.212320408344268685e+01,1.064750120162963931e+01,2.639999999999999680e+00,3.200000000000000000e+05
2.326850864497713278e+00,2.230657085895538216e+01,1.425006103515625011e-01,2.639999999999999680e+00,0.000000000000000000e+00
2.326869867410652049e+00,2.240158542364835625e+01,1.425006103515625011e-01,2.639999999999999680e+00,3.200000000000000000e+05
2.335982270550434503e+00,2.221821865558624154e+01,1.064750120162963931e+01,2.639999999999999680e+00,0.000000000000000000e+00
2.336001273464863193e+00,2.231323322772979623e+01,1.064750120162963931e+01,2.639999999999999680e+00,3.200000000000000000e+05
2.345113676604677622e+00,2.249659999788738673e+01,1.425006103515625011e-01,2.639999999999999680e+00,0.000000000000000000e+00
2.345132679518687091e+00,2.259161456793546563e+01,1.425006103515625011e-01,2.639999999999999680e+00,3.200000000000000000e+05
2.354245082658582344e+00,2.240824779242277032e+01,1.064750120162963931e+01,2.639999999999999680e+00,0.000000000000000000e+00
2.354264085573383625e+00,2.250326236642897015e+01,1.064750120162963931e+01,2.639999999999999680e+00,3.200000000000000000e+05
2.363376488684493015e+00,2.268662724018096810e+01,1.425006103515625011e-01,2.639999999999999680e+00,0.000000000000000000e+00
2.363395491598921705e+00,2.278164181232452279e+01,1.425006103515625011e-01,2.639999999999999680e+00,3.200000000000000000e+05
2.372507894710059073e+00,2.259827693670987969e+01,1.064750120162963931e+01,2.639999999999999680e+00,0.000000000000000000e+00
2.372526897625977682e+00,2.269329151630401498e+01,1.064750120162963931e+01,2.639999999999999680e+00,3.200000000000000000e+05
2.381639300737002252e+00,2.287665638446807748e+01,1.425006103515625011e-01,2.639999999999999680e+00,0.000000000000000000e+00
2.381658303651430941e+00,2.297167095661163216e+01,1.425006103515625011e-01,2.639999999999999680e+00,3.200000000000000000e+05
2.390770706762455511e+00,2.278830608844756966e+01,1.064750120162963931e+01,2.639999999999999680e+00,0.000000000000000000e+00
2.390789709676884200e+00,2.288332066059112435e+01,1.064750120162963931e+01,2.639999999999999680e+00,3.200000000000000000e+05
2.399902112787908770e+00,2.306668552875518685e+01,1.425006103515625011e-01,2.639999999999999680e+00,0.000000000000000000e+00
2.399921115702337460e+00,2.316170010089874154e+01,1.425006103515625011e-01,2.639999999999999680e+00,3.200000000000000000e+05
2.409033518813362029e+00,2.297833523273467904e+01,1.064750120162963931e+01,2.639999999999999680e+00,0.000000000000000000e+00
2.409052521727790719e+00,2.307334980487823373e+01,1.064750120162963931e+01,2.639999999999999680e+00,3.200000000000000000e+05
2.418164924838815288e+00,2.325671467304229623e+01,1.425006103515625011e-01,2.639999999999999680e+00,0.000000000000000000e+00
2.418183927753243978e+00,2.335172924518585091e+01,1.425006103515625011e-01,2.639999999999999680e+00,3.200000000000000000e+05
2.427296330864268548e+00,2.316836437702178841e+01,1.064750120162963931e+01,2.639999999999999680e+00,0.000000000000000000e+00
2.427315333778697237e+00,2.326337894916534310e+01,1.064750120162963931e+01,2.639999999999999680e+00,3.200000000000000000e+05
2.436427736889721807e+00,2.344674381732940560e+01,1.425006103515625011e-01,2.639999999999999680e+00,0.000000000000000000e+00
2.436446739804150496e+00,2.354175838947296029e+01,1.425006103515625011e-01,2.639999999999999680e+00,3.200000000000000000e+05
2.445559142915175066e+00,2.335839352130889779e+01,1.064750120162963931e+01,2.639999999999999680e+00,0.000000000000000000e+00
2.445578145829603756e+00,2.345340809345245248e+01,1.064750120162963931e+01,2.639999999999999680e+00,3.200000000000000000e+05
2.454690548940628325e+00,2.363677296161651498e+01,1.425006103515625011e-01,2.639999999999999680e+00,0.000000000000000000e+00
2.454709551855057015e+00,2.373178753376006966e+01,1.425006103515625011e-01,2.639999999999999680e+00,3.200000000000000000e+05
2.463821954966081584e+00,2.354842266559600716e+01,1.064750120162963931e+01,2.639999999999999680e+00,0.000000000000000000e+00
2.463840957880510274e+00,2.364343723773956185e+01,1.064750120162963931e+01,2.639999999999999680e+00,3.200000000000000000e+05
2.472953360991534844e+00,2.382680210590362435e+01,1.425006103515625011e-01,2.639999999999999680e+00,0.000000000000000000e+00
2.472972363905963533e+00,2.392181667804717904e+01,1.425006103515625011e-01,2.639999999999999680e+00,3.200000000000000000e+05
2.482084767045858786e+00,2.373844990253448373e+01,1.064750120162963931e+01,2.639999999999999680e+00,0.000000000000000000e+00
2.482103769960287476e+00,2.383346447467803841e+01,1.064750120162963931e+01,2.639999999999999680e+00,3.200000000000000000e+05
2.491216173100182729e+00,2.401683125019073373e+01,1.425006103515625011e-01,2.639999999999999680e+00,0.000000000000000000e+00
2.491235176014611419e+00,2.411184582233428841e+01,1.425006103515625011e-01,2.639999999999999680e+00,3.200000000000000000e+05
2.500347579154506672e+00,2.392847904682159310e+01,1.064750120162963931e+01,2.639999999999999680e+00,0.000000000000000000e+00
2.500366582068935362e+00,2.402349361896514779e+01,1.064750120162963931e+01,2.639999999999999680e+00,3.200000000000000000e+05
2.509478985208830615e+00,2.420686039447784310e+01,1.425006103515625011e-01,2.639999999999999680e+00,0.000000000000000000e+00
2.509497988123259304e+00,2.430187496662139779e+01,1.425006103515625011e-01,2.639999999999999680e+00,3.200000000000000000e+05
2.518610391263154558e+00,2.411850819110870248e+01,1.064750120162963931e+01,2.639999999999999680e+00,0.000000000000000000e+00
2.518629394177583247e+00,2.421352276325225716e+01,1.064750120162963931e+01,2.639999999999999680e+00,3.200000000000000000e+05
2.527741797288607817e+00,2.439688763141631966e+01,1.425006103515625011e-01,2.639999999999999680e+00,0.000000000000000000e+00
2.527760800203036506e+00,2.449190220355987435e+01,1.425006103515625011e-01,2.639999999999999680e+00,3.200000000000000000e+05
2.536873203314061076e+00,2.430853733539581185e+01,1.064750120162963931e+01,2.639999999999999680e+00,0.000000000000000000e+00
2.536892206228489766e+00,2.440355190753936654e+01,1.064750120162963931e+01,2.639999999999999680e+00,3.200000000000000000e+05
2.546004609337710001e+00,2.458691665649413949e+01,1.425006103515625011e-01,2.639999999999999680e+00,0.000000000000000000e+00
2.546023612252138690e+00,2.468193122863769418e+01,1.425006103515625011e-01,2.639999999999999680e+00,3.200000000000000000e+05
2.555136015363163260e+00,2.449856636047363168e+01,1.064750120162963931e+01,2.639999999999999680e+00,0.000000000000000000e+00
2.555155018277591950e+00,2.459358093261718636e+01,1.064750120162963931e+01,2.639999999999999680e+00,3.200000000000000000e+05
2.564267421388616519e+00,2.477694580078124886e+01,1.425006103515625011e-01,2.639999999999999680e+00,0.000000000000000000e+00
2.564286424303045209e+00,2.487196037292480355e+01,1.425006103515625011e-01,2.639999999999999680e+00,3.200000000000000000e+05
2.573398827414069778e+00,2.468859550476074105e+01,1.064750120162963931e+01,2.639999999999999680e+00,0.000000000000000000e+00
2.573417830328498468e+00,2.478361007690429574e+01,1.064750120162963931e+01,2.639999999999999680e+00,3.200000000000000000e+05
2.582530233439523037e+00,2.496697494506835824e+01,1.425006103515625011e-01,2.639999999999999680e+00,0.000000000000000000e+00
2.582549236353951727e+00,2.506198951721191293e+01,1.425006103515625011e-01,2.639999999999999680e+00,3.200000000000000000e+05
2.591661639464976297e+00,2.487862464904785043e+01,1.064750120162963931e+01,2.639999999999999680e+00,0.000000000000000000e+00
2.591680642379404986e+00,2.497363922119140511e+01,1.064750120162963931e+01,2.639999999999999680e+00,3.200000000000000000e+05
2.600793045490429556e+00,2.515700408935546761e+01,1.425006103515625011e-01,2.639999999999999680e+00,0.000000000000000000e+00
2.600812048404858245e+00,2.525201866149902230e+01,1.425006103515625011e-01,2.639999999999999680e+00,3.200000000000000000e+05
2.609924451515882815e+00,2.506865379333495980e+01,1.064750120162963931e+01,2.639999999999999680e+00,0.000000000000000000e+00
2.609943454430311505e+00,2.516366836547851449e+01,1.064750120162963931e+01,2.639999999999999680e+00,3.200000000000000000e+05
2.619055857541336074e+00,2.534703323364257699e+01,1.425006103515625011e-01,2.639999999999999680e+00,0.000000000000000000e+00
2.619074860455764764e+00,2.544204780578613168e+01,1.425006103515625011e-01,2.639999999999999680e+00,3.200000000000000000e+05
2.628187263566789333e+00,2.525868293762206918e+01,1.064750120162963931e+01,2.639999999999999680e+00,0.000000000000000000e+00
2.628206266481218023e+00,2.535369750976562386e+01,1.064750120162963931e+01,2.639999999999999680e+00,3.200000000000000000e+05
2.637318669592242593e+00,2.553706237792968636e+01,1.425006103515625011e-01,2.639999999999999680e+00,0.000000000000000000e+00
2.637337672506671282e+00,2.563207695007324105e+01,1.425006103515625011e-01,2.639999999999999680e+00,3.200000000000000000e+05
2.646450075617695852e+00,2.544871208190917855e+01,1.064750120162963931e+01,2.639999999999999680e+00,0.000000000000000000e+00
2.646469078150655019e+00,2.554372474670410043e+01,1.064750120162963931e+01,2.639999999999999680e+00,3.200000000000000000e+05
2.655581481290550272e+00,2.572709152221679574e+01,1.425006103515625011e-01,2.639999999999999680e+00,0.000000000000000000e+00
2.655600484204978962e+00,2.582210609436035043e+01,1.425006103515625011e-01,2.639999999999999680e+00,3.200000000000000000e+05
2.664712887344874215e+00,2.563873931884765511e+01,1.064750120162963931e+01,2.639999999999999680e+00,0.000000000000000000e+00
2.664731890259302904e+00,2.573375389099120980e+01,1.064750120162963931e+01,2.639999999999999680e+00,3.200000000000000000e+05
2.673844293399198158e+00,2.591712066650390511e+01,1.425006103515625011e-01,2.639999999999999680e+00,0.000000000000000000e+00
2.673863296313626847e+00,2.601213523864745980e+01,1.425006103515625011e-01,2.639999999999999680e+00,3.200000000000000000e+05
2.682975699453522100e+00,2.582876846313476449e+01,1.064750120162963931e+01,2.639999999999999680e+00,0.000000000000000000e+00
2.682994702367950790e+00,2.592378303527831918e+01,1.064750120162963931e+01,2.639999999999999680e+00,3.200000000000000000e+05
2.692107105507846043e+00,2.610714981079101449e+01,1.425006103515625011e-01,2.639999999999999680e+00,0.000000000000000000e+00
2.692126108040805210e+00,2.620216247558593636e+01,1.425006103515625011e-01,2.639999999999999680e+00,3.200000000000000000e+05
2.701238511151829780e+00,2.601879760742187386e+01,1.064750120162963931e+01,2.639999999999999680e+00,0.000000000000000000e+00
2.701257514066258469e+00,2.611381217956542855e+01,1.064750120162963931e+01,2.639999999999999680e+00,3.200000000000000000e+05
2.710369917177283039e+00,2.629717704772949105e+01,1.425006103515625011e-01,2.639999999999999680e+00,0.000000000000000000e+00
2.710388920091711729e+00,2.639219161987304574e+01,1.425006103515625011e-01,2.639999999999999680e+00,3.200000000000000000e+05
2.719501323202736298e+00,2.620882675170898324e+01,1.064750120162963931e+01,2.639999999999999680e+00,0.000000000000000000e+00
2.719520326117164988e+00,2.630384132385253793e+01,1.064750120162963931e+01,2.639999999999999680e+00,3.200000000000000000e+05
2.728632729228189557e+00,2.648720619201660043e+01,1.425006103515625011e-01,2.639999999999999680e+00,0.000000000000000000e+00
2.728651732142618247e+00,2.658222076416015511e+01,1.425006103515625011e-01,2.639999999999999680e+00,3.200000000000000000e+05
2.737764135253642817e+00,2.639885589599609261e+01,1.064750120162963931e+01,2.639999999999999680e+00,0.000000000000000000e+00
2.737783138168071506e+00,2.649387046813964730e+01,1.064750120162963931e+01,2.639999999999999680e+00,3.200000000000000000e+05
2.746895541279096076e+00,2.667723533630370980e+01,1.425006103515625011e-01,2.639999999999999680e+00,0.000000000000000000e+00
2.746914544193524765e+00,2.677224990844726449e+01,1.425006103515625011e-01,2.639999999999999680e+00,3.200000000000000000e+05
2.756026947304549335e+00,2.658888504028320199e+01,1.064750120162963931e+01,2.639999999999999680e+00,0.000000000000000000e+00
2.756045950218978025e+00,2.668389961242675668e+01,1.064750120162963931e+01,2.639999999999999680e+00,3.200000000000000000e+05
2.765158353330002594e+00,2.686726448059081918e+01,1.425006103515625011e-01,2.639999999999999680e+00,0.000000000000000000e+00
2.765177356244431284e+00,2.696227905273437386e+01,1.425006103515625011e-01,2.639999999999999680e+00,3.200000000000000000e+05
2.774289759355455853e+00,2.677891418457031136e+01,1.064750120162963931e+01,2.639999999999999680e+00,0.000000000000000000e+00
2.774308762269884543e+00,2.687392875671386605e+01,1.064750120162963931e+01,2.639999999999999680e+00,3.200000000000000000e+05
2.783421165380909112e+00,2.705729362487792855e+01,1.425006103515625011e-01,2.639999999999999680e+00,0.000000000000000000e+00
2.783440168295337802e+00,2.715230819702148324e+01,1.425006103515625011e-01,2.639999999999999680e+00,3.200000000000000000e+05
2.792552571406362372e+00,2.696894332885742074e+01,1.064750120162963931e+01,2.639999999999999680e+00,0.000000000000000000e+00
2.792571574320791061e+00,2.706395790100097543e+01,1.064750120162963931e+01,2.639999999999999680e+00,3.200000000000000000e+05
2.801683977431815631e+00,2.724732276916503793e+01,1.425006103515625011e-01,2.639999999999999680e+00,0.000000000000000000e+00
2.801702980346244320e+00,2.734233734130859261e+01,1.425006103515625011e-01,2.639999999999999680e+00,3.200000000000000000e+05
2.810815383457268890e+00,2.715897247314453011e+01,1.064750120162963931e+01,2.639999999999999680e+00,0.000000000000000000e+00
2.810834385990228057e+00,2.725398513793945199e+01,1.064750120162963931e+01,2.639999999999999680e+00,3.200000000000000000e+05
2.819946789130123310e+00,2.743735191345214730e+01,1.425006103515625011e-01,2.639999999999999680e+00,0.000000000000000000e+00
2.819965792044552000e+00,2.753236648559570199e+01,1.425006103515625011e-01,2.639999999999999680e+00,3.200000000000000000e+05
2.829078195184447253e+00,2.734899971008300668e+01,1.064750120162963931e+01,2.639999999999999680e+00,0.000000000000000000e+00
2.829097198098875943e+00,2.744401428222656136e+01,1.064750120162963931e+01,2.639999999999999680e+00,3.200000000000000000e+05
2.838209601238771196e+00,2.762738105773925668e+01,1.425006103515625011e-01,2.639999999999999680e+00,0.000000000000000000e+00
2.838228604153199885e+00,2.772239562988281136e+01,1.425006103515625011e-01,2.639999999999999680e+00,3.200000000000000000e+05
2.847341007293095139e+00,2.753902885437011605e+01,1.064750120162963931e+01,2.639999999999999680e+00,0.000000000000000000e+00
2.847360010207523828e+00,2.763404342651367074e+01,1.064750120162963931e+01,2.639999999999999680e+00,3.200000000000000000e+05
2.856472413347419081e+00,2.781741020202636605e+01,1.425006103515625011e-01,2.639999999999999680e+00,0.000000000000000000e+00
2.856491416261847771e+00,2.791242477416992074e+01,1.425006103515625011e-01,2.639999999999999680e+00,3.200000000000000000e+05
2.865603819401743024e+00,2.772905799865722543e+01,1.064750120162963931e+01,2.639999999999999680e+00,0.000000000000000000e+00
2.865622822316171714e+00,2.782407257080078011e+01,1.064750120162963931e+01,2.639999999999999680e+00,3.200000000000000000e+05
2.874735225427196283e+00,2.800743743896484261e+01,1.425006103515625011e-01,2.639999999999999680e+00,0.000000000000000000e+00
2.874754228341624973e+00,2.810245201110839730e+01,1.425006103515625011e-01,2.639999999999999680e+00,3.200000000000000000e+05
2.883866631452649543e+00,2.791908714294433480e+01,1.064750120162963931e+01,2.639999999999999680e+00,0.000000000000000000e+00
2.883885634367078232e+00,2.801410171508788949e+01,1.064750120162963931e+01,2.639999999999999680e+00,3.200000000000000000e+05
2.892998037478102802e+00,2.819746658325195199e+01,1.425006103515625011e-01,2.639999999999999680e+00,0.000000000000000000e+00
2.893017040392531491e+00,2.829248115539550668e+01,1.425006103515625011e-01,2.639999999999999680e+00,3.200000000000000000e+05
2.902129443503556061e+00,2.810911628723144418e+01,1.064750120162963931e+01,2.639999999999999680e+00,0.000000000000000000e+00
2.902148446417984751e+00,2.820413085937499886e+01,1.064750120162963931e+01,2.639999999999999680e+00,3.200000000000000000e+05
2.911260849529009320e+00,2.838749572753906136e+01,1.425006103515625011e-01,2.639999999999999680e+00,0.000000000000000000e+00
2.911279852443438010e+00,2.848251029968261605e+01,1.425006103515625011e-01,2.639999999999999680e+00,3.200000000000000000e+05
2.920392255554462579e+00,2.829914543151855355e+01,1.064750120162963931e+01,2.639999999999999680e+00,0.000000000000000000e+00
2.920411258468891269e+00,2.839416000366210824e+01,1.064750120162963931e+01,2.639999999999999680e+00,3.200000000000000000e+05
2.929523661579915839e+00,2.857752487182617074e+01,1.425006103515625011e-01,2.639999999999999680e+00,0.000000000000000000e+00
2.929542664494344528e+00,2.867253944396972543e+01,1.425006103515625011e-01,2.639999999999999680e+00,3.200000000000000000e+05
2.938655067605369098e+00,2.848917457580566293e+01,1.064750120162963931e+01,2.639999999999999680e+00,0.000000000000000000e+00
2.938674070519797787e+00,2.858418914794921761e+01,1.064750120162963931e+01,2.639999999999999680e+00,3.200000000000000000e+05
2.947786473630822357e+00,2.876755401611328011e+01,1.425006103515625011e-01,2.639999999999999680e+00,0.000000000000000000e+00
2.947805476545251047e+00,2.886256858825683480e+01,1.425006103515625011e-01,2.639999999999999680e+00,3.200000000000000000e+05
2.956917879656275616e+00,2.867920372009277230e+01,1.064750120162963931e+01,2.639999999999999680e+00,0.000000000000000000e+00
2.956936882570704306e+00,2.877421829223632699e+01,1.064750120162963931e+01,2.639999999999999680e+00,3.200000000000000000e+05
2.966049285681728875e+00,2.895758316040038949e+01,1.425006103515625011e-01,2.639999999999999680e+00,0.000000000000000000e+00
2.966068288596157565e+00,2.905259773254394418e+01,1.425006103515625011e-01,2.639999999999999680e+00,3.200000000000000000e+05
2.975180691707182135e+00,2.886923286437988168e+01,1.064750120162963931e+01,2.639999999999999680e+00,0.000000000000000000e+00
2.975199694621610824e+00,2.896424743652343636e+01,1.064750120162963931e+01,2.639999999999999680e+00,3.200000000000000000e+05
2.984312097732635394e+00,2.914761230468749886e+01,1.425006103515625011e-01,2.639999999999999680e+00,0.000000000000000000e+00
2.984331100647064083e+00,2.924262687683105355e+01,1.425006103515625011e-01,2.639999999999999680e+00,3.200000000000000000e+05
2.993443503786959337e+00,2.905926010131835824e+01,1.064750120162963931e+01,2.639999999999999680e+00,0.000000000000000000e+00
2.993462506701388026e+00,2.915427467346191293e+01,1.064750120162963931e+01,2.639999999999999680e+00,3.200000000000000000e+05
3.002574909841283279e+00,2.933764144897460824e+01,1.425006103515625011e-01,2.639999999999999680e+00,0.000000000000000000e+00
3.002593912755711969e+00,2.943265602111816293e+01,1.425006103515625011e-01,2.639999999999999680e+00,3.200000000000000000e+05
3.011706315895607222e+00,2.924928924560546761e+01,1.064750120162963931e+01,2.639999999999999680e+00,0.000000000000000000e+00
3.011725318810035912e+00,2.934430381774902230e+01,1.064750120162963931e+01,2.639999999999999680e+00,3.200000000000000000e+05
3.020837721949931165e+00,2.952767059326171761e+01,1.425006103515625011e-01,2.639999999999999680e+00,0.000000000000000000e+00
3.020856724864359855e+00,2.962268516540527230e+01,1.425006103515625011e-01,2.639999999999999680e+00,3.200000000000000000e+05
3.029969128004255108e+00,2.943931838989257699e+01,1.064750120162963931e+01,2.639999999999999680e+00,0.000000000000000000e+00
3.029988130918683797e+00,2.953433296203613168e+01,1.064750120162963931e+01,2.639999999999999680e+00,3.200000000000000000e+05
3.039100534058579051e+00,2.971769973754882699e+01,1.425006103515625011e-01,2.639999999999999680e+00,0.000000000000000000e+00
3.039119536591538218e+00,2.981271240234374886e+01,1.425006103515625011e-01,2.639999999999999680e+00,3.200000000000000000e+05
3.048231939702562787e+00,2.962934753417968636e+01,1.064750120162963931e+01,2.639999999999999680e+00,0.000000000000000000e+00
3.048250942616991477e+00,2.972436210632324105e+01,1.064750120162963931e+01,2.639999999999999680e+00,3.200000000000000000e+05
3.057363345728016046e+00,2.990772697448730355e+01,1.425006103515625011e-01,2.639999999999999680e+00,0.000000000000000000e+00
3.057382348642444736e+00,3.000274154663085824e+01,1.425006103515625011e-01,2.639999999999999680e+00,3.200000000000000000e+05
3.066494751753469306e+00,2.981937667846679574e+01,1.064750120162963931e+01,2.639999999999999680e+00,0.000000000000000000e+00
3.066513754667897995e+00,2.991439125061035043e+01,1.064750120162963931e+01,2.639999999999999680e+00,3.200000000000000000e+05
3.075626157778922565e+00,3.009775611877441293e+01,1.425006103515625011e-01,2.639999999999999680e+00,0.000000000000000000e+00
3.075645160693351254e+00,3.019277069091796761e+01,1.425006103515625011e-01,2.639999999999999680e+00,3.200000000000000000e+05
3.084757563804375824e+00,3.000940582275390511e+01,1.064750120162963931e+01,2.639999999999999680e+00,0.000000000000000000e+00
3.084776566718804514e+00,3.010442039489745980e+01,1.064750120162963931e+01,2.639999999999999680e+00,3.200000000000000000e+05
3.093888969829829083e+00,3.028778526306152230e+01,1.425006103515625011e-01,2.639999999999999680e+00,0.000000000000000000e+00
3.093907972744257773e+00,3.038279983520507699e+01,1.425006103515625011e-01,2.639999999999999680e+00,3.200000000000000000e+05
3.103020375855282342e+00,3.019943496704101449e+01,1.064750120162963931e+01,2.639999999999999680e+00,0.000000000000000000e+00
3.103039378769711032e+00,3.029444953918456918e+01,1.064750120162963931e+01,2.639999999999999680e+00,3.200000000000000000e+05
3.112151781880735602e+00,3.047781440734863168e+01,1.425006103515625011e-01,2.639999999999999680e+00,0.000000000000000000e+00
3.112170784795164291e+00,3.057282897949218636e+01,1.425006103515625011e-01,2.639999999999999680e+00,3.200000000000000000e+05
3.121283187906188861e+00,3.038946411132812386e+01,1.064750120162963931e+01,2.639999999999999680e+00,0.000000000000000000e+00
3.121302190820617550e+00,3.048447868347167855e+01,1.064750120162963931e+01,2.639999999999999680e+00,3.200000000000000000e+05
3.130414593931642120e+00,3.066784355163574105e+01,1.425006103515625011e-01,2.639999999999999680e+00,0.000000000000000000e+00
3.130433596846070810e+00,3.076285812377929574e+01,1.425006103515625011e-01,2.639999999999999680e+00,3.200000000000000000e+05
3.139545999957095379e+00,3.057949325561523324e+01,1.064750120162963931e+01,2.639999999999999680e+00,0.000000000000000000e+00
3.139565002871524069e+00,3.067450782775878793e+01,1.064750120162963931e+01,2.639999999999999680e+00,3.200000000000000000e+05
3.148677405982548638e+00,3.085787269592285043e+01,1.425006103515625011e-01,2.639999999999999680e+00,0.000000000000000000e+00
3.148696408896977328e+00,3.095288726806640511e+01,1.425006103515625011e-01,2.639999999999999680e+00,3.200000000000000000e+05
3.157808812008001897e+00,3.076952239990234261e+01,1.064750120162963931e+01,2.639999999999999680e+00,0.000000000000000000e+00
3.157827814540961064e+00,3.086453506469726449e+01,1.064750120162963931e+01,2.639999999999999680e+00,3.200000000000000000e+05
3.166940217680856318e+00,3.104790184020995980e+01,1.425006103515625011e-01,2.639999999999999680e+00,0.000000000000000000e+00
3.166959220595285007e+00,3.114291641235351449e+01,1.425006103515625011e-01,2.639999999999999680e+00,3.200000000000000000e+05
3.176071623735180260e+00,3.095954963684081918e+01,1.064750120162963931e+01,2.639999999999999680e+00,0.000000000000000000e+00
3.176090626649608950e+00,3.105456420898437386e+01,1.064750120162963931e+01,2.639999999999999680e+00,3.200000000000000000e+05
3.185203029789504203e+00,3.123793098449706918e+01,1.425006103515625011e-01,2.639999999999999680e+00,0.000000000000000000e+00
3.185222032703932893e+00,3.133294555664062386e+01,1.425006103515625011e-01,2.639999999999999680e+00,3.200000000000000000e+05
3.194334435843828146e+00,3.114957878112792855e+01,1.064750120162963931e+01,2.639999999999999680e+00,0.000000000000000000e+00
3.194353438758256836e+00,3.124459335327148324e+01,1.064750120162963931e+01,2.639999999999999680e+00,3.200000000000000000e+05
3.203465841898152089e+00,3.142796012878417855e+01,1.425006103515625011e-01,2.639999999999999680e+00,0.000000000000000000e+00
3.203484844812580778e+00,3.152297470092773324e+01,1.425006103515625011e-01,2.639999999999999680e+00,3.200000000000000000e+05
3.212597247952476032e+00,3.133960792541503793e+01,1.064750120162963931e+01,2.639999999999999680e+00,0.000000000000000000e+00
3.212616250866904721e+00,3.143462249755859261e+01,1.064750120162963931e+01,2.639999999999999680e+00,3.200000000000000000e+05
3.221728653977929291e+00,3.161798736572265511e+01,1.425006103515625011e-01,2.639999999999999680e+00,0.000000000000000000e+00
3.221747656892357980e+00,3.171300193786620980e+01,1.425006103515625011e-01,2.639999999999999680e+00,3.200000000000000000e+05
3.230860060003382550e+00,3.152963706970214730e+01,1.064750120162963931e+01,2.639999999999999680e+00,0.000000000000000000e+00
3.230879062917811240e+00,3.162465164184570199e+01,1.064750120162963931e+01,2.639999999999999680e+00,3.200000000000000000e+05
3.239991466028835809e+00,3.180801651000976449e+01,1.425006103515625011e-01,2.639999999999999680e+00,0.000000000000000000e+00
3.240010468943264499e+00,3.190303108215331918e+01,1.425006103515625011e-01,2.639999999999999680e+00,3.200000000000000000e+05
3.249122872054289068e+00,3.171966621398925668e+01,1.064750120162963931e+01,2.639999999999999680e+00,0.000000000000000000e+00
3.249141874968717758e+00,3.181468078613281136e+01,1.064750120162963931e+01,2.639999999999999680e+00,3.200000000000000000e+05
3.258254278079742328e+00,3.199804565429687386e+01,1.425006103515625011e-01,2.639999999999999680e+00,0.000000000000000000e+00
3.258273280994171017e+00,3.209306022644042855e+01,1.425006103515625011e-01,2.639999999999999680e+00,3.200000000000000000e+05
3.267385684105195587e+00,3.190969535827636605e+01,1.064750120162963931e+01,2.639999999999999680e+00,0.000000000000000000e+00
3.267404687019624276e+00,3.200470993041992074e+01,1.064750120162963931e+01,2.639999999999999680e+00,3.200000000000000000e+05
3.276517090159519530e+00,3.218807670593261605e+01,1.425006103515625011e-01,2.639999999999999680e+00,0.000000000000000000e+00
3.276536092692478697e+00,3.228308937072753793e+01,1.425006103515625011e-01,2.639999999999999680e+00,3.200000000000000000e+05
3.285648495803503266e+00,3.209972450256347543e+01,1.064750120162963931e+01,2.639999999999999680e+00,0.000000000000000000e+00
3.285667498336462433e+00,3.219473716735839730e+01,1.064750120162963931e+01,2.639999999999999680e+00,3.200000000000000000e+05
3.294779901505228814e+00,3.237810585021972543e+01,1.425006103515625011e-01,2.639999999999999680e+00,0.000000000000000000e+00
3.294798904038187981e+00,3.247311851501464730e+01,1.425006103515625011e-01,2.639999999999999680e+00,3.200000000000000000e+05
3.303911307149212551e+00,3.228975364685058480e+01,1.064750120162963931e+01,2.639999999999999680e+00,0.000000000000000000e+00
3.303930309682171718e+00,3.238476631164550668e+01,1.064750120162963931e+01,2.639999999999999680e+00,3.200000000000000000e+05
3.313042712793196287e+00,3.256813117980956918e+01,1.425006103515625011e-01,2.639999999999999680e+00,0.000000000000000000e+00
3.313061716089094944e+00,3.266314765930175668e+01,1.425006103515625011e-01,2.639999999999999680e+00,3.200000000000000000e+05
3.322174119200119513e+00,3.247978279113769418e+01,1.064750120162963931e+01,2.639999999999999680e+00,0.000000000000000000e+00
3.322193121733078680e+00,3.257479545593261605e+01,1.064750120162963931e+01,2.639999999999999680e+00,3.200000000000000000e+05
3.331305524844103250e+00,3.275816032409667855e+01,1.425006103515625011e-01,2.639999999999999680e+00,0.000000000000000000e+00
3.331324528140001906e+00,3.285317680358886605e+01,1.425006103515625011e-01,2.639999999999999680e+00,3.200000000000000000e+05
3.340436931251026476e+00,3.266981193542480355e+01,1.064750120162963931e+01,2.639999999999999680e+00,0.000000000000000000e+00
3.340455933783985643e+00,3.276482460021972543e+01,1.064750120162963931e+01,2.639999999999999680e+00,3.200000000000000000e+05
3.349568336895010212e+00,3.294818946838378793e+01,1.425006103515625011e-01,2.639999999999999680e+00,0.000000000000000000e+00
3.349587340190908868e+00,3.304320594787597543e+01,1.425006103515625011e-01,2.639999999999999680e+00,3.200000000000000000e+05
3.358699743301933438e+00,3.285984107971191293e+01,1.064750120162963931e+01,2.639999999999999680e+00,0.000000000000000000e+00
3.358718745834892605e+00,3.295485374450683480e+01,1.064750120162963931e+01,2.639999999999999680e+00,3.200000000000000000e+05
3.367831148945917175e+00,3.313821861267089730e+01,1.425006103515625011e-01,2.639999999999999680e+00,0.000000000000000000e+00
3.367850152241815831e+00,3.323323509216308480e+01,1.425006103515625011e-01,2.639999999999999680e+00,3.200000000000000000e+05
3.376962555352840401e+00,3.304987022399902230e+01,1.064750120162963931e+01,2.639999999999999680e+00,0.000000000000000000e+00
3.376981557885799567e+00,3.314488288879394418e+01,1.064750120162963931e+01,2.639999999999999680e+00,3.200000000000000000e+05
3.386093960996824137e+00,3.332824775695800668e+01,1.425006103515625011e-01,2.639999999999999680e+00,0.000000000000000000e+00
3.386112964292722793e+00,3.342326423645019418e+01,1.425006103515625011e-01,2.639999999999999680e+00,3.200000000000000000e+05
3.395225367403747363e+00,3.323989936828613168e+01,1.064750120162963931e+01,2.639999999999999680e+00,0.000000000000000000e+00
3.395244369936706530e+00,3.333491203308105355e+01,1.064750120162963931e+01,2.639999999999999680e+00,3.200000000000000000e+05
3.404356773047731100e+00,3.351827690124511605e+01,1.425006103515625011e-01,2.639999999999999680e+00,0.000000000000000000e+00
3.404375776343629756e+00,3.361329338073730355e+01,1.425006103515625011e-01,2.639999999999999680e+00,3.200000000000000000e+05
3.413488179454654325e+00,3.342992851257324105e+01,1.064750120162963931e+01,2.639999999999999680e+00,0.000000000000000000e+00
3.413507181987613492e+00,3.352494117736816293e+01,1.064750120162963931e+01,2.639999999999999680e+00,3.200000000000000000e+05
3.422619585098638062e+00,3.370830604553222543e+01,1.425006103515625011e-01,2.639999999999999680e+00,0.000000000000000000e+00
3.422638588394536718e+00,3.380332252502441293e+01,1.425006103515625011e-01,2.639999999999999680e+00,3.200000000000000000e+05
3.431750991563303099e+00,3.361995384216308480e+01,1.064750120162963931e+01,2.639999999999999680e+00,0.000000000000000000e+00
3.431769994859201756e+00,3.371497032165527230e+01,1.064750120162963931e+01,2.639999999999999680e+00,3.200000000000000000e+05
3.440882397970226325e+00,3.389833518981933480e+01,1.425006103515625011e-01,2.639999999999999680e+00,0.000000000000000000e+00
3.440901401266124982e+00,3.399335166931152230e+01,1.425006103515625011e-01,2.639999999999999680e+00,3.200000000000000000e+05
3.450013804434891362e+00,3.380998298645019418e+01,1.064750120162963931e+01,2.639999999999999680e+00,0.000000000000000000e+00
3.450032807730790019e+00,3.390499946594238168e+01,1.064750120162963931e+01,2.639999999999999680e+00,3.200000000000000000e+05
3.459145210841814588e+00,3.408836433410644418e+01,1.425006103515625011e-01,2.639999999999999680e+00,0.000000000000000000e+00
3.459164214137713245e+00,3.418338081359863168e+01,1.425006103515625011e-01,2.639999999999999680e+00,3.200000000000000000e+05
3.468276617306479626e+00,3.400001213073730355e+01,1.064750120162963931e+01,2.639999999999999680e+00,0.000000000000000000e+00
3.468295620602378282e+00,3.409502861022949105e+01,1.064750120162963931e+01,2.639999999999999680e+00,3.200000000000000000e+05
3.477408023713402851e+00,3.427839347839355355e+01,1.425006103515625011e-01,2.639999999999999680e+00,0.000000000000000000e+00
3.477427026246362018e+00,3.437340614318847543e+01,1.425006103515625011e-01,2.639999999999999680e+00,3.200000000000000000e+05
3.486539429357386588e+00,3.419004127502441293e+01,1.064750120162963931e+01,2.639999999999999680e+00,0.000000000000000000e+00
3.486558432653285244e+00,3.428505775451660043e+01,1.064750120162963931e+01,2.639999999999999680e+00,3.200000000000000000e+05
3.495670835764309814e+00,3.446842262268066293e+01,1.425006103515625011e-01,2.639999999999999680e+00,0.000000000000000000e+00
3.495689838297268981e+00,3.456343528747558480e+01,1.425006103515625011e-01,2.639999999999999680e+00,3.200000000000000000e+05
3.504802241408293551e+00,3.438007041931152230e+01,1.064750120162963931e+01,2.639999999999999680e+00,0.000000000000000000e+00
3.504821244704192207e+00,3.447508689880370980e+01,1.064750120162963931e+01,2.639999999999999680e+00,3.200000000000000000e+05
3.513933647815216776e+00,3.465845176696777230e+01,1.425006103515625011e-01,2.639999999999999680e+00,0.000000000000000000e+00
3.513952650348175943e+00,3.475346443176269418e+01,1.425006103515625011e-01,2.639999999999999680e+00,3.200000000000000000e+05
3.523065053459200513e+00,3.457009956359863168e+01,1.064750120162963931e+01,2.639999999999999680e+00,0.000000000000000000e+00
3.523084056755099169e+00,3.466511604309081918e+01,1.064750120162963931e+01,2.639999999999999680e+00,3.200000000000000000e+05
3.532196459866123739e+00,3.484848091125488168e+01,1.425006103515625011e-01,2.639999999999999680e+00,0.000000000000000000e+00
3.532215462399082906e+00,3.494349357604980355e+01,1.425006103515625011e-01,2.639999999999999680e+00,3.200000000000000000e+05
3.541327865510107475e+00,3.476012870788574105e+01,1.064750120162963931e+01,2.639999999999999680e+00,0.000000000000000000e+00
3.541346868806006132e+00,3.485514518737792855e+01,1.064750120162963931e+01,2.639999999999999680e+00,3.200000000000000000e+05
3.550459271917030701e+00,3.503851005554199105e+01,1.425006103515625011e-01,2.639999999999999680e+00,0.000000000000000000e+00
3.550478274449989868e+00,3.513352272033691293e+01,1.425006103515625011e-01,2.639999999999999680e+00,3.200000000000000000e+05
3.559590677561014438e+00,3.495015785217285043e+01,1.064750120162963931e+01,2.639999999999999680e+00,0.000000000000000000e+00
3.559609680856913094e+00,3.504517433166503793e+01,1.064750120162963931e+01,2.639999999999999680e+00,3.200000000000000000e+05
3.568722083967937664e+00,3.522853919982910043e+01,1.425006103515625011e-01,2.639999999999999680e+00,0.000000000000000000e+00
3.568741086500896831e+00,3.532355186462402230e+01,1.425006103515625011e-01,2.639999999999999680e+00,3.200000000000000000e+05
3.577853489611921400e+00,3.514018699645995980e+01,1.064750120162963931e+01,2.639999999999999680e+00,0.000000000000000000e+00
3.577872492907820057e+00,3.523520347595214730e+01,1.064750120162963931e+01,2.639999999999999680e+00,3.200000000000000000e+05
3.586984896018844626e+00,3.541856834411620980e+01,1.425006103515625011e-01,2.639999999999999680e+00,0.000000000000000000e+00
3.587003898551803793e+00,3.551358100891113168e+01,1.425006103515625011e-01,2.639999999999999680e+00,3.200000000000000000e+05
3.596116301662828363e+00,3.533021614074706918e+01,1.064750120162963931e+01,2.639999999999999680e+00,0.000000000000000000e+00
3.596135304195787530e+00,3.542522880554199105e+01,1.064750120162963931e+01,2.639999999999999680e+00,3.200000000000000000e+05
3.605247707364553911e+00,3.560859748840331918e+01,1.425006103515625011e-01,2.639999999999999680e+00,0.000000000000000000e+00
3.605266709897513078e+00,3.570361015319824105e+01,1.425006103515625011e-01,2.639999999999999680e+00,3.200000000000000000e+05
3.614379113008537647e+00,3.552024528503417855e+01,1.064750120162963931e+01,2.639999999999999680e+00,0.000000000000000000e+00
3.614398115541496814e+00,3.561525794982910043e+01,1.064750120162963931e+01,2.639999999999999680e+00,3.200000000000000000e+05
3.623510518710263195e+00,3.579862663269042855e+01,1.425006103515625011e-01,2.639999999999999680e+00,0.000000000000000000e+00
3.623529521243222362e+00,3.589363929748535043e+01,1.425006103515625011e-01,2.639999999999999680e+00,3.200000000000000000e+05
3.632641924354246932e+00,3.571027442932128793e+01,1.064750120162963931e+01,2.639999999999999680e+00,0.000000000000000000e+00
3.632660926887206099e+00,3.580528709411620980e+01,1.064750120162963931e+01,2.639999999999999680e+00,3.200000000000000000e+05
3.641773330055972480e+00,3.598865577697753793e+01,1.425006103515625011e-01,2.639999999999999680e+00,0.000000000000000000e+00
3.641792332588931647e+00,3.608366844177245980e+01,1.425006103515625011e-01,2.639999999999999680e+00,3.200000000000000000e+05
3.650904735699956216e+00,3.590030357360839730e+01,1.064750120162963931e+01,2.639999999999999680e+00,0.000000000000000000e+00
3.650923738232915383e+00,3.599531623840331918e+01,1.064750120162963931e+01,2.639999999999999680e+00,3.200000000000000000e+05
3.660036141343939953e+00,3.617868110656738168e+01,1.425006103515625011e-01,2.639999999999999680e+00,0.000000000000000000e+00
3.660055144639838609e+00,3.627369758605956918e+01,1.425006103515625011e-01,2.639999999999999680e+00,3.200000000000000000e+05
3.669167547750863179e+00,3.609033271789550668e+01,1.064750120162963931e+01,2.639999999999999680e+00,0.000000000000000000e+00
3.669186550283822346e+00,3.618534538269042855e+01,1.064750120162963931e+01,2.639999999999999680e+00,3.200000000000000000e+05
3.678298953394846915e+00,3.636871025085449105e+01,1.425006103515625011e-01,2.639999999999999680e+00,0.000000000000000000e+00
3.678317956690745572e+00,3.646372673034667855e+01,1.425006103515625011e-01,2.639999999999999680e+00,3.200000000000000000e+05
3.687430359801770141e+00,3.628036186218261605e+01,1.064750120162963931e+01,2.639999999999999680e+00,0.000000000000000000e+00
3.687449362334729308e+00,3.637537452697753793e+01,1.064750120162963931e+01,2.639999999999999680e+00,3.200000000000000000e+05
3.696561765445753878e+00,3.655873939514160043e+01,1.425006103515625011e-01,2.639999999999999680e+00,0.000000000000000000e+00
3.696580768741652534e+00,3.665375587463378793e+01,1.425006103515625011e-01,2.639999999999999680e+00,3.200000000000000000e+05
3.705693171852677104e+00,3.647039100646972543e+01,1.064750120162963931e+01,2.639999999999999680e+00,0.000000000000000000e+00
3.705712174385636271e+00,3.656540367126464730e+01,1.064750120162963931e+01,2.639999999999999680e+00,3.200000000000000000e+05
3.714824577496660840e+00,3.674876853942870980e+01,1.425006103515625011e-01,2.639999999999999680e+00,0.000000000000000000e+00
3.714843580792559496e+00,3.684378501892089730e+01,1.425006103515625011e-01,2.639999999999999680e+00,3.200000000000000000e+05
3.723955983903584066e+00,3.666042015075683480e+01,1.064750120162963931e+01,2.639999999999999680e+00,0.000000000000000000e+00
3.723974986436543233e+00,3.675543281555175668e+01,1.064750120162963931e+01,2.639999999999999680e+00,3.200000000000000000e+05
3.733087389547567803e+00,3.693879768371581918e+01,1.425006103515625011e-01,2.639999999999999680e+00,0.000000000000000000e+00
3.733106392843466459e+00,3.703381416320800668e+01,1.425006103515625011e-01,2.639999999999999680e+00,3.200000000000000000e+05
3.742218795954491029e+00,3.685044929504394418e+01,1.064750120162963931e+01,2.639999999999999680e+00,0.000000000000000000e+00
3.742237798487450195e+00,3.694546195983886605e+01,1.064750120162963931e+01,2.639999999999999680e+00,3.200000000000000000e+05
3.751350201598474765e+00,3.712882682800292855e+01,1.425006103515625011e-01,2.639999999999999680e+00,0.000000000000000000e+00
3.751369204894373421e+00,3.722384330749511605e+01,1.425006103515625011e-01,2.639999999999999680e+00,3.200000000000000000e+05
3.760481608005397991e+00,3.704047843933105355e+01,1.064750120162963931e+01,2.639999999999999680e+00,0.000000000000000000e+00
3.760500610538357158e+00,3.713549110412597543e+01,1.064750120162963931e+01,2.639999999999999680e+00,3.200000000000000000e+05
3.769613013649381728e+00,3.731885597229003793e+01,1.425006103515625011e-01,2.639999999999999680e+00,0.000000000000000000e+00
3.769632016945280384e+00,3.741387245178222543e+01,1.425006103515625011e-01,2.639999999999999680e+00,3.200000000000000000e+05
3.778744420114046765e+00,3.723050376892089730e+01,1.064750120162963931e+01,2.639999999999999680e+00,0.000000000000000000e+00
3.778763423409945421e+00,3.732552024841308480e+01,1.064750120162963931e+01,2.639999999999999680e+00,3.200000000000000000e+05
3.787875826520969991e+00,3.750888511657714730e+01,1.425006103515625011e-01,2.639999999999999680e+00,0.000000000000000000e+00
3.787894829816868647e+00,3.760390159606933480e+01,1.425006103515625011e-01,2.639999999999999680e+00,3.200000000000000000e+05
3.797007232985635028e+00,3.742053291320800668e+01,1.064750120162963931e+01,2.639999999999999680e+00,0.000000000000000000e+00
3.797026236281533684e+00,3.751554939270019418e+01,1.064750120162963931e+01,2.639999999999999680e+00,3.200000000000000000e+05
3.806138639392558254e+00,3.769891426086425668e+01,1.425006103515625011e-01,2.639999999999999680e+00,0.000000000000000000e+00
3.806157642688456910e+00,3.779393074035644418e+01,1.425006103515625011e-01,2.639999999999999680e+00,3.200000000000000000e+05
3.815270045857223291e+00,3.761056205749511605e+01,1.064750120162963931e+01,2.639999999999999680e+00,0.000000000000000000e+00
3.815289049153121947e+00,3.770557853698730355e+01,1.064750120162963931e+01,2.639999999999999680e+00,3.200000000000000000e+05
3.824401452264146517e+00,3.788894340515136605e+01,1.425006103515625011e-01,2.639999999999999680e+00,0.000000000000000000e+00
3.824420454797105684e+00,3.798395606994628793e+01,1.425006103515625011e-01,2.639999999999999680e+00,3.200000000000000000e+05
3.833532857908130254e+00,3.780059120178222543e+01,1.064750120162963931e+01,2.639999999999999680e+00,0.000000000000000000e+00
3.833551861204028910e+00,3.789560768127441293e+01,1.064750120162963931e+01,2.639999999999999680e+00,3.200000000000000000e+05
3.842664264315053479e+00,3.807897254943847543e+01,1.425006103515625011e-01,2.639999999999999680e+00,0.000000000000000000e+00
3.842683266848012646e+00,3.817398521423339730e+01,1.425006103515625011e-01,2.639999999999999680e+00,3.200000000000000000e+05
3.851795669959037216e+00,3.799062034606933480e+01,1.064750120162963931e+01,2.639999999999999680e+00,0.000000000000000000e+00
3.851814673254935872e+00,3.808563682556152230e+01,1.064750120162963931e+01,2.639999999999999680e+00,3.200000000000000000e+05
3.860927076365960442e+00,3.826900169372558480e+01,1.425006103515625011e-01,2.639999999999999680e+00,0.000000000000000000e+00
3.860946078898919609e+00,3.836401435852050668e+01,1.425006103515625011e-01,2.639999999999999680e+00,3.200000000000000000e+05
3.870058482009944179e+00,3.818064949035644418e+01,1.064750120162963931e+01,2.639999999999999680e+00,0.000000000000000000e+00
3.870077485305842835e+00,3.827566596984863168e+01,1.064750120162963931e+01,2.639999999999999680e+00,3.200000000000000000e+05
3.879189888416867404e+00,3.845903083801269418e+01,1.425006103515625011e-01,2.639999999999999680e+00,0.000000000000000000e+00
3.879208890949826571e+00,3.855404350280761605e+01,1.425006103515625011e-01,2.639999999999999680e+00,3.200000000000000000e+05
3.888321294060851141e+00,3.837067863464355355e+01,1.064750120162963931e+01,2.639999999999999680e+00,0.000000000000000000e+00
3.888340297356749797e+00,3.846569511413574105e+01,1.064750120162963931e+01,2.639999999999999680e+00,3.200000000000000000e+05
3.897452700467774367e+00,3.864905998229980355e+01,1.425006103515625011e-01,2.639999999999999680e+00,0.000000000000000000e+00
3.897471703000733534e+00,3.874407264709472543e+01,1.425006103515625011e-01,2.639999999999999680e+00,3.200000000000000000e+05
3.906584106111758103e+00,3.856070777893066293e+01,1.064750120162963931e+01,2.639999999999999680e+00,0.000000000000000000e+00
3.906603109407656760e+00,3.865572425842285043e+01,1.064750120162963931e+01,2.639999999999999680e+00,3.200000000000000000e+05
3.915715512518681329e+00,3.883908912658691293e+01,1.425006103515625011e-01,2.639999999999999680e+00,0.000000000000000000e+00
3.915734515051640496e+00,3.893410179138183480e+01,1.425006103515625011e-01,2.639999999999999680e+00,3.200000000000000000e+05
3.924846918162665066e+00,3.875073692321777230e+01,1.064750120162963931e+01,2.639999999999999680e+00,0.000000000000000000e+00
3.924865921458563722e+00,3.884575340270995980e+01,1.064750120162963931e+01,2.639999999999999680e+00,3.200000000000000000e+05
3.933978324569588292e+00,3.902911827087402230e+01,1.425006103515625011e-01,2.639999999999999680e+00,0.000000000000000000e+00
3.933997327102547459e+00,3.912413093566894418e+01,1.425006103515625011e-01,2.639999999999999680e+00,3.200000000000000000e+05
3.943109730213572028e+00,3.894076606750488168e+01,1.064750120162963931e+01,2.639999999999999680e+00,0.000000000000000000e+00
3.943128732746531195e+00,3.903577873229980355e+01,1.064750120162963931e+01,2.639999999999999680e+00,3.200000000000000000e+05
3.952241135915297576e+00,3.921914741516113168e+01,1.425006103515625011e-01,2.639999999999999680e+00,0.000000000000000000e+00
3.952260138448256743e+00,3.931416007995605355e+01,1.425006103515625011e-01,2.639999999999999680e+00,3.200000000000000000e+05
3.961372541559281313e+00,3.913079521179199105e+01,1.064750120162963931e+01,2.639999999999999680e+00,0.000000000000000000e+00
3.961391544092240480e+00,3.922580787658691293e+01,1.064750120162963931e+01,2.639999999999999680e+00,3.200000000000000000e+05
3.970503947261006861e+00,3.940917655944824105e+01,1.425006103515625011e-01,2.639999999999999680e+00,0.000000000000000000e+00
3.970522949793966028e+00,3.950418922424316293e+01,1.425006103515625011e-01,2.639999999999999680e+00,3.200000000000000000e+05
3.979635352904990597e+00,3.932082435607910043e+01,1.064750120162963931e+01,2.639999999999999680e+00,0.000000000000000000e+00
3.979654355437949764e+00,3.941583702087402230e+01,1.064750120162963931e+01,2.639999999999999680e+00,3.200000000000000000e+05
3.988766758606716145e+00,3.959920570373535043e+01,1.425006103515625011e-01,2.639999999999999680e+00,0.000000000000000000e+00
3.988785761139675312e+00,3.969421836853027230e+01,1.425006103515625011e-01,2.639999999999999680e+00,3.200000000000000000e+05
3.997898164250699882e+00,3.951085350036620980e+01,1.064750120162963931e+01,2.639999999999999680e+00,0.000000000000000000e+00
3.997917166783659049e+00,3.960586616516113168e+01,1.064750120162963931e+01,2.639999999999999680e+00,3.200000000000000000e+05
4.007029569894683618e+00,3.978923103332519418e+01,1.425006103515625011e-01,2.639999999999999680e+00,0.000000000000000000e+00
4.007048573190582275e+00,3.988424751281738168e+01,1.425006103515625011e-01,2.639999999999999680e+00,3.200000000000000000e+05
4.016160976301606844e+00,3.970088264465331918e+01,1.064750120162963931e+01,2.639999999999999680e+00,0.000000000000000000e+00
4.016179978834565567e+00,3.979589530944824105e+01,1.064750120162963931e+01,2.639999999999999680e+00,3.200000000000000000e+05
4.025292381945590137e+00,3.997926017761230355e+01,1.425006103515625011e-01,2.639999999999999680e+00,0.000000000000000000e+00
4.025311385241488793e+00,4.007427665710449105e+01,1.425006103515625011e-01,2.639999999999999680e+00,3.200000000000000000e+05
4.034423788352513363e+00,3.989091178894042855e+01,1.064750120162963931e+01,2.639999999999999680e+00,0.000000000000000000e+00
4.034442790885472085e+00,3.998592445373535043e+01,1.064750120162963931e+01,2.639999999999999680e+00,3.200000000000000000e+05
4.043555193996496655e+00,4.016928932189941293e+01,1.425006103515625011e-01,2.639999999999999680e+00,0.000000000000000000e+00
4.043574197292395311e+00,4.026430580139160043e+01,1.425006103515625011e-01,2.639999999999999680e+00,3.200000000000000000e+05
4.052686600403419881e+00,4.008094093322753793e+01,1.064750120162963931e+01,2.639999999999999680e+00,0.000000000000000000e+00
4.052705602936378604e+00,4.017595359802245980e+01,1.064750120162963931e+01,2.639999999999999680e+00,3.200000000000000000e+05
4.061818006047403173e+00,4.035931846618652230e+01,1.425006103515625011e-01,2.639999999999999680e+00,0.000000000000000000e+00
4.061837009343301830e+00,4.045433494567870980e+01,1.425006103515625011e-01,2.639999999999999680e+00,3.200000000000000000e+05
4.070949412454326399e+00,4.027097007751464730e+01,1.064750120162963931e+01,2.639999999999999680e+00,0.000000000000000000e+00
4.070968414987285122e+00,4.036598274230956918e+01,1.064750120162963931e+01,2.639999999999999680e+00,3.200000000000000000e+05
4.080080818098309692e+00,4.054934761047363168e+01,1.425006103515625011e-01,2.639999999999999680e+00,0.000000000000000000e+00
4.080099821394208348e+00,4.064436408996581918e+01,1.425006103515625011e-01,2.639999999999999680e+00,3.200000000000000000e+05
4.089212224505232918e+00,4.046099922180175668e+01,1.064750120162963931e+01,2.639999999999999680e+00,0.000000000000000000e+00
4.089231227038191641e+00,4.055601188659667855e+01,1.064750120162963931e+01,2.639999999999999680e+00,3.200000000000000000e+05
4.098343630149216210e+00,4.073937675476074105e+01,1.425006103515625011e-01,2.639999999999999680e+00,0.000000000000000000e+00
4.098362633445114867e+00,4.083439323425292855e+01,1.425006103515625011e-01,2.639999999999999680e+00,3.200000000000000000e+05
4.107475036556139436e+00,4.065102836608886605e+01,1.064750120162963931e+01,2.639999999999999680e+00,0.000000000000000000e+00
4.107494039089098159e+00,4.074604103088378793e+01,1.064750120162963931e+01,2.639999999999999680e+00,3.200000000000000000e+05
4.116606442200122729e+00,4.092940589904785043e+01,1.425006103515625011e-01,2.639999999999999680e+00,0.000000000000000000e+00
4.116625445496021385e+00,4.102442237854003793e+01,1.425006103515625011e-01,2.639999999999999680e+00,3.200000000000000000e+05
4.125737848664787322e+00,4.084105369567870980e+01,1.064750120162963931e+01,2.639999999999999680e+00,0.000000000000000000e+00
4.125756851960685978e+00,4.093607017517089730e+01,1.064750120162963931e+01,2.639999999999999680e+00,3.200000000000000000e+05
4.134869255071710548e+00,4.111943504333495980e+01,1.425006103515625011e-01,2.639999999999999680e+00,0.000000000000000000e+00
4.134888258367609204e+00,4.121445152282714730e+01,1.425006103515625011e-01,2.639999999999999680e+00,3.200000000000000000e+05
4.144000661536375141e+00,4.103108283996581918e+01,1.064750120162963931e+01,2.639999999999999680e+00,0.000000000000000000e+00
4.144019664832273797e+00,4.112609931945800668e+01,1.064750120162963931e+01,2.639999999999999680e+00,3.200000000000000000e+05
4.153132067943298367e+00,4.130946418762206918e+01,1.425006103515625011e-01,2.639999999999999680e+00,0.000000000000000000e+00
4.153151071239197023e+00,4.140448066711425668e+01,1.425006103515625011e-01,2.639999999999999680e+00,3.200000000000000000e+05
4.162263474407962960e+00,4.122111198425292855e+01,1.064750120162963931e+01,2.639999999999999680e+00,0.000000000000000000e+00
4.162282477703861616e+00,4.131612846374511605e+01,1.064750120162963931e+01,2.639999999999999680e+00,3.200000000000000000e+05
4.171394880814886186e+00,4.149949333190917855e+01,1.425006103515625011e-01,2.639999999999999680e+00,0.000000000000000000e+00
4.171413883347844909e+00,4.159450599670410043e+01,1.425006103515625011e-01,2.639999999999999680e+00,3.200000000000000000e+05
4.180526286458869478e+00,4.141114112854003793e+01,1.064750120162963931e+01,2.639999999999999680e+00,0.000000000000000000e+00
4.180545289754768135e+00,4.150615760803222543e+01,1.064750120162963931e+01,2.639999999999999680e+00,3.200000000000000000e+05
4.189657692865792704e+00,4.168952247619628793e+01,1.425006103515625011e-01,2.639999999999999680e+00,0.000000000000000000e+00
4.189676695398751427e+00,4.178453514099120980e+01,1.425006103515625011e-01,2.639999999999999680e+00,3.200000000000000000e+05
4.198789098509775997e+00,4.160117027282714730e+01,1.064750120162963931e+01,2.639999999999999680e+00,0.000000000000000000e+00
4.198808101805674653e+00,4.169618675231933480e+01,1.064750120162963931e+01,2.639999999999999680e+00,3.200000000000000000e+05
4.207920504916699223e+00,4.187955162048339730e+01,1.425006103515625011e-01,2.639999999999999680e+00,0.000000000000000000e+00
4.207939507449657945e+00,4.197456428527831918e+01,1.425006103515625011e-01,2.639999999999999680e+00,3.200000000000000000e+05
4.217051910560682515e+00,4.179119941711425668e+01,1.064750120162963931e+01,2.639999999999999680e+00,0.000000000000000000e+00
4.217070913856581171e+00,4.188621589660644418e+01,1.064750120162963931e+01,2.639999999999999680e+00,3.200000000000000000e+05
4.226183316967605741e+00,4.206958076477050668e+01,1.425006103515625011e-01,2.639999999999999680e+00,0.000000000000000000e+00
4.226202319500564464e+00,4.216459342956542855e+01,1.425006103515625011e-01,2.639999999999999680e+00,3.200000000000000000e+05
4.235314722611589033e+00,4.198122856140136605e+01,1.064750120162963931e+01,2.639999999999999680e+00,0.000000000000000000e+00
4.235333725907487690e+00,4.207624504089355355e+01,1.064750120162963931e+01,2.639999999999999680e+00,3.200000000000000000e+05
4.244446129018512259e+00,4.225960990905761605e+01,1.425006103515625011e-01,2.639999999999999680e+00,0.000000000000000000e+00
4.244465131551470982e+00,4.235462257385253793e+01,1.425006103515625011e-01,2.639999999999999680e+00,3.200000000000000000e+05
4.253577534662495552e+00,4.217125770568847543e+01,1.064750120162963931e+01,2.639999999999999680e+00,0.000000000000000000e+00
4.253596537958394208e+00,4.226627418518066293e+01,1.064750120162963931e+01,2.639999999999999680e+00,3.200000000000000000e+05
4.262708941069418778e+00,4.244963905334472543e+01,1.425006103515625011e-01,2.639999999999999680e+00,0.000000000000000000e+00
4.262727943602377501e+00,4.254465171813964730e+01,1.425006103515625011e-01,2.639999999999999680e+00,3.200000000000000000e+05
4.271840346713402070e+00,4.236128684997558480e+01,1.064750120162963931e+01,2.639999999999999680e+00,0.000000000000000000e+00
4.271859350009300726e+00,4.245630332946777230e+01,1.064750120162963931e+01,2.639999999999999680e+00,3.200000000000000000e+05
4.280971753120325296e+00,4.263966819763183480e+01,1.425006103515625011e-01,2.639999999999999680e+00,0.000000000000000000e+00
4.280990755653284019e+00,4.273468086242675668e+01,1.425006103515625011e-01,2.639999999999999680e+00,3.200000000000000000e+05
4.290103158764308589e+00,4.255131599426269418e+01,1.064750120162963931e+01,2.639999999999999680e+00,0.000000000000000000e+00
4.290122161297267311e+00,4.264632865905761605e+01,1.064750120162963931e+01,2.639999999999999680e+00,3.200000000000000000e+05
4.299234564466033248e+00,4.282969734191894418e+01,1.425006103515625011e-01,2.639999999999999680e+00,0.000000000000000000e+00
4.299253566998991971e+00,4.292471000671386605e+01,1.425006103515625011e-01,2.639999999999999680e+00,3.200000000000000000e+05
4.308365970110016541e+00,4.274134513854980355e+01,1.064750120162963931e+01,2.639999999999999680e+00,0.000000000000000000e+00
4.308384972642975264e+00,4.283635780334472543e+01,1.064750120162963931e+01,2.639999999999999680e+00,3.200000000000000000e+05
4.317497375811741200e+00,4.301972648620605355e+01,1.425006103515625011e-01,2.639999999999999680e+00,0.000000000000000000e+00
4.317516378344699923e+00,4.311473915100097543e+01,1.425006103515625011e-01,2.639999999999999680e+00,3.200000000000000000e+05
4.326628781455724493e+00,4.293137428283691293e+01,1.064750120162963931e+01,2.639999999999999680e+00,0.000000000000000000e+00
4.326647783988683216e+00,4.302638694763183480e+01,1.064750120162963931e+01,2.639999999999999680e+00,3.200000000000000000e+05
4.335760187157449153e+00,4.320975563049316293e+01,1.425006103515625011e-01,2.639999999999999680e+00,0.000000000000000000e+00
4.335779189690407875e+00,4.330476829528808480e+01,1.425006103515625011e-01,2.639999999999999680e+00,3.200000000000000000e+05
4.344891592801432445e+00,4.312140342712402230e+01,1.064750120162963931e+01,2.639999999999999680e+00,0.000000000000000000e+00
4.344910595334391168e+00,4.321641609191894418e+01,1.064750120162963931e+01,2.639999999999999680e+00,3.200000000000000000e+05
4.354022998445415737e+00,4.339978096008300668e+01,1.425006103515625011e-01,2.639999999999999680e+00,0.000000000000000000e+00
4.354042001741314394e+00,4.349479743957519418e+01,1.425006103515625011e-01,2.639999999999999680e+00,3.200000000000000000e+05
4.363154404852338963e+00,4.331143257141113168e+01,1.064750120162963931e+01,2.639999999999999680e+00,0.000000000000000000e+00
4.363173407385297686e+00,4.340644523620605355e+01,1.064750120162963931e+01,2.639999999999999680e+00,3.200000000000000000e+05
4.372285810496322256e+00,4.358981010437011605e+01,1.425006103515625011e-01,2.639999999999999680e+00,0.000000000000000000e+00
4.372304813792220912e+00,4.368482658386230355e+01,1.425006103515625011e-01,2.639999999999999680e+00,3.200000000000000000e+05
4.381417216903245482e+00,4.350146171569824105e+01,1.064750120162963931e+01,2.639999999999999680e+00,0.000000000000000000e+00
4.381436219436204205e+00,4.359647438049316293e+01,1.064750120162963931e+01,2.639999999999999680e+00,3.200000000000000000e+05
4.390548622547228774e+00,4.377983924865722543e+01,1.425006103515625011e-01,2.639999999999999680e+00,0.000000000000000000e+00
4.390567625843127431e+00,4.387485572814941293e+01,1.425006103515625011e-01,2.639999999999999680e+00,3.200000000000000000e+05
4.399680028954152000e+00,4.369149085998535043e+01,1.064750120162963931e+01,2.639999999999999680e+00,0.000000000000000000e+00
4.399699031487110723e+00,4.378650352478027230e+01,1.064750120162963931e+01,2.639999999999999680e+00,3.200000000000000000e+05
4.408811434598135293e+00,4.396986839294433480e+01,1.425006103515625011e-01,2.639999999999999680e+00,0.000000000000000000e+00
4.408830437894033949e+00,4.406488487243652230e+01,1.425006103515625011e-01,2.639999999999999680e+00,3.200000000000000000e+05
4.417942841005058519e+00,4.388152000427245980e+01,1.064750120162963931e+01,2.639999999999999680e+00,0.000000000000000000e+00
4.417961843538017241e+00,4.397653266906738168e+01,1.064750120162963931e+01,2.639999999999999680e+00,3.200000000000000000e+05
4.427074246649041811e+00,4.415989753723144418e+01,1.425006103515625011e-01,2.639999999999999680e+00,0.000000000000000000e+00
4.427093249944940467e+00,4.425491401672363168e+01,1.425006103515625011e-01,2.639999999999999680e+00,3.200000000000000000e+05
4.436205653055965037e+00,4.407154914855956918e+01,1.064750120162963931e+01,2.639999999999999680e+00,0.000000000000000000e+00
4.436224655588923760e+00,4.416656181335449105e+01,1.064750120162963931e+01,2.639999999999999680e+00,3.200000000000000000e+05
4.445337058699948329e+00,4.434992668151855355e+01,1.425006103515625011e-01,2.639999999999999680e+00,0.000000000000000000e+00
4.445356061995846986e+00,4.444494316101074105e+01,1.425006103515625011e-01,2.639999999999999680e+00,3.200000000000000000e+05
4.454468465106871555e+00,4.426157829284667855e+01,1.064750120162963931e+01,2.639999999999999680e+00,0.000000000000000000e+00
4.454487467639830278e+00,4.435659095764160043e+01,1.064750120162963931e+01,2.639999999999999680e+00,3.200000000000000000e+05
4.463599870750854848e+00,4.453995582580566293e+01,1.425006103515625011e-01,2.639999999999999680e+00,0.000000000000000000e+00
4.463618874046753504e+00,4.463497230529785043e+01,1.425006103515625011e-01,2.639999999999999680e+00,3.200000000000000000e+05
4.472731277215519441e+00,4.445160362243652230e+01,1.064750120162963931e+01,2.639999999999999680e+00,0.000000000000000000e+00
4.472750280511418097e+00,4.454662010192870980e+01,1.064750120162963931e+01,2.639999999999999680e+00,3.200000000000000000e+05
4.481862683622442667e+00,4.472998497009277230e+01,1.425006103515625011e-01,2.639999999999999680e+00,0.000000000000000000e+00
4.481881686918341323e+00,4.482500144958495980e+01,1.425006103515625011e-01,2.639999999999999680e+00,3.200000000000000000e+05
4.490994090087107260e+00,4.464163276672363168e+01,1.064750120162963931e+01,2.639999999999999680e+00,0.000000000000000000e+00
4.491013093383005916e+00,4.473664924621581918e+01,1.064750120162963931e+01,2.639999999999999680e+00,3.200000000000000000e+05
4.496521854430230114e+00,4.484750053405761605e+01,4.296867103576659908e+00,2.639999999999999680e+00,0.000000000000000000e+00
4.497610529738457430e+00,4.484750053405761605e+01,9.740243644714356108e+00,2.639999999999999680e+00,3.200000000000000000e+05
4.498397516554835995e+00,4.483166191101074105e+01,1.064750120162963931e+01,2.639999999999999680e+00,0.000000000000000000e+00
4.537156547958138830e+00,1.424987030029296886e-01,1.064750120162963931e+01,2.639999999999999680e+00,3.200000000000000000e+05
4.546267563215101504e+00,1.424987030029296886e-01,1.425006103515625011e-01,2.639999999999999680e+00,3.200000000000000000e+05
4.585040331498756672e+00,4.484750053405761605e+01,1.425006103515625011e-01,2.639999999999999680e+00,3.200000000000000000e+05
4.594151346755719345e+00,4.484750053405761605e+01,1.064750120162963931e+01,2.639999999999999680e+00,3.200000000000000000e+05
4.603092347121930494e+00,1.424987030029296886e-01,1.064750120162963931e+01,2.639999999999999680e+00,0.000000000000000000e+00
4.641906333021567299e+00,4.489499923706054574e+01,1.069500133514404361e+01,2.639999999999999680e+00,3.200000000000000000e+05
4.651099742679107862e+00,4.489499923706054574e+01,9.500000000000000111e-02,2.639999999999999680e+00,3.200000000000000000e+05
4.689954902468405962e+00,9.500000000000000111e-02,9.500000000000000111e-02,2.639999999999999680e+00,3.200000000000000000e+05
4.699148312125946525e+00,9.500000000000000111e-02,1.069500133514404361e+01,2.639999999999999680e+00,3.200000000000000000e+05
4.708108311973358440e+00,4.489499923706054574e+01,1.069500133514404361e+01,2.639999999999999680e+00,0.000000000000000000e+00
