2.000000000000000111e-01,1.795413208007812511e-01,1.424987030029296886e-01,5.879999999999999893e+00,0.000000000000000000e+00
2.000986776696220826e-01,1.424987030029296886e-01,2.500750732421874734e-01,5.879999999999999893e+00,0.000000000000000000e+00
2.001570371972099804e-01,1.424987030029296886e-01,5.418727111816405984e-01,5.879999999999999893e+00,3.200000000000000000e+05
2.005233740408762788e-01,2.800147247314452859e-01,1.424987030029296886e-01,5.879999999999999893e+00,0.000000000000000000e+00
2.005434687216623990e-01,3.804881286621093484e-01,1.424987030029296886e-01,5.879999999999999893e+00,3.200000000000000000e+05
2.011774647393765880e-01,1.424987030029296886e-01,8.336703491210937234e-01,5.879999999999999893e+00,0.000000000000000000e+00
2.012358242669644859e-01,1.424987030029296886e-01,1.125467987060546848e+00,5.879999999999999893e+00,3.200000000000000000e+05
2.021374799972980585e-01,4.809634399414062234e-01,1.424987030029296886e-01,5.879999999999999893e+00,0.000000000000000000e+00
2.021575746780841787e-01,5.814368438720702859e-01,1.424987030029296886e-01,5.879999999999999893e+00,3.200000000000000000e+05
2.033268895824654199e-01,1.424987030029296886e-01,1.417265624999999973e+00,5.879999999999999893e+00,0.000000000000000000e+00
2.033852491100533177e-01,1.424987030029296886e-01,1.709063262939453098e+00,5.879999999999999893e+00,3.200000000000000000e+05
2.048222231884825606e-01,6.819102478027343484e-01,1.424987030029296886e-01,5.879999999999999893e+00,0.000000000000000000e+00
2.048423182507384255e-01,7.823855590820312234e-01,1.424987030029296886e-01,5.879999999999999893e+00,3.200000000000000000e+05
2.065469520417868576e-01,1.424987030029296886e-01,2.000860900878906445e+00,5.879999999999999893e+00,0.000000000000000000e+00
2.066053115693747555e-01,1.424987030029296886e-01,2.292658538818359570e+00,5.879999999999999893e+00,3.200000000000000000e+05
2.085776045344710228e-01,8.828589630126952859e-01,1.424987030029296886e-01,5.879999999999999893e+00,0.000000000000000000e+00
2.085976992152571430e-01,9.833323669433593484e-01,1.424987030029296886e-01,5.879999999999999893e+00,3.200000000000000000e+05
2.108376513544014397e-01,1.424987030029296886e-01,2.584456176757812695e+00,5.879999999999999893e+00,0.000000000000000000e+00
2.108960108819893375e-01,1.424987030029296886e-01,2.876253814697265820e+00,5.879999999999999893e+00,3.200000000000000000e+05
2.134036227337527680e-01,1.083807678222656223e+00,1.424987030029296886e-01,5.879999999999999893e+00,0.000000000000000000e+00
2.134237174145388882e-01,1.184281082153320286e+00,1.424987030029296886e-01,5.879999999999999893e+00,3.200000000000000000e+05
2.161989884403502094e-01,1.424987030029296886e-01,3.168051452636718945e+00,5.879999999999999893e+00,0.000000000000000000e+00
2.162573479679381072e-01,1.424987030029296886e-01,3.459849090576172070e+00,5.879999999999999893e+00,3.200000000000000000e+05
2.193002781677974578e-01,1.284754486083984348e+00,1.424987030029296886e-01,5.879999999999999893e+00,0.000000000000000000e+00
2.193203728485835780e-01,1.385227890014648411e+00,1.424987030029296886e-01,5.879999999999999893e+00,3.200000000000000000e+05
2.226309622224910412e-01,1.424987030029296886e-01,3.751646728515625195e+00,5.879999999999999893e+00,0.000000000000000000e+00
2.226893217500789390e-01,1.424987030029296886e-01,4.043444366455077876e+00,5.879999999999999893e+00,3.200000000000000000e+05
2.262675708366053140e-01,1.485703201293945286e+00,1.424987030029296886e-01,5.879999999999999893e+00,0.000000000000000000e+00
2.262876655173914342e-01,1.586176605224609348e+00,1.424987030029296886e-01,5.879999999999999893e+00,3.200000000000000000e+05
2.301335737779658386e-01,1.424987030029296886e-01,4.335242004394531001e+00,5.879999999999999893e+00,0.000000000000000000e+00
2.301919333055537364e-01,1.424987030029296886e-01,4.627039642333984126e+00,5.879999999999999893e+00,3.200000000000000000e+05
2.343055007401762535e-01,1.686650009155273411e+00,1.424987030029296886e-01,5.879999999999999893e+00,0.000000000000000000e+00
2.343255958024321184e-01,1.787125320434570286e+00,1.424987030029296886e-01,5.879999999999999893e+00,3.200000000000000000e+05
2.387068229496735472e-01,1.424987030029296886e-01,4.918837280273437251e+00,5.879999999999999893e+00,0.000000000000000000e+00
2.387651824772614451e-01,1.424987030029296886e-01,5.210634918212890376e+00,5.879999999999999893e+00,3.200000000000000000e+05
2.434140687985509033e-01,1.887598724365234348e+00,1.424987030029296886e-01,5.879999999999999893e+00,0.000000000000000000e+00
2.434341634793370235e-01,1.988072128295898411e+00,1.424987030029296886e-01,5.879999999999999893e+00,3.200000000000000000e+05
2.483507081926132065e-01,1.424987030029296886e-01,5.502431602478027095e+00,5.879999999999999893e+00,0.000000000000000000e+00
2.484090677202011044e-01,1.424987030029296886e-01,5.794229240417480220e+00,5.879999999999999893e+00,3.200000000000000000e+05
2.535932716075253723e-01,2.088545532226562695e+00,1.424987030029296886e-01,5.879999999999999893e+00,0.000000000000000000e+00
2.536133666697812372e-01,2.189020843505859570e+00,1.424987030029296886e-01,5.879999999999999893e+00,3.200000000000000000e+05
2.590652302697244447e-01,1.424987030029296886e-01,6.086026878356933345e+00,5.879999999999999893e+00,0.000000000000000000e+00
2.591235897973123148e-01,1.424987030029296886e-01,6.377824516296386470e+00,5.879999999999999893e+00,3.200000000000000000e+05
2.648431125713035517e-01,2.289494247436523633e+00,1.424987030029296886e-01,5.879999999999999893e+00,0.000000000000000000e+00
2.648632072520896719e-01,2.389967651367187695e+00,1.424987030029296886e-01,5.879999999999999893e+00,3.200000000000000000e+05
2.708503892001289937e-01,1.424987030029296886e-01,6.669622154235839595e+00,5.879999999999999893e+00,0.000000000000000000e+00
2.709087487277168638e-01,1.424987030029296886e-01,6.961419792175292720e+00,5.879999999999999893e+00,3.200000000000000000e+05
2.771635903883751251e-01,2.490442962646484570e+00,1.424987030029296886e-01,5.879999999999999893e+00,0.000000000000000000e+00
2.771836850691612453e-01,2.590916366577148633e+00,1.424987030029296886e-01,5.879999999999999893e+00,3.200000000000000000e+05
2.837061859038675360e-01,1.424987030029296886e-01,7.253217430114745845e+00,5.879999999999999893e+00,0.000000000000000000e+00
2.837645454314554061e-01,1.424987030029296886e-01,7.545015068054198970e+00,5.879999999999999893e+00,3.200000000000000000e+05
2.905547054402097817e-01,2.691389770507812695e+00,1.424987030029296886e-01,5.879999999999999893e+00,0.000000000000000000e+00
2.905748001209959019e-01,2.791863174438476758e+00,1.424987030029296886e-01,5.879999999999999893e+00,3.200000000000000000e+05
2.976326193037984180e-01,1.424987030029296886e-01,7.836812705993652095e+00,5.879999999999999893e+00,0.000000000000000000e+00
2.976909788313862881e-01,1.424987030029296886e-01,8.128610343933106108e+00,5.879999999999999893e+00,3.200000000000000000e+05
3.050164577268076327e-01,2.892338485717773633e+00,1.424987030029296886e-01,5.879999999999999893e+00,0.000000000000000000e+00
3.050365524075937529e-01,2.992811889648437695e+00,1.424987030029296886e-01,5.879999999999999893e+00,3.200000000000000000e+05
3.126296904770631824e-01,1.424987030029296886e-01,8.420407981872559233e+00,5.879999999999999893e+00,0.000000000000000000e+00
3.126880500046510525e-01,1.424987030029296886e-01,8.712205619812012358e+00,5.879999999999999893e+00,3.200000000000000000e+05
3.205488472481686224e-01,3.093285293579101758e+00,1.424987030029296886e-01,5.879999999999999893e+00,0.000000000000000000e+00
3.205689423104244873e-01,3.193760604858398633e+00,1.424987030029296886e-01,5.879999999999999893e+00,3.200000000000000000e+05
3.286973992665608857e-01,1.424987030029296886e-01,9.004003257751465483e+00,5.879999999999999893e+00,0.000000000000000000e+00
3.287557587941487558e-01,1.424987030029296886e-01,9.295800895690918608e+00,5.879999999999999893e+00,3.200000000000000000e+05
3.371518749243332391e-01,3.294234008789062695e+00,1.424987030029296886e-01,5.879999999999999893e+00,0.000000000000000000e+00
3.371719696051193593e-01,3.394707412719726758e+00,1.424987030029296886e-01,5.879999999999999893e+00,3.200000000000000000e+05
3.458357449093519831e-01,1.424987030029296886e-01,9.587598533630371733e+00,5.879999999999999893e+00,0.000000000000000000e+00
3.458941044369398532e-01,1.424987030029296886e-01,9.879396171569824858e+00,5.879999999999999893e+00,3.200000000000000000e+05
3.548255394537913054e-01,3.495182723999023633e+00,1.424987030029296886e-01,5.879999999999999893e+00,0.000000000000000000e+00
3.548456341345774256e-01,3.595656127929687695e+00,1.424987030029296886e-01,5.879999999999999893e+00,3.200000000000000000e+05
3.640447279344463105e-01,1.424987030029296886e-01,1.017119333267211978e+01,5.879999999999999893e+00,0.000000000000000000e+00
3.641030874620341806e-01,1.424987030029296886e-01,1.046299097061157291e+01,5.879999999999999893e+00,3.200000000000000000e+05
3.735698404359511504e-01,3.696129531860351758e+00,1.424987030029296886e-01,5.879999999999999893e+00,0.000000000000000000e+00
3.735899351167372706e-01,3.796602935791015820e+00,1.424987030029296886e-01,5.879999999999999893e+00,3.200000000000000000e+05
3.832259330012369181e-01,1.794421386718750011e-01,1.064749929428100650e+01,5.879999999999999893e+00,0.000000000000000000e+00
3.832460276820230383e-01,2.799155426025390359e-01,1.064749929428100650e+01,5.879999999999999893e+00,3.200000000000000000e+05
3.928820261050933738e-01,3.897078247070312695e+00,1.424987030029296886e-01,5.879999999999999893e+00,0.000000000000000000e+00
3.929021207858794940e-01,3.997551651000976758e+00,1.424987030029296886e-01,5.879999999999999893e+00,3.200000000000000000e+05
4.025381186703791414e-01,3.803908538818359109e-01,1.064749929428100650e+01,5.879999999999999893e+00,0.000000000000000000e+00
4.025582133511652616e-01,4.808642578124999734e-01,1.064749929428100650e+01,5.879999999999999893e+00,3.200000000000000000e+05
4.121942112356649091e-01,4.098025054931640376e+00,1.424987030029296886e-01,5.879999999999999893e+00,0.000000000000000000e+00
4.122143062979207739e-01,4.198500366210937251e+00,1.424987030029296886e-01,5.879999999999999893e+00,3.200000000000000000e+05
4.218503047209911094e-01,5.813376617431640359e-01,1.064749929428100650e+01,5.879999999999999893e+00,0.000000000000000000e+00
4.218703997832469743e-01,6.818129730224609109e-01,1.064749929428100650e+01,5.879999999999999893e+00,3.200000000000000000e+05
4.315063976677466218e-01,4.298973770141601314e+00,1.424987030029296886e-01,5.879999999999999893e+00,0.000000000000000000e+00
4.315264923485327420e-01,4.399447174072265376e+00,1.424987030029296886e-01,5.879999999999999893e+00,3.200000000000000000e+05
4.411624902330323894e-01,7.822863769531249734e-01,1.064749929428100650e+01,5.879999999999999893e+00,0.000000000000000000e+00
4.411825849138185096e-01,8.827597808837890359e-01,1.064749929428100650e+01,5.879999999999999893e+00,3.200000000000000000e+05
4.508185833368888451e-01,4.499922485351562251e+00,1.424987030029296886e-01,5.879999999999999893e+00,0.000000000000000000e+00
4.508386780176749653e-01,4.600395889282226314e+00,1.424987030029296886e-01,5.879999999999999893e+00,3.200000000000000000e+05
4.604746764407453008e-01,9.832331848144530984e-01,1.064749929428100650e+01,5.879999999999999893e+00,0.000000000000000000e+00
4.604947715030011657e-01,1.083708496093749973e+00,1.064749929428100650e+01,5.879999999999999893e+00,3.200000000000000000e+05
4.701307693875008131e-01,4.700869293212890376e+00,1.424987030029296886e-01,5.879999999999999893e+00,0.000000000000000000e+00
4.701508640682869333e-01,4.801342697143554439e+00,1.424987030029296886e-01,5.879999999999999893e+00,3.200000000000000000e+05
4.797868619527865808e-01,1.184181900024414036e+00,1.064749929428100650e+01,5.879999999999999893e+00,0.000000000000000000e+00
4.798069566335727010e-01,1.284655303955078098e+00,1.064749929428100650e+01,5.879999999999999893e+00,3.200000000000000000e+05
4.894429550566430365e-01,4.901818008422851314e+00,1.424987030029296886e-01,5.879999999999999893e+00,0.000000000000000000e+00
4.894630497374291567e-01,5.002291412353515376e+00,1.424987030029296886e-01,5.879999999999999893e+00,3.200000000000000000e+05
4.990990476219288041e-01,1.385130615234374973e+00,1.064749929428100650e+01,5.879999999999999893e+00,0.000000000000000000e+00
4.991191423027149243e-01,1.485604019165039036e+00,1.064749929428100650e+01,5.879999999999999893e+00,3.200000000000000000e+05
5.087551401872145718e-01,5.102764816284179439e+00,1.424987030029296886e-01,5.879999999999999893e+00,0.000000000000000000e+00
5.087752352494704366e-01,5.203240127563476314e+00,1.424987030029296886e-01,5.879999999999999893e+00,3.200000000000000000e+05
5.184112336725407166e-01,1.586077423095703098e+00,1.064749929428100650e+01,5.879999999999999893e+00,0.000000000000000000e+00
5.184313283533268368e-01,1.686550827026367161e+00,1.064749929428100650e+01,5.879999999999999893e+00,3.200000000000000000e+05
5.280673267763971168e-01,5.303713531494140376e+00,1.424987030029296886e-01,5.879999999999999893e+00,0.000000000000000000e+00
5.280874214571832370e-01,5.404186935424804439e+00,1.424987030029296886e-01,5.879999999999999893e+00,3.200000000000000000e+05
5.377234193416828845e-01,1.787026138305664036e+00,1.064749929428100650e+01,5.879999999999999893e+00,0.000000000000000000e+00
5.377435140224690047e-01,1.887499542236328098e+00,1.064749929428100650e+01,5.879999999999999893e+00,3.200000000000000000e+05
5.473795119069686521e-01,5.504660339355468501e+00,1.424987030029296886e-01,5.879999999999999893e+00,0.000000000000000000e+00
5.473996069692245170e-01,5.605135650634765376e+00,1.424987030029296886e-01,5.879999999999999893e+00,3.200000000000000000e+05
5.570356053922947970e-01,1.987972946166992161e+00,1.064749929428100650e+01,5.879999999999999893e+00,0.000000000000000000e+00
5.570557004545506619e-01,2.088448257446289258e+00,1.064749929428100650e+01,5.879999999999999893e+00,3.200000000000000000e+05
5.666916983390503093e-01,5.705609054565429439e+00,1.424987030029296886e-01,5.879999999999999893e+00,0.000000000000000000e+00
5.667117930198364295e-01,5.806082458496093501e+00,1.424987030029296886e-01,5.879999999999999893e+00,3.200000000000000000e+05
5.763477909043360770e-01,2.188921661376953320e+00,1.064749929428100650e+01,5.879999999999999893e+00,0.000000000000000000e+00
5.763678855851221972e-01,2.289395065307617383e+00,1.064749929428100650e+01,5.879999999999999893e+00,3.200000000000000000e+05
5.860038840081924771e-01,5.906557769775390376e+00,1.424987030029296886e-01,5.879999999999999893e+00,0.000000000000000000e+00
5.860239786889785973e-01,6.007031173706054439e+00,1.424987030029296886e-01,5.879999999999999893e+00,3.200000000000000000e+05
5.956599771120488773e-01,2.389868469238281445e+00,1.064749929428100650e+01,5.879999999999999893e+00,0.000000000000000000e+00
5.956800721743047422e-01,2.490343780517578320e+00,1.064749929428100650e+01,5.879999999999999893e+00,3.200000000000000000e+05
6.053160700588043897e-01,6.107504577636718501e+00,1.424987030029296886e-01,5.879999999999999893e+00,0.000000000000000000e+00
6.053361651210602545e-01,6.207979888916015376e+00,1.424987030029296886e-01,5.879999999999999893e+00,3.200000000000000000e+05
6.149721635441305345e-01,2.590817184448242383e+00,1.064749929428100650e+01,5.879999999999999893e+00,0.000000000000000000e+00
6.149922582249166547e-01,2.691290588378906445e+00,1.064749929428100650e+01,5.879999999999999893e+00,3.200000000000000000e+05
6.246282566479869347e-01,6.308453292846679439e+00,1.424987030029296886e-01,5.879999999999999893e+00,0.000000000000000000e+00
6.246483513287730549e-01,6.408926696777343501e+00,1.424987030029296886e-01,5.879999999999999893e+00,3.200000000000000000e+05
6.342843492132727024e-01,2.791765899658203320e+00,1.064749929428100650e+01,5.879999999999999893e+00,0.000000000000000000e+00
6.343044438940588226e-01,2.892239303588867383e+00,1.064749929428100650e+01,5.879999999999999893e+00,3.200000000000000000e+05
6.439404420478438418e-01,6.509401054382323970e+00,1.424987030029296886e-01,5.879999999999999893e+00,0.000000000000000000e+00
6.439605367286299620e-01,6.609874458312988033e+00,1.424987030029296886e-01,5.879999999999999893e+00,3.200000000000000000e+05
6.535965348824149812e-01,2.992712707519531445e+00,1.064749929428100650e+01,5.879999999999999893e+00,0.000000000000000000e+00
6.536166299446708461e-01,3.093188018798828320e+00,1.064749929428100650e+01,5.879999999999999893e+00,3.200000000000000000e+05
6.632526278291704935e-01,6.710348815917968501e+00,1.424987030029296886e-01,5.879999999999999893e+00,0.000000000000000000e+00
6.632727227006914861e-01,6.810823173522948970e+00,1.424987030029296886e-01,5.879999999999999893e+00,3.200000000000000000e+05
6.729087208544765053e-01,3.193661422729492383e+00,1.064749929428100650e+01,5.879999999999999893e+00,0.000000000000000000e+00
6.729288155352626255e-01,3.294134826660156445e+00,1.064749929428100650e+01,5.879999999999999893e+00,3.200000000000000000e+05
6.825648136890476447e-01,6.911296577453613033e+00,1.424987030029296886e-01,5.879999999999999893e+00,0.000000000000000000e+00
6.825849085605686373e-01,7.011770935058593501e+00,1.424987030029296886e-01,5.879999999999999893e+00,3.200000000000000000e+05
6.922209069836389173e-01,3.394608230590820508e+00,1.064749929428100650e+01,5.879999999999999893e+00,0.000000000000000000e+00
6.922410020458947821e-01,3.495083541870117383e+00,1.064749929428100650e+01,5.879999999999999893e+00,3.200000000000000000e+05
7.018769999303944296e-01,7.112244338989257564e+00,1.424987030029296886e-01,5.879999999999999893e+00,0.000000000000000000e+00
7.018970948019154221e-01,7.212718696594238033e+00,1.424987030029296886e-01,5.879999999999999893e+00,3.200000000000000000e+05
7.115330929557004414e-01,3.595556945800781445e+00,1.064749929428100650e+01,5.879999999999999893e+00,0.000000000000000000e+00
7.115531876364865616e-01,3.696030349731445508e+00,1.064749929428100650e+01,5.879999999999999893e+00,3.200000000000000000e+05
7.211891857902715808e-01,7.313192100524902095e+00,1.424987030029296886e-01,5.879999999999999893e+00,0.000000000000000000e+00
7.212092806617925733e-01,7.413666458129882564e+00,1.424987030029296886e-01,5.879999999999999893e+00,3.200000000000000000e+05
7.308452785462922208e-01,3.796505661010742383e+00,1.064749929428100650e+01,5.879999999999999893e+00,0.000000000000000000e+00
7.308653732270783410e-01,3.896979064941406445e+00,1.064749929428100650e+01,5.879999999999999893e+00,3.200000000000000000e+05
7.405013713808633602e-01,7.514140815734863033e+00,1.424987030029296886e-01,5.879999999999999893e+00,0.000000000000000000e+00
7.405214660616494804e-01,7.614614219665527095e+00,1.424987030029296886e-01,5.879999999999999893e+00,3.200000000000000000e+05
7.501574642154344996e-01,3.997452468872070508e+00,1.064749929428100650e+01,5.879999999999999893e+00,0.000000000000000000e+00
7.501775588962206198e-01,4.097925872802734126e+00,1.064749929428100650e+01,5.879999999999999893e+00,3.200000000000000000e+05
7.598135573192908998e-01,7.715088577270507564e+00,1.424987030029296886e-01,5.879999999999999893e+00,0.000000000000000000e+00
7.598336520000770200e-01,7.815561981201171626e+00,1.424987030029296886e-01,5.879999999999999893e+00,3.200000000000000000e+05
7.694696498845766675e-01,4.198401184082031001e+00,1.064749929428100650e+01,5.879999999999999893e+00,0.000000000000000000e+00
7.694897445653627877e-01,4.298874588012695064e+00,1.064749929428100650e+01,5.879999999999999893e+00,3.200000000000000000e+05
7.791257427191478069e-01,7.916036338806152095e+00,1.424987030029296886e-01,5.879999999999999893e+00,0.000000000000000000e+00
7.791458375906687994e-01,8.016510696411133452e+00,1.424987030029296886e-01,5.879999999999999893e+00,3.200000000000000000e+05
7.887818360137390794e-01,4.399347991943359126e+00,1.064749929428100650e+01,5.879999999999999893e+00,0.000000000000000000e+00
7.888019310759949443e-01,4.499823303222656001e+00,1.064749929428100650e+01,5.879999999999999893e+00,3.200000000000000000e+05
7.984379289604945917e-01,8.116984100341797514e+00,1.424987030029296886e-01,5.879999999999999893e+00,0.000000000000000000e+00
7.984580238320155843e-01,8.217458457946777983e+00,1.424987030029296886e-01,5.879999999999999893e+00,3.200000000000000000e+05
8.080940219858006035e-01,4.600296707153320064e+00,1.064749929428100650e+01,5.879999999999999893e+00,0.000000000000000000e+00
8.081141166665867237e-01,4.700770111083984126e+00,1.064749929428100650e+01,5.879999999999999893e+00,3.200000000000000000e+05
8.177501150896570037e-01,8.317932815551758452e+00,1.424987030029296886e-01,5.879999999999999893e+00,0.000000000000000000e+00
8.177702097704431239e-01,8.418406219482422514e+00,1.424987030029296886e-01,5.879999999999999893e+00,3.200000000000000000e+05
8.274062076549427713e-01,4.801245422363281001e+00,1.064749929428100650e+01,5.879999999999999893e+00,0.000000000000000000e+00
8.274263023357288915e-01,4.901718826293945064e+00,1.064749929428100650e+01,5.879999999999999893e+00,3.200000000000000000e+05
8.370623004895139108e-01,8.518880577087402983e+00,1.424987030029296886e-01,5.879999999999999893e+00,0.000000000000000000e+00
8.370823951703000310e-01,8.619353981018067046e+00,1.424987030029296886e-01,5.879999999999999893e+00,3.200000000000000000e+05
8.467183933240850502e-01,5.002192230224609126e+00,1.064749929428100650e+01,5.879999999999999893e+00,0.000000000000000000e+00
8.467384880048711704e-01,5.102665634155273189e+00,1.064749929428100650e+01,5.879999999999999893e+00,3.200000000000000000e+05
8.563744864279414504e-01,8.719828338623047514e+00,1.424987030029296886e-01,5.879999999999999893e+00,0.000000000000000000e+00
8.563945812994624429e-01,8.820302696228027983e+00,1.424987030029296886e-01,5.879999999999999893e+00,3.200000000000000000e+05
8.660305794532474621e-01,5.203140945434570064e+00,1.064749929428100650e+01,5.879999999999999893e+00,0.000000000000000000e+00
8.660506741340335823e-01,5.303614349365234126e+00,1.064749929428100650e+01,5.879999999999999893e+00,3.200000000000000000e+05
8.756866722878186016e-01,8.920776100158692046e+00,1.424987030029296886e-01,5.879999999999999893e+00,0.000000000000000000e+00
8.757067671593395941e-01,9.021250457763672514e+00,1.424987030029296886e-01,5.879999999999999893e+00,3.200000000000000000e+05
8.853427655824098741e-01,5.404087753295898189e+00,1.064749929428100650e+01,5.879999999999999893e+00,0.000000000000000000e+00
8.853628606446657390e-01,5.504563064575195064e+00,1.064749929428100650e+01,5.879999999999999893e+00,3.200000000000000000e+05
8.949988585291653864e-01,9.121723861694336577e+00,1.424987030029296886e-01,5.879999999999999893e+00,0.000000000000000000e+00
8.950189534006863790e-01,9.222198219299317046e+00,1.424987030029296886e-01,5.879999999999999893e+00,3.200000000000000000e+05
9.046549515544713982e-01,5.605036468505859126e+00,1.064749929428100650e+01,5.879999999999999893e+00,0.000000000000000000e+00
9.046750462352575184e-01,5.705509872436523189e+00,1.064749929428100650e+01,5.879999999999999893e+00,3.200000000000000000e+05
9.143110446583277984e-01,9.322672576904297514e+00,1.424987030029296886e-01,5.879999999999999893e+00,0.000000000000000000e+00
9.143311393391139186e-01,9.423145980834961577e+00,1.424987030029296886e-01,5.879999999999999893e+00,3.200000000000000000e+05
9.239671372236135660e-01,5.805985183715820064e+00,1.064749929428100650e+01,5.879999999999999893e+00,0.000000000000000000e+00
9.239872319043996862e-01,5.906458587646484126e+00,1.064749929428100650e+01,5.879999999999999893e+00,3.200000000000000000e+05
9.336232300581847054e-01,9.523620338439942046e+00,1.424987030029296886e-01,5.879999999999999893e+00,0.000000000000000000e+00
9.336433247389708256e-01,9.624093742370606108e+00,1.424987030029296886e-01,5.879999999999999893e+00,3.200000000000000000e+05
9.432793228927558449e-01,6.006931991577148189e+00,1.064749929428100650e+01,5.879999999999999893e+00,0.000000000000000000e+00
9.432994175735419651e-01,6.107405395507812251e+00,1.064749929428100650e+01,5.879999999999999893e+00,3.200000000000000000e+05
9.529354159966122451e-01,9.724568099975586577e+00,1.424987030029296886e-01,5.879999999999999893e+00,0.000000000000000000e+00
9.529555106773983653e-01,9.825041503906250639e+00,1.424987030029296886e-01,5.879999999999999893e+00,3.200000000000000000e+05
9.625915085618980127e-01,6.207880706787109126e+00,1.064749929428100650e+01,5.879999999999999893e+00,0.000000000000000000e+00
9.626116032426841329e-01,6.308354110717773189e+00,1.064749929428100650e+01,5.879999999999999893e+00,3.200000000000000000e+05
9.722476013964691521e-01,9.925515861511231108e+00,1.424987030029296886e-01,5.879999999999999893e+00,0.000000000000000000e+00
9.722676962679901447e-01,1.002599021911621158e+01,1.424987030029296886e-01,5.879999999999999893e+00,3.200000000000000000e+05
9.819036946910604247e-01,6.408827514648437251e+00,1.064749929428100650e+01,5.879999999999999893e+00,0.000000000000000000e+00
9.819237895625814172e-01,6.509301872253417720e+00,1.064749929428100650e+01,5.879999999999999893e+00,3.200000000000000000e+05
9.915597877163664364e-01,1.012646362304687564e+01,1.424987030029296886e-01,5.879999999999999893e+00,0.000000000000000000e+00
9.915798825878874290e-01,1.022693798065185611e+01,1.424987030029296886e-01,5.879999999999999893e+00,3.200000000000000000e+05
1.001215880741672448e+00,6.609776229858398189e+00,1.064749929428100650e+01,5.879999999999999893e+00,0.000000000000000000e+00
1.001235975422458679e+00,6.710249633789062251e+00,1.064749929428100650e+01,5.879999999999999893e+00,3.200000000000000000e+05
1.010871973576243699e+00,1.032741138458252017e+01,1.424987030029296886e-01,5.879999999999999893e+00,0.000000000000000000e+00
1.010892068447764691e+00,1.042788574218750064e+01,1.424987030029296886e-01,5.879999999999999893e+00,3.200000000000000000e+05
1.020528066601549710e+00,6.810723991394042720e+00,1.064749929428100650e+01,5.879999999999999893e+00,0.000000000000000000e+00
1.020548161282335942e+00,6.911197395324706783e+00,1.064749929428100650e+01,5.879999999999999893e+00,3.200000000000000000e+05
1.030184159705406222e+00,1.052836009979248111e+01,1.424987030029296886e-01,5.879999999999999893e+00,0.000000000000000000e+00
1.030204254386192453e+00,1.062883350372314517e+01,1.424987030029296886e-01,5.879999999999999893e+00,3.200000000000000000e+05
1.039840252539977472e+00,7.011671752929687251e+00,1.064749929428100650e+01,5.879999999999999893e+00,0.000000000000000000e+00
1.039860347411498465e+00,7.112146110534667720e+00,1.064749929428100650e+01,5.879999999999999893e+00,3.200000000000000000e+05
1.049496345565283484e+00,1.072930786132812564e+01,1.424987030029296886e-01,5.879999999999999893e+00,0.000000000000000000e+00
1.049516440246069715e+00,1.082978126525878970e+01,1.424987030029296886e-01,5.879999999999999893e+00,3.200000000000000000e+05
1.059152438399854734e+00,7.212619514465331783e+00,1.064749929428100650e+01,5.879999999999999893e+00,0.000000000000000000e+00
1.059172533271375727e+00,7.313093872070312251e+00,1.064749929428100650e+01,5.879999999999999893e+00,3.200000000000000000e+05
1.068808531425160746e+00,1.093025562286377017e+01,1.424987030029296886e-01,5.879999999999999893e+00,0.000000000000000000e+00
1.068828626296681739e+00,1.103072998046875064e+01,1.424987030029296886e-01,5.879999999999999893e+00,3.200000000000000000e+05
1.078464624719752019e+00,7.413567276000976314e+00,1.064749929428100650e+01,5.879999999999999893e+00,0.000000000000000000e+00
1.078484719591273011e+00,7.514041633605956783e+00,1.064749929428100650e+01,5.879999999999999893e+00,3.200000000000000000e+05
1.088120717745058030e+00,1.113120338439941470e+01,1.424987030029296886e-01,5.879999999999999893e+00,0.000000000000000000e+00
1.088140812616579023e+00,1.123167774200439517e+01,1.424987030029296886e-01,5.879999999999999893e+00,3.200000000000000000e+05
1.097776810770364042e+00,7.614515991210937251e+00,1.064749929428100650e+01,5.879999999999999893e+00,0.000000000000000000e+00
1.097796905451150273e+00,7.714989395141601314e+00,1.064749929428100650e+01,5.879999999999999893e+00,3.200000000000000000e+05
1.107432903604935293e+00,1.133215114593505923e+01,1.424987030029296886e-01,5.879999999999999893e+00,0.000000000000000000e+00
1.107452998476456285e+00,1.143262550354003970e+01,1.424987030029296886e-01,5.879999999999999893e+00,3.200000000000000000e+05
1.117088996630241304e+00,7.815463752746581783e+00,1.064749929428100650e+01,5.879999999999999893e+00,0.000000000000000000e+00
1.117109091311027536e+00,7.915937156677245845e+00,1.064749929428100650e+01,5.879999999999999893e+00,3.200000000000000000e+05
1.126745089464812555e+00,1.153309890747070376e+01,1.424987030029296886e-01,5.879999999999999893e+00,0.000000000000000000e+00
1.126765184336333547e+00,1.163357326507568423e+01,1.424987030029296886e-01,5.879999999999999893e+00,3.200000000000000000e+05
1.136401182490118567e+00,8.016411514282227202e+00,1.064749929428100650e+01,5.879999999999999893e+00,0.000000000000000000e+00
1.136421277361639559e+00,8.116885871887207671e+00,1.064749929428100650e+01,5.879999999999999893e+00,3.200000000000000000e+05
1.146057275515424578e+00,1.173404762268066470e+01,1.424987030029296886e-01,5.879999999999999893e+00,0.000000000000000000e+00
1.146077370196210810e+00,1.183452102661132876e+01,1.424987030029296886e-01,5.879999999999999893e+00,3.200000000000000000e+05
1.155713368349995829e+00,8.217359275817871733e+00,1.064749929428100650e+01,5.879999999999999893e+00,0.000000000000000000e+00
1.155733463221516821e+00,8.317833633422852202e+00,1.064749929428100650e+01,5.879999999999999893e+00,3.200000000000000000e+05
1.165369461375301841e+00,1.193499538421630923e+01,1.424987030029296886e-01,5.879999999999999893e+00,0.000000000000000000e+00
1.165389556056088072e+00,1.203546878814697330e+01,1.424987030029296886e-01,5.879999999999999893e+00,3.200000000000000000e+05
1.175025553940587830e+00,8.418307991027832671e+00,1.064749929428100650e+01,5.879999999999999893e+00,0.000000000000000000e+00
1.175045648621374061e+00,8.518781394958496733e+00,1.064749929428100650e+01,5.879999999999999893e+00,3.200000000000000000e+05
1.184681646775159081e+00,1.213594314575195376e+01,1.424987030029296886e-01,5.879999999999999893e+00,0.000000000000000000e+00
1.184701741646680073e+00,1.223641750335693423e+01,1.424987030029296886e-01,5.879999999999999893e+00,3.200000000000000000e+05
1.194337739800465092e+00,8.619255752563477202e+00,1.064749929428100650e+01,5.879999999999999893e+00,0.000000000000000000e+00
1.194357834481251324e+00,8.719729156494141264e+00,1.064749929428100650e+01,5.879999999999999893e+00,3.200000000000000000e+05
1.203993832635036343e+00,1.233689090728759830e+01,1.424987030029296886e-01,5.879999999999999893e+00,0.000000000000000000e+00
1.204013927506557335e+00,1.243736526489257876e+01,1.424987030029296886e-01,5.879999999999999893e+00,3.200000000000000000e+05
1.213649925660342355e+00,8.820203514099121733e+00,1.064749929428100650e+01,5.879999999999999893e+00,0.000000000000000000e+00
1.213670020531863347e+00,8.920677871704102202e+00,1.064749929428100650e+01,5.879999999999999893e+00,3.200000000000000000e+05
1.223306018416363106e+00,1.253783866882324283e+01,1.424987030029296886e-01,5.879999999999999893e+00,0.000000000000000000e+00
1.223326113287884098e+00,1.263831302642822330e+01,1.424987030029296886e-01,5.879999999999999893e+00,3.200000000000000000e+05
1.232962111441669117e+00,9.021151275634766264e+00,1.064749929428100650e+01,5.879999999999999893e+00,0.000000000000000000e+00
1.232982206313190110e+00,9.121625633239746733e+00,1.064749929428100650e+01,5.879999999999999893e+00,3.200000000000000000e+05
1.242618204466975129e+00,1.273878738403320376e+01,1.424987030029296886e-01,5.879999999999999893e+00,0.000000000000000000e+00
1.242638299147761360e+00,1.283926078796386783e+01,1.424987030029296886e-01,5.879999999999999893e+00,3.200000000000000000e+05
1.252274297301546380e+00,9.222099037170410796e+00,1.064749929428100650e+01,5.879999999999999893e+00,0.000000000000000000e+00
1.252294392173067372e+00,9.322573394775391264e+00,1.064749929428100650e+01,5.879999999999999893e+00,3.200000000000000000e+05
1.261930390326852391e+00,1.293973514556884830e+01,1.424987030029296886e-01,5.879999999999999893e+00,0.000000000000000000e+00
1.261950485007638623e+00,1.304020854949951236e+01,1.424987030029296886e-01,5.879999999999999893e+00,3.200000000000000000e+05
1.271586483161423642e+00,9.423046798706055327e+00,1.064749929428100650e+01,5.879999999999999893e+00,0.000000000000000000e+00
1.271606578032944634e+00,9.523521156311035796e+00,1.064749929428100650e+01,5.879999999999999893e+00,3.200000000000000000e+05
1.281242576186729654e+00,1.314068290710449283e+01,1.424987030029296886e-01,5.879999999999999893e+00,0.000000000000000000e+00
1.281262670867515885e+00,1.324115631103515689e+01,1.424987030029296886e-01,5.879999999999999893e+00,3.200000000000000000e+05
1.290898668752015643e+00,9.623995513916016264e+00,1.064749929428100650e+01,5.879999999999999893e+00,0.000000000000000000e+00
1.290918763432801875e+00,9.724468917846680327e+00,1.064749929428100650e+01,5.879999999999999893e+00,3.200000000000000000e+05
1.300554761586586894e+00,1.334163066864013736e+01,1.424987030029296886e-01,5.879999999999999893e+00,0.000000000000000000e+00
1.300574856458107886e+00,1.344210502624511783e+01,1.424987030029296886e-01,5.879999999999999893e+00,3.200000000000000000e+05
1.310210854611892906e+00,9.824943275451660796e+00,1.064749929428100650e+01,5.879999999999999893e+00,0.000000000000000000e+00
1.310230949292679137e+00,9.925416679382324858e+00,1.064749929428100650e+01,5.879999999999999893e+00,3.200000000000000000e+05
1.319866947446464156e+00,1.354257843017578189e+01,1.424987030029296886e-01,5.879999999999999893e+00,0.000000000000000000e+00
1.319887042317985149e+00,1.364305278778076236e+01,1.424987030029296886e-01,5.879999999999999893e+00,3.200000000000000000e+05
1.329523040471770168e+00,1.002589103698730533e+01,1.064749929428100650e+01,5.879999999999999893e+00,0.000000000000000000e+00
1.329543135343291160e+00,1.012636539459228580e+01,1.064749929428100650e+01,5.879999999999999893e+00,3.200000000000000000e+05
1.339179133227790919e+00,1.374352619171142642e+01,1.424987030029296886e-01,5.879999999999999893e+00,0.000000000000000000e+00
1.339199228099311911e+00,1.384400054931640689e+01,1.424987030029296886e-01,5.879999999999999893e+00,3.200000000000000000e+05
1.348835226253096931e+00,1.022683879852294986e+01,1.064749929428100650e+01,5.879999999999999893e+00,0.000000000000000000e+00
1.348855321124617923e+00,1.032731315612793033e+01,1.064749929428100650e+01,5.879999999999999893e+00,3.200000000000000000e+05
1.358491319278402942e+00,1.394447490692138736e+01,1.424987030029296886e-01,5.879999999999999893e+00,0.000000000000000000e+00
1.358511413959189174e+00,1.404494831085205142e+01,1.424987030029296886e-01,5.879999999999999893e+00,3.200000000000000000e+05
1.368147412112974193e+00,1.042778656005859439e+01,1.064749929428100650e+01,5.879999999999999893e+00,0.000000000000000000e+00
1.368167506984495185e+00,1.052826091766357486e+01,1.064749929428100650e+01,5.879999999999999893e+00,3.200000000000000000e+05
1.377803505138280205e+00,1.414542266845703189e+01,1.424987030029296886e-01,5.879999999999999893e+00,0.000000000000000000e+00
1.377823599819066436e+00,1.424589607238769595e+01,1.424987030029296886e-01,5.879999999999999893e+00,3.200000000000000000e+05
1.387459597703566194e+00,1.062873527526855533e+01,1.064749929428100650e+01,5.879999999999999893e+00,0.000000000000000000e+00
1.387479692384352425e+00,1.072920867919921939e+01,1.064749929428100650e+01,5.879999999999999893e+00,3.200000000000000000e+05
1.397115690538137445e+00,1.434637042999267642e+01,1.424987030029296886e-01,5.879999999999999893e+00,0.000000000000000000e+00
1.397135785218923676e+00,1.444684383392334048e+01,1.424987030029296886e-01,5.879999999999999893e+00,3.200000000000000000e+05
1.406771783103423434e+00,1.082968303680419986e+01,1.064749929428100650e+01,5.879999999999999893e+00,0.000000000000000000e+00
1.406791877784209666e+00,1.093015644073486392e+01,1.064749929428100650e+01,5.879999999999999893e+00,3.200000000000000000e+05
1.416427875803351943e+00,1.454731771469116275e+01,1.424987030029296886e-01,5.879999999999999893e+00,0.000000000000000000e+00
1.416447970674872936e+00,1.464779207229614322e+01,1.424987030029296886e-01,5.879999999999999893e+00,3.200000000000000000e+05
1.426083968694015214e+00,1.103063079833984439e+01,1.064749929428100650e+01,5.879999999999999893e+00,0.000000000000000000e+00
1.426104063374801445e+00,1.113110420227050845e+01,1.064749929428100650e+01,5.879999999999999893e+00,3.200000000000000000e+05
1.435740061393943723e+00,1.474826547622680728e+01,1.424987030029296886e-01,5.879999999999999893e+00,0.000000000000000000e+00
1.435760156265464715e+00,1.484873983383178775e+01,1.424987030029296886e-01,5.879999999999999893e+00,3.200000000000000000e+05
1.445396154284606993e+00,1.123157855987548892e+01,1.064749929428100650e+01,5.879999999999999893e+00,0.000000000000000000e+00
1.445416249156127986e+00,1.133205291748046939e+01,1.064749929428100650e+01,5.879999999999999893e+00,3.200000000000000000e+05
1.455052246905985003e+00,1.494921323776245181e+01,1.424987030029296886e-01,5.879999999999999893e+00,0.000000000000000000e+00
1.455072341777505995e+00,1.504968759536743228e+01,1.424987030029296886e-01,5.879999999999999893e+00,3.200000000000000000e+05
1.464708339796648273e+00,1.143252632141113345e+01,1.064749929428100650e+01,5.879999999999999893e+00,0.000000000000000000e+00
1.464728434668169266e+00,1.153300067901611392e+01,1.064749929428100650e+01,5.879999999999999893e+00,3.200000000000000000e+05
1.474364432687311544e+00,1.515016195297241275e+01,1.424987030029296886e-01,5.879999999999999893e+00,0.000000000000000000e+00
1.474384527368097775e+00,1.525063535690307681e+01,1.424987030029296886e-01,5.879999999999999893e+00,3.200000000000000000e+05
1.484020525387240053e+00,1.163347408294677798e+01,1.064749929428100650e+01,5.879999999999999893e+00,0.000000000000000000e+00
1.484040620258761045e+00,1.173394844055175845e+01,1.064749929428100650e+01,5.879999999999999893e+00,3.200000000000000000e+05
1.493676618277903323e+00,1.535110971450805728e+01,1.424987030029296886e-01,5.879999999999999893e+00,0.000000000000000000e+00
1.493696712958689554e+00,1.545158311843872134e+01,1.424987030029296886e-01,5.879999999999999893e+00,3.200000000000000000e+05
1.503332710708546571e+00,1.183442279815673892e+01,1.064749929428100650e+01,5.879999999999999893e+00,0.000000000000000000e+00
1.503352805389332802e+00,1.193489620208740298e+01,1.064749929428100650e+01,5.879999999999999893e+00,3.200000000000000000e+05
1.512988803408475080e+00,1.555205747604370181e+01,1.424987030029296886e-01,5.879999999999999893e+00,0.000000000000000000e+00
1.513008898279996073e+00,1.565253183364868228e+01,1.424987030029296886e-01,5.879999999999999893e+00,3.200000000000000000e+05
1.522644896299138351e+00,1.203537055969238345e+01,1.064749929428100650e+01,5.879999999999999893e+00,0.000000000000000000e+00
1.522664990979924582e+00,1.213584396362304751e+01,1.064749929428100650e+01,5.879999999999999893e+00,3.200000000000000000e+05
1.532300988999066860e+00,1.575300523757934634e+01,1.424987030029296886e-01,5.879999999999999893e+00,0.000000000000000000e+00
1.532321083870587852e+00,1.585347959518432681e+01,1.424987030029296886e-01,5.879999999999999893e+00,3.200000000000000000e+05
1.541957081889730130e+00,1.223631832122802798e+01,1.064749929428100650e+01,5.879999999999999893e+00,0.000000000000000000e+00
1.541977176761251123e+00,1.233679267883300845e+01,1.064749929428100650e+01,5.879999999999999893e+00,3.200000000000000000e+05
1.551613174511108140e+00,1.595395299911499087e+01,1.424987030029296886e-01,5.879999999999999893e+00,0.000000000000000000e+00
1.551633269382629132e+00,1.605442735671996957e+01,1.424987030029296886e-01,5.879999999999999893e+00,3.200000000000000000e+05
1.561269267401771410e+00,1.243726608276367251e+01,1.064749929428100650e+01,5.879999999999999893e+00,0.000000000000000000e+00
1.561289362273292403e+00,1.253774044036865298e+01,1.064749929428100650e+01,5.879999999999999893e+00,3.200000000000000000e+05
1.570925360023149420e+00,1.615490076065063363e+01,1.424987030029296886e-01,5.879999999999999893e+00,0.000000000000000000e+00
1.570945454894670412e+00,1.625537511825561410e+01,1.424987030029296886e-01,5.879999999999999893e+00,3.200000000000000000e+05
1.580581452913812690e+00,1.263821384429931705e+01,1.064749929428100650e+01,5.879999999999999893e+00,0.000000000000000000e+00
1.580601547785333683e+00,1.273868820190429751e+01,1.064749929428100650e+01,5.879999999999999893e+00,3.200000000000000000e+05
1.590237545535190700e+00,1.635584852218627816e+01,1.424987030029296886e-01,5.879999999999999893e+00,0.000000000000000000e+00
1.590257640597446454e+00,1.645632383346557504e+01,1.424987030029296886e-01,5.879999999999999893e+00,3.200000000000000000e+05
1.599893638885873992e+00,1.283916160583496158e+01,1.064749929428100650e+01,5.879999999999999893e+00,0.000000000000000000e+00
1.599913733757394985e+00,1.293963596343994205e+01,1.064749929428100650e+01,5.879999999999999893e+00,3.200000000000000000e+05
1.609549731776537262e+00,1.655679723739623910e+01,1.424987030029296886e-01,5.879999999999999893e+00,0.000000000000000000e+00
1.609569826457323494e+00,1.665727064132690316e+01,1.424987030029296886e-01,5.879999999999999893e+00,3.200000000000000000e+05
1.619205824207180511e+00,1.304011032104492251e+01,1.064749929428100650e+01,5.879999999999999893e+00,0.000000000000000000e+00
1.619225918887966742e+00,1.314058372497558658e+01,1.064749929428100650e+01,5.879999999999999893e+00,3.200000000000000000e+05
1.628861917176394281e+00,1.675774595260620004e+01,1.424987030029296886e-01,5.879999999999999893e+00,0.000000000000000000e+00
1.628882011857180512e+00,1.685821935653686410e+01,1.424987030029296886e-01,5.879999999999999893e+00,3.200000000000000000e+05
1.638518009876322790e+00,1.324105808258056705e+01,1.064749929428100650e+01,5.879999999999999893e+00,0.000000000000000000e+00
1.638538104557109021e+00,1.334153148651123111e+01,1.064749929428100650e+01,5.879999999999999893e+00,3.200000000000000000e+05
1.648174102576251299e+00,1.695869276046752816e+01,1.424987030029296886e-01,5.879999999999999893e+00,0.000000000000000000e+00
1.648194197257037530e+00,1.705916616439819222e+01,1.424987030029296886e-01,5.879999999999999893e+00,3.200000000000000000e+05
1.657830195006894547e+00,1.344200584411621158e+01,1.064749929428100650e+01,5.879999999999999893e+00,0.000000000000000000e+00
1.657850289878415539e+00,1.354248020172119205e+01,1.064749929428100650e+01,5.879999999999999893e+00,3.200000000000000000e+05
1.667486287897557817e+00,1.715964147567748910e+01,1.424987030029296886e-01,5.879999999999999893e+00,0.000000000000000000e+00
1.667506382578344049e+00,1.726011487960815316e+01,1.424987030029296886e-01,5.879999999999999893e+00,3.200000000000000000e+05
1.677142380597486326e+00,1.364295360565185611e+01,1.064749929428100650e+01,5.879999999999999893e+00,0.000000000000000000e+00
1.677162475469007319e+00,1.374342796325683658e+01,1.064749929428100650e+01,5.879999999999999893e+00,3.200000000000000000e+05
1.686798473218864336e+00,1.736058828353881722e+01,1.424987030029296886e-01,5.879999999999999893e+00,0.000000000000000000e+00
1.686818568281120090e+00,1.746106359481811410e+01,1.424987030029296886e-01,5.879999999999999893e+00,3.200000000000000000e+05
1.696454566569547628e+00,1.384390136718750064e+01,1.064749929428100650e+01,5.879999999999999893e+00,0.000000000000000000e+00
1.696474661441068621e+00,1.394437572479248111e+01,1.064749929428100650e+01,5.879999999999999893e+00,3.200000000000000000e+05
1.706110659460210899e+00,1.756153699874877816e+01,1.424987030029296886e-01,5.879999999999999893e+00,0.000000000000000000e+00
1.706130754140997130e+00,1.766201040267944222e+01,1.424987030029296886e-01,5.879999999999999893e+00,3.200000000000000000e+05
1.715766752160139408e+00,1.404484912872314517e+01,1.064749929428100650e+01,5.879999999999999893e+00,0.000000000000000000e+00
1.715786847031660400e+00,1.414532348632812564e+01,1.064749929428100650e+01,5.879999999999999893e+00,3.200000000000000000e+05
1.725422844781517417e+00,1.776248380661010629e+01,1.424987030029296886e-01,5.879999999999999893e+00,0.000000000000000000e+00
1.725442939843773171e+00,1.786295911788940316e+01,1.424987030029296886e-01,5.879999999999999893e+00,3.200000000000000000e+05
1.735078937862915449e+00,1.424579784393310611e+01,1.064749929428100650e+01,5.879999999999999893e+00,0.000000000000000000e+00
1.735099032543701680e+00,1.434627124786377017e+01,1.064749929428100650e+01,5.879999999999999893e+00,3.200000000000000000e+05
1.744735030562843958e+00,1.796343252182006722e+01,1.424987030029296886e-01,5.879999999999999893e+00,0.000000000000000000e+00
1.744755125243630189e+00,1.806390592575073129e+01,1.424987030029296886e-01,5.879999999999999893e+00,3.200000000000000000e+05
1.754391122993487206e+00,1.444674560546875064e+01,1.064749929428100650e+01,5.879999999999999893e+00,0.000000000000000000e+00
1.754411217578905946e+00,1.454721853256225650e+01,1.064749929428100650e+01,5.879999999999999893e+00,3.200000000000000000e+05
1.764047216001976226e+00,1.816438123703002816e+01,1.424987030029296886e-01,5.879999999999999893e+00,0.000000000000000000e+00
1.764067310682762457e+00,1.826485464096069222e+01,1.424987030029296886e-01,5.879999999999999893e+00,3.200000000000000000e+05
1.773703308836547476e+00,1.464769289016723697e+01,1.064749929428100650e+01,5.879999999999999893e+00,0.000000000000000000e+00
1.773723403708068469e+00,1.474816724777221744e+01,1.064749929428100650e+01,5.879999999999999893e+00,3.200000000000000000e+05
1.783359401592568227e+00,1.836532804489135629e+01,1.424987030029296886e-01,5.879999999999999893e+00,0.000000000000000000e+00
1.783379496654823981e+00,1.846580335617065316e+01,1.424987030029296886e-01,5.879999999999999893e+00,3.200000000000000000e+05
1.793015495077894261e+00,1.484864065170288150e+01,1.064749929428100650e+01,5.879999999999999893e+00,0.000000000000000000e+00
1.793035589949415254e+00,1.494911500930786197e+01,1.064749929428100650e+01,5.879999999999999893e+00,3.200000000000000000e+05
1.802671588170521533e+00,1.856627699851989632e+01,1.424987030029296886e-01,5.879999999999999893e+00,0.000000000000000000e+00
1.802691682851307764e+00,1.866675040245056039e+01,1.424987030029296886e-01,5.879999999999999893e+00,3.200000000000000000e+05
1.812327681072414043e+00,1.504958841323852603e+01,1.064749929428100650e+01,5.879999999999999893e+00,0.000000000000000000e+00
1.812347775943935035e+00,1.515006277084350650e+01,1.064749929428100650e+01,5.879999999999999893e+00,3.200000000000000000e+05
1.821983773895756054e+00,1.876722380638122445e+01,1.424987030029296886e-01,5.879999999999999893e+00,0.000000000000000000e+00
1.822003868958011807e+00,1.886769911766052132e+01,1.424987030029296886e-01,5.879999999999999893e+00,3.200000000000000000e+05
1.831639867179118086e+00,1.525053712844848697e+01,1.064749929428100650e+01,5.879999999999999893e+00,0.000000000000000000e+00
1.831659961859904318e+00,1.535101053237915103e+01,1.064749929428100650e+01,5.879999999999999893e+00,3.200000000000000000e+05
1.841295960081010596e+00,1.896817252159118539e+01,1.424987030029296886e-01,5.879999999999999893e+00,0.000000000000000000e+00
1.841316054761796828e+00,1.906864592552184945e+01,1.424987030029296886e-01,5.879999999999999893e+00,3.200000000000000000e+05
1.850952052713617846e+00,1.545148488998413150e+01,1.064749929428100650e+01,5.879999999999999893e+00,0.000000000000000000e+00
1.850972147394404077e+00,1.555195829391479556e+01,1.064749929428100650e+01,5.879999999999999893e+00,3.200000000000000000e+05
1.860608145884795839e+00,1.916912123680114632e+01,1.424987030029296886e-01,5.879999999999999893e+00,0.000000000000000000e+00
1.860628240565582070e+00,1.926959464073181039e+01,1.424987030029296886e-01,5.879999999999999893e+00,3.200000000000000000e+05
1.870264238786688349e+00,1.565243265151977603e+01,1.064749929428100650e+01,5.879999999999999893e+00,0.000000000000000000e+00
1.870284333467474580e+00,1.575290605545044009e+01,1.064749929428100650e+01,5.879999999999999893e+00,3.200000000000000000e+05
1.879920331688580859e+00,1.937006804466247445e+01,1.424987030029296886e-01,5.879999999999999893e+00,0.000000000000000000e+00
1.879940426369367090e+00,1.947054144859313851e+01,1.424987030029296886e-01,5.879999999999999893e+00,3.200000000000000000e+05
1.889576424321188108e+00,1.585338041305542056e+01,1.064749929428100650e+01,5.879999999999999893e+00,0.000000000000000000e+00
1.889596519192709101e+00,1.595385477066040103e+01,1.064749929428100650e+01,5.879999999999999893e+00,3.200000000000000000e+05
1.899232517413815380e+00,1.957101675987243539e+01,1.424987030029296886e-01,5.879999999999999893e+00,0.000000000000000000e+00
1.899252612094601611e+00,1.967149016380309945e+01,1.424987030029296886e-01,5.879999999999999893e+00,3.200000000000000000e+05
1.908888610315707890e+00,1.605432817459106332e+01,1.064749929428100650e+01,5.879999999999999893e+00,0.000000000000000000e+00
1.908908705187228882e+00,1.615480253219604379e+01,1.064749929428100650e+01,5.879999999999999893e+00,3.200000000000000000e+05
1.918544703139049901e+00,1.977196356773376351e+01,1.424987030029296886e-01,5.879999999999999893e+00,0.000000000000000000e+00
1.918564798201305655e+00,1.987243887901306039e+01,1.424987030029296886e-01,5.879999999999999893e+00,3.200000000000000000e+05
1.928200796691697416e+00,1.625527593612670785e+01,1.064749929428100650e+01,5.879999999999999893e+00,0.000000000000000000e+00
1.928220891753953170e+00,1.635575124740600472e+01,1.064749929428100650e+01,5.879999999999999893e+00,3.200000000000000000e+05
1.937856889705774188e+00,1.997291228294372445e+01,1.424987030029296886e-01,5.879999999999999893e+00,0.000000000000000000e+00
1.937876984386560419e+00,2.007338568687438851e+01,1.424987030029296886e-01,5.879999999999999893e+00,3.200000000000000000e+05
1.947512982338381438e+00,1.645622465133666879e+01,1.064749929428100650e+01,5.879999999999999893e+00,0.000000000000000000e+00
1.947533077019167669e+00,1.655669805526733285e+01,1.064749929428100650e+01,5.879999999999999893e+00,3.200000000000000000e+05
1.957169075509559431e+00,2.017386099815368539e+01,1.424987030029296886e-01,5.879999999999999893e+00,0.000000000000000000e+00
1.957189170190345662e+00,2.027433440208434945e+01,1.424987030029296886e-01,5.879999999999999893e+00,3.200000000000000000e+05
1.966825168680737423e+00,1.665717145919799691e+01,1.064749929428100650e+01,5.879999999999999893e+00,0.000000000000000000e+00
1.966845263742993177e+00,1.675764677047729379e+01,1.064749929428100650e+01,5.879999999999999893e+00,3.200000000000000000e+05
1.976481261694814195e+00,2.037480780601501351e+01,1.424987030029296886e-01,5.879999999999999893e+00,0.000000000000000000e+00
1.976501356375600427e+00,2.047528120994567757e+01,1.424987030029296886e-01,5.879999999999999893e+00,3.200000000000000000e+05
1.986137354327421445e+00,1.685812017440795785e+01,1.064749929428100650e+01,5.879999999999999893e+00,0.000000000000000000e+00
1.986157449008207676e+00,1.695859357833862191e+01,1.064749929428100650e+01,5.879999999999999893e+00,3.200000000000000000e+05
1.995793447498599438e+00,2.057575652122497445e+01,1.424987030029296886e-01,5.879999999999999893e+00,0.000000000000000000e+00
1.995813542179385669e+00,2.067622992515563851e+01,1.424987030029296886e-01,5.879999999999999893e+00,3.200000000000000000e+05
2.005449540131206465e+00,1.705906888961791879e+01,1.064749929428100650e+01,5.879999999999999893e+00,0.000000000000000000e+00
2.005469634811992474e+00,1.715954229354858285e+01,1.064749929428100650e+01,5.879999999999999893e+00,3.200000000000000000e+05
2.015105632763813492e+00,2.077670332908630257e+01,1.424987030029296886e-01,5.879999999999999893e+00,0.000000000000000000e+00
2.015125727826069468e+00,2.087717864036559945e+01,1.424987030029296886e-01,5.879999999999999893e+00,3.200000000000000000e+05
2.024761726316461008e+00,1.726001569747924691e+01,1.064749929428100650e+01,5.879999999999999893e+00,0.000000000000000000e+00
2.024781820997247017e+00,1.736048910140991097e+01,1.064749929428100650e+01,5.879999999999999893e+00,3.200000000000000000e+05
2.034417819487638557e+00,2.097765204429626351e+01,1.424987030029296886e-01,5.879999999999999893e+00,0.000000000000000000e+00
2.034437914168424566e+00,2.107812544822692757e+01,1.424987030029296886e-01,5.879999999999999893e+00,3.200000000000000000e+05
2.044073912120245584e+00,1.746096441268920785e+01,1.064749929428100650e+01,5.879999999999999893e+00,0.000000000000000000e+00
2.044094006801031593e+00,1.756143781661987191e+01,1.064749929428100650e+01,5.879999999999999893e+00,3.200000000000000000e+05
2.053730004752852611e+00,2.117859885215759164e+01,1.424987030029296886e-01,5.879999999999999893e+00,0.000000000000000000e+00
2.053750099815108587e+00,2.127907416343688851e+01,1.424987030029296886e-01,5.879999999999999893e+00,3.200000000000000000e+05
2.063386098305500127e+00,1.766191122055053597e+01,1.064749929428100650e+01,5.879999999999999893e+00,0.000000000000000000e+00
2.063406193367756103e+00,1.776238653182983285e+01,1.064749929428100650e+01,5.879999999999999893e+00,3.200000000000000000e+05
2.073042191319577121e+00,2.137954756736755257e+01,1.424987030029296886e-01,5.879999999999999893e+00,0.000000000000000000e+00
2.073062286000363130e+00,2.148002097129821664e+01,1.424987030029296886e-01,5.879999999999999893e+00,3.200000000000000000e+05
2.082698283952184148e+00,1.786285993576049691e+01,1.064749929428100650e+01,5.879999999999999893e+00,0.000000000000000000e+00
2.082718378632970158e+00,1.796333333969116097e+01,1.064749929428100650e+01,5.879999999999999893e+00,3.200000000000000000e+05
2.092354377123361697e+00,2.158049628257751351e+01,1.424987030029296886e-01,5.879999999999999893e+00,0.000000000000000000e+00
2.092374471804147706e+00,2.168096968650817757e+01,1.424987030029296886e-01,5.879999999999999893e+00,3.200000000000000000e+05
2.102010469755968725e+00,1.806380865097045785e+01,1.064749929428100650e+01,5.879999999999999893e+00,0.000000000000000000e+00
2.102030564436754734e+00,1.816428205490112191e+01,1.064749929428100650e+01,5.879999999999999893e+00,3.200000000000000000e+05
2.111666562388575752e+00,2.178144309043884164e+01,1.424987030029296886e-01,5.879999999999999893e+00,0.000000000000000000e+00
2.111686657450831728e+00,2.188191840171813851e+01,1.424987030029296886e-01,5.879999999999999893e+00,3.200000000000000000e+05
2.121322655941223267e+00,1.826475545883178597e+01,1.064749929428100650e+01,5.879999999999999893e+00,0.000000000000000000e+00
2.121342750622009277e+00,1.836522886276245004e+01,1.064749929428100650e+01,5.879999999999999893e+00,3.200000000000000000e+05
2.130978749112400816e+00,2.198239180564880257e+01,1.424987030029296886e-01,5.879999999999999893e+00,0.000000000000000000e+00
2.130998843787226704e+00,2.208286517977714425e+01,1.424987030029296886e-01,5.879999999999999893e+00,3.200000000000000000e+05
2.140634841730632676e+00,1.846570417404174691e+01,1.064749929428100650e+01,5.879999999999999893e+00,0.000000000000000000e+00
2.140654936459102320e+00,1.856617781639099007e+01,1.064749929428100650e+01,5.879999999999999893e+00,3.200000000000000000e+05
2.150290934335187032e+00,2.218333858370780831e+01,1.424987030029296886e-01,5.879999999999999893e+00,0.000000000000000000e+00
2.150311029397443008e+00,2.228381389498710519e+01,1.424987030029296886e-01,5.879999999999999893e+00,3.200000000000000000e+05
2.159947027812098241e+00,1.866665122032165414e+01,1.064749929428100650e+01,5.879999999999999893e+00,0.000000000000000000e+00
2.159967122874354217e+00,1.876712653160095101e+01,1.064749929428100650e+01,5.879999999999999893e+00,3.200000000000000000e+05
2.169603120752542580e+00,2.238428730636834985e+01,1.424987030029296886e-01,5.879999999999999893e+00,0.000000000000000000e+00
2.169623215432583851e+00,2.248476070657372361e+01,1.424987030029296886e-01,5.879999999999999893e+00,3.200000000000000000e+05
2.179259213309720167e+00,1.886759993553161507e+01,1.064749929428100650e+01,5.879999999999999893e+00,0.000000000000000000e+00
2.179279307990506176e+00,1.896807333946227914e+01,1.064749929428100650e+01,5.879999999999999893e+00,3.200000000000000000e+05
2.188915306407265060e+00,2.258523602157831078e+01,1.424987030029296886e-01,5.879999999999999893e+00,0.000000000000000000e+00
2.188935401086561150e+00,2.268570941805839425e+01,1.424987030029296886e-01,5.879999999999999893e+00,3.200000000000000000e+05
2.198571399501216383e+00,1.906854674339294320e+01,1.064749929428100650e+01,5.879999999999999893e+00,0.000000000000000000e+00
2.198591494563472359e+00,1.916902205467224007e+01,1.064749929428100650e+01,5.879999999999999893e+00,3.200000000000000000e+05
2.208227492439557071e+00,2.278618282198905831e+01,1.424987030029296886e-01,5.879999999999999893e+00,0.000000000000000000e+00
2.208247587120343081e+00,2.288665622591972237e+01,1.424987030029296886e-01,5.879999999999999893e+00,3.200000000000000000e+05
2.217883584996427793e+00,1.926949545860290414e+01,1.064749929428100650e+01,5.879999999999999893e+00,0.000000000000000000e+00
2.217903679677213802e+00,1.936996886253356820e+01,1.064749929428100650e+01,5.879999999999999893e+00,3.200000000000000000e+05
2.227539678091869035e+00,2.298713153719901925e+01,1.424987030029296886e-01,5.879999999999999893e+00,0.000000000000000000e+00
2.227559772778615610e+00,2.308760497093200570e+01,1.424987030029296886e-01,5.879999999999999893e+00,3.200000000000000000e+05
2.237195770663115368e+00,1.947044417381286507e+01,1.064749929428100650e+01,5.879999999999999893e+00,0.000000000000000000e+00
2.237215865343901378e+00,1.957091757774352914e+01,1.064749929428100650e+01,5.879999999999999893e+00,3.200000000000000000e+05
2.246851863228401136e+00,2.318807837486266976e+01,1.424987030029296886e-01,5.879999999999999893e+00,0.000000000000000000e+00
2.246871958290657112e+00,2.328855368614196664e+01,1.424987030029296886e-01,5.879999999999999893e+00,3.200000000000000000e+05
2.256507956713727392e+00,1.967139098167419320e+01,1.064749929428100650e+01,5.879999999999999893e+00,0.000000000000000000e+00
2.256528051775983368e+00,1.977186629295349007e+01,1.064749929428100650e+01,5.879999999999999893e+00,3.200000000000000000e+05
2.266164049660483126e+00,2.338902709007263070e+01,1.424987030029296886e-01,5.879999999999999893e+00,0.000000000000000000e+00
2.266184144341269135e+00,2.348950049400329476e+01,1.424987030029296886e-01,5.879999999999999893e+00,3.200000000000000000e+05
2.275820142225768894e+00,1.987233969688415414e+01,1.064749929428100650e+01,5.879999999999999893e+00,0.000000000000000000e+00
2.275840236906554903e+00,1.997281310081481820e+01,1.064749929428100650e+01,5.879999999999999893e+00,3.200000000000000000e+05
2.285476235329625183e+00,2.358997580528259164e+01,1.424987030029296886e-01,5.879999999999999893e+00,0.000000000000000000e+00
2.285496330010411192e+00,2.369044920921325570e+01,1.424987030029296886e-01,5.879999999999999893e+00,3.200000000000000000e+05
2.295132328433481472e+00,2.007328650474548226e+01,1.064749929428100650e+01,5.879999999999999893e+00,0.000000000000000000e+00
2.295152423495737448e+00,2.017376181602477914e+01,1.064749929428100650e+01,5.879999999999999893e+00,3.200000000000000000e+05
2.304788421380237207e+00,2.379092261314391976e+01,1.424987030029296886e-01,5.879999999999999893e+00,0.000000000000000000e+00
2.304808516061023216e+00,2.389139601707458382e+01,1.424987030029296886e-01,5.879999999999999893e+00,3.200000000000000000e+05
2.314444513945522974e+00,2.027423521995544320e+01,1.064749929428100650e+01,5.879999999999999893e+00,0.000000000000000000e+00
2.314464608626308983e+00,2.037470862388610726e+01,1.064749929428100650e+01,5.879999999999999893e+00,3.200000000000000000e+05
2.324100607049379263e+00,2.399187132835388070e+01,1.424987030029296886e-01,5.879999999999999893e+00,0.000000000000000000e+00
2.324120701730165273e+00,2.409234473228454476e+01,1.424987030029296886e-01,5.879999999999999893e+00,3.200000000000000000e+05
2.333756699614665031e+00,2.047518393516540414e+01,1.064749929428100650e+01,5.879999999999999893e+00,0.000000000000000000e+00
2.333776794295451040e+00,2.057565733909606820e+01,1.064749929428100650e+01,5.879999999999999893e+00,3.200000000000000000e+05
2.343412792179950799e+00,2.419281813621520882e+01,1.424987030029296886e-01,5.879999999999999893e+00,0.000000000000000000e+00
2.343432887242206775e+00,2.429329344749450570e+01,1.424987030029296886e-01,5.879999999999999893e+00,3.200000000000000000e+05
2.353068885665277055e+00,2.067613074302673226e+01,1.064749929428100650e+01,5.879999999999999893e+00,0.000000000000000000e+00
2.353088980346063064e+00,2.077660414695739632e+01,1.064749929428100650e+01,5.879999999999999893e+00,3.200000000000000000e+05
2.362724978769133344e+00,2.439376685142516976e+01,1.424987030029296886e-01,5.879999999999999893e+00,0.000000000000000000e+00
2.362745073449919353e+00,2.449424025535583382e+01,1.424987030029296886e-01,5.879999999999999893e+00,3.200000000000000000e+05
2.372381071334419111e+00,2.087707945823669320e+01,1.064749929428100650e+01,5.879999999999999893e+00,0.000000000000000000e+00
2.372401166015205121e+00,2.097755286216735726e+01,1.064749929428100650e+01,5.879999999999999893e+00,3.200000000000000000e+05
2.382037163899704879e+00,2.459471365928649789e+01,1.424987030029296886e-01,5.879999999999999893e+00,0.000000000000000000e+00
2.382057258961960855e+00,2.469518897056579476e+01,1.424987030029296886e-01,5.879999999999999893e+00,3.200000000000000000e+05
2.391693257385031135e+00,2.107802626609802132e+01,1.064749929428100650e+01,5.879999999999999893e+00,0.000000000000000000e+00
2.391713352447287111e+00,2.117850157737731820e+01,1.064749929428100650e+01,5.879999999999999893e+00,3.200000000000000000e+05
2.401349350331786869e+00,2.479566237449645882e+01,1.424987030029296886e-01,5.879999999999999893e+00,0.000000000000000000e+00
2.401369445012572879e+00,2.489613577842712289e+01,1.424987030029296886e-01,5.879999999999999893e+00,3.200000000000000000e+05
2.411005442897072637e+00,2.127897498130798226e+01,1.064749929428100650e+01,5.879999999999999893e+00,0.000000000000000000e+00
2.411025537577858646e+00,2.137944838523864632e+01,1.064749929428100650e+01,5.879999999999999893e+00,3.200000000000000000e+05
2.420661536000928926e+00,2.499661108970641976e+01,1.424987030029296886e-01,5.879999999999999893e+00,0.000000000000000000e+00
2.420681630681714935e+00,2.509708449363708382e+01,1.424987030029296886e-01,5.879999999999999893e+00,3.200000000000000000e+05
2.430317628566214694e+00,2.147992369651794320e+01,1.064749929428100650e+01,5.879999999999999893e+00,0.000000000000000000e+00
2.430337723247000703e+00,2.158039710044860726e+01,1.064749929428100650e+01,5.879999999999999893e+00,3.200000000000000000e+05
2.439973721131500461e+00,2.519755789756774789e+01,1.424987030029296886e-01,5.879999999999999893e+00,0.000000000000000000e+00
2.439993816193756437e+00,2.529803320884704476e+01,1.424987030029296886e-01,5.879999999999999893e+00,3.200000000000000000e+05
2.449629814616826717e+00,2.168087050437927132e+01,1.064749929428100650e+01,5.879999999999999893e+00,0.000000000000000000e+00
2.449649909297612727e+00,2.178134390830993539e+01,1.064749929428100650e+01,5.879999999999999893e+00,3.200000000000000000e+05
2.459285907720683007e+00,2.539850661277770882e+01,1.424987030029296886e-01,5.879999999999999893e+00,0.000000000000000000e+00
2.459306002401469016e+00,2.549898001670837289e+01,1.424987030029296886e-01,5.879999999999999893e+00,3.200000000000000000e+05
2.468942000285968774e+00,2.188181921958923226e+01,1.064749929428100650e+01,5.879999999999999893e+00,0.000000000000000000e+00
2.468962094966754783e+00,2.198229262351989632e+01,1.064749929428100650e+01,5.879999999999999893e+00,3.200000000000000000e+05
2.478598092851254542e+00,2.559945342063903695e+01,1.424987030029296886e-01,5.879999999999999893e+00,0.000000000000000000e+00
2.478618187913510518e+00,2.569992873191833382e+01,1.424987030029296886e-01,5.879999999999999893e+00,3.200000000000000000e+05
2.488254186344995844e+00,2.208276599764823800e+01,1.064749929428100650e+01,5.879999999999999893e+00,0.000000000000000000e+00
2.488274281407251820e+00,2.218324130892753487e+01,1.064749929428100650e+01,5.879999999999999893e+00,3.200000000000000000e+05
2.497910279300166625e+00,2.580040213584899789e+01,1.424987030029296886e-01,5.879999999999999893e+00,0.000000000000000000e+00
2.497930373980952634e+00,2.590087553977966195e+01,1.424987030029296886e-01,5.879999999999999893e+00,3.200000000000000000e+05
2.507566371873867439e+00,2.228371471285819894e+01,1.064749929428100650e+01,5.879999999999999893e+00,0.000000000000000000e+00
2.507586466556143812e+00,2.238418812423944360e+01,1.064749929428100650e+01,5.879999999999999893e+00,3.200000000000000000e+05
2.517222464985525487e+00,2.600135085105895882e+01,1.424987030029296886e-01,5.879999999999999893e+00,0.000000000000000000e+00
2.517242559666311497e+00,2.610182425498962289e+01,1.424987030029296886e-01,5.879999999999999893e+00,3.200000000000000000e+05
2.526878558096745220e+00,2.248466152444481736e+01,1.064749929428100650e+01,5.879999999999999893e+00,0.000000000000000000e+00
2.526898653159745933e+00,2.258513683944940453e+01,1.064749929428100650e+01,5.879999999999999893e+00,3.200000000000000000e+05
2.536534651050557088e+00,2.620229765892028695e+01,1.424987030029296886e-01,5.879999999999999893e+00,0.000000000000000000e+00
2.536554745731343097e+00,2.630277106285095101e+01,1.424987030029296886e-01,5.879999999999999893e+00,3.200000000000000000e+05
2.546190743624257902e+00,2.268561023592948800e+01,1.064749929428100650e+01,5.879999999999999893e+00,0.000000000000000000e+00
2.546210838305043911e+00,2.278608363986015206e+01,1.064749929428100650e+01,5.879999999999999893e+00,3.200000000000000000e+05
2.555846836736529237e+00,2.640324637413024789e+01,1.424987030029296886e-01,5.879999999999999893e+00,0.000000000000000000e+00
2.555866931369631612e+00,2.650371953964233285e+01,1.424987030029296886e-01,5.879999999999999893e+00,3.200000000000000000e+05
2.565502929195225157e+00,2.288655895113944894e+01,1.064749929428100650e+01,5.879999999999999893e+00,0.000000000000000000e+00
2.565523023876011166e+00,2.298703235507011300e+01,1.064749929428100650e+01,5.879999999999999893e+00,3.200000000000000000e+05
2.575159021701604711e+00,2.660419294357299691e+01,1.424987030029296886e-01,5.879999999999999893e+00,0.000000000000000000e+00
2.575179116763860687e+00,2.670466825485229379e+01,1.424987030029296886e-01,5.879999999999999893e+00,3.200000000000000000e+05
2.584815115119609708e+00,2.308750578880309945e+01,1.064749929428100650e+01,5.879999999999999893e+00,0.000000000000000000e+00
2.584835210181865683e+00,2.318798110008239632e+01,1.064749929428100650e+01,5.879999999999999893e+00,3.200000000000000000e+05
2.594471207999044182e+00,2.680514165878295785e+01,1.424987030029296886e-01,5.879999999999999893e+00,0.000000000000000000e+00
2.594491302679830191e+00,2.690561506271362191e+01,1.424987030029296886e-01,5.879999999999999893e+00,3.200000000000000000e+05
2.604127300497008690e+00,2.328845450401306039e+01,1.064749929428100650e+01,5.879999999999999893e+00,0.000000000000000000e+00
2.604147395177794699e+00,2.338892790794372445e+01,1.064749929428100650e+01,5.879999999999999893e+00,3.200000000000000000e+05
2.613783393533543720e+00,2.700609037399291879e+01,1.424987030029296886e-01,5.879999999999999893e+00,0.000000000000000000e+00
2.613803488214329729e+00,2.710656377792358285e+01,1.424987030029296886e-01,5.879999999999999893e+00,3.200000000000000000e+05
2.623439486570078749e+00,2.348940131187438851e+01,1.064749929428100650e+01,5.879999999999999893e+00,0.000000000000000000e+00
2.623459581632334725e+00,2.358987662315368539e+01,1.064749929428100650e+01,5.879999999999999893e+00,3.200000000000000000e+05
2.633095579449513224e+00,2.720703718185424691e+01,1.424987030029296886e-01,5.879999999999999893e+00,0.000000000000000000e+00
2.633115674130299233e+00,2.730751058578491097e+01,1.424987030029296886e-01,5.879999999999999893e+00,3.200000000000000000e+05
2.642751671947477732e+00,2.369035002708434945e+01,1.064749929428100650e+01,5.879999999999999893e+00,0.000000000000000000e+00
2.642771766628263741e+00,2.379082343101501351e+01,1.064749929428100650e+01,5.879999999999999893e+00,3.200000000000000000e+05
2.652407764984012761e+00,2.740798589706420785e+01,1.424987030029296886e-01,5.879999999999999893e+00,0.000000000000000000e+00
2.652427859664798770e+00,2.750845930099487191e+01,1.424987030029296886e-01,5.879999999999999893e+00,3.200000000000000000e+05
2.662063857481977269e+00,2.389129874229431039e+01,1.064749929428100650e+01,5.879999999999999893e+00,0.000000000000000000e+00
2.662083952162763278e+00,2.399177214622497445e+01,1.064749929428100650e+01,5.879999999999999893e+00,3.200000000000000000e+05
2.671719949979941777e+00,2.760893270492553597e+01,1.424987030029296886e-01,5.879999999999999893e+00,0.000000000000000000e+00
2.671740045042197753e+00,2.770940801620483285e+01,1.424987030029296886e-01,5.879999999999999893e+00,3.200000000000000000e+05
2.681376043397946773e+00,2.409224555015563851e+01,1.064749929428100650e+01,5.879999999999999893e+00,0.000000000000000000e+00
2.681396138078732783e+00,2.419271895408630257e+01,1.064749929428100650e+01,5.879999999999999893e+00,3.200000000000000000e+05
2.691032136434481803e+00,2.780988142013549691e+01,1.424987030029296886e-01,5.879999999999999893e+00,0.000000000000000000e+00
2.691052231115267812e+00,2.791035482406616097e+01,1.424987030029296886e-01,5.879999999999999893e+00,3.200000000000000000e+05
2.700688228932446311e+00,2.429319426536559945e+01,1.064749929428100650e+01,5.879999999999999893e+00,0.000000000000000000e+00
2.700708323613232320e+00,2.439366766929626351e+01,1.064749929428100650e+01,5.879999999999999893e+00,3.200000000000000000e+05
2.710344321430410819e+00,2.801082822799682504e+01,1.424987030029296886e-01,5.879999999999999893e+00,0.000000000000000000e+00
2.710364416492666795e+00,2.811130353927612191e+01,1.424987030029296886e-01,5.879999999999999893e+00,3.200000000000000000e+05
2.720000414848415815e+00,2.449414107322692757e+01,1.064749929428100650e+01,5.879999999999999893e+00,0.000000000000000000e+00
2.720020509910671791e+00,2.459461638450622445e+01,1.064749929428100650e+01,5.879999999999999893e+00,3.200000000000000000e+05
2.729656507727850290e+00,2.821177694320678597e+01,1.424987030029296886e-01,5.879999999999999893e+00,0.000000000000000000e+00
2.729676602408636299e+00,2.831225034713745004e+01,1.424987030029296886e-01,5.879999999999999893e+00,3.200000000000000000e+05
2.739312600225814798e+00,2.469508978843688851e+01,1.064749929428100650e+01,5.879999999999999893e+00,0.000000000000000000e+00
2.739332694906600807e+00,2.479556319236755257e+01,1.064749929428100650e+01,5.879999999999999893e+00,3.200000000000000000e+05
2.748968693262349827e+00,2.841272565841674691e+01,1.424987030029296886e-01,5.879999999999999893e+00,0.000000000000000000e+00
2.748988787943135836e+00,2.851319906234741097e+01,1.424987030029296886e-01,5.879999999999999893e+00,3.200000000000000000e+05
2.758624785760314335e+00,2.489603850364684945e+01,1.064749929428100650e+01,5.879999999999999893e+00,0.000000000000000000e+00
2.758644880441100344e+00,2.499651190757751351e+01,1.064749929428100650e+01,5.879999999999999893e+00,3.200000000000000000e+05
2.768280878258278843e+00,2.861367246627807504e+01,1.424987030029296886e-01,5.879999999999999893e+00,0.000000000000000000e+00
2.768300972939064852e+00,2.871414587020873910e+01,1.424987030029296886e-01,5.879999999999999893e+00,3.200000000000000000e+05
2.777936970756243351e+00,2.509698531150817757e+01,1.064749929428100650e+01,5.879999999999999893e+00,0.000000000000000000e+00
2.777957065437029360e+00,2.519745871543884164e+01,1.064749929428100650e+01,5.879999999999999893e+00,3.200000000000000000e+05
2.787593063792778381e+00,2.881462118148803597e+01,1.424987030029296886e-01,5.879999999999999893e+00,0.000000000000000000e+00
2.787613158473564390e+00,2.891509458541870004e+01,1.424987030029296886e-01,5.879999999999999893e+00,3.200000000000000000e+05
2.797249156290742889e+00,2.529793402671813851e+01,1.064749929428100650e+01,5.879999999999999893e+00,0.000000000000000000e+00
2.797269250971528898e+00,2.539840743064880257e+01,1.064749929428100650e+01,5.879999999999999893e+00,3.200000000000000000e+05
2.806905248788707397e+00,2.901556798934936410e+01,1.424987030029296886e-01,5.879999999999999893e+00,0.000000000000000000e+00
2.806925343850963372e+00,2.911604330062866097e+01,1.424987030029296886e-01,5.879999999999999893e+00,3.200000000000000000e+05
2.816561342206712393e+00,2.549888083457946664e+01,1.064749929428100650e+01,5.879999999999999893e+00,0.000000000000000000e+00
2.816581437268968369e+00,2.559935614585876351e+01,1.064749929428100650e+01,5.879999999999999893e+00,3.200000000000000000e+05
2.826217435086146867e+00,2.921651670455932504e+01,1.424987030029296886e-01,5.879999999999999893e+00,0.000000000000000000e+00
2.826237529766932877e+00,2.931699010848998910e+01,1.424987030029296886e-01,5.879999999999999893e+00,3.200000000000000000e+05
2.835873527584111375e+00,2.569982954978942757e+01,1.064749929428100650e+01,5.879999999999999893e+00,0.000000000000000000e+00
2.835893622264897385e+00,2.580030295372009164e+01,1.064749929428100650e+01,5.879999999999999893e+00,3.200000000000000000e+05
2.845529620620646405e+00,2.941746541976928597e+01,1.424987030029296886e-01,5.879999999999999893e+00,0.000000000000000000e+00
2.845549715301432414e+00,2.951793882369995004e+01,1.424987030029296886e-01,5.879999999999999893e+00,3.200000000000000000e+05
2.855185713657181434e+00,2.590077635765075570e+01,1.064749929428100650e+01,5.879999999999999893e+00,0.000000000000000000e+00
2.855205808719437410e+00,2.600125166893005257e+01,1.064749929428100650e+01,5.879999999999999893e+00,3.200000000000000000e+05
2.864841806536615909e+00,2.961841222763061410e+01,1.424987030029296886e-01,5.879999999999999893e+00,0.000000000000000000e+00
2.864861901217401918e+00,2.971888563156127816e+01,1.424987030029296886e-01,5.879999999999999893e+00,3.200000000000000000e+05
2.874497899034580417e+00,2.610172507286071664e+01,1.064749929428100650e+01,5.879999999999999893e+00,0.000000000000000000e+00
2.874517993715366426e+00,2.620219847679138070e+01,1.064749929428100650e+01,5.879999999999999893e+00,3.200000000000000000e+05
2.884153992071115447e+00,2.981936094284057504e+01,1.424987030029296886e-01,5.879999999999999893e+00,0.000000000000000000e+00
2.884174086751901456e+00,2.991983434677123910e+01,1.424987030029296886e-01,5.879999999999999893e+00,3.200000000000000000e+05
2.893810084569079955e+00,2.630267378807067757e+01,1.064749929428100650e+01,5.879999999999999893e+00,0.000000000000000000e+00
2.893830179249865964e+00,2.640314719200134164e+01,1.064749929428100650e+01,5.879999999999999893e+00,3.200000000000000000e+05
2.903466177067044462e+00,3.002030775070190316e+01,1.424987030029296886e-01,5.879999999999999893e+00,0.000000000000000000e+00
2.903486272129300438e+00,3.012078306198120004e+01,1.424987030029296886e-01,5.879999999999999893e+00,3.200000000000000000e+05
2.913122270552370718e+00,2.650362035751342660e+01,1.064749929428100650e+01,5.879999999999999893e+00,0.000000000000000000e+00
2.913142365614626694e+00,2.660409566879272347e+01,1.064749929428100650e+01,5.879999999999999893e+00,3.200000000000000000e+05
2.922778363499126453e+00,3.022125646591186410e+01,1.424987030029296886e-01,5.879999999999999893e+00,0.000000000000000000e+00
2.922798458179912462e+00,3.032172986984252816e+01,1.424987030029296886e-01,5.879999999999999893e+00,3.200000000000000000e+05
2.932434456064412220e+00,2.670456907272338754e+01,1.064749929428100650e+01,5.879999999999999893e+00,0.000000000000000000e+00
2.932454550745198230e+00,2.680504247665405160e+01,1.064749929428100650e+01,5.879999999999999893e+00,3.200000000000000000e+05
2.942090548629697988e+00,3.042220327377319222e+01,1.424987030029296886e-01,5.879999999999999893e+00,0.000000000000000000e+00
2.942110643787321234e+00,3.052267906188964730e+01,1.424987030029296886e-01,5.879999999999999893e+00,3.200000000000000000e+05
2.951746642345034477e+00,2.690551588058471566e+01,1.064749929428100650e+01,5.879999999999999893e+00,0.000000000000000000e+00
2.951766737407290453e+00,2.700599119186401254e+01,1.064749929428100650e+01,5.879999999999999893e+00,3.200000000000000000e+05
2.961402735426432731e+00,3.062315246582031136e+01,1.424987030029296886e-01,5.879999999999999893e+00,0.000000000000000000e+00
2.961422830107218740e+00,3.072362586975097543e+01,1.424987030029296886e-01,5.879999999999999893e+00,3.200000000000000000e+05
2.971058828126361018e+00,2.710646459579467660e+01,1.064749929428100650e+01,5.879999999999999893e+00,0.000000000000000000e+00
2.971078922807147027e+00,2.720693799972534066e+01,1.064749929428100650e+01,5.879999999999999893e+00,3.200000000000000000e+05
2.980714921364860270e+00,3.082410118103027230e+01,1.424987030029296886e-01,5.879999999999999893e+00,0.000000000000000000e+00
2.980735016045646280e+00,3.092457458496093636e+01,1.424987030029296886e-01,5.879999999999999893e+00,3.200000000000000000e+05
2.990371014064788557e+00,2.730741331100463754e+01,1.064749929428100650e+01,5.879999999999999893e+00,0.000000000000000000e+00
2.990391108745574567e+00,2.740788671493530160e+01,1.064749929428100650e+01,5.879999999999999893e+00,3.200000000000000000e+05
3.000027106764716844e+00,3.102504798889160043e+01,1.424987030029296886e-01,5.879999999999999893e+00,0.000000000000000000e+00
3.000047201826972820e+00,3.112552330017089730e+01,1.424987030029296886e-01,5.879999999999999893e+00,3.200000000000000000e+05
3.009683200384686064e+00,2.750836011886596566e+01,1.064749929428100650e+01,5.879999999999999893e+00,0.000000000000000000e+00
3.009703295065472073e+00,2.760883352279662972e+01,1.064749929428100650e+01,5.879999999999999893e+00,3.200000000000000000e+05
3.019339293623185316e+00,3.122599670410156136e+01,1.424987030029296886e-01,5.879999999999999893e+00,0.000000000000000000e+00
3.019359388303971325e+00,3.132647010803222543e+01,1.424987030029296886e-01,5.879999999999999893e+00,3.200000000000000000e+05
3.028995386323113603e+00,2.770930883407592660e+01,1.064749929428100650e+01,5.879999999999999893e+00,0.000000000000000000e+00
3.029015481003899612e+00,2.780978223800659066e+01,1.064749929428100650e+01,5.879999999999999893e+00,3.200000000000000000e+05
3.038651479023041890e+00,3.142694351196288949e+01,1.424987030029296886e-01,5.879999999999999893e+00,0.000000000000000000e+00
3.038671574085297866e+00,3.152741882324218636e+01,1.424987030029296886e-01,5.879999999999999893e+00,3.200000000000000000e+05
3.048307572643011110e+00,2.791025564193725472e+01,1.064749929428100650e+01,5.879999999999999893e+00,0.000000000000000000e+00
3.048327667705267086e+00,2.801073095321655160e+01,1.064749929428100650e+01,5.879999999999999893e+00,3.200000000000000000e+05
3.057963665724409363e+00,3.162789222717285043e+01,1.424987030029296886e-01,5.879999999999999893e+00,0.000000000000000000e+00
3.057983760405195373e+00,3.172836563110351449e+01,1.424987030029296886e-01,5.879999999999999893e+00,3.200000000000000000e+05
3.067619758424337650e+00,2.811120435714721566e+01,1.064749929428100650e+01,5.879999999999999893e+00,0.000000000000000000e+00
3.067639853105123660e+00,2.821167776107787972e+01,1.064749929428100650e+01,5.879999999999999893e+00,3.200000000000000000e+05
3.077275851662836903e+00,3.182884094238281136e+01,1.424987030029296886e-01,5.879999999999999893e+00,0.000000000000000000e+00
3.077295946343622912e+00,3.192931434631347543e+01,1.424987030029296886e-01,5.879999999999999893e+00,3.200000000000000000e+05
3.086931944901336156e+00,2.831215116500854379e+01,1.064749929428100650e+01,5.879999999999999893e+00,0.000000000000000000e+00
3.086952039963592131e+00,2.841262647628784066e+01,1.064749929428100650e+01,5.879999999999999893e+00,3.200000000000000000e+05
3.096588037982734409e+00,3.202978775024413949e+01,1.424987030029296886e-01,5.879999999999999893e+00,0.000000000000000000e+00
3.096608132663520419e+00,3.213026115417480355e+01,1.424987030029296886e-01,5.879999999999999893e+00,3.200000000000000000e+05
3.106244130682662696e+00,2.851309988021850472e+01,1.064749929428100650e+01,5.879999999999999893e+00,0.000000000000000000e+00
3.106264225363448706e+00,2.861357328414916879e+01,1.064749929428100650e+01,5.879999999999999893e+00,3.200000000000000000e+05
3.115900223382590983e+00,3.223073455810546761e+01,1.424987030029296886e-01,5.879999999999999893e+00,0.000000000000000000e+00
3.115920318444846959e+00,3.233120986938476449e+01,1.424987030029296886e-01,5.879999999999999893e+00,3.200000000000000000e+05
3.125556316463989237e+00,2.871404859542846566e+01,1.064749929428100650e+01,5.879999999999999893e+00,0.000000000000000000e+00
3.125576411144775246e+00,2.881452199935912972e+01,1.064749929428100650e+01,5.879999999999999893e+00,3.200000000000000000e+05
3.135212409702488490e+00,3.243168518066406136e+01,1.424987030029296886e-01,5.879999999999999893e+00,0.000000000000000000e+00
3.135232504001804976e+00,3.253215667724609261e+01,1.424987030029296886e-01,5.879999999999999893e+00,3.200000000000000000e+05
3.144868502020947254e+00,2.891499540328979379e+01,1.064749929428100650e+01,5.879999999999999893e+00,0.000000000000000000e+00
3.144888597083203230e+00,2.901547071456909066e+01,1.064749929428100650e+01,5.879999999999999893e+00,3.200000000000000000e+05
3.154524595102345508e+00,3.263263198852538949e+01,1.424987030029296886e-01,5.879999999999999893e+00,0.000000000000000000e+00
3.154544690164601484e+00,3.273310729980468636e+01,1.424987030029296886e-01,5.879999999999999893e+00,3.200000000000000000e+05
3.164180688722314727e+00,2.911594411849975472e+01,1.064749929428100650e+01,5.879999999999999893e+00,0.000000000000000000e+00
3.164200783403100736e+00,2.921641752243041879e+01,1.064749929428100650e+01,5.879999999999999893e+00,3.200000000000000000e+05
3.173836781422243014e+00,3.283357879638671761e+01,1.424987030029296886e-01,5.879999999999999893e+00,0.000000000000000000e+00
3.173856876484498990e+00,3.293405410766601449e+01,1.424987030029296886e-01,5.879999999999999893e+00,3.200000000000000000e+05
3.183492875042212233e+00,2.931689092636108285e+01,1.064749929428100650e+01,5.879999999999999893e+00,0.000000000000000000e+00
3.183512970104468209e+00,2.941736623764037972e+01,1.064749929428100650e+01,5.879999999999999893e+00,3.200000000000000000e+05
3.193148968662181453e+00,3.303452941894531136e+01,1.424987030029296886e-01,5.879999999999999893e+00,0.000000000000000000e+00
3.193169062961497939e+00,3.313500091552734261e+01,1.424987030029296886e-01,5.879999999999999893e+00,3.200000000000000000e+05
3.202805060980640217e+00,2.951783964157104379e+01,1.064749929428100650e+01,5.879999999999999893e+00,0.000000000000000000e+00
3.202825155661426226e+00,2.961831304550170785e+01,1.064749929428100650e+01,5.879999999999999893e+00,3.200000000000000000e+05
3.212461154219139470e+00,3.323547622680663949e+01,1.424987030029296886e-01,5.879999999999999893e+00,0.000000000000000000e+00
3.212481249281395446e+00,3.333595153808593636e+01,1.424987030029296886e-01,5.879999999999999893e+00,3.200000000000000000e+05
3.222117247839108689e+00,2.971878835678100472e+01,1.064749929428100650e+01,5.879999999999999893e+00,0.000000000000000000e+00
3.222137342519894698e+00,2.981926176071166879e+01,1.064749929428100650e+01,5.879999999999999893e+00,3.200000000000000000e+05
3.231773340539036976e+00,3.343642303466796761e+01,1.424987030029296886e-01,5.879999999999999893e+00,0.000000000000000000e+00
3.231793435601292952e+00,3.353689834594726449e+01,1.424987030029296886e-01,5.879999999999999893e+00,3.200000000000000000e+05
3.241429434159006195e+00,2.991973516464233285e+01,1.064749929428100650e+01,5.879999999999999893e+00,0.000000000000000000e+00
3.241449528839792205e+00,3.002020856857299691e+01,1.064749929428100650e+01,5.879999999999999893e+00,3.200000000000000000e+05
3.251085526858934482e+00,3.363736984252929574e+01,1.424987030029296886e-01,5.879999999999999893e+00,0.000000000000000000e+00
3.251105621921190458e+00,3.373784515380859261e+01,1.424987030029296886e-01,5.879999999999999893e+00,3.200000000000000000e+05
3.260741619940332736e+00,3.012068387985229379e+01,1.064749929428100650e+01,5.879999999999999893e+00,0.000000000000000000e+00
3.260761714621118745e+00,3.022115728378295785e+01,1.064749929428100650e+01,5.879999999999999893e+00,3.200000000000000000e+05
3.270397713178831989e+00,3.383832046508788949e+01,1.424987030029296886e-01,5.879999999999999893e+00,0.000000000000000000e+00
3.270417807478148475e+00,3.393879196166992074e+01,1.424987030029296886e-01,5.879999999999999893e+00,3.200000000000000000e+05
3.280053805497290753e+00,3.032163068771362191e+01,1.064749929428100650e+01,5.879999999999999893e+00,0.000000000000000000e+00
3.280073900559546729e+00,3.042210599899291879e+01,1.064749929428100650e+01,5.879999999999999893e+00,3.200000000000000000e+05
3.289709898578689007e+00,3.403926727294921761e+01,1.424987030029296886e-01,5.879999999999999893e+00,0.000000000000000000e+00
3.289729993640944983e+00,3.413974258422851449e+01,1.424987030029296886e-01,5.879999999999999893e+00,3.200000000000000000e+05
3.299365992064015263e+00,3.052257987976074105e+01,1.064749929428100650e+01,5.879999999999999893e+00,0.000000000000000000e+00
3.299386086744801272e+00,3.062305328369140511e+01,1.064749929428100650e+01,5.879999999999999893e+00,3.200000000000000000e+05
3.309022084629301030e+00,3.424021408081054574e+01,1.424987030029296886e-01,5.879999999999999893e+00,0.000000000000000000e+00
3.309042179691557006e+00,3.434068939208984261e+01,1.424987030029296886e-01,5.879999999999999893e+00,3.200000000000000000e+05
3.318678177576056765e+00,3.072352859497070199e+01,1.064749929428100650e+01,5.879999999999999893e+00,0.000000000000000000e+00
3.318698272256842774e+00,3.082400199890136605e+01,1.064749929428100650e+01,5.879999999999999893e+00,3.200000000000000000e+05
3.328334270679913054e+00,3.444116470336913949e+01,1.424987030029296886e-01,5.879999999999999893e+00,0.000000000000000000e+00
3.328354364979229540e+00,3.454163619995117074e+01,1.424987030029296886e-01,5.879999999999999893e+00,3.200000000000000000e+05
3.337990362863729299e+00,3.092447540283203011e+01,1.064749929428100650e+01,5.879999999999999893e+00,0.000000000000000000e+00
3.338010457544515308e+00,3.102494880676269418e+01,1.064749929428100650e+01,5.879999999999999893e+00,3.200000000000000000e+05
3.347646455967585588e+00,3.464211151123046761e+01,1.424987030029296886e-01,5.879999999999999893e+00,0.000000000000000000e+00
3.347666551029841564e+00,3.474258682250976449e+01,1.424987030029296886e-01,5.879999999999999893e+00,3.200000000000000000e+05
3.357302549452911844e+00,3.112542411804199105e+01,1.064749929428100650e+01,5.879999999999999893e+00,0.000000000000000000e+00
3.357322644133697853e+00,3.122589752197265511e+01,1.064749929428100650e+01,5.879999999999999893e+00,3.200000000000000000e+05
3.366958642018197612e+00,3.484305831909179574e+01,1.424987030029296886e-01,5.879999999999999893e+00,0.000000000000000000e+00
3.366978737080453588e+00,3.494353363037109261e+01,1.424987030029296886e-01,5.879999999999999893e+00,3.200000000000000000e+05
3.376614735503523868e+00,3.132637092590331918e+01,1.064749929428100650e+01,5.879999999999999893e+00,0.000000000000000000e+00
3.376634830565779843e+00,3.142684623718261605e+01,1.064749929428100650e+01,5.879999999999999893e+00,3.200000000000000000e+05
3.386270828988850123e+00,3.504400894165038949e+01,1.424987030029296886e-01,5.879999999999999893e+00,0.000000000000000000e+00
3.386290923288166610e+00,3.514448043823242074e+01,1.424987030029296886e-01,5.879999999999999893e+00,3.200000000000000000e+05
3.395926921172666368e+00,3.152731964111328011e+01,1.064749929428100650e+01,5.879999999999999893e+00,0.000000000000000000e+00
3.395947015853452378e+00,3.162779304504394418e+01,1.064749929428100650e+01,5.879999999999999893e+00,3.200000000000000000e+05
3.405583014276522658e+00,3.524495574951171761e+01,1.424987030029296886e-01,5.879999999999999893e+00,0.000000000000000000e+00
3.405603108575839144e+00,3.534542724609374886e+01,1.424987030029296886e-01,5.879999999999999893e+00,3.200000000000000000e+05
3.415239106460338903e+00,3.172826644897460824e+01,1.064749929428100650e+01,5.879999999999999893e+00,0.000000000000000000e+00
3.415259201522594878e+00,3.182874176025390511e+01,1.064749929428100650e+01,5.879999999999999893e+00,3.200000000000000000e+05
3.424895199407094637e+00,3.544590255737304574e+01,1.424987030029296886e-01,5.879999999999999893e+00,0.000000000000000000e+00
3.424915294469350613e+00,3.554637786865234261e+01,1.424987030029296886e-01,5.879999999999999893e+00,3.200000000000000000e+05
3.434551292892420893e+00,3.192921516418456918e+01,1.064749929428100650e+01,5.879999999999999893e+00,0.000000000000000000e+00
3.434571387573206902e+00,3.202968856811523324e+01,1.064749929428100650e+01,5.879999999999999893e+00,3.200000000000000000e+05
3.444207385457706661e+00,3.564684936523437386e+01,1.424987030029296886e-01,5.879999999999999893e+00,0.000000000000000000e+00
3.444227480519962636e+00,3.574732467651367074e+01,1.424987030029296886e-01,5.879999999999999893e+00,3.200000000000000000e+05
3.453863478404462395e+00,3.213016387939453011e+01,1.064749929428100650e+01,5.879999999999999893e+00,0.000000000000000000e+00
3.453883572703778881e+00,3.223063537597656136e+01,1.064749929428100650e+01,5.879999999999999893e+00,3.200000000000000000e+05
3.463519571665420127e+00,3.584779998779296761e+01,1.424987030029296886e-01,5.879999999999999893e+00,0.000000000000000000e+00
3.463539665964736614e+00,3.594827148437499886e+01,1.424987030029296886e-01,5.879999999999999893e+00,3.200000000000000000e+05
3.473175663849236372e+00,3.233111068725585824e+01,1.064749929428100650e+01,5.879999999999999893e+00,0.000000000000000000e+00
3.473195758911492348e+00,3.243158599853515511e+01,1.064749929428100650e+01,5.879999999999999893e+00,3.200000000000000000e+05
3.482831756795992106e+00,3.604874679565429574e+01,1.424987030029296886e-01,5.879999999999999893e+00,0.000000000000000000e+00
3.482851851858248082e+00,3.614922210693359261e+01,1.424987030029296886e-01,5.879999999999999893e+00,3.200000000000000000e+05
3.492487850819889328e+00,3.253205749511718636e+01,1.064749929428100650e+01,5.879999999999999893e+00,0.000000000000000000e+00
3.492507945882145304e+00,3.263253280639648324e+01,1.064749929428100650e+01,5.879999999999999893e+00,3.200000000000000000e+05
3.502143943766645062e+00,3.624969360351562386e+01,1.424987030029296886e-01,5.879999999999999893e+00,0.000000000000000000e+00
3.502164038828901038e+00,3.635016891479492074e+01,1.424987030029296886e-01,5.879999999999999893e+00,3.200000000000000000e+05
3.511800036713400797e+00,3.273300811767578011e+01,1.064749929428100650e+01,5.879999999999999893e+00,0.000000000000000000e+00
3.511820131012717283e+00,3.283347961425781136e+01,1.064749929428100650e+01,5.879999999999999893e+00,3.200000000000000000e+05
3.521456129974358529e+00,3.645064422607421761e+01,1.424987030029296886e-01,5.879999999999999893e+00,0.000000000000000000e+00
3.521476224273675015e+00,3.655111572265624886e+01,1.424987030029296886e-01,5.879999999999999893e+00,3.200000000000000000e+05
3.531112222158174774e+00,3.293395492553710824e+01,1.064749929428100650e+01,5.879999999999999893e+00,0.000000000000000000e+00
3.531132317220430750e+00,3.303443023681640511e+01,1.064749929428100650e+01,5.879999999999999893e+00,3.200000000000000000e+05
3.540768315104930508e+00,3.665159103393554574e+01,1.424987030029296886e-01,5.879999999999999893e+00,0.000000000000000000e+00
3.540788410167186484e+00,3.675206634521484261e+01,1.424987030029296886e-01,5.879999999999999893e+00,3.200000000000000000e+05
3.550424409128827730e+00,3.313490173339843636e+01,1.064749929428100650e+01,5.879999999999999893e+00,0.000000000000000000e+00
3.550444504191083706e+00,3.323537704467773324e+01,1.064749929428100650e+01,5.879999999999999893e+00,3.200000000000000000e+05
3.560080502075583464e+00,3.685253784179687386e+01,1.424987030029296886e-01,5.879999999999999893e+00,0.000000000000000000e+00
3.560100597137839440e+00,3.695301315307617074e+01,1.424987030029296886e-01,5.879999999999999893e+00,3.200000000000000000e+05
3.569736595022339198e+00,3.333585235595703011e+01,1.064749929428100650e+01,5.879999999999999893e+00,0.000000000000000000e+00
3.569756689321655685e+00,3.343632385253906136e+01,1.064749929428100650e+01,5.879999999999999893e+00,3.200000000000000000e+05
3.579392687206155443e+00,3.705348464965820199e+01,1.424987030029296886e-01,5.879999999999999893e+00,0.000000000000000000e+00
3.579412782268411419e+00,3.715395996093749886e+01,1.424987030029296886e-01,5.879999999999999893e+00,3.200000000000000000e+05
3.589048780152911178e+00,3.353679916381835824e+01,1.064749929428100650e+01,5.879999999999999893e+00,0.000000000000000000e+00
3.589068875215167154e+00,3.363727447509765511e+01,1.064749929428100650e+01,5.879999999999999893e+00,3.200000000000000000e+05
3.598704873099666912e+00,3.725443527221679574e+01,1.424987030029296886e-01,5.879999999999999893e+00,0.000000000000000000e+00
3.598724967398983399e+00,3.735490676879882699e+01,1.424987030029296886e-01,5.879999999999999893e+00,3.200000000000000000e+05
3.608360965283483157e+00,3.373774597167968636e+01,1.064749929428100650e+01,5.879999999999999893e+00,0.000000000000000000e+00
3.608381060345739133e+00,3.383822128295898324e+01,1.064749929428100650e+01,5.879999999999999893e+00,3.200000000000000000e+05
3.618017058230238892e+00,3.745538208007812386e+01,1.424987030029296886e-01,5.879999999999999893e+00,0.000000000000000000e+00
3.618037153292494867e+00,3.755585739135742074e+01,1.424987030029296886e-01,5.879999999999999893e+00,3.200000000000000000e+05
3.627673152254136113e+00,3.393869277954101449e+01,1.064749929428100650e+01,5.879999999999999893e+00,0.000000000000000000e+00
3.627693247316392089e+00,3.403916809082031136e+01,1.064749929428100650e+01,5.879999999999999893e+00,3.200000000000000000e+05
3.637329245200891847e+00,3.765632888793945199e+01,1.424987030029296886e-01,5.879999999999999893e+00,0.000000000000000000e+00
3.637349340263147823e+00,3.775680419921874886e+01,1.424987030029296886e-01,5.879999999999999893e+00,3.200000000000000000e+05
3.646985338147647582e+00,3.413964340209960824e+01,1.064749929428100650e+01,5.879999999999999893e+00,0.000000000000000000e+00
3.647005432446964068e+00,3.424011489868163949e+01,1.064749929428100650e+01,5.879999999999999893e+00,3.200000000000000000e+05
3.656641431408605314e+00,3.785727951049804574e+01,1.424987030029296886e-01,5.879999999999999893e+00,0.000000000000000000e+00
3.656661525707921800e+00,3.795775100708007699e+01,1.424987030029296886e-01,5.879999999999999893e+00,3.200000000000000000e+05
3.666297523592421559e+00,3.434059020996093636e+01,1.064749929428100650e+01,5.879999999999999893e+00,0.000000000000000000e+00
3.666317618654677535e+00,3.444106552124023324e+01,1.064749929428100650e+01,5.879999999999999893e+00,3.200000000000000000e+05
3.675953616539177293e+00,3.805822631835937386e+01,1.424987030029296886e-01,5.879999999999999893e+00,0.000000000000000000e+00
3.675973711601433269e+00,3.815870162963867074e+01,1.424987030029296886e-01,5.879999999999999893e+00,3.200000000000000000e+05
3.685609710563074515e+00,3.454153701782226449e+01,1.064749929428100650e+01,5.879999999999999893e+00,0.000000000000000000e+00
3.685629805625330491e+00,3.464201232910156136e+01,1.064749929428100650e+01,5.879999999999999893e+00,3.200000000000000000e+05
3.695265803509830249e+00,3.825917312622070199e+01,1.424987030029296886e-01,5.879999999999999893e+00,0.000000000000000000e+00
3.695285898572086225e+00,3.835964843749999886e+01,1.424987030029296886e-01,5.879999999999999893e+00,3.200000000000000000e+05
3.704921896456585984e+00,3.474248764038085824e+01,1.064749929428100650e+01,5.879999999999999893e+00,0.000000000000000000e+00
3.704941990755902470e+00,3.484295913696288949e+01,1.064749929428100650e+01,5.879999999999999893e+00,3.200000000000000000e+05
3.714577989717543716e+00,3.846012374877929574e+01,1.424987030029296886e-01,5.879999999999999893e+00,0.000000000000000000e+00
3.714598084016860202e+00,3.856059524536132699e+01,1.424987030029296886e-01,5.879999999999999893e+00,3.200000000000000000e+05
3.724234081901359961e+00,3.494343444824218636e+01,1.064749929428100650e+01,5.879999999999999893e+00,0.000000000000000000e+00
3.724254176963615937e+00,3.504390975952148324e+01,1.064749929428100650e+01,5.879999999999999893e+00,3.200000000000000000e+05
3.733890174848115695e+00,3.866107055664062386e+01,1.424987030029296886e-01,5.879999999999999893e+00,0.000000000000000000e+00
3.733910269147432182e+00,3.876154205322265511e+01,1.424987030029296886e-01,5.879999999999999893e+00,3.200000000000000000e+05
3.743546267031931940e+00,3.514438125610351449e+01,1.064749929428100650e+01,5.879999999999999893e+00,0.000000000000000000e+00
3.743566362094187916e+00,3.524485656738281136e+01,1.064749929428100650e+01,5.879999999999999893e+00,3.200000000000000000e+05
3.753202359978687674e+00,3.886201736450195199e+01,1.424987030029296886e-01,5.879999999999999893e+00,0.000000000000000000e+00
3.753222455040943650e+00,3.896249267578124886e+01,1.424987030029296886e-01,5.879999999999999893e+00,3.200000000000000000e+05
3.762858452925443409e+00,3.534533187866210824e+01,1.064749929428100650e+01,5.879999999999999893e+00,0.000000000000000000e+00
3.762878547224759895e+00,3.544580337524413949e+01,1.064749929428100650e+01,5.879999999999999893e+00,3.200000000000000000e+05
3.772514545109259654e+00,3.906296417236328011e+01,1.424987030029296886e-01,5.879999999999999893e+00,0.000000000000000000e+00
3.772534640171515630e+00,3.916343948364257699e+01,1.424987030029296886e-01,5.879999999999999893e+00,3.200000000000000000e+05
3.782170638056015388e+00,3.554627868652343636e+01,1.064749929428100650e+01,5.879999999999999893e+00,0.000000000000000000e+00
3.782190732355331875e+00,3.564675018310546761e+01,1.064749929428100650e+01,5.879999999999999893e+00,3.200000000000000000e+05
3.791826731316973120e+00,3.926391479492187386e+01,1.424987030029296886e-01,5.879999999999999893e+00,0.000000000000000000e+00
3.791846825616289607e+00,3.936438629150390511e+01,1.424987030029296886e-01,5.879999999999999893e+00,3.200000000000000000e+05
3.801482823500789365e+00,3.574722549438476449e+01,1.064749929428100650e+01,5.879999999999999893e+00,0.000000000000000000e+00
3.801502918563045341e+00,3.584770080566406136e+01,1.064749929428100650e+01,5.879999999999999893e+00,3.200000000000000000e+05
3.811138916447545100e+00,3.946486160278320199e+01,1.424987030029296886e-01,5.879999999999999893e+00,0.000000000000000000e+00
3.811159011509801076e+00,3.956533691406249886e+01,1.424987030029296886e-01,5.879999999999999893e+00,3.200000000000000000e+05
3.820795010471442321e+00,3.594817230224609261e+01,1.064749929428100650e+01,5.879999999999999893e+00,0.000000000000000000e+00
3.820815105533698297e+00,3.604864761352538949e+01,1.064749929428100650e+01,5.879999999999999893e+00,3.200000000000000000e+05
3.830451103418198056e+00,3.966580841064453011e+01,1.424987030029296886e-01,5.879999999999999893e+00,0.000000000000000000e+00
3.830471198480454031e+00,3.976628372192382699e+01,1.424987030029296886e-01,5.879999999999999893e+00,3.200000000000000000e+05
3.840107196364953790e+00,3.614912292480468636e+01,1.064749929428100650e+01,5.879999999999999893e+00,0.000000000000000000e+00
3.840127290664270276e+00,3.624959442138671761e+01,1.064749929428100650e+01,5.879999999999999893e+00,3.200000000000000000e+05
3.849763289625911522e+00,3.986675903320312386e+01,1.424987030029296886e-01,5.879999999999999893e+00,0.000000000000000000e+00
3.849783383925228009e+00,3.996723052978515511e+01,1.424987030029296886e-01,5.879999999999999893e+00,3.200000000000000000e+05
3.859419381809727767e+00,3.635006973266601449e+01,1.064749929428100650e+01,5.879999999999999893e+00,0.000000000000000000e+00
3.859439476871983743e+00,3.645054504394531136e+01,1.064749929428100650e+01,5.879999999999999893e+00,3.200000000000000000e+05
3.869075474756483501e+00,4.006770584106445199e+01,1.424987030029296886e-01,5.879999999999999893e+00,0.000000000000000000e+00
3.869095569818739477e+00,4.016818115234374886e+01,1.424987030029296886e-01,5.879999999999999893e+00,3.200000000000000000e+05
3.878731568780380723e+00,3.655101654052734261e+01,1.064749929428100650e+01,5.879999999999999893e+00,0.000000000000000000e+00
3.878751663842636699e+00,3.665149185180663949e+01,1.064749929428100650e+01,5.879999999999999893e+00,3.200000000000000000e+05
3.888387661727136457e+00,4.026865264892578011e+01,1.424987030029296886e-01,5.879999999999999893e+00,0.000000000000000000e+00
3.888407756789392433e+00,4.036912796020507699e+01,1.424987030029296886e-01,5.879999999999999893e+00,3.200000000000000000e+05
3.898043754673892192e+00,3.675196716308593636e+01,1.064749929428100650e+01,5.879999999999999893e+00,0.000000000000000000e+00
3.898063848973208678e+00,3.685243865966796761e+01,1.064749929428100650e+01,5.879999999999999893e+00,3.200000000000000000e+05
3.907699846857708437e+00,4.046959945678710824e+01,1.424987030029296886e-01,5.879999999999999893e+00,0.000000000000000000e+00
3.907719941919964413e+00,4.057007476806640511e+01,1.424987030029296886e-01,5.879999999999999893e+00,3.200000000000000000e+05
3.917355939804464171e+00,3.695291397094726449e+01,1.064749929428100650e+01,5.879999999999999893e+00,0.000000000000000000e+00
3.917376034866720147e+00,3.705338928222656136e+01,1.064749929428100650e+01,5.879999999999999893e+00,3.200000000000000000e+05
3.927012032751219905e+00,4.067055007934570199e+01,1.424987030029296886e-01,5.879999999999999893e+00,0.000000000000000000e+00
3.927032127050536392e+00,4.077102157592773324e+01,1.424987030029296886e-01,5.879999999999999893e+00,3.200000000000000000e+05
3.936668124935036150e+00,3.715386077880859261e+01,1.064749929428100650e+01,5.879999999999999893e+00,0.000000000000000000e+00
3.936688219997292126e+00,3.725433609008788949e+01,1.064749929428100650e+01,5.879999999999999893e+00,3.200000000000000000e+05
3.946324217881791885e+00,4.087149688720703011e+01,1.424987030029296886e-01,5.879999999999999893e+00,0.000000000000000000e+00
3.946344312944047861e+00,4.097197219848632699e+01,1.424987030029296886e-01,5.879999999999999893e+00,3.200000000000000000e+05
3.955980311905689106e+00,3.735480758666992074e+01,1.064749929428100650e+01,5.879999999999999893e+00,0.000000000000000000e+00
3.956000406967945082e+00,3.745528289794921761e+01,1.064749929428100650e+01,5.879999999999999893e+00,3.200000000000000000e+05
3.965636404852444841e+00,4.107244369506835824e+01,1.424987030029296886e-01,5.879999999999999893e+00,0.000000000000000000e+00
3.965656499914700817e+00,4.117291900634765511e+01,1.424987030029296886e-01,5.879999999999999893e+00,3.200000000000000000e+05
3.975292497799200575e+00,3.755575820922851449e+01,1.064749929428100650e+01,5.879999999999999893e+00,0.000000000000000000e+00
3.975312592098517062e+00,3.765622970581054574e+01,1.064749929428100650e+01,5.879999999999999893e+00,3.200000000000000000e+05
3.984948591060158307e+00,4.127339431762695199e+01,1.424987030029296886e-01,5.879999999999999893e+00,0.000000000000000000e+00
3.984968685359474794e+00,4.137386581420898324e+01,1.424987030029296886e-01,5.879999999999999893e+00,3.200000000000000000e+05
3.994604683243974552e+00,3.775670501708984261e+01,1.064749929428100650e+01,5.879999999999999893e+00,0.000000000000000000e+00
3.994624778306230528e+00,3.785718032836913949e+01,1.064749929428100650e+01,5.879999999999999893e+00,3.200000000000000000e+05
4.004260776190729842e+00,4.147434112548828011e+01,1.424987030029296886e-01,5.879999999999999893e+00,0.000000000000000000e+00
4.004280871252985818e+00,4.157481643676757699e+01,1.424987030029296886e-01,5.879999999999999893e+00,3.200000000000000000e+05
4.013916870214626620e+00,3.795765182495117074e+01,1.064749929428100650e+01,5.879999999999999893e+00,0.000000000000000000e+00
4.013936965276882596e+00,3.805812713623046761e+01,1.064749929428100650e+01,5.879999999999999893e+00,3.200000000000000000e+05
4.023572963161382354e+00,4.167528793334960824e+01,1.424987030029296886e-01,5.879999999999999893e+00,0.000000000000000000e+00
4.023593058223638330e+00,4.177576324462890511e+01,1.424987030029296886e-01,5.879999999999999893e+00,3.200000000000000000e+05
4.033229056108138089e+00,3.815860244750976449e+01,1.064749929428100650e+01,5.879999999999999893e+00,0.000000000000000000e+00
4.033249150407454131e+00,3.825907394409179574e+01,1.064749929428100650e+01,5.879999999999999893e+00,3.200000000000000000e+05
4.042885149369094933e+00,4.187623855590820199e+01,1.424987030029296886e-01,5.879999999999999893e+00,0.000000000000000000e+00
4.042905243668410975e+00,4.197671005249023324e+01,1.424987030029296886e-01,5.879999999999999893e+00,3.200000000000000000e+05
4.052541241552910734e+00,3.835954925537109261e+01,1.064749929428100650e+01,5.879999999999999893e+00,0.000000000000000000e+00
4.052561336615166709e+00,3.846002456665038949e+01,1.064749929428100650e+01,5.879999999999999893e+00,3.200000000000000000e+05
4.062197334499666468e+00,4.207718536376953011e+01,1.424987030029296886e-01,5.879999999999999893e+00,0.000000000000000000e+00
4.062217428798982510e+00,4.217765686035156136e+01,1.424987030029296886e-01,5.879999999999999893e+00,3.200000000000000000e+05
4.071853426683482269e+00,3.856049606323242074e+01,1.064749929428100650e+01,5.879999999999999893e+00,0.000000000000000000e+00
4.071873521745738245e+00,3.866097137451171761e+01,1.064749929428100650e+01,5.879999999999999893e+00,3.200000000000000000e+05
4.081509519630238003e+00,4.227813217163085824e+01,1.424987030029296886e-01,5.879999999999999893e+00,0.000000000000000000e+00
4.081529614692493979e+00,4.237860748291015511e+01,1.424987030029296886e-01,5.879999999999999893e+00,3.200000000000000000e+05
4.091165612576993738e+00,3.876144668579101449e+01,1.064749929428100650e+01,5.879999999999999893e+00,0.000000000000000000e+00
4.091185706876309780e+00,3.886191818237304574e+01,1.064749929428100650e+01,5.879999999999999893e+00,3.200000000000000000e+05
4.100821704760809538e+00,4.247907897949218636e+01,1.424987030029296886e-01,5.879999999999999893e+00,0.000000000000000000e+00
4.100841799823065514e+00,4.257955429077148324e+01,1.424987030029296886e-01,5.879999999999999893e+00,3.200000000000000000e+05
4.110477797707565273e+00,3.896239349365234261e+01,1.064749929428100650e+01,5.879999999999999893e+00,0.000000000000000000e+00
4.110497892006881315e+00,3.906286499023437386e+01,1.064749929428100650e+01,5.879999999999999893e+00,3.200000000000000000e+05
4.120133890968522117e+00,4.268002960205078011e+01,1.424987030029296886e-01,5.879999999999999893e+00,0.000000000000000000e+00
4.120153985267838159e+00,4.278050109863281136e+01,1.424987030029296886e-01,5.879999999999999893e+00,3.200000000000000000e+05
4.129789983152337918e+00,3.916334030151367074e+01,1.064749929428100650e+01,5.879999999999999893e+00,0.000000000000000000e+00
4.129810078214593894e+00,3.926381561279296761e+01,1.064749929428100650e+01,5.879999999999999893e+00,3.200000000000000000e+05
4.139446076099093652e+00,4.288097640991210824e+01,1.424987030029296886e-01,5.879999999999999893e+00,0.000000000000000000e+00
4.139466171161349628e+00,4.298145172119140511e+01,1.424987030029296886e-01,5.879999999999999893e+00,3.200000000000000000e+05
4.149102170122990429e+00,3.936428710937499886e+01,1.064749929428100650e+01,5.879999999999999893e+00,0.000000000000000000e+00
4.149122265185246405e+00,3.946476242065429574e+01,1.064749929428100650e+01,5.879999999999999893e+00,3.200000000000000000e+05
4.158758263069746164e+00,4.308192321777343636e+01,1.424987030029296886e-01,5.879999999999999893e+00,0.000000000000000000e+00
4.158778358132002140e+00,4.318239852905273324e+01,1.424987030029296886e-01,5.879999999999999893e+00,3.200000000000000000e+05
4.168414356016501898e+00,3.956523773193359261e+01,1.064749929428100650e+01,5.879999999999999893e+00,0.000000000000000000e+00
4.168434450315817941e+00,3.966570922851562386e+01,1.064749929428100650e+01,5.879999999999999893e+00,3.200000000000000000e+05
4.178070449277458742e+00,4.328287384033203011e+01,1.424987030029296886e-01,5.879999999999999893e+00,0.000000000000000000e+00
4.178090543576774785e+00,4.338334533691406136e+01,1.424987030029296886e-01,5.879999999999999893e+00,3.200000000000000000e+05
4.187726541461274543e+00,3.976618453979492074e+01,1.064749929428100650e+01,5.879999999999999893e+00,0.000000000000000000e+00
4.187746636523530519e+00,3.986665985107421761e+01,1.064749929428100650e+01,5.879999999999999893e+00,3.200000000000000000e+05
4.197382634408030277e+00,4.348382064819335824e+01,1.424987030029296886e-01,5.879999999999999893e+00,0.000000000000000000e+00
4.197402729470286253e+00,4.358429595947265511e+01,1.424987030029296886e-01,5.879999999999999893e+00,3.200000000000000000e+05
4.207038728431927055e+00,3.996713134765624886e+01,1.064749929428100650e+01,5.879999999999999893e+00,0.000000000000000000e+00
4.207058823494183031e+00,4.006760665893554574e+01,1.064749929428100650e+01,5.879999999999999893e+00,3.200000000000000000e+05
4.216694821378682789e+00,4.368476745605468636e+01,1.424987030029296886e-01,5.879999999999999893e+00,0.000000000000000000e+00
4.216714916440938765e+00,4.378524276733398324e+01,1.424987030029296886e-01,5.879999999999999893e+00,3.200000000000000000e+05
4.226350914325438524e+00,4.016808197021484261e+01,1.064749929428100650e+01,5.879999999999999893e+00,0.000000000000000000e+00
4.226371008624754566e+00,4.026855346679687386e+01,1.064749929428100650e+01,5.879999999999999893e+00,3.200000000000000000e+05
4.236007006509254325e+00,4.388571426391601449e+01,1.424987030029296886e-01,5.879999999999999893e+00,0.000000000000000000e+00
4.236027101571510300e+00,4.398618957519531136e+01,1.424987030029296886e-01,5.879999999999999893e+00,3.200000000000000000e+05
4.245663099456010059e+00,4.036902877807617074e+01,1.064749929428100650e+01,5.879999999999999893e+00,0.000000000000000000e+00
4.245683194518266035e+00,4.046950408935546761e+01,1.064749929428100650e+01,5.879999999999999893e+00,3.200000000000000000e+05
4.255319192402765793e+00,4.408666488647460824e+01,1.424987030029296886e-01,5.879999999999999893e+00,0.000000000000000000e+00
4.255339286702081836e+00,4.418713638305663949e+01,1.424987030029296886e-01,5.879999999999999893e+00,3.200000000000000000e+05
4.264975284586581594e+00,4.056997558593749886e+01,1.064749929428100650e+01,5.879999999999999893e+00,0.000000000000000000e+00
4.264995379648837570e+00,4.067045089721679574e+01,1.064749929428100650e+01,5.879999999999999893e+00,3.200000000000000000e+05
4.274631377533337329e+00,4.428761169433593636e+01,1.424987030029296886e-01,5.879999999999999893e+00,0.000000000000000000e+00
4.274651472595593305e+00,4.438808700561523324e+01,1.424987030029296886e-01,5.879999999999999893e+00,3.200000000000000000e+05
4.284287471557234106e+00,4.077092239379882699e+01,1.064749929428100650e+01,5.879999999999999893e+00,0.000000000000000000e+00
4.284307566619490082e+00,4.087139770507812386e+01,1.064749929428100650e+01,5.879999999999999893e+00,3.200000000000000000e+05
4.293943564503989840e+00,4.448855850219726449e+01,1.424987030029296886e-01,5.879999999999999893e+00,0.000000000000000000e+00
4.293963659566245816e+00,4.458903381347656136e+01,1.424987030029296886e-01,5.879999999999999893e+00,3.200000000000000000e+05
4.303599657450745575e+00,4.097187301635742074e+01,1.064749929428100650e+01,5.879999999999999893e+00,0.000000000000000000e+00
4.303619751750061617e+00,4.107234451293945199e+01,1.064749929428100650e+01,5.879999999999999893e+00,3.200000000000000000e+05
4.313255750711702419e+00,4.468950912475585824e+01,1.424987030029296886e-01,5.879999999999999893e+00,0.000000000000000000e+00
4.313275845011018461e+00,4.478998062133788949e+01,1.424987030029296886e-01,5.879999999999999893e+00,3.200000000000000000e+05
4.322911842895518220e+00,4.117281982421874886e+01,1.064749929428100650e+01,5.879999999999999893e+00,0.000000000000000000e+00
4.322931937957774196e+00,4.127329513549804574e+01,1.064749929428100650e+01,5.879999999999999893e+00,3.200000000000000000e+05
4.332453501575296073e+00,4.484749862670898324e+01,2.672526550292968484e-01,5.879999999999999893e+00,0.000000000000000000e+00
4.332511860721414365e+00,4.484749862670898324e+01,5.590483856201171609e-01,5.879999999999999893e+00,3.200000000000000000e+05
4.341765767267581566e+00,4.137376663208007699e+01,1.064749929428100650e+01,5.879999999999999893e+00,0.000000000000000000e+00
4.341785862329837542e+00,4.147424194335937386e+01,1.064749929428100650e+01,5.879999999999999893e+00,3.200000000000000000e+05
4.350772109163385970e+00,4.484749862670898324e+01,8.508460235595702859e-01,5.879999999999999893e+00,0.000000000000000000e+00
4.350830468690974229e+00,4.484749862670898324e+01,1.142643661499023411e+00,5.879999999999999893e+00,3.200000000000000000e+05
4.359549055811903884e+00,4.157471725463867074e+01,1.064749929428100650e+01,5.879999999999999893e+00,0.000000000000000000e+00
4.359569150111219926e+00,4.167518875122070199e+01,1.064749929428100650e+01,5.879999999999999893e+00,3.200000000000000000e+05
4.368020078596671851e+00,4.484749862670898324e+01,1.434441299438476536e+00,5.879999999999999893e+00,0.000000000000000000e+00
4.368078438124260110e+00,4.484749862670898324e+01,1.726238937377929661e+00,5.879999999999999893e+00,3.200000000000000000e+05
4.376261706897093262e+00,4.177566406249999886e+01,1.064749929428100650e+01,5.879999999999999893e+00,0.000000000000000000e+00
4.376281801959349238e+00,4.187613937377929574e+01,1.064749929428100650e+01,5.879999999999999893e+00,3.200000000000000000e+05
4.384197410237502979e+00,4.484749862670898324e+01,2.018037528991699414e+00,5.879999999999999893e+00,0.000000000000000000e+00
4.384255769765091237e+00,4.484749862670898324e+01,2.309835166931152539e+00,5.879999999999999893e+00,3.200000000000000000e+05
4.391903719407767248e+00,4.197661087036132699e+01,1.064749929428100650e+01,5.879999999999999893e+00,0.000000000000000000e+00
4.391923814470023224e+00,4.207708618164062386e+01,1.064749929428100650e+01,5.879999999999999893e+00,3.200000000000000000e+05
4.399304104400080462e+00,4.484749862670898324e+01,2.601632804870605664e+00,5.879999999999999893e+00,0.000000000000000000e+00
4.399362463927668720e+00,4.484749862670898324e+01,2.893430442810058789e+00,5.879999999999999893e+00,3.200000000000000000e+05
4.406475094145107185e+00,4.217756149291992074e+01,1.064749929428100650e+01,5.879999999999999893e+00,0.000000000000000000e+00
4.406495188444423228e+00,4.227803298950195199e+01,1.064749929428100650e+01,5.879999999999999893e+00,3.200000000000000000e+05
4.413340160026383963e+00,4.484749862670898324e+01,3.185228080749511914e+00,5.879999999999999893e+00,0.000000000000000000e+00
4.413398519363236794e+00,4.484749862670898324e+01,3.477024765014648633e+00,5.879999999999999893e+00,3.200000000000000000e+05
4.419975832014640282e+00,4.237850830078124886e+01,1.064749929428100650e+01,5.879999999999999893e+00,0.000000000000000000e+00
4.419995926313956325e+00,4.247897979736328011e+01,1.064749929428100650e+01,5.879999999999999893e+00,3.200000000000000000e+05
4.426305580329882083e+00,4.484749862670898324e+01,3.768822402954101758e+00,5.879999999999999893e+00,0.000000000000000000e+00
4.426363939857470342e+00,4.484749862670898324e+01,4.060620040893554439e+00,5.879999999999999893e+00,3.200000000000000000e+05
4.432405934160777328e+00,4.257945510864257699e+01,1.064749929428100650e+01,5.879999999999999893e+00,0.000000000000000000e+00
4.432426029223033304e+00,4.267993041992187386e+01,1.064749929428100650e+01,5.879999999999999893e+00,3.200000000000000000e+05
4.438200363813721516e+00,4.484749862670898324e+01,4.352417678833007564e+00,5.879999999999999893e+00,0.000000000000000000e+00
4.438258723341309775e+00,4.484749862670898324e+01,4.644215316772460689e+00,5.879999999999999893e+00,3.200000000000000000e+05
4.443765399296520258e+00,4.278040191650390511e+01,1.064749929428100650e+01,5.879999999999999893e+00,0.000000000000000000e+00
4.443785494358776234e+00,4.288087722778320199e+01,1.064749929428100650e+01,5.879999999999999893e+00,3.200000000000000000e+05
4.449024510601367943e+00,4.484749862670898324e+01,4.936012954711913814e+00,5.879999999999999893e+00,0.000000000000000000e+00
4.449082870128956202e+00,4.484749862670898324e+01,5.227810592651366939e+00,5.879999999999999893e+00,3.200000000000000000e+05
4.454054226658930027e+00,4.298135253906249886e+01,1.064749929428100650e+01,5.879999999999999893e+00,0.000000000000000000e+00
4.454074320958246069e+00,4.308182403564453011e+01,1.064749929428100650e+01,5.879999999999999893e+00,3.200000000000000000e+05
4.458778018852742164e+00,4.484749862670898324e+01,5.519608230590820064e+00,5.879999999999999893e+00,0.000000000000000000e+00
4.458836378380330423e+00,4.484749862670898324e+01,5.811405868530273189e+00,5.879999999999999893e+00,3.200000000000000000e+05
4.463272416562207745e+00,4.318229934692382699e+01,1.064749929428100650e+01,5.879999999999999893e+00,0.000000000000000000e+00
4.463292511624463721e+00,4.328277465820312386e+01,1.064749929428100650e+01,5.879999999999999893e+00,3.200000000000000000e+05
4.467460890093722270e+00,4.484749862670898324e+01,6.103203506469726314e+00,5.879999999999999893e+00,0.000000000000000000e+00
4.467519249621310529e+00,4.484749862670898324e+01,6.395001144409179439e+00,5.879999999999999893e+00,3.200000000000000000e+05
4.471419969455091348e+00,4.338324615478515511e+01,1.064749929428100650e+01,5.879999999999999893e+00,0.000000000000000000e+00
4.471440064517347324e+00,4.348372146606445199e+01,1.064749929428100650e+01,5.879999999999999893e+00,3.200000000000000000e+05
4.475073124638509370e+00,4.484749862670898324e+01,6.686798782348632564e+00,5.879999999999999893e+00,0.000000000000000000e+00
4.475131484166097628e+00,4.484749862670898324e+01,6.978596420288085689e+00,5.879999999999999893e+00,3.200000000000000000e+05
4.478496884574641790e+00,4.358419677734374886e+01,1.064749929428100650e+01,5.879999999999999893e+00,0.000000000000000000e+00
4.478516978873957832e+00,4.368466827392578011e+01,1.064749929428100650e+01,5.879999999999999893e+00,3.200000000000000000e+05
4.481614720647023375e+00,4.484749862670898324e+01,7.270394058227538814e+00,5.879999999999999893e+00,0.000000000000000000e+00
4.481673080174611634e+00,4.484749862670898324e+01,7.562191696166991939e+00,5.879999999999999893e+00,3.200000000000000000e+05
4.484503162235058404e+00,4.378514358520507699e+01,1.064749929428100650e+01,5.879999999999999893e+00,0.000000000000000000e+00
4.484523257297314380e+00,4.388561889648437386e+01,1.064749929428100650e+01,5.879999999999999893e+00,3.200000000000000000e+05
4.487085679645143266e+00,4.484749862670898324e+01,7.853989334106445064e+00,5.879999999999999893e+00,0.000000000000000000e+00
4.487144039172731524e+00,4.484749862670898324e+01,8.145786972045899077e+00,5.879999999999999893e+00,3.200000000000000000e+05
4.489438802885081792e+00,4.398609039306640511e+01,1.064749929428100650e+01,5.879999999999999893e+00,0.000000000000000000e+00
4.489458897947337768e+00,4.408656570434570199e+01,1.064749929428100650e+01,5.879999999999999893e+00,3.200000000000000000e+05
4.491486001947070150e+00,4.484749862670898324e+01,8.437584609985352202e+00,5.879999999999999893e+00,0.000000000000000000e+00
4.491544361474658409e+00,4.484749862670898324e+01,8.729382247924805327e+00,5.879999999999999893e+00,3.200000000000000000e+05
4.493303806838913061e+00,4.418703720092773324e+01,1.064749929428100650e+01,5.879999999999999893e+00,0.000000000000000000e+00
4.493323901901169037e+00,4.428751251220703011e+01,1.064749929428100650e+01,5.879999999999999893e+00,3.200000000000000000e+05
4.494815687552804917e+00,4.484749862670898324e+01,9.021179885864258452e+00,5.879999999999999893e+00,0.000000000000000000e+00
4.494874047080393176e+00,4.484749862670898324e+01,9.312977523803711577e+00,5.879999999999999893e+00,3.200000000000000000e+05
4.496098173019411171e+00,4.438798782348632699e+01,1.064749929428100650e+01,5.879999999999999893e+00,0.000000000000000000e+00
4.496118267318727213e+00,4.448845932006835824e+01,1.064749929428100650e+01,5.879999999999999893e+00,3.200000000000000000e+05
4.497074734622266590e+00,4.484749862670898324e+01,9.604775161743164702e+00,5.879999999999999893e+00,0.000000000000000000e+00
4.497133094054486691e+00,4.484749862670898324e+01,9.896572322845459624e+00,5.879999999999999893e+00,3.200000000000000000e+05
4.497821902036438502e+00,4.458893463134765511e+01,1.064749929428100650e+01,5.879999999999999893e+00,0.000000000000000000e+00
4.497841997098694478e+00,4.468940994262695199e+01,1.064749929428100650e+01,5.879999999999999893e+00,3.200000000000000000e+05
4.498263146150093483e+00,4.484749862670898324e+01,1.018836900711059634e+01,5.879999999999999893e+00,0.000000000000000000e+00
4.498321505677681742e+00,4.484749862670898324e+01,1.048016664505004947e+01,5.879999999999999893e+00,3.200000000000000000e+05
4.498474996093597689e+00,4.478988143920898324e+01,1.064749929428100650e+01,5.879999999999999893e+00,0.000000000000000000e+00
4.507586148399036929e+00,4.484750053405761605e+01,1.424987030029296886e-01,5.879999999999999893e+00,3.200000000000000000e+05
4.516697163655999603e+00,4.484750053405761605e+01,1.064749929428100650e+01,5.879999999999999893e+00,3.200000000000000000e+05
4.555469931939654771e+00,1.424987030029296886e-01,1.064749929428100650e+01,5.879999999999999893e+00,3.200000000000000000e+05
4.564580947196617444e+00,1.424987030029296886e-01,1.424987030029296886e-01,5.879999999999999893e+00,3.200000000000000000e+05
4.573521947562828593e+00,4.484750053405761605e+01,1.424987030029296886e-01,5.879999999999999893e+00,0.000000000000000000e+00
4.612335933461148230e+00,9.500000000000000111e-02,9.500000000000000111e-02,5.879999999999999893e+00,3.200000000000000000e+05
4.621529341464439611e+00,9.500000000000000111e-02,1.069499942779541080e+01,5.879999999999999893e+00,3.200000000000000000e+05
4.660384501253737710e+00,4.489499923706054574e+01,1.069499942779541080e+01,5.879999999999999893e+00,3.200000000000000000e+05
4.669577909257029091e+00,4.489499923706054574e+01,9.500000000000000111e-02,5.879999999999999893e+00,3.200000000000000000e+05
4.678537909104441006e+00,9.500000000000000111e-02,9.500000000000000111e-02,5.879999999999999893e+00,0.000000000000000000e+00
