2.000000000000000111e-01,1.473777008056640636e-01,1.425006103515625011e-01,1.679999999999999938e+00,0.000000000000000000e+00
2.000270409888323941e-01,1.424987030029296886e-01,1.732947540283203136e-01,1.679999999999999938e+00,0.000000000000000000e+00
2.001484978980120899e-01,1.424987030029296886e-01,7.805792999267577859e-01,1.679999999999999938e+00,3.200000000000000000e+05
2.007088036943395770e-01,2.435614776611328136e-01,1.425006103515625011e-01,1.679999999999999938e+00,0.000000000000000000e+00
2.007280404497106818e-01,3.397452545166015359e-01,1.425006103515625011e-01,1.679999999999999938e+00,3.200000000000000000e+05
2.018216094196884636e-01,1.424987030029296886e-01,1.387861938476562473e+00,1.679999999999999938e+00,0.000000000000000000e+00
2.019430659473984147e-01,1.424987030029296886e-01,1.995144577026367161e+00,1.679999999999999938e+00,3.200000000000000000e+05
2.035698980910269351e-01,4.359290313720702859e-01,1.425006103515625011e-01,1.679999999999999938e+00,0.000000000000000000e+00
2.035891348463980399e-01,5.321128082275390359e-01,1.425006103515625011e-01,1.679999999999999938e+00,3.200000000000000000e+05
2.057492309806183972e-01,1.424987030029296886e-01,2.602428169250488477e+00,1.679999999999999938e+00,0.000000000000000000e+00
2.058706875083283483e-01,1.424987030029296886e-01,3.209710807800293164e+00,1.679999999999999938e+00,3.200000000000000000e+05
2.085640470749813291e-01,6.282984924316405984e-01,1.425006103515625011e-01,1.679999999999999938e+00,0.000000000000000000e+00
2.085832838303524339e-01,7.244822692871093484e-01,1.425006103515625011e-01,1.679999999999999938e+00,3.200000000000000000e+05
2.118099073875971128e-01,1.424987030029296886e-01,3.816994400024414258e+00,1.679999999999999938e+00,0.000000000000000000e+00
2.119313639153070639e-01,1.424987030029296886e-01,4.424277038574218501e+00,1.679999999999999938e+00,3.200000000000000000e+05
2.156912506462025092e-01,8.206660461425780984e-01,1.425006103515625011e-01,1.679999999999999938e+00,0.000000000000000000e+00
2.157104874015736140e-01,9.168498229980468484e-01,1.425006103515625011e-01,1.679999999999999938e+00,3.200000000000000000e+05
2.200036381230608962e-01,1.424987030029296886e-01,5.031560630798339595e+00,1.679999999999999938e+00,0.000000000000000000e+00
2.201250946507708472e-01,1.424987030029296886e-01,5.638843269348144283e+00,1.679999999999999938e+00,3.200000000000000000e+05
2.249515088046906974e-01,1.013035507202148411e+00,1.425006103515625011e-01,1.679999999999999938e+00,0.000000000000000000e+00
2.249707455600618022e-01,1.109219284057617161e+00,1.425006103515625011e-01,1.679999999999999938e+00,3.200000000000000000e+05
2.303304237045734060e-01,1.424987030029296886e-01,6.246126861572265376e+00,1.679999999999999938e+00,0.000000000000000000e+00
2.304518802322833571e-01,1.424987030029296886e-01,6.853409500122070064e+00,1.679999999999999938e+00,3.200000000000000000e+05
2.363448215504457550e-01,1.205403060913085911e+00,1.425006103515625011e-01,1.679999999999999938e+00,0.000000000000000000e+00
2.363640583058168598e-01,1.301586837768554661e+00,1.425006103515625011e-01,1.679999999999999938e+00,3.200000000000000000e+05
2.427902627976300798e-01,1.424987030029296886e-01,7.460692138671874751e+00,1.679999999999999938e+00,0.000000000000000000e+00
2.429117195160749032e-01,1.424987030029296886e-01,8.067975730895996733e+00,1.679999999999999938e+00,3.200000000000000000e+05
2.498711879984799877e-01,1.397770614624023411e+00,1.425006103515625011e-01,1.679999999999999938e+00,0.000000000000000000e+00
2.498904251353208095e-01,1.493956298828124973e+00,1.425006103515625011e-01,1.679999999999999938e+00,3.200000000000000000e+05
2.573831578670993658e-01,1.424987030029296886e-01,8.675259323120117827e+00,1.679999999999999938e+00,0.000000000000000000e+00
2.575046143948093169e-01,1.424987030029296886e-01,9.282541961669922514e+00,1.679999999999999938e+00,3.200000000000000000e+05
2.655306103002386675e-01,1.590140075683593723e+00,1.425006103515625011e-01,1.679999999999999938e+00,0.000000000000000000e+00
2.655498470556097446e-01,1.686323852539062473e+00,1.425006103515625011e-01,1.679999999999999938e+00,3.200000000000000000e+05
2.741091061346899171e-01,1.424987030029296886e-01,9.889824600219727202e+00,1.679999999999999938e+00,0.000000000000000000e+00
2.742305627577673044e-01,1.424987030029296886e-01,1.049710771560669009e+01,1.679999999999999938e+00,3.200000000000000000e+05
2.833230854189688341e-01,1.782507629394531223e+00,1.425006103515625011e-01,1.679999999999999938e+00,0.000000000000000000e+00
2.833423225558096559e-01,1.878693313598632786e+00,1.425006103515625011e-01,1.679999999999999938e+00,3.200000000000000000e+05
2.925669079219621049e-01,2.148635101318359386e-01,1.064750120162963931e+01,1.679999999999999938e+00,0.000000000000000000e+00
2.925861446773331820e-01,3.110472869873046609e-01,1.064750120162963931e+01,1.679999999999999938e+00,3.200000000000000000e+05
3.018107300434856310e-01,1.974877090454101536e+00,1.425006103515625011e-01,1.679999999999999938e+00,0.000000000000000000e+00
3.018299667988567081e-01,2.071060867309570508e+00,1.425006103515625011e-01,1.679999999999999938e+00,3.200000000000000000e+05
3.110545519062276054e-01,4.072329711914062234e-01,1.064750120162963931e+01,1.679999999999999938e+00,0.000000000000000000e+00
3.110737886615986825e-01,5.034167480468749734e-01,1.064750120162963931e+01,1.679999999999999938e+00,3.200000000000000000e+05
3.202983737689695798e-01,2.167244644165039258e+00,1.425006103515625011e-01,1.679999999999999938e+00,0.000000000000000000e+00
3.203176105243406568e-01,2.263428421020508008e+00,1.425006103515625011e-01,1.679999999999999938e+00,3.200000000000000000e+05
3.295421956317115542e-01,5.996005249023437234e-01,1.064750120162963931e+01,1.679999999999999938e+00,0.000000000000000000e+00
3.295614323870826312e-01,6.957843017578124734e-01,1.064750120162963931e+01,1.679999999999999938e+00,3.200000000000000000e+05
3.387860177532350803e-01,2.359614105224609570e+00,1.425006103515625011e-01,1.679999999999999938e+00,0.000000000000000000e+00
3.388052545086061573e-01,2.455797882080078320e+00,1.425006103515625011e-01,1.679999999999999938e+00,3.200000000000000000e+05
3.480298398747586064e-01,7.919680786132812234e-01,1.064750120162963931e+01,1.679999999999999938e+00,0.000000000000000000e+00
3.480490770115994281e-01,8.881537628173827859e-01,1.064750120162963931e+01,1.679999999999999938e+00,3.200000000000000000e+05
3.572736621189703254e-01,2.551981658935547070e+00,1.425006103515625011e-01,1.679999999999999938e+00,0.000000000000000000e+00
3.572928988743414025e-01,2.648165435791015820e+00,1.425006103515625011e-01,1.679999999999999938e+00,3.200000000000000000e+05
3.665174839817122998e-01,9.843375396728515359e-01,1.064750120162963931e+01,1.679999999999999938e+00,0.000000000000000000e+00
3.665367207370833769e-01,1.080521316528320286e+00,1.064750120162963931e+01,1.679999999999999938e+00,3.200000000000000000e+05
3.757613058444542742e-01,2.744349212646484570e+00,1.425006103515625011e-01,1.679999999999999938e+00,0.000000000000000000e+00
3.757805429812950959e-01,2.840534896850586133e+00,1.425006103515625011e-01,1.679999999999999938e+00,3.200000000000000000e+05
3.850051283474475450e-01,1.176705093383789036e+00,1.064750120162963931e+01,1.679999999999999938e+00,0.000000000000000000e+00
3.850243654842883667e-01,1.272890777587890598e+00,1.064750120162963931e+01,1.679999999999999938e+00,3.200000000000000000e+05
3.942489505916592640e-01,2.936718673706054883e+00,1.425006103515625011e-01,1.679999999999999938e+00,0.000000000000000000e+00
3.942681873470303411e-01,3.032902450561523633e+00,1.425006103515625011e-01,1.679999999999999938e+00,3.200000000000000000e+05
4.034927724544012384e-01,1.369074554443359348e+00,1.064750120162963931e+01,1.679999999999999938e+00,0.000000000000000000e+00
4.035120092097723155e-01,1.465258331298828098e+00,1.064750120162963931e+01,1.679999999999999938e+00,3.200000000000000000e+05
4.127365943171432128e-01,3.129086227416992383e+00,1.425006103515625011e-01,1.679999999999999938e+00,0.000000000000000000e+00
4.127558314539840345e-01,3.225271911621093945e+00,1.425006103515625011e-01,1.679999999999999938e+00,3.200000000000000000e+05
4.219804168201364836e-01,1.561442108154296848e+00,1.064750120162963931e+01,1.679999999999999938e+00,0.000000000000000000e+00
4.219996535755075606e-01,1.657625885009765598e+00,1.064750120162963931e+01,1.679999999999999938e+00,3.200000000000000000e+05
4.312242389416600097e-01,3.321455688476562695e+00,1.425006103515625011e-01,1.679999999999999938e+00,0.000000000000000000e+00
4.312434756970310867e-01,3.417639465332031445e+00,1.425006103515625011e-01,1.679999999999999938e+00,3.200000000000000000e+05
4.404680608044019841e-01,1.753811569213867161e+00,1.064750120162963931e+01,1.679999999999999938e+00,0.000000000000000000e+00
4.404872975597730611e-01,1.849995346069335911e+00,1.064750120162963931e+01,1.679999999999999938e+00,3.200000000000000000e+05
4.497118826671439584e-01,3.513823242187500195e+00,1.425006103515625011e-01,1.679999999999999938e+00,0.000000000000000000e+00
4.497311194225150355e-01,3.610007019042968945e+00,1.425006103515625011e-01,1.679999999999999938e+00,3.200000000000000000e+05
4.589557045298859328e-01,1.946179122924804661e+00,1.064750120162963931e+01,1.679999999999999938e+00,0.000000000000000000e+00
4.589749412852570098e-01,2.042362899780273633e+00,1.064750120162963931e+01,1.679999999999999938e+00,3.200000000000000000e+05
4.681995266514094589e-01,3.706192703247070508e+00,1.425006103515625011e-01,1.679999999999999938e+00,0.000000000000000000e+00
4.682187634067805360e-01,3.802376480102539258e+00,1.425006103515625011e-01,1.679999999999999938e+00,3.200000000000000000e+05
4.774433487729329850e-01,2.138546676635742383e+00,1.064750120162963931e+01,1.679999999999999938e+00,0.000000000000000000e+00
4.774625859097738068e-01,2.234732360839843945e+00,1.064750120162963931e+01,1.679999999999999938e+00,3.200000000000000000e+05
4.866871710171447041e-01,3.898560256958008008e+00,1.425006103515625011e-01,1.679999999999999938e+00,0.000000000000000000e+00
4.867064077725157811e-01,3.994744033813476758e+00,1.425006103515625011e-01,1.679999999999999938e+00,3.200000000000000000e+05
4.959309928798866784e-01,2.330916137695312695e+00,1.064750120162963931e+01,1.679999999999999938e+00,0.000000000000000000e+00
4.959502296352577555e-01,2.427099914550781445e+00,1.064750120162963931e+01,1.679999999999999938e+00,3.200000000000000000e+05
5.051748150014101491e-01,4.090929718017577876e+00,1.425006103515625011e-01,1.679999999999999938e+00,0.000000000000000000e+00
5.051940517567812261e-01,4.187113494873046626e+00,1.425006103515625011e-01,1.679999999999999938e+00,3.200000000000000000e+05
5.144186371229336752e-01,2.523283691406250195e+00,1.064750120162963931e+01,1.679999999999999938e+00,0.000000000000000000e+00
5.144378742597744969e-01,2.619469375610351758e+00,1.064750120162963931e+01,1.679999999999999938e+00,3.200000000000000000e+05
5.236624593671453942e-01,4.283297271728515376e+00,1.425006103515625011e-01,1.679999999999999938e+00,0.000000000000000000e+00
5.236816961225164713e-01,4.379481048583984126e+00,1.425006103515625011e-01,1.679999999999999938e+00,3.200000000000000000e+05
5.329062812298873686e-01,2.715653152465820508e+00,1.064750120162963931e+01,1.679999999999999938e+00,0.000000000000000000e+00
5.329255179852584456e-01,2.811836929321289258e+00,1.064750120162963931e+01,1.679999999999999938e+00,3.200000000000000000e+05
5.421501030926293430e-01,4.475664825439452876e+00,1.425006103515625011e-01,1.679999999999999938e+00,0.000000000000000000e+00
5.421693402294701647e-01,4.571850509643554439e+00,1.425006103515625011e-01,1.679999999999999938e+00,3.200000000000000000e+05
5.513939255956226138e-01,2.908020706176758008e+00,1.064750120162963931e+01,1.679999999999999938e+00,0.000000000000000000e+00
5.514131623509936908e-01,3.004204483032226758e+00,1.064750120162963931e+01,1.679999999999999938e+00,3.200000000000000000e+05
5.606377477171461399e-01,4.668034286499023189e+00,1.425006103515625011e-01,1.679999999999999938e+00,0.000000000000000000e+00
5.606569844725172169e-01,4.764218063354491939e+00,1.425006103515625011e-01,1.679999999999999938e+00,3.200000000000000000e+05
5.698815695798881142e-01,3.100390167236328320e+00,1.064750120162963931e+01,1.679999999999999938e+00,0.000000000000000000e+00
5.699008063352591913e-01,3.196573944091797070e+00,1.064750120162963931e+01,1.679999999999999938e+00,3.200000000000000000e+05
5.791253914426300886e-01,4.860401840209960689e+00,1.425006103515625011e-01,1.679999999999999938e+00,0.000000000000000000e+00
5.791446281980011657e-01,4.956585617065429439e+00,1.425006103515625011e-01,1.679999999999999938e+00,3.200000000000000000e+05
5.883692133053720630e-01,3.292757720947265820e+00,1.064750120162963931e+01,1.679999999999999938e+00,0.000000000000000000e+00
5.883884500607431400e-01,3.388941497802734570e+00,1.064750120162963931e+01,1.679999999999999938e+00,3.200000000000000000e+05
5.976130354268955891e-01,5.052771301269531001e+00,1.425006103515625011e-01,1.679999999999999938e+00,0.000000000000000000e+00
5.976322721822666661e-01,5.148955078124999751e+00,1.425006103515625011e-01,1.679999999999999938e+00,3.200000000000000000e+05
6.068568572896375635e-01,3.485127182006836133e+00,1.064750120162963931e+01,1.679999999999999938e+00,0.000000000000000000e+00
6.068760940450086405e-01,3.581310958862304883e+00,1.064750120162963931e+01,1.679999999999999938e+00,3.200000000000000000e+05
6.161006791523795378e-01,5.245138854980468501e+00,1.425006103515625011e-01,1.679999999999999938e+00,0.000000000000000000e+00
6.161199159077506149e-01,5.341322631835937251e+00,1.425006103515625011e-01,1.679999999999999938e+00,3.200000000000000000e+05
6.253445010151215122e-01,3.677494735717773633e+00,1.064750120162963931e+01,1.679999999999999938e+00,0.000000000000000000e+00
6.253637377704925893e-01,3.773678512573242383e+00,1.064750120162963931e+01,1.679999999999999938e+00,3.200000000000000000e+05
6.345883228778634866e-01,5.437506408691406001e+00,1.425006103515625011e-01,1.679999999999999938e+00,0.000000000000000000e+00
6.346075600147043083e-01,5.533692092895507564e+00,1.425006103515625011e-01,1.679999999999999938e+00,3.200000000000000000e+05
6.438321453808567574e-01,3.869862289428711133e+00,1.064750120162963931e+01,1.679999999999999938e+00,0.000000000000000000e+00
6.438513825176975791e-01,3.966047973632812695e+00,1.064750120162963931e+01,1.679999999999999938e+00,3.200000000000000000e+05
6.530759676250684764e-01,5.629875869750976314e+00,1.425006103515625011e-01,1.679999999999999938e+00,0.000000000000000000e+00
6.530952043804395535e-01,5.726059646606445064e+00,1.425006103515625011e-01,1.679999999999999938e+00,3.200000000000000000e+05
6.623197894878104508e-01,4.062231750488281001e+00,1.064750120162963931e+01,1.679999999999999938e+00,0.000000000000000000e+00
6.623390262431815279e-01,4.158415527343749751e+00,1.064750120162963931e+01,1.679999999999999938e+00,3.200000000000000000e+05
6.715636113505524252e-01,5.822243423461913814e+00,1.425006103515625011e-01,1.679999999999999938e+00,0.000000000000000000e+00
6.715828484873932469e-01,5.918429107666015376e+00,1.425006103515625011e-01,1.679999999999999938e+00,3.200000000000000000e+05
6.808074338535456960e-01,4.254599304199218501e+00,1.064750120162963931e+01,1.679999999999999938e+00,0.000000000000000000e+00
6.808266706089167730e-01,4.350783081054687251e+00,1.064750120162963931e+01,1.679999999999999938e+00,3.200000000000000000e+05
6.900512559750692221e-01,6.014612884521484126e+00,1.425006103515625011e-01,1.679999999999999938e+00,0.000000000000000000e+00
6.900704927304402991e-01,6.110796661376952876e+00,1.425006103515625011e-01,1.679999999999999938e+00,3.200000000000000000e+05
6.992950778378111965e-01,4.446968765258788814e+00,1.064750120162963931e+01,1.679999999999999938e+00,0.000000000000000000e+00
6.993143145931822735e-01,4.543152542114257564e+00,1.064750120162963931e+01,1.679999999999999938e+00,3.200000000000000000e+05
7.085388997005531708e-01,6.206980438232421626e+00,1.425006103515625011e-01,1.679999999999999938e+00,0.000000000000000000e+00
7.085581364559242479e-01,6.303164215087890376e+00,1.425006103515625011e-01,1.679999999999999938e+00,3.200000000000000000e+05
7.177827215632951452e-01,4.639336318969726314e+00,1.064750120162963931e+01,1.679999999999999938e+00,0.000000000000000000e+00
7.178019583186662222e-01,4.735520095825195064e+00,1.064750120162963931e+01,1.679999999999999938e+00,3.200000000000000000e+05
7.270265436848186713e-01,6.399349899291991939e+00,1.425006103515625011e-01,1.679999999999999938e+00,0.000000000000000000e+00
7.270457804401897484e-01,6.495533676147460689e+00,1.425006103515625011e-01,1.679999999999999938e+00,3.200000000000000000e+05
7.362703658063421974e-01,4.831703872680663814e+00,1.064750120162963931e+01,1.679999999999999938e+00,0.000000000000000000e+00
7.362896029431830192e-01,4.927889556884765376e+00,1.064750120162963931e+01,1.679999999999999938e+00,3.200000000000000000e+05
7.455141880505539165e-01,6.591717453002929439e+00,1.425006103515625011e-01,1.679999999999999938e+00,0.000000000000000000e+00
7.455334248059249935e-01,6.687901229858398189e+00,1.425006103515625011e-01,1.679999999999999938e+00,3.200000000000000000e+05
7.547580099132958908e-01,5.024073333740234126e+00,1.064750120162963931e+01,1.679999999999999938e+00,0.000000000000000000e+00
7.547772466686669679e-01,5.120257110595702876e+00,1.064750120162963931e+01,1.679999999999999938e+00,3.200000000000000000e+05
7.640018319054285856e-01,6.784085960388183345e+00,1.425006103515625011e-01,1.679999999999999938e+00,0.000000000000000000e+00
7.640210686607996626e-01,6.880269737243652095e+00,1.425006103515625011e-01,1.679999999999999938e+00,3.200000000000000000e+05
7.732456538975612803e-01,5.216440887451171626e+00,1.064750120162963931e+01,1.679999999999999938e+00,0.000000000000000000e+00
7.732648910344021020e-01,5.312626571655273189e+00,1.064750120162963931e+01,1.679999999999999938e+00,3.200000000000000000e+05
7.824894761417729994e-01,6.976454467773437251e+00,1.425006103515625011e-01,1.679999999999999938e+00,0.000000000000000000e+00
7.825087128971440764e-01,7.072638244628906001e+00,1.425006103515625011e-01,1.679999999999999938e+00,3.200000000000000000e+05
7.917332980045149737e-01,5.408810348510741939e+00,1.064750120162963931e+01,1.679999999999999938e+00,0.000000000000000000e+00
7.917525347598860508e-01,5.504994125366210689e+00,1.064750120162963931e+01,1.679999999999999938e+00,3.200000000000000000e+05
8.009771199966476685e-01,7.168822975158691158e+00,1.425006103515625011e-01,1.679999999999999938e+00,0.000000000000000000e+00
8.009963567520187455e-01,7.265006752014159908e+00,1.425006103515625011e-01,1.679999999999999938e+00,3.200000000000000000e+05
8.102209419887803632e-01,5.601177902221679439e+00,1.064750120162963931e+01,1.679999999999999938e+00,0.000000000000000000e+00
8.102401787441514402e-01,5.697361679077148189e+00,1.064750120162963931e+01,1.679999999999999938e+00,3.200000000000000000e+05
8.194647641103038893e-01,7.361191482543945064e+00,1.425006103515625011e-01,1.679999999999999938e+00,0.000000000000000000e+00
8.194840008656749664e-01,7.457375259399413814e+00,1.425006103515625011e-01,1.679999999999999938e+00,3.200000000000000000e+05
8.287085859730458637e-01,5.793547363281249751e+00,1.064750120162963931e+01,1.679999999999999938e+00,0.000000000000000000e+00
8.287278227284169407e-01,5.889731140136718501e+00,1.064750120162963931e+01,1.679999999999999938e+00,3.200000000000000000e+05
8.379524078357878381e-01,7.553559036254882564e+00,1.425006103515625011e-01,1.679999999999999938e+00,0.000000000000000000e+00
8.379716447818937874e-01,7.649743766784667720e+00,1.425006103515625011e-01,1.679999999999999938e+00,3.200000000000000000e+05
8.471962300186554051e-01,5.985914916992187251e+00,1.064750120162963931e+01,1.679999999999999938e+00,0.000000000000000000e+00
8.472154667740264822e-01,6.082098693847656001e+00,1.064750120162963931e+01,1.679999999999999938e+00,3.200000000000000000e+05
8.564400520107880999e-01,7.745927543640136470e+00,1.425006103515625011e-01,1.679999999999999938e+00,0.000000000000000000e+00
8.564592889568940492e-01,7.842112274169921626e+00,1.425006103515625011e-01,1.679999999999999938e+00,3.200000000000000000e+05
8.656838743230464983e-01,6.178282470703124751e+00,1.064750120162963931e+01,1.679999999999999938e+00,0.000000000000000000e+00
8.657031114598873200e-01,6.274468154907226314e+00,1.064750120162963931e+01,1.679999999999999938e+00,3.200000000000000000e+05
8.749276965672582174e-01,7.938296051025390376e+00,1.425006103515625011e-01,1.679999999999999938e+00,0.000000000000000000e+00
8.749469335133641668e-01,8.034480781555176421e+00,1.425006103515625011e-01,1.679999999999999938e+00,3.200000000000000000e+05
8.841715187501257844e-01,6.370651931762695064e+00,1.064750120162963931e+01,1.679999999999999938e+00,0.000000000000000000e+00
8.841907555054968615e-01,6.466835708618163814e+00,1.064750120162963931e+01,1.679999999999999938e+00,3.200000000000000000e+05
8.934153407422584792e-01,8.130664558410645171e+00,1.425006103515625011e-01,1.679999999999999938e+00,0.000000000000000000e+00
8.934345774976295562e-01,8.226848335266113921e+00,1.425006103515625011e-01,1.679999999999999938e+00,3.200000000000000000e+05
9.026591626050004535e-01,6.563020439147948970e+00,1.064750120162963931e+01,1.679999999999999938e+00,0.000000000000000000e+00
9.026783993603715306e-01,6.659204216003417720e+00,1.064750120162963931e+01,1.679999999999999938e+00,3.200000000000000000e+05
9.119029845971331483e-01,8.323033065795899077e+00,1.425006103515625011e-01,1.679999999999999938e+00,0.000000000000000000e+00
9.119222213525042253e-01,8.419216842651367827e+00,1.425006103515625011e-01,1.679999999999999938e+00,3.200000000000000000e+05
9.211468064598751226e-01,6.755388946533202876e+00,1.064750120162963931e+01,1.679999999999999938e+00,0.000000000000000000e+00
9.211660432152461997e-01,6.851572723388671626e+00,1.064750120162963931e+01,1.679999999999999938e+00,3.200000000000000000e+05
9.303906283226170970e-01,8.515400619506836577e+00,1.425006103515625011e-01,1.679999999999999938e+00,0.000000000000000000e+00
9.304098652687230464e-01,8.611585350036621733e+00,1.425006103515625011e-01,1.679999999999999938e+00,3.200000000000000000e+05
9.396344505054846641e-01,6.947756500244140376e+00,1.064750120162963931e+01,1.679999999999999938e+00,0.000000000000000000e+00
9.396536874515906135e-01,7.043941230773925533e+00,1.064750120162963931e+01,1.679999999999999938e+00,3.200000000000000000e+05
9.488782725589615108e-01,8.707769126892090483e+00,1.425006103515625011e-01,1.679999999999999938e+00,0.000000000000000000e+00
9.488975095050674602e-01,8.803953857421875639e+00,1.425006103515625011e-01,1.679999999999999938e+00,3.200000000000000000e+05
9.581220947418290779e-01,7.140125007629394283e+00,1.064750120162963931e+01,1.679999999999999938e+00,0.000000000000000000e+00
9.581413316879350273e-01,7.236309738159179439e+00,1.064750120162963931e+01,1.679999999999999938e+00,3.200000000000000000e+05
9.673659167953059246e-01,8.900137634277344389e+00,1.425006103515625011e-01,1.679999999999999938e+00,0.000000000000000000e+00
9.673851537414118740e-01,8.996322364807129546e+00,1.425006103515625011e-01,1.679999999999999938e+00,3.200000000000000000e+05
9.766097389781734917e-01,7.332493515014648189e+00,1.064750120162963931e+01,1.679999999999999938e+00,0.000000000000000000e+00
9.766289759242794410e-01,7.428678245544433345e+00,1.064750120162963931e+01,1.679999999999999938e+00,3.200000000000000000e+05
9.858535610316503384e-01,9.092506141662598296e+00,1.425006103515625011e-01,1.679999999999999938e+00,0.000000000000000000e+00
9.858727977870214154e-01,9.188689918518067046e+00,1.425006103515625011e-01,1.679999999999999938e+00,3.200000000000000000e+05
9.950973828943923127e-01,7.524862022399902095e+00,1.064750120162963931e+01,1.679999999999999938e+00,0.000000000000000000e+00
9.951166196497633898e-01,7.621045799255370845e+00,1.064750120162963931e+01,1.679999999999999938e+00,3.200000000000000000e+05
1.004341204886525007e+00,9.284874649047852202e+00,1.425006103515625011e-01,1.679999999999999938e+00,0.000000000000000000e+00
1.004360441641896085e+00,9.381058425903320952e+00,1.425006103515625011e-01,1.679999999999999938e+00,3.200000000000000000e+05
1.013585026749266982e+00,7.717230529785156001e+00,1.064750120162963931e+01,1.679999999999999938e+00,0.000000000000000000e+00
1.013604263504638059e+00,7.813414306640624751e+00,1.064750120162963931e+01,1.679999999999999938e+00,3.200000000000000000e+05
1.022828848741399677e+00,9.477243156433106108e+00,1.425006103515625011e-01,1.679999999999999938e+00,0.000000000000000000e+00
1.022848085496770754e+00,9.573426933288574858e+00,1.425006103515625011e-01,1.679999999999999938e+00,3.200000000000000000e+05
1.032072670604141651e+00,7.909599037170409908e+00,1.064750120162963931e+01,1.679999999999999938e+00,0.000000000000000000e+00
1.032091907359512728e+00,8.005782814025879546e+00,1.064750120162963931e+01,1.679999999999999938e+00,3.200000000000000000e+05
1.041316492596274346e+00,9.669611663818360014e+00,1.425006103515625011e-01,1.679999999999999938e+00,0.000000000000000000e+00
1.041335729351645423e+00,9.765795440673828764e+00,1.425006103515625011e-01,1.679999999999999938e+00,3.200000000000000000e+05
1.050560314459016320e+00,8.101967544555664702e+00,1.064750120162963931e+01,1.679999999999999938e+00,0.000000000000000000e+00
1.050579551214387397e+00,8.198151321411133452e+00,1.064750120162963931e+01,1.679999999999999938e+00,3.200000000000000000e+05
1.059804136321758294e+00,9.861979217529297514e+00,1.425006103515625011e-01,1.679999999999999938e+00,0.000000000000000000e+00
1.059823373267864355e+00,9.958163948059082671e+00,1.425006103515625011e-01,1.679999999999999938e+00,3.200000000000000000e+05
1.069047958504625973e+00,8.294335098266602202e+00,1.064750120162963931e+01,1.679999999999999938e+00,0.000000000000000000e+00
1.069067195450732033e+00,8.390519828796387358e+00,1.064750120162963931e+01,1.679999999999999938e+00,3.200000000000000000e+05
1.078291780558102930e+00,1.005434772491455142e+01,1.425006103515625011e-01,1.679999999999999938e+00,0.000000000000000000e+00
1.078311017504208991e+00,1.015053245544433658e+01,1.425006103515625011e-01,1.679999999999999938e+00,3.200000000000000000e+05
1.087535602740970608e+00,8.486703605651856108e+00,1.064750120162963931e+01,1.679999999999999938e+00,0.000000000000000000e+00
1.087554839496341685e+00,8.582887382507324858e+00,1.064750120162963931e+01,1.679999999999999938e+00,3.200000000000000000e+05
1.096779424733103303e+00,1.024671623229980533e+01,1.425006103515625011e-01,1.679999999999999938e+00,0.000000000000000000e+00
1.096798661679209363e+00,1.034290096282959048e+01,1.425006103515625011e-01,1.679999999999999938e+00,3.200000000000000000e+05
1.106023246915970981e+00,8.679072113037110014e+00,1.064750120162963931e+01,1.679999999999999938e+00,0.000000000000000000e+00
1.106042483671342058e+00,8.775255889892578764e+00,1.064750120162963931e+01,1.679999999999999938e+00,3.200000000000000000e+05
1.115267068908103676e+00,1.043908473968505923e+01,1.425006103515625011e-01,1.679999999999999938e+00,0.000000000000000000e+00
1.115286305663474753e+00,1.053526851654052798e+01,1.425006103515625011e-01,1.679999999999999938e+00,3.200000000000000000e+05
1.124510890770845650e+00,8.871440620422363921e+00,1.064750120162963931e+01,1.679999999999999938e+00,0.000000000000000000e+00
1.124530127526216727e+00,8.967624397277832671e+00,1.064750120162963931e+01,1.679999999999999938e+00,3.200000000000000000e+05
1.133754712762978345e+00,1.063145324707031314e+01,1.425006103515625011e-01,1.679999999999999938e+00,0.000000000000000000e+00
1.133773949518349422e+00,1.072763702392578189e+01,1.425006103515625011e-01,1.679999999999999938e+00,3.200000000000000000e+05
1.142998534625720319e+00,9.063809127807617827e+00,1.064750120162963931e+01,1.679999999999999938e+00,0.000000000000000000e+00
1.143017771381091396e+00,9.159992904663086577e+00,1.064750120162963931e+01,1.679999999999999938e+00,3.200000000000000000e+05
1.152242356617853014e+00,1.082382175445556705e+01,1.425006103515625011e-01,1.679999999999999938e+00,0.000000000000000000e+00
1.152261593373224091e+00,1.092000553131103580e+01,1.425006103515625011e-01,1.679999999999999938e+00,3.200000000000000000e+05
1.161486178609985709e+00,9.256176681518555327e+00,1.064750120162963931e+01,1.679999999999999938e+00,0.000000000000000000e+00
1.161505415556091769e+00,9.352361412048340483e+00,1.064750120162963931e+01,1.679999999999999938e+00,3.200000000000000000e+05
1.170730000792853387e+00,1.101619026184082095e+01,1.425006103515625011e-01,1.679999999999999938e+00,0.000000000000000000e+00
1.170749237548224464e+00,1.111237403869628970e+01,1.425006103515625011e-01,1.679999999999999938e+00,3.200000000000000000e+05
1.179973822784986082e+00,9.448545188903809233e+00,1.064750120162963931e+01,1.679999999999999938e+00,0.000000000000000000e+00
1.179993059731092142e+00,9.544729919433594389e+00,1.064750120162963931e+01,1.679999999999999938e+00,3.200000000000000000e+05
1.189217644838463039e+00,1.120855781555175845e+01,1.425006103515625011e-01,1.679999999999999938e+00,0.000000000000000000e+00
1.189236881784569100e+00,1.130474254608154361e+01,1.425006103515625011e-01,1.679999999999999938e+00,3.200000000000000000e+05
1.198461467021330717e+00,9.640913696289063139e+00,1.064750120162963931e+01,1.679999999999999938e+00,0.000000000000000000e+00
1.198480703967436778e+00,9.737098426818848296e+00,1.064750120162963931e+01,1.679999999999999938e+00,3.200000000000000000e+05
1.207705289074807675e+00,1.140092632293701236e+01,1.425006103515625011e-01,1.679999999999999938e+00,0.000000000000000000e+00
1.207724526020913736e+00,1.149711105346679751e+01,1.425006103515625011e-01,1.679999999999999938e+00,3.200000000000000000e+05
1.216949111257675353e+00,9.833282203674317046e+00,1.064750120162963931e+01,1.679999999999999938e+00,0.000000000000000000e+00
1.216968348013046430e+00,9.929465980529785796e+00,1.064750120162963931e+01,1.679999999999999938e+00,3.200000000000000000e+05
1.226192933249808048e+00,1.159329483032226626e+01,1.425006103515625011e-01,1.679999999999999938e+00,0.000000000000000000e+00
1.226212170195914108e+00,1.168947956085205142e+01,1.425006103515625011e-01,1.679999999999999938e+00,3.200000000000000000e+05
1.235436755432675726e+00,1.002565071105957095e+01,1.064750120162963931e+01,1.679999999999999938e+00,0.000000000000000000e+00
1.235455992188046803e+00,1.012183448791503970e+01,1.064750120162963931e+01,1.679999999999999938e+00,3.200000000000000000e+05
1.244680577424808421e+00,1.178566333770752017e+01,1.425006103515625011e-01,1.679999999999999938e+00,0.000000000000000000e+00
1.244699814180179498e+00,1.188184711456298892e+01,1.425006103515625011e-01,1.679999999999999938e+00,3.200000000000000000e+05
1.253924399287550395e+00,1.021801921844482486e+01,1.064750120162963931e+01,1.679999999999999938e+00,0.000000000000000000e+00
1.253943636042921472e+00,1.031420299530029361e+01,1.064750120162963931e+01,1.679999999999999938e+00,3.200000000000000000e+05
1.263168221279683090e+00,1.197803184509277408e+01,1.425006103515625011e-01,1.679999999999999938e+00,0.000000000000000000e+00
1.263187458035054167e+00,1.207421562194824283e+01,1.425006103515625011e-01,1.679999999999999938e+00,3.200000000000000000e+05
1.272412043142425064e+00,1.041038772583007876e+01,1.064750120162963931e+01,1.679999999999999938e+00,0.000000000000000000e+00
1.272431279897796141e+00,1.050657150268554751e+01,1.064750120162963931e+01,1.679999999999999938e+00,3.200000000000000000e+05
1.281655865134557759e+00,1.217040035247802798e+01,1.425006103515625011e-01,1.679999999999999938e+00,0.000000000000000000e+00
1.281675101889928836e+00,1.226658412933349673e+01,1.425006103515625011e-01,1.679999999999999938e+00,3.200000000000000000e+05
1.290899686997299733e+00,1.060275623321533267e+01,1.064750120162963931e+01,1.679999999999999938e+00,0.000000000000000000e+00
1.290918923752670811e+00,1.069894001007080142e+01,1.064750120162963931e+01,1.679999999999999938e+00,3.200000000000000000e+05
1.300143508989432428e+00,1.236276885986328189e+01,1.425006103515625011e-01,1.679999999999999938e+00,0.000000000000000000e+00
1.300162745744803505e+00,1.245895263671875064e+01,1.425006103515625011e-01,1.679999999999999938e+00,3.200000000000000000e+05
1.309387330981565123e+00,1.079512378692627017e+01,1.064750120162963931e+01,1.679999999999999938e+00,0.000000000000000000e+00
1.309406567927671183e+00,1.089130851745605533e+01,1.064750120162963931e+01,1.679999999999999938e+00,3.200000000000000000e+05
1.318631153035042081e+00,1.255513641357421939e+01,1.425006103515625011e-01,1.679999999999999938e+00,0.000000000000000000e+00
1.318650389981148141e+00,1.265132114410400455e+01,1.425006103515625011e-01,1.679999999999999938e+00,3.200000000000000000e+05
1.327874975217909759e+00,1.098749229431152408e+01,1.064750120162963931e+01,1.679999999999999938e+00,0.000000000000000000e+00
1.327894212164015819e+00,1.108367702484130923e+01,1.064750120162963931e+01,1.679999999999999938e+00,3.200000000000000000e+05
1.337118797271386716e+00,1.274750492095947330e+01,1.425006103515625011e-01,1.679999999999999938e+00,0.000000000000000000e+00
1.337138034217492777e+00,1.284368965148925845e+01,1.425006103515625011e-01,1.679999999999999938e+00,3.200000000000000000e+05
1.346362619454254395e+00,1.117986080169677798e+01,1.064750120162963931e+01,1.679999999999999938e+00,0.000000000000000000e+00
1.346381856400360455e+00,1.127604553222656314e+01,1.064750120162963931e+01,1.679999999999999938e+00,3.200000000000000000e+05
1.355606441507731352e+00,1.293987342834472720e+01,1.425006103515625011e-01,1.679999999999999938e+00,0.000000000000000000e+00
1.355625678453837413e+00,1.303605815887451236e+01,1.425006103515625011e-01,1.679999999999999938e+00,3.200000000000000000e+05
1.364850263690599030e+00,1.137222930908203189e+01,1.064750120162963931e+01,1.679999999999999938e+00,0.000000000000000000e+00
1.364869500445970107e+00,1.146841308593750064e+01,1.064750120162963931e+01,1.679999999999999938e+00,3.200000000000000000e+05
1.374094085682731725e+00,1.313224193572998111e+01,1.425006103515625011e-01,1.679999999999999938e+00,0.000000000000000000e+00
1.374113322438102802e+00,1.322842571258544986e+01,1.425006103515625011e-01,1.679999999999999938e+00,3.200000000000000000e+05
1.383337907545473699e+00,1.156459781646728580e+01,1.064750120162963931e+01,1.679999999999999938e+00,0.000000000000000000e+00
1.383357144300844777e+00,1.166078159332275455e+01,1.064750120162963931e+01,1.679999999999999938e+00,3.200000000000000000e+05
1.392581729537606394e+00,1.332461044311523501e+01,1.425006103515625011e-01,1.679999999999999938e+00,0.000000000000000000e+00
1.392600966292977471e+00,1.342079421997070376e+01,1.425006103515625011e-01,1.679999999999999938e+00,3.200000000000000000e+05
1.401825551400348369e+00,1.175696632385253970e+01,1.064750120162963931e+01,1.679999999999999938e+00,0.000000000000000000e+00
1.401844788155719446e+00,1.185315010070800845e+01,1.064750120162963931e+01,1.679999999999999938e+00,3.200000000000000000e+05
1.411069373392481063e+00,1.351697895050048892e+01,1.425006103515625011e-01,1.679999999999999938e+00,0.000000000000000000e+00
1.411088610147852140e+00,1.361316272735595767e+01,1.425006103515625011e-01,1.679999999999999938e+00,3.200000000000000000e+05
1.420313195255223038e+00,1.194933483123779361e+01,1.064750120162963931e+01,1.679999999999999938e+00,0.000000000000000000e+00
1.420332432010594115e+00,1.204551860809326236e+01,1.064750120162963931e+01,1.679999999999999938e+00,3.200000000000000000e+05
1.429557017247355732e+00,1.370934745788574283e+01,1.425006103515625011e-01,1.679999999999999938e+00,0.000000000000000000e+00
1.429576254002726809e+00,1.380553123474121158e+01,1.425006103515625011e-01,1.679999999999999938e+00,3.200000000000000000e+05
1.438800839239488427e+00,1.214170238494873111e+01,1.064750120162963931e+01,1.679999999999999938e+00,0.000000000000000000e+00
1.438820076185594488e+00,1.223788711547851626e+01,1.064750120162963931e+01,1.679999999999999938e+00,3.200000000000000000e+05
1.448044661292965385e+00,1.390171501159668033e+01,1.425006103515625011e-01,1.679999999999999938e+00,0.000000000000000000e+00
1.448063898239071445e+00,1.399789974212646548e+01,1.425006103515625011e-01,1.679999999999999938e+00,3.200000000000000000e+05
1.457288483475833063e+00,1.233407089233398501e+01,1.064750120162963931e+01,1.679999999999999938e+00,0.000000000000000000e+00
1.457307720421939123e+00,1.243025562286377017e+01,1.064750120162963931e+01,1.679999999999999938e+00,3.200000000000000000e+05
1.466532305529310021e+00,1.409408351898193423e+01,1.425006103515625011e-01,1.679999999999999938e+00,0.000000000000000000e+00
1.466551542475416081e+00,1.419026824951171939e+01,1.425006103515625011e-01,1.679999999999999938e+00,3.200000000000000000e+05
1.475776127712177699e+00,1.252643939971923892e+01,1.064750120162963931e+01,1.679999999999999938e+00,0.000000000000000000e+00
1.475795364658283759e+00,1.262262413024902408e+01,1.064750120162963931e+01,1.679999999999999938e+00,3.200000000000000000e+05
1.485019949765654657e+00,1.428645202636718814e+01,1.425006103515625011e-01,1.679999999999999938e+00,0.000000000000000000e+00
1.485039186711760717e+00,1.438263675689697330e+01,1.425006103515625011e-01,1.679999999999999938e+00,3.200000000000000000e+05
1.494263771948522335e+00,1.271880790710449283e+01,1.064750120162963931e+01,1.679999999999999938e+00,0.000000000000000000e+00
1.494283008703893412e+00,1.281499168395996158e+01,1.064750120162963931e+01,1.679999999999999938e+00,3.200000000000000000e+05
1.503507593940655029e+00,1.447882053375244205e+01,1.425006103515625011e-01,1.679999999999999938e+00,0.000000000000000000e+00
1.503526830982128359e+00,1.457500574111938541e+01,1.425006103515625011e-01,1.679999999999999938e+00,3.200000000000000000e+05
1.512751416283585337e+00,1.291117641448974673e+01,1.064750120162963931e+01,1.679999999999999938e+00,0.000000000000000000e+00
1.512770653038956414e+00,1.300736019134521548e+01,1.064750120162963931e+01,1.679999999999999938e+00,3.200000000000000000e+05
1.521995238340413392e+00,1.467118951797485416e+01,1.425006103515625011e-01,1.679999999999999938e+00,0.000000000000000000e+00
1.522014475095784469e+00,1.476737329483032291e+01,1.425006103515625011e-01,1.679999999999999938e+00,3.200000000000000000e+05
1.531239060267850727e+00,1.310354492187500064e+01,1.064750120162963931e+01,1.679999999999999938e+00,0.000000000000000000e+00
1.531258297023221804e+00,1.319972869873046939e+01,1.064750120162963931e+01,1.679999999999999938e+00,3.200000000000000000e+05
1.540482882324678782e+00,1.486355802536010806e+01,1.425006103515625011e-01,1.679999999999999938e+00,0.000000000000000000e+00
1.540502119080049859e+00,1.495974180221557681e+01,1.425006103515625011e-01,1.679999999999999938e+00,3.200000000000000000e+05
1.549726704252116116e+00,1.329591342926025455e+01,1.064750120162963931e+01,1.679999999999999938e+00,0.000000000000000000e+00
1.549745941007487193e+00,1.339209720611572330e+01,1.064750120162963931e+01,1.679999999999999938e+00,3.200000000000000000e+05
1.558970526308944171e+00,1.505592653274536197e+01,1.425006103515625011e-01,1.679999999999999938e+00,0.000000000000000000e+00
1.558989763064315248e+00,1.515211030960083072e+01,1.425006103515625011e-01,1.679999999999999938e+00,3.200000000000000000e+05
1.568214348365772226e+00,1.348828098297119205e+01,1.064750120162963931e+01,1.679999999999999938e+00,0.000000000000000000e+00
1.568233585311878286e+00,1.358446571350097720e+01,1.064750120162963931e+01,1.679999999999999938e+00,3.200000000000000000e+05
1.577458170613335264e+00,1.524829504013061587e+01,1.425006103515625011e-01,1.679999999999999938e+00,0.000000000000000000e+00
1.577477407368706341e+00,1.534447881698608462e+01,1.425006103515625011e-01,1.679999999999999938e+00,3.200000000000000000e+05
1.586701992670163319e+00,1.368064949035644595e+01,1.064750120162963931e+01,1.679999999999999938e+00,0.000000000000000000e+00
1.586721229616269380e+00,1.377683422088623111e+01,1.064750120162963931e+01,1.679999999999999938e+00,3.200000000000000000e+05
1.595945814788335637e+00,1.544066259384155337e+01,1.425006103515625011e-01,1.679999999999999938e+00,0.000000000000000000e+00
1.595965051734441698e+00,1.553684732437133853e+01,1.425006103515625011e-01,1.679999999999999938e+00,3.200000000000000000e+05
1.605189637035898675e+00,1.387301799774169986e+01,1.064750120162963931e+01,1.679999999999999938e+00,0.000000000000000000e+00
1.605208873982004736e+00,1.396920272827148501e+01,1.064750120162963931e+01,1.679999999999999938e+00,3.200000000000000000e+05
1.614433459154070993e+00,1.563303110122680728e+01,1.425006103515625011e-01,1.679999999999999938e+00,0.000000000000000000e+00
1.614452696100177054e+00,1.572921583175659244e+01,1.425006103515625011e-01,1.679999999999999938e+00,3.200000000000000000e+05
1.623677281401634032e+00,1.406538650512695376e+01,1.064750120162963931e+01,1.679999999999999938e+00,0.000000000000000000e+00
1.623696518157005109e+00,1.416157028198242251e+01,1.064750120162963931e+01,1.679999999999999938e+00,3.200000000000000000e+05
1.632921103458462087e+00,1.582539960861206119e+01,1.425006103515625011e-01,1.679999999999999938e+00,0.000000000000000000e+00
1.632940340404568147e+00,1.592158433914184634e+01,1.425006103515625011e-01,1.679999999999999938e+00,3.200000000000000000e+05
1.642164925706025125e+00,1.425775501251220767e+01,1.064750120162963931e+01,1.679999999999999938e+00,0.000000000000000000e+00
1.642184162461396202e+00,1.435393878936767642e+01,1.064750120162963931e+01,1.679999999999999938e+00,3.200000000000000000e+05
1.651408747762853180e+00,1.601776811599731332e+01,1.425006103515625011e-01,1.679999999999999938e+00,0.000000000000000000e+00
1.651427984518224257e+00,1.611395189285278207e+01,1.425006103515625011e-01,1.679999999999999938e+00,3.200000000000000000e+05
1.660652569690290514e+00,1.445012351989746158e+01,1.064750120162963931e+01,1.679999999999999938e+00,0.000000000000000000e+00
1.660671806541029083e+00,1.454630777359008853e+01,1.064750120162963931e+01,1.679999999999999938e+00,3.200000000000000000e+05
1.669896391777790701e+00,1.621013662338256722e+01,1.425006103515625011e-01,1.679999999999999938e+00,0.000000000000000000e+00
1.669915628533161778e+00,1.630632040023803597e+01,1.425006103515625011e-01,1.679999999999999938e+00,3.200000000000000000e+05
1.679140213640532675e+00,1.464249250411987369e+01,1.064750120162963931e+01,1.679999999999999938e+00,0.000000000000000000e+00
1.679159450395903752e+00,1.473867628097534244e+01,1.064750120162963931e+01,1.679999999999999938e+00,3.200000000000000000e+05
1.688384035503274649e+00,1.640250417709350472e+01,1.425006103515625011e-01,1.679999999999999938e+00,0.000000000000000000e+00
1.688403272640115471e+00,1.649868986129760629e+01,1.425006103515625011e-01,1.679999999999999938e+00,3.200000000000000000e+05
1.697627858006267809e+00,1.483486005783081119e+01,1.064750120162963931e+01,1.679999999999999938e+00,0.000000000000000000e+00
1.697647094952373870e+00,1.493104478836059634e+01,1.064750120162963931e+01,1.679999999999999938e+00,3.200000000000000000e+05
1.706871680189135487e+00,1.659487363815307504e+01,1.425006103515625011e-01,1.679999999999999938e+00,0.000000000000000000e+00
1.706890916944506564e+00,1.669105741500854379e+01,1.425006103515625011e-01,1.679999999999999938e+00,3.200000000000000000e+05
1.716115502181268182e+00,1.502722856521606509e+01,1.064750120162963931e+01,1.679999999999999938e+00,0.000000000000000000e+00
1.716134739127374242e+00,1.512341329574585025e+01,1.064750120162963931e+01,1.679999999999999938e+00,3.200000000000000000e+05
1.725359324234745140e+00,1.678724119186401254e+01,1.425006103515625011e-01,1.679999999999999938e+00,0.000000000000000000e+00
1.725378560990116217e+00,1.688342496871948129e+01,1.425006103515625011e-01,1.679999999999999938e+00,3.200000000000000000e+05
1.734603146097487114e+00,1.521959707260131900e+01,1.064750120162963931e+01,1.679999999999999938e+00,0.000000000000000000e+00
1.734622383043593175e+00,1.531578180313110416e+01,1.064750120162963931e+01,1.679999999999999938e+00,3.200000000000000000e+05
1.743846968280354792e+00,1.697961065292358285e+01,1.425006103515625011e-01,1.679999999999999938e+00,0.000000000000000000e+00
1.743866205035725869e+00,1.707579442977905160e+01,1.425006103515625011e-01,1.679999999999999938e+00,3.200000000000000000e+05
1.753090790272487487e+00,1.541196557998657291e+01,1.064750120162963931e+01,1.679999999999999938e+00,0.000000000000000000e+00
1.753110027027858564e+00,1.550814935684204166e+01,1.064750120162963931e+01,1.679999999999999938e+00,3.200000000000000000e+05
1.762334612264620182e+00,1.717197820663452035e+01,1.425006103515625011e-01,1.679999999999999938e+00,0.000000000000000000e+00
1.762353849019991259e+00,1.726816198348998910e+01,1.425006103515625011e-01,1.679999999999999938e+00,3.200000000000000000e+05
1.771578434127362156e+00,1.560433408737182681e+01,1.064750120162963931e+01,1.679999999999999938e+00,0.000000000000000000e+00
1.771597670882733233e+00,1.570051786422729556e+01,1.064750120162963931e+01,1.679999999999999938e+00,3.200000000000000000e+05
1.780822255990104130e+00,1.736434576034545785e+01,1.425006103515625011e-01,1.679999999999999938e+00,0.000000000000000000e+00
1.780841493126944952e+00,1.746053144454955941e+01,1.425006103515625011e-01,1.679999999999999938e+00,3.200000000000000000e+05
1.790066078363706570e+00,1.579670259475708072e+01,1.064750120162963931e+01,1.679999999999999938e+00,0.000000000000000000e+00
1.790085315119077647e+00,1.589288637161254947e+01,1.064750120162963931e+01,1.679999999999999938e+00,3.200000000000000000e+05
1.799309900355839265e+00,1.755671522140502816e+01,1.425006103515625011e-01,1.679999999999999938e+00,0.000000000000000000e+00
1.799329137111210342e+00,1.765289899826049691e+01,1.425006103515625011e-01,1.679999999999999938e+00,3.200000000000000000e+05
1.808553722218581239e+00,1.598907110214233462e+01,1.064750120162963931e+01,1.679999999999999938e+00,0.000000000000000000e+00
1.808572958973952316e+00,1.608525487899780160e+01,1.064750120162963931e+01,1.679999999999999938e+00,3.200000000000000000e+05
1.817797544081323213e+00,1.774908277511596566e+01,1.425006103515625011e-01,1.679999999999999938e+00,0.000000000000000000e+00
1.817816781218164035e+00,1.784526845932006722e+01,1.425006103515625011e-01,1.679999999999999938e+00,3.200000000000000000e+05
1.827041366584316373e+00,1.618143865585327035e+01,1.064750120162963931e+01,1.679999999999999938e+00,0.000000000000000000e+00
1.827060603339687450e+00,1.627762243270873910e+01,1.064750120162963931e+01,1.679999999999999938e+00,3.200000000000000000e+05
1.836285188705839788e+00,1.794145223617553597e+01,1.425006103515625011e-01,1.679999999999999938e+00,0.000000000000000000e+00
1.836304425461210865e+00,1.803763601303100472e+01,1.425006103515625011e-01,1.679999999999999938e+00,3.200000000000000000e+05
1.845529010568581763e+00,1.637380811691284066e+01,1.064750120162963931e+01,1.679999999999999938e+00,0.000000000000000000e+00
1.845548247323952840e+00,1.646999189376830941e+01,1.064750120162963931e+01,1.679999999999999938e+00,3.200000000000000000e+05
1.854772832431323737e+00,1.813381978988647347e+01,1.425006103515625011e-01,1.679999999999999938e+00,0.000000000000000000e+00
1.854792069186694814e+00,1.823000356674194222e+01,1.425006103515625011e-01,1.679999999999999938e+00,3.200000000000000000e+05
1.864016654294065711e+00,1.656617567062377816e+01,1.064750120162963931e+01,1.679999999999999938e+00,0.000000000000000000e+00
1.864035891049436788e+00,1.666235944747924691e+01,1.064750120162963931e+01,1.679999999999999938e+00,3.200000000000000000e+05
1.873260476415589126e+00,1.832618925094604379e+01,1.425006103515625011e-01,1.679999999999999938e+00,0.000000000000000000e+00
1.873279713170960203e+00,1.842237302780151254e+01,1.425006103515625011e-01,1.679999999999999938e+00,3.200000000000000000e+05
1.882504298278331101e+00,1.675854513168334847e+01,1.064750120162963931e+01,1.679999999999999938e+00,0.000000000000000000e+00
1.882523535033702178e+00,1.685472890853881722e+01,1.064750120162963931e+01,1.679999999999999938e+00,3.200000000000000000e+05
1.891748120108725395e+00,1.851855656623840218e+01,1.425006103515625011e-01,1.679999999999999938e+00,0.000000000000000000e+00
1.891767356864096472e+00,1.861474034309387093e+01,1.425006103515625011e-01,1.679999999999999938e+00,3.200000000000000000e+05
1.900991941939119689e+00,1.695091268539428597e+01,1.064750120162963931e+01,1.679999999999999938e+00,0.000000000000000000e+00
1.901011178694490766e+00,1.704709646224975472e+01,1.064750120162963931e+01,1.679999999999999938e+00,3.200000000000000000e+05
1.910235763769513984e+00,1.871092411994933968e+01,1.425006103515625011e-01,1.679999999999999938e+00,0.000000000000000000e+00
1.910255000906354805e+00,1.880710980415344125e+01,1.425006103515625011e-01,1.679999999999999938e+00,3.200000000000000000e+05
1.919479586240159463e+00,1.714328023910522347e+01,1.064750120162963931e+01,1.679999999999999938e+00,0.000000000000000000e+00
1.919498823377000285e+00,1.723946592330932504e+01,1.064750120162963931e+01,1.679999999999999938e+00,3.200000000000000000e+05
1.928723408452023502e+00,1.890329358100891000e+01,1.425006103515625011e-01,1.679999999999999938e+00,0.000000000000000000e+00
1.928742645207394579e+00,1.899947735786437875e+01,1.425006103515625011e-01,1.679999999999999938e+00,3.200000000000000000e+05
1.937967230282417797e+00,1.733564970016479379e+01,1.064750120162963931e+01,1.679999999999999938e+00,0.000000000000000000e+00
1.937986467037788874e+00,1.743183347702026254e+01,1.064750120162963931e+01,1.679999999999999938e+00,3.200000000000000000e+05
1.947211052112812091e+00,1.909566113471984750e+01,1.425006103515625011e-01,1.679999999999999938e+00,0.000000000000000000e+00
1.947230289249652913e+00,1.919184681892394906e+01,1.425006103515625011e-01,1.679999999999999938e+00,3.200000000000000000e+05
1.956454874583457570e+00,1.752801725387573129e+01,1.064750120162963931e+01,1.679999999999999938e+00,0.000000000000000000e+00
1.956474111338828648e+00,1.762420103073120004e+01,1.064750120162963931e+01,1.679999999999999938e+00,3.200000000000000000e+05
1.965698696672633305e+00,1.928803059577941781e+01,1.425006103515625011e-01,1.679999999999999938e+00,0.000000000000000000e+00
1.965717933428004383e+00,1.938421437263488656e+01,1.425006103515625011e-01,1.679999999999999938e+00,3.200000000000000000e+05
1.974942518503027600e+00,1.772038671493530160e+01,1.064750120162963931e+01,1.679999999999999938e+00,0.000000000000000000e+00
1.974961755258398677e+00,1.781657049179077035e+01,1.064750120162963931e+01,1.679999999999999938e+00,3.200000000000000000e+05
1.984186340333421894e+00,1.948039814949035531e+01,1.425006103515625011e-01,1.679999999999999938e+00,0.000000000000000000e+00
1.984205577088792971e+00,1.957658192634582406e+01,1.425006103515625011e-01,1.679999999999999938e+00,3.200000000000000000e+05
1.993430162163816188e+00,1.791275426864623910e+01,1.064750120162963931e+01,1.679999999999999938e+00,0.000000000000000000e+00
1.993449398919187265e+00,1.800893804550170785e+01,1.064750120162963931e+01,1.679999999999999938e+00,3.200000000000000000e+05
2.002673984252992145e+00,1.967276761054992562e+01,1.425006103515625011e-01,1.679999999999999938e+00,0.000000000000000000e+00
2.002693221008363444e+00,1.976895138740539437e+01,1.425006103515625011e-01,1.679999999999999938e+00,3.200000000000000000e+05
2.011917806083386662e+00,1.810512372970580941e+01,1.064750120162963931e+01,1.679999999999999938e+00,0.000000000000000000e+00
2.011937042838757961e+00,1.820130750656127816e+01,1.064750120162963931e+01,1.679999999999999938e+00,3.200000000000000000e+05
2.021161627913781178e+00,1.986513516426086312e+01,1.425006103515625011e-01,1.679999999999999938e+00,0.000000000000000000e+00
2.021180864669152477e+00,1.996131894111633187e+01,1.425006103515625011e-01,1.679999999999999938e+00,3.200000000000000000e+05
2.030405449744175694e+00,1.829749128341674691e+01,1.064750120162963931e+01,1.679999999999999938e+00,0.000000000000000000e+00
2.030424686499546993e+00,1.839367506027221566e+01,1.064750120162963931e+01,1.679999999999999938e+00,3.200000000000000000e+05
2.039649271833351651e+00,2.005750462532043343e+01,1.425006103515625011e-01,1.679999999999999938e+00,0.000000000000000000e+00
2.039668508588722950e+00,2.015368840217590218e+01,1.425006103515625011e-01,1.679999999999999938e+00,3.200000000000000000e+05
2.048893093922527608e+00,1.848985883712768441e+01,1.064750120162963931e+01,1.679999999999999938e+00,0.000000000000000000e+00
2.048912331011684795e+00,1.858604428291320687e+01,1.064750120162963931e+01,1.679999999999999938e+00,3.200000000000000000e+05
2.058136916119055915e+00,2.024987217903137093e+01,1.425006103515625011e-01,1.679999999999999938e+00,0.000000000000000000e+00
2.058156152874427214e+00,2.034605595588683968e+01,1.425006103515625011e-01,1.679999999999999938e+00,3.200000000000000000e+05
2.067380737981798333e+00,1.868222805976867562e+01,1.064750120162963931e+01,1.679999999999999938e+00,0.000000000000000000e+00
2.067399974737169632e+00,1.877841183662414437e+01,1.064750120162963931e+01,1.679999999999999938e+00,3.200000000000000000e+05
2.076624559844540752e+00,2.044223973274230843e+01,1.425006103515625011e-01,1.679999999999999938e+00,0.000000000000000000e+00
2.076643796981381573e+00,2.053842541694641000e+01,1.425006103515625011e-01,1.679999999999999938e+00,3.200000000000000000e+05
2.085868382347534133e+00,1.887459561347961312e+01,1.064750120162963931e+01,1.679999999999999938e+00,0.000000000000000000e+00
2.085887619102905433e+00,1.897077939033508187e+01,1.064750120162963931e+01,1.679999999999999938e+00,3.200000000000000000e+05
2.095112204469057993e+00,2.063460919380187875e+01,1.425006103515625011e-01,1.679999999999999938e+00,0.000000000000000000e+00
2.095131441224429292e+00,2.073079297065734750e+01,1.425006103515625011e-01,1.679999999999999938e+00,3.200000000000000000e+05
2.104356026331800411e+00,1.906696507453918343e+01,1.064750120162963931e+01,1.679999999999999938e+00,0.000000000000000000e+00
2.104375263087171710e+00,1.916314885139465218e+01,1.064750120162963931e+01,1.679999999999999938e+00,3.200000000000000000e+05
2.113599848194542830e+00,2.082697674751281625e+01,1.425006103515625011e-01,1.679999999999999938e+00,0.000000000000000000e+00
2.113619084949914129e+00,2.092316052436828500e+01,1.425006103515625011e-01,1.679999999999999938e+00,3.200000000000000000e+05
2.122843670057285248e+00,1.925933262825012093e+01,1.064750120162963931e+01,1.679999999999999938e+00,0.000000000000000000e+00
2.122862906812656547e+00,1.935551640510558968e+01,1.064750120162963931e+01,1.679999999999999938e+00,3.200000000000000000e+05
2.132087492178809107e+00,2.101934620857238656e+01,1.425006103515625011e-01,1.679999999999999938e+00,0.000000000000000000e+00
2.132106728934180406e+00,2.111552998542785531e+01,1.425006103515625011e-01,1.679999999999999938e+00,3.200000000000000000e+05
2.141331314041551526e+00,1.945170208930969125e+01,1.064750120162963931e+01,1.679999999999999938e+00,0.000000000000000000e+00
2.141350550796922825e+00,1.954788586616516000e+01,1.064750120162963931e+01,1.679999999999999938e+00,3.200000000000000000e+05
2.150575135904293944e+00,2.121171376228332406e+01,1.425006103515625011e-01,1.679999999999999938e+00,0.000000000000000000e+00
2.150594372659665243e+00,2.130789753913879281e+01,1.425006103515625011e-01,1.679999999999999938e+00,3.200000000000000000e+05
2.159818957767036363e+00,1.964406964302062875e+01,1.064750120162963931e+01,1.679999999999999938e+00,0.000000000000000000e+00
2.159838194522407662e+00,1.974025341987609750e+01,1.064750120162963931e+01,1.679999999999999938e+00,3.200000000000000000e+05
2.169062779888560222e+00,2.140408322334289437e+01,1.425006103515625011e-01,1.679999999999999938e+00,0.000000000000000000e+00
2.169082016643931521e+00,2.150026700019836312e+01,1.425006103515625011e-01,1.679999999999999938e+00,3.200000000000000000e+05
2.178306602010084081e+00,1.983643719673156625e+01,1.064750120162963931e+01,1.679999999999999938e+00,0.000000000000000000e+00
2.178325839146924903e+00,1.993262288093566781e+01,1.064750120162963931e+01,1.679999999999999938e+00,3.200000000000000000e+05
2.187550424254296022e+00,2.159645077705383187e+01,1.425006103515625011e-01,1.679999999999999938e+00,0.000000000000000000e+00
2.187569661009667321e+00,2.169263455390930062e+01,1.425006103515625011e-01,1.679999999999999938e+00,3.200000000000000000e+05
2.196794246117038441e+00,2.002880665779113656e+01,1.064750120162963931e+01,1.679999999999999938e+00,0.000000000000000000e+00
2.196813482872409740e+00,2.012499043464660531e+01,1.064750120162963931e+01,1.679999999999999938e+00,3.200000000000000000e+05
2.206038067979780859e+00,2.178881833076476937e+01,1.425006103515625011e-01,1.679999999999999938e+00,0.000000000000000000e+00
2.206057305116621681e+00,2.188500401496887093e+01,1.425006103515625011e-01,1.679999999999999938e+00,3.200000000000000000e+05
2.215281890482774241e+00,2.022117421150207406e+01,1.064750120162963931e+01,1.679999999999999938e+00,0.000000000000000000e+00
2.215301127238145540e+00,2.031735798835754281e+01,1.064750120162963931e+01,1.679999999999999938e+00,3.200000000000000000e+05
2.224525712604298100e+00,2.198118779182433968e+01,1.425006103515625011e-01,1.679999999999999938e+00,0.000000000000000000e+00
2.224544949359669399e+00,2.207737156867980843e+01,1.425006103515625011e-01,1.679999999999999938e+00,3.200000000000000000e+05
2.233769534467040518e+00,2.041354367256164437e+01,1.064750120162963931e+01,1.679999999999999938e+00,0.000000000000000000e+00
2.233788771222411818e+00,2.050972744941711312e+01,1.064750120162963931e+01,1.679999999999999938e+00,3.200000000000000000e+05
2.243013356329782937e+00,2.217355534553527718e+01,1.425006103515625011e-01,1.679999999999999938e+00,0.000000000000000000e+00
2.243032593088134075e+00,2.226973913729190713e+01,1.425006103515625011e-01,1.679999999999999938e+00,3.200000000000000000e+05
2.252257178197526688e+00,2.060591122627258187e+01,1.064750120162963931e+01,1.679999999999999938e+00,0.000000000000000000e+00
2.252276414952897987e+00,2.070209500312805062e+01,1.064750120162963931e+01,1.679999999999999938e+00,3.200000000000000000e+05
2.261501000321072041e+00,2.236592482149600869e+01,1.425006103515625011e-01,1.679999999999999938e+00,0.000000000000000000e+00
2.261520237074952977e+00,2.246210859090089684e+01,1.425006103515625011e-01,1.679999999999999938e+00,3.200000000000000000e+05
2.270744822183334843e+00,2.079828068733215218e+01,1.064750120162963931e+01,1.679999999999999938e+00,0.000000000000000000e+00
2.270764058938706142e+00,2.089446446418762093e+01,1.064750120162963931e+01,1.679999999999999938e+00,3.200000000000000000e+05
2.279988644047088009e+00,2.255829236775636559e+01,1.425006103515625011e-01,1.679999999999999938e+00,0.000000000000000000e+00
2.280007880803949227e+00,2.265447615206241494e+01,1.425006103515625011e-01,1.679999999999999938e+00,3.200000000000000000e+05
2.289232465913341841e+00,2.099064824104308968e+01,1.064750120162963931e+01,1.679999999999999938e+00,0.000000000000000000e+00
2.289251702668713140e+00,2.108683201789855843e+01,1.064750120162963931e+01,1.679999999999999938e+00,3.200000000000000000e+05
2.298476288034865700e+00,2.275066182136535531e+01,1.425006103515625011e-01,1.679999999999999938e+00,0.000000000000000000e+00
2.298495524790236999e+00,2.284684559822082406e+01,1.425006103515625011e-01,1.679999999999999938e+00,3.200000000000000000e+05
2.307720110156389559e+00,2.118301579475402718e+01,1.064750120162963931e+01,1.679999999999999938e+00,0.000000000000000000e+00
2.307739347293230381e+00,2.127920147895812875e+01,1.064750120162963931e+01,1.679999999999999938e+00,3.200000000000000000e+05
2.316963932400601500e+00,2.294302937507629281e+01,1.425006103515625011e-01,1.679999999999999938e+00,0.000000000000000000e+00
2.316983169155972799e+00,2.303921315193176156e+01,1.425006103515625011e-01,1.679999999999999938e+00,3.200000000000000000e+05
2.326207754263343919e+00,2.137538525581359750e+01,1.064750120162963931e+01,1.679999999999999938e+00,0.000000000000000000e+00
2.326226991018715218e+00,2.147156903266906625e+01,1.064750120162963931e+01,1.679999999999999938e+00,3.200000000000000000e+05
2.335451576126086337e+00,2.313539692878723031e+01,1.425006103515625011e-01,1.679999999999999938e+00,0.000000000000000000e+00
2.335470813262927159e+00,2.323158261299133187e+01,1.425006103515625011e-01,1.679999999999999938e+00,3.200000000000000000e+05
2.344695398629079719e+00,2.156775280952453500e+01,1.064750120162963931e+01,1.679999999999999938e+00,0.000000000000000000e+00
2.344714635384451018e+00,2.166393658638000375e+01,1.064750120162963931e+01,1.679999999999999938e+00,3.200000000000000000e+05
2.353939220750603578e+00,2.332776638984680062e+01,1.425006103515625011e-01,1.679999999999999938e+00,0.000000000000000000e+00
2.353958457505974877e+00,2.342395016670226937e+01,1.425006103515625011e-01,1.679999999999999938e+00,3.200000000000000000e+05
2.363183042613345997e+00,2.176012227058410531e+01,1.064750120162963931e+01,1.679999999999999938e+00,0.000000000000000000e+00
2.363202279368717296e+00,2.185630604743957406e+01,1.064750120162963931e+01,1.679999999999999938e+00,3.200000000000000000e+05
2.372426864476088415e+00,2.352013394355773812e+01,1.425006103515625011e-01,1.679999999999999938e+00,0.000000000000000000e+00
2.372446101231459714e+00,2.361631772041320687e+01,1.425006103515625011e-01,1.679999999999999938e+00,3.200000000000000000e+05
2.381670686338830834e+00,2.195248982429504281e+01,1.064750120162963931e+01,1.679999999999999938e+00,0.000000000000000000e+00
2.381689923094202133e+00,2.204867360115051156e+01,1.064750120162963931e+01,1.679999999999999938e+00,3.200000000000000000e+05
2.390914508460354693e+00,2.371250340461730843e+01,1.425006103515625011e-01,1.679999999999999938e+00,0.000000000000000000e+00
2.390933745215725992e+00,2.380868718147277718e+01,1.425006103515625011e-01,1.679999999999999938e+00,3.200000000000000000e+05
2.400158330323097111e+00,2.214485928535461312e+01,1.064750120162963931e+01,1.679999999999999938e+00,0.000000000000000000e+00
2.400177567078468410e+00,2.224104306221008187e+01,1.064750120162963931e+01,1.679999999999999938e+00,3.200000000000000000e+05
2.409402152185839530e+00,2.390487095832824593e+01,1.425006103515625011e-01,1.679999999999999938e+00,0.000000000000000000e+00
2.409421388941210829e+00,2.400105473518371468e+01,1.425006103515625011e-01,1.679999999999999938e+00,3.200000000000000000e+05
2.418645974046560010e+00,2.233722685396671181e+01,1.064750120162963931e+01,1.679999999999999938e+00,0.000000000000000000e+00
2.418665210800440946e+00,2.243341062337159997e+01,1.064750120162963931e+01,1.679999999999999938e+00,3.200000000000000000e+05
2.427889796165582315e+00,2.409724041938781625e+01,1.425006103515625011e-01,1.679999999999999938e+00,0.000000000000000000e+00
2.427909032920953614e+00,2.419342419624328500e+01,1.425006103515625011e-01,1.679999999999999938e+00,3.200000000000000000e+05
2.437133618286094983e+00,2.252959440022706872e+01,1.064750120162963931e+01,1.679999999999999938e+00,0.000000000000000000e+00
2.437152855424425724e+00,2.262578009188175088e+01,1.064750120162963931e+01,1.679999999999999938e+00,3.200000000000000000e+05
2.446377440529774905e+00,2.428960797309875375e+01,1.425006103515625011e-01,1.679999999999999938e+00,0.000000000000000000e+00
2.446396677285146204e+00,2.438579174995422250e+01,1.425006103515625011e-01,1.679999999999999938e+00,3.200000000000000000e+05
2.455621262390495385e+00,2.272196386873721963e+01,1.064750120162963931e+01,1.679999999999999938e+00,0.000000000000000000e+00
2.455640499142886402e+00,2.281814763069152718e+01,1.064750120162963931e+01,1.679999999999999938e+00,3.200000000000000000e+05
2.464865084250257521e+00,2.448197552680969125e+01,1.425006103515625011e-01,1.679999999999999938e+00,0.000000000000000000e+00
2.464884321387098343e+00,2.457816121101379281e+01,1.425006103515625011e-01,1.679999999999999938e+00,3.200000000000000000e+05
2.474108906753250903e+00,2.291433140754699593e+01,1.064750120162963931e+01,1.679999999999999938e+00,0.000000000000000000e+00
2.474128143508622202e+00,2.301051518440246468e+01,1.064750120162963931e+01,1.679999999999999938e+00,3.200000000000000000e+05
2.483352728874774762e+00,2.467434498786926156e+01,1.425006103515625011e-01,1.679999999999999938e+00,0.000000000000000000e+00
2.483371965630146061e+00,2.477052876472473031e+01,1.425006103515625011e-01,1.679999999999999938e+00,3.200000000000000000e+05
2.492596550737517180e+00,2.310670086860656625e+01,1.064750120162963931e+01,1.679999999999999938e+00,0.000000000000000000e+00
2.492615787492888479e+00,2.320288464546203500e+01,1.064750120162963931e+01,1.679999999999999938e+00,3.200000000000000000e+05
2.501840372600259599e+00,2.486671254158019906e+01,1.425006103515625011e-01,1.679999999999999938e+00,0.000000000000000000e+00
2.501859609355630898e+00,2.496289631843566781e+01,1.425006103515625011e-01,1.679999999999999938e+00,3.200000000000000000e+05
2.511084194463002017e+00,2.329906842231750375e+01,1.064750120162963931e+01,1.679999999999999938e+00,0.000000000000000000e+00
2.511103431218373316e+00,2.339525219917297250e+01,1.064750120162963931e+01,1.679999999999999938e+00,3.200000000000000000e+05
2.520328016584525876e+00,2.505908200263976937e+01,1.425006103515625011e-01,1.679999999999999938e+00,0.000000000000000000e+00
2.520347253339897176e+00,2.515526577949523812e+01,1.425006103515625011e-01,1.679999999999999938e+00,3.200000000000000000e+05
2.529571838447268295e+00,2.349143788337707406e+01,1.064750120162963931e+01,1.679999999999999938e+00,0.000000000000000000e+00
2.529591075202639594e+00,2.358762166023254281e+01,1.064750120162963931e+01,1.679999999999999938e+00,3.200000000000000000e+05
2.538815660310010713e+00,2.525144955635070687e+01,1.425006103515625011e-01,1.679999999999999938e+00,0.000000000000000000e+00
2.538834897065382012e+00,2.534763333320617562e+01,1.425006103515625011e-01,1.679999999999999938e+00,3.200000000000000000e+05
2.548059482172753132e+00,2.368380543708801156e+01,1.064750120162963931e+01,1.679999999999999938e+00,0.000000000000000000e+00
2.548078718928124431e+00,2.377998921394348031e+01,1.064750120162963931e+01,1.679999999999999938e+00,3.200000000000000000e+05
2.557303304294276991e+00,2.544381901741027718e+01,1.425006103515625011e-01,1.679999999999999938e+00,0.000000000000000000e+00
2.557322541049648290e+00,2.554000279426574593e+01,1.425006103515625011e-01,1.679999999999999938e+00,3.200000000000000000e+05
2.566547126415800850e+00,2.387617299079894906e+01,1.064750120162963931e+01,1.679999999999999938e+00,0.000000000000000000e+00
2.566566363552641672e+00,2.397235867500305062e+01,1.064750120162963931e+01,1.679999999999999938e+00,3.200000000000000000e+05
2.575790948660012791e+00,2.563618657112121468e+01,1.425006103515625011e-01,1.679999999999999938e+00,0.000000000000000000e+00
2.575810185415384090e+00,2.573237034797668343e+01,1.425006103515625011e-01,1.679999999999999938e+00,3.200000000000000000e+05
2.585034770522755210e+00,2.406854245185851937e+01,1.064750120162963931e+01,1.679999999999999938e+00,0.000000000000000000e+00
2.585054007278126509e+00,2.416472622871398812e+01,1.064750120162963931e+01,1.679999999999999938e+00,3.200000000000000000e+05
2.594278592385497628e+00,2.582855412483215218e+01,1.425006103515625011e-01,1.679999999999999938e+00,0.000000000000000000e+00
2.594297829522338450e+00,2.592473980903625375e+01,1.425006103515625011e-01,1.679999999999999938e+00,3.200000000000000000e+05
2.603522414888491010e+00,2.426091000556945687e+01,1.064750120162963931e+01,1.679999999999999938e+00,0.000000000000000000e+00
2.603541651643862309e+00,2.435709378242492562e+01,1.064750120162963931e+01,1.679999999999999938e+00,3.200000000000000000e+05
2.612766237010014869e+00,2.602092358589172250e+01,1.425006103515625011e-01,1.679999999999999938e+00,0.000000000000000000e+00
2.612785473765386168e+00,2.611710736274719125e+01,1.425006103515625011e-01,1.679999999999999938e+00,3.200000000000000000e+05
2.622010058872757288e+00,2.445327946662902718e+01,1.064750120162963931e+01,1.679999999999999938e+00,0.000000000000000000e+00
2.622029295628128587e+00,2.454946324348449593e+01,1.064750120162963931e+01,1.679999999999999938e+00,3.200000000000000000e+05
2.631253880735499706e+00,2.621329113960266000e+01,1.425006103515625011e-01,1.679999999999999938e+00,0.000000000000000000e+00
2.631273117490871005e+00,2.630947491645812875e+01,1.425006103515625011e-01,1.679999999999999938e+00,3.200000000000000000e+05
2.640497702598242125e+00,2.464564702033996468e+01,1.064750120162963931e+01,1.679999999999999938e+00,0.000000000000000000e+00
2.640516939353613424e+00,2.474183079719543343e+01,1.064750120162963931e+01,1.679999999999999938e+00,3.200000000000000000e+05
2.649741524719765984e+00,2.640566060066223031e+01,1.425006103515625011e-01,1.679999999999999938e+00,0.000000000000000000e+00
2.649760761522820918e+00,2.650184461593627816e+01,1.425006103515625011e-01,1.679999999999999938e+00,3.200000000000000000e+05
2.658985346662539495e+00,2.483801648139953500e+01,1.064750120162963931e+01,1.679999999999999938e+00,0.000000000000000000e+00
2.659004583417910794e+00,2.493420025825500375e+01,1.064750120162963931e+01,1.679999999999999938e+00,3.200000000000000000e+05
2.668229168557629372e+00,2.659802839279174691e+01,1.425006103515625011e-01,1.679999999999999938e+00,0.000000000000000000e+00
2.668248405313000671e+00,2.669421216964721566e+01,1.425006103515625011e-01,1.679999999999999938e+00,3.200000000000000000e+05
2.677472990452719248e+00,2.503038403511047250e+01,1.064750120162963931e+01,1.679999999999999938e+00,0.000000000000000000e+00
2.677492227208090547e+00,2.512656781196594125e+01,1.064750120162963931e+01,1.679999999999999938e+00,3.200000000000000000e+05
2.686716812606590565e+00,2.679039785385131722e+01,1.425006103515625011e-01,1.679999999999999938e+00,0.000000000000000000e+00
2.686736049361961864e+00,2.688658163070678597e+01,1.425006103515625011e-01,1.679999999999999938e+00,3.200000000000000000e+05
2.695960634760461883e+00,2.522275158882141000e+01,1.064750120162963931e+01,1.679999999999999938e+00,0.000000000000000000e+00
2.695979871897302704e+00,2.531893727302551156e+01,1.064750120162963931e+01,1.679999999999999938e+00,3.200000000000000000e+05
2.705204457037021282e+00,2.698276540756225472e+01,1.425006103515625011e-01,1.679999999999999938e+00,0.000000000000000000e+00
2.705223693792392581e+00,2.707894918441772347e+01,1.425006103515625011e-01,1.679999999999999938e+00,3.200000000000000000e+05
2.714448278932111158e+00,2.541512104988098031e+01,1.064750120162963931e+01,1.679999999999999938e+00,0.000000000000000000e+00
2.714467515687482457e+00,2.551130482673644906e+01,1.064750120162963931e+01,1.679999999999999938e+00,3.200000000000000000e+05
2.723692100827201035e+00,2.717513296127319222e+01,1.425006103515625011e-01,1.679999999999999938e+00,0.000000000000000000e+00
2.723711337964041856e+00,2.727131864547729379e+01,1.425006103515625011e-01,1.679999999999999938e+00,3.200000000000000000e+05
2.732935923362541875e+00,2.560748860359191781e+01,1.064750120162963931e+01,1.679999999999999938e+00,0.000000000000000000e+00
2.732955160499382696e+00,2.570367428779601937e+01,1.064750120162963931e+01,1.679999999999999938e+00,3.200000000000000000e+05
2.742179745639101274e+00,2.736750242233276254e+01,1.425006103515625011e-01,1.679999999999999938e+00,0.000000000000000000e+00
2.742198982394472573e+00,2.746368619918823129e+01,1.425006103515625011e-01,1.679999999999999938e+00,3.200000000000000000e+05
2.751423567534191150e+00,2.579985806465148812e+01,1.064750120162963931e+01,1.679999999999999938e+00,0.000000000000000000e+00
2.751442804289562449e+00,2.589604184150695687e+01,1.064750120162963931e+01,1.679999999999999938e+00,3.200000000000000000e+05
2.760667389429281027e+00,2.755986997604370004e+01,1.425006103515625011e-01,1.679999999999999938e+00,0.000000000000000000e+00
2.760686626184652326e+00,2.765605375289916879e+01,1.425006103515625011e-01,1.679999999999999938e+00,3.200000000000000000e+05
2.769911211324370903e+00,2.599222561836242562e+01,1.064750120162963931e+01,1.679999999999999938e+00,0.000000000000000000e+00
2.769930448079742202e+00,2.608840939521789437e+01,1.064750120162963931e+01,1.679999999999999938e+00,3.200000000000000000e+05
2.779155033478242220e+00,2.775223943710327035e+01,1.425006103515625011e-01,1.679999999999999938e+00,0.000000000000000000e+00
2.779174270233613520e+00,2.784842321395873910e+01,1.425006103515625011e-01,1.679999999999999938e+00,3.200000000000000000e+05
2.788398855373332097e+00,2.618459507942199593e+01,1.064750120162963931e+01,1.679999999999999938e+00,0.000000000000000000e+00
2.788418092128703396e+00,2.628077885627746468e+01,1.064750120162963931e+01,1.679999999999999938e+00,3.200000000000000000e+05
2.797642677268421973e+00,2.794460699081420785e+01,1.425006103515625011e-01,1.679999999999999938e+00,0.000000000000000000e+00
2.797661914023793273e+00,2.804079076766967660e+01,1.425006103515625011e-01,1.679999999999999938e+00,3.200000000000000000e+05
2.806886499163511850e+00,2.637696263313293343e+01,1.064750120162963931e+01,1.679999999999999938e+00,0.000000000000000000e+00
2.806905735918883149e+00,2.647314640998840218e+01,1.064750120162963931e+01,1.679999999999999938e+00,3.200000000000000000e+05
2.816130321317383167e+00,2.813697645187377816e+01,1.425006103515625011e-01,1.679999999999999938e+00,0.000000000000000000e+00
2.816149558072754466e+00,2.823316022872924691e+01,1.425006103515625011e-01,1.679999999999999938e+00,3.200000000000000000e+05
2.825374143438907026e+00,2.656933042526245004e+01,1.064750120162963931e+01,1.679999999999999938e+00,0.000000000000000000e+00
2.825393380575747848e+00,2.666551610946655160e+01,1.064750120162963931e+01,1.679999999999999938e+00,3.200000000000000000e+05
2.834617965683118967e+00,2.832934400558471566e+01,1.425006103515625011e-01,1.679999999999999938e+00,0.000000000000000000e+00
2.834637202438490267e+00,2.842552778244018441e+01,1.425006103515625011e-01,1.679999999999999938e+00,3.200000000000000000e+05
2.843861787545861386e+00,2.676169988632202035e+01,1.064750120162963931e+01,1.679999999999999938e+00,0.000000000000000000e+00
2.843881024301232685e+00,2.685788366317748910e+01,1.064750120162963931e+01,1.679999999999999938e+00,3.200000000000000000e+05
2.853105609408603804e+00,2.852171155929565316e+01,1.425006103515625011e-01,1.679999999999999938e+00,0.000000000000000000e+00
2.853124846545444626e+00,2.861789724349975472e+01,1.425006103515625011e-01,1.679999999999999938e+00,3.200000000000000000e+05
2.862349431911597186e+00,2.695406744003295785e+01,1.064750120162963931e+01,1.679999999999999938e+00,0.000000000000000000e+00
2.862368669048438008e+00,2.705025312423705941e+01,1.064750120162963931e+01,1.679999999999999938e+00,3.200000000000000000e+05
2.871593254155809127e+00,2.871408102035522347e+01,1.425006103515625011e-01,1.679999999999999938e+00,0.000000000000000000e+00
2.871612490911180426e+00,2.881026479721069222e+01,1.425006103515625011e-01,1.679999999999999938e+00,3.200000000000000000e+05
2.880837076018551546e+00,2.714643690109252816e+01,1.064750120162963931e+01,1.679999999999999938e+00,0.000000000000000000e+00
2.880856312773922845e+00,2.724262067794799691e+01,1.064750120162963931e+01,1.679999999999999938e+00,3.200000000000000000e+05
2.890080897881293964e+00,2.890644857406616097e+01,1.425006103515625011e-01,1.679999999999999938e+00,0.000000000000000000e+00
2.890100135018134786e+00,2.900263425827026254e+01,1.425006103515625011e-01,1.679999999999999938e+00,3.200000000000000000e+05
2.899324720384287346e+00,2.733880445480346566e+01,1.064750120162963931e+01,1.679999999999999938e+00,0.000000000000000000e+00
2.899343957139658645e+00,2.743498823165893441e+01,1.064750120162963931e+01,1.679999999999999938e+00,3.200000000000000000e+05
2.908568542505811205e+00,2.909881803512573129e+01,1.425006103515625011e-01,1.679999999999999938e+00,0.000000000000000000e+00
2.908587779261182504e+00,2.919500181198120004e+01,1.425006103515625011e-01,1.679999999999999938e+00,3.200000000000000000e+05
2.917812364368553624e+00,2.753117391586303597e+01,1.064750120162963931e+01,1.679999999999999938e+00,0.000000000000000000e+00
2.917831601123924923e+00,2.762735769271850472e+01,1.064750120162963931e+01,1.679999999999999938e+00,3.200000000000000000e+05
2.927056186231296042e+00,2.929118558883666879e+01,1.425006103515625011e-01,1.679999999999999938e+00,0.000000000000000000e+00
2.927075422986667341e+00,2.938736936569213754e+01,1.425006103515625011e-01,1.679999999999999938e+00,3.200000000000000000e+05
2.936300008094038461e+00,2.772354146957397347e+01,1.064750120162963931e+01,1.679999999999999938e+00,0.000000000000000000e+00
2.936319244849409760e+00,2.781972524642944222e+01,1.064750120162963931e+01,1.679999999999999938e+00,3.200000000000000000e+05
2.945543830215562320e+00,2.948355504989623910e+01,1.425006103515625011e-01,1.679999999999999938e+00,0.000000000000000000e+00
2.945563066970933619e+00,2.957973882675170785e+01,1.425006103515625011e-01,1.679999999999999938e+00,3.200000000000000000e+05
2.954787652337086179e+00,2.791590902328491097e+01,1.064750120162963931e+01,1.679999999999999938e+00,0.000000000000000000e+00
2.954806889473927001e+00,2.801209470748901254e+01,1.064750120162963931e+01,1.679999999999999938e+00,3.200000000000000000e+05
2.964031474581298120e+00,2.967592260360717660e+01,1.425006103515625011e-01,1.679999999999999938e+00,0.000000000000000000e+00
2.964050711336669419e+00,2.977210638046264535e+01,1.425006103515625011e-01,1.679999999999999938e+00,3.200000000000000000e+05
2.973275296444040539e+00,2.810827848434448129e+01,1.064750120162963931e+01,1.679999999999999938e+00,0.000000000000000000e+00
2.973294533199411838e+00,2.820446226119995004e+01,1.064750120162963931e+01,1.679999999999999938e+00,3.200000000000000000e+05
2.982519118306782957e+00,2.986829015731811410e+01,1.425006103515625011e-01,1.679999999999999938e+00,0.000000000000000000e+00
2.982538355443623779e+00,2.996447584152221566e+01,1.425006103515625011e-01,1.679999999999999938e+00,3.200000000000000000e+05
2.991762940809776339e+00,2.830064603805541879e+01,1.064750120162963931e+01,1.679999999999999938e+00,0.000000000000000000e+00
2.991782177946617161e+00,2.839683172225952035e+01,1.064750120162963931e+01,1.679999999999999938e+00,3.200000000000000000e+05
3.001006763053988280e+00,3.006065961837768441e+01,1.425006103515625011e-01,1.679999999999999938e+00,0.000000000000000000e+00
3.001025999809359579e+00,3.015684339523315316e+01,1.425006103515625011e-01,1.679999999999999938e+00,3.200000000000000000e+05
3.010250584916730698e+00,2.849301549911498910e+01,1.064750120162963931e+01,1.679999999999999938e+00,0.000000000000000000e+00
3.010269821672101997e+00,2.858919927597045785e+01,1.064750120162963931e+01,1.679999999999999938e+00,3.200000000000000000e+05
3.019494406779473117e+00,3.025302717208862191e+01,1.425006103515625011e-01,1.679999999999999938e+00,0.000000000000000000e+00
3.019513643916313939e+00,3.034921285629272347e+01,1.425006103515625011e-01,1.679999999999999938e+00,3.200000000000000000e+05
3.028738229282466499e+00,2.868538305282592660e+01,1.064750120162963931e+01,1.679999999999999938e+00,0.000000000000000000e+00
3.028757466037837798e+00,2.878156682968139535e+01,1.064750120162963931e+01,1.679999999999999938e+00,3.200000000000000000e+05
3.037982051403990358e+00,3.044539663314819222e+01,1.425006103515625011e-01,1.679999999999999938e+00,0.000000000000000000e+00
3.038001288063993943e+00,3.054157993316650277e+01,1.425006103515625011e-01,1.679999999999999938e+00,3.200000000000000000e+05
3.047225873106669702e+00,2.887775251388549691e+01,1.064750120162963931e+01,1.679999999999999938e+00,0.000000000000000000e+00
3.047245109862041001e+00,2.897393629074096566e+01,1.064750120162963931e+01,1.679999999999999938e+00,3.200000000000000000e+05
3.056469694904716761e+00,3.063776371002197152e+01,1.425006103515625011e-01,1.679999999999999938e+00,0.000000000000000000e+00
3.056488931660088060e+00,3.073394748687744027e+01,1.425006103515625011e-01,1.679999999999999938e+00,3.200000000000000000e+05
3.065713516702763819e+00,2.907012006759643441e+01,1.064750120162963931e+01,1.679999999999999938e+00,0.000000000000000000e+00
3.065732753458135118e+00,2.916630384445190316e+01,1.064750120162963931e+01,1.679999999999999938e+00,3.200000000000000000e+05
3.074957338759592318e+00,3.083013317108154183e+01,1.425006103515625011e-01,1.679999999999999938e+00,0.000000000000000000e+00
3.074976575514963617e+00,3.092631694793701058e+01,1.425006103515625011e-01,1.679999999999999938e+00,3.200000000000000000e+05
3.084201160816420817e+00,2.926248762130737191e+01,1.064750120162963931e+01,1.679999999999999938e+00,0.000000000000000000e+00
3.084220397953261639e+00,2.935867330551147347e+01,1.064750120162963931e+01,1.679999999999999938e+00,3.200000000000000000e+05
3.093444982995937398e+00,3.102250072479247933e+01,1.425006103515625011e-01,1.679999999999999938e+00,0.000000000000000000e+00
3.093464219751308697e+00,3.111868450164794808e+01,1.425006103515625011e-01,1.679999999999999938e+00,3.200000000000000000e+05
3.102688804793984456e+00,2.945485708236694222e+01,1.064750120162963931e+01,1.679999999999999938e+00,0.000000000000000000e+00
3.102708041549355755e+00,2.955104085922241097e+01,1.064750120162963931e+01,1.679999999999999938e+00,3.200000000000000000e+05
3.111932626592031514e+00,3.121486827850341683e+01,1.425006103515625011e-01,1.679999999999999938e+00,0.000000000000000000e+00
3.111951863728872336e+00,3.131105396270751839e+01,1.425006103515625011e-01,1.679999999999999938e+00,3.200000000000000000e+05
3.121176449030329536e+00,2.964722463607787972e+01,1.064750120162963931e+01,1.679999999999999938e+00,0.000000000000000000e+00
3.121195686167170358e+00,2.974341032028198129e+01,1.064750120162963931e+01,1.679999999999999938e+00,3.200000000000000000e+05
3.130420271209846117e+00,3.140723773956298714e+01,1.425006103515625011e-01,1.679999999999999938e+00,0.000000000000000000e+00
3.130439507965217416e+00,3.150342151641845589e+01,1.425006103515625011e-01,1.679999999999999938e+00,3.200000000000000000e+05
3.139664093007893175e+00,2.983959409713745004e+01,1.064750120162963931e+01,1.679999999999999938e+00,0.000000000000000000e+00
3.139683329763264474e+00,2.993577787399291879e+01,1.064750120162963931e+01,1.679999999999999938e+00,3.200000000000000000e+05
3.148907914805940234e+00,3.159960529327392464e+01,1.425006103515625011e-01,1.679999999999999938e+00,0.000000000000000000e+00
3.148927151942781055e+00,3.169579097747802621e+01,1.425006103515625011e-01,1.679999999999999938e+00,3.200000000000000000e+05
3.158151737244238255e+00,3.003196165084838754e+01,1.064750120162963931e+01,1.679999999999999938e+00,0.000000000000000000e+00
3.158170973999609554e+00,3.012814542770385629e+01,1.064750120162963931e+01,1.679999999999999938e+00,3.200000000000000000e+05
3.167395559301066754e+00,3.179197475433349496e+01,1.425006103515625011e-01,1.679999999999999938e+00,0.000000000000000000e+00
3.167414796056438053e+00,3.188815853118896371e+01,1.425006103515625011e-01,1.679999999999999938e+00,3.200000000000000000e+05
3.176639381099113812e+00,3.022433111190795785e+01,1.064750120162963931e+01,1.679999999999999938e+00,0.000000000000000000e+00
3.176658617854485112e+00,3.032051488876342660e+01,1.064750120162963931e+01,1.679999999999999938e+00,3.200000000000000000e+05
3.185883202897160871e+00,3.198434230804443246e+01,1.425006103515625011e-01,1.679999999999999938e+00,0.000000000000000000e+00
3.185902439652532170e+00,3.208052608489990121e+01,1.425006103515625011e-01,1.679999999999999938e+00,3.200000000000000000e+05
3.195127024695207929e+00,3.041669866561889535e+01,1.064750120162963931e+01,1.679999999999999938e+00,0.000000000000000000e+00
3.195146261355211514e+00,3.051288196563720589e+01,1.064750120162963931e+01,1.679999999999999938e+00,3.200000000000000000e+05
3.204370846721364074e+00,3.217671176910400277e+01,1.425006103515625011e-01,1.679999999999999938e+00,0.000000000000000000e+00
3.204390083476735374e+00,3.227289554595947152e+01,1.425006103515625011e-01,1.679999999999999938e+00,3.200000000000000000e+05
3.213614668842887934e+00,3.060906574249267464e+01,1.064750120162963931e+01,1.679999999999999938e+00,0.000000000000000000e+00
3.213633905979728755e+00,3.070525142669677621e+01,1.064750120162963931e+01,1.679999999999999938e+00,3.200000000000000000e+05
3.222858491087099875e+00,3.236907932281494027e+01,1.425006103515625011e-01,1.679999999999999938e+00,0.000000000000000000e+00
3.222877727842471174e+00,3.246526309967040902e+01,1.425006103515625011e-01,1.679999999999999938e+00,3.200000000000000000e+05
3.232102312949842293e+00,3.080143520355224496e+01,1.064750120162963931e+01,1.679999999999999938e+00,0.000000000000000000e+00
3.232121549705213592e+00,3.089761898040771371e+01,1.064750120162963931e+01,1.679999999999999938e+00,3.200000000000000000e+05
3.241346134812584712e+00,3.256144687652587777e+01,1.425006103515625011e-01,1.679999999999999938e+00,0.000000000000000000e+00
3.241365371567956011e+00,3.265763065338134652e+01,1.425006103515625011e-01,1.679999999999999938e+00,3.200000000000000000e+05
3.250589956675327130e+00,3.099380275726318246e+01,1.064750120162963931e+01,1.679999999999999938e+00,0.000000000000000000e+00
3.250609193812167952e+00,3.108998844146728402e+01,1.064750120162963931e+01,1.679999999999999938e+00,3.200000000000000000e+05
3.259833778660757631e+00,3.275381443023681527e+01,1.425006103515625011e-01,1.679999999999999938e+00,0.000000000000000000e+00
3.259853016179067975e+00,3.285000202178954964e+01,1.425006103515625011e-01,1.679999999999999938e+00,3.200000000000000000e+05
3.269077601545220535e+00,3.118617221832275277e+01,1.064750120162963931e+01,1.679999999999999938e+00,0.000000000000000000e+00
3.269096838300591834e+00,3.128235599517822152e+01,1.064750120162963931e+01,1.679999999999999938e+00,3.200000000000000000e+05
3.278321423666744394e+00,3.294618579864501839e+01,1.425006103515625011e-01,1.679999999999999938e+00,0.000000000000000000e+00
3.278340660422115693e+00,3.304236957550048714e+01,1.425006103515625011e-01,1.679999999999999938e+00,3.200000000000000000e+05
3.287565245788268253e+00,3.137853977203369027e+01,1.064750120162963931e+01,1.679999999999999938e+00,0.000000000000000000e+00
3.287584482543639552e+00,3.147472354888915902e+01,1.064750120162963931e+01,1.679999999999999938e+00,3.200000000000000000e+05
3.296809067909792113e+00,3.313855335235595589e+01,1.425006103515625011e-01,1.679999999999999938e+00,0.000000000000000000e+00
3.296828304665163412e+00,3.323473712921142464e+01,1.425006103515625011e-01,1.679999999999999938e+00,3.200000000000000000e+05
3.306052889772534531e+00,3.157090923309326058e+01,1.064750120162963931e+01,1.679999999999999938e+00,0.000000000000000000e+00
3.306072126527905830e+00,3.166709300994872933e+01,1.064750120162963931e+01,1.679999999999999938e+00,3.200000000000000000e+05
3.315296711635276949e+00,3.333092090606689339e+01,1.425006103515625011e-01,1.679999999999999938e+00,0.000000000000000000e+00
3.315315948390648249e+00,3.342710468292236214e+01,1.425006103515625011e-01,1.679999999999999938e+00,3.200000000000000000e+05
3.324540533498019368e+00,3.176327678680419808e+01,1.064750120162963931e+01,1.679999999999999938e+00,0.000000000000000000e+00
3.324559770253390667e+00,3.185946056365966683e+01,1.064750120162963931e+01,1.679999999999999938e+00,3.200000000000000000e+05
3.333784355360761786e+00,3.352328845977783089e+01,1.425006103515625011e-01,1.679999999999999938e+00,0.000000000000000000e+00
3.333803592116133085e+00,3.361947223663329964e+01,1.425006103515625011e-01,1.679999999999999938e+00,3.200000000000000000e+05
3.343028177223504205e+00,3.195564434051513558e+01,1.064750120162963931e+01,1.679999999999999938e+00,0.000000000000000000e+00
3.343047414360345027e+00,3.205183002471923714e+01,1.064750120162963931e+01,1.679999999999999938e+00,3.200000000000000000e+05
3.352271999726497587e+00,3.371565982818603402e+01,1.425006103515625011e-01,1.679999999999999938e+00,0.000000000000000000e+00
3.352291236481868886e+00,3.381184360504150277e+01,1.425006103515625011e-01,1.679999999999999938e+00,3.200000000000000000e+05
3.361515821848021446e+00,3.214801380157470589e+01,1.064750120162963931e+01,1.679999999999999938e+00,0.000000000000000000e+00
3.361535058603392745e+00,3.224419757843017464e+01,1.064750120162963931e+01,1.679999999999999938e+00,3.200000000000000000e+05
3.370759643969545305e+00,3.390802738189697152e+01,1.425006103515625011e-01,1.679999999999999938e+00,0.000000000000000000e+00
3.370778880724916604e+00,3.400421115875244027e+01,1.425006103515625011e-01,1.679999999999999938e+00,3.200000000000000000e+05
3.380003466091069164e+00,3.234038135528564339e+01,1.064750120162963931e+01,1.679999999999999938e+00,0.000000000000000000e+00
3.380022702846440463e+00,3.243656513214111214e+01,1.064750120162963931e+01,1.679999999999999938e+00,3.200000000000000000e+05
3.389247288212593023e+00,3.410039493560790902e+01,1.425006103515625011e-01,1.679999999999999938e+00,0.000000000000000000e+00
3.389266524967964322e+00,3.419657871246337777e+01,1.425006103515625011e-01,1.679999999999999938e+00,3.200000000000000000e+05
3.398491110334116883e+00,3.253274890899658089e+01,1.064750120162963931e+01,1.679999999999999938e+00,0.000000000000000000e+00
3.398510347089488182e+00,3.262893268585204964e+01,1.064750120162963931e+01,1.679999999999999938e+00,3.200000000000000000e+05
3.407734932455640742e+00,3.429276248931884652e+01,1.425006103515625011e-01,1.679999999999999938e+00,0.000000000000000000e+00
3.407754169211012041e+00,3.438894626617431527e+01,1.425006103515625011e-01,1.679999999999999938e+00,3.200000000000000000e+05
3.416978754059601719e+00,3.272512027740478402e+01,1.064750120162963931e+01,1.679999999999999938e+00,0.000000000000000000e+00
3.416997990814973019e+00,3.282130405426025277e+01,1.064750120162963931e+01,1.679999999999999938e+00,3.200000000000000000e+05
3.426222575663562697e+00,3.448513004302978402e+01,1.425006103515625011e-01,1.679999999999999938e+00,0.000000000000000000e+00
3.426241812418933996e+00,3.458131381988525277e+01,1.425006103515625011e-01,1.679999999999999938e+00,3.200000000000000000e+05
3.435466397267523675e+00,3.291748783111572152e+01,1.064750120162963931e+01,1.679999999999999938e+00,0.000000000000000000e+00
3.435485634022894974e+00,3.301367160797119027e+01,1.064750120162963931e+01,1.679999999999999938e+00,3.200000000000000000e+05
3.444710219389047534e+00,3.467750141143798714e+01,1.425006103515625011e-01,1.679999999999999938e+00,0.000000000000000000e+00
3.444729456144418833e+00,3.477368518829345589e+01,1.425006103515625011e-01,1.679999999999999938e+00,3.200000000000000000e+05
3.453954041510571393e+00,3.310985538482665902e+01,1.064750120162963931e+01,1.679999999999999938e+00,0.000000000000000000e+00
3.453973278265942692e+00,3.320603916168212777e+01,1.064750120162963931e+01,1.679999999999999938e+00,3.200000000000000000e+05
3.463197863632095252e+00,3.486986896514892464e+01,1.425006103515625011e-01,1.679999999999999938e+00,0.000000000000000000e+00
3.463217100387466552e+00,3.496605274200439339e+01,1.425006103515625011e-01,1.679999999999999938e+00,3.200000000000000000e+05
3.472441685753619112e+00,3.330222293853759652e+01,1.064750120162963931e+01,1.679999999999999938e+00,0.000000000000000000e+00
3.472460922508990411e+00,3.339840671539306527e+01,1.064750120162963931e+01,1.679999999999999938e+00,3.200000000000000000e+05
3.481685507875142971e+00,3.506223651885986214e+01,1.425006103515625011e-01,1.679999999999999938e+00,0.000000000000000000e+00
3.481704744630514270e+00,3.515842029571533089e+01,1.425006103515625011e-01,1.679999999999999938e+00,3.200000000000000000e+05
3.490929329996666830e+00,3.349459049224853402e+01,1.064750120162963931e+01,1.679999999999999938e+00,0.000000000000000000e+00
3.490948567514977174e+00,3.359077808380126839e+01,1.064750120162963931e+01,1.679999999999999938e+00,3.200000000000000000e+05
3.500173152363566853e+00,3.525460407257079964e+01,1.425006103515625011e-01,1.679999999999999938e+00,0.000000000000000000e+00
3.500192389118938152e+00,3.535078784942626839e+01,1.425006103515625011e-01,1.679999999999999938e+00,3.200000000000000000e+05
3.509416973967527831e+00,3.368696186065673714e+01,1.064750120162963931e+01,1.679999999999999938e+00,0.000000000000000000e+00
3.509436210722899130e+00,3.378314563751220589e+01,1.064750120162963931e+01,1.679999999999999938e+00,3.200000000000000000e+05
3.518660795571488809e+00,3.544697162628173714e+01,1.425006103515625011e-01,1.679999999999999938e+00,0.000000000000000000e+00
3.518680033089799153e+00,3.554315921783447152e+01,1.425006103515625011e-01,1.679999999999999938e+00,3.200000000000000000e+05
3.527904618455951713e+00,3.387932941436767464e+01,1.064750120162963931e+01,1.679999999999999938e+00,0.000000000000000000e+00
3.527923855211323012e+00,3.397551319122314339e+01,1.064750120162963931e+01,1.679999999999999938e+00,3.200000000000000000e+05
3.537148440577475572e+00,3.563934299468994027e+01,1.425006103515625011e-01,1.679999999999999938e+00,0.000000000000000000e+00
3.537167677332846871e+00,3.573552677154540902e+01,1.425006103515625011e-01,1.679999999999999938e+00,3.200000000000000000e+05
3.546392262698999431e+00,3.407169696807861214e+01,1.064750120162963931e+01,1.679999999999999938e+00,0.000000000000000000e+00
3.546411499454370730e+00,3.416788074493408089e+01,1.064750120162963931e+01,1.679999999999999938e+00,3.200000000000000000e+05
3.555636084820523291e+00,3.583171054840087777e+01,1.425006103515625011e-01,1.679999999999999938e+00,0.000000000000000000e+00
3.555655321575894590e+00,3.592789432525634652e+01,1.425006103515625011e-01,1.679999999999999938e+00,3.200000000000000000e+05
3.564879906942047150e+00,3.426406452178954964e+01,1.064750120162963931e+01,1.679999999999999938e+00,0.000000000000000000e+00
3.564899143697418449e+00,3.436024829864501839e+01,1.064750120162963931e+01,1.679999999999999938e+00,3.200000000000000000e+05
3.574123729063571009e+00,3.602407810211181527e+01,1.425006103515625011e-01,1.679999999999999938e+00,0.000000000000000000e+00
3.574142965818942308e+00,3.612026187896728402e+01,1.425006103515625011e-01,1.679999999999999938e+00,3.200000000000000000e+05
3.583367550667531987e+00,3.445643589019775277e+01,1.064750120162963931e+01,1.679999999999999938e+00,0.000000000000000000e+00
3.583386787422903286e+00,3.455261966705322152e+01,1.064750120162963931e+01,1.679999999999999938e+00,3.200000000000000000e+05
3.592611372271492964e+00,3.621644565582275277e+01,1.425006103515625011e-01,1.679999999999999938e+00,0.000000000000000000e+00
3.592630609026864263e+00,3.631262943267822152e+01,1.425006103515625011e-01,1.679999999999999938e+00,3.200000000000000000e+05
3.601855193875453942e+00,3.464880344390869027e+01,1.064750120162963931e+01,1.679999999999999938e+00,0.000000000000000000e+00
3.601874430630825241e+00,3.474498722076415902e+01,1.064750120162963931e+01,1.679999999999999938e+00,3.200000000000000000e+05
3.611099015996977801e+00,3.640881702423095589e+01,1.425006103515625011e-01,1.679999999999999938e+00,0.000000000000000000e+00
3.611118252752349100e+00,3.650500080108642464e+01,1.425006103515625011e-01,1.679999999999999938e+00,3.200000000000000000e+05
3.620342838118501660e+00,3.484117099761962777e+01,1.064750120162963931e+01,1.679999999999999938e+00,0.000000000000000000e+00
3.620362074873872960e+00,3.493735477447509652e+01,1.064750120162963931e+01,1.679999999999999938e+00,3.200000000000000000e+05
3.629586660240025520e+00,3.660118457794189339e+01,1.425006103515625011e-01,1.679999999999999938e+00,0.000000000000000000e+00
3.629605896995396819e+00,3.669736835479736214e+01,1.425006103515625011e-01,1.679999999999999938e+00,3.200000000000000000e+05
3.638830482361549379e+00,3.503353855133056527e+01,1.064750120162963931e+01,1.679999999999999938e+00,0.000000000000000000e+00
3.638849719116920678e+00,3.512972232818603402e+01,1.064750120162963931e+01,1.679999999999999938e+00,3.200000000000000000e+05
3.648074304483073238e+00,3.679355213165283089e+01,1.425006103515625011e-01,1.679999999999999938e+00,0.000000000000000000e+00
3.648093541238444537e+00,3.688973590850829964e+01,1.425006103515625011e-01,1.679999999999999938e+00,3.200000000000000000e+05
3.657318126604597097e+00,3.522590610504150277e+01,1.064750120162963931e+01,1.679999999999999938e+00,0.000000000000000000e+00
3.657337364122907442e+00,3.532209369659423714e+01,1.064750120162963931e+01,1.679999999999999938e+00,3.200000000000000000e+05
3.666561948971497120e+00,3.698591968536376839e+01,1.425006103515625011e-01,1.679999999999999938e+00,0.000000000000000000e+00
3.666581185726868419e+00,3.708210346221923714e+01,1.425006103515625011e-01,1.679999999999999938e+00,3.200000000000000000e+05
3.675805770575458098e+00,3.541827747344970589e+01,1.064750120162963931e+01,1.679999999999999938e+00,0.000000000000000000e+00
3.675825007330829397e+00,3.551446125030517464e+01,1.064750120162963931e+01,1.679999999999999938e+00,3.200000000000000000e+05
3.685049592179419076e+00,3.717828723907470589e+01,1.425006103515625011e-01,1.679999999999999938e+00,0.000000000000000000e+00
3.685068828934790375e+00,3.727447101593017464e+01,1.425006103515625011e-01,1.679999999999999938e+00,3.200000000000000000e+05
3.694293413783380053e+00,3.561064502716064339e+01,1.064750120162963931e+01,1.679999999999999938e+00,0.000000000000000000e+00
3.694312650538751353e+00,3.570682880401611214e+01,1.064750120162963931e+01,1.679999999999999938e+00,3.200000000000000000e+05
3.703537235904903913e+00,3.737065860748290902e+01,1.425006103515625011e-01,1.679999999999999938e+00,0.000000000000000000e+00
3.703556472660275212e+00,3.746684238433837777e+01,1.425006103515625011e-01,1.679999999999999938e+00,3.200000000000000000e+05
3.712781058026427772e+00,3.580301258087158089e+01,1.064750120162963931e+01,1.679999999999999938e+00,0.000000000000000000e+00
3.712800294781799071e+00,3.589919635772704964e+01,1.064750120162963931e+01,1.679999999999999938e+00,3.200000000000000000e+05
3.722024880147951631e+00,3.756302616119384652e+01,1.425006103515625011e-01,1.679999999999999938e+00,0.000000000000000000e+00
3.722044116903322930e+00,3.765920993804931527e+01,1.425006103515625011e-01,1.679999999999999938e+00,3.200000000000000000e+05
3.731268702269475490e+00,3.599538013458251839e+01,1.064750120162963931e+01,1.679999999999999938e+00,0.000000000000000000e+00
3.731287939024846789e+00,3.609156391143798714e+01,1.064750120162963931e+01,1.679999999999999938e+00,3.200000000000000000e+05
3.740512524390999349e+00,3.775539371490478402e+01,1.425006103515625011e-01,1.679999999999999938e+00,0.000000000000000000e+00
3.740531761146370648e+00,3.785157749176025277e+01,1.425006103515625011e-01,1.679999999999999938e+00,3.200000000000000000e+05
3.749756346512523209e+00,3.618774768829345589e+01,1.064750120162963931e+01,1.679999999999999938e+00,0.000000000000000000e+00
3.749775584030833553e+00,3.628393527984619027e+01,1.064750120162963931e+01,1.679999999999999938e+00,3.200000000000000000e+05
3.759000168879423232e+00,3.794776126861572152e+01,1.425006103515625011e-01,1.679999999999999938e+00,0.000000000000000000e+00
3.759019405634794531e+00,3.804394504547119027e+01,1.425006103515625011e-01,1.679999999999999938e+00,3.200000000000000000e+05
3.768243990483384209e+00,3.638011905670165902e+01,1.064750120162963931e+01,1.679999999999999938e+00,0.000000000000000000e+00
3.768263227238755508e+00,3.647630283355712777e+01,1.064750120162963931e+01,1.679999999999999938e+00,3.200000000000000000e+05
3.777487812087345187e+00,3.814012882232665902e+01,1.425006103515625011e-01,1.679999999999999938e+00,0.000000000000000000e+00
3.777507049605655531e+00,3.823631641387939339e+01,1.425006103515625011e-01,1.679999999999999938e+00,3.200000000000000000e+05
3.786731634971808091e+00,3.657248661041259652e+01,1.064750120162963931e+01,1.679999999999999938e+00,0.000000000000000000e+00
3.786750871727179391e+00,3.666867038726806527e+01,1.064750120162963931e+01,1.679999999999999938e+00,3.200000000000000000e+05
3.795975457093331951e+00,3.833250019073486214e+01,1.425006103515625011e-01,1.679999999999999938e+00,0.000000000000000000e+00
3.795994693848703250e+00,3.842868396759033089e+01,1.425006103515625011e-01,1.679999999999999938e+00,3.200000000000000000e+05
3.805219279214855810e+00,3.676485416412353402e+01,1.064750120162963931e+01,1.679999999999999938e+00,0.000000000000000000e+00
3.805238515970227109e+00,3.686103794097900277e+01,1.064750120162963931e+01,1.679999999999999938e+00,3.200000000000000000e+05
3.814463101465770389e+00,3.852486869812011605e+01,1.425006103515625011e-01,1.679999999999999938e+00,0.000000000000000000e+00
3.814482338221141688e+00,3.862105247497558480e+01,1.425006103515625011e-01,1.679999999999999938e+00,3.200000000000000000e+05
3.823706923716684969e+00,3.695722171783447152e+01,1.064750120162963931e+01,1.679999999999999938e+00,0.000000000000000000e+00
3.823726160472056268e+00,3.705340549468994027e+01,1.064750120162963931e+01,1.679999999999999938e+00,3.200000000000000000e+05
3.832950745967599548e+00,3.871723625183105355e+01,1.425006103515625011e-01,1.679999999999999938e+00,0.000000000000000000e+00
3.832969982722970848e+00,3.881342002868652230e+01,1.425006103515625011e-01,1.679999999999999938e+00,3.200000000000000000e+05
3.842194567700951247e+00,3.714959308624267464e+01,1.064750120162963931e+01,1.679999999999999938e+00,0.000000000000000000e+00
3.842213804456322546e+00,3.724577686309814339e+01,1.064750120162963931e+01,1.679999999999999938e+00,3.200000000000000000e+05
3.851438389434302945e+00,3.890960380554199105e+01,1.425006103515625011e-01,1.679999999999999938e+00,0.000000000000000000e+00
3.851457626189674244e+00,3.900578758239745980e+01,1.425006103515625011e-01,1.679999999999999938e+00,3.200000000000000000e+05
3.860682211167654643e+00,3.734196063995361214e+01,1.064750120162963931e+01,1.679999999999999938e+00,0.000000000000000000e+00
3.860701447923025942e+00,3.743814441680908089e+01,1.064750120162963931e+01,1.679999999999999938e+00,3.200000000000000000e+05
3.869926033418569222e+00,3.910197517395019418e+01,1.425006103515625011e-01,1.679999999999999938e+00,0.000000000000000000e+00
3.869945270173940521e+00,3.919815895080566293e+01,1.425006103515625011e-01,1.679999999999999938e+00,3.200000000000000000e+05
3.879169855669483802e+00,3.753432819366454964e+01,1.064750120162963931e+01,1.679999999999999938e+00,0.000000000000000000e+00
3.879189092424855101e+00,3.763051197052001839e+01,1.064750120162963931e+01,1.679999999999999938e+00,3.200000000000000000e+05
3.888413677920398381e+00,3.929434272766113168e+01,1.425006103515625011e-01,1.679999999999999938e+00,0.000000000000000000e+00
3.888432914675769680e+00,3.939052650451660043e+01,1.425006103515625011e-01,1.679999999999999938e+00,3.200000000000000000e+05
3.897657500171312961e+00,3.772669574737548714e+01,1.064750120162963931e+01,1.679999999999999938e+00,0.000000000000000000e+00
3.897676736926684260e+00,3.782287952423095589e+01,1.064750120162963931e+01,1.679999999999999938e+00,3.200000000000000000e+05
3.906901322422227540e+00,3.948671028137206918e+01,1.425006103515625011e-01,1.679999999999999938e+00,0.000000000000000000e+00
3.906920559177598840e+00,3.958289405822753793e+01,1.425006103515625011e-01,1.679999999999999938e+00,3.200000000000000000e+05
3.916145144673142120e+00,3.791906330108642464e+01,1.064750120162963931e+01,1.679999999999999938e+00,0.000000000000000000e+00
3.916164382191452464e+00,3.801525089263915902e+01,1.064750120162963931e+01,1.679999999999999938e+00,3.200000000000000000e+05
3.925388967169432863e+00,3.967907783508300668e+01,1.425006103515625011e-01,1.679999999999999938e+00,0.000000000000000000e+00
3.925408203924804162e+00,3.977526161193847543e+01,1.425006103515625011e-01,1.679999999999999938e+00,3.200000000000000000e+05
3.934632788902784561e+00,3.811143466949462777e+01,1.064750120162963931e+01,1.679999999999999938e+00,0.000000000000000000e+00
3.934652025658155861e+00,3.820761844635009652e+01,1.064750120162963931e+01,1.679999999999999938e+00,3.200000000000000000e+05
3.943876610636136260e+00,3.987144538879394418e+01,1.425006103515625011e-01,1.679999999999999938e+00,0.000000000000000000e+00
3.943895848154446604e+00,3.996763298034667855e+01,1.425006103515625011e-01,1.679999999999999938e+00,3.200000000000000000e+05
3.953120433649989884e+00,3.830380222320556527e+01,1.064750120162963931e+01,1.679999999999999938e+00,0.000000000000000000e+00
3.953139670405361183e+00,3.839998600006103402e+01,1.064750120162963931e+01,1.679999999999999938e+00,3.200000000000000000e+05
3.962364255900904464e+00,4.006381675720214730e+01,1.425006103515625011e-01,1.679999999999999938e+00,0.000000000000000000e+00
3.962383492656275763e+00,4.016000053405761605e+01,1.425006103515625011e-01,1.679999999999999938e+00,3.200000000000000000e+05
3.971608078022428323e+00,3.849617073059081918e+01,1.064750120162963931e+01,1.679999999999999938e+00,0.000000000000000000e+00
3.971627314777799622e+00,3.859235450744628793e+01,1.064750120162963931e+01,1.679999999999999938e+00,3.200000000000000000e+05
3.980851900143952182e+00,4.025618431091308480e+01,1.425006103515625011e-01,1.679999999999999938e+00,0.000000000000000000e+00
3.980871136899323481e+00,4.035236808776855355e+01,1.425006103515625011e-01,1.679999999999999938e+00,3.200000000000000000e+05
3.990095722265476041e+00,3.868853828430175668e+01,1.064750120162963931e+01,1.679999999999999938e+00,0.000000000000000000e+00
3.990114959020847341e+00,3.878472206115722543e+01,1.064750120162963931e+01,1.679999999999999938e+00,3.200000000000000000e+05
3.999339544386999901e+00,4.044855186462402230e+01,1.425006103515625011e-01,1.679999999999999938e+00,0.000000000000000000e+00
3.999358781142371200e+00,4.054473564147949105e+01,1.425006103515625011e-01,1.679999999999999938e+00,3.200000000000000000e+05
4.008583366508523760e+00,3.888090583801269418e+01,1.064750120162963931e+01,1.679999999999999938e+00,0.000000000000000000e+00
4.008602604026834548e+00,3.897709342956542855e+01,1.064750120162963931e+01,1.679999999999999938e+00,3.200000000000000000e+05
4.017827188875424227e+00,4.064091941833495980e+01,1.425006103515625011e-01,1.679999999999999938e+00,0.000000000000000000e+00
4.017846425630795082e+00,4.073710319519042855e+01,1.425006103515625011e-01,1.679999999999999938e+00,3.200000000000000000e+05
4.027071010479384761e+00,3.907327720642089730e+01,1.064750120162963931e+01,1.679999999999999938e+00,0.000000000000000000e+00
4.027090247234755616e+00,3.916946098327636605e+01,1.064750120162963931e+01,1.679999999999999938e+00,3.200000000000000000e+05
4.036314832083345294e+00,4.083328697204589730e+01,1.425006103515625011e-01,1.679999999999999938e+00,0.000000000000000000e+00
4.036334069601656083e+00,4.092947456359863168e+01,1.425006103515625011e-01,1.679999999999999938e+00,3.200000000000000000e+05
4.045558654967808643e+00,3.926564476013183480e+01,1.064750120162963931e+01,1.679999999999999938e+00,0.000000000000000000e+00
4.045577891723179498e+00,3.936182853698730355e+01,1.064750120162963931e+01,1.679999999999999938e+00,3.200000000000000000e+05
4.054802477089332058e+00,4.102565834045410043e+01,1.425006103515625011e-01,1.679999999999999938e+00,0.000000000000000000e+00
4.054821713844702913e+00,4.112184211730956918e+01,1.425006103515625011e-01,1.679999999999999938e+00,3.200000000000000000e+05
4.064046299210855473e+00,3.945801231384277230e+01,1.064750120162963931e+01,1.679999999999999938e+00,0.000000000000000000e+00
4.064065535966226328e+00,3.955419609069824105e+01,1.064750120162963931e+01,1.679999999999999938e+00,3.200000000000000000e+05
4.073290121332378888e+00,4.121802589416503793e+01,1.425006103515625011e-01,1.679999999999999938e+00,0.000000000000000000e+00
4.073309358087749743e+00,4.131420967102050668e+01,1.425006103515625011e-01,1.679999999999999938e+00,3.200000000000000000e+05
4.082533943453902303e+00,3.965037986755370980e+01,1.064750120162963931e+01,1.679999999999999938e+00,0.000000000000000000e+00
4.082553180209273158e+00,3.974656364440917855e+01,1.064750120162963931e+01,1.679999999999999938e+00,3.200000000000000000e+05
4.091777765575425718e+00,4.141039344787597543e+01,1.425006103515625011e-01,1.679999999999999938e+00,0.000000000000000000e+00
4.091797002330796573e+00,4.150657722473144418e+01,1.425006103515625011e-01,1.679999999999999938e+00,3.200000000000000000e+05
4.101021587179386252e+00,3.984275123596191293e+01,1.064750120162963931e+01,1.679999999999999938e+00,0.000000000000000000e+00
4.101040823934757107e+00,3.993893501281738168e+01,1.064750120162963931e+01,1.679999999999999938e+00,3.200000000000000000e+05
4.110265408783346786e+00,4.160276100158691293e+01,1.425006103515625011e-01,1.679999999999999938e+00,0.000000000000000000e+00
4.110284645538717641e+00,4.169894477844238168e+01,1.425006103515625011e-01,1.679999999999999938e+00,3.200000000000000000e+05
4.119509230387307319e+00,4.003511878967285043e+01,1.064750120162963931e+01,1.679999999999999938e+00,0.000000000000000000e+00
4.119528467142678174e+00,4.013130256652831918e+01,1.064750120162963931e+01,1.679999999999999938e+00,3.200000000000000000e+05
4.128753052508830734e+00,4.179513236999511605e+01,1.425006103515625011e-01,1.679999999999999938e+00,0.000000000000000000e+00
4.128772289264201589e+00,4.189131614685058480e+01,1.425006103515625011e-01,1.679999999999999938e+00,3.200000000000000000e+05
4.137996874630354149e+00,4.022748634338378793e+01,1.064750120162963931e+01,1.679999999999999938e+00,0.000000000000000000e+00
4.138016111385725004e+00,4.032367012023925668e+01,1.064750120162963931e+01,1.679999999999999938e+00,3.200000000000000000e+05
4.147240696751877564e+00,4.198749992370605355e+01,1.425006103515625011e-01,1.679999999999999938e+00,0.000000000000000000e+00
4.147259933507248419e+00,4.208368370056152230e+01,1.425006103515625011e-01,1.679999999999999938e+00,3.200000000000000000e+05
4.156484518873400980e+00,4.041985389709472543e+01,1.064750120162963931e+01,1.679999999999999938e+00,0.000000000000000000e+00
4.156503755628771835e+00,4.051603767395019418e+01,1.064750120162963931e+01,1.679999999999999938e+00,3.200000000000000000e+05
4.165728340994924395e+00,4.217986747741699105e+01,1.425006103515625011e-01,1.679999999999999938e+00,0.000000000000000000e+00
4.165747577750295250e+00,4.227605125427245980e+01,1.425006103515625011e-01,1.679999999999999938e+00,3.200000000000000000e+05
4.174972163116447810e+00,4.061222145080566293e+01,1.064750120162963931e+01,1.679999999999999938e+00,0.000000000000000000e+00
4.174991400634758598e+00,4.070840904235839730e+01,1.064750120162963931e+01,1.679999999999999938e+00,3.200000000000000000e+05
4.184215985483348277e+00,4.237223503112792855e+01,1.425006103515625011e-01,1.679999999999999938e+00,0.000000000000000000e+00
4.184235222238719132e+00,4.246841880798339730e+01,1.425006103515625011e-01,1.679999999999999938e+00,3.200000000000000000e+05
4.193459807087308810e+00,4.080459281921386605e+01,1.064750120162963931e+01,1.679999999999999938e+00,0.000000000000000000e+00
4.193479043842679665e+00,4.090077659606933480e+01,1.064750120162963931e+01,1.679999999999999938e+00,3.200000000000000000e+05
4.202703628691269344e+00,4.256460258483886605e+01,1.425006103515625011e-01,1.679999999999999938e+00,0.000000000000000000e+00
4.202722866209580133e+00,4.266079017639160043e+01,1.425006103515625011e-01,1.679999999999999938e+00,3.200000000000000000e+05
4.211947451575732693e+00,4.099696037292480355e+01,1.064750120162963931e+01,1.679999999999999938e+00,0.000000000000000000e+00
4.211966688331103548e+00,4.109314414978027230e+01,1.064750120162963931e+01,1.679999999999999938e+00,3.200000000000000000e+05
4.221191273697256108e+00,4.275697395324706918e+01,1.425006103515625011e-01,1.679999999999999938e+00,0.000000000000000000e+00
4.221210510452626963e+00,4.285315773010253793e+01,1.425006103515625011e-01,1.679999999999999938e+00,3.200000000000000000e+05
4.230435095818779523e+00,4.118932792663574105e+01,1.064750120162963931e+01,1.679999999999999938e+00,0.000000000000000000e+00
4.230454332574150378e+00,4.128551170349120980e+01,1.064750120162963931e+01,1.679999999999999938e+00,3.200000000000000000e+05
4.239678917940302938e+00,4.294934150695800668e+01,1.425006103515625011e-01,1.679999999999999938e+00,0.000000000000000000e+00
4.239698154695673793e+00,4.304552528381347543e+01,1.425006103515625011e-01,1.679999999999999938e+00,3.200000000000000000e+05
4.248922740061826353e+00,4.138169548034667855e+01,1.064750120162963931e+01,1.679999999999999938e+00,0.000000000000000000e+00
4.248941976817197208e+00,4.147787925720214730e+01,1.064750120162963931e+01,1.679999999999999938e+00,3.200000000000000000e+05
4.258166562183349768e+00,4.314170906066894418e+01,1.425006103515625011e-01,1.679999999999999938e+00,0.000000000000000000e+00
4.258185798938720623e+00,4.323789283752441293e+01,1.425006103515625011e-01,1.679999999999999938e+00,3.200000000000000000e+05
4.267410384304873183e+00,4.157406303405761605e+01,1.064750120162963931e+01,1.679999999999999938e+00,0.000000000000000000e+00
4.267429621823183972e+00,4.167025062561035043e+01,1.064750120162963931e+01,1.679999999999999938e+00,3.200000000000000000e+05
4.276654206671773650e+00,4.333407661437988168e+01,1.425006103515625011e-01,1.679999999999999938e+00,0.000000000000000000e+00
4.276673443427144505e+00,4.343026039123535043e+01,1.425006103515625011e-01,1.679999999999999938e+00,3.200000000000000000e+05
4.285898028275734184e+00,4.176643440246581918e+01,1.064750120162963931e+01,1.679999999999999938e+00,0.000000000000000000e+00
4.285917265031105039e+00,4.186261817932128793e+01,1.064750120162963931e+01,1.679999999999999938e+00,3.200000000000000000e+05
4.295141849879694718e+00,4.352644416809081918e+01,1.425006103515625011e-01,1.679999999999999938e+00,0.000000000000000000e+00
4.295161087398005506e+00,4.362263175964355355e+01,1.425006103515625011e-01,1.679999999999999938e+00,3.200000000000000000e+05
4.304385672764158066e+00,4.195880195617675668e+01,1.064750120162963931e+01,1.679999999999999938e+00,0.000000000000000000e+00
4.304404909519528921e+00,4.205498573303222543e+01,1.064750120162963931e+01,1.679999999999999938e+00,3.200000000000000000e+05
4.313629494885681481e+00,4.371881553649902230e+01,1.425006103515625011e-01,1.679999999999999938e+00,0.000000000000000000e+00
4.313648731641052336e+00,4.381499931335449105e+01,1.425006103515625011e-01,1.679999999999999938e+00,3.200000000000000000e+05
4.322873317007204896e+00,4.215116950988769418e+01,1.064750120162963931e+01,1.679999999999999938e+00,0.000000000000000000e+00
4.322892553762575751e+00,4.224735328674316293e+01,1.064750120162963931e+01,1.679999999999999938e+00,3.200000000000000000e+05
4.332117139128728311e+00,4.391118309020995980e+01,1.425006103515625011e-01,1.679999999999999938e+00,0.000000000000000000e+00
4.332136375884099166e+00,4.400736686706542855e+01,1.425006103515625011e-01,1.679999999999999938e+00,3.200000000000000000e+05
4.341360961250251727e+00,4.234353706359863168e+01,1.064750120162963931e+01,1.679999999999999938e+00,0.000000000000000000e+00
4.341380198005622582e+00,4.243972084045410043e+01,1.064750120162963931e+01,1.679999999999999938e+00,3.200000000000000000e+05
4.350604783371775142e+00,4.410355064392089730e+01,1.425006103515625011e-01,1.679999999999999938e+00,0.000000000000000000e+00
4.350624020127145997e+00,4.419973442077636605e+01,1.425006103515625011e-01,1.679999999999999938e+00,3.200000000000000000e+05
4.359848604975735675e+00,4.253590843200683480e+01,1.064750120162963931e+01,1.679999999999999938e+00,0.000000000000000000e+00
4.359867841731106530e+00,4.263209220886230355e+01,1.064750120162963931e+01,1.679999999999999938e+00,3.200000000000000000e+05
4.369092426579696209e+00,4.429591819763183480e+01,1.425006103515625011e-01,1.679999999999999938e+00,0.000000000000000000e+00
4.369111663335067064e+00,4.439210197448730355e+01,1.425006103515625011e-01,1.679999999999999938e+00,3.200000000000000000e+05
4.378336248183656743e+00,4.272827598571777230e+01,1.064750120162963931e+01,1.679999999999999938e+00,0.000000000000000000e+00
4.378355484939027598e+00,4.282445976257324105e+01,1.064750120162963931e+01,1.679999999999999938e+00,3.200000000000000000e+05
4.387580070305180158e+00,4.448828956604003793e+01,1.425006103515625011e-01,1.679999999999999938e+00,0.000000000000000000e+00
4.387599307060551013e+00,4.458447334289550668e+01,1.425006103515625011e-01,1.679999999999999938e+00,3.200000000000000000e+05
4.396823892426703573e+00,4.292064353942870980e+01,1.064750120162963931e+01,1.679999999999999938e+00,0.000000000000000000e+00
4.396843129182074428e+00,4.301682731628417855e+01,1.064750120162963931e+01,1.679999999999999938e+00,3.200000000000000000e+05
4.406067714548226988e+00,4.468065711975097543e+01,1.425006103515625011e-01,1.679999999999999938e+00,0.000000000000000000e+00
4.406086951303597843e+00,4.477684089660644418e+01,1.425006103515625011e-01,1.679999999999999938e+00,3.200000000000000000e+05
4.415311536669750403e+00,4.311301109313964730e+01,1.064750120162963931e+01,1.679999999999999938e+00,0.000000000000000000e+00
4.415330773425121258e+00,4.320919486999511605e+01,1.064750120162963931e+01,1.679999999999999938e+00,3.200000000000000000e+05
4.424413847448851023e+00,4.484750053405761605e+01,3.036544036865234109e-01,1.679999999999999938e+00,0.000000000000000000e+00
4.424535304358030885e+00,4.484750053405761605e+01,9.109389495849609109e-01,1.679999999999999938e+00,3.200000000000000000e+05
4.433085113574228409e+00,4.330537864685058480e+01,1.064750120162963931e+01,1.679999999999999938e+00,0.000000000000000000e+00
4.433104351092539197e+00,4.340156623840331918e+01,1.064750120162963931e+01,1.679999999999999938e+00,3.200000000000000000e+05
4.441120896617523073e+00,4.484750053405761605e+01,1.518221588134765598e+00,1.679999999999999938e+00,0.000000000000000000e+00
4.441242353145232968e+00,4.484750053405761605e+01,2.125504226684570508e+00,1.679999999999999938e+00,3.200000000000000000e+05
4.448725635496565189e+00,4.349775001525878793e+01,1.064750120162963931e+01,1.679999999999999938e+00,0.000000000000000000e+00
4.448744872251936044e+00,4.359393379211425668e+01,1.064750120162963931e+01,1.679999999999999938e+00,3.200000000000000000e+05
4.455694890612676318e+00,4.484750053405761605e+01,2.732787818908691602e+00,1.679999999999999938e+00,0.000000000000000000e+00
4.455816347140386213e+00,4.484750053405761605e+01,3.340070457458496289e+00,1.679999999999999938e+00,3.200000000000000000e+05
4.462233102327475720e+00,4.369011756896972543e+01,1.064750120162963931e+01,1.679999999999999938e+00,0.000000000000000000e+00
4.462252339082846575e+00,4.378630134582519418e+01,1.064750120162963931e+01,1.679999999999999938e+00,3.200000000000000000e+05
4.468135830279344134e+00,4.484750053405761605e+01,3.947354049682617383e+00,1.679999999999999938e+00,0.000000000000000000e+00
4.468257286807054030e+00,4.484750053405761605e+01,4.554636688232421626e+00,1.679999999999999938e+00,3.200000000000000000e+05
4.473607514829900822e+00,4.388248512268066293e+01,1.064750120162963931e+01,1.679999999999999938e+00,0.000000000000000000e+00
4.473626751585271677e+00,4.397866889953613168e+01,1.064750120162963931e+01,1.679999999999999938e+00,3.200000000000000000e+05
4.478443715617526522e+00,4.484750053405761605e+01,5.161920280456542720e+00,1.679999999999999938e+00,0.000000000000000000e+00
4.478565172145236417e+00,4.484750053405761605e+01,5.769202919006347408e+00,1.679999999999999938e+00,3.200000000000000000e+05
4.482848873003840495e+00,4.407485267639160043e+01,1.064750120162963931e+01,1.679999999999999938e+00,0.000000000000000000e+00
4.482868109759211350e+00,4.417103645324706918e+01,1.064750120162963931e+01,1.679999999999999938e+00,3.200000000000000000e+05
4.486618547444164662e+00,4.484750053405761605e+01,6.376485557556152095e+00,1.679999999999999938e+00,0.000000000000000000e+00
4.486740004162609097e+00,4.484750053405761605e+01,6.983769149780273189e+00,1.679999999999999938e+00,3.200000000000000000e+05
4.489957177339407579e+00,4.426722404479980355e+01,1.064750120162963931e+01,1.679999999999999938e+00,0.000000000000000000e+00
4.489976414094778434e+00,4.436340782165527230e+01,1.064750120162963931e+01,1.679999999999999938e+00,3.200000000000000000e+05
4.492660324097926150e+00,4.484750053405761605e+01,7.591051788330077876e+00,1.679999999999999938e+00,0.000000000000000000e+00
4.492781780816370585e+00,4.484750053405761605e+01,8.198335380554199858e+00,1.679999999999999938e+00,3.200000000000000000e+05
4.494932426828926353e+00,4.445959159851074105e+01,1.064750120162963931e+01,1.679999999999999938e+00,0.000000000000000000e+00
4.494951663584297208e+00,4.455577537536620980e+01,1.064750120162963931e+01,1.679999999999999938e+00,3.200000000000000000e+05
4.496569046423202209e+00,4.484750053405761605e+01,8.805618019104004546e+00,1.679999999999999938e+00,0.000000000000000000e+00
4.496690503141646644e+00,4.484750053405761605e+01,9.412901611328125639e+00,1.679999999999999938e+00,3.200000000000000000e+05
4.497774621989959698e+00,4.465195915222167855e+01,1.064750120162963931e+01,1.679999999999999938e+00,0.000000000000000000e+00
4.497793858745330553e+00,4.474814292907714730e+01,1.064750120162963931e+01,1.679999999999999938e+00,3.200000000000000000e+05
4.498344714828463431e+00,4.484750053405761605e+01,1.002018377304077212e+01,1.679999999999999938e+00,0.000000000000000000e+00
4.498466171546907866e+00,4.484750053405761605e+01,1.062746736526489322e+01,1.679999999999999938e+00,3.200000000000000000e+05
4.498483763639461230e+00,4.484432670593261605e+01,1.064750120162963931e+01,1.679999999999999938e+00,0.000000000000000000e+00
4.537253779253450858e+00,1.424987030029296886e-01,1.064750120162963931e+01,1.679999999999999938e+00,3.200000000000000000e+05
4.546364794510413532e+00,1.424987030029296886e-01,1.425006103515625011e-01,1.679999999999999938e+00,3.200000000000000000e+05
4.585137562794068700e+00,4.484750053405761605e+01,1.425006103515625011e-01,1.679999999999999938e+00,3.200000000000000000e+05
4.594248578051031373e+00,4.484750053405761605e+01,1.064750120162963931e+01,1.679999999999999938e+00,3.200000000000000000e+05
4.603189578417242522e+00,1.424987030029296886e-01,1.064750120162963931e+01,1.679999999999999938e+00,0.000000000000000000e+00
4.642003564316879327e+00,4.489499923706054574e+01,1.069500133514404361e+01,1.679999999999999938e+00,3.200000000000000000e+05
4.651196973974419890e+00,4.489499923706054574e+01,9.500000000000000111e-02,1.679999999999999938e+00,3.200000000000000000e+05
4.690052133763717990e+00,9.500000000000000111e-02,9.500000000000000111e-02,1.679999999999999938e+00,3.200000000000000000e+05
4.699245543421258553e+00,9.500000000000000111e-02,1.069500133514404361e+01,1.679999999999999938e+00,3.200000000000000000e+05
4.708205543268670468e+00,4.489499923706054574e+01,1.069500133514404361e+01,1.679999999999999938e+00,0.000000000000000000e+00
