2.000000000000000111e-01,1.424987030029296886e-01,1.058787891387939517e+01,8.400000000000000355e+00,0.000000000000000000e+00
2.000758228087347601e-01,2.064368438720703136e-01,1.064750120162963931e+01,8.400000000000000355e+00,0.000000000000000000e+00
2.001036819243353360e-01,3.457324218749999734e-01,1.064750120162963931e+01,8.400000000000000355e+00,3.200000000000000000e+05
2.003446940716428204e-01,1.424987030029296886e-01,1.045798274993896548e+01,8.400000000000000355e+00,0.000000000000000000e+00
2.003706732090634879e-01,1.424987030029296886e-01,1.032808706283569400e+01,8.400000000000000355e+00,3.200000000000000000e+05
2.007768756227394369e-01,4.850299072265624734e-01,1.064750120162963931e+01,8.400000000000000355e+00,0.000000000000000000e+00
2.008047347383400127e-01,6.243254852294921609e-01,1.064750120162963931e+01,8.400000000000000355e+00,3.200000000000000000e+05
2.013761264905904458e-01,1.424987030029296886e-01,1.019819089889526431e+01,8.400000000000000355e+00,0.000000000000000000e+00
2.014021057233785217e-01,1.424987030029296886e-01,1.006829473495483462e+01,8.400000000000000355e+00,3.200000000000000000e+05
2.021386880240455541e-01,7.636229705810546609e-01,1.064750120162963931e+01,8.400000000000000355e+00,0.000000000000000000e+00
2.021665471396461300e-01,9.029185485839843484e-01,1.064750120162963931e+01,8.400000000000000355e+00,3.200000000000000000e+05
2.030683187788881183e-01,1.424987030029296886e-01,9.938398571014404936e+00,8.400000000000000355e+00,0.000000000000000000e+00
2.030942979163087858e-01,1.424987030029296886e-01,9.808502883911133452e+00,8.400000000000000355e+00,3.200000000000000000e+05
2.041612598219187669e-01,1.042216033935546848e+00,1.064750120162963931e+01,8.400000000000000355e+00,0.000000000000000000e+00
2.041891189375193427e-01,1.181511611938476536e+00,1.064750120162963931e+01,8.400000000000000355e+00,3.200000000000000000e+05
2.054212701817042519e-01,1.424987030029296886e-01,9.678606719970703764e+00,8.400000000000000355e+00,0.000000000000000000e+00
2.054472494144923278e-01,1.424987030029296886e-01,9.548710556030274077e+00,8.400000000000000355e+00,3.200000000000000000e+05
2.068445912070937254e-01,1.320809097290039036e+00,1.064750120162963931e+01,8.400000000000000355e+00,0.000000000000000000e+00
2.068724503226943012e-01,1.460104675292968723e+00,1.064750120162963931e+01,8.400000000000000355e+00,3.200000000000000000e+05
2.084349814538707657e-01,1.424987030029296886e-01,9.418814392089844389e+00,8.400000000000000355e+00,0.000000000000000000e+00
2.084609606866588416e-01,1.424987030029296886e-01,9.288918228149414702e+00,8.400000000000000355e+00,3.200000000000000000e+05
2.101886823662517112e-01,1.599402160644531223e+00,1.064750120162963931e+01,8.400000000000000355e+00,0.000000000000000000e+00
2.102165414818522871e-01,1.738697738647460911e+00,1.064750120162963931e+01,8.400000000000000355e+00,3.200000000000000000e+05
2.121094525000203346e-01,1.424987030029296886e-01,9.159022064208985014e+00,8.400000000000000355e+00,0.000000000000000000e+00
2.121354317328084105e-01,1.424987030029296886e-01,9.029125900268555327e+00,8.400000000000000355e+00,3.200000000000000000e+05
2.141935332993928076e-01,1.877995223999023411e+00,1.064750120162963931e+01,8.400000000000000355e+00,0.000000000000000000e+00
2.142213924149933835e-01,2.017290802001953320e+00,1.064750120162963931e+01,8.400000000000000355e+00,3.200000000000000000e+05
2.164446833201529863e-01,1.424987030029296886e-01,8.899229736328125639e+00,8.400000000000000355e+00,0.000000000000000000e+00
2.164706625529410622e-01,1.424987030029296886e-01,8.769333572387695952e+00,8.400000000000000355e+00,3.200000000000000000e+05
2.188591440065169869e-01,2.156588287353515820e+00,1.064750120162963931e+01,8.400000000000000355e+00,0.000000000000000000e+00
2.188870031221175627e-01,2.295883865356445508e+00,1.064750120162963931e+01,8.400000000000000355e+00,3.200000000000000000e+05
2.214406739142687486e-01,1.424987030029296886e-01,8.639437408447266264e+00,8.400000000000000355e+00,0.000000000000000000e+00
2.214666531470568245e-01,1.424987030029296886e-01,8.509541244506836577e+00,8.400000000000000355e+00,3.200000000000000000e+05
2.241855144876243044e-01,2.435181350708008008e+00,1.064750120162963931e+01,8.400000000000000355e+00,0.000000000000000000e+00
2.242133736032248803e-01,2.574476928710937695e+00,1.064750120162963931e+01,8.400000000000000355e+00,3.200000000000000000e+05
2.270974242823676492e-01,1.424987030029296886e-01,8.379645080566406889e+00,8.400000000000000355e+00,0.000000000000000000e+00
2.271234035151557251e-01,1.424987030029296886e-01,8.249748916625977202e+00,8.400000000000000355e+00,3.200000000000000000e+05
2.301726447427147604e-01,2.713774414062500195e+00,1.064750120162963931e+01,8.400000000000000355e+00,0.000000000000000000e+00
2.302005038583153362e-01,2.853069992065429883e+00,1.064750120162963931e+01,8.400000000000000355e+00,3.200000000000000000e+05
2.334149344244496882e-01,1.424987030029296886e-01,8.119852752685547514e+00,8.400000000000000355e+00,0.000000000000000000e+00
2.334409136572377641e-01,1.424987030029296886e-01,7.989956588745116939e+00,8.400000000000000355e+00,3.200000000000000000e+05
2.368205347717883824e-01,2.992367477416992383e+00,1.064750120162963931e+01,8.400000000000000355e+00,0.000000000000000000e+00
2.368483938873889583e-01,3.131663055419922070e+00,1.064750120162963931e+01,8.400000000000000355e+00,3.200000000000000000e+05
2.403932043405148933e-01,1.424987030029296886e-01,7.860060424804687251e+00,8.400000000000000355e+00,0.000000000000000000e+00
2.404191835733029692e-01,1.424987030029296886e-01,7.730164260864257564e+00,8.400000000000000355e+00,3.200000000000000000e+05
2.441291845748451428e-01,3.270960540771484570e+00,1.064750120162963931e+01,8.400000000000000355e+00,0.000000000000000000e+00
2.441570436904457186e-01,3.410256118774414258e+00,1.064750120162963931e+01,8.400000000000000355e+00,3.200000000000000000e+05
2.480322340305632367e-01,1.424987030029296886e-01,7.600268096923827876e+00,8.400000000000000355e+00,0.000000000000000000e+00
2.480582130726164680e-01,1.424987030029296886e-01,7.470372886657714595e+00,8.400000000000000355e+00,3.200000000000000000e+05
2.520985933970529280e-01,3.549553604125976758e+00,1.064750120162963931e+01,8.400000000000000355e+00,0.000000000000000000e+00
2.521264525126535316e-01,3.688849182128906445e+00,1.064750120162963931e+01,8.400000000000000355e+00,3.200000000000000000e+05
2.563320221756652528e-01,1.424987030029296886e-01,7.340476722717284908e+00,8.400000000000000355e+00,0.000000000000000000e+00
2.563580014084533287e-01,1.424987030029296886e-01,7.210580558776855220e+00,8.400000000000000355e+00,3.200000000000000000e+05
2.607287616198813440e-01,3.828146667480468945e+00,1.064750120162963931e+01,8.400000000000000355e+00,0.000000000000000000e+00
2.607566207354819476e-01,3.967442245483398633e+00,1.064750120162963931e+01,8.400000000000000355e+00,3.200000000000000000e+05
2.652925702854852519e-01,1.424987030029296886e-01,7.080684394836425533e+00,8.400000000000000355e+00,0.000000000000000000e+00
2.653185495182733278e-01,1.424987030029296886e-01,6.950788230895995845e+00,8.400000000000000355e+00,3.200000000000000000e+05
2.700196896166929261e-01,4.106739730834960689e+00,1.064750120162963931e+01,8.400000000000000355e+00,0.000000000000000000e+00
2.700475487322935297e-01,4.246035308837890376e+00,1.064750120162963931e+01,8.400000000000000355e+00,3.200000000000000000e+05
2.749138781692884170e-01,1.424987030029296886e-01,6.820892066955566158e+00,8.400000000000000355e+00,0.000000000000000000e+00
2.749398574020764929e-01,1.424987030029296886e-01,6.690995903015136470e+00,8.400000000000000355e+00,3.200000000000000000e+05
2.799713773874876188e-01,4.385332794189452876e+00,1.064750120162963931e+01,8.400000000000000355e+00,0.000000000000000000e+00
2.799992365030882224e-01,4.524628372192382564e+00,1.064750120162963931e+01,8.400000000000000355e+00,3.200000000000000000e+05
2.851959458270746928e-01,1.424987030029296886e-01,6.561099739074706783e+00,8.400000000000000355e+00,0.000000000000000000e+00
2.852219250598627687e-01,1.424987030029296886e-01,6.431203575134277095e+00,8.400000000000000355e+00,3.200000000000000000e+05
2.905838249322654776e-01,4.663925857543945064e+00,1.064750120162963931e+01,8.400000000000000355e+00,0.000000000000000000e+00
2.906116840478660812e-01,4.803221435546874751e+00,1.064750120162963931e+01,8.400000000000000355e+00,3.200000000000000000e+05
2.961387732588440791e-01,1.424987030029296886e-01,6.301307411193847408e+00,8.400000000000000355e+00,0.000000000000000000e+00
2.961647524916321550e-01,1.424987030029296886e-01,6.171411247253417720e+00,8.400000000000000355e+00,3.200000000000000000e+05
3.018570322510264470e-01,4.942518920898437251e+00,1.064750120162963931e+01,8.400000000000000355e+00,0.000000000000000000e+00
3.018848913666270506e-01,5.081814498901366939e+00,1.064750120162963931e+01,8.400000000000000355e+00,3.200000000000000000e+05
3.077423604645966315e-01,1.424987030029296886e-01,6.041515083312988033e+00,8.400000000000000355e+00,0.000000000000000000e+00
3.077683396973847074e-01,1.424987030029296886e-01,5.911618919372558345e+00,8.400000000000000355e+00,3.200000000000000000e+05
3.137909993437705825e-01,5.221111984252929439e+00,1.064750120162963931e+01,8.400000000000000355e+00,0.000000000000000000e+00
3.138188584593711861e-01,5.360407562255859126e+00,1.064750120162963931e+01,8.400000000000000355e+00,3.200000000000000000e+05
3.200067074443323500e-01,1.424987030029296886e-01,5.781722755432128658e+00,8.400000000000000355e+00,0.000000000000000000e+00
3.200326866771204259e-01,1.424987030029296886e-01,5.651826591491698970e+00,8.400000000000000355e+00,3.200000000000000000e+05
3.263857262104978840e-01,5.499705047607421626e+00,1.064750120162963931e+01,8.400000000000000355e+00,0.000000000000000000e+00
3.264135853260984876e-01,5.639000625610351314e+00,1.064750120162963931e+01,8.400000000000000355e+00,3.200000000000000000e+05
3.329318136339539103e-01,1.424987030029296886e-01,5.521931381225585689e+00,8.400000000000000355e+00,0.000000000000000000e+00
3.329577928667419862e-01,1.424987030029296886e-01,5.392035217285156001e+00,8.400000000000000355e+00,3.200000000000000000e+05
3.396412117230136474e-01,5.778298110961913814e+00,1.064750120162963931e+01,8.400000000000000355e+00,0.000000000000000000e+00
3.396690708386142510e-01,5.917593688964843501e+00,1.064750120162963931e+01,8.400000000000000355e+00,3.200000000000000000e+05
3.465176790334612011e-01,1.424987030029296886e-01,5.262139053344726314e+00,8.400000000000000355e+00,0.000000000000000000e+00
3.465436582662492770e-01,1.424987030029296886e-01,5.132242889404296626e+00,8.400000000000000355e+00,3.200000000000000000e+05
3.535574570095125213e-01,6.056891174316406001e+00,1.064750120162963931e+01,8.400000000000000355e+00,0.000000000000000000e+00
3.535853161251131249e-01,6.196186752319335689e+00,1.064750120162963931e+01,8.400000000000000355e+00,3.200000000000000000e+05
3.607643042069516581e-01,1.424987030029296886e-01,5.002346725463866939e+00,8.400000000000000355e+00,0.000000000000000000e+00
3.607902834397397340e-01,1.424987030029296886e-01,4.872450561523437251e+00,8.400000000000000355e+00,3.200000000000000000e+05
3.681344620699945613e-01,6.335484237670898189e+00,1.064750120162963931e+01,8.400000000000000355e+00,0.000000000000000000e+00
3.681623211855951650e-01,6.474779815673827876e+00,1.064750120162963931e+01,8.400000000000000355e+00,3.200000000000000000e+05
3.756716891544252812e-01,1.424987030029296886e-01,4.742554397583007564e+00,8.400000000000000355e+00,0.000000000000000000e+00
3.756976683872133571e-01,1.424987030029296886e-01,4.612658233642577876e+00,8.400000000000000355e+00,3.200000000000000000e+05
3.833722262995392649e-01,6.614076347351073970e+00,1.064750120162963931e+01,8.400000000000000355e+00,0.000000000000000000e+00
3.834000856058747408e-01,6.753372879028320064e+00,1.064750120162963931e+01,8.400000000000000355e+00,3.200000000000000000e+05
3.912398334616964402e-01,1.424987030029296886e-01,4.482762069702148189e+00,8.400000000000000355e+00,0.000000000000000000e+00
3.912658126944845161e-01,1.424987030029296886e-01,4.352865905761718501e+00,8.400000000000000355e+00,3.200000000000000000e+05
3.992707504938020069e-01,6.892669410705566158e+00,1.064750120162963931e+01,8.400000000000000355e+00,0.000000000000000000e+00
3.992986098001374828e-01,7.031965942382812251e+00,1.064750120162963931e+01,8.400000000000000355e+00,3.200000000000000000e+05
4.074687375429507652e-01,1.424987030029296886e-01,4.222969741821288814e+00,8.400000000000000355e+00,0.000000000000000000e+00
4.074947167757388411e-01,1.424987030029296886e-01,4.093073577880859126e+00,8.400000000000000355e+00,3.200000000000000000e+05
4.158300344620479150e-01,7.171262474060058345e+00,1.064750120162963931e+01,8.400000000000000355e+00,0.000000000000000000e+00
4.158578937683833909e-01,7.310559005737304439e+00,1.064750120162963931e+01,8.400000000000000355e+00,3.200000000000000000e+05
4.243584013981882563e-01,1.424987030029296886e-01,3.963177413940429883e+00,8.400000000000000355e+00,0.000000000000000000e+00
4.243843806309763322e-01,1.424987030029296886e-01,3.833281250000000195e+00,8.400000000000000355e+00,3.200000000000000000e+05
4.330500782042769892e-01,7.449855537414550533e+00,1.064750120162963931e+01,8.400000000000000355e+00,0.000000000000000000e+00
4.330779375106124651e-01,7.589152069091796626e+00,1.064750120162963931e+01,8.400000000000000355e+00,3.200000000000000000e+05
4.419088250274089136e-01,1.424987030029296886e-01,3.703385086059570508e+00,8.400000000000000355e+00,0.000000000000000000e+00
4.419348042601969895e-01,1.424987030029296886e-01,3.573488922119140820e+00,8.400000000000000355e+00,3.200000000000000000e+05
4.509308817204892295e-01,7.728448600769042720e+00,1.064750120162963931e+01,8.400000000000000355e+00,0.000000000000000000e+00
4.509587410268247054e-01,7.867745132446288814e+00,1.064750120162963931e+01,8.400000000000000355e+00,3.200000000000000000e+05
4.601200084306127369e-01,1.424987030029296886e-01,3.443592758178711133e+00,8.400000000000000355e+00,0.000000000000000000e+00
4.601459876634008128e-01,1.424987030029296886e-01,3.313696594238281445e+00,8.400000000000000355e+00,3.200000000000000000e+05
4.694724450106846358e-01,8.007041664123535796e+00,1.064750120162963931e+01,8.400000000000000355e+00,0.000000000000000000e+00
4.695003043170201118e-01,8.146338195800781889e+00,1.064750120162963931e+01,8.400000000000000355e+00,3.200000000000000000e+05
4.789919510437023464e-01,1.424987030029296886e-01,3.183801383972168164e+00,8.400000000000000355e+00,0.000000000000000000e+00
4.790179302764904223e-01,1.424987030029296886e-01,3.053905220031738477e+00,8.400000000000000355e+00,3.200000000000000000e+05
4.886747669466684485e-01,8.285634727478027983e+00,1.064750120162963931e+01,8.400000000000000355e+00,0.000000000000000000e+00
4.887026262530039245e-01,8.424931259155274077e+00,1.064750120162963931e+01,8.400000000000000355e+00,3.200000000000000000e+05
4.985246528666777421e-01,1.424987030029296886e-01,2.924009056091308789e+00,8.400000000000000355e+00,0.000000000000000000e+00
4.985506320994658180e-01,1.424987030029296886e-01,2.794112892150879102e+00,8.400000000000000355e+00,3.200000000000000000e+05
5.085378486566354272e-01,8.564227790832520171e+00,1.064750120162963931e+01,8.400000000000000355e+00,0.000000000000000000e+00
5.085657079629708477e-01,8.703524322509766264e+00,1.064750120162963931e+01,8.400000000000000355e+00,3.200000000000000000e+05
5.187181144636362484e-01,1.424987030029296886e-01,2.664216728210449414e+00,8.400000000000000355e+00,0.000000000000000000e+00
5.187440936964243798e-01,1.424987030029296886e-01,2.534320564270019727e+00,8.400000000000000355e+00,3.200000000000000000e+05
5.290616901405855721e-01,8.842820854187012358e+00,1.064750120162963931e+01,8.400000000000000355e+00,0.000000000000000000e+00
5.290895494469209925e-01,8.982117385864258452e+00,1.064750120162963931e+01,8.400000000000000355e+00,3.200000000000000000e+05
5.395723358345779763e-01,1.424987030029296886e-01,2.404424400329590039e+00,8.400000000000000355e+00,0.000000000000000000e+00
5.395983150673661077e-01,1.424987030029296886e-01,2.274528236389160352e+00,8.400000000000000355e+00,3.200000000000000000e+05
5.502462913985188830e-01,9.121413917541504546e+00,1.064750120162963931e+01,8.400000000000000355e+00,0.000000000000000000e+00
5.502741507048543035e-01,9.260710449218750639e+00,1.064750120162963931e+01,8.400000000000000355e+00,3.200000000000000000e+05
5.610873169795028703e-01,1.424987030029296886e-01,2.144632072448730664e+00,8.400000000000000355e+00,0.000000000000000000e+00
5.611132962122910017e-01,1.424987030029296886e-01,2.014735908508300977e+00,8.400000000000000355e+00,3.200000000000000000e+05
5.720916524304353601e-01,9.400006980895996733e+00,1.064750120162963931e+01,8.400000000000000355e+00,0.000000000000000000e+00
5.721195117367707805e-01,9.539303512573242827e+00,1.064750120162963931e+01,8.400000000000000355e+00,3.200000000000000000e+05
5.832630573343134950e-01,1.424987030029296886e-01,1.884840698242187473e+00,8.400000000000000355e+00,0.000000000000000000e+00
5.832890365671016264e-01,1.424987030029296886e-01,1.754944534301757786e+00,8.400000000000000355e+00,3.200000000000000000e+05
5.945977721081401324e-01,9.678600044250488921e+00,1.064750120162963931e+01,8.400000000000000355e+00,0.000000000000000000e+00
5.946256314144755528e-01,9.817896575927735014e+00,1.064750120162963931e+01,8.400000000000000355e+00,3.200000000000000000e+05
6.060995568990098503e-01,1.424987030029296886e-01,1.625048370361328098e+00,8.400000000000000355e+00,0.000000000000000000e+00
6.061255361317979817e-01,1.424987030029296886e-01,1.495152206420898411e+00,8.400000000000000355e+00,3.200000000000000000e+05
6.177646515598280708e-01,9.957193107604981108e+00,1.064750120162963931e+01,8.400000000000000355e+00,0.000000000000000000e+00
6.177925108661634912e-01,1.009648963928222720e+01,1.064750120162963931e+01,8.400000000000000355e+00,3.200000000000000000e+05
6.295968162376893718e-01,1.424987030029296886e-01,1.365256042480468723e+00,8.400000000000000355e+00,0.000000000000000000e+00
6.296227954704775032e-01,1.424987030029296886e-01,1.235359878540039036e+00,8.400000000000000355e+00,3.200000000000000000e+05
6.415922907854991752e-01,1.023578617095947330e+01,1.064750120162963931e+01,8.400000000000000355e+00,0.000000000000000000e+00
6.416201500918345957e-01,1.037508270263671939e+01,1.064750120162963931e+01,8.400000000000000355e+00,3.200000000000000000e+05
6.537548353503520593e-01,1.424987030029296886e-01,1.105463714599609348e+00,8.400000000000000355e+00,0.000000000000000000e+00
6.537808145831401907e-01,1.424987030029296886e-01,9.755675506591796609e-01,8.400000000000000355e+00,3.200000000000000000e+05
6.660806897851534458e-01,1.051437923431396548e+01,1.064750120162963931e+01,8.400000000000000355e+00,0.000000000000000000e+00
6.661085490914888663e-01,1.065367576599121158e+01,1.064750120162963931e+01,8.400000000000000355e+00,3.200000000000000000e+05
6.785736142369979129e-01,1.424987030029296886e-01,8.456713867187499734e-01,8.400000000000000355e+00,0.000000000000000000e+00
6.785995934697860443e-01,1.424987030029296886e-01,7.157752227783202859e-01,8.400000000000000355e+00,3.200000000000000000e+05
6.912298485587908825e-01,1.079297229766845767e+01,1.064750120162963931e+01,8.400000000000000355e+00,0.000000000000000000e+00
6.912577078651263029e-01,1.093226882934570376e+01,1.064750120162963931e+01,8.400000000000000355e+00,3.200000000000000000e+05
7.040531528976269326e-01,1.424987030029296886e-01,5.858790588378905984e-01,8.400000000000000355e+00,0.000000000000000000e+00
7.040791321304150641e-01,1.424987030029296886e-01,4.559828948974609109e-01,8.400000000000000355e+00,3.200000000000000000e+05
7.170397671064114853e-01,1.107156536102294986e+01,1.064750120162963931e+01,8.400000000000000355e+00,0.000000000000000000e+00
7.170676264127469057e-01,1.121086189270019595e+01,1.064750120162963931e+01,8.400000000000000355e+00,3.200000000000000000e+05
7.301934513322391185e-01,1.424987030029296886e-01,3.260867309570312234e-01,8.400000000000000355e+00,0.000000000000000000e+00
7.302194305650272499e-01,1.424987030029296886e-01,1.961905670166015636e-01,8.400000000000000355e+00,3.200000000000000000e+05
7.435104454280152542e-01,1.135015842437744205e+01,1.064750120162963931e+01,8.400000000000000355e+00,0.000000000000000000e+00
7.435383047343506746e-01,1.148945495605468814e+01,1.064750120162963931e+01,8.400000000000000355e+00,3.200000000000000000e+05
7.568975968041526947e-01,2.242209625244140636e-01,1.425006103515625011e-01,8.400000000000000355e+00,0.000000000000000000e+00
7.569254563012229875e-01,3.635184478759765359e-01,1.425006103515625011e-01,8.400000000000000355e+00,3.200000000000000000e+05
7.702847477661045605e-01,1.162875148773193423e+01,1.064750120162963931e+01,8.400000000000000355e+00,0.000000000000000000e+00
7.703126070724399810e-01,1.176804801940918033e+01,1.064750120162963931e+01,8.400000000000000355e+00,3.200000000000000000e+05
7.836718991422420011e-01,5.028140258789062234e-01,1.425006103515625011e-01,8.400000000000000355e+00,0.000000000000000000e+00
7.836997586393122939e-01,6.421115112304687234e-01,1.425006103515625011e-01,8.400000000000000355e+00,3.200000000000000000e+05
7.970590501041938669e-01,1.190734455108642642e+01,1.064750120162963931e+01,8.400000000000000355e+00,0.000000000000000000e+00
7.970869094105292874e-01,1.204664108276367251e+01,1.064750120162963931e+01,8.400000000000000355e+00,3.200000000000000000e+05
8.104462014803313075e-01,7.814070892333984109e-01,1.425006103515625011e-01,8.400000000000000355e+00,0.000000000000000000e+00
8.104740609774016002e-01,9.207045745849609109e-01,1.425006103515625011e-01,8.400000000000000355e+00,3.200000000000000000e+05
8.238333524422831733e-01,1.218593761444091861e+01,1.064750120162963931e+01,8.400000000000000355e+00,0.000000000000000000e+00
8.238612117486185937e-01,1.232523414611816470e+01,1.064750120162963931e+01,8.400000000000000355e+00,3.200000000000000000e+05
8.372205038184206138e-01,1.060000152587890598e+00,1.425006103515625011e-01,8.400000000000000355e+00,0.000000000000000000e+00
8.372483633154909066e-01,1.199297637939453098e+00,1.425006103515625011e-01,8.400000000000000355e+00,3.200000000000000000e+05
8.506076547803724797e-01,1.246453067779541080e+01,1.064750120162963931e+01,8.400000000000000355e+00,0.000000000000000000e+00
8.506355140867079001e-01,1.260382720947265689e+01,1.064750120162963931e+01,8.400000000000000355e+00,3.200000000000000000e+05
8.639948061565099202e-01,1.338593215942382786e+00,1.425006103515625011e-01,8.400000000000000355e+00,0.000000000000000000e+00
8.640226656535802130e-01,1.477890701293945286e+00,1.425006103515625011e-01,8.400000000000000355e+00,3.200000000000000000e+05
8.773819571184617860e-01,1.274312374114990298e+01,1.064750120162963931e+01,8.400000000000000355e+00,0.000000000000000000e+00
8.774098164247972065e-01,1.288242027282714908e+01,1.064750120162963931e+01,8.400000000000000355e+00,3.200000000000000000e+05
8.907691084945992266e-01,1.617186279296874973e+00,1.425006103515625011e-01,8.400000000000000355e+00,0.000000000000000000e+00
8.907969679916695194e-01,1.756483764648437473e+00,1.425006103515625011e-01,8.400000000000000355e+00,3.200000000000000000e+05
9.041562594565510924e-01,1.302171680450439517e+01,1.064750120162963931e+01,8.400000000000000355e+00,0.000000000000000000e+00
9.041841187628865129e-01,1.316101333618164126e+01,1.064750120162963931e+01,8.400000000000000355e+00,3.200000000000000000e+05
9.175434108326885330e-01,1.895779342651367161e+00,1.425006103515625011e-01,8.400000000000000355e+00,0.000000000000000000e+00
9.175712703297588257e-01,2.035076828002929883e+00,1.425006103515625011e-01,8.400000000000000355e+00,3.200000000000000000e+05
9.309305617946403988e-01,1.330030986785888736e+01,1.064750120162963931e+01,8.400000000000000355e+00,0.000000000000000000e+00
9.309584211009758192e-01,1.343960639953613345e+01,1.064750120162963931e+01,8.400000000000000355e+00,3.200000000000000000e+05
9.443177131707778393e-01,2.174372406005859570e+00,1.425006103515625011e-01,8.400000000000000355e+00,0.000000000000000000e+00
9.443455726678481321e-01,2.313669891357422070e+00,1.425006103515625011e-01,8.400000000000000355e+00,3.200000000000000000e+05
9.577048641327297052e-01,1.357890293121337955e+01,1.064750120162963931e+01,8.400000000000000355e+00,0.000000000000000000e+00
9.577327234390651256e-01,1.371819946289062564e+01,1.064750120162963931e+01,8.400000000000000355e+00,3.200000000000000000e+05
9.710920155088671457e-01,2.452965469360351758e+00,1.425006103515625011e-01,8.400000000000000355e+00,0.000000000000000000e+00
9.711198750059374385e-01,2.592262954711914258e+00,1.425006103515625011e-01,8.400000000000000355e+00,3.200000000000000000e+05
9.844791664708190115e-01,1.385749599456787173e+01,1.064750120162963931e+01,8.400000000000000355e+00,0.000000000000000000e+00
9.845070257771544320e-01,1.399679252624511783e+01,1.064750120162963931e+01,8.400000000000000355e+00,3.200000000000000000e+05
9.978663178469564521e-01,2.731558532714843945e+00,1.425006103515625011e-01,8.400000000000000355e+00,0.000000000000000000e+00
9.978941773440267449e-01,2.870856018066406445e+00,1.425006103515625011e-01,8.400000000000000355e+00,3.200000000000000000e+05
1.011253468808908318e+00,1.413608905792236392e+01,1.064750120162963931e+01,8.400000000000000355e+00,0.000000000000000000e+00
1.011281328115243738e+00,1.427538558959961001e+01,1.064750120162963931e+01,8.400000000000000355e+00,3.200000000000000000e+05
1.024640620185045758e+00,3.010151596069336133e+00,1.425006103515625011e-01,8.400000000000000355e+00,0.000000000000000000e+00
1.024668479682116162e+00,3.149449081420898633e+00,1.425006103515625011e-01,8.400000000000000355e+00,3.200000000000000000e+05
1.038027771146997846e+00,1.441468212127685611e+01,1.064750120162963931e+01,8.400000000000000355e+00,0.000000000000000000e+00
1.038055630453333267e+00,1.455397865295410220e+01,1.064750120162963931e+01,8.400000000000000355e+00,3.200000000000000000e+05
1.051414922523135287e+00,3.288744659423828320e+00,1.425006103515625011e-01,8.400000000000000355e+00,0.000000000000000000e+00
1.051442782020205691e+00,3.428042144775390820e+00,1.425006103515625011e-01,8.400000000000000355e+00,3.200000000000000000e+05
1.064802073485087375e+00,1.469327518463134830e+01,1.064750120162963931e+01,8.400000000000000355e+00,0.000000000000000000e+00
1.064829932791422795e+00,1.483257171630859439e+01,1.064750120162963931e+01,8.400000000000000355e+00,3.200000000000000000e+05
1.078189224861224815e+00,3.567337722778320508e+00,1.425006103515625011e-01,8.400000000000000355e+00,0.000000000000000000e+00
1.078217084358295219e+00,3.706635208129883008e+00,1.425006103515625011e-01,8.400000000000000355e+00,3.200000000000000000e+05
1.091576375823176903e+00,1.497186824798584048e+01,1.064750120162963931e+01,8.400000000000000355e+00,0.000000000000000000e+00
1.091604235129512324e+00,1.511116477966308658e+01,1.064750120162963931e+01,8.400000000000000355e+00,3.200000000000000000e+05
1.104963527199314344e+00,3.845930786132812695e+00,1.425006103515625011e-01,8.400000000000000355e+00,0.000000000000000000e+00
1.104991386696384748e+00,3.985228271484375195e+00,1.425006103515625011e-01,8.400000000000000355e+00,3.200000000000000000e+05
1.118350678161266432e+00,1.525046131134033267e+01,1.064750120162963931e+01,8.400000000000000355e+00,0.000000000000000000e+00
1.118378537467601852e+00,1.538975784301757876e+01,1.064750120162963931e+01,8.400000000000000355e+00,3.200000000000000000e+05
1.131737829537403872e+00,4.124523849487304439e+00,1.425006103515625011e-01,8.400000000000000355e+00,0.000000000000000000e+00
1.131765689034474276e+00,4.263821334838866939e+00,1.425006103515625011e-01,8.400000000000000355e+00,3.200000000000000000e+05
1.145124980499355960e+00,1.552905437469482486e+01,1.064750120162963931e+01,8.400000000000000355e+00,0.000000000000000000e+00
1.145152839805691380e+00,1.566835090637207095e+01,1.064750120162963931e+01,8.400000000000000355e+00,3.200000000000000000e+05
1.158512131875493401e+00,4.403116912841796626e+00,1.425006103515625011e-01,8.400000000000000355e+00,0.000000000000000000e+00
1.158539991372563804e+00,4.542414398193359126e+00,1.425006103515625011e-01,8.400000000000000355e+00,3.200000000000000000e+05
1.171899282837445488e+00,1.580764743804931705e+01,1.064750120162963931e+01,8.400000000000000355e+00,0.000000000000000000e+00
1.171927142143780909e+00,1.594694396972656314e+01,1.064750120162963931e+01,8.400000000000000355e+00,3.200000000000000000e+05
1.185286434213582929e+00,4.681709976196288814e+00,1.425006103515625011e-01,8.400000000000000355e+00,0.000000000000000000e+00
1.185314293710653333e+00,4.821007461547851314e+00,1.425006103515625011e-01,8.400000000000000355e+00,3.200000000000000000e+05
1.198673585175535017e+00,1.608624050140380746e+01,1.064750120162963931e+01,8.400000000000000355e+00,0.000000000000000000e+00
1.198701444291135676e+00,1.622553607940673714e+01,1.064750120162963931e+01,8.400000000000000355e+00,3.200000000000000000e+05
1.212060735756017360e+00,4.960303039550781001e+00,1.425006103515625011e-01,8.400000000000000355e+00,0.000000000000000000e+00
1.212088595253087764e+00,5.099600524902343501e+00,1.425006103515625011e-01,8.400000000000000355e+00,3.200000000000000000e+05
1.225447886717969448e+00,1.636483356475829964e+01,1.064750120162963931e+01,8.400000000000000355e+00,0.000000000000000000e+00
1.225475745833570107e+00,1.650412914276122933e+01,1.064750120162963931e+01,8.400000000000000355e+00,3.200000000000000000e+05
1.238835037298451791e+00,5.238896102905273189e+00,1.425006103515625011e-01,8.400000000000000355e+00,0.000000000000000000e+00
1.238862896795522195e+00,5.378193588256835689e+00,1.425006103515625011e-01,8.400000000000000355e+00,3.200000000000000000e+05
1.252222188260403879e+00,1.664342662811279183e+01,1.064750120162963931e+01,8.400000000000000355e+00,0.000000000000000000e+00
1.252250047376004538e+00,1.678272220611572152e+01,1.064750120162963931e+01,8.400000000000000355e+00,3.200000000000000000e+05
1.265609338840886222e+00,5.517489166259765376e+00,1.425006103515625011e-01,8.400000000000000355e+00,0.000000000000000000e+00
1.265637198337956626e+00,5.656786651611327876e+00,1.425006103515625011e-01,8.400000000000000355e+00,3.200000000000000000e+05
1.278996489802838310e+00,1.692201969146728402e+01,1.064750120162963931e+01,8.400000000000000355e+00,0.000000000000000000e+00
1.279024348918438969e+00,1.706131526947021371e+01,1.064750120162963931e+01,8.400000000000000355e+00,3.200000000000000000e+05
1.292383640383320653e+00,5.796082229614257564e+00,1.425006103515625011e-01,8.400000000000000355e+00,0.000000000000000000e+00
1.292411499498921312e+00,5.935377807617187251e+00,1.425006103515625011e-01,8.400000000000000355e+00,3.200000000000000000e+05
1.305770792173643668e+00,1.720061275482177621e+01,1.064750120162963931e+01,8.400000000000000355e+00,0.000000000000000000e+00
1.305798651289244328e+00,1.733990833282470589e+01,1.064750120162963931e+01,8.400000000000000355e+00,3.200000000000000000e+05
1.319157942754126012e+00,6.074675292968749751e+00,1.425006103515625011e-01,8.400000000000000355e+00,0.000000000000000000e+00
1.319185801869726671e+00,6.213970870971679439e+00,1.425006103515625011e-01,8.400000000000000355e+00,3.200000000000000000e+05
1.332545094544449027e+00,1.747920581817626839e+01,1.064750120162963931e+01,8.400000000000000355e+00,0.000000000000000000e+00
1.332572953660049686e+00,1.761850139617919808e+01,1.064750120162963931e+01,8.400000000000000355e+00,3.200000000000000000e+05
1.345932245124931370e+00,6.353268356323241939e+00,1.425006103515625011e-01,8.400000000000000355e+00,0.000000000000000000e+00
1.345960104240532029e+00,6.492563934326171626e+00,1.425006103515625011e-01,8.400000000000000355e+00,3.200000000000000000e+05
1.359319396915254385e+00,1.775779888153076058e+01,1.064750120162963931e+01,8.400000000000000355e+00,0.000000000000000000e+00
1.359347256030855045e+00,1.789709445953369027e+01,1.064750120162963931e+01,8.400000000000000355e+00,3.200000000000000000e+05
1.372706547495736729e+00,6.631861419677734126e+00,1.425006103515625011e-01,8.400000000000000355e+00,0.000000000000000000e+00
1.372734406802072149e+00,6.771157951354980220e+00,1.425006103515625011e-01,8.400000000000000355e+00,3.200000000000000000e+05
1.386093698871874169e+00,1.803639194488525277e+01,1.064750120162963931e+01,8.400000000000000355e+00,0.000000000000000000e+00
1.386121557987474828e+00,1.817568752288818246e+01,1.064750120162963931e+01,8.400000000000000355e+00,3.200000000000000000e+05
1.399480849452356512e+00,6.910454483032226314e+00,1.425006103515625011e-01,8.400000000000000355e+00,0.000000000000000000e+00
1.399508708758691933e+00,7.049751014709472408e+00,1.425006103515625011e-01,8.400000000000000355e+00,3.200000000000000000e+05
1.412868000828493953e+00,1.831498500823974496e+01,1.064750120162963931e+01,8.400000000000000355e+00,0.000000000000000000e+00
1.412895859944094612e+00,1.845428058624267464e+01,1.064750120162963931e+01,8.400000000000000355e+00,3.200000000000000000e+05
1.426255151408976296e+00,7.189047546386718501e+00,1.425006103515625011e-01,8.400000000000000355e+00,0.000000000000000000e+00
1.426283010715311717e+00,7.328344078063964595e+00,1.425006103515625011e-01,8.400000000000000355e+00,3.200000000000000000e+05
1.439642302785113737e+00,1.859357807159423714e+01,1.064750120162963931e+01,8.400000000000000355e+00,0.000000000000000000e+00
1.439670161900714396e+00,1.873287364959716683e+01,1.064750120162963931e+01,8.400000000000000355e+00,3.200000000000000000e+05
1.453029453365596080e+00,7.467640609741210689e+00,1.425006103515625011e-01,8.400000000000000355e+00,0.000000000000000000e+00
1.453057312671931500e+00,7.606937141418456783e+00,1.425006103515625011e-01,8.400000000000000355e+00,3.200000000000000000e+05
1.466416604741733520e+00,1.887217113494872933e+01,1.064750120162963931e+01,8.400000000000000355e+00,0.000000000000000000e+00
1.466444463857334179e+00,1.901146671295165902e+01,1.064750120162963931e+01,8.400000000000000355e+00,3.200000000000000000e+05
1.479803755322215864e+00,7.746233673095702876e+00,1.425006103515625011e-01,8.400000000000000355e+00,0.000000000000000000e+00
1.479831614628551284e+00,7.885530204772948970e+00,1.425006103515625011e-01,8.400000000000000355e+00,3.200000000000000000e+05
1.493190906698353304e+00,1.915076419830322152e+01,1.064750120162963931e+01,8.400000000000000355e+00,0.000000000000000000e+00
1.493218765813953963e+00,1.929005977630615121e+01,1.064750120162963931e+01,8.400000000000000355e+00,3.200000000000000000e+05
1.506578057278835647e+00,8.024826736450195952e+00,1.425006103515625011e-01,8.400000000000000355e+00,0.000000000000000000e+00
1.506605916585171068e+00,8.164123268127442046e+00,1.425006103515625011e-01,8.400000000000000355e+00,3.200000000000000000e+05
1.519965208654973088e+00,1.942935726165771371e+01,1.064750120162963931e+01,8.400000000000000355e+00,0.000000000000000000e+00
1.519993067770573747e+00,1.956865283966064339e+01,1.064750120162963931e+01,8.400000000000000355e+00,3.200000000000000000e+05
1.533352359235455431e+00,8.303419799804688139e+00,1.425006103515625011e-01,8.400000000000000355e+00,0.000000000000000000e+00
1.533380218541790851e+00,8.442716331481934233e+00,1.425006103515625011e-01,8.400000000000000355e+00,3.200000000000000000e+05
1.546739510611592872e+00,1.970795032501220589e+01,1.064750120162963931e+01,8.400000000000000355e+00,0.000000000000000000e+00
1.546767369727193531e+00,1.984724590301513558e+01,1.064750120162963931e+01,8.400000000000000355e+00,3.200000000000000000e+05
1.560126661192075215e+00,8.582012863159180327e+00,1.425006103515625011e-01,8.400000000000000355e+00,0.000000000000000000e+00
1.560154520498410635e+00,8.721309394836426421e+00,1.425006103515625011e-01,8.400000000000000355e+00,3.200000000000000000e+05
1.573513812568212655e+00,1.998654338836669808e+01,1.064750120162963931e+01,8.400000000000000355e+00,0.000000000000000000e+00
1.573541671683813314e+00,2.012583896636962777e+01,1.064750120162963931e+01,8.400000000000000355e+00,3.200000000000000000e+05
1.586900963148694998e+00,8.860605926513672514e+00,1.425006103515625011e-01,8.400000000000000355e+00,0.000000000000000000e+00
1.586928822455030419e+00,8.999902458190918608e+00,1.425006103515625011e-01,8.400000000000000355e+00,3.200000000000000000e+05
1.600288114524832439e+00,2.026513645172119027e+01,1.064750120162963931e+01,8.400000000000000355e+00,0.000000000000000000e+00
1.600315973640433098e+00,2.040443202972411996e+01,1.064750120162963931e+01,8.400000000000000355e+00,3.200000000000000000e+05
1.613675265105314782e+00,9.139198989868164702e+00,1.425006103515625011e-01,8.400000000000000355e+00,0.000000000000000000e+00
1.613703124411650203e+00,9.278495521545410796e+00,1.425006103515625011e-01,8.400000000000000355e+00,3.200000000000000000e+05
1.627062416481452223e+00,2.054372951507568246e+01,1.064750120162963931e+01,8.400000000000000355e+00,0.000000000000000000e+00
1.627090275597052882e+00,2.068302509307861214e+01,1.064750120162963931e+01,8.400000000000000355e+00,3.200000000000000000e+05
1.640449567061934566e+00,9.417792053222656889e+00,1.425006103515625011e-01,8.400000000000000355e+00,0.000000000000000000e+00
1.640477426368269986e+00,9.557088584899902983e+00,1.425006103515625011e-01,8.400000000000000355e+00,3.200000000000000000e+05
1.653836718438072007e+00,2.082232257843017464e+01,1.064750120162963931e+01,8.400000000000000355e+00,0.000000000000000000e+00
1.653864577553672666e+00,2.096161815643310433e+01,1.064750120162963931e+01,8.400000000000000355e+00,3.200000000000000000e+05
1.667223869018554350e+00,9.696385116577149077e+00,1.425006103515625011e-01,8.400000000000000355e+00,0.000000000000000000e+00
1.667251728324889770e+00,9.835681648254395171e+00,1.425006103515625011e-01,8.400000000000000355e+00,3.200000000000000000e+05
1.680611020394691790e+00,2.110091564178466683e+01,1.064750120162963931e+01,8.400000000000000355e+00,0.000000000000000000e+00
1.680638879510292449e+00,2.124021121978759652e+01,1.064750120162963931e+01,8.400000000000000355e+00,3.200000000000000000e+05
1.693998170975174133e+00,9.974978179931641264e+00,1.425006103515625011e-01,8.400000000000000355e+00,0.000000000000000000e+00
1.694026030281509554e+00,1.011427471160888736e+01,1.425006103515625011e-01,8.400000000000000355e+00,3.200000000000000000e+05
1.707385322351311574e+00,2.137950870513915902e+01,1.064750120162963931e+01,8.400000000000000355e+00,0.000000000000000000e+00
1.707413181454991324e+00,2.151880422353744393e+01,1.064750120162963931e+01,8.400000000000000355e+00,3.200000000000000000e+05
1.720772472882065474e+00,1.025357124328613345e+01,1.425006103515625011e-01,8.400000000000000355e+00,0.000000000000000000e+00
1.720800332188400894e+00,1.039286777496337955e+01,1.425006103515625011e-01,8.400000000000000355e+00,3.200000000000000000e+05
1.734159624220395379e+00,2.165810170888900643e+01,1.064750120162963931e+01,8.400000000000000355e+00,0.000000000000000000e+00
1.734187483335996038e+00,2.179739728689193612e+01,1.064750120162963931e+01,8.400000000000000355e+00,3.200000000000000000e+05
1.747546774763070188e+00,1.053216430664062564e+01,1.425006103515625011e-01,8.400000000000000355e+00,0.000000000000000000e+00
1.747574634069405608e+00,1.067146083831787173e+01,1.425006103515625011e-01,8.400000000000000355e+00,3.200000000000000000e+05
1.760933926101400093e+00,2.193669477224349862e+01,1.064750120162963931e+01,8.400000000000000355e+00,0.000000000000000000e+00
1.760961785222961096e+00,2.207599038004875069e+01,1.064750120162963931e+01,8.400000000000000355e+00,3.200000000000000000e+05
1.774321076668939012e+00,1.081075736999511783e+01,1.425006103515625011e-01,8.400000000000000355e+00,0.000000000000000000e+00
1.774348935975274433e+00,1.095005390167236392e+01,1.425006103515625011e-01,8.400000000000000355e+00,3.200000000000000000e+05
1.787708228026172685e+00,2.221528786540031319e+01,1.064750120162963931e+01,8.400000000000000355e+00,0.000000000000000000e+00
1.787736087138793062e+00,2.235458342850208169e+01,1.064750120162963931e+01,8.400000000000000355e+00,3.200000000000000000e+05
1.801095378575318984e+00,1.108935043334961001e+01,1.425006103515625011e-01,8.400000000000000355e+00,0.000000000000000000e+00
1.801123237881654404e+00,1.122864696502685611e+01,1.425006103515625011e-01,8.400000000000000355e+00,3.200000000000000000e+05
1.814482529927236021e+00,2.249388092037290221e+01,1.064750120162963931e+01,8.400000000000000355e+00,0.000000000000000000e+00
1.814510389041532834e+00,2.263317649185657388e+01,1.064750120162963931e+01,8.400000000000000355e+00,3.200000000000000000e+05
1.827869680478058756e+00,1.136794349670410220e+01,1.425006103515625011e-01,8.400000000000000355e+00,0.000000000000000000e+00
1.827897539784394176e+00,1.150724002838134830e+01,1.425006103515625011e-01,8.400000000000000355e+00,3.200000000000000000e+05
1.841256831835292429e+00,2.277247399210929757e+01,1.064750120162963931e+01,8.400000000000000355e+00,0.000000000000000000e+00
1.841284690950893088e+00,2.291176957011222726e+01,1.064750120162963931e+01,8.400000000000000355e+00,3.200000000000000000e+05
1.854643982396871005e+00,1.164653656005859439e+01,1.425006103515625011e-01,8.400000000000000355e+00,0.000000000000000000e+00
1.854671841703206425e+00,1.178583309173584048e+01,1.425006103515625011e-01,8.400000000000000355e+00,3.200000000000000000e+05
1.868031133735200910e+00,2.305106702566146737e+01,1.064750120162963931e+01,8.400000000000000355e+00,0.000000000000000000e+00
1.868058992850801570e+00,2.319036260366439706e+01,1.064750120162963931e+01,8.400000000000000355e+00,3.200000000000000000e+05
1.881418284277875719e+00,1.192512962341308658e+01,1.425006103515625011e-01,8.400000000000000355e+00,0.000000000000000000e+00
1.881446143584211139e+00,1.206442615509033267e+01,1.425006103515625011e-01,8.400000000000000355e+00,3.200000000000000000e+05
1.894805435616205624e+00,2.332966008901595956e+01,1.064750120162963931e+01,8.400000000000000355e+00,0.000000000000000000e+00
1.894833294731806284e+00,2.346895566701888924e+01,1.064750120162963931e+01,8.400000000000000355e+00,3.200000000000000000e+05
1.908192586158880433e+00,1.220372268676757876e+01,1.425006103515625011e-01,8.400000000000000355e+00,0.000000000000000000e+00
1.908220445465215853e+00,1.234301921844482486e+01,1.425006103515625011e-01,8.400000000000000355e+00,3.200000000000000000e+05
1.921579737535017873e+00,2.360825321197509652e+01,1.064750120162963931e+01,8.400000000000000355e+00,0.000000000000000000e+00
1.921607596650618532e+00,2.374754878997802621e+01,1.064750120162963931e+01,8.400000000000000355e+00,3.200000000000000000e+05
1.934966888115500216e+00,1.248231575012207095e+01,1.425006103515625011e-01,8.400000000000000355e+00,0.000000000000000000e+00
1.934994747421835637e+00,1.262161228179931705e+01,1.425006103515625011e-01,8.400000000000000355e+00,3.200000000000000000e+05
1.948354039491637657e+00,2.388684627532958871e+01,1.064750120162963931e+01,8.400000000000000355e+00,0.000000000000000000e+00
1.948381898607238316e+00,2.402614185333251839e+01,1.064750120162963931e+01,8.400000000000000355e+00,3.200000000000000000e+05
1.961741190072120000e+00,1.276090881347656314e+01,1.425006103515625011e-01,8.400000000000000355e+00,0.000000000000000000e+00
1.961769049378455421e+00,1.290020534515380923e+01,1.425006103515625011e-01,8.400000000000000355e+00,3.200000000000000000e+05
1.975128341448257441e+00,2.416543933868408089e+01,1.064750120162963931e+01,8.400000000000000355e+00,0.000000000000000000e+00
1.975156200563858100e+00,2.430473491668701058e+01,1.064750120162963931e+01,8.400000000000000355e+00,3.200000000000000000e+05
1.988515492028739784e+00,1.303950187683105533e+01,1.425006103515625011e-01,8.400000000000000355e+00,0.000000000000000000e+00
1.988543351335075204e+00,1.317879840850830142e+01,1.425006103515625011e-01,8.400000000000000355e+00,3.200000000000000000e+05
2.001902643404877224e+00,2.444403240203857308e+01,1.064750120162963931e+01,8.400000000000000355e+00,0.000000000000000000e+00
2.001930502520477884e+00,2.458332798004150277e+01,1.064750120162963931e+01,8.400000000000000355e+00,3.200000000000000000e+05
2.015289793985359346e+00,1.331809494018554751e+01,1.425006103515625011e-01,8.400000000000000355e+00,0.000000000000000000e+00
2.015317653291694988e+00,1.345739147186279361e+01,1.425006103515625011e-01,8.400000000000000355e+00,3.200000000000000000e+05
2.028676945361497008e+00,2.472262546539306527e+01,1.064750120162963931e+01,8.400000000000000355e+00,0.000000000000000000e+00
2.028704804477097667e+00,2.486192104339599496e+01,1.064750120162963931e+01,8.400000000000000355e+00,3.200000000000000000e+05
2.042064095941979129e+00,1.359668800354003970e+01,1.425006103515625011e-01,8.400000000000000355e+00,0.000000000000000000e+00
2.042091955248314772e+00,1.373598453521728580e+01,1.425006103515625011e-01,8.400000000000000355e+00,3.200000000000000000e+05
2.055451246108276120e+00,2.500121662139892464e+01,1.064750120162963931e+01,8.400000000000000355e+00,0.000000000000000000e+00
2.055479105605346302e+00,2.514051410675048714e+01,1.064750120162963931e+01,8.400000000000000355e+00,3.200000000000000000e+05
2.068838397070227764e+00,1.387528106689453189e+01,1.425006103515625011e-01,8.400000000000000355e+00,0.000000000000000000e+00
2.068866256376563406e+00,1.401457759857177798e+01,1.425006103515625011e-01,8.400000000000000355e+00,3.200000000000000000e+05
2.082225547236524754e+00,2.527980968475341683e+01,1.064750120162963931e+01,8.400000000000000355e+00,0.000000000000000000e+00
2.082253406733594936e+00,2.541910717010497933e+01,1.064750120162963931e+01,8.400000000000000355e+00,3.200000000000000000e+05
2.095612698198476398e+00,1.415387413024902408e+01,1.425006103515625011e-01,8.400000000000000355e+00,0.000000000000000000e+00
2.095640557504812040e+00,1.429317066192627017e+01,1.425006103515625011e-01,8.400000000000000355e+00,3.200000000000000000e+05
2.108999848364773388e+00,2.555840274810790902e+01,1.064750120162963931e+01,8.400000000000000355e+00,0.000000000000000000e+00
2.109027707861843570e+00,2.569770023345947152e+01,1.064750120162963931e+01,8.400000000000000355e+00,3.200000000000000000e+05
2.122386999326725032e+00,1.443246719360351626e+01,1.425006103515625011e-01,8.400000000000000355e+00,0.000000000000000000e+00
2.122414858633060675e+00,1.457176372528076236e+01,1.425006103515625011e-01,8.400000000000000355e+00,3.200000000000000000e+05
2.135774149493022023e+00,2.583699581146240121e+01,1.064750120162963931e+01,8.400000000000000355e+00,0.000000000000000000e+00
2.135802008990092204e+00,2.597629329681396371e+01,1.064750120162963931e+01,8.400000000000000355e+00,3.200000000000000000e+05
2.149161300454973667e+00,1.471106025695800845e+01,1.425006103515625011e-01,8.400000000000000355e+00,0.000000000000000000e+00
2.149189159761309309e+00,1.485035678863525455e+01,1.425006103515625011e-01,8.400000000000000355e+00,3.200000000000000000e+05
2.162548450621270657e+00,2.611558887481689339e+01,1.064750120162963931e+01,8.400000000000000355e+00,0.000000000000000000e+00
2.162576310118340839e+00,2.625488636016845589e+01,1.064750120162963931e+01,8.400000000000000355e+00,3.200000000000000000e+05
2.175935601583222301e+00,1.498965332031250064e+01,1.425006103515625011e-01,8.400000000000000355e+00,0.000000000000000000e+00
2.175963460889557943e+00,1.512894985198974673e+01,1.425006103515625011e-01,8.400000000000000355e+00,3.200000000000000000e+05
2.189322751749519291e+00,2.639418193817138558e+01,1.064750120162963931e+01,8.400000000000000355e+00,0.000000000000000000e+00
2.189350611246589473e+00,2.653347942352294808e+01,1.064750120162963931e+01,8.400000000000000355e+00,3.200000000000000000e+05
2.202709902711470935e+00,1.526824638366699283e+01,1.425006103515625011e-01,8.400000000000000355e+00,0.000000000000000000e+00
2.202737762017806578e+00,1.540754291534423892e+01,1.425006103515625011e-01,8.400000000000000355e+00,3.200000000000000000e+05
2.216097052877767926e+00,2.667277500152587777e+01,1.064750120162963931e+01,8.400000000000000355e+00,0.000000000000000000e+00
2.216124912374838107e+00,2.681207248687744027e+01,1.064750120162963931e+01,8.400000000000000355e+00,3.200000000000000000e+05
2.229484203839719569e+00,1.554683944702148501e+01,1.425006103515625011e-01,8.400000000000000355e+00,0.000000000000000000e+00
2.229512063146055212e+00,1.568613597869873111e+01,1.425006103515625011e-01,8.400000000000000355e+00,3.200000000000000000e+05
2.242871354006016560e+00,2.695136806488036996e+01,1.064750120162963931e+01,8.400000000000000355e+00,0.000000000000000000e+00
2.242899213503086742e+00,2.709066555023193246e+01,1.064750120162963931e+01,8.400000000000000355e+00,3.200000000000000000e+05
2.256258504967968204e+00,1.582543251037597720e+01,1.425006103515625011e-01,8.400000000000000355e+00,0.000000000000000000e+00
2.256286364274303846e+00,1.596472904205322330e+01,1.425006103515625011e-01,8.400000000000000355e+00,3.200000000000000000e+05
2.269645655134265194e+00,2.722996112823486214e+01,1.064750120162963931e+01,8.400000000000000355e+00,0.000000000000000000e+00
2.269673514631335376e+00,2.736925861358642464e+01,1.064750120162963931e+01,8.400000000000000355e+00,3.200000000000000000e+05
2.283032806096216838e+00,1.610402557373046761e+01,1.425006103515625011e-01,8.400000000000000355e+00,0.000000000000000000e+00
2.283060665402552480e+00,1.624332210540771371e+01,1.425006103515625011e-01,8.400000000000000355e+00,3.200000000000000000e+05
2.296419956262513828e+00,2.750855419158935433e+01,1.064750120162963931e+01,8.400000000000000355e+00,0.000000000000000000e+00
2.296447815759584010e+00,2.764785167694091683e+01,1.064750120162963931e+01,8.400000000000000355e+00,3.200000000000000000e+05
2.309807107829386030e+00,1.638261768341064339e+01,1.425006103515625011e-01,8.400000000000000355e+00,0.000000000000000000e+00
2.309834967326456212e+00,1.652191516876220589e+01,1.425006103515625011e-01,8.400000000000000355e+00,3.200000000000000000e+05
2.323194258186417560e+00,2.778714725494384652e+01,1.064750120162963931e+01,8.400000000000000355e+00,0.000000000000000000e+00
2.323222117683487742e+00,2.792644474029540902e+01,1.064750120162963931e+01,8.400000000000000355e+00,3.200000000000000000e+05
2.336581409753289762e+00,1.666121074676513558e+01,1.425006103515625011e-01,8.400000000000000355e+00,0.000000000000000000e+00
2.336609269250359944e+00,1.680050823211669808e+01,1.425006103515625011e-01,8.400000000000000355e+00,3.200000000000000000e+05
2.349968560110321292e+00,2.806574031829833871e+01,1.064750120162963931e+01,8.400000000000000355e+00,0.000000000000000000e+00
2.349996419607391474e+00,2.820503780364990121e+01,1.064750120162963931e+01,8.400000000000000355e+00,3.200000000000000000e+05
2.363355711677193494e+00,1.693980381011962777e+01,1.425006103515625011e-01,8.400000000000000355e+00,0.000000000000000000e+00
2.363383571174263675e+00,1.707910129547119027e+01,1.425006103515625011e-01,8.400000000000000355e+00,3.200000000000000000e+05
2.376742862034225023e+00,2.834433338165283089e+01,1.064750120162963931e+01,8.400000000000000355e+00,0.000000000000000000e+00
2.376770721531295205e+00,2.848363086700439339e+01,1.064750120162963931e+01,8.400000000000000355e+00,3.200000000000000000e+05
2.390130013601097225e+00,1.721839687347411996e+01,1.425006103515625011e-01,8.400000000000000355e+00,0.000000000000000000e+00
2.390157873098167407e+00,1.735769435882568246e+01,1.425006103515625011e-01,8.400000000000000355e+00,3.200000000000000000e+05
2.403517163958128755e+00,2.862292644500732308e+01,1.064750120162963931e+01,8.400000000000000355e+00,0.000000000000000000e+00
2.403545023455198937e+00,2.876222393035888558e+01,1.064750120162963931e+01,8.400000000000000355e+00,3.200000000000000000e+05
2.416904315525000957e+00,1.749698993682861214e+01,1.425006103515625011e-01,8.400000000000000355e+00,0.000000000000000000e+00
2.416932175022071139e+00,1.763628742218017464e+01,1.425006103515625011e-01,8.400000000000000355e+00,3.200000000000000000e+05
2.430291465882032487e+00,2.890151950836181527e+01,1.064750120162963931e+01,8.400000000000000355e+00,0.000000000000000000e+00
2.430319325379102668e+00,2.904081699371337777e+01,1.064750120162963931e+01,8.400000000000000355e+00,3.200000000000000000e+05
2.443678617448904689e+00,1.777558300018310433e+01,1.425006103515625011e-01,8.400000000000000355e+00,0.000000000000000000e+00
2.443706476945974870e+00,1.791488048553466683e+01,1.425006103515625011e-01,8.400000000000000355e+00,3.200000000000000000e+05
2.457065767805936218e+00,2.918011257171630746e+01,1.064750120162963931e+01,8.400000000000000355e+00,0.000000000000000000e+00
2.457093627303006400e+00,2.931941005706786996e+01,1.064750120162963931e+01,8.400000000000000355e+00,3.200000000000000000e+05
2.470452919372808420e+00,1.805417606353759652e+01,1.425006103515625011e-01,8.400000000000000355e+00,0.000000000000000000e+00
2.470480778869878602e+00,1.819347354888915902e+01,1.425006103515625011e-01,8.400000000000000355e+00,3.200000000000000000e+05
2.483840069729839950e+00,2.945870563507079964e+01,1.064750120162963931e+01,8.400000000000000355e+00,0.000000000000000000e+00
2.483867929226910132e+00,2.959800312042236214e+01,1.064750120162963931e+01,8.400000000000000355e+00,3.200000000000000000e+05
2.497227221296712152e+00,1.833276912689208871e+01,1.425006103515625011e-01,8.400000000000000355e+00,0.000000000000000000e+00
2.497255080793782334e+00,1.847206661224365121e+01,1.425006103515625011e-01,8.400000000000000355e+00,3.200000000000000000e+05
2.510614371653743682e+00,2.973729869842529183e+01,1.064750120162963931e+01,8.400000000000000355e+00,0.000000000000000000e+00
2.510642231150813863e+00,2.987659618377685433e+01,1.064750120162963931e+01,8.400000000000000355e+00,3.200000000000000000e+05
2.524001523220615884e+00,1.861136219024658089e+01,1.425006103515625011e-01,8.400000000000000355e+00,0.000000000000000000e+00
2.524029382717686065e+00,1.875065967559814339e+01,1.425006103515625011e-01,8.400000000000000355e+00,3.200000000000000000e+05
2.537388673577647413e+00,3.001589176177978402e+01,1.064750120162963931e+01,8.400000000000000355e+00,0.000000000000000000e+00
2.537416533074717595e+00,3.015518924713134652e+01,1.064750120162963931e+01,8.400000000000000355e+00,3.200000000000000000e+05
2.550775825144519615e+00,1.888995525360107308e+01,1.425006103515625011e-01,8.400000000000000355e+00,0.000000000000000000e+00
2.550803684641589797e+00,1.902925273895263558e+01,1.425006103515625011e-01,8.400000000000000355e+00,3.200000000000000000e+05
2.564162975501551145e+00,3.029448482513427621e+01,1.064750120162963931e+01,8.400000000000000355e+00,0.000000000000000000e+00
2.564190834998621327e+00,3.043378231048583871e+01,1.064750120162963931e+01,8.400000000000000355e+00,3.200000000000000000e+05
2.577550127068423347e+00,1.916854831695556527e+01,1.425006103515625011e-01,8.400000000000000355e+00,0.000000000000000000e+00
2.577577986565493529e+00,1.930784580230712777e+01,1.425006103515625011e-01,8.400000000000000355e+00,3.200000000000000000e+05
2.590937277425454877e+00,3.057307788848876839e+01,1.064750120162963931e+01,8.400000000000000355e+00,0.000000000000000000e+00
2.590965136922525058e+00,3.071237537384033089e+01,1.064750120162963931e+01,8.400000000000000355e+00,3.200000000000000000e+05
2.604324428992327078e+00,1.944714138031005746e+01,1.425006103515625011e-01,8.400000000000000355e+00,0.000000000000000000e+00
2.604352288489397260e+00,1.958643886566161996e+01,1.425006103515625011e-01,8.400000000000000355e+00,3.200000000000000000e+05
2.617711579349358608e+00,3.085167095184326058e+01,1.064750120162963931e+01,8.400000000000000355e+00,0.000000000000000000e+00
2.617739438846428790e+00,3.099096843719482308e+01,1.064750120162963931e+01,8.400000000000000355e+00,3.200000000000000000e+05
2.631098730916230810e+00,1.972573444366454964e+01,1.425006103515625011e-01,8.400000000000000355e+00,0.000000000000000000e+00
2.631126590413300992e+00,1.986503192901611214e+01,1.425006103515625011e-01,8.400000000000000355e+00,3.200000000000000000e+05
2.644485881273262340e+00,3.113026401519775277e+01,1.064750120162963931e+01,8.400000000000000355e+00,0.000000000000000000e+00
2.644513740770332522e+00,3.126956150054931527e+01,1.064750120162963931e+01,8.400000000000000355e+00,3.200000000000000000e+05
2.657873032840134542e+00,2.000432750701904183e+01,1.425006103515625011e-01,8.400000000000000355e+00,0.000000000000000000e+00
2.657900892337204724e+00,2.014362499237060433e+01,1.425006103515625011e-01,8.400000000000000355e+00,3.200000000000000000e+05
2.671260183197166072e+00,3.140885707855224496e+01,1.064750120162963931e+01,8.400000000000000355e+00,0.000000000000000000e+00
2.671288042694236253e+00,3.154815456390380746e+01,1.064750120162963931e+01,8.400000000000000355e+00,3.200000000000000000e+05
2.684647334764038273e+00,2.028292057037353402e+01,1.425006103515625011e-01,8.400000000000000355e+00,0.000000000000000000e+00
2.684675194261108455e+00,2.042221805572509652e+01,1.425006103515625011e-01,8.400000000000000355e+00,3.200000000000000000e+05
2.698034485121069803e+00,3.168745014190673714e+01,1.064750120162963931e+01,8.400000000000000355e+00,0.000000000000000000e+00
2.698062344618139985e+00,3.182674762725829964e+01,1.064750120162963931e+01,8.400000000000000355e+00,3.200000000000000000e+05
2.711421636687942005e+00,2.056151363372802621e+01,1.425006103515625011e-01,8.400000000000000355e+00,0.000000000000000000e+00
2.711449496185012187e+00,2.070081111907958871e+01,1.425006103515625011e-01,8.400000000000000355e+00,3.200000000000000000e+05
2.724808787044973535e+00,3.196604320526122933e+01,1.064750120162963931e+01,8.400000000000000355e+00,0.000000000000000000e+00
2.724836646542043717e+00,3.210534069061279183e+01,1.064750120162963931e+01,8.400000000000000355e+00,3.200000000000000000e+05
2.738195938611845737e+00,2.084010669708251839e+01,1.425006103515625011e-01,8.400000000000000355e+00,0.000000000000000000e+00
2.738223798108915918e+00,2.097940418243408089e+01,1.425006103515625011e-01,8.400000000000000355e+00,3.200000000000000000e+05
2.751583090178717939e+00,3.224463817596435433e+01,1.064750120162963931e+01,8.400000000000000355e+00,0.000000000000000000e+00
2.751610948912848631e+00,3.238393184661865121e+01,1.064750120162963931e+01,8.400000000000000355e+00,3.200000000000000000e+05
2.764970239772809979e+00,2.111869976043701058e+01,1.425006103515625011e-01,8.400000000000000355e+00,0.000000000000000000e+00
2.764998099269880161e+00,2.125799724578857308e+01,1.425006103515625011e-01,8.400000000000000355e+00,3.200000000000000000e+05
2.778357390129841509e+00,3.252322933197021371e+01,1.064750120162963931e+01,8.400000000000000355e+00,0.000000000000000000e+00
2.778385249626911691e+00,3.266252681732177621e+01,1.064750120162963931e+01,8.400000000000000355e+00,3.200000000000000000e+05
2.791744541696713711e+00,2.139729282379150277e+01,1.425006103515625011e-01,8.400000000000000355e+00,0.000000000000000000e+00
2.791772401181863206e+00,2.153659024953842049e+01,1.425006103515625011e-01,8.400000000000000355e+00,3.200000000000000000e+05
2.805131693289472761e+00,3.280182430267333871e+01,1.064750120162963931e+01,8.400000000000000355e+00,0.000000000000000000e+00
2.805159552023603453e+00,3.294111797332763558e+01,1.064750120162963931e+01,8.400000000000000355e+00,3.200000000000000000e+05
2.818518842921372336e+00,2.167588582754135018e+01,1.425006103515625011e-01,8.400000000000000355e+00,0.000000000000000000e+00
2.818546702418442518e+00,2.181518331289291268e+01,1.425006103515625011e-01,8.400000000000000355e+00,3.200000000000000000e+05
2.831905993316211401e+00,3.308041545867919808e+01,1.064750120162963931e+01,8.400000000000000355e+00,0.000000000000000000e+00
2.831933852813281582e+00,3.321971294403076058e+01,1.064750120162963931e+01,8.400000000000000355e+00,3.200000000000000000e+05
2.845293144920891137e+00,2.195447889089584237e+01,1.425006103515625011e-01,8.400000000000000355e+00,0.000000000000000000e+00
2.845321004423921885e+00,2.209377640604972726e+01,1.425006103515625011e-01,8.400000000000000355e+00,3.200000000000000000e+05
2.858680296512627450e+00,3.335901042938232308e+01,1.064750120162963931e+01,8.400000000000000355e+00,0.000000000000000000e+00
2.858708155246758142e+00,3.349830410003661996e+01,1.064750120162963931e+01,8.400000000000000355e+00,3.200000000000000000e+05
2.872067446125623036e+00,2.223307198405265694e+01,1.425006103515625011e-01,8.400000000000000355e+00,0.000000000000000000e+00
2.872095305621203298e+00,2.237236946195363885e+01,1.425006103515625011e-01,8.400000000000000355e+00,3.200000000000000000e+05
2.885454596504794189e+00,3.363760158538818246e+01,1.064750120162963931e+01,8.400000000000000355e+00,0.000000000000000000e+00
2.885482456001864371e+00,3.377689907073974496e+01,1.064750120162963931e+01,8.400000000000000355e+00,3.200000000000000000e+05
2.898841748095295934e+00,2.251166503995656853e+01,1.425006103515625011e-01,8.400000000000000355e+00,0.000000000000000000e+00
2.898869607590876196e+00,2.265096251785755044e+01,1.425006103515625011e-01,8.400000000000000355e+00,3.200000000000000000e+05
2.912228899689033756e+00,3.391619655609130746e+01,1.064750120162963931e+01,8.400000000000000355e+00,0.000000000000000000e+00
2.912256758423164449e+00,3.405549022674560433e+01,1.064750120162963931e+01,8.400000000000000355e+00,3.200000000000000000e+05
2.925616049302029342e+00,2.279025811076164132e+01,1.425006103515625011e-01,8.400000000000000355e+00,0.000000000000000000e+00
2.925643908799099524e+00,2.292955559611320382e+01,1.425006103515625011e-01,8.400000000000000355e+00,3.200000000000000000e+05
2.939003199677964417e+00,3.419478771209716683e+01,1.064750120162963931e+01,8.400000000000000355e+00,0.000000000000000000e+00
2.939031059175034599e+00,3.433408519744872933e+01,1.064750120162963931e+01,8.400000000000000355e+00,3.200000000000000000e+05
2.952390351282644154e+00,2.306885114431381112e+01,1.425006103515625011e-01,8.400000000000000355e+00,0.000000000000000000e+00
2.952418210779714336e+00,2.320814862966537362e+01,1.425006103515625011e-01,8.400000000000000355e+00,3.200000000000000000e+05
2.965777502887323891e+00,3.447338268280029183e+01,1.064750120162963931e+01,8.400000000000000355e+00,0.000000000000000000e+00
2.965805361621454583e+00,3.461267635345458871e+01,1.064750120162963931e+01,8.400000000000000355e+00,3.200000000000000000e+05
2.979164652519223466e+00,2.334744420766830331e+01,1.425006103515625011e-01,8.400000000000000355e+00,0.000000000000000000e+00
2.979192512016293648e+00,2.348674169301986581e+01,1.425006103515625011e-01,8.400000000000000355e+00,3.200000000000000000e+05
2.992551802914062531e+00,3.475197383880615121e+01,1.064750120162963931e+01,8.400000000000000355e+00,0.000000000000000000e+00
2.992579662411132713e+00,3.489127132415771371e+01,1.064750120162963931e+01,8.400000000000000355e+00,3.200000000000000000e+05
3.005938954480934733e+00,2.362603733062744027e+01,1.425006103515625011e-01,8.400000000000000355e+00,0.000000000000000000e+00
3.005966813978004915e+00,2.376533481597900277e+01,1.425006103515625011e-01,8.400000000000000355e+00,3.200000000000000000e+05
3.019326106047806935e+00,3.503056880950927621e+01,1.064750120162963931e+01,8.400000000000000355e+00,0.000000000000000000e+00
3.019353964781937627e+00,3.516986248016357308e+01,1.064750120162963931e+01,8.400000000000000355e+00,3.200000000000000000e+05
3.032713255641898975e+00,2.390463039398193246e+01,1.425006103515625011e-01,8.400000000000000355e+00,0.000000000000000000e+00
3.032741115138969157e+00,2.404392787933349496e+01,1.425006103515625011e-01,8.400000000000000355e+00,3.200000000000000000e+05
3.046100405998930505e+00,3.530915996551513558e+01,1.064750120162963931e+01,8.400000000000000355e+00,0.000000000000000000e+00
3.046128265496000687e+00,3.544845745086669808e+01,1.064750120162963931e+01,8.400000000000000355e+00,3.200000000000000000e+05
3.059487557565802707e+00,2.418322345733642464e+01,1.425006103515625011e-01,8.400000000000000355e+00,0.000000000000000000e+00
3.059515416681403366e+00,2.432251903533935433e+01,1.425006103515625011e-01,8.400000000000000355e+00,3.200000000000000000e+05
3.072874709961046058e+00,3.558775493621826058e+01,1.064750120162963931e+01,8.400000000000000355e+00,0.000000000000000000e+00
3.072902568695176750e+00,3.572704860687255746e+01,1.064750120162963931e+01,8.400000000000000355e+00,3.200000000000000000e+05
3.086261859555138098e+00,2.446181652069091683e+01,1.425006103515625011e-01,8.400000000000000355e+00,0.000000000000000000e+00
3.086289718670738758e+00,2.460111209869384652e+01,1.425006103515625011e-01,8.400000000000000355e+00,3.200000000000000000e+05
3.099649010740540778e+00,3.586634609222411996e+01,1.064750120162963931e+01,8.400000000000000355e+00,0.000000000000000000e+00
3.099676870237610959e+00,3.600564357757568246e+01,1.064750120162963931e+01,8.400000000000000355e+00,3.200000000000000000e+05
3.113036162307412980e+00,2.474040958404540902e+01,1.425006103515625011e-01,8.400000000000000355e+00,0.000000000000000000e+00
3.113064021423013639e+00,2.487970516204833871e+01,1.425006103515625011e-01,8.400000000000000355e+00,3.200000000000000000e+05
3.126423314702656331e+00,3.614494106292724496e+01,1.064750120162963931e+01,8.400000000000000355e+00,0.000000000000000000e+00
3.126451173436787023e+00,3.628423473358154183e+01,1.064750120162963931e+01,8.400000000000000355e+00,3.200000000000000000e+05
3.139810464296748371e+00,2.501900264739990121e+01,1.425006103515625011e-01,8.400000000000000355e+00,0.000000000000000000e+00
3.139838323412349030e+00,2.515829822540283089e+01,1.425006103515625011e-01,8.400000000000000355e+00,3.200000000000000000e+05
3.153197615482151051e+00,3.642353221893310433e+01,1.064750120162963931e+01,8.400000000000000355e+00,0.000000000000000000e+00
3.153225474979221232e+00,3.656282970428466683e+01,1.064750120162963931e+01,8.400000000000000355e+00,3.200000000000000000e+05
3.166584767049023252e+00,2.529759571075439339e+01,1.425006103515625011e-01,8.400000000000000355e+00,0.000000000000000000e+00
3.166612626164623912e+00,2.543689128875732308e+01,1.425006103515625011e-01,8.400000000000000355e+00,3.200000000000000000e+05
3.179971919444266604e+00,3.670212718963622933e+01,1.064750120162963931e+01,8.400000000000000355e+00,0.000000000000000000e+00
3.179999778178397296e+00,3.684142086029052621e+01,1.064750120162963931e+01,8.400000000000000355e+00,3.200000000000000000e+05
3.193359069038358644e+00,2.557618877410888558e+01,1.425006103515625011e-01,8.400000000000000355e+00,0.000000000000000000e+00
3.193386928153959303e+00,2.571548435211181527e+01,1.425006103515625011e-01,8.400000000000000355e+00,3.200000000000000000e+05
3.206746220223761323e+00,3.698071834564208871e+01,1.064750120162963931e+01,8.400000000000000355e+00,0.000000000000000000e+00
3.206774079720831505e+00,3.712001583099365121e+01,1.064750120162963931e+01,8.400000000000000355e+00,3.200000000000000000e+05
3.220133371790633525e+00,2.585478183746337777e+01,1.425006103515625011e-01,8.400000000000000355e+00,0.000000000000000000e+00
3.220161230906234184e+00,2.599407741546630746e+01,1.425006103515625011e-01,8.400000000000000355e+00,3.200000000000000000e+05
3.233520524185876877e+00,3.725931331634521371e+01,1.064750120162963931e+01,8.400000000000000355e+00,0.000000000000000000e+00
3.233548382920007569e+00,3.739860698699951058e+01,1.064750120162963931e+01,8.400000000000000355e+00,3.200000000000000000e+05
3.246907673779968917e+00,2.613337490081786996e+01,1.425006103515625011e-01,8.400000000000000355e+00,0.000000000000000000e+00
3.246935532895569576e+00,2.627267047882079964e+01,1.425006103515625011e-01,8.400000000000000355e+00,3.200000000000000000e+05
3.260294824965371596e+00,3.753790447235107308e+01,1.064750120162963931e+01,8.400000000000000355e+00,0.000000000000000000e+00
3.260322684462441778e+00,3.767720195770263558e+01,1.064750120162963931e+01,8.400000000000000355e+00,3.200000000000000000e+05
3.273681976532243798e+00,2.641196796417236214e+01,1.425006103515625011e-01,8.400000000000000355e+00,0.000000000000000000e+00
3.273709835647844457e+00,2.655126354217529183e+01,1.425006103515625011e-01,8.400000000000000355e+00,3.200000000000000000e+05
3.287069128927487149e+00,3.781649944305419808e+01,1.064750120162963931e+01,8.400000000000000355e+00,0.000000000000000000e+00
3.287096987661617842e+00,3.795579311370849496e+01,1.064750120162963931e+01,8.400000000000000355e+00,3.200000000000000000e+05
3.300456278521579190e+00,2.669056102752685433e+01,1.425006103515625011e-01,8.400000000000000355e+00,0.000000000000000000e+00
3.300484137637179849e+00,2.682985660552978402e+01,1.425006103515625011e-01,8.400000000000000355e+00,3.200000000000000000e+05
3.313843429706981869e+00,3.809509059906005746e+01,1.064750120162963931e+01,8.400000000000000355e+00,0.000000000000000000e+00
3.313871289204052051e+00,3.823438808441161996e+01,1.064750120162963931e+01,8.400000000000000355e+00,3.200000000000000000e+05
3.327230581273854071e+00,2.696915409088134652e+01,1.425006103515625011e-01,8.400000000000000355e+00,0.000000000000000000e+00
3.327258440389454730e+00,2.710844966888427621e+01,1.425006103515625011e-01,8.400000000000000355e+00,3.200000000000000000e+05
3.340617733669097422e+00,3.837368556976318246e+01,1.064750120162963931e+01,8.400000000000000355e+00,0.000000000000000000e+00
3.340645592212493575e+00,3.851297828674316293e+01,1.064750120162963931e+01,8.400000000000000355e+00,3.200000000000000000e+05
3.354004882467534365e+00,2.724774715423583871e+01,1.425006103515625011e-01,8.400000000000000355e+00,0.000000000000000000e+00
3.354032741583135024e+00,2.738704273223876839e+01,1.425006103515625011e-01,8.400000000000000355e+00,3.200000000000000000e+05
3.367392033048016486e+00,3.865227577209472543e+01,1.064750120162963931e+01,8.400000000000000355e+00,0.000000000000000000e+00
3.367419892545086668e+00,3.879157325744628793e+01,1.064750120162963931e+01,8.400000000000000355e+00,3.200000000000000000e+05
3.380779184009968130e+00,2.752634021759033089e+01,1.425006103515625011e-01,8.400000000000000355e+00,0.000000000000000000e+00
3.380807043125568789e+00,2.766563579559326058e+01,1.425006103515625011e-01,8.400000000000000355e+00,3.200000000000000000e+05
3.394166335800291368e+00,3.893087074279785043e+01,1.064750120162963931e+01,8.400000000000000355e+00,0.000000000000000000e+00
3.394194194534422060e+00,3.907016441345214730e+01,1.064750120162963931e+01,8.400000000000000355e+00,3.200000000000000000e+05
3.407553484789462850e+00,2.780493328094482308e+01,1.425006103515625011e-01,8.400000000000000355e+00,0.000000000000000000e+00
3.407581343905063509e+00,2.794422885894775277e+01,1.425006103515625011e-01,8.400000000000000355e+00,3.200000000000000000e+05
3.420940635369944971e+00,3.920946189880370980e+01,1.064750120162963931e+01,8.400000000000000355e+00,0.000000000000000000e+00
3.420968494867015153e+00,3.934875938415527230e+01,1.064750120162963931e+01,8.400000000000000355e+00,3.200000000000000000e+05
3.434327786331896615e+00,2.808352634429931527e+01,1.425006103515625011e-01,8.400000000000000355e+00,0.000000000000000000e+00
3.434355645447497274e+00,2.822282192230224496e+01,1.425006103515625011e-01,8.400000000000000355e+00,3.200000000000000000e+05
3.447714935702538064e+00,3.948805305480956918e+01,1.064750120162963931e+01,8.400000000000000355e+00,0.000000000000000000e+00
3.447742795199608246e+00,3.962735054016113168e+01,1.064750120162963931e+01,8.400000000000000355e+00,3.200000000000000000e+05
3.461102085454649036e+00,2.836211940765380746e+01,1.425006103515625011e-01,8.400000000000000355e+00,0.000000000000000000e+00
3.461129944570249695e+00,2.850141498565673714e+01,1.425006103515625011e-01,8.400000000000000355e+00,3.200000000000000000e+05
3.474489236035131157e+00,3.976664802551269418e+01,1.064750120162963931e+01,8.400000000000000355e+00,0.000000000000000000e+00
3.474517095532201338e+00,3.990594551086425668e+01,1.064750120162963931e+01,8.400000000000000355e+00,3.200000000000000000e+05
3.487876386997082800e+00,2.864071247100829964e+01,1.425006103515625011e-01,8.400000000000000355e+00,0.000000000000000000e+00
3.487904246112683460e+00,2.878000804901122933e+01,1.425006103515625011e-01,8.400000000000000355e+00,3.200000000000000000e+05
3.501263536367724249e+00,4.004523918151855355e+01,1.064750120162963931e+01,8.400000000000000355e+00,0.000000000000000000e+00
3.501291395864794431e+00,4.018453666687011605e+01,1.064750120162963931e+01,8.400000000000000355e+00,3.200000000000000000e+05
3.514650686119835221e+00,2.891930553436279183e+01,1.425006103515625011e-01,8.400000000000000355e+00,0.000000000000000000e+00
3.514678545235435880e+00,2.905860111236572152e+01,1.425006103515625011e-01,8.400000000000000355e+00,3.200000000000000000e+05
3.528037836700317342e+00,4.032383415222167855e+01,1.064750120162963931e+01,8.400000000000000355e+00,0.000000000000000000e+00
3.528065696197387524e+00,4.046313163757324105e+01,1.064750120162963931e+01,8.400000000000000355e+00,3.200000000000000000e+05
3.541424987662268986e+00,2.919789859771728402e+01,1.425006103515625011e-01,8.400000000000000355e+00,0.000000000000000000e+00
3.541452846777869645e+00,2.933719417572021371e+01,1.425006103515625011e-01,8.400000000000000355e+00,3.200000000000000000e+05
3.554812137032910435e+00,4.060242530822753793e+01,1.064750120162963931e+01,8.400000000000000355e+00,0.000000000000000000e+00
3.554839996529980617e+00,4.074172279357910043e+01,1.064750120162963931e+01,8.400000000000000355e+00,3.200000000000000000e+05
3.568199286785021407e+00,2.947649166107177621e+01,1.425006103515625011e-01,8.400000000000000355e+00,0.000000000000000000e+00
3.568227145900622066e+00,2.961578723907470589e+01,1.425006103515625011e-01,8.400000000000000355e+00,3.200000000000000000e+05
3.581586437365503528e+00,4.088102027893066293e+01,1.064750120162963931e+01,8.400000000000000355e+00,0.000000000000000000e+00
3.581614296862573710e+00,4.102031776428222543e+01,1.064750120162963931e+01,8.400000000000000355e+00,3.200000000000000000e+05
3.594973588327455172e+00,2.975508472442626839e+01,1.425006103515625011e-01,8.400000000000000355e+00,0.000000000000000000e+00
3.595001447443055831e+00,2.989438030242919808e+01,1.425006103515625011e-01,8.400000000000000355e+00,3.200000000000000000e+05
3.608360737698096621e+00,4.115961143493652230e+01,1.064750120162963931e+01,8.400000000000000355e+00,0.000000000000000000e+00
3.608388597195166803e+00,4.129890892028808480e+01,1.064750120162963931e+01,8.400000000000000355e+00,3.200000000000000000e+05
3.621747887450207593e+00,3.003367778778076058e+01,1.425006103515625011e-01,8.400000000000000355e+00,0.000000000000000000e+00
3.621775746565808252e+00,3.017297336578369027e+01,1.425006103515625011e-01,8.400000000000000355e+00,3.200000000000000000e+05
3.635135038030689714e+00,4.143820640563964730e+01,1.064750120162963931e+01,8.400000000000000355e+00,0.000000000000000000e+00
3.635162897527759895e+00,4.157750389099120980e+01,1.064750120162963931e+01,8.400000000000000355e+00,3.200000000000000000e+05
3.648522188992641357e+00,3.031227085113525277e+01,1.425006103515625011e-01,8.400000000000000355e+00,0.000000000000000000e+00
3.648550048108242017e+00,3.045156642913818246e+01,1.425006103515625011e-01,8.400000000000000355e+00,3.200000000000000000e+05
3.661909338363282806e+00,4.171679756164550668e+01,1.064750120162963931e+01,8.400000000000000355e+00,0.000000000000000000e+00
3.661937197860352988e+00,4.185609504699706918e+01,1.064750120162963931e+01,8.400000000000000355e+00,3.200000000000000000e+05
3.675296488115393778e+00,3.059086391448974496e+01,1.425006103515625011e-01,8.400000000000000355e+00,0.000000000000000000e+00
3.675324347230994437e+00,3.073015949249267464e+01,1.425006103515625011e-01,8.400000000000000355e+00,3.200000000000000000e+05
3.688683638695875899e+00,4.199539253234863168e+01,1.064750120162963931e+01,8.400000000000000355e+00,0.000000000000000000e+00
3.688711498192946081e+00,4.213469001770019418e+01,1.064750120162963931e+01,8.400000000000000355e+00,3.200000000000000000e+05
3.702070789657827543e+00,3.086945697784423714e+01,1.425006103515625011e-01,8.400000000000000355e+00,0.000000000000000000e+00
3.702098648773428202e+00,3.100875255584716683e+01,1.425006103515625011e-01,8.400000000000000355e+00,3.200000000000000000e+05
3.715457939028468992e+00,4.227398368835449105e+01,1.064750120162963931e+01,8.400000000000000355e+00,0.000000000000000000e+00
3.715485798525539174e+00,4.241328117370605355e+01,1.064750120162963931e+01,8.400000000000000355e+00,3.200000000000000000e+05
3.728845088780579964e+00,3.114805004119872933e+01,1.425006103515625011e-01,8.400000000000000355e+00,0.000000000000000000e+00
3.728872947896180623e+00,3.128734561920165902e+01,1.425006103515625011e-01,8.400000000000000355e+00,3.200000000000000000e+05
3.742232239361062085e+00,4.255257865905761605e+01,1.064750120162963931e+01,8.400000000000000355e+00,0.000000000000000000e+00
3.742260098858132267e+00,4.269187614440917855e+01,1.064750120162963931e+01,8.400000000000000355e+00,3.200000000000000000e+05
3.755619390323013729e+00,3.142664310455322152e+01,1.425006103515625011e-01,8.400000000000000355e+00,0.000000000000000000e+00
3.755647249438614388e+00,3.156593868255615121e+01,1.425006103515625011e-01,8.400000000000000355e+00,3.200000000000000000e+05
3.769006539693655178e+00,4.283116981506347543e+01,1.064750120162963931e+01,8.400000000000000355e+00,0.000000000000000000e+00
3.769034399190725360e+00,4.297046730041503793e+01,1.064750120162963931e+01,8.400000000000000355e+00,3.200000000000000000e+05
3.782393689445766150e+00,3.170523616790771371e+01,1.425006103515625011e-01,8.400000000000000355e+00,0.000000000000000000e+00
3.782421548561366809e+00,3.184453174591064339e+01,1.425006103515625011e-01,8.400000000000000355e+00,3.200000000000000000e+05
3.795780840026248271e+00,4.310976478576660043e+01,1.064750120162963931e+01,8.400000000000000355e+00,0.000000000000000000e+00
3.795808699523318452e+00,4.324906227111816293e+01,1.064750120162963931e+01,8.400000000000000355e+00,3.200000000000000000e+05
3.809167990988199914e+00,3.198382923126220589e+01,1.425006103515625011e-01,8.400000000000000355e+00,0.000000000000000000e+00
3.809195850103800574e+00,3.212312480926513558e+01,1.425006103515625011e-01,8.400000000000000355e+00,3.200000000000000000e+05
3.822555140358841363e+00,4.338835594177245980e+01,1.064750120162963931e+01,8.400000000000000355e+00,0.000000000000000000e+00
3.822582999855911545e+00,4.352765342712402230e+01,1.064750120162963931e+01,8.400000000000000355e+00,3.200000000000000000e+05
3.835942290110952335e+00,3.226242229461669808e+01,1.425006103515625011e-01,8.400000000000000355e+00,0.000000000000000000e+00
3.835970149608022517e+00,3.240171977996826058e+01,1.425006103515625011e-01,8.400000000000000355e+00,3.200000000000000000e+05
3.849329439863063307e+00,4.366695091247558480e+01,1.064750120162963931e+01,8.400000000000000355e+00,0.000000000000000000e+00
3.849357299360133489e+00,4.380624839782714730e+01,1.064750120162963931e+01,8.400000000000000355e+00,3.200000000000000000e+05
3.862716592034856067e+00,3.254101345062255746e+01,1.425006103515625011e-01,8.400000000000000355e+00,0.000000000000000000e+00
3.862744451531926249e+00,3.268031093597411996e+01,1.425006103515625011e-01,8.400000000000000355e+00,3.200000000000000000e+05
3.876103741786967039e+00,4.394554206848144418e+01,1.064750120162963931e+01,8.400000000000000355e+00,0.000000000000000000e+00
3.876131601284037220e+00,4.408483955383300668e+01,1.064750120162963931e+01,8.400000000000000355e+00,3.200000000000000000e+05
3.889490891539078010e+00,3.281960842132568246e+01,1.425006103515625011e-01,8.400000000000000355e+00,0.000000000000000000e+00
3.889518751036148192e+00,3.295890590667724496e+01,1.425006103515625011e-01,8.400000000000000355e+00,3.200000000000000000e+05
3.902878041291188982e+00,4.422413703918456918e+01,1.064750120162963931e+01,8.400000000000000355e+00,0.000000000000000000e+00
3.902905900788259164e+00,4.436343452453613168e+01,1.064750120162963931e+01,8.400000000000000355e+00,3.200000000000000000e+05
3.916265193462981742e+00,3.309819957733154183e+01,1.425006103515625011e-01,8.400000000000000355e+00,0.000000000000000000e+00
3.916293052960051924e+00,3.323749706268310433e+01,1.425006103515625011e-01,8.400000000000000355e+00,3.200000000000000000e+05
3.929652343215092714e+00,4.450272819519042855e+01,1.064750120162963931e+01,8.400000000000000355e+00,0.000000000000000000e+00
3.929680202712162895e+00,4.464202568054199105e+01,1.064750120162963931e+01,8.400000000000000355e+00,3.200000000000000000e+05
3.943039492967203685e+00,3.337679454803466683e+01,1.425006103515625011e-01,8.400000000000000355e+00,0.000000000000000000e+00
3.943067352464273867e+00,3.351609203338622933e+01,1.425006103515625011e-01,8.400000000000000355e+00,3.200000000000000000e+05
3.956426642719314657e+00,4.478132316589355355e+01,1.064750120162963931e+01,8.400000000000000355e+00,0.000000000000000000e+00
3.956445646732850374e+00,4.484750053405761605e+01,1.057931491851806705e+01,8.400000000000000355e+00,3.200000000000000000e+05
3.969718226830271313e+00,3.365538570404052621e+01,1.425006103515625011e-01,8.400000000000000355e+00,0.000000000000000000e+00
3.969746086327341494e+00,3.379468318939208871e+01,1.425006103515625011e-01,8.400000000000000355e+00,3.200000000000000000e+05
3.982853475876346305e+00,4.484750053405761605e+01,1.044941875457763736e+01,8.400000000000000355e+00,0.000000000000000000e+00
3.982879455013767167e+00,4.484750053405761605e+01,1.031952306747436587e+01,8.400000000000000355e+00,3.200000000000000000e+05
3.995821654296404457e+00,3.393398067474365121e+01,1.425006103515625011e-01,8.400000000000000355e+00,0.000000000000000000e+00
3.995849513793474639e+00,3.407327816009521371e+01,1.425006103515625011e-01,8.400000000000000355e+00,3.200000000000000000e+05
4.008626522527695357e+00,4.484750053405761605e+01,1.018962690353393619e+01,8.400000000000000355e+00,0.000000000000000000e+00
4.008652501760483489e+00,4.484750053405761605e+01,1.005973073959350650e+01,8.400000000000000355e+00,3.200000000000000000e+05
4.021264322365969868e+00,3.421257183074951058e+01,1.425006103515625011e-01,8.400000000000000355e+00,0.000000000000000000e+00
4.021292181863040049e+00,3.435186931610107308e+01,1.425006103515625011e-01,8.400000000000000355e+00,3.200000000000000000e+05
4.033738811920110301e+00,4.484750053405761605e+01,9.929834575653076811e+00,8.400000000000000355e+00,0.000000000000000000e+00
4.033764791248265702e+00,4.484750053405761605e+01,9.799937934875488921e+00,8.400000000000000355e+00,3.200000000000000000e+05
4.046046230474870775e+00,3.449116680145263558e+01,1.425006103515625011e-01,8.400000000000000355e+00,0.000000000000000000e+00
4.046074089971940957e+00,3.463046428680419808e+01,1.425006103515625011e-01,8.400000000000000355e+00,3.200000000000000000e+05
4.058190339214227116e+00,4.484750053405761605e+01,9.670042724609375639e+00,8.400000000000000355e+00,0.000000000000000000e+00
4.058216318447015247e+00,4.484750053405761605e+01,9.540146560668945952e+00,8.400000000000000355e+00,3.200000000000000000e+05
4.070167379560567511e+00,3.476975795745849496e+01,1.425006103515625011e-01,8.400000000000000355e+00,0.000000000000000000e+00
4.070195239057637693e+00,3.490905544281005746e+01,1.425006103515625011e-01,8.400000000000000355e+00,3.200000000000000000e+05
4.081981109622772941e+00,4.484750053405761605e+01,9.410250396728516264e+00,8.400000000000000355e+00,0.000000000000000000e+00
4.082007088855561072e+00,4.484750053405761605e+01,9.280354232788086577e+00,8.400000000000000355e+00,3.200000000000000000e+05
4.093627768872280193e+00,3.504835292816161996e+01,1.425006103515625011e-01,8.400000000000000355e+00,0.000000000000000000e+00
4.093655628369350374e+00,3.518765041351318246e+01,1.425006103515625011e-01,8.400000000000000355e+00,3.200000000000000000e+05
4.105111117837653367e+00,4.484750053405761605e+01,9.150458068847656889e+00,8.400000000000000355e+00,0.000000000000000000e+00
4.105137097070441499e+00,4.484750053405761605e+01,9.020561904907227202e+00,8.400000000000000355e+00,3.200000000000000000e+05
4.116427398410010596e+00,3.532694408416747933e+01,1.425006103515625011e-01,8.400000000000000355e+00,0.000000000000000000e+00
4.116455257907080778e+00,3.546624156951904183e+01,1.425006103515625011e-01,8.400000000000000355e+00,3.200000000000000000e+05
4.127580368698232860e+00,4.484750053405761605e+01,8.890665740966797514e+00,8.400000000000000355e+00,0.000000000000000000e+00
4.127606347931020991e+00,4.484750053405761605e+01,8.760769577026367827e+00,8.400000000000000355e+00,3.200000000000000000e+05
4.138566268173756946e+00,3.560553905487060433e+01,1.425006103515625011e-01,8.400000000000000355e+00,0.000000000000000000e+00
4.138594127670827127e+00,3.574483654022216683e+01,1.425006103515625011e-01,8.400000000000000355e+00,3.200000000000000000e+05
4.149388857365146954e+00,4.484750053405761605e+01,8.630873413085938139e+00,8.400000000000000355e+00,0.000000000000000000e+00
4.149414836597935086e+00,4.484750053405761605e+01,8.500977249145508452e+00,8.400000000000000355e+00,3.200000000000000000e+05
4.160044378163521017e+00,3.588413021087646371e+01,1.425006103515625011e-01,8.400000000000000355e+00,0.000000000000000000e+00
4.160072237660591199e+00,3.602342769622802621e+01,1.425006103515625011e-01,8.400000000000000355e+00,3.200000000000000000e+05
4.170536588677760115e+00,4.484750053405761605e+01,8.371081085205078764e+00,8.400000000000000355e+00,0.000000000000000000e+00
4.170562567910548246e+00,4.484750053405761605e+01,8.241184921264649077e+00,8.400000000000000355e+00,3.200000000000000000e+05
4.180861728379301034e+00,3.616272518157958871e+01,1.425006103515625011e-01,8.400000000000000355e+00,0.000000000000000000e+00
4.180889587876371216e+00,3.630202266693115121e+01,1.425006103515625011e-01,8.400000000000000355e+00,3.200000000000000000e+05
4.191023557796707877e+00,4.484750053405761605e+01,8.111288757324219389e+00,8.400000000000000355e+00,0.000000000000000000e+00
4.191049537029496008e+00,4.484750053405761605e+01,7.981392593383788814e+00,8.400000000000000355e+00,3.200000000000000000e+05
4.201018318821098774e+00,3.644131633758544808e+01,1.425006103515625011e-01,8.400000000000000355e+00,0.000000000000000000e+00
4.201046178318168955e+00,3.658061382293701058e+01,1.425006103515625011e-01,8.400000000000000355e+00,3.200000000000000000e+05
4.210849769561354705e+00,4.484750053405761605e+01,7.851496429443359126e+00,8.400000000000000355e+00,0.000000000000000000e+00
4.210875748794142837e+00,4.484750053405761605e+01,7.721600265502929439e+00,8.400000000000000355e+00,3.200000000000000000e+05
4.220514149488912459e+00,3.671991130828857308e+01,1.425006103515625011e-01,8.400000000000000355e+00,0.000000000000000000e+00
4.220542008985982640e+00,3.685920879364013558e+01,1.425006103515625011e-01,8.400000000000000355e+00,3.200000000000000000e+05
4.230015219132336135e+00,4.484750053405761605e+01,7.591704101562499751e+00,8.400000000000000355e+00,0.000000000000000000e+00
4.230041198174389727e+00,4.484750053405761605e+01,7.461808891296386470e+00,8.400000000000000355e+00,3.200000000000000000e+05
4.239349220756106540e+00,3.699850246429443246e+01,1.425006103515625011e-01,8.400000000000000355e+00,0.000000000000000000e+00
4.239377080253176722e+00,3.713779994964599496e+01,1.425006103515625011e-01,8.400000000000000355e+00,3.200000000000000000e+05
4.248519912286477407e+00,4.484750053405761605e+01,7.331912727355956783e+00,8.400000000000000355e+00,0.000000000000000000e+00
4.248545891519265538e+00,4.484750053405761605e+01,7.202016563415527095e+00,8.400000000000000355e+00,3.200000000000000000e+05
4.257523533004150096e+00,3.727709743499755746e+01,1.425006103515625011e-01,8.400000000000000355e+00,0.000000000000000000e+00
4.257551392501220278e+00,3.741639492034911996e+01,1.425006103515625011e-01,8.400000000000000355e+00,3.200000000000000000e+05
4.266363843437688708e+00,4.484750053405761605e+01,7.072120399475097408e+00,8.400000000000000355e+00,0.000000000000000000e+00
4.266389822670476839e+00,4.484750053405761605e+01,6.942224235534667720e+00,8.400000000000000355e+00,3.200000000000000000e+05
4.275037085478210486e+00,3.755568859100341683e+01,1.425006103515625011e-01,8.400000000000000355e+00,0.000000000000000000e+00
4.275064944975280667e+00,3.769498607635497933e+01,1.425006103515625011e-01,8.400000000000000355e+00,3.200000000000000000e+05
4.283547017234598187e+00,4.484750053405761605e+01,6.812328071594238033e+00,8.400000000000000355e+00,0.000000000000000000e+00
4.283572996467386318e+00,4.484750053405761605e+01,6.682431907653808345e+00,8.400000000000000355e+00,3.200000000000000000e+05
4.291889878178287709e+00,3.783428356170654183e+01,1.425006103515625011e-01,8.400000000000000355e+00,0.000000000000000000e+00
4.291917737675357891e+00,3.797358104705810433e+01,1.425006103515625011e-01,8.400000000000000355e+00,3.200000000000000000e+05
4.300069428837843155e+00,4.484750053405761605e+01,6.552535743713378658e+00,8.400000000000000355e+00,0.000000000000000000e+00
4.300095408070631287e+00,4.484750053405761605e+01,6.422639579772948970e+00,8.400000000000000355e+00,3.200000000000000000e+05
4.308081911104381767e+00,3.811287471771240121e+01,1.425006103515625011e-01,8.400000000000000355e+00,0.000000000000000000e+00
4.308109770601451949e+00,3.825217220306396371e+01,1.425006103515625011e-01,8.400000000000000355e+00,3.200000000000000000e+05
4.315931083086786302e+00,4.484750053405761605e+01,6.292743415832519283e+00,8.400000000000000355e+00,0.000000000000000000e+00
4.315957062319574433e+00,4.484750053405761605e+01,6.162847251892089595e+00,8.400000000000000355e+00,3.200000000000000000e+05
4.323613184256492659e+00,3.839146968841552621e+01,1.425006103515625011e-01,8.400000000000000355e+00,0.000000000000000000e+00
4.323641043562828301e+00,3.853076622009277230e+01,1.425006103515625011e-01,8.400000000000000355e+00,3.200000000000000000e+05
4.331131975556250069e+00,4.484750053405761605e+01,6.032951087951659908e+00,8.400000000000000355e+00,0.000000000000000000e+00
4.331157954789038200e+00,4.484750053405761605e+01,5.903054924011230220e+00,8.400000000000000355e+00,3.200000000000000000e+05
4.338483698653726073e+00,3.867005989074706918e+01,1.425006103515625011e-01,8.400000000000000355e+00,0.000000000000000000e+00
4.338511558150796255e+00,3.880935737609863168e+01,1.425006103515625011e-01,8.400000000000000355e+00,3.200000000000000000e+05
4.345672111467068000e+00,4.484750053405761605e+01,5.773158760070800533e+00,8.400000000000000355e+00,0.000000000000000000e+00
4.345698090699856131e+00,4.484750053405761605e+01,5.643262596130370845e+00,8.400000000000000355e+00,3.200000000000000000e+05
4.352693453467710860e+00,3.894865486145019418e+01,1.425006103515625011e-01,8.400000000000000355e+00,0.000000000000000000e+00
4.352721312201841997e+00,3.908794853210449105e+01,1.425006103515625011e-01,8.400000000000000355e+00,3.200000000000000000e+05
4.359551486840962831e+00,4.484750053405761605e+01,5.513366432189941158e+00,8.400000000000000355e+00,0.000000000000000000e+00
4.359577465883016423e+00,4.484750053405761605e+01,5.383471221923827876e+00,8.400000000000000355e+00,3.200000000000000000e+05
4.366242450537818343e+00,3.922724601745605355e+01,1.425006103515625011e-01,8.400000000000000355e+00,0.000000000000000000e+00
4.366270310034888524e+00,3.936654350280761605e+01,1.425006103515625011e-01,8.400000000000000355e+00,3.200000000000000000e+05
4.372770104141274317e+00,4.484750053405761605e+01,5.253575057983398189e+00,8.400000000000000355e+00,0.000000000000000000e+00
4.372796083374062448e+00,4.484750053405761605e+01,5.123678894042968501e+00,8.400000000000000355e+00,3.200000000000000000e+05
4.379130686932032113e+00,3.950584098815917855e+01,1.425006103515625011e-01,8.400000000000000355e+00,0.000000000000000000e+00
4.379158545666163249e+00,3.964513465881347543e+01,1.425006103515625011e-01,8.400000000000000355e+00,3.200000000000000000e+05
4.385327961095398130e+00,4.484750053405761605e+01,4.993782730102538814e+00,8.400000000000000355e+00,0.000000000000000000e+00
4.385353940328186262e+00,4.484750053405761605e+01,4.863886566162109126e+00,8.400000000000000355e+00,3.200000000000000000e+05
4.391358165209005016e+00,3.978443214416503793e+01,1.425006103515625011e-01,8.400000000000000355e+00,0.000000000000000000e+00
4.391386024706075197e+00,3.992372962951660043e+01,1.425006103515625011e-01,8.400000000000000355e+00,3.200000000000000000e+05
4.397225059038477823e+00,4.484750053405761605e+01,4.733990402221679439e+00,8.400000000000000355e+00,0.000000000000000000e+00
4.397251038271265955e+00,4.484750053405761605e+01,4.604094238281249751e+00,8.400000000000000355e+00,3.200000000000000000e+05
4.402924882055252453e+00,4.006302711486816293e+01,1.425006103515625011e-01,8.400000000000000355e+00,0.000000000000000000e+00
4.402952740789383590e+00,4.020232078552245980e+01,1.425006103515625011e-01,8.400000000000000355e+00,3.200000000000000000e+05
4.408461396444635305e+00,4.484750053405761605e+01,4.474198074340820064e+00,8.400000000000000355e+00,0.000000000000000000e+00
4.408487375677423437e+00,4.484750053405761605e+01,4.344301910400390376e+00,8.400000000000000355e+00,3.200000000000000000e+05
4.413830840784259024e+00,4.034161827087402230e+01,1.425006103515625011e-01,8.400000000000000355e+00,0.000000000000000000e+00
4.413858700281329206e+00,4.048091575622558480e+01,1.425006103515625011e-01,8.400000000000000355e+00,3.200000000000000000e+05
4.419036974839748666e+00,4.484750053405761605e+01,4.214405746459960689e+00,8.400000000000000355e+00,0.000000000000000000e+00
4.419062954072536797e+00,4.484750053405761605e+01,4.084509582519531001e+00,8.400000000000000355e+00,3.200000000000000000e+05
4.424076038082540130e+00,4.062021324157714730e+01,1.425006103515625011e-01,8.400000000000000355e+00,0.000000000000000000e+00
4.424103896816671266e+00,4.075950691223144418e+01,1.425006103515625011e-01,8.400000000000000355e+00,3.200000000000000000e+05
4.428951792697939815e+00,4.484750053405761605e+01,3.954613418579101758e+00,8.400000000000000355e+00,0.000000000000000000e+00
4.428977771930727947e+00,4.484750053405761605e+01,3.824717254638672070e+00,8.400000000000000355e+00,3.200000000000000000e+05
4.433660477263580368e+00,4.089880439758300668e+01,1.425006103515625011e-01,8.400000000000000355e+00,0.000000000000000000e+00
4.433688336760650550e+00,4.103810188293456918e+01,1.425006103515625011e-01,8.400000000000000355e+00,3.200000000000000000e+05
4.438205851545086844e+00,4.484750053405761605e+01,3.694821090698242383e+00,8.400000000000000355e+00,0.000000000000000000e+00
4.438231830777874976e+00,4.484750053405761605e+01,3.564924926757812695e+00,8.400000000000000355e+00,3.200000000000000000e+05
4.442584155013895142e+00,4.117739936828613168e+01,1.425006103515625011e-01,8.400000000000000355e+00,0.000000000000000000e+00
4.442612013748026278e+00,4.131669303894042855e+01,1.425006103515625011e-01,8.400000000000000355e+00,3.200000000000000000e+05
4.446799149855311661e+00,4.484750053405761605e+01,3.435028762817383008e+00,8.400000000000000355e+00,0.000000000000000000e+00
4.446825129088099793e+00,4.484750053405761605e+01,3.305132598876953320e+00,8.400000000000000355e+00,3.200000000000000000e+05
4.450847074646969048e+00,4.145599052429199105e+01,1.425006103515625011e-01,8.400000000000000355e+00,0.000000000000000000e+00
4.450874934144039230e+00,4.159528800964355355e+01,1.425006103515625011e-01,8.400000000000000355e+00,3.200000000000000000e+05
4.454731689718589571e+00,4.484750053405761605e+01,3.175237388610840039e+00,8.400000000000000355e+00,0.000000000000000000e+00
4.454757668951377703e+00,4.484750053405761605e+01,3.045341224670410352e+00,8.400000000000000355e+00,3.200000000000000000e+05
4.458449233977511916e+00,4.173458549499511605e+01,1.425006103515625011e-01,8.400000000000000355e+00,0.000000000000000000e+00
4.458477092711643053e+00,4.187387916564941293e+01,1.425006103515625011e-01,8.400000000000000355e+00,3.200000000000000000e+05
4.462003469609042483e+00,4.484750053405761605e+01,2.915445060729980664e+00,8.400000000000000355e+00,0.000000000000000000e+00
4.462029448841830614e+00,4.484750053405761605e+01,2.785548896789550977e+00,8.400000000000000355e+00,3.200000000000000000e+05
4.465390635190813917e+00,4.201317665100097543e+01,1.425006103515625011e-01,8.400000000000000355e+00,0.000000000000000000e+00
4.465418494687884099e+00,4.215247413635253793e+01,1.425006103515625011e-01,8.400000000000000355e+00,3.200000000000000000e+05
4.468614490488451274e+00,4.484750053405761605e+01,2.655652732849121289e+00,8.400000000000000355e+00,0.000000000000000000e+00
4.468640469721239405e+00,4.484750053405761605e+01,2.525756568908691602e+00,8.400000000000000355e+00,3.200000000000000000e+05
4.471671274973390453e+00,4.229177162170410043e+01,1.425006103515625011e-01,8.400000000000000355e+00,0.000000000000000000e+00
4.471699133707521590e+00,4.243106529235839730e+01,1.425006103515625011e-01,8.400000000000000355e+00,3.200000000000000000e+05
4.474564750830938742e+00,4.484750053405761605e+01,2.395860404968261914e+00,8.400000000000000355e+00,0.000000000000000000e+00
4.474590730063726873e+00,4.484750053405761605e+01,2.265964241027832227e+00,8.400000000000000355e+00,3.200000000000000000e+05
4.477291156638727010e+00,4.257036277770995980e+01,1.425006103515625011e-01,8.400000000000000355e+00,0.000000000000000000e+00
4.477319016135797192e+00,4.270966026306152230e+01,1.425006103515625011e-01,8.400000000000000355e+00,3.200000000000000000e+05
4.479854252162381201e+00,4.484750053405761605e+01,2.136068077087402539e+00,8.400000000000000355e+00,0.000000000000000000e+00
4.479880231395169332e+00,4.484750053405761605e+01,2.006171913146972852e+00,8.400000000000000355e+00,3.200000000000000000e+05
4.482250276873337214e+00,4.284895774841308480e+01,1.425006103515625011e-01,8.400000000000000355e+00,0.000000000000000000e+00
4.482278135607468350e+00,4.298825141906738168e+01,1.425006103515625011e-01,8.400000000000000355e+00,3.200000000000000000e+05
4.484482993520999550e+00,4.484750053405761605e+01,1.876276702880859348e+00,8.400000000000000355e+00,0.000000000000000000e+00
4.484508972753787681e+00,4.484750053405761605e+01,1.746380538940429661e+00,8.400000000000000355e+00,3.200000000000000000e+05
4.486548640118901865e+00,4.312754890441894418e+01,1.425006103515625011e-01,8.400000000000000355e+00,0.000000000000000000e+00
4.486576499615972047e+00,4.326684638977050668e+01,1.425006103515625011e-01,8.400000000000000355e+00,3.200000000000000000e+05
4.488450976432670103e+00,4.484750053405761605e+01,1.616484374999999973e+00,8.400000000000000355e+00,0.000000000000000000e+00
4.488476955665458235e+00,4.484750053405761605e+01,1.486588211059570286e+00,8.400000000000000355e+00,3.200000000000000000e+05
4.490186241933740163e+00,4.340614387512206918e+01,1.425006103515625011e-01,8.400000000000000355e+00,0.000000000000000000e+00
4.490214100667871300e+00,4.354543754577636605e+01,1.425006103515625011e-01,8.400000000000000355e+00,3.200000000000000000e+05
4.491758198807419333e+00,4.484750053405761605e+01,1.356692047119140598e+00,8.400000000000000355e+00,0.000000000000000000e+00
4.491784178040207465e+00,4.484750053405761605e+01,1.226795883178710911e+00,8.400000000000000355e+00,3.200000000000000000e+05
4.493163085631338483e+00,4.368473503112792855e+01,1.425006103515625011e-01,8.400000000000000355e+00,0.000000000000000000e+00
4.493190945128408664e+00,4.382403251647949105e+01,1.425006103515625011e-01,8.400000000000000355e+00,3.200000000000000000e+05
4.494404662171123555e+00,4.484750053405761605e+01,1.096899719238281223e+00,8.400000000000000355e+00,0.000000000000000000e+00
4.494430641403911686e+00,4.484750053405761605e+01,9.670035552978515359e-01,8.400000000000000355e+00,3.200000000000000000e+05
4.495479167898210449e+00,4.396333000183105355e+01,1.425006103515625011e-01,8.400000000000000355e+00,0.000000000000000000e+00
4.495507026632341585e+00,4.410262367248535043e+01,1.425006103515625011e-01,8.400000000000000355e+00,3.200000000000000000e+05
4.496390364997907341e+00,4.484750053405761605e+01,8.371073913574218484e-01,8.400000000000000355e+00,0.000000000000000000e+00
4.496416344230695472e+00,4.484750053405761605e+01,7.072112274169921609e-01,8.400000000000000355e+00,3.200000000000000000e+05
4.497134492047844212e+00,4.424192115783691293e+01,1.425006103515625011e-01,8.400000000000000355e+00,0.000000000000000000e+00
4.497162351544914394e+00,4.438121864318847543e+01,1.425006103515625011e-01,8.400000000000000355e+00,3.200000000000000000e+05
4.497715308813646118e+00,4.484750053405761605e+01,5.773150634765624734e-01,8.400000000000000355e+00,0.000000000000000000e+00
4.497741288046434249e+00,4.484750053405761605e+01,4.474188995361327859e-01,8.400000000000000355e+00,3.200000000000000000e+05
4.498129054766749846e+00,4.452051612854003793e+01,1.425006103515625011e-01,8.400000000000000355e+00,0.000000000000000000e+00
4.498156913500880982e+00,4.465980979919433480e+01,1.425006103515625011e-01,8.400000000000000355e+00,3.200000000000000000e+05
4.498379492092467125e+00,4.484750053405761605e+01,3.175227355957030984e-01,8.400000000000000355e+00,0.000000000000000000e+00
4.498405471325255256e+00,4.484750053405761605e+01,1.876265716552734386e-01,8.400000000000000355e+00,3.200000000000000000e+05
4.498462859368427935e+00,4.479910728454589730e+01,1.425006103515625011e-01,8.400000000000000355e+00,0.000000000000000000e+00
4.538250862725200285e+00,1.424987030029296886e-01,1.064750120162963931e+01,8.400000000000000355e+00,3.200000000000000000e+05
4.547361877982162959e+00,1.424987030029296886e-01,1.425006103515625011e-01,8.400000000000000355e+00,3.200000000000000000e+05
4.586134646265818127e+00,4.484750053405761605e+01,1.425006103515625011e-01,8.400000000000000355e+00,3.200000000000000000e+05
4.595245661522780800e+00,4.484750053405761605e+01,1.064750120162963931e+01,8.400000000000000355e+00,3.200000000000000000e+05
4.604186661888991949e+00,1.424987030029296886e-01,1.064750120162963931e+01,8.400000000000000355e+00,0.000000000000000000e+00
4.643000647788628754e+00,4.489499923706054574e+01,1.069500133514404361e+01,8.400000000000000355e+00,3.200000000000000000e+05
4.652194057446169317e+00,4.489499923706054574e+01,9.500000000000000111e-02,8.400000000000000355e+00,3.200000000000000000e+05
4.691049217235467417e+00,9.500000000000000111e-02,9.500000000000000111e-02,8.400000000000000355e+00,3.200000000000000000e+05
4.700242626893007980e+00,9.500000000000000111e-02,1.069500133514404361e+01,8.400000000000000355e+00,3.200000000000000000e+05
4.709202626740419895e+00,4.489499923706054574e+01,1.069500133514404361e+01,8.400000000000000355e+00,0.000000000000000000e+00
